norm_code	table_code	table_name	division	unit	norm_name
06-01-001-01	06-01-001	Устройство бетонной подготовки и фундаментов общего назначения	ФУНДАМЕНТЫ	100 м3	Устройство бетонной подготовки
06-01-001-13	06-01-001	Устройство бетонной подготовки и фундаментов общего назначения	ФУНДАМЕНТЫ	100 м3	Устройство фундаментов-столбов: бетонных
06-01-001-14	06-01-001	Устройство бетонной подготовки и фундаментов общего назначения	ФУНДАМЕНТЫ	100 м3	Устройство фундаментов-столбов: бутобетонных
06-01-001-21	06-01-001	Устройство бетонной подготовки и фундаментов общего назначения	ФУНДАМЕНТЫ	100 м3	Устройство ленточных фундаментов: бутобетонных
06-01-005-01	06-01-005	Устройство фундаментов общего назначения	ФУНДАМЕНТЫ	100 м3	Устройство бетонных фундаментов общего назначения объемом: до 5 м3
06-01-005-02	06-01-005	Устройство фундаментов общего назначения	ФУНДАМЕНТЫ	100 м3	Устройство бетонных фундаментов общего назначения объемом: свыше 5 до 25 м3
06-01-005-03	06-01-005	Устройство фундаментов общего назначения	ФУНДАМЕНТЫ	100 м3	Устройство бетонных фундаментов общего назначения объемом: свыше 25 м3
06-01-005-04	06-01-005	Устройство фундаментов общего назначения	ФУНДАМЕНТЫ	100 м3	Устройство железобетонных фундаментов общего назначения объемом: до 5 м3
06-01-005-05	06-01-005	Устройство фундаментов общего назначения	ФУНДАМЕНТЫ	100 м3	Устройство железобетонных фундаментов общего назначения объемом: свыше 5 до 25 м3
06-01-005-06	06-01-005	Устройство фундаментов общего назначения	ФУНДАМЕНТЫ	100 м3	Устройство железобетонных фундаментов общего назначения объемом: свыше 25 м3
06-01-005-07	06-01-005	Устройство фундаментов общего назначения	ФУНДАМЕНТЫ	100 м3	Дополнительные затраты на устройство: колодцев для анкерных болтов
06-01-005-08	06-01-005	Устройство фундаментов общего назначения	ФУНДАМЕНТЫ	100 м3	Дополнительные затраты на устройство: сложных фундаментов
06-03-001-01	06-03-001	Устройство опалубки (снизу) и поддерживающих ее конструкций для высоких ростверков	ПРОЧИЕ РАБОТЫ	100 м2	Устройство опалубки (снизу) и поддерживающих ее конструкций для высоких ростверков
06-03-002-01	06-03-002	Устройство подливки	ПРОЧИЕ РАБОТЫ	100 м2	Устройство подливки толщиной 20 мм
06-03-002-02	06-03-002	Устройство подливки	ПРОЧИЕ РАБОТЫ	100 м2	На каждые 10 мм изменения толщины добавлять или исключать к норме 06-03-002-01
06-03-003-01	06-03-003	Укладка бетона по перекрытиям	ПРОЧИЕ РАБОТЫ	100 м2	Укладка бетона по перекрытиям толщиной 100 мм
06-03-003-02	06-03-003	Укладка бетона по перекрытиям	ПРОЧИЕ РАБОТЫ	100 м2	На каждые 10 мм изменения толщины добавлять или исключать к норме 06-03-003-01
06-03-004-01	06-03-004	Установка анкерных болтов	ПРОЧИЕ РАБОТЫ	т	Установка анкерных болтов: в готовые гнезда с заделкой длиной до 1 м
06-03-004-02	06-03-004	Установка анкерных болтов	ПРОЧИЕ РАБОТЫ	т	Установка анкерных болтов: в готовые гнезда с заделкой длиной свыше 1 м
06-03-004-03	06-03-004	Установка анкерных болтов	ПРОЧИЕ РАБОТЫ	т	Установка анкерных болтов: при бетонировании со связями из арматуры
06-03-004-04	06-03-004	Установка анкерных болтов	ПРОЧИЕ РАБОТЫ	т	Установка анкерных болтов: при бетонировании на поддерживающие конструкции
06-03-004-05	06-03-004	Установка анкерных болтов	ПРОЧИЕ РАБОТЫ	т	Установка анкерных болтов: при бетонировании в виде сваренных каркасов
06-03-004-06	06-03-004	Установка анкерных болтов	ПРОЧИЕ РАБОТЫ	100 шт	Установка анкерных болтов: механических с контролем момента затяжки
06-03-004-07	06-03-004	Установка анкерных болтов	ПРОЧИЕ РАБОТЫ	100 шт	Установка анкерных болтов: химических клеевых
06-03-004-08	06-03-004	Установка анкерных болтов	ПРОЧИЕ РАБОТЫ	100 шт	Установка анкерных болтов: химических анкер-капсул, диаметр отверстия до 18 мм
06-03-004-09	06-03-004	Установка анкерных болтов	ПРОЧИЕ РАБОТЫ	100 шт	Установка анкерных болтов: химических анкер-капсул, диаметр отверстия свыше 18 до 30 мм
06-03-004-10	06-03-004	Установка анкерных болтов	ПРОЧИЕ РАБОТЫ	т	Установка стальных конструкций, остающихся в теле бетона
06-03-004-11	06-03-004	Установка анкерных болтов	ПРОЧИЕ РАБОТЫ	т	Установка закладных деталей весом: до 4 кг
06-03-004-12	06-03-004	Установка анкерных болтов	ПРОЧИЕ РАБОТЫ	т	Установка закладных деталей весом: свыше 4 до 20 кг
06-03-004-13	06-03-004	Установка анкерных болтов	ПРОЧИЕ РАБОТЫ	т	Установка закладных деталей весом: свыше 20 кг
06-03-004-14	06-03-004	Установка анкерных болтов	ПРОЧИЕ РАБОТЫ	т	Армирование подстилающих слоев и набетонок
06-03-005-01	06-03-005	Сварка арматуры ванным способом	ПРОЧИЕ РАБОТЫ	100 шт	Сварка арматуры ванным способом при диаметре арматуры: до 25 мм
06-03-005-02	06-03-005	Сварка арматуры ванным способом	ПРОЧИЕ РАБОТЫ	100 шт	Сварка арматуры ванным способом при диаметре арматуры: до 32 мм
06-03-005-03	06-03-005	Сварка арматуры ванным способом	ПРОЧИЕ РАБОТЫ	100 шт	Сварка арматуры ванным способом при диаметре арматуры: до 40 мм
06-03-006-01	06-03-006	Технологический электропрогрев бетона	ПРОЧИЕ РАБОТЫ	м3	Технологический электропрогрев бетона
06-03-007-01	06-03-007	Устройство деформационного осадочного шва фундаментов под оборудование с заполнением битумом	ПРОЧИЕ РАБОТЫ	100 м	Устройство деформационного осадочного шва фундаментов под оборудование с заполнением битумом при толщине шва 25 мм, глубине 20 см
06-03-008-01	06-03-008	Канатная алмазная резка монолитных железобетонных конструкций	ПРОЧИЕ РАБОТЫ	м2 поверхности резки	Канатная алмазная резка монолитных железобетонных конструкций
06-03-009-01	06-03-009	Установка арматурных изделий при сооружении композитобетонных конструкций	ПРОЧИЕ РАБОТЫ	т	Установка стержневой композитной арматуры в опалубку монолитной ж/б обоймы трубы водостока диаметром: 8 мм
06-03-009-02	06-03-009	Установка арматурных изделий при сооружении композитобетонных конструкций	ПРОЧИЕ РАБОТЫ	т	Установка стержневой композитной арматуры в опалубку монолитной ж/б обоймы трубы водостока диаметром: 10 мм
06-03-009-03	06-03-009	Установка арматурных изделий при сооружении композитобетонных конструкций	ПРОЧИЕ РАБОТЫ	т	Установка стержневой композитной арматуры в опалубку монолитной ж/б обоймы трубы водостока диаметром: 12 мм
06-03-009-04	06-03-009	Установка арматурных изделий при сооружении композитобетонных конструкций	ПРОЧИЕ РАБОТЫ	т	Раскладка и вязка композитной арматуры отдельными стержнями при армировании фундаментных плит диаметром: 18 мм
06-03-009-05	06-03-009	Установка арматурных изделий при сооружении композитобетонных конструкций	ПРОЧИЕ РАБОТЫ	т	Раскладка и вязка композитной арматуры отдельными стержнями при армировании фундаментных плит диаметром: 20 мм
06-03-009-06	06-03-009	Установка арматурных изделий при сооружении композитобетонных конструкций	ПРОЧИЕ РАБОТЫ	т	Раскладка и вязка композитной арматуры отдельными стержнями при армировании фундаментных плит диаметром: 22 мм
06-03-009-07	06-03-009	Установка арматурных изделий при сооружении композитобетонных конструкций	ПРОЧИЕ РАБОТЫ	т	Изготовление пространственного каркаса из отдельных стержней композитной арматуры диаметром до 16 мм
06-03-009-08	06-03-009	Установка арматурных изделий при сооружении композитобетонных конструкций	ПРОЧИЕ РАБОТЫ	т	Раскладка и вязка композитной арматуры отдельными стержнями при армировании цементобетонного основания дорожного полотна
06-03-010-01	06-03-010	Изготовление арматурных пространственных каркасов в построечных условиях	ПРОЧИЕ РАБОТЫ	т	Изготовление арматурных пространственных каркасов в построечных условиях, диаметром: 6 мм
06-03-010-02	06-03-010	Изготовление арматурных пространственных каркасов в построечных условиях	ПРОЧИЕ РАБОТЫ	т	Изготовление арматурных пространственных каркасов в построечных условиях, диаметром: 8 мм
06-03-010-03	06-03-010	Изготовление арматурных пространственных каркасов в построечных условиях	ПРОЧИЕ РАБОТЫ	т	Изготовление арматурных пространственных каркасов в построечных условиях, диаметром: 10 мм
06-03-010-04	06-03-010	Изготовление арматурных пространственных каркасов в построечных условиях	ПРОЧИЕ РАБОТЫ	т	Изготовление арматурных пространственных каркасов в построечных условиях, диаметром: 12 мм
06-03-010-05	06-03-010	Изготовление арматурных пространственных каркасов в построечных условиях	ПРОЧИЕ РАБОТЫ	т	Изготовление арматурных пространственных каркасов в построечных условиях, диаметром: 14 мм
06-03-010-06	06-03-010	Изготовление арматурных пространственных каркасов в построечных условиях	ПРОЧИЕ РАБОТЫ	т	Изготовление арматурных пространственных каркасов в построечных условиях, диаметром: 16 мм
06-03-010-07	06-03-010	Изготовление арматурных пространственных каркасов в построечных условиях	ПРОЧИЕ РАБОТЫ	т	Изготовление арматурных пространственных каркасов в построечных условиях, диаметром: 18 мм
06-03-010-08	06-03-010	Изготовление арматурных пространственных каркасов в построечных условиях	ПРОЧИЕ РАБОТЫ	т	Изготовление арматурных пространственных каркасов в построечных условиях, диаметром: 20 мм
06-03-010-09	06-03-010	Изготовление арматурных пространственных каркасов в построечных условиях	ПРОЧИЕ РАБОТЫ	т	Изготовление арматурных пространственных каркасов в построечных условиях, диаметром: 22 мм
06-03-010-10	06-03-010	Изготовление арматурных пространственных каркасов в построечных условиях	ПРОЧИЕ РАБОТЫ	т	Изготовление арматурных пространственных каркасов в построечных условиях, диаметром: 25 мм
06-03-010-11	06-03-010	Изготовление арматурных пространственных каркасов в построечных условиях	ПРОЧИЕ РАБОТЫ	т	Изготовление арматурных пространственных каркасов в построечных условиях, диаметром: 28 мм
06-03-010-12	06-03-010	Изготовление арматурных пространственных каркасов в построечных условиях	ПРОЧИЕ РАБОТЫ	т	Изготовление арматурных пространственных каркасов в построечных условиях, диаметром: 32 мм
06-03-010-13	06-03-010	Изготовление арматурных пространственных каркасов в построечных условиях	ПРОЧИЕ РАБОТЫ	т	Изготовление арматурных пространственных каркасов в построечных условиях, диаметром: 36 мм
06-03-010-14	06-03-010	Изготовление арматурных пространственных каркасов в построечных условиях	ПРОЧИЕ РАБОТЫ	т	Изготовление арматурных пространственных каркасов в построечных условиях, диаметром: 40 мм
06-03-011-01	06-03-011	Уход за бетоном	ПРОЧИЕ РАБОТЫ	100 м2	Уход за бетоном
06-03-012-01	06-03-012	Торкретирование бетонной поверхности	ПРОЧИЕ РАБОТЫ	100 м2	Торкретирование бетонной поверхности: стен при толщине покрытия 20 мм в 1 слой
06-03-012-02	06-03-012	Торкретирование бетонной поверхности	ПРОЧИЕ РАБОТЫ	100 м2	Торкретирование бетонной поверхности: стен при толщине покрытия 30 мм в 2 слоя по арматурной сетке
06-03-012-03	06-03-012	Торкретирование бетонной поверхности	ПРОЧИЕ РАБОТЫ	100 м2	Торкретирование бетонной поверхности: стен добавлять к нормам 06-03-012-01, 06-03-012-02 при нанесении последующего слоя толщиной 10 мм
06-03-012-04	06-03-012	Торкретирование бетонной поверхности	ПРОЧИЕ РАБОТЫ	100 м2	Торкретирование бетонной поверхности: стен добавлять или исключать к нормам 06-03-012-01, 06-03-012-02, 06-03-012-03 на каждые 5 мм изменения толщины слоя
06-03-012-05	06-03-012	Торкретирование бетонной поверхности	ПРОЧИЕ РАБОТЫ	100 м2	Торкретирование бетонной поверхности: потолков при толщине покрытия 15 мм в 1 слой
06-03-012-06	06-03-012	Торкретирование бетонной поверхности	ПРОЧИЕ РАБОТЫ	100 м2	Торкретирование бетонной поверхности: потолков при толщине покрытия 30 мм в 2 слоя по арматурной сетке
06-03-012-07	06-03-012	Торкретирование бетонной поверхности	ПРОЧИЕ РАБОТЫ	100 м2	Торкретирование бетонной поверхности: потолков добавлять к нормам 06-03-012-05, 06-03-012-06 при нанесении последующего слоя толщиной 10 мм
06-03-012-08	06-03-012	Торкретирование бетонной поверхности	ПРОЧИЕ РАБОТЫ	100 м2	Торкретирование бетонной поверхности: потолков добавлять или исключать к нормам 06-03-012-05, 06-03-012-06, 06-03-012-07 на каждые 5 мм изменения толщины слоя
06-03-013-01	06-03-013	Устройство закладной системы деформационных швов из профильных конструкций	ПРОЧИЕ РАБОТЫ	100 м	Устройство закладной системы деформационных швов из профильных конструкций: под пешеходные нагрузки до 0,2 МПа
06-03-013-02	06-03-013	Устройство закладной системы деформационных швов из профильных конструкций	ПРОЧИЕ РАБОТЫ	100 м	Устройство закладной системы деформационных швов из профильных конструкций: под нагрузку от автотранспорта до 3 МПа
06-03-014-01	06-03-014	Изготовление деревянных щитов разборно-переставной опалубки в построечных условиях	ПРОЧИЕ РАБОТЫ	10 м2	Изготовление деревянных щитов разборно-переставной опалубки в построечных условиях, площадь щитов: до 1 м2
06-03-014-02	06-03-014	Изготовление деревянных щитов разборно-переставной опалубки в построечных условиях	ПРОЧИЕ РАБОТЫ	10 м2	Изготовление деревянных щитов разборно-переставной опалубки в построечных условиях, площадь щитов: свыше 1 до 2 м2
06-03-014-03	06-03-014	Изготовление деревянных щитов разборно-переставной опалубки в построечных условиях	ПРОЧИЕ РАБОТЫ	10 м2	Изготовление деревянных щитов разборно-переставной опалубки в построечных условиях, площадь щитов: свыше 2 м2
06-03-016-01	06-03-016	Амортизация формообразующих элементов опалубки	ПРОЧИЕ РАБОТЫ	т	Амортизация формообразующих элементов мелкощитовой опалубки: из стали, опалубка первого класса
06-03-016-02	06-03-016	Амортизация формообразующих элементов опалубки	ПРОЧИЕ РАБОТЫ	т	Амортизация формообразующих элементов мелкощитовой опалубки: из стали, опалубка второго и третьего классов
06-03-016-05	06-03-016	Амортизация формообразующих элементов опалубки	ПРОЧИЕ РАБОТЫ	м3	Амортизация формообразующих элементов мелкощитовой опалубки: из фанеры для опалубки стен, колонн и фундаментов, опалубка первого класса
06-03-016-06	06-03-016	Амортизация формообразующих элементов опалубки	ПРОЧИЕ РАБОТЫ	м3	Амортизация формообразующих элементов мелкощитовой опалубки: из фанеры для опалубки стен, колонн и фундаментов, опалубка второго и третьего классов
06-03-016-07	06-03-016	Амортизация формообразующих элементов опалубки	ПРОЧИЕ РАБОТЫ	м3	Амортизация формообразующих элементов мелкощитовой опалубки: из фанеры для опалубки перекрытий, балок и ригелей, опалубка первого класса
06-03-016-08	06-03-016	Амортизация формообразующих элементов опалубки	ПРОЧИЕ РАБОТЫ	м3	Амортизация формообразующих элементов мелкощитовой опалубки: из фанеры для опалубки перекрытий, балок и ригелей, опалубка второго и третьего класса
06-03-016-09	06-03-016	Амортизация формообразующих элементов опалубки	ПРОЧИЕ РАБОТЫ	т	Амортизация формообразующих элементов крупнощитовой опалубки: из стали, опалубка первого класса
06-03-016-10	06-03-016	Амортизация формообразующих элементов опалубки	ПРОЧИЕ РАБОТЫ	т	Амортизация формообразующих элементов крупнощитовой опалубки: из стали, опалубка второго и третьего классов
06-03-016-13	06-03-016	Амортизация формообразующих элементов опалубки	ПРОЧИЕ РАБОТЫ	м3	Амортизация формообразующих элементов крупнощитовой опалубки: из фанеры для опалубки стен, колонн и фундаментов, опалубка первого класса
06-03-016-14	06-03-016	Амортизация формообразующих элементов опалубки	ПРОЧИЕ РАБОТЫ	м3	Амортизация формообразующих элементов крупнощитовой опалубки: из фанеры для опалубки стен, колонн и фундаментов, опалубка второго и третьего классов
06-03-016-15	06-03-016	Амортизация формообразующих элементов опалубки	ПРОЧИЕ РАБОТЫ	т	Амортизация формообразующих элементов блочной опалубки: опалубка первого класса
06-03-016-16	06-03-016	Амортизация формообразующих элементов опалубки	ПРОЧИЕ РАБОТЫ	т	Амортизация формообразующих элементов блочной опалубки: опалубка второго и третьего классов
06-03-017-01	06-03-017	Амортизация поддерживающих и несущих элементов опалубки	ПРОЧИЕ РАБОТЫ	т	Амортизация поддерживающих и несущих элементов мелкощитовой опалубки: из стали, опалубка первого класса
06-03-017-02	06-03-017	Амортизация поддерживающих и несущих элементов опалубки	ПРОЧИЕ РАБОТЫ	т	Амортизация поддерживающих и несущих элементов мелкощитовой опалубки: из стали, опалубка второго и третьего классов
06-03-017-03	06-03-017	Амортизация поддерживающих и несущих элементов опалубки	ПРОЧИЕ РАБОТЫ	т	Амортизация поддерживающих и несущих элементов мелкощитовой опалубки: из дерева, опалубка первого класса
06-03-017-04	06-03-017	Амортизация поддерживающих и несущих элементов опалубки	ПРОЧИЕ РАБОТЫ	т	Амортизация поддерживающих и несущих элементов мелкощитовой опалубки: из дерева, опалубка второго и третьего классов
06-03-017-05	06-03-017	Амортизация поддерживающих и несущих элементов опалубки	ПРОЧИЕ РАБОТЫ	т	Амортизация поддерживающих и несущих элементов крупнощитовой опалубки: из стали, опалубка первого класса
06-03-017-06	06-03-017	Амортизация поддерживающих и несущих элементов опалубки	ПРОЧИЕ РАБОТЫ	т	Амортизация поддерживающих и несущих элементов крупнощитовой опалубки: из стали, опалубка второго и третьего классов
06-03-017-07	06-03-017	Амортизация поддерживающих и несущих элементов опалубки	ПРОЧИЕ РАБОТЫ	т	Амортизация поддерживающих и несущих элементов крупнощитовой опалубки: из дерева, опалубка первого класса
06-03-017-08	06-03-017	Амортизация поддерживающих и несущих элементов опалубки	ПРОЧИЕ РАБОТЫ	т	Амортизация поддерживающих и несущих элементов крупнощитовой опалубки: из дерева, опалубка второго и третьего классов
06-03-017-09	06-03-017	Амортизация поддерживающих и несущих элементов опалубки	ПРОЧИЕ РАБОТЫ	т	Амортизация поддерживающих и несущих элементов блочной опалубки: опалубка первого класса
06-03-017-10	06-03-017	Амортизация поддерживающих и несущих элементов опалубки	ПРОЧИЕ РАБОТЫ	т	Амортизация поддерживающих и несущих элементов блочной опалубки: опалубка второго и третьего классов
06-03-018-01	06-03-018	Установка обжимных соединительных муфт для арматуры из отдельных стержней	ПРОЧИЕ РАБОТЫ	100 шт	Установка обжимных соединительных муфт для арматуры из отдельных стержней, диаметр стержней: до 22 мм
06-03-018-02	06-03-018	Установка обжимных соединительных муфт для арматуры из отдельных стержней	ПРОЧИЕ РАБОТЫ	100 шт	Установка обжимных соединительных муфт для арматуры из отдельных стержней, диаметр стержней: свыше 22 до 28 мм
06-03-018-03	06-03-018	Установка обжимных соединительных муфт для арматуры из отдельных стержней	ПРОЧИЕ РАБОТЫ	100 шт	Установка обжимных соединительных муфт для арматуры из отдельных стержней, диаметр стержней: 32 мм
06-03-018-04	06-03-018	Установка обжимных соединительных муфт для арматуры из отдельных стержней	ПРОЧИЕ РАБОТЫ	100 шт	Установка обжимных соединительных муфт для арматуры из отдельных стержней, диаметр стержней: 36 мм
06-03-018-05	06-03-018	Установка обжимных соединительных муфт для арматуры из отдельных стержней	ПРОЧИЕ РАБОТЫ	100 шт	Установка обжимных соединительных муфт для арматуры из отдельных стержней, диаметр стержней: 40 мм
06-03-019-01	06-03-019	Установка обжимных соединительных муфт для арматуры монолитных железобетонных конструкций с помощью 	ПРОЧИЕ РАБОТЫ	100 шт	Установка обжимных соединительных муфт для арматуры монолитных железобетонных конструкций с помощью автогидроподъемника, диаметр стержней: до 22 мм
06-03-019-02	06-03-019	Установка обжимных соединительных муфт для арматуры монолитных железобетонных конструкций с помощью 	ПРОЧИЕ РАБОТЫ	100 шт	Установка обжимных соединительных муфт для арматуры монолитных железобетонных конструкций с помощью автогидроподъемника, диаметр стержней: свыше 22 до 28 мм
06-03-019-03	06-03-019	Установка обжимных соединительных муфт для арматуры монолитных железобетонных конструкций с помощью 	ПРОЧИЕ РАБОТЫ	100 шт	Установка обжимных соединительных муфт для арматуры монолитных железобетонных конструкций с помощью автогидроподъемника, диаметр стержней: 32 мм
06-03-019-04	06-03-019	Установка обжимных соединительных муфт для арматуры монолитных железобетонных конструкций с помощью 	ПРОЧИЕ РАБОТЫ	100 шт	Установка обжимных соединительных муфт для арматуры монолитных железобетонных конструкций с помощью автогидроподъемника, диаметр стержней: 36 мм
06-03-019-05	06-03-019	Установка обжимных соединительных муфт для арматуры монолитных железобетонных конструкций с помощью 	ПРОЧИЕ РАБОТЫ	100 шт	Установка обжимных соединительных муфт для арматуры монолитных железобетонных конструкций с помощью автогидроподъемника, диаметр стержней: 40 мм
06-05-002-01	06-05-002	Устройство колонн гражданских зданий в металлической опалубке	КОЛОННЫ	100 м3	Устройство колонн гражданских зданий в металлической опалубке
06-07-001-09	06-07-001	Устройство балок, перемычек	БАЛКИ, ПОЯСА, ПЕРЕМЫЧКИ, РИГЕЛИ	100 м3	Устройство перемычек
06-07-002-01	06-07-002	Устройство поясов	БАЛКИ, ПОЯСА, ПЕРЕМЫЧКИ, РИГЕЛИ	100 м3	Устройство поясов: в опалубке
06-07-002-02	06-07-002	Устройство поясов	БАЛКИ, ПОЯСА, ПЕРЕМЫЧКИ, РИГЕЛИ	100 м3	Устройство поясов: без опалубки
06-07-003-01	06-07-003	Устройство засыпки фундаментных балок	БАЛКИ, ПОЯСА, ПЕРЕМЫЧКИ, РИГЕЛИ	100 м3	Устройство засыпки фундаментных балок: песком
06-07-003-02	06-07-003	Устройство засыпки фундаментных балок	БАЛКИ, ПОЯСА, ПЕРЕМЫЧКИ, РИГЕЛИ	100 м3	Устройство засыпки фундаментных балок: шлаком
06-07-004-01	06-07-004	Устройство ригелей гражданских зданий в металлической опалубке	БАЛКИ, ПОЯСА, ПЕРЕМЫЧКИ, РИГЕЛИ	100 м3	Устройство ригелей гражданских зданий в металлической опалубке
06-08-001-13	06-08-001	Устройство перекрытий	ПЕРЕКРЫТИЯ	100 м3	Устройство перекрытий каналов
06-12-001-01	06-12-001	Возведение стен в скользящей опалубке, устройство перекрытий элеваторов, мельниц	СООРУЖЕНИЯ, ВОЗВОДИМЫЕ В СКОЛЬЗЯЩЕЙ ОПАЛУБКЕ	100 м3	Возведение стен в скользящей опалубке с проемами площадью: до 5% в элеваторах, мельницах и других сооружениях для хранения и переработки зерна
06-12-001-02	06-12-001	Возведение стен в скользящей опалубке, устройство перекрытий элеваторов, мельниц	СООРУЖЕНИЯ, ВОЗВОДИМЫЕ В СКОЛЬЗЯЩЕЙ ОПАЛУБКЕ	100 м3	Возведение стен в скользящей опалубке с проемами площадью: более 5% в элеваторах, мельницах и других сооружениях для хранения и переработки зерна
06-12-001-03	06-12-001	Возведение стен в скользящей опалубке, устройство перекрытий элеваторов, мельниц	СООРУЖЕНИЯ, ВОЗВОДИМЫЕ В СКОЛЬЗЯЩЕЙ ОПАЛУБКЕ	100 м3	Устройство перекрытий в элеваторах, мельницах и других сооружениях для хранения и переработки зерна
06-12-001-04	06-12-001	Возведение стен в скользящей опалубке, устройство перекрытий элеваторов, мельниц	СООРУЖЕНИЯ, ВОЗВОДИМЫЕ В СКОЛЬЗЯЩЕЙ ОПАЛУБКЕ	100 м3	Заполнение откосов из легкого бетона с устройством стяжки и железнения в элеваторах, мельницах и других сооружениях для хранения и переработки зерна
06-12-004-01	06-12-004	Установка и разборка скользящей опалубки шахтных башенных копров	СООРУЖЕНИЯ, ВОЗВОДИМЫЕ В СКОЛЬЗЯЩЕЙ ОПАЛУБКЕ	100 м	Установка скользящей опалубки шахтных башенных копров высотой: до 70 м
06-12-004-02	06-12-004	Установка и разборка скользящей опалубки шахтных башенных копров	СООРУЖЕНИЯ, ВОЗВОДИМЫЕ В СКОЛЬЗЯЩЕЙ ОПАЛУБКЕ	100 м	Установка скользящей опалубки шахтных башенных копров высотой: более 70 м
06-12-004-03	06-12-004	Установка и разборка скользящей опалубки шахтных башенных копров	СООРУЖЕНИЯ, ВОЗВОДИМЫЕ В СКОЛЬЗЯЩЕЙ ОПАЛУБКЕ	100 м	Разборка скользящей опалубки шахтных башенных копров высотой: до 70 м
06-12-004-04	06-12-004	Установка и разборка скользящей опалубки шахтных башенных копров	СООРУЖЕНИЯ, ВОЗВОДИМЫЕ В СКОЛЬЗЯЩЕЙ ОПАЛУБКЕ	100 м	Разборка скользящей опалубки шахтных башенных копров высотой: более 70 м
06-12-005-01	06-12-005	Бетонирование стен шахтных башенных копров	СООРУЖЕНИЯ, ВОЗВОДИМЫЕ В СКОЛЬЗЯЩЕЙ ОПАЛУБКЕ	100 м3	Бетонирование стен шахтных башенных копров высотой: до 70 м
06-12-005-02	06-12-005	Бетонирование стен шахтных башенных копров	СООРУЖЕНИЯ, ВОЗВОДИМЫЕ В СКОЛЬЗЯЩЕЙ ОПАЛУБКЕ	100 м3	Бетонирование стен шахтных башенных копров высотой: более 70 м
06-12-006-01	06-12-006	Устройство стен и перегородок сооружений	СООРУЖЕНИЯ, ВОЗВОДИМЫЕ В СКОЛЬЗЯЩЕЙ ОПАЛУБКЕ	100 м3	Устройство прямоугольных стен и перегородок сооружений в горизонтально-скользящей опалубке при толщине стен: до 150 мм
06-12-006-02	06-12-006	Устройство стен и перегородок сооружений	СООРУЖЕНИЯ, ВОЗВОДИМЫЕ В СКОЛЬЗЯЩЕЙ ОПАЛУБКЕ	100 м3	Устройство прямоугольных стен и перегородок сооружений в горизонтально-скользящей опалубке при толщине стен: более 150 мм
06-12-006-03	06-12-006	Устройство стен и перегородок сооружений	СООРУЖЕНИЯ, ВОЗВОДИМЫЕ В СКОЛЬЗЯЩЕЙ ОПАЛУБКЕ	100 м3	Устройство круглых стен и перегородок сооружений в горизонтально-скользящей опалубке при толщине стен: до 200 мм
06-12-006-04	06-12-006	Устройство стен и перегородок сооружений	СООРУЖЕНИЯ, ВОЗВОДИМЫЕ В СКОЛЬЗЯЩЕЙ ОПАЛУБКЕ	100 м3	Устройство круглых стен и перегородок сооружений в горизонтально-скользящей опалубке при толщине стен: более 200 мм
06-12-006-05	06-12-006	Устройство стен и перегородок сооружений	СООРУЖЕНИЯ, ВОЗВОДИМЫЕ В СКОЛЬЗЯЩЕЙ ОПАЛУБКЕ	100 м3	Устройство подпорных стен в горизонтально-скользящей опалубке при толщине стен: до 250 мм
06-12-006-06	06-12-006	Устройство стен и перегородок сооружений	СООРУЖЕНИЯ, ВОЗВОДИМЫЕ В СКОЛЬЗЯЩЕЙ ОПАЛУБКЕ	100 м3	Устройство подпорных стен в горизонтально-скользящей опалубке при толщине стен: более 250 мм
06-13-001-01	06-13-001	Устройство стен и плоских днищ	СООРУЖЕНИЯ ВОДОПРОВОДА И КАНАЛИЗАЦИИ	100 м3	Устройство стен и плоских днищ при толщине: до 150 мм круглых сооружений
06-13-001-02	06-13-001	Устройство стен и плоских днищ	СООРУЖЕНИЯ ВОДОПРОВОДА И КАНАЛИЗАЦИИ	100 м3	Устройство стен и плоских днищ при толщине: более 150 мм круглых сооружений
06-13-001-03	06-13-001	Устройство стен и плоских днищ	СООРУЖЕНИЯ ВОДОПРОВОДА И КАНАЛИЗАЦИИ	100 м3	Устройство стен и плоских днищ при толщине: до 150 мм прямоугольных сооружений
06-13-001-04	06-13-001	Устройство стен и плоских днищ	СООРУЖЕНИЯ ВОДОПРОВОДА И КАНАЛИЗАЦИИ	100 м3	Устройство стен и плоских днищ при толщине: более 150 мм прямоугольных сооружений
06-13-001-05	06-13-001	Устройство стен и плоских днищ	СООРУЖЕНИЯ ВОДОПРОВОДА И КАНАЛИЗАЦИИ	100 м3	Устройство железобетонных конструкций отстойников, резервуаров и прочих сооружений при днищах бункерного типа
06-13-001-06	06-13-001	Устройство стен и плоских днищ	СООРУЖЕНИЯ ВОДОПРОВОДА И КАНАЛИЗАЦИИ	100 м3	Устройство: фильтров и осветлителей
06-13-001-07	06-13-001	Устройство стен и плоских днищ	СООРУЖЕНИЯ ВОДОПРОВОДА И КАНАЛИЗАЦИИ	100 м3	Устройство: песколовок круглых
06-13-001-08	06-13-001	Устройство стен и плоских днищ	СООРУЖЕНИЯ ВОДОПРОВОДА И КАНАЛИЗАЦИИ	100 м3	Устройство: песколовок прямоугольных
06-13-001-09	06-13-001	Устройство стен и плоских днищ	СООРУЖЕНИЯ ВОДОПРОВОДА И КАНАЛИЗАЦИИ	100 м3	Устройство: метантенков круглых
06-13-002-01	06-13-002	Строительство подземной части насосных станций	СООРУЖЕНИЯ ВОДОПРОВОДА И КАНАЛИЗАЦИИ	100 м3	Строительство подземной части насосных станций: при толщине днищ до 400 мм
06-13-002-02	06-13-002	Строительство подземной части насосных станций	СООРУЖЕНИЯ ВОДОПРОВОДА И КАНАЛИЗАЦИИ	100 м3	Строительство подземной части насосных станций: при толщине днищ более 400 мм
06-13-002-03	06-13-002	Строительство подземной части насосных станций	СООРУЖЕНИЯ ВОДОПРОВОДА И КАНАЛИЗАЦИИ	100 м3	Строительство подземной части насосных станций: стен круглых
06-13-002-04	06-13-002	Строительство подземной части насосных станций	СООРУЖЕНИЯ ВОДОПРОВОДА И КАНАЛИЗАЦИИ	100 м3	Строительство подземной части насосных станций: стен прямоугольных толщиной до 300 мм
06-13-002-05	06-13-002	Строительство подземной части насосных станций	СООРУЖЕНИЯ ВОДОПРОВОДА И КАНАЛИЗАЦИИ	100 м3	Строительство подземной части насосных станций: стен прямоугольных толщиной более 300 мм
06-13-003-01	06-13-003	Строительство отдельных конструкций емкостных сооружений	СООРУЖЕНИЯ ВОДОПРОВОДА И КАНАЛИЗАЦИИ	100 м3	Строительство отдельных конструкций емкостных сооружений, устройство: лотков в сооружениях
06-13-003-02	06-13-003	Строительство отдельных конструкций емкостных сооружений	СООРУЖЕНИЯ ВОДОПРОВОДА И КАНАЛИЗАЦИИ	100 м3	Строительство отдельных конструкций емкостных сооружений, устройство: лотков между сооружениями при толщине стен до 100 мм
06-13-003-03	06-13-003	Строительство отдельных конструкций емкостных сооружений	СООРУЖЕНИЯ ВОДОПРОВОДА И КАНАЛИЗАЦИИ	100 м3	Строительство отдельных конструкций емкостных сооружений, устройство: лотков между сооружениями при толщине стен более 100 мм
06-13-003-04	06-13-003	Строительство отдельных конструкций емкостных сооружений	СООРУЖЕНИЯ ВОДОПРОВОДА И КАНАЛИЗАЦИИ	100 м3	Строительство отдельных конструкций емкостных сооружений, устройство: угловых участков стен в емкостных сооружениях
06-13-003-05	06-13-003	Строительство отдельных конструкций емкостных сооружений	СООРУЖЕНИЯ ВОДОПРОВОДА И КАНАЛИЗАЦИИ	100 м3	Строительство отдельных конструкций емкостных сооружений, устройство: днищ при стенах из сборных железобетонных панелей плоских
06-13-003-06	06-13-003	Строительство отдельных конструкций емкостных сооружений	СООРУЖЕНИЯ ВОДОПРОВОДА И КАНАЛИЗАЦИИ	100 м3	Строительство отдельных конструкций емкостных сооружений, устройство: днищ при стенах из сборных железобетонных панелей бункерного типа круглых
06-13-003-07	06-13-003	Строительство отдельных конструкций емкостных сооружений	СООРУЖЕНИЯ ВОДОПРОВОДА И КАНАЛИЗАЦИИ	100 м3	Строительство отдельных конструкций емкостных сооружений, устройство: днищ при стенах из сборных железобетонных панелей бункерного типа прямоугольных
06-13-003-08	06-13-003	Строительство отдельных конструкций емкостных сооружений	СООРУЖЕНИЯ ВОДОПРОВОДА И КАНАЛИЗАЦИИ	100 м3	Строительство отдельных конструкций емкостных сооружений, устройство: бетонной подготовки под днище бункерного типа
06-13-003-09	06-13-003	Строительство отдельных конструкций емкостных сооружений	СООРУЖЕНИЯ ВОДОПРОВОДА И КАНАЛИЗАЦИИ	100 м3	Строительство отдельных конструкций емкостных сооружений, устройство: плоского железобетонного днища при стенах из сборных железобетонных панелей с опорной плитой
06-13-004-01	06-13-004	Устройство железобетонной обоймы на трубопроводе	СООРУЖЕНИЯ ВОДОПРОВОДА И КАНАЛИЗАЦИИ	100 м3	Устройство железобетонной обоймы на трубопроводе
06-14-001-01	06-14-001	Обработка поверхности емкостных сооружений	ВЫПОЛНЕНИЕ ПРОЧИХ РАБОТ В ЕМКОСТНЫХ СООРУЖЕНИЯХ	100 м2	Обработка поверхности пескоструйным аппаратом
06-14-001-02	06-14-001	Обработка поверхности емкостных сооружений	ВЫПОЛНЕНИЕ ПРОЧИХ РАБОТ В ЕМКОСТНЫХ СООРУЖЕНИЯХ	100 м2	Торкретирование поверхности при толщине слоя до 20 мм
06-14-001-03	06-14-001	Обработка поверхности емкостных сооружений	ВЫПОЛНЕНИЕ ПРОЧИХ РАБОТ В ЕМКОСТНЫХ СООРУЖЕНИЯХ	100 м2	На каждые 5 мм увеличения толщины слоя торкретирования добавлять к норме 06-14-001-02
06-14-001-04	06-14-001	Обработка поверхности емкостных сооружений	ВЫПОЛНЕНИЕ ПРОЧИХ РАБОТ В ЕМКОСТНЫХ СООРУЖЕНИЯХ	100 м2	Железнение поверхности
06-14-002-01	06-14-002	Устройство деформационных швов в емкостных сооружениях	ВЫПОЛНЕНИЕ ПРОЧИХ РАБОТ В ЕМКОСТНЫХ СООРУЖЕНИЯХ	100 м	Устройство деформационных швов в емкостных сооружениях с применением: резиновых прокладок
06-14-002-02	06-14-002	Устройство деформационных швов в емкостных сооружениях	ВЫПОЛНЕНИЕ ПРОЧИХ РАБОТ В ЕМКОСТНЫХ СООРУЖЕНИЯХ	100 м	Устройство деформационных швов в емкостных сооружениях с применением: стальных листов
06-14-002-03	06-14-002	Устройство деформационных швов в емкостных сооружениях	ВЫПОЛНЕНИЕ ПРОЧИХ РАБОТ В ЕМКОСТНЫХ СООРУЖЕНИЯХ	100 м	Устройство деформационных швов в емкостных сооружениях с применением: герметика
06-14-003-01	06-14-003	Навивка арматурной стали на стены емкостных сооружений	ВЫПОЛНЕНИЕ ПРОЧИХ РАБОТ В ЕМКОСТНЫХ СООРУЖЕНИЯХ	т	Навивка арматурной стали на стены емкостных сооружений
06-14-004-01	06-14-004	Загрузка фильтров в емкостных сооружениях	ВЫПОЛНЕНИЕ ПРОЧИХ РАБОТ В ЕМКОСТНЫХ СООРУЖЕНИЯХ	100 м3	Загрузка фильтров в емкостных сооружениях: песком
06-14-004-02	06-14-004	Загрузка фильтров в емкостных сооружениях	ВЫПОЛНЕНИЕ ПРОЧИХ РАБОТ В ЕМКОСТНЫХ СООРУЖЕНИЯХ	100 м3	Загрузка фильтров в емкостных сооружениях: гравием
06-14-004-03	06-14-004	Загрузка фильтров в емкостных сооружениях	ВЫПОЛНЕНИЕ ПРОЧИХ РАБОТ В ЕМКОСТНЫХ СООРУЖЕНИЯХ	100 м3	Загрузка фильтров в емкостных сооружениях: щебнем
06-14-004-04	06-14-004	Загрузка фильтров в емкостных сооружениях	ВЫПОЛНЕНИЕ ПРОЧИХ РАБОТ В ЕМКОСТНЫХ СООРУЖЕНИЯХ	100 м3	Загрузка фильтров в емкостных сооружениях: углем
06-14-005-01	06-14-005	Испытание и дезинфекция емкостей	ВЫПОЛНЕНИЕ ПРОЧИХ РАБОТ В ЕМКОСТНЫХ СООРУЖЕНИЯХ	100 м3	Испытание емкостей на водонепроницаемость
06-14-005-02	06-14-005	Испытание и дезинфекция емкостей	ВЫПОЛНЕНИЕ ПРОЧИХ РАБОТ В ЕМКОСТНЫХ СООРУЖЕНИЯХ	100 м3	Дезинфекция емкостей для питьевой воды
06-15-001-01	06-15-001	Приготовление тяжелого бетона	ПРИГОТОВЛЕНИЕ БЕТОНОВ И РАСТВОРОВ В ПОСТРОЕЧНЫХ УСЛОВИЯХ	100 м3	Приготовление тяжелого бетона: на гравии класса В 3,5 - В 5
06-15-001-02	06-15-001	Приготовление тяжелого бетона	ПРИГОТОВЛЕНИЕ БЕТОНОВ И РАСТВОРОВ В ПОСТРОЕЧНЫХ УСЛОВИЯХ	100 м3	Приготовление тяжелого бетона: на гравии класса В 7,5
06-15-001-03	06-15-001	Приготовление тяжелого бетона	ПРИГОТОВЛЕНИЕ БЕТОНОВ И РАСТВОРОВ В ПОСТРОЕЧНЫХ УСЛОВИЯХ	100 м3	Приготовление тяжелого бетона: на гравии класса В 10
06-15-001-04	06-15-001	Приготовление тяжелого бетона	ПРИГОТОВЛЕНИЕ БЕТОНОВ И РАСТВОРОВ В ПОСТРОЕЧНЫХ УСЛОВИЯХ	100 м3	Приготовление тяжелого бетона: на гравии класса В 15
06-15-001-05	06-15-001	Приготовление тяжелого бетона	ПРИГОТОВЛЕНИЕ БЕТОНОВ И РАСТВОРОВ В ПОСТРОЕЧНЫХ УСЛОВИЯХ	100 м3	Приготовление тяжелого бетона: на гравии класса В 20
06-15-001-06	06-15-001	Приготовление тяжелого бетона	ПРИГОТОВЛЕНИЕ БЕТОНОВ И РАСТВОРОВ В ПОСТРОЕЧНЫХ УСЛОВИЯХ	100 м3	Приготовление тяжелого бетона: на гравии класса В 25
06-15-001-07	06-15-001	Приготовление тяжелого бетона	ПРИГОТОВЛЕНИЕ БЕТОНОВ И РАСТВОРОВ В ПОСТРОЕЧНЫХ УСЛОВИЯХ	100 м3	Приготовление тяжелого бетона: на щебне класса В 3,5 - В 5
06-15-001-08	06-15-001	Приготовление тяжелого бетона	ПРИГОТОВЛЕНИЕ БЕТОНОВ И РАСТВОРОВ В ПОСТРОЕЧНЫХ УСЛОВИЯХ	100 м3	Приготовление тяжелого бетона: на щебне класса В 7,5
06-15-001-09	06-15-001	Приготовление тяжелого бетона	ПРИГОТОВЛЕНИЕ БЕТОНОВ И РАСТВОРОВ В ПОСТРОЕЧНЫХ УСЛОВИЯХ	100 м3	Приготовление тяжелого бетона: на щебне класса В 10
06-15-001-10	06-15-001	Приготовление тяжелого бетона	ПРИГОТОВЛЕНИЕ БЕТОНОВ И РАСТВОРОВ В ПОСТРОЕЧНЫХ УСЛОВИЯХ	100 м3	Приготовление тяжелого бетона: на щебне класса В 15
06-15-001-11	06-15-001	Приготовление тяжелого бетона	ПРИГОТОВЛЕНИЕ БЕТОНОВ И РАСТВОРОВ В ПОСТРОЕЧНЫХ УСЛОВИЯХ	100 м3	Приготовление тяжелого бетона: на щебне класса В 20
06-15-001-12	06-15-001	Приготовление тяжелого бетона	ПРИГОТОВЛЕНИЕ БЕТОНОВ И РАСТВОРОВ В ПОСТРОЕЧНЫХ УСЛОВИЯХ	100 м3	Приготовление тяжелого бетона: на щебне класса В 25
06-15-001-13	06-15-001	Приготовление тяжелого бетона	ПРИГОТОВЛЕНИЕ БЕТОНОВ И РАСТВОРОВ В ПОСТРОЕЧНЫХ УСЛОВИЯХ	100 м3	Приготовление тяжелого бетона: на щебне класса В 27,5
06-15-001-14	06-15-001	Приготовление тяжелого бетона	ПРИГОТОВЛЕНИЕ БЕТОНОВ И РАСТВОРОВ В ПОСТРОЕЧНЫХ УСЛОВИЯХ	100 м3	Приготовление тяжелого бетона: на щебне класса В 30
06-15-002-01	06-15-002	Приготовление легкого бетона	ПРИГОТОВЛЕНИЕ БЕТОНОВ И РАСТВОРОВ В ПОСТРОЕЧНЫХ УСЛОВИЯХ	100 м3	Приготовление легкого бетона: конструкционно-теплоизоляционного класса В 3,5
06-15-002-02	06-15-002	Приготовление легкого бетона	ПРИГОТОВЛЕНИЕ БЕТОНОВ И РАСТВОРОВ В ПОСТРОЕЧНЫХ УСЛОВИЯХ	100 м3	Приготовление легкого бетона: конструкционно-теплоизоляционного класса В 5
06-15-002-03	06-15-002	Приготовление легкого бетона	ПРИГОТОВЛЕНИЕ БЕТОНОВ И РАСТВОРОВ В ПОСТРОЕЧНЫХ УСЛОВИЯХ	100 м3	Приготовление легкого бетона: конструкционно-теплоизоляционного класса В 7,5
06-15-002-04	06-15-002	Приготовление легкого бетона	ПРИГОТОВЛЕНИЕ БЕТОНОВ И РАСТВОРОВ В ПОСТРОЕЧНЫХ УСЛОВИЯХ	100 м3	Приготовление легкого бетона: конструкционно-теплоизоляционного класса В 10
06-15-002-05	06-15-002	Приготовление легкого бетона	ПРИГОТОВЛЕНИЕ БЕТОНОВ И РАСТВОРОВ В ПОСТРОЕЧНЫХ УСЛОВИЯХ	100 м3	Приготовление легкого бетона: конструкционно-теплоизоляционного класса В 15
06-15-002-06	06-15-002	Приготовление легкого бетона	ПРИГОТОВЛЕНИЕ БЕТОНОВ И РАСТВОРОВ В ПОСТРОЕЧНЫХ УСЛОВИЯХ	100 м3	Приготовление легкого бетона: конструкционного класса В 20
06-15-002-07	06-15-002	Приготовление легкого бетона	ПРИГОТОВЛЕНИЕ БЕТОНОВ И РАСТВОРОВ В ПОСТРОЕЧНЫХ УСЛОВИЯХ	100 м3	Приготовление легкого бетона: конструкционного класса В 25
06-15-002-08	06-15-002	Приготовление легкого бетона	ПРИГОТОВЛЕНИЕ БЕТОНОВ И РАСТВОРОВ В ПОСТРОЕЧНЫХ УСЛОВИЯХ	100 м3	Приготовление легкого бетона: конструкционного класса В 27,5
06-15-002-09	06-15-002	Приготовление легкого бетона	ПРИГОТОВЛЕНИЕ БЕТОНОВ И РАСТВОРОВ В ПОСТРОЕЧНЫХ УСЛОВИЯХ	100 м3	Приготовление легкого бетона: конструкционного класса В 30
06-15-002-10	06-15-002	Приготовление легкого бетона	ПРИГОТОВЛЕНИЕ БЕТОНОВ И РАСТВОРОВ В ПОСТРОЕЧНЫХ УСЛОВИЯХ	100 м3	Приготовление легкого бетона: конструкционного класса В 35
06-15-002-11	06-15-002	Приготовление легкого бетона	ПРИГОТОВЛЕНИЕ БЕТОНОВ И РАСТВОРОВ В ПОСТРОЕЧНЫХ УСЛОВИЯХ	100 м3	Приготовление легкого бетона: конструкционного класса В 40
06-15-003-01	06-15-003	Приготовление тяжелых кладочных растворов	ПРИГОТОВЛЕНИЕ БЕТОНОВ И РАСТВОРОВ В ПОСТРОЕЧНЫХ УСЛОВИЯХ	100 м3	Приготовление тяжелых кладочных растворов: цементно-известковых марки 10
06-15-003-02	06-15-003	Приготовление тяжелых кладочных растворов	ПРИГОТОВЛЕНИЕ БЕТОНОВ И РАСТВОРОВ В ПОСТРОЕЧНЫХ УСЛОВИЯХ	100 м3	Приготовление тяжелых кладочных растворов: цементно-известковых марки 25
06-15-003-03	06-15-003	Приготовление тяжелых кладочных растворов	ПРИГОТОВЛЕНИЕ БЕТОНОВ И РАСТВОРОВ В ПОСТРОЕЧНЫХ УСЛОВИЯХ	100 м3	Приготовление тяжелых кладочных растворов: цементно-известковых марки 50
06-15-003-04	06-15-003	Приготовление тяжелых кладочных растворов	ПРИГОТОВЛЕНИЕ БЕТОНОВ И РАСТВОРОВ В ПОСТРОЕЧНЫХ УСЛОВИЯХ	100 м3	Приготовление тяжелых кладочных растворов: цементно-известковых марки 75
06-15-003-05	06-15-003	Приготовление тяжелых кладочных растворов	ПРИГОТОВЛЕНИЕ БЕТОНОВ И РАСТВОРОВ В ПОСТРОЕЧНЫХ УСЛОВИЯХ	100 м3	Приготовление тяжелых кладочных растворов: цементно-известковых марки 100
06-15-003-06	06-15-003	Приготовление тяжелых кладочных растворов	ПРИГОТОВЛЕНИЕ БЕТОНОВ И РАСТВОРОВ В ПОСТРОЕЧНЫХ УСЛОВИЯХ	100 м3	Приготовление тяжелых кладочных растворов: цементно-известковых марки 150
06-15-003-07	06-15-003	Приготовление тяжелых кладочных растворов	ПРИГОТОВЛЕНИЕ БЕТОНОВ И РАСТВОРОВ В ПОСТРОЕЧНЫХ УСЛОВИЯХ	100 м3	Приготовление тяжелых кладочных растворов: цементно-известковых марки 200
06-15-003-08	06-15-003	Приготовление тяжелых кладочных растворов	ПРИГОТОВЛЕНИЕ БЕТОНОВ И РАСТВОРОВ В ПОСТРОЕЧНЫХ УСЛОВИЯХ	100 м3	Приготовление тяжелых кладочных растворов: цементно-глиняных марки 10
06-15-003-09	06-15-003	Приготовление тяжелых кладочных растворов	ПРИГОТОВЛЕНИЕ БЕТОНОВ И РАСТВОРОВ В ПОСТРОЕЧНЫХ УСЛОВИЯХ	100 м3	Приготовление тяжелых кладочных растворов: цементно-глиняных марки 25
06-15-003-10	06-15-003	Приготовление тяжелых кладочных растворов	ПРИГОТОВЛЕНИЕ БЕТОНОВ И РАСТВОРОВ В ПОСТРОЕЧНЫХ УСЛОВИЯХ	100 м3	Приготовление тяжелых кладочных растворов: цементно-глиняных марки 50
06-15-003-11	06-15-003	Приготовление тяжелых кладочных растворов	ПРИГОТОВЛЕНИЕ БЕТОНОВ И РАСТВОРОВ В ПОСТРОЕЧНЫХ УСЛОВИЯХ	100 м3	Приготовление тяжелых кладочных растворов: цементно-глиняных марки 75
06-15-003-12	06-15-003	Приготовление тяжелых кладочных растворов	ПРИГОТОВЛЕНИЕ БЕТОНОВ И РАСТВОРОВ В ПОСТРОЕЧНЫХ УСЛОВИЯХ	100 м3	Приготовление тяжелых кладочных растворов: цементно-глиняных марки 100
06-15-003-13	06-15-003	Приготовление тяжелых кладочных растворов	ПРИГОТОВЛЕНИЕ БЕТОНОВ И РАСТВОРОВ В ПОСТРОЕЧНЫХ УСЛОВИЯХ	100 м3	Приготовление тяжелых кладочных растворов: цементно-глиняных марки 150
06-15-003-14	06-15-003	Приготовление тяжелых кладочных растворов	ПРИГОТОВЛЕНИЕ БЕТОНОВ И РАСТВОРОВ В ПОСТРОЕЧНЫХ УСЛОВИЯХ	100 м3	Приготовление тяжелых кладочных растворов: цементно-глиняных марки 200
06-15-003-15	06-15-003	Приготовление тяжелых кладочных растворов	ПРИГОТОВЛЕНИЕ БЕТОНОВ И РАСТВОРОВ В ПОСТРОЕЧНЫХ УСЛОВИЯХ	100 м3	Приготовление тяжелых кладочных растворов: цементных марки 25
06-15-003-16	06-15-003	Приготовление тяжелых кладочных растворов	ПРИГОТОВЛЕНИЕ БЕТОНОВ И РАСТВОРОВ В ПОСТРОЕЧНЫХ УСЛОВИЯХ	100 м3	Приготовление тяжелых кладочных растворов: цементных марки 50
06-15-003-17	06-15-003	Приготовление тяжелых кладочных растворов	ПРИГОТОВЛЕНИЕ БЕТОНОВ И РАСТВОРОВ В ПОСТРОЕЧНЫХ УСЛОВИЯХ	100 м3	Приготовление тяжелых кладочных растворов: цементных марки 75
06-15-003-18	06-15-003	Приготовление тяжелых кладочных растворов	ПРИГОТОВЛЕНИЕ БЕТОНОВ И РАСТВОРОВ В ПОСТРОЕЧНЫХ УСЛОВИЯХ	100 м3	Приготовление тяжелых кладочных растворов: цементных марки 100
06-15-003-19	06-15-003	Приготовление тяжелых кладочных растворов	ПРИГОТОВЛЕНИЕ БЕТОНОВ И РАСТВОРОВ В ПОСТРОЕЧНЫХ УСЛОВИЯХ	100 м3	Приготовление тяжелых кладочных растворов: цементных марки 150
06-15-003-20	06-15-003	Приготовление тяжелых кладочных растворов	ПРИГОТОВЛЕНИЕ БЕТОНОВ И РАСТВОРОВ В ПОСТРОЕЧНЫХ УСЛОВИЯХ	100 м3	Приготовление тяжелых кладочных растворов: цементных марки 200
06-15-004-01	06-15-004	Приготовление тяжелых отделочных растворов	ПРИГОТОВЛЕНИЕ БЕТОНОВ И РАСТВОРОВ В ПОСТРОЕЧНЫХ УСЛОВИЯХ	100 м3	Приготовление тяжелых отделочных растворов: известковых состава 1:2
06-15-004-02	06-15-004	Приготовление тяжелых отделочных растворов	ПРИГОТОВЛЕНИЕ БЕТОНОВ И РАСТВОРОВ В ПОСТРОЕЧНЫХ УСЛОВИЯХ	100 м3	Приготовление тяжелых отделочных растворов: известковых состава 1:2,5
06-15-004-03	06-15-004	Приготовление тяжелых отделочных растворов	ПРИГОТОВЛЕНИЕ БЕТОНОВ И РАСТВОРОВ В ПОСТРОЕЧНЫХ УСЛОВИЯХ	100 м3	Приготовление тяжелых отделочных растворов: известковых состава 1:3
06-15-004-04	06-15-004	Приготовление тяжелых отделочных растворов	ПРИГОТОВЛЕНИЕ БЕТОНОВ И РАСТВОРОВ В ПОСТРОЕЧНЫХ УСЛОВИЯХ	100 м3	Приготовление тяжелых отделочных растворов: цементных состава 1:1
06-15-004-05	06-15-004	Приготовление тяжелых отделочных растворов	ПРИГОТОВЛЕНИЕ БЕТОНОВ И РАСТВОРОВ В ПОСТРОЕЧНЫХ УСЛОВИЯХ	100 м3	Приготовление тяжелых отделочных растворов: цементных состава 1:2
06-15-004-06	06-15-004	Приготовление тяжелых отделочных растворов	ПРИГОТОВЛЕНИЕ БЕТОНОВ И РАСТВОРОВ В ПОСТРОЕЧНЫХ УСЛОВИЯХ	100 м3	Приготовление тяжелых отделочных растворов: цементных состава 1:3
06-15-004-07	06-15-004	Приготовление тяжелых отделочных растворов	ПРИГОТОВЛЕНИЕ БЕТОНОВ И РАСТВОРОВ В ПОСТРОЕЧНЫХ УСЛОВИЯХ	100 м3	Приготовление тяжелых отделочных растворов: цементно-известковых состава 1:1:6
06-15-004-08	06-15-004	Приготовление тяжелых отделочных растворов	ПРИГОТОВЛЕНИЕ БЕТОНОВ И РАСТВОРОВ В ПОСТРОЕЧНЫХ УСЛОВИЯХ	100 м3	Приготовление тяжелых отделочных растворов: цементно-известковых состава 1:1:8
06-15-004-09	06-15-004	Приготовление тяжелых отделочных растворов	ПРИГОТОВЛЕНИЕ БЕТОНОВ И РАСТВОРОВ В ПОСТРОЕЧНЫХ УСЛОВИЯХ	100 м3	Приготовление тяжелых отделочных растворов: цементно-известковых состава 1:1:9
06-15-004-10	06-15-004	Приготовление тяжелых отделочных растворов	ПРИГОТОВЛЕНИЕ БЕТОНОВ И РАСТВОРОВ В ПОСТРОЕЧНЫХ УСЛОВИЯХ	100 м3	Приготовление тяжелых отделочных растворов: цементно-известковых состава 1:3:12
06-15-005-01	06-15-005	Приготовление легких отделочных растворов	ПРИГОТОВЛЕНИЕ БЕТОНОВ И РАСТВОРОВ В ПОСТРОЕЧНЫХ УСЛОВИЯХ	100 м3	Приготовление легких отделочных растворов: известковых
06-15-005-02	06-15-005	Приготовление легких отделочных растворов	ПРИГОТОВЛЕНИЕ БЕТОНОВ И РАСТВОРОВ В ПОСТРОЕЧНЫХ УСЛОВИЯХ	100 м3	Приготовление легких отделочных растворов: цементно-известковых
06-15-006-01	06-15-006	Приготовление сухой цементно-песчаной смеси	ПРИГОТОВЛЕНИЕ БЕТОНОВ И РАСТВОРОВ В ПОСТРОЕЧНЫХ УСЛОВИЯХ	100 м3	Приготовление сухой цементно-песчаной смеси при помощи: стационарного бетоносмесителя
06-15-006-02	06-15-006	Приготовление сухой цементно-песчаной смеси	ПРИГОТОВЛЕНИЕ БЕТОНОВ И РАСТВОРОВ В ПОСТРОЕЧНЫХ УСЛОВИЯХ	100 м3	Приготовление сухой цементно-песчаной смеси при помощи: автобетоносмесителя
06-15-007-01	06-15-007	Приготовление бетона на инвентарных автоматизированных заводах в построечных условиях	ПРИГОТОВЛЕНИЕ БЕТОНОВ И РАСТВОРОВ В ПОСТРОЕЧНЫХ УСЛОВИЯХ	100 м3	Приготовление бетона в построечных условиях на заводе производительностью: 15-30 м3/ч
06-15-007-02	06-15-007	Приготовление бетона на инвентарных автоматизированных заводах в построечных условиях	ПРИГОТОВЛЕНИЕ БЕТОНОВ И РАСТВОРОВ В ПОСТРОЕЧНЫХ УСЛОВИЯХ	100 м3	Приготовление бетона в построечных условиях на заводе производительностью: 60 м3/ч
06-15-007-03	06-15-007	Приготовление бетона на инвентарных автоматизированных заводах в построечных условиях	ПРИГОТОВЛЕНИЕ БЕТОНОВ И РАСТВОРОВ В ПОСТРОЕЧНЫХ УСЛОВИЯХ	100 м3	Приготовление бетона в построечных условиях на заводе производительностью: 120 м3/ч
06-15-007-04	06-15-007	Приготовление бетона на инвентарных автоматизированных заводах в построечных условиях	ПРИГОТОВЛЕНИЕ БЕТОНОВ И РАСТВОРОВ В ПОСТРОЕЧНЫХ УСЛОВИЯХ	100 м3	Приготовление бетона в построечных условиях на заводе производительностью: 240 м3/ч
06-15-007-05	06-15-007	Приготовление бетона на инвентарных автоматизированных заводах в построечных условиях	ПРИГОТОВЛЕНИЕ БЕТОНОВ И РАСТВОРОВ В ПОСТРОЕЧНЫХ УСЛОВИЯХ	100 м3	Перевозка и выгрузка готовой бетонной смеси на месте производства работ на расстояние до 1 км
06-15-007-06	06-15-007	Приготовление бетона на инвентарных автоматизированных заводах в построечных условиях	ПРИГОТОВЛЕНИЕ БЕТОНОВ И РАСТВОРОВ В ПОСТРОЕЧНЫХ УСЛОВИЯХ	100 м3	При перемещении готовой бетонной смеси на каждый последующий 1 км добавлять к норме 06-15-007-05
06-16-001-01	06-16-001	Монтаж и демонтаж крупнощитовой опалубки	ВОЗВЕДЕНИЕ МОНОЛИТНЫХ КОНСТРУКЦИЙ ЖИЛЫХ И ОБЩЕСТВЕННЫХ ЗДАНИ	10 м2	Монтаж и демонтаж: крупнощитовой опалубки стен
06-16-001-02	06-16-001	Монтаж и демонтаж крупнощитовой опалубки	ВОЗВЕДЕНИЕ МОНОЛИТНЫХ КОНСТРУКЦИЙ ЖИЛЫХ И ОБЩЕСТВЕННЫХ ЗДАНИ	10 м2	Монтаж и демонтаж: крупнощитовой опалубки перекрытий
06-16-002-01	06-16-002	Монтаж и демонтаж объемно-переставной ("туннельной") опалубки	ВОЗВЕДЕНИЕ МОНОЛИТНЫХ КОНСТРУКЦИЙ ЖИЛЫХ И ОБЩЕСТВЕННЫХ ЗДАНИ	10 м2	Монтаж и демонтаж объемно-переставной ("туннельной") опалубки бетонных конструкций: перекрытий
06-16-002-02	06-16-002	Монтаж и демонтаж объемно-переставной ("туннельной") опалубки	ВОЗВЕДЕНИЕ МОНОЛИТНЫХ КОНСТРУКЦИЙ ЖИЛЫХ И ОБЩЕСТВЕННЫХ ЗДАНИ	10 м2	Монтаж и демонтаж объемно-переставной ("туннельной") опалубки бетонных конструкций: стен
06-16-003-01	06-16-003	Монтаж и демонтаж блочной опалубки стен	ВОЗВЕДЕНИЕ МОНОЛИТНЫХ КОНСТРУКЦИЙ ЖИЛЫХ И ОБЩЕСТВЕННЫХ ЗДАНИ	10 м2	Монтаж и демонтаж блочной опалубки стен
06-16-004-08	06-16-004	Бетонирование конструкций стен	ВОЗВЕДЕНИЕ МОНОЛИТНЫХ КОНСТРУКЦИЙ ЖИЛЫХ И ОБЩЕСТВЕННЫХ ЗДАНИ	10 м2	Бетонирование с помощью автобетононасоса конструкций наружных стен, толщиной: до 16 см
06-16-004-09	06-16-004	Бетонирование конструкций стен	ВОЗВЕДЕНИЕ МОНОЛИТНЫХ КОНСТРУКЦИЙ ЖИЛЫХ И ОБЩЕСТВЕННЫХ ЗДАНИ	10 м2	Бетонирование с помощью автобетононасоса конструкций наружных стен, толщиной: свыше 16 до 20 см
06-16-004-10	06-16-004	Бетонирование конструкций стен	ВОЗВЕДЕНИЕ МОНОЛИТНЫХ КОНСТРУКЦИЙ ЖИЛЫХ И ОБЩЕСТВЕННЫХ ЗДАНИ	10 м2	Бетонирование с помощью автобетононасоса конструкций наружных стен, толщиной: свыше 20 до 30 см
06-16-004-11	06-16-004	Бетонирование конструкций стен	ВОЗВЕДЕНИЕ МОНОЛИТНЫХ КОНСТРУКЦИЙ ЖИЛЫХ И ОБЩЕСТВЕННЫХ ЗДАНИ	10 м2	Бетонирование с помощью автобетононасоса конструкций наружных стен, толщиной: свыше 30 см
06-16-004-12	06-16-004	Бетонирование конструкций стен	ВОЗВЕДЕНИЕ МОНОЛИТНЫХ КОНСТРУКЦИЙ ЖИЛЫХ И ОБЩЕСТВЕННЫХ ЗДАНИ	10 м2	Бетонирование с помощью автобетононасоса конструкций внутренних стен, толщиной: до 16 см
06-16-004-13	06-16-004	Бетонирование конструкций стен	ВОЗВЕДЕНИЕ МОНОЛИТНЫХ КОНСТРУКЦИЙ ЖИЛЫХ И ОБЩЕСТВЕННЫХ ЗДАНИ	10 м2	Бетонирование с помощью автобетононасоса конструкций внутренних стен, толщиной: свыше 16 до 20 см
06-16-004-14	06-16-004	Бетонирование конструкций стен	ВОЗВЕДЕНИЕ МОНОЛИТНЫХ КОНСТРУКЦИЙ ЖИЛЫХ И ОБЩЕСТВЕННЫХ ЗДАНИ	10 м2	Бетонирование с помощью автобетононасоса конструкций внутренних стен, толщиной: свыше 20 до 30 см
06-16-005-05	06-16-005	Бетонирование перекрытий	ВОЗВЕДЕНИЕ МОНОЛИТНЫХ КОНСТРУКЦИЙ ЖИЛЫХ И ОБЩЕСТВЕННЫХ ЗДАНИ	10 м2	Бетонирование перекрытий с помощью автобетононасоса толщиной: до 12 см
06-16-005-06	06-16-005	Бетонирование перекрытий	ВОЗВЕДЕНИЕ МОНОЛИТНЫХ КОНСТРУКЦИЙ ЖИЛЫХ И ОБЩЕСТВЕННЫХ ЗДАНИ	10 м2	Бетонирование перекрытий с помощью автобетононасоса толщиной: свыше 12 до 16 см
06-16-005-07	06-16-005	Бетонирование перекрытий	ВОЗВЕДЕНИЕ МОНОЛИТНЫХ КОНСТРУКЦИЙ ЖИЛЫХ И ОБЩЕСТВЕННЫХ ЗДАНИ	10 м2	Бетонирование перекрытий с помощью автобетононасоса толщиной: свыше 16 до 20 см
06-16-005-08	06-16-005	Бетонирование перекрытий	ВОЗВЕДЕНИЕ МОНОЛИТНЫХ КОНСТРУКЦИЙ ЖИЛЫХ И ОБЩЕСТВЕННЫХ ЗДАНИ	10 м2	Бетонирование перекрытий с помощью автобетононасоса толщиной: свыше 20 см
06-16-007-01	06-16-007	Монтаж крупнощитовой разборной опалубки с изготовлением опалубочных щитов на деревянных балках в пос	ВОЗВЕДЕНИЕ МОНОЛИТНЫХ КОНСТРУКЦИЙ ЖИЛЫХ И ОБЩЕСТВЕННЫХ ЗДАНИ	100 м2	Монтаж крупнощитовой разборной опалубки с изготовлением опалубочных щитов на деревянных балках в построечных условиях: стен
06-16-007-02	06-16-007	Монтаж крупнощитовой разборной опалубки с изготовлением опалубочных щитов на деревянных балках в пос	ВОЗВЕДЕНИЕ МОНОЛИТНЫХ КОНСТРУКЦИЙ ЖИЛЫХ И ОБЩЕСТВЕННЫХ ЗДАНИ	100 м2	Монтаж крупнощитовой разборной опалубки с изготовлением опалубочных щитов на деревянных балках в построечных условиях: колонн периметром до 2000 мм
06-16-007-03	06-16-007	Монтаж крупнощитовой разборной опалубки с изготовлением опалубочных щитов на деревянных балках в пос	ВОЗВЕДЕНИЕ МОНОЛИТНЫХ КОНСТРУКЦИЙ ЖИЛЫХ И ОБЩЕСТВЕННЫХ ЗДАНИ	100 м2	Монтаж крупнощитовой разборной опалубки с изготовлением опалубочных щитов на деревянных балках в построечных условиях: колонн периметром свыше 2000 мм
06-16-008-01	06-16-008	Демонтаж крупнощитовой разборной опалубки с изготовлением опалубочных щитов на деревянных балках в п	ВОЗВЕДЕНИЕ МОНОЛИТНЫХ КОНСТРУКЦИЙ ЖИЛЫХ И ОБЩЕСТВЕННЫХ ЗДАНИ	100 м2	Демонтаж крупнощитовой разборной опалубки с изготовлением опалубочных щитов на деревянных балках в построечных условиях: стен
06-16-008-02	06-16-008	Демонтаж крупнощитовой разборной опалубки с изготовлением опалубочных щитов на деревянных балках в п	ВОЗВЕДЕНИЕ МОНОЛИТНЫХ КОНСТРУКЦИЙ ЖИЛЫХ И ОБЩЕСТВЕННЫХ ЗДАНИ	100 м2	Демонтаж крупнощитовой разборной опалубки с изготовлением опалубочных щитов на деревянных балках в построечных условиях: колонн периметром до 2000 мм
06-16-008-03	06-16-008	Демонтаж крупнощитовой разборной опалубки с изготовлением опалубочных щитов на деревянных балках в п	ВОЗВЕДЕНИЕ МОНОЛИТНЫХ КОНСТРУКЦИЙ ЖИЛЫХ И ОБЩЕСТВЕННЫХ ЗДАНИ	100 м2	Демонтаж крупнощитовой разборной опалубки с изготовлением опалубочных щитов на деревянных балках в построечных условиях: колонн периметром свыше 2000 мм
06-17-001-01	06-17-001	Монтаж скользящей опалубки	ВОЗВЕДЕНИЕ МОНОЛИТНЫХ СТЕН В СКОЛЬЗЯЩЕЙ ОПАЛУБКЕ	м	Монтаж скользящей опалубки
06-17-002-01	06-17-002	Установка арматуры	ВОЗВЕДЕНИЕ МОНОЛИТНЫХ СТЕН В СКОЛЬЗЯЩЕЙ ОПАЛУБКЕ	т	Установка арматуры
06-17-003-01	06-17-003	Бетонирование конструкций стен	ВОЗВЕДЕНИЕ МОНОЛИТНЫХ СТЕН В СКОЛЬЗЯЩЕЙ ОПАЛУБКЕ	10 м2	Бетонирование (с помощью бадьи) конструкций: наружных стен толщиной до 10 см
06-17-003-02	06-17-003	Бетонирование конструкций стен	ВОЗВЕДЕНИЕ МОНОЛИТНЫХ СТЕН В СКОЛЬЗЯЩЕЙ ОПАЛУБКЕ	10 м2	Бетонирование (с помощью бадьи) конструкций: наружных стен толщиной до 20 см
06-17-003-03	06-17-003	Бетонирование конструкций стен	ВОЗВЕДЕНИЕ МОНОЛИТНЫХ СТЕН В СКОЛЬЗЯЩЕЙ ОПАЛУБКЕ	10 м2	Бетонирование (с помощью бадьи) конструкций: наружных стен толщиной до 30 см
06-17-003-04	06-17-003	Бетонирование конструкций стен	ВОЗВЕДЕНИЕ МОНОЛИТНЫХ СТЕН В СКОЛЬЗЯЩЕЙ ОПАЛУБКЕ	10 м2	Бетонирование (с помощью бадьи) конструкций: наружных стен толщиной свыше 30 см
06-17-003-05	06-17-003	Бетонирование конструкций стен	ВОЗВЕДЕНИЕ МОНОЛИТНЫХ СТЕН В СКОЛЬЗЯЩЕЙ ОПАЛУБКЕ	10 м2	Бетонирование (с помощью бадьи) конструкций: внутренних стен толщиной до 20 см
06-17-003-06	06-17-003	Бетонирование конструкций стен	ВОЗВЕДЕНИЕ МОНОЛИТНЫХ СТЕН В СКОЛЬЗЯЩЕЙ ОПАЛУБКЕ	10 м2	Бетонирование (с помощью бадьи) конструкций: внутренних стен толщиной до 30 см
06-17-003-07	06-17-003	Бетонирование конструкций стен	ВОЗВЕДЕНИЕ МОНОЛИТНЫХ СТЕН В СКОЛЬЗЯЩЕЙ ОПАЛУБКЕ	10 м2	Бетонирование (с помощью автобетононасосов) конструкций: наружных стен толщиной до 10 см
06-17-003-08	06-17-003	Бетонирование конструкций стен	ВОЗВЕДЕНИЕ МОНОЛИТНЫХ СТЕН В СКОЛЬЗЯЩЕЙ ОПАЛУБКЕ	10 м2	Бетонирование (с помощью автобетононасосов) конструкций: наружных стен толщиной до 20 см
06-17-003-09	06-17-003	Бетонирование конструкций стен	ВОЗВЕДЕНИЕ МОНОЛИТНЫХ СТЕН В СКОЛЬЗЯЩЕЙ ОПАЛУБКЕ	10 м2	Бетонирование (с помощью автобетононасосов) конструкций: наружных стен толщиной до 30 см
06-17-003-10	06-17-003	Бетонирование конструкций стен	ВОЗВЕДЕНИЕ МОНОЛИТНЫХ СТЕН В СКОЛЬЗЯЩЕЙ ОПАЛУБКЕ	10 м2	Бетонирование (с помощью автобетононасосов) конструкций: наружных стен толщиной свыше 30 см
06-17-003-11	06-17-003	Бетонирование конструкций стен	ВОЗВЕДЕНИЕ МОНОЛИТНЫХ СТЕН В СКОЛЬЗЯЩЕЙ ОПАЛУБКЕ	10 м2	Бетонирование (с помощью автобетононасосов) конструкций: внутренних стен толщиной до 20 см
06-17-003-12	06-17-003	Бетонирование конструкций стен	ВОЗВЕДЕНИЕ МОНОЛИТНЫХ СТЕН В СКОЛЬЗЯЩЕЙ ОПАЛУБКЕ	10 м2	Бетонирование (с помощью автобетононасосов) конструкций: внутренних стен толщиной до 30 см
06-17-004-01	06-17-004	Установка плит теплоизоляционного слоя	ВОЗВЕДЕНИЕ МОНОЛИТНЫХ СТЕН В СКОЛЬЗЯЩЕЙ ОПАЛУБКЕ	10 м2	Установка плит теплоизоляционного слоя
06-17-005-01	06-17-005	Демонтаж скользящей опалубки	ВОЗВЕДЕНИЕ МОНОЛИТНЫХ СТЕН В СКОЛЬЗЯЩЕЙ ОПАЛУБКЕ	м	Демонтаж скользящей опалубки
06-18-001-01	06-18-001	Возведение перекрытий в мелкощитовой опалубке	ВОЗВЕДЕНИЕ ПЕРЕКРЫТИЙ В МЕЛКОЩИТОВОЙ ОПАЛУБКЕ ПРИ БЕТОНИРОВА	10 м2	Возведение перекрытий в мелкощитовой опалубке (с помощью бадьи), толщина перекрытий: до 12 см
06-18-001-02	06-18-001	Возведение перекрытий в мелкощитовой опалубке	ВОЗВЕДЕНИЕ ПЕРЕКРЫТИЙ В МЕЛКОЩИТОВОЙ ОПАЛУБКЕ ПРИ БЕТОНИРОВА	10 м2	Возведение перекрытий в мелкощитовой опалубке (с помощью бадьи), толщина перекрытий: свыше 12 до 16 см
06-18-001-03	06-18-001	Возведение перекрытий в мелкощитовой опалубке	ВОЗВЕДЕНИЕ ПЕРЕКРЫТИЙ В МЕЛКОЩИТОВОЙ ОПАЛУБКЕ ПРИ БЕТОНИРОВА	10 м2	Возведение перекрытий в мелкощитовой опалубке (с помощью бадьи), толщина перекрытий: свыше 16 до 20 см
06-18-001-04	06-18-001	Возведение перекрытий в мелкощитовой опалубке	ВОЗВЕДЕНИЕ ПЕРЕКРЫТИЙ В МЕЛКОЩИТОВОЙ ОПАЛУБКЕ ПРИ БЕТОНИРОВА	10 м2	Возведение перекрытий в мелкощитовой опалубке (с помощью бадьи), толщина перекрытий: свыше 20 см
06-18-001-05	06-18-001	Возведение перекрытий в мелкощитовой опалубке	ВОЗВЕДЕНИЕ ПЕРЕКРЫТИЙ В МЕЛКОЩИТОВОЙ ОПАЛУБКЕ ПРИ БЕТОНИРОВА	10 м2	Возведение перекрытий в мелкощитовой опалубке (с помощью автобетононасоса), толщина перекрытий: до 12 см
06-18-001-06	06-18-001	Возведение перекрытий в мелкощитовой опалубке	ВОЗВЕДЕНИЕ ПЕРЕКРЫТИЙ В МЕЛКОЩИТОВОЙ ОПАЛУБКЕ ПРИ БЕТОНИРОВА	10 м2	Возведение перекрытий в мелкощитовой опалубке (с помощью автобетононасоса), толщина перекрытий: свыше 12 до 16 см
06-18-001-07	06-18-001	Возведение перекрытий в мелкощитовой опалубке	ВОЗВЕДЕНИЕ ПЕРЕКРЫТИЙ В МЕЛКОЩИТОВОЙ ОПАЛУБКЕ ПРИ БЕТОНИРОВА	10 м2	Возведение перекрытий в мелкощитовой опалубке (с помощью автобетононасоса), толщина перекрытий: свыше 16 до 20 см
06-18-001-08	06-18-001	Возведение перекрытий в мелкощитовой опалубке	ВОЗВЕДЕНИЕ ПЕРЕКРЫТИЙ В МЕЛКОЩИТОВОЙ ОПАЛУБКЕ ПРИ БЕТОНИРОВА	10 м2	Возведение перекрытий в мелкощитовой опалубке (с помощью автобетононасоса), толщина перекрытий: свыше 20 см
06-18-002-01	06-18-002	Установка арматуры в мелкощитовую опалубку перекрытий	ВОЗВЕДЕНИЕ ПЕРЕКРЫТИЙ В МЕЛКОЩИТОВОЙ ОПАЛУБКЕ ПРИ БЕТОНИРОВА	т	Установка арматуры в мелкощитовую опалубку перекрытий
06-19-002-04	06-19-002	Устройство железобетонных стен	ВОЗВЕДЕНИЕ КОНСТРУКЦИЙ В МЕЛКОЩИТОВОЙ ОПАЛУБКЕ (ПОДАЧА БЕТОН	100 м3	Устройство железобетонных стен в инвентарной опалубке (подача бетона в бадьях): высотой до 6 м, толщиной 150 мм криволинейных
06-19-002-05	06-19-002	Устройство железобетонных стен	ВОЗВЕДЕНИЕ КОНСТРУКЦИЙ В МЕЛКОЩИТОВОЙ ОПАЛУБКЕ (ПОДАЧА БЕТОН	100 м3	Устройство железобетонных стен в инвентарной опалубке (подача бетона в бадьях): высотой до 6 м, толщиной 300 мм криволинейных
06-19-002-06	06-19-002	Устройство железобетонных стен	ВОЗВЕДЕНИЕ КОНСТРУКЦИЙ В МЕЛКОЩИТОВОЙ ОПАЛУБКЕ (ПОДАЧА БЕТОН	100 м3	Устройство железобетонных стен в инвентарной опалубке (подача бетона в бадьях): высотой до 6 м, толщиной 600 мм криволинейных
06-19-002-07	06-19-002	Устройство железобетонных стен	ВОЗВЕДЕНИЕ КОНСТРУКЦИЙ В МЕЛКОЩИТОВОЙ ОПАЛУБКЕ (ПОДАЧА БЕТОН	100 м3	Устройство железобетонных стен в инвентарной опалубке (подача бетона в бадьях): высотой до 3 м с установкой утеплителя до бетонирования трехслойных
06-19-002-08	06-19-002	Устройство железобетонных стен	ВОЗВЕДЕНИЕ КОНСТРУКЦИЙ В МЕЛКОЩИТОВОЙ ОПАЛУБКЕ (ПОДАЧА БЕТОН	100 м3	Устройство железобетонных стен в инвентарной опалубке (подача бетона в бадьях): высотой до 3 м с установкой утеплителя до бетонирования трехслойных криволинейных
06-19-002-09	06-19-002	Устройство железобетонных стен	ВОЗВЕДЕНИЕ КОНСТРУКЦИЙ В МЕЛКОЩИТОВОЙ ОПАЛУБКЕ (ПОДАЧА БЕТОН	100 м3	Устройство железобетонных стен в инвентарной опалубке (подача бетона в бадьях): высотой до 3 м с установкой утеплителя до бетонирования трехслойных наклонных криволинейных
06-19-002-10	06-19-002	Устройство железобетонных стен	ВОЗВЕДЕНИЕ КОНСТРУКЦИЙ В МЕЛКОЩИТОВОЙ ОПАЛУБКЕ (ПОДАЧА БЕТОН	100 м3	Устройство железобетонных стен в инвентарной опалубке (подача бетона в бадьях): с наклейкой утеплителя и раздельным бетонированием трехслойных
06-19-002-11	06-19-002	Устройство железобетонных стен	ВОЗВЕДЕНИЕ КОНСТРУКЦИЙ В МЕЛКОЩИТОВОЙ ОПАЛУБКЕ (ПОДАЧА БЕТОН	100 м3	Устройство железобетонных стен в инвентарной опалубке (подача бетона в бадьях): высотой до 10 м, толщиной до 200 мм, наклонных, с углом наклона до 30 градусов
06-19-003-01	06-19-003	Устройство железобетонных балок для перекрытий	ВОЗВЕДЕНИЕ КОНСТРУКЦИЙ В МЕЛКОЩИТОВОЙ ОПАЛУБКЕ (ПОДАЧА БЕТОН	100 м3	Устройство железобетонных балок для перекрытий в инвентарной опалубке (подача бетона в бадьях) на высоте от опорной площадки: до 6 м при высоте балок до 500 мм
06-19-003-02	06-19-003	Устройство железобетонных балок для перекрытий	ВОЗВЕДЕНИЕ КОНСТРУКЦИЙ В МЕЛКОЩИТОВОЙ ОПАЛУБКЕ (ПОДАЧА БЕТОН	100 м3	Устройство железобетонных балок для перекрытий в инвентарной опалубке (подача бетона в бадьях) на высоте от опорной площадки: до 6 м при высоте балок до 800 мм
06-19-003-03	06-19-003	Устройство железобетонных балок для перекрытий	ВОЗВЕДЕНИЕ КОНСТРУКЦИЙ В МЕЛКОЩИТОВОЙ ОПАЛУБКЕ (ПОДАЧА БЕТОН	100 м3	Устройство железобетонных балок для перекрытий в инвентарной опалубке (подача бетона в бадьях) на высоте от опорной площадки: до 6 м при высоте балок более 800 мм
06-19-003-04	06-19-003	Устройство железобетонных балок для перекрытий	ВОЗВЕДЕНИЕ КОНСТРУКЦИЙ В МЕЛКОЩИТОВОЙ ОПАЛУБКЕ (ПОДАЧА БЕТОН	100 м3	Устройство железобетонных балок для перекрытий в инвентарной опалубке (подача бетона в бадьях) на высоте от опорной площадки: более 6 м при высоте балок до 500 мм
06-19-003-05	06-19-003	Устройство железобетонных балок для перекрытий	ВОЗВЕДЕНИЕ КОНСТРУКЦИЙ В МЕЛКОЩИТОВОЙ ОПАЛУБКЕ (ПОДАЧА БЕТОН	100 м3	Устройство железобетонных балок для перекрытий в инвентарной опалубке (подача бетона в бадьях) на высоте от опорной площадки: более 6 м при высоте балок до 800 мм
06-19-003-06	06-19-003	Устройство железобетонных балок для перекрытий	ВОЗВЕДЕНИЕ КОНСТРУКЦИЙ В МЕЛКОЩИТОВОЙ ОПАЛУБКЕ (ПОДАЧА БЕТОН	100 м3	Устройство железобетонных балок для перекрытий в инвентарной опалубке (подача бетона в бадьях) на высоте от опорной площадки: более 6 м при высоте балок более 800 мм
06-19-003-07	06-19-003	Устройство железобетонных балок для перекрытий	ВОЗВЕДЕНИЕ КОНСТРУКЦИЙ В МЕЛКОЩИТОВОЙ ОПАЛУБКЕ (ПОДАЧА БЕТОН	100 м3	Устройство железобетонных балок для перекрытий в инвентарной опалубке (подача бетона в бадьях) на высоте от опорной площадки: до 6 м при высоте балок до 800 мм криволинейного очерт
06-19-003-08	06-19-003	Устройство железобетонных балок для перекрытий	ВОЗВЕДЕНИЕ КОНСТРУКЦИЙ В МЕЛКОЩИТОВОЙ ОПАЛУБКЕ (ПОДАЧА БЕТОН	100 м3	Устройство железобетонных балок для перекрытий в инвентарной опалубке (подача бетона в бадьях) на высоте от опорной площадки: до 6 м при высоте балок более 800 мм криволинейного оч
06-19-003-09	06-19-003	Устройство железобетонных балок для перекрытий	ВОЗВЕДЕНИЕ КОНСТРУКЦИЙ В МЕЛКОЩИТОВОЙ ОПАЛУБКЕ (ПОДАЧА БЕТОН	100 м3	Устройство железобетонных балок для перекрытий в инвентарной опалубке (подача бетона в бадьях) на высоте от опорной площадки: более 6 м при высоте балок более 800 мм криволинейного
06-19-003-10	06-19-003	Устройство железобетонных балок для перекрытий	ВОЗВЕДЕНИЕ КОНСТРУКЦИЙ В МЕЛКОЩИТОВОЙ ОПАЛУБКЕ (ПОДАЧА БЕТОН	100 м3	Устройство железобетонных балок для перекрытий в инвентарной опалубке (подача бетона в бадьях) на высоте от опорной площадки: до 6 м при высоте балок до 800 мм наклонных
06-19-003-11	06-19-003	Устройство железобетонных балок для перекрытий	ВОЗВЕДЕНИЕ КОНСТРУКЦИЙ В МЕЛКОЩИТОВОЙ ОПАЛУБКЕ (ПОДАЧА БЕТОН	100 м3	Устройство железобетонных балок для перекрытий в инвентарной опалубке (подача бетона в бадьях) на высоте от опорной площадки: до 6 м при высоте балок более 800 мм наклонных
06-19-003-12	06-19-003	Устройство железобетонных балок для перекрытий	ВОЗВЕДЕНИЕ КОНСТРУКЦИЙ В МЕЛКОЩИТОВОЙ ОПАЛУБКЕ (ПОДАЧА БЕТОН	100 м3	Устройство железобетонных балок для перекрытий в инвентарной опалубке (подача бетона в бадьях) на высоте от опорной площадки: более 6 м при высоте балок до 800 мм наклонных
06-19-003-13	06-19-003	Устройство железобетонных балок для перекрытий	ВОЗВЕДЕНИЕ КОНСТРУКЦИЙ В МЕЛКОЩИТОВОЙ ОПАЛУБКЕ (ПОДАЧА БЕТОН	100 м3	Устройство железобетонных балок для перекрытий в инвентарной опалубке (подача бетона в бадьях) на высоте от опорной площадки: более 6 м при высоте балок более 800 мм наклонных
06-19-004-02	06-19-004	Устройство железобетонных перекрытий и покрытий	ВОЗВЕДЕНИЕ КОНСТРУКЦИЙ В МЕЛКОЩИТОВОЙ ОПАЛУБКЕ (ПОДАЧА БЕТОН	100 м3	Устройство железобетонных перекрытий и покрытий толщиной до 200 мм в инвентарной опалубке (подача бетона в бадьях) на высоте от опорной площадки: более 6 м
06-19-004-03	06-19-004	Устройство железобетонных перекрытий и покрытий	ВОЗВЕДЕНИЕ КОНСТРУКЦИЙ В МЕЛКОЩИТОВОЙ ОПАЛУБКЕ (ПОДАЧА БЕТОН	100 м3	Устройство железобетонных перекрытий и покрытий толщиной до 200 мм в инвентарной опалубке (подача бетона в бадьях) на высоте от опорной площадки: до 6 м криволинейного очертания
06-19-004-04	06-19-004	Устройство железобетонных перекрытий и покрытий	ВОЗВЕДЕНИЕ КОНСТРУКЦИЙ В МЕЛКОЩИТОВОЙ ОПАЛУБКЕ (ПОДАЧА БЕТОН	100 м3	Устройство железобетонных перекрытий и покрытий толщиной до 200 мм в инвентарной опалубке (подача бетона в бадьях) на высоте от опорной площадки: более 6 м криволинейного очертания
06-19-004-05	06-19-004	Устройство железобетонных перекрытий и покрытий	ВОЗВЕДЕНИЕ КОНСТРУКЦИЙ В МЕЛКОЩИТОВОЙ ОПАЛУБКЕ (ПОДАЧА БЕТОН	100 м3	Устройство железобетонных перекрытий и покрытий толщиной до 200 мм в инвентарной опалубке (подача бетона в бадьях) на высоте от опорной площадки: до 6 м наклонных
06-19-004-06	06-19-004	Устройство железобетонных перекрытий и покрытий	ВОЗВЕДЕНИЕ КОНСТРУКЦИЙ В МЕЛКОЩИТОВОЙ ОПАЛУБКЕ (ПОДАЧА БЕТОН	100 м3	Устройство железобетонных перекрытий и покрытий толщиной до 200 мм в инвентарной опалубке (подача бетона в бадьях) на высоте от опорной площадки: до 6 м наклонного и криволинейного
06-19-005-02	06-19-005	Устройство железобетонных лестничных маршей	ВОЗВЕДЕНИЕ КОНСТРУКЦИЙ В МЕЛКОЩИТОВОЙ ОПАЛУБКЕ (ПОДАЧА БЕТОН	100 м3	Устройство железобетонных лестничных маршей в инвентарной опалубке (подача бетона в бадьях): криволинейных
06-23-001-01	06-23-001	Монтаж мелкощитовой опалубки монолитных железобетонных конструкций надземной части зданий, при высот	ВОЗВЕДЕНИЕ МОНОЛИТНЫХ КОНСТРУКЦИЙ НАДЗЕМНОЙ ЧАСТИ ЗДАНИЙ	100 м2	Монтаж мелкощитовой опалубки монолитных железобетонных конструкций надземной части зданий, при высоте здания до 30 м: стен
06-23-001-02	06-23-001	Монтаж мелкощитовой опалубки монолитных железобетонных конструкций надземной части зданий, при высот	ВОЗВЕДЕНИЕ МОНОЛИТНЫХ КОНСТРУКЦИЙ НАДЗЕМНОЙ ЧАСТИ ЗДАНИЙ	100 м2	Монтаж мелкощитовой опалубки монолитных железобетонных конструкций надземной части зданий, при высоте здания до 30 м: колонн периметром до 1200 мм
06-23-001-03	06-23-001	Монтаж мелкощитовой опалубки монолитных железобетонных конструкций надземной части зданий, при высот	ВОЗВЕДЕНИЕ МОНОЛИТНЫХ КОНСТРУКЦИЙ НАДЗЕМНОЙ ЧАСТИ ЗДАНИЙ	100 м2	Монтаж мелкощитовой опалубки монолитных железобетонных конструкций надземной части зданий, при высоте здания до 30 м: колонн периметром свыше 1200 мм
06-23-001-04	06-23-001	Монтаж мелкощитовой опалубки монолитных железобетонных конструкций надземной части зданий, при высот	ВОЗВЕДЕНИЕ МОНОЛИТНЫХ КОНСТРУКЦИЙ НАДЗЕМНОЙ ЧАСТИ ЗДАНИЙ	100 м2	Монтаж мелкощитовой опалубки монолитных железобетонных конструкций надземной части зданий, при высоте здания до 30 м: перекрытия
06-23-001-05	06-23-001	Монтаж мелкощитовой опалубки монолитных железобетонных конструкций надземной части зданий, при высот	ВОЗВЕДЕНИЕ МОНОЛИТНЫХ КОНСТРУКЦИЙ НАДЗЕМНОЙ ЧАСТИ ЗДАНИЙ	100 м2	Монтаж мелкощитовой опалубки монолитных железобетонных конструкций надземной части зданий, при высоте здания до 30 м: лестничных маршей
06-23-002-01	06-23-002	Демонтаж мелкощитовой опалубки монолитных железобетонных конструкций надземной части зданий, при выс	ВОЗВЕДЕНИЕ МОНОЛИТНЫХ КОНСТРУКЦИЙ НАДЗЕМНОЙ ЧАСТИ ЗДАНИЙ	100 м2	Демонтаж мелкощитовой опалубки монолитных железобетонных конструкций надземной части зданий, при высоте здания до 30 м: стен
06-23-002-02	06-23-002	Демонтаж мелкощитовой опалубки монолитных железобетонных конструкций надземной части зданий, при выс	ВОЗВЕДЕНИЕ МОНОЛИТНЫХ КОНСТРУКЦИЙ НАДЗЕМНОЙ ЧАСТИ ЗДАНИЙ	100 м2	Демонтаж мелкощитовой опалубки монолитных железобетонных конструкций надземной части зданий, при высоте здания до 30 м: колонн периметром до 1200 мм
06-23-002-03	06-23-002	Демонтаж мелкощитовой опалубки монолитных железобетонных конструкций надземной части зданий, при выс	ВОЗВЕДЕНИЕ МОНОЛИТНЫХ КОНСТРУКЦИЙ НАДЗЕМНОЙ ЧАСТИ ЗДАНИЙ	100 м2	Демонтаж мелкощитовой опалубки монолитных железобетонных конструкций надземной части зданий, при высоте здания до 30 м: колонн периметром свыше 1200 мм
06-23-002-04	06-23-002	Демонтаж мелкощитовой опалубки монолитных железобетонных конструкций надземной части зданий, при выс	ВОЗВЕДЕНИЕ МОНОЛИТНЫХ КОНСТРУКЦИЙ НАДЗЕМНОЙ ЧАСТИ ЗДАНИЙ	100 м2	Демонтаж мелкощитовой опалубки монолитных железобетонных конструкций надземной части зданий, при высоте здания до 30 м: перекрытия
06-23-002-05	06-23-002	Демонтаж мелкощитовой опалубки монолитных железобетонных конструкций надземной части зданий, при выс	ВОЗВЕДЕНИЕ МОНОЛИТНЫХ КОНСТРУКЦИЙ НАДЗЕМНОЙ ЧАСТИ ЗДАНИЙ	100 м2	Демонтаж мелкощитовой опалубки монолитных железобетонных конструкций надземной части зданий, при высоте здания до 30 м: лестничных маршей
06-23-003-01	06-23-003	Армирование монолитных железобетонных конструкций надземной части зданий, при высоте здания до 30 м	ВОЗВЕДЕНИЕ МОНОЛИТНЫХ КОНСТРУКЦИЙ НАДЗЕМНОЙ ЧАСТИ ЗДАНИЙ	т	Установка каркасов и сеток в опалубку монолитных железобетонных конструкций надземной части зданий, при высоте здания до 30 м: стен
06-23-003-02	06-23-003	Армирование монолитных железобетонных конструкций надземной части зданий, при высоте здания до 30 м	ВОЗВЕДЕНИЕ МОНОЛИТНЫХ КОНСТРУКЦИЙ НАДЗЕМНОЙ ЧАСТИ ЗДАНИЙ	т	Установка каркасов и сеток в опалубку монолитных железобетонных конструкций надземной части зданий, при высоте здания до 30 м: перекрытий
06-23-003-03	06-23-003	Армирование монолитных железобетонных конструкций надземной части зданий, при высоте здания до 30 м	ВОЗВЕДЕНИЕ МОНОЛИТНЫХ КОНСТРУКЦИЙ НАДЗЕМНОЙ ЧАСТИ ЗДАНИЙ	т	Установка заготовок арматурных в опалубку монолитных железобетонных конструкций надземной части зданий, при высоте здания до 30 м: стен
06-23-003-04	06-23-003	Армирование монолитных железобетонных конструкций надземной части зданий, при высоте здания до 30 м	ВОЗВЕДЕНИЕ МОНОЛИТНЫХ КОНСТРУКЦИЙ НАДЗЕМНОЙ ЧАСТИ ЗДАНИЙ	т	Установка заготовок арматурных в опалубку монолитных железобетонных конструкций надземной части зданий, при высоте здания до 30 м: колонн
06-23-003-05	06-23-003	Армирование монолитных железобетонных конструкций надземной части зданий, при высоте здания до 30 м	ВОЗВЕДЕНИЕ МОНОЛИТНЫХ КОНСТРУКЦИЙ НАДЗЕМНОЙ ЧАСТИ ЗДАНИЙ	т	Установка заготовок арматурных в опалубку монолитных железобетонных конструкций надземной части зданий, при высоте здания до 30 м: перекрытий
06-23-003-06	06-23-003	Армирование монолитных железобетонных конструкций надземной части зданий, при высоте здания до 30 м	ВОЗВЕДЕНИЕ МОНОЛИТНЫХ КОНСТРУКЦИЙ НАДЗЕМНОЙ ЧАСТИ ЗДАНИЙ	т	Установка заготовок арматурных в опалубку монолитных железобетонных конструкций надземной части зданий, при высоте здания до 30 м: лестничных маршей
06-23-003-07	06-23-003	Армирование монолитных железобетонных конструкций надземной части зданий, при высоте здания до 30 м	ВОЗВЕДЕНИЕ МОНОЛИТНЫХ КОНСТРУКЦИЙ НАДЗЕМНОЙ ЧАСТИ ЗДАНИЙ	т	Установка закладных деталей монолитных железобетонных конструкций надземной части зданий, при высоте здания до 30 м
06-23-004-01	06-23-004	Бетонирование по схеме "кран-бадья" монолитных железобетонных конструкций надземной части зданий, пр	ВОЗВЕДЕНИЕ МОНОЛИТНЫХ КОНСТРУКЦИЙ НАДЗЕМНОЙ ЧАСТИ ЗДАНИЙ	100 м3	Бетонирование по схеме "кран-бадья" монолитных железобетонных конструкций надземной части зданий, при высоте здания до 30 м: стен толщиной до 100 мм
06-23-004-02	06-23-004	Бетонирование по схеме "кран-бадья" монолитных железобетонных конструкций надземной части зданий, пр	ВОЗВЕДЕНИЕ МОНОЛИТНЫХ КОНСТРУКЦИЙ НАДЗЕМНОЙ ЧАСТИ ЗДАНИЙ	100 м3	Бетонирование по схеме "кран-бадья" монолитных железобетонных конструкций надземной части зданий, при высоте здания до 30 м: стен толщиной свыше 100 мм до 150 мм
06-23-004-03	06-23-004	Бетонирование по схеме "кран-бадья" монолитных железобетонных конструкций надземной части зданий, пр	ВОЗВЕДЕНИЕ МОНОЛИТНЫХ КОНСТРУКЦИЙ НАДЗЕМНОЙ ЧАСТИ ЗДАНИЙ	100 м3	Бетонирование по схеме "кран-бадья" монолитных железобетонных конструкций надземной части зданий, при высоте здания до 30 м: стен толщиной свыше 150 мм до 200 мм
06-23-004-04	06-23-004	Бетонирование по схеме "кран-бадья" монолитных железобетонных конструкций надземной части зданий, пр	ВОЗВЕДЕНИЕ МОНОЛИТНЫХ КОНСТРУКЦИЙ НАДЗЕМНОЙ ЧАСТИ ЗДАНИЙ	100 м3	Бетонирование по схеме "кран-бадья" монолитных железобетонных конструкций надземной части зданий, при высоте здания до 30 м: стен толщиной свыше 200 мм до 300 мм
06-23-004-05	06-23-004	Бетонирование по схеме "кран-бадья" монолитных железобетонных конструкций надземной части зданий, пр	ВОЗВЕДЕНИЕ МОНОЛИТНЫХ КОНСТРУКЦИЙ НАДЗЕМНОЙ ЧАСТИ ЗДАНИЙ	100 м3	Бетонирование по схеме "кран-бадья" монолитных железобетонных конструкций надземной части зданий, при высоте здания до 30 м: стен толщиной свыше 300 мм
06-23-004-06	06-23-004	Бетонирование по схеме "кран-бадья" монолитных железобетонных конструкций надземной части зданий, пр	ВОЗВЕДЕНИЕ МОНОЛИТНЫХ КОНСТРУКЦИЙ НАДЗЕМНОЙ ЧАСТИ ЗДАНИЙ	100 м3	Бетонирование по схеме "кран-бадья" монолитных железобетонных конструкций надземной части зданий, при высоте здания до 30 м: колонн при наименьшей стороне поперечного сечения до 30
06-23-004-07	06-23-004	Бетонирование по схеме "кран-бадья" монолитных железобетонных конструкций надземной части зданий, пр	ВОЗВЕДЕНИЕ МОНОЛИТНЫХ КОНСТРУКЦИЙ НАДЗЕМНОЙ ЧАСТИ ЗДАНИЙ	100 м3	Бетонирование по схеме "кран-бадья" монолитных железобетонных конструкций надземной части зданий, при высоте здания до 30 м: колонн при наименьшей стороне поперечного сечения свыше
06-23-004-08	06-23-004	Бетонирование по схеме "кран-бадья" монолитных железобетонных конструкций надземной части зданий, пр	ВОЗВЕДЕНИЕ МОНОЛИТНЫХ КОНСТРУКЦИЙ НАДЗЕМНОЙ ЧАСТИ ЗДАНИЙ	100 м3	Бетонирование по схеме "кран-бадья" монолитных железобетонных конструкций надземной части зданий, при высоте здания до 30 м: колонн при наименьшей стороне поперечного сечения свыше
06-23-004-09	06-23-004	Бетонирование по схеме "кран-бадья" монолитных железобетонных конструкций надземной части зданий, пр	ВОЗВЕДЕНИЕ МОНОЛИТНЫХ КОНСТРУКЦИЙ НАДЗЕМНОЙ ЧАСТИ ЗДАНИЙ	100 м3	Бетонирование по схеме "кран-бадья" монолитных железобетонных конструкций надземной части зданий, при высоте здания до 30 м: перекрытий при площади перекрытия между осями колонн ил
06-23-004-10	06-23-004	Бетонирование по схеме "кран-бадья" монолитных железобетонных конструкций надземной части зданий, пр	ВОЗВЕДЕНИЕ МОНОЛИТНЫХ КОНСТРУКЦИЙ НАДЗЕМНОЙ ЧАСТИ ЗДАНИЙ	100 м3	Бетонирование по схеме "кран-бадья" монолитных железобетонных конструкций надземной части зданий, при высоте здания до 30 м: перекрытий при площади перекрытия между осями колонн ил
06-23-004-11	06-23-004	Бетонирование по схеме "кран-бадья" монолитных железобетонных конструкций надземной части зданий, пр	ВОЗВЕДЕНИЕ МОНОЛИТНЫХ КОНСТРУКЦИЙ НАДЗЕМНОЙ ЧАСТИ ЗДАНИЙ	100 м3	Бетонирование по схеме "кран-бадья" монолитных железобетонных конструкций надземной части зданий, при высоте здания до 30 м: перекрытий при площади перекрытия между осями колонн ил
06-23-004-12	06-23-004	Бетонирование по схеме "кран-бадья" монолитных железобетонных конструкций надземной части зданий, пр	ВОЗВЕДЕНИЕ МОНОЛИТНЫХ КОНСТРУКЦИЙ НАДЗЕМНОЙ ЧАСТИ ЗДАНИЙ	100 м3	Бетонирование по схеме "кран-бадья" монолитных железобетонных конструкций надземной части зданий, при высоте здания до 30 м: лестничных маршей
06-23-004-13	06-23-004	Бетонирование по схеме "кран-бадья" монолитных железобетонных конструкций надземной части зданий, пр	ВОЗВЕДЕНИЕ МОНОЛИТНЫХ КОНСТРУКЦИЙ НАДЗЕМНОЙ ЧАСТИ ЗДАНИЙ	100 м3	Бетонирование по схеме "кран-бадья" монолитных железобетонных конструкций надземной части зданий, при высоте здания до 30 м: лестничных и балконных площадок
06-23-006-01	06-23-006	Монтаж мелкощитовой опалубки монолитных железобетонных конструкций надземной части зданий, при высот	ВОЗВЕДЕНИЕ МОНОЛИТНЫХ КОНСТРУКЦИЙ НАДЗЕМНОЙ ЧАСТИ ЗДАНИЙ	100 м2	Монтаж мелкощитовой опалубки монолитных железобетонных конструкций надземной части зданий, при высоте здания свыше 30 м до 40 м: стен
06-23-006-02	06-23-006	Монтаж мелкощитовой опалубки монолитных железобетонных конструкций надземной части зданий, при высот	ВОЗВЕДЕНИЕ МОНОЛИТНЫХ КОНСТРУКЦИЙ НАДЗЕМНОЙ ЧАСТИ ЗДАНИЙ	100 м2	Монтаж мелкощитовой опалубки монолитных железобетонных конструкций надземной части зданий, при высоте здания свыше 30 м до 40 м: колонн периметром до 1200 мм
06-23-006-03	06-23-006	Монтаж мелкощитовой опалубки монолитных железобетонных конструкций надземной части зданий, при высот	ВОЗВЕДЕНИЕ МОНОЛИТНЫХ КОНСТРУКЦИЙ НАДЗЕМНОЙ ЧАСТИ ЗДАНИЙ	100 м2	Монтаж мелкощитовой опалубки монолитных железобетонных конструкций надземной части зданий, при высоте здания свыше 30 м до 40 м: колонн периметром свыше 1200 мм
06-23-006-04	06-23-006	Монтаж мелкощитовой опалубки монолитных железобетонных конструкций надземной части зданий, при высот	ВОЗВЕДЕНИЕ МОНОЛИТНЫХ КОНСТРУКЦИЙ НАДЗЕМНОЙ ЧАСТИ ЗДАНИЙ	100 м2	Монтаж мелкощитовой опалубки монолитных железобетонных конструкций надземной части зданий, при высоте здания свыше 30 м до 40 м: перекрытия
06-23-006-05	06-23-006	Монтаж мелкощитовой опалубки монолитных железобетонных конструкций надземной части зданий, при высот	ВОЗВЕДЕНИЕ МОНОЛИТНЫХ КОНСТРУКЦИЙ НАДЗЕМНОЙ ЧАСТИ ЗДАНИЙ	100 м2	Монтаж мелкощитовой опалубки монолитных железобетонных конструкций надземной части зданий, при высоте здания свыше 30 м до 40 м: лестничных маршей
06-23-007-01	06-23-007	Демонтаж мелкощитовой опалубки монолитных железобетонных конструкций надземной части зданий, при выс	ВОЗВЕДЕНИЕ МОНОЛИТНЫХ КОНСТРУКЦИЙ НАДЗЕМНОЙ ЧАСТИ ЗДАНИЙ	100 м2	Демонтаж мелкощитовой опалубки монолитных железобетонных конструкций надземной части зданий, при высоте здания свыше 30 м до 40 м: стен
06-23-007-02	06-23-007	Демонтаж мелкощитовой опалубки монолитных железобетонных конструкций надземной части зданий, при выс	ВОЗВЕДЕНИЕ МОНОЛИТНЫХ КОНСТРУКЦИЙ НАДЗЕМНОЙ ЧАСТИ ЗДАНИЙ	100 м2	Демонтаж мелкощитовой опалубки монолитных железобетонных конструкций надземной части зданий, при высоте здания свыше 30 м до 40 м: колонн периметром до 1200 мм
06-23-007-03	06-23-007	Демонтаж мелкощитовой опалубки монолитных железобетонных конструкций надземной части зданий, при выс	ВОЗВЕДЕНИЕ МОНОЛИТНЫХ КОНСТРУКЦИЙ НАДЗЕМНОЙ ЧАСТИ ЗДАНИЙ	100 м2	Демонтаж мелкощитовой опалубки монолитных железобетонных конструкций надземной части зданий, при высоте здания свыше 30 м до 40 м: колонн периметром свыше 1200 мм
06-23-007-04	06-23-007	Демонтаж мелкощитовой опалубки монолитных железобетонных конструкций надземной части зданий, при выс	ВОЗВЕДЕНИЕ МОНОЛИТНЫХ КОНСТРУКЦИЙ НАДЗЕМНОЙ ЧАСТИ ЗДАНИЙ	100 м2	Демонтаж мелкощитовой опалубки монолитных железобетонных конструкций надземной части зданий, при высоте здания свыше 30 м до 40 м: перекрытия
06-23-007-05	06-23-007	Демонтаж мелкощитовой опалубки монолитных железобетонных конструкций надземной части зданий, при выс	ВОЗВЕДЕНИЕ МОНОЛИТНЫХ КОНСТРУКЦИЙ НАДЗЕМНОЙ ЧАСТИ ЗДАНИЙ	100 м2	Демонтаж мелкощитовой опалубки монолитных железобетонных конструкций надземной части зданий, при высоте здания свыше 30 м до 40 м: лестничных маршей
06-23-008-01	06-23-008	Армирование монолитных железобетонных конструкций надземной части зданий, при высоте здания свыше 30	ВОЗВЕДЕНИЕ МОНОЛИТНЫХ КОНСТРУКЦИЙ НАДЗЕМНОЙ ЧАСТИ ЗДАНИЙ	т	Установка каркасов и сеток в опалубку монолитных железобетонных конструкций надземной части зданий, при высоте здания свыше 30 до 40 м: стен
06-23-008-02	06-23-008	Армирование монолитных железобетонных конструкций надземной части зданий, при высоте здания свыше 30	ВОЗВЕДЕНИЕ МОНОЛИТНЫХ КОНСТРУКЦИЙ НАДЗЕМНОЙ ЧАСТИ ЗДАНИЙ	т	Установка каркасов и сеток в опалубку монолитных железобетонных конструкций надземной части зданий, при высоте здания свыше 30 до 40 м: перекрытий
06-23-008-03	06-23-008	Армирование монолитных железобетонных конструкций надземной части зданий, при высоте здания свыше 30	ВОЗВЕДЕНИЕ МОНОЛИТНЫХ КОНСТРУКЦИЙ НАДЗЕМНОЙ ЧАСТИ ЗДАНИЙ	т	Установка заготовок арматурных в опалубку монолитных железобетонных конструкций надземной части зданий, при высоте здания свыше 30 до 40 м: стен
06-23-008-04	06-23-008	Армирование монолитных железобетонных конструкций надземной части зданий, при высоте здания свыше 30	ВОЗВЕДЕНИЕ МОНОЛИТНЫХ КОНСТРУКЦИЙ НАДЗЕМНОЙ ЧАСТИ ЗДАНИЙ	т	Установка заготовок арматурных в опалубку монолитных железобетонных конструкций надземной части зданий, при высоте здания свыше 30 до 40 м: колонн
06-23-008-05	06-23-008	Армирование монолитных железобетонных конструкций надземной части зданий, при высоте здания свыше 30	ВОЗВЕДЕНИЕ МОНОЛИТНЫХ КОНСТРУКЦИЙ НАДЗЕМНОЙ ЧАСТИ ЗДАНИЙ	т	Установка заготовок арматурных в опалубку монолитных железобетонных конструкций надземной части зданий, при высоте здания свыше 30 до 40 м: перекрытий
06-23-008-06	06-23-008	Армирование монолитных железобетонных конструкций надземной части зданий, при высоте здания свыше 30	ВОЗВЕДЕНИЕ МОНОЛИТНЫХ КОНСТРУКЦИЙ НАДЗЕМНОЙ ЧАСТИ ЗДАНИЙ	т	Установка заготовок арматурных в опалубку монолитных железобетонных конструкций надземной части зданий, при высоте здания свыше 30 до 40 м: лестничных маршей
06-23-008-07	06-23-008	Армирование монолитных железобетонных конструкций надземной части зданий, при высоте здания свыше 30	ВОЗВЕДЕНИЕ МОНОЛИТНЫХ КОНСТРУКЦИЙ НАДЗЕМНОЙ ЧАСТИ ЗДАНИЙ	т	Установка закладных деталей монолитных железобетонных конструкций надземной части зданий при высоте здания свыше 30 до 40 м
06-23-009-01	06-23-009	Бетонирование по схеме "кран-бадья" монолитных железобетонных конструкций надземной части зданий, пр	ВОЗВЕДЕНИЕ МОНОЛИТНЫХ КОНСТРУКЦИЙ НАДЗЕМНОЙ ЧАСТИ ЗДАНИЙ	100 м3	Бетонирование по схеме "кран-бадья" монолитных железобетонных конструкций надземной части зданий, при высоте здания свыше 30 до 40 м: стен толщиной до 100 мм
06-23-009-02	06-23-009	Бетонирование по схеме "кран-бадья" монолитных железобетонных конструкций надземной части зданий, пр	ВОЗВЕДЕНИЕ МОНОЛИТНЫХ КОНСТРУКЦИЙ НАДЗЕМНОЙ ЧАСТИ ЗДАНИЙ	100 м3	Бетонирование по схеме "кран-бадья" монолитных железобетонных конструкций надземной части зданий, при высоте здания свыше 30 до 40 м: стен толщиной свыше 100 мм до 150 мм
06-23-009-03	06-23-009	Бетонирование по схеме "кран-бадья" монолитных железобетонных конструкций надземной части зданий, пр	ВОЗВЕДЕНИЕ МОНОЛИТНЫХ КОНСТРУКЦИЙ НАДЗЕМНОЙ ЧАСТИ ЗДАНИЙ	100 м3	Бетонирование по схеме "кран-бадья" монолитных железобетонных конструкций надземной части зданий, при высоте здания свыше 30 до 40 м: стен толщиной свыше 150 мм до 200 мм
06-23-009-04	06-23-009	Бетонирование по схеме "кран-бадья" монолитных железобетонных конструкций надземной части зданий, пр	ВОЗВЕДЕНИЕ МОНОЛИТНЫХ КОНСТРУКЦИЙ НАДЗЕМНОЙ ЧАСТИ ЗДАНИЙ	100 м3	Бетонирование по схеме "кран-бадья" монолитных железобетонных конструкций надземной части зданий, при высоте здания свыше 30 до 40 м: стен толщиной свыше 200 мм до 300 мм
06-23-009-05	06-23-009	Бетонирование по схеме "кран-бадья" монолитных железобетонных конструкций надземной части зданий, пр	ВОЗВЕДЕНИЕ МОНОЛИТНЫХ КОНСТРУКЦИЙ НАДЗЕМНОЙ ЧАСТИ ЗДАНИЙ	100 м3	Бетонирование по схеме "кран-бадья" монолитных железобетонных конструкций надземной части зданий, при высоте здания свыше 30 до 40 м: стен толщиной свыше 300 мм
06-23-009-06	06-23-009	Бетонирование по схеме "кран-бадья" монолитных железобетонных конструкций надземной части зданий, пр	ВОЗВЕДЕНИЕ МОНОЛИТНЫХ КОНСТРУКЦИЙ НАДЗЕМНОЙ ЧАСТИ ЗДАНИЙ	100 м3	Бетонирование по схеме "кран-бадья" монолитных железобетонных конструкций надземной части зданий, при высоте здания свыше 30 до 40 м: колонн при наименьшей стороне поперечного сече
06-23-009-07	06-23-009	Бетонирование по схеме "кран-бадья" монолитных железобетонных конструкций надземной части зданий, пр	ВОЗВЕДЕНИЕ МОНОЛИТНЫХ КОНСТРУКЦИЙ НАДЗЕМНОЙ ЧАСТИ ЗДАНИЙ	100 м3	Бетонирование по схеме "кран-бадья" монолитных железобетонных конструкций надземной части зданий, при высоте здания свыше 30 до 40 м: колонн при наименьшей стороне поперечного сече
06-23-009-08	06-23-009	Бетонирование по схеме "кран-бадья" монолитных железобетонных конструкций надземной части зданий, пр	ВОЗВЕДЕНИЕ МОНОЛИТНЫХ КОНСТРУКЦИЙ НАДЗЕМНОЙ ЧАСТИ ЗДАНИЙ	100 м3	Бетонирование по схеме "кран-бадья" монолитных железобетонных конструкций надземной части зданий, при высоте здания свыше 30 до 40 м: колонн при наименьшей стороне поперечного сече
06-23-009-09	06-23-009	Бетонирование по схеме "кран-бадья" монолитных железобетонных конструкций надземной части зданий, пр	ВОЗВЕДЕНИЕ МОНОЛИТНЫХ КОНСТРУКЦИЙ НАДЗЕМНОЙ ЧАСТИ ЗДАНИЙ	100 м3	Бетонирование по схеме "кран-бадья" монолитных железобетонных конструкций надземной части зданий, при высоте здания свыше 30 до 40 м: перекрытий при площади перекрытия между осями 
06-23-009-10	06-23-009	Бетонирование по схеме "кран-бадья" монолитных железобетонных конструкций надземной части зданий, пр	ВОЗВЕДЕНИЕ МОНОЛИТНЫХ КОНСТРУКЦИЙ НАДЗЕМНОЙ ЧАСТИ ЗДАНИЙ	100 м3	Бетонирование по схеме "кран-бадья" монолитных железобетонных конструкций надземной части зданий, при высоте здания свыше 30 до 40 м: перекрытий при площади перекрытия между осями 
06-23-009-11	06-23-009	Бетонирование по схеме "кран-бадья" монолитных железобетонных конструкций надземной части зданий, пр	ВОЗВЕДЕНИЕ МОНОЛИТНЫХ КОНСТРУКЦИЙ НАДЗЕМНОЙ ЧАСТИ ЗДАНИЙ	100 м3	Бетонирование по схеме "кран-бадья" монолитных железобетонных конструкций надземной части зданий, при высоте здания свыше 30 до 40 м: перекрытий при площади перекрытия между осями 
06-23-009-12	06-23-009	Бетонирование по схеме "кран-бадья" монолитных железобетонных конструкций надземной части зданий, пр	ВОЗВЕДЕНИЕ МОНОЛИТНЫХ КОНСТРУКЦИЙ НАДЗЕМНОЙ ЧАСТИ ЗДАНИЙ	100 м3	Бетонирование по схеме "кран-бадья" монолитных железобетонных конструкций надземной части зданий, при высоте здания свыше 30 до 40 м: лестничных маршей
06-23-009-13	06-23-009	Бетонирование по схеме "кран-бадья" монолитных железобетонных конструкций надземной части зданий, пр	ВОЗВЕДЕНИЕ МОНОЛИТНЫХ КОНСТРУКЦИЙ НАДЗЕМНОЙ ЧАСТИ ЗДАНИЙ	100 м3	Бетонирование по схеме "кран-бадья" монолитных железобетонных конструкций надземной части зданий, при высоте здания свыше 30 до 40 м: лестничных и балконных площадок
06-23-011-01	06-23-011	Монтаж мелкощитовой опалубки монолитных железобетонных конструкций надземной части зданий, при высот	ВОЗВЕДЕНИЕ МОНОЛИТНЫХ КОНСТРУКЦИЙ НАДЗЕМНОЙ ЧАСТИ ЗДАНИЙ	100 м2	Монтаж мелкощитовой опалубки монолитных железобетонных конструкций надземной части зданий, при высоте здания свыше 40 м до 57 м: стен
06-23-011-02	06-23-011	Монтаж мелкощитовой опалубки монолитных железобетонных конструкций надземной части зданий, при высот	ВОЗВЕДЕНИЕ МОНОЛИТНЫХ КОНСТРУКЦИЙ НАДЗЕМНОЙ ЧАСТИ ЗДАНИЙ	100 м2	Монтаж мелкощитовой опалубки монолитных железобетонных конструкций надземной части зданий, при высоте здания свыше 40 м до 57 м: колонн периметром до 1200 мм
06-23-011-03	06-23-011	Монтаж мелкощитовой опалубки монолитных железобетонных конструкций надземной части зданий, при высот	ВОЗВЕДЕНИЕ МОНОЛИТНЫХ КОНСТРУКЦИЙ НАДЗЕМНОЙ ЧАСТИ ЗДАНИЙ	100 м2	Монтаж мелкощитовой опалубки монолитных железобетонных конструкций надземной части зданий, при высоте здания свыше 40 м до 57 м: колонн периметром свыше 1200 мм
06-23-011-04	06-23-011	Монтаж мелкощитовой опалубки монолитных железобетонных конструкций надземной части зданий, при высот	ВОЗВЕДЕНИЕ МОНОЛИТНЫХ КОНСТРУКЦИЙ НАДЗЕМНОЙ ЧАСТИ ЗДАНИЙ	100 м2	Монтаж мелкощитовой опалубки монолитных железобетонных конструкций надземной части зданий, при высоте здания свыше 40 м до 57 м: перекрытия
06-23-011-05	06-23-011	Монтаж мелкощитовой опалубки монолитных железобетонных конструкций надземной части зданий, при высот	ВОЗВЕДЕНИЕ МОНОЛИТНЫХ КОНСТРУКЦИЙ НАДЗЕМНОЙ ЧАСТИ ЗДАНИЙ	100 м2	Монтаж мелкощитовой опалубки монолитных железобетонных конструкций надземной части зданий, при высоте здания свыше 40 м до 57 м: лестничных маршей
06-23-012-01	06-23-012	Демонтаж мелкощитовой опалубки монолитных железобетонных конструкций надземной части зданий, при выс	ВОЗВЕДЕНИЕ МОНОЛИТНЫХ КОНСТРУКЦИЙ НАДЗЕМНОЙ ЧАСТИ ЗДАНИЙ	100 м2	Демонтаж мелкощитовой опалубки монолитных железобетонных конструкций надземной части зданий, при высоте здания свыше 40 м до 57 м: стен
06-23-012-02	06-23-012	Демонтаж мелкощитовой опалубки монолитных железобетонных конструкций надземной части зданий, при выс	ВОЗВЕДЕНИЕ МОНОЛИТНЫХ КОНСТРУКЦИЙ НАДЗЕМНОЙ ЧАСТИ ЗДАНИЙ	100 м2	Демонтаж мелкощитовой опалубки монолитных железобетонных конструкций надземной части зданий, при высоте здания свыше 40 м до 57 м: колонн периметром до 1200 мм
06-23-012-03	06-23-012	Демонтаж мелкощитовой опалубки монолитных железобетонных конструкций надземной части зданий, при выс	ВОЗВЕДЕНИЕ МОНОЛИТНЫХ КОНСТРУКЦИЙ НАДЗЕМНОЙ ЧАСТИ ЗДАНИЙ	100 м2	Демонтаж мелкощитовой опалубки монолитных железобетонных конструкций надземной части зданий, при высоте здания свыше 40 м до 57 м: колонн периметром свыше 1200 мм
06-23-012-04	06-23-012	Демонтаж мелкощитовой опалубки монолитных железобетонных конструкций надземной части зданий, при выс	ВОЗВЕДЕНИЕ МОНОЛИТНЫХ КОНСТРУКЦИЙ НАДЗЕМНОЙ ЧАСТИ ЗДАНИЙ	100 м2	Демонтаж мелкощитовой опалубки монолитных железобетонных конструкций надземной части зданий, при высоте здания свыше 40 м до 57 м: перекрытия
06-23-012-05	06-23-012	Демонтаж мелкощитовой опалубки монолитных железобетонных конструкций надземной части зданий, при выс	ВОЗВЕДЕНИЕ МОНОЛИТНЫХ КОНСТРУКЦИЙ НАДЗЕМНОЙ ЧАСТИ ЗДАНИЙ	100 м2	Демонтаж мелкощитовой опалубки монолитных железобетонных конструкций надземной части зданий, при высоте здания свыше 40 м до 57 м: лестничных маршей
06-23-013-01	06-23-013	Армирование монолитных железобетонных конструкций надземной части зданий, при высоте здания свыше 40	ВОЗВЕДЕНИЕ МОНОЛИТНЫХ КОНСТРУКЦИЙ НАДЗЕМНОЙ ЧАСТИ ЗДАНИЙ	т	Установка каркасов и сеток в опалубку монолитных железобетонных конструкций надземной части зданий, при высоте здания свыше 40 до 57 м: стен
06-23-013-02	06-23-013	Армирование монолитных железобетонных конструкций надземной части зданий, при высоте здания свыше 40	ВОЗВЕДЕНИЕ МОНОЛИТНЫХ КОНСТРУКЦИЙ НАДЗЕМНОЙ ЧАСТИ ЗДАНИЙ	т	Установка каркасов и сеток в опалубку монолитных железобетонных конструкций надземной части зданий, при высоте здания свыше 40 до 57 м: перекрытий
06-23-013-03	06-23-013	Армирование монолитных железобетонных конструкций надземной части зданий, при высоте здания свыше 40	ВОЗВЕДЕНИЕ МОНОЛИТНЫХ КОНСТРУКЦИЙ НАДЗЕМНОЙ ЧАСТИ ЗДАНИЙ	т	Установка заготовок арматурных в опалубку монолитных железобетонных конструкций надземной части зданий, при высоте здания свыше 40 до 57 м: стен
06-23-013-04	06-23-013	Армирование монолитных железобетонных конструкций надземной части зданий, при высоте здания свыше 40	ВОЗВЕДЕНИЕ МОНОЛИТНЫХ КОНСТРУКЦИЙ НАДЗЕМНОЙ ЧАСТИ ЗДАНИЙ	т	Установка заготовок арматурных в опалубку монолитных железобетонных конструкций надземной части зданий, при высоте здания свыше 40 до 57 м: колонн
06-23-013-05	06-23-013	Армирование монолитных железобетонных конструкций надземной части зданий, при высоте здания свыше 40	ВОЗВЕДЕНИЕ МОНОЛИТНЫХ КОНСТРУКЦИЙ НАДЗЕМНОЙ ЧАСТИ ЗДАНИЙ	т	Установка заготовок арматурных в опалубку монолитных железобетонных конструкций надземной части зданий, при высоте здания свыше 40 до 57 м: перекрытий
06-23-013-06	06-23-013	Армирование монолитных железобетонных конструкций надземной части зданий, при высоте здания свыше 40	ВОЗВЕДЕНИЕ МОНОЛИТНЫХ КОНСТРУКЦИЙ НАДЗЕМНОЙ ЧАСТИ ЗДАНИЙ	т	Установка заготовок арматурных в опалубку монолитных железобетонных конструкций надземной части зданий, при высоте здания свыше 40 до 57 м: лестничных маршей
06-23-013-07	06-23-013	Армирование монолитных железобетонных конструкций надземной части зданий, при высоте здания свыше 40	ВОЗВЕДЕНИЕ МОНОЛИТНЫХ КОНСТРУКЦИЙ НАДЗЕМНОЙ ЧАСТИ ЗДАНИЙ	т	Установка закладных деталей монолитных железобетонных конструкций надземной части зданий, при высоте здания свыше 40 до 57 м
06-23-014-01	06-23-014	Бетонирование по схеме "кран-бадья" монолитных железобетонных конструкций надземной части зданий, пр	ВОЗВЕДЕНИЕ МОНОЛИТНЫХ КОНСТРУКЦИЙ НАДЗЕМНОЙ ЧАСТИ ЗДАНИЙ	100 м3	Бетонирование по схеме "кран-бадья" монолитных железобетонных конструкций надземной части зданий, при высоте здания свыше 40 м до 57 м: стен толщиной до 100 мм
06-23-014-02	06-23-014	Бетонирование по схеме "кран-бадья" монолитных железобетонных конструкций надземной части зданий, пр	ВОЗВЕДЕНИЕ МОНОЛИТНЫХ КОНСТРУКЦИЙ НАДЗЕМНОЙ ЧАСТИ ЗДАНИЙ	100 м3	Бетонирование по схеме "кран-бадья" монолитных железобетонных конструкций надземной части зданий, при высоте здания свыше 40 м до 57 м: стен толщиной свыше 100 мм до 150 мм
06-23-014-03	06-23-014	Бетонирование по схеме "кран-бадья" монолитных железобетонных конструкций надземной части зданий, пр	ВОЗВЕДЕНИЕ МОНОЛИТНЫХ КОНСТРУКЦИЙ НАДЗЕМНОЙ ЧАСТИ ЗДАНИЙ	100 м3	Бетонирование по схеме "кран-бадья" монолитных железобетонных конструкций надземной части зданий, при высоте здания свыше 40 м до 57 м: стен толщиной свыше 150 мм до 200 мм
06-23-014-04	06-23-014	Бетонирование по схеме "кран-бадья" монолитных железобетонных конструкций надземной части зданий, пр	ВОЗВЕДЕНИЕ МОНОЛИТНЫХ КОНСТРУКЦИЙ НАДЗЕМНОЙ ЧАСТИ ЗДАНИЙ	100 м3	Бетонирование по схеме "кран-бадья" монолитных железобетонных конструкций надземной части зданий, при высоте здания свыше 40 м до 57 м: стен толщиной свыше 200 мм до 300 мм
06-23-014-05	06-23-014	Бетонирование по схеме "кран-бадья" монолитных железобетонных конструкций надземной части зданий, пр	ВОЗВЕДЕНИЕ МОНОЛИТНЫХ КОНСТРУКЦИЙ НАДЗЕМНОЙ ЧАСТИ ЗДАНИЙ	100 м3	Бетонирование по схеме "кран-бадья" монолитных железобетонных конструкций надземной части зданий, при высоте здания свыше 40 м до 57 м: стен толщиной свыше 300 мм
06-23-014-06	06-23-014	Бетонирование по схеме "кран-бадья" монолитных железобетонных конструкций надземной части зданий, пр	ВОЗВЕДЕНИЕ МОНОЛИТНЫХ КОНСТРУКЦИЙ НАДЗЕМНОЙ ЧАСТИ ЗДАНИЙ	100 м3	Бетонирование по схеме "кран-бадья" монолитных железобетонных конструкций надземной части зданий, при высоте здания свыше 40 м до 57 м: колонн при наименьшей стороне поперечного се
06-23-014-07	06-23-014	Бетонирование по схеме "кран-бадья" монолитных железобетонных конструкций надземной части зданий, пр	ВОЗВЕДЕНИЕ МОНОЛИТНЫХ КОНСТРУКЦИЙ НАДЗЕМНОЙ ЧАСТИ ЗДАНИЙ	100 м3	Бетонирование по схеме "кран-бадья" монолитных железобетонных конструкций надземной части зданий, при высоте здания свыше 40 м до 57 м: колонн при наименьшей стороне поперечного се
06-23-014-08	06-23-014	Бетонирование по схеме "кран-бадья" монолитных железобетонных конструкций надземной части зданий, пр	ВОЗВЕДЕНИЕ МОНОЛИТНЫХ КОНСТРУКЦИЙ НАДЗЕМНОЙ ЧАСТИ ЗДАНИЙ	100 м3	Бетонирование по схеме "кран-бадья" монолитных железобетонных конструкций надземной части зданий, при высоте здания свыше 40 м до 57 м: колонн при наименьшей стороне поперечного се
06-23-014-09	06-23-014	Бетонирование по схеме "кран-бадья" монолитных железобетонных конструкций надземной части зданий, пр	ВОЗВЕДЕНИЕ МОНОЛИТНЫХ КОНСТРУКЦИЙ НАДЗЕМНОЙ ЧАСТИ ЗДАНИЙ	100 м3	Бетонирование по схеме "кран-бадья" монолитных железобетонных конструкций надземной части зданий, при высоте здания свыше 40 м до 57 м: перекрытий при площади перекрытия между осям
06-23-014-10	06-23-014	Бетонирование по схеме "кран-бадья" монолитных железобетонных конструкций надземной части зданий, пр	ВОЗВЕДЕНИЕ МОНОЛИТНЫХ КОНСТРУКЦИЙ НАДЗЕМНОЙ ЧАСТИ ЗДАНИЙ	100 м3	Бетонирование по схеме "кран-бадья" монолитных железобетонных конструкций надземной части зданий, при высоте здания свыше 40 м до 57 м: перекрытий при площади перекрытия между осям
06-23-014-11	06-23-014	Бетонирование по схеме "кран-бадья" монолитных железобетонных конструкций надземной части зданий, пр	ВОЗВЕДЕНИЕ МОНОЛИТНЫХ КОНСТРУКЦИЙ НАДЗЕМНОЙ ЧАСТИ ЗДАНИЙ	100 м3	Бетонирование по схеме "кран-бадья" монолитных железобетонных конструкций надземной части зданий, при высоте здания свыше 40 м до 57 м: перекрытий при площади перекрытия между осям
06-23-014-12	06-23-014	Бетонирование по схеме "кран-бадья" монолитных железобетонных конструкций надземной части зданий, пр	ВОЗВЕДЕНИЕ МОНОЛИТНЫХ КОНСТРУКЦИЙ НАДЗЕМНОЙ ЧАСТИ ЗДАНИЙ	100 м3	Бетонирование по схеме "кран-бадья" монолитных железобетонных конструкций надземной части зданий, при высоте здания свыше 40 м до 57 м: лестничных маршей
06-23-014-13	06-23-014	Бетонирование по схеме "кран-бадья" монолитных железобетонных конструкций надземной части зданий, пр	ВОЗВЕДЕНИЕ МОНОЛИТНЫХ КОНСТРУКЦИЙ НАДЗЕМНОЙ ЧАСТИ ЗДАНИЙ	100 м3	Бетонирование по схеме "кран-бадья" монолитных железобетонных конструкций надземной части зданий, при высоте здания свыше 40 м до 57 м: лестничных и балконных площадок
06-23-016-01	06-23-016	Монтаж мелкощитовой опалубки монолитных железобетонных конструкций надземной части зданий, при высот	ВОЗВЕДЕНИЕ МОНОЛИТНЫХ КОНСТРУКЦИЙ НАДЗЕМНОЙ ЧАСТИ ЗДАНИЙ	100 м2	Монтаж мелкощитовой опалубки монолитных железобетонных конструкций надземной части зданий, при высоте здания свыше 57 м до 75 м: стен
06-23-016-02	06-23-016	Монтаж мелкощитовой опалубки монолитных железобетонных конструкций надземной части зданий, при высот	ВОЗВЕДЕНИЕ МОНОЛИТНЫХ КОНСТРУКЦИЙ НАДЗЕМНОЙ ЧАСТИ ЗДАНИЙ	100 м2	Монтаж мелкощитовой опалубки монолитных железобетонных конструкций надземной части зданий, при высоте здания свыше 57 м до 75 м: колонн периметром до 1200 мм
06-23-016-03	06-23-016	Монтаж мелкощитовой опалубки монолитных железобетонных конструкций надземной части зданий, при высот	ВОЗВЕДЕНИЕ МОНОЛИТНЫХ КОНСТРУКЦИЙ НАДЗЕМНОЙ ЧАСТИ ЗДАНИЙ	100 м2	Монтаж мелкощитовой опалубки монолитных железобетонных конструкций надземной части зданий, при высоте здания свыше 57 м до 75 м: колонн периметром свыше 1200 мм
06-23-016-04	06-23-016	Монтаж мелкощитовой опалубки монолитных железобетонных конструкций надземной части зданий, при высот	ВОЗВЕДЕНИЕ МОНОЛИТНЫХ КОНСТРУКЦИЙ НАДЗЕМНОЙ ЧАСТИ ЗДАНИЙ	100 м2	Монтаж мелкощитовой опалубки монолитных железобетонных конструкций надземной части зданий, при высоте здания свыше 57 м до 75 м: перекрытия
06-23-016-05	06-23-016	Монтаж мелкощитовой опалубки монолитных железобетонных конструкций надземной части зданий, при высот	ВОЗВЕДЕНИЕ МОНОЛИТНЫХ КОНСТРУКЦИЙ НАДЗЕМНОЙ ЧАСТИ ЗДАНИЙ	100 м2	Монтаж мелкощитовой опалубки монолитных железобетонных конструкций надземной части зданий, при высоте здания свыше 57 м до 75 м: лестничных маршей
06-23-017-01	06-23-017	Демонтаж мелкощитовой опалубки монолитных железобетонных конструкций надземной части зданий, при выс	ВОЗВЕДЕНИЕ МОНОЛИТНЫХ КОНСТРУКЦИЙ НАДЗЕМНОЙ ЧАСТИ ЗДАНИЙ	100 м2	Демонтаж мелкощитовой опалубки монолитных железобетонных конструкций надземной части зданий, при высоте здания свыше 57 м до 75 м: стен
06-23-017-02	06-23-017	Демонтаж мелкощитовой опалубки монолитных железобетонных конструкций надземной части зданий, при выс	ВОЗВЕДЕНИЕ МОНОЛИТНЫХ КОНСТРУКЦИЙ НАДЗЕМНОЙ ЧАСТИ ЗДАНИЙ	100 м2	Демонтаж мелкощитовой опалубки монолитных железобетонных конструкций надземной части зданий, при высоте здания свыше 57 м до 75 м: колонн периметром до 1200 мм
06-23-017-03	06-23-017	Демонтаж мелкощитовой опалубки монолитных железобетонных конструкций надземной части зданий, при выс	ВОЗВЕДЕНИЕ МОНОЛИТНЫХ КОНСТРУКЦИЙ НАДЗЕМНОЙ ЧАСТИ ЗДАНИЙ	100 м2	Демонтаж мелкощитовой опалубки монолитных железобетонных конструкций надземной части зданий, при высоте здания свыше 57 м до 75 м: колонн периметром свыше 1200 мм
06-23-017-04	06-23-017	Демонтаж мелкощитовой опалубки монолитных железобетонных конструкций надземной части зданий, при выс	ВОЗВЕДЕНИЕ МОНОЛИТНЫХ КОНСТРУКЦИЙ НАДЗЕМНОЙ ЧАСТИ ЗДАНИЙ	100 м2	Демонтаж мелкощитовой опалубки монолитных железобетонных конструкций надземной части зданий, при высоте здания свыше 57 м до 75 м: перекрытия
06-23-017-05	06-23-017	Демонтаж мелкощитовой опалубки монолитных железобетонных конструкций надземной части зданий, при выс	ВОЗВЕДЕНИЕ МОНОЛИТНЫХ КОНСТРУКЦИЙ НАДЗЕМНОЙ ЧАСТИ ЗДАНИЙ	100 м2	Демонтаж мелкощитовой опалубки монолитных железобетонных конструкций надземной части зданий, при высоте здания свыше 57 м до 75 м: лестничных маршей
06-23-018-01	06-23-018	Армирование монолитных железобетонных конструкций надземной части зданий, при высоте здания свыше 57	ВОЗВЕДЕНИЕ МОНОЛИТНЫХ КОНСТРУКЦИЙ НАДЗЕМНОЙ ЧАСТИ ЗДАНИЙ	т	Установка каркасов и сеток в опалубку монолитных железобетонных конструкций надземной части зданий, при высоте здания свыше 57 до 75 м: стен
06-23-018-02	06-23-018	Армирование монолитных железобетонных конструкций надземной части зданий, при высоте здания свыше 57	ВОЗВЕДЕНИЕ МОНОЛИТНЫХ КОНСТРУКЦИЙ НАДЗЕМНОЙ ЧАСТИ ЗДАНИЙ	т	Установка каркасов и сеток в опалубку монолитных железобетонных конструкций надземной части зданий, при высоте здания свыше 57 до 75 м: перекрытий
06-23-018-03	06-23-018	Армирование монолитных железобетонных конструкций надземной части зданий, при высоте здания свыше 57	ВОЗВЕДЕНИЕ МОНОЛИТНЫХ КОНСТРУКЦИЙ НАДЗЕМНОЙ ЧАСТИ ЗДАНИЙ	т	Установка заготовок арматурных в опалубку монолитных железобетонных конструкций надземной части зданий, при высоте здания свыше 57 до 75 м: стен
06-23-018-04	06-23-018	Армирование монолитных железобетонных конструкций надземной части зданий, при высоте здания свыше 57	ВОЗВЕДЕНИЕ МОНОЛИТНЫХ КОНСТРУКЦИЙ НАДЗЕМНОЙ ЧАСТИ ЗДАНИЙ	т	Установка заготовок арматурных в опалубку монолитных железобетонных конструкций надземной части зданий, при высоте здания свыше 57 до 75 м: колонн
06-23-018-05	06-23-018	Армирование монолитных железобетонных конструкций надземной части зданий, при высоте здания свыше 57	ВОЗВЕДЕНИЕ МОНОЛИТНЫХ КОНСТРУКЦИЙ НАДЗЕМНОЙ ЧАСТИ ЗДАНИЙ	т	Установка заготовок арматурных в опалубку монолитных железобетонных конструкций надземной части зданий, при высоте здания свыше 57 до 75 м: перекрытий
06-23-018-06	06-23-018	Армирование монолитных железобетонных конструкций надземной части зданий, при высоте здания свыше 57	ВОЗВЕДЕНИЕ МОНОЛИТНЫХ КОНСТРУКЦИЙ НАДЗЕМНОЙ ЧАСТИ ЗДАНИЙ	т	Установка заготовок арматурных в опалубку монолитных железобетонных конструкций надземной части зданий, при высоте здания свыше 57 до 75 м: лестничных маршей
06-23-018-07	06-23-018	Армирование монолитных железобетонных конструкций надземной части зданий, при высоте здания свыше 57	ВОЗВЕДЕНИЕ МОНОЛИТНЫХ КОНСТРУКЦИЙ НАДЗЕМНОЙ ЧАСТИ ЗДАНИЙ	т	Установка закладных деталей монолитных железобетонных конструкций надземной части зданий при высоте здания свыше 57 до 75 м
06-23-019-01	06-23-019	Бетонирование по схеме "кран-бадья" монолитных железобетонных конструкций надземной части зданий, пр	ВОЗВЕДЕНИЕ МОНОЛИТНЫХ КОНСТРУКЦИЙ НАДЗЕМНОЙ ЧАСТИ ЗДАНИЙ	100 м3	Бетонирование по схеме "кран-бадья" монолитных железобетонных конструкций надземной части зданий, при высоте здания свыше 57 до 75 м: стен толщиной до 100 мм
06-23-019-02	06-23-019	Бетонирование по схеме "кран-бадья" монолитных железобетонных конструкций надземной части зданий, пр	ВОЗВЕДЕНИЕ МОНОЛИТНЫХ КОНСТРУКЦИЙ НАДЗЕМНОЙ ЧАСТИ ЗДАНИЙ	100 м3	Бетонирование по схеме "кран-бадья" монолитных железобетонных конструкций надземной части зданий, при высоте здания свыше 57 до 75 м: стен толщиной свыше 100 мм до 150 мм
06-23-019-03	06-23-019	Бетонирование по схеме "кран-бадья" монолитных железобетонных конструкций надземной части зданий, пр	ВОЗВЕДЕНИЕ МОНОЛИТНЫХ КОНСТРУКЦИЙ НАДЗЕМНОЙ ЧАСТИ ЗДАНИЙ	100 м3	Бетонирование по схеме "кран-бадья" монолитных железобетонных конструкций надземной части зданий, при высоте здания свыше 57 до 75 м: стен толщиной свыше 150 мм до 200 мм
06-23-019-04	06-23-019	Бетонирование по схеме "кран-бадья" монолитных железобетонных конструкций надземной части зданий, пр	ВОЗВЕДЕНИЕ МОНОЛИТНЫХ КОНСТРУКЦИЙ НАДЗЕМНОЙ ЧАСТИ ЗДАНИЙ	100 м3	Бетонирование по схеме "кран-бадья" монолитных железобетонных конструкций надземной части зданий, при высоте здания свыше 57 до 75 м: стен толщиной свыше 200 мм до 300 мм
06-23-019-05	06-23-019	Бетонирование по схеме "кран-бадья" монолитных железобетонных конструкций надземной части зданий, пр	ВОЗВЕДЕНИЕ МОНОЛИТНЫХ КОНСТРУКЦИЙ НАДЗЕМНОЙ ЧАСТИ ЗДАНИЙ	100 м3	Бетонирование по схеме "кран-бадья" монолитных железобетонных конструкций надземной части зданий, при высоте здания свыше 57 до 75 м: стен толщиной свыше 300 мм
06-23-019-06	06-23-019	Бетонирование по схеме "кран-бадья" монолитных железобетонных конструкций надземной части зданий, пр	ВОЗВЕДЕНИЕ МОНОЛИТНЫХ КОНСТРУКЦИЙ НАДЗЕМНОЙ ЧАСТИ ЗДАНИЙ	100 м3	Бетонирование по схеме "кран-бадья" монолитных железобетонных конструкций надземной части зданий, при высоте здания свыше 57 до 75 м: колонн при наименьшей стороне поперечного сече
06-23-019-07	06-23-019	Бетонирование по схеме "кран-бадья" монолитных железобетонных конструкций надземной части зданий, пр	ВОЗВЕДЕНИЕ МОНОЛИТНЫХ КОНСТРУКЦИЙ НАДЗЕМНОЙ ЧАСТИ ЗДАНИЙ	100 м3	Бетонирование по схеме "кран-бадья" монолитных железобетонных конструкций надземной части зданий, при высоте здания свыше 57 до 75 м: колонн при наименьшей стороне поперечного сече
06-23-019-08	06-23-019	Бетонирование по схеме "кран-бадья" монолитных железобетонных конструкций надземной части зданий, пр	ВОЗВЕДЕНИЕ МОНОЛИТНЫХ КОНСТРУКЦИЙ НАДЗЕМНОЙ ЧАСТИ ЗДАНИЙ	100 м3	Бетонирование по схеме "кран-бадья" монолитных железобетонных конструкций надземной части зданий, при высоте здания свыше 57 до 75 м: колонн при наименьшей стороне поперечного сече
06-23-019-09	06-23-019	Бетонирование по схеме "кран-бадья" монолитных железобетонных конструкций надземной части зданий, пр	ВОЗВЕДЕНИЕ МОНОЛИТНЫХ КОНСТРУКЦИЙ НАДЗЕМНОЙ ЧАСТИ ЗДАНИЙ	100 м3	Бетонирование по схеме "кран-бадья" монолитных железобетонных конструкций надземной части зданий, при высоте здания свыше 57 до 75 м: перекрытий при площади перекрытия между осями 
06-23-019-10	06-23-019	Бетонирование по схеме "кран-бадья" монолитных железобетонных конструкций надземной части зданий, пр	ВОЗВЕДЕНИЕ МОНОЛИТНЫХ КОНСТРУКЦИЙ НАДЗЕМНОЙ ЧАСТИ ЗДАНИЙ	100 м3	Бетонирование по схеме "кран-бадья" монолитных железобетонных конструкций надземной части зданий, при высоте здания свыше 57 до 75 м: перекрытий при площади перекрытия между осями 
06-23-019-11	06-23-019	Бетонирование по схеме "кран-бадья" монолитных железобетонных конструкций надземной части зданий, пр	ВОЗВЕДЕНИЕ МОНОЛИТНЫХ КОНСТРУКЦИЙ НАДЗЕМНОЙ ЧАСТИ ЗДАНИЙ	100 м3	Бетонирование по схеме "кран-бадья" монолитных железобетонных конструкций надземной части зданий, при высоте здания свыше 57 до 75 м: перекрытий при площади перекрытия между осями 
06-23-019-12	06-23-019	Бетонирование по схеме "кран-бадья" монолитных железобетонных конструкций надземной части зданий, пр	ВОЗВЕДЕНИЕ МОНОЛИТНЫХ КОНСТРУКЦИЙ НАДЗЕМНОЙ ЧАСТИ ЗДАНИЙ	100 м3	Бетонирование по схеме "кран-бадья" монолитных железобетонных конструкций надземной части зданий, при высоте здания свыше 57 до 75 м: лестничных маршей
06-23-019-13	06-23-019	Бетонирование по схеме "кран-бадья" монолитных железобетонных конструкций надземной части зданий, пр	ВОЗВЕДЕНИЕ МОНОЛИТНЫХ КОНСТРУКЦИЙ НАДЗЕМНОЙ ЧАСТИ ЗДАНИЙ	100 м3	Бетонирование по схеме "кран-бадья" монолитных железобетонных конструкций надземной части зданий, при высоте здания свыше 57 до 75 м: лестничных и балконных площадок
06-23-021-01	06-23-021	Монтаж мелкощитовой опалубки монолитных железобетонных конструкций надземной части зданий, при высот	ВОЗВЕДЕНИЕ МОНОЛИТНЫХ КОНСТРУКЦИЙ НАДЗЕМНОЙ ЧАСТИ ЗДАНИЙ	100 м2	Монтаж мелкощитовой опалубки монолитных железобетонных конструкций надземной части зданий, при высоте здания свыше 75 м до 105 м: стен
06-23-021-02	06-23-021	Монтаж мелкощитовой опалубки монолитных железобетонных конструкций надземной части зданий, при высот	ВОЗВЕДЕНИЕ МОНОЛИТНЫХ КОНСТРУКЦИЙ НАДЗЕМНОЙ ЧАСТИ ЗДАНИЙ	100 м2	Монтаж мелкощитовой опалубки монолитных железобетонных конструкций надземной части зданий, при высоте здания свыше 75 м до 105 м: колонн периметром до 1200 мм
06-23-021-03	06-23-021	Монтаж мелкощитовой опалубки монолитных железобетонных конструкций надземной части зданий, при высот	ВОЗВЕДЕНИЕ МОНОЛИТНЫХ КОНСТРУКЦИЙ НАДЗЕМНОЙ ЧАСТИ ЗДАНИЙ	100 м2	Монтаж мелкощитовой опалубки монолитных железобетонных конструкций надземной части зданий, при высоте здания свыше 75 м до 105 м: колонн периметром свыше 1200 мм
06-23-021-04	06-23-021	Монтаж мелкощитовой опалубки монолитных железобетонных конструкций надземной части зданий, при высот	ВОЗВЕДЕНИЕ МОНОЛИТНЫХ КОНСТРУКЦИЙ НАДЗЕМНОЙ ЧАСТИ ЗДАНИЙ	100 м2	Монтаж мелкощитовой опалубки монолитных железобетонных конструкций надземной части зданий, при высоте здания свыше 75 м до 105 м: перекрытия
06-23-021-05	06-23-021	Монтаж мелкощитовой опалубки монолитных железобетонных конструкций надземной части зданий, при высот	ВОЗВЕДЕНИЕ МОНОЛИТНЫХ КОНСТРУКЦИЙ НАДЗЕМНОЙ ЧАСТИ ЗДАНИЙ	100 м2	Монтаж мелкощитовой опалубки монолитных железобетонных конструкций надземной части зданий, при высоте здания свыше 75 м до 105 м: лестничных маршей
06-23-022-01	06-23-022	Демонтаж мелкощитовой опалубки монолитных железобетонных конструкций надземной части зданий, при выс	ВОЗВЕДЕНИЕ МОНОЛИТНЫХ КОНСТРУКЦИЙ НАДЗЕМНОЙ ЧАСТИ ЗДАНИЙ	100 м2	Демонтаж мелкощитовой опалубки монолитных железобетонных конструкций надземной части зданий, при высоте здания свыше 75 м до 105 м: стен
06-23-022-02	06-23-022	Демонтаж мелкощитовой опалубки монолитных железобетонных конструкций надземной части зданий, при выс	ВОЗВЕДЕНИЕ МОНОЛИТНЫХ КОНСТРУКЦИЙ НАДЗЕМНОЙ ЧАСТИ ЗДАНИЙ	100 м2	Демонтаж мелкощитовой опалубки монолитных железобетонных конструкций надземной части зданий, при высоте здания свыше 75 м до 105 м: колонн периметром до 1200 мм
06-23-022-03	06-23-022	Демонтаж мелкощитовой опалубки монолитных железобетонных конструкций надземной части зданий, при выс	ВОЗВЕДЕНИЕ МОНОЛИТНЫХ КОНСТРУКЦИЙ НАДЗЕМНОЙ ЧАСТИ ЗДАНИЙ	100 м2	Демонтаж мелкощитовой опалубки монолитных железобетонных конструкций надземной части зданий, при высоте здания свыше 75 м до 105 м: колонн периметром свыше 1200 мм
06-23-022-04	06-23-022	Демонтаж мелкощитовой опалубки монолитных железобетонных конструкций надземной части зданий, при выс	ВОЗВЕДЕНИЕ МОНОЛИТНЫХ КОНСТРУКЦИЙ НАДЗЕМНОЙ ЧАСТИ ЗДАНИЙ	100 м2	Демонтаж мелкощитовой опалубки монолитных железобетонных конструкций надземной части зданий, при высоте здания свыше 75 м до 105 м: перекрытия
06-23-022-05	06-23-022	Демонтаж мелкощитовой опалубки монолитных железобетонных конструкций надземной части зданий, при выс	ВОЗВЕДЕНИЕ МОНОЛИТНЫХ КОНСТРУКЦИЙ НАДЗЕМНОЙ ЧАСТИ ЗДАНИЙ	100 м2	Демонтаж мелкощитовой опалубки монолитных железобетонных конструкций надземной части зданий, при высоте здания свыше 75 м до 105 м: лестничных маршей
06-23-023-01	06-23-023	Армирование монолитных железобетонных конструкций надземной части зданий, при высоте здания свыше 75	ВОЗВЕДЕНИЕ МОНОЛИТНЫХ КОНСТРУКЦИЙ НАДЗЕМНОЙ ЧАСТИ ЗДАНИЙ	т	Установка каркасов и сеток в опалубку монолитных железобетонных конструкций надземной части зданий, при высоте здания свыше 75 до 105 м: стен
06-23-023-02	06-23-023	Армирование монолитных железобетонных конструкций надземной части зданий, при высоте здания свыше 75	ВОЗВЕДЕНИЕ МОНОЛИТНЫХ КОНСТРУКЦИЙ НАДЗЕМНОЙ ЧАСТИ ЗДАНИЙ	т	Установка каркасов и сеток в опалубку монолитных железобетонных конструкций надземной части зданий, при высоте здания свыше 75 до 105 м: перекрытий
06-23-023-03	06-23-023	Армирование монолитных железобетонных конструкций надземной части зданий, при высоте здания свыше 75	ВОЗВЕДЕНИЕ МОНОЛИТНЫХ КОНСТРУКЦИЙ НАДЗЕМНОЙ ЧАСТИ ЗДАНИЙ	т	Установка заготовок арматурных в опалубку монолитных железобетонных конструкций надземной части зданий, при высоте здания свыше 75 до 105 м: стен
06-23-023-04	06-23-023	Армирование монолитных железобетонных конструкций надземной части зданий, при высоте здания свыше 75	ВОЗВЕДЕНИЕ МОНОЛИТНЫХ КОНСТРУКЦИЙ НАДЗЕМНОЙ ЧАСТИ ЗДАНИЙ	т	Установка заготовок арматурных в опалубку монолитных железобетонных конструкций надземной части зданий, при высоте здания свыше 75 до 105 м: колонн
06-23-023-05	06-23-023	Армирование монолитных железобетонных конструкций надземной части зданий, при высоте здания свыше 75	ВОЗВЕДЕНИЕ МОНОЛИТНЫХ КОНСТРУКЦИЙ НАДЗЕМНОЙ ЧАСТИ ЗДАНИЙ	т	Установка заготовок арматурных в опалубку монолитных железобетонных конструкций надземной части зданий, при высоте здания свыше 75 до 105 м: перекрытий
06-23-023-06	06-23-023	Армирование монолитных железобетонных конструкций надземной части зданий, при высоте здания свыше 75	ВОЗВЕДЕНИЕ МОНОЛИТНЫХ КОНСТРУКЦИЙ НАДЗЕМНОЙ ЧАСТИ ЗДАНИЙ	т	Установка заготовок арматурных в опалубку монолитных железобетонных конструкций надземной части зданий, при высоте здания свыше 75 до 105 м: лестничных маршей
06-23-023-07	06-23-023	Армирование монолитных железобетонных конструкций надземной части зданий, при высоте здания свыше 75	ВОЗВЕДЕНИЕ МОНОЛИТНЫХ КОНСТРУКЦИЙ НАДЗЕМНОЙ ЧАСТИ ЗДАНИЙ	т	Установка закладных деталей монолитных железобетонных конструкций надземной части зданий при высоте здания свыше 75 до 105 м
06-23-024-01	06-23-024	Бетонирование по схеме "кран-бадья" монолитных железобетонных конструкций надземной части зданий, пр	ВОЗВЕДЕНИЕ МОНОЛИТНЫХ КОНСТРУКЦИЙ НАДЗЕМНОЙ ЧАСТИ ЗДАНИЙ	100 м3	Бетонирование по схеме "кран-бадья" монолитных железобетонных конструкций надземной части зданий, при высоте здания свыше 75 до 105 м: стен толщиной до 100 мм
06-23-024-02	06-23-024	Бетонирование по схеме "кран-бадья" монолитных железобетонных конструкций надземной части зданий, пр	ВОЗВЕДЕНИЕ МОНОЛИТНЫХ КОНСТРУКЦИЙ НАДЗЕМНОЙ ЧАСТИ ЗДАНИЙ	100 м3	Бетонирование по схеме "кран-бадья" монолитных железобетонных конструкций надземной части зданий, при высоте здания свыше 75 до 105 м: стен толщиной свыше 100 мм до 150 мм
06-23-024-03	06-23-024	Бетонирование по схеме "кран-бадья" монолитных железобетонных конструкций надземной части зданий, пр	ВОЗВЕДЕНИЕ МОНОЛИТНЫХ КОНСТРУКЦИЙ НАДЗЕМНОЙ ЧАСТИ ЗДАНИЙ	100 м3	Бетонирование по схеме "кран-бадья" монолитных железобетонных конструкций надземной части зданий, при высоте здания свыше 75 до 105 м: стен толщиной свыше 150 мм до 200 мм
06-23-024-04	06-23-024	Бетонирование по схеме "кран-бадья" монолитных железобетонных конструкций надземной части зданий, пр	ВОЗВЕДЕНИЕ МОНОЛИТНЫХ КОНСТРУКЦИЙ НАДЗЕМНОЙ ЧАСТИ ЗДАНИЙ	100 м3	Бетонирование по схеме "кран-бадья" монолитных железобетонных конструкций надземной части зданий, при высоте здания свыше 75 до 105 м: стен толщиной свыше 200 мм до 300 мм
06-23-024-05	06-23-024	Бетонирование по схеме "кран-бадья" монолитных железобетонных конструкций надземной части зданий, пр	ВОЗВЕДЕНИЕ МОНОЛИТНЫХ КОНСТРУКЦИЙ НАДЗЕМНОЙ ЧАСТИ ЗДАНИЙ	100 м3	Бетонирование по схеме "кран-бадья" монолитных железобетонных конструкций надземной части зданий, при высоте здания свыше 75 до 105 м: стен толщиной свыше 300 мм
06-23-024-06	06-23-024	Бетонирование по схеме "кран-бадья" монолитных железобетонных конструкций надземной части зданий, пр	ВОЗВЕДЕНИЕ МОНОЛИТНЫХ КОНСТРУКЦИЙ НАДЗЕМНОЙ ЧАСТИ ЗДАНИЙ	100 м3	Бетонирование по схеме "кран-бадья" монолитных железобетонных конструкций надземной части зданий, при высоте здания свыше 75 до 105 м: колонн при наименьшей стороне поперечного сеч
06-23-024-07	06-23-024	Бетонирование по схеме "кран-бадья" монолитных железобетонных конструкций надземной части зданий, пр	ВОЗВЕДЕНИЕ МОНОЛИТНЫХ КОНСТРУКЦИЙ НАДЗЕМНОЙ ЧАСТИ ЗДАНИЙ	100 м3	Бетонирование по схеме "кран-бадья" монолитных железобетонных конструкций надземной части зданий, при высоте здания свыше 75 до 105 м: колонн при наименьшей стороне поперечного сеч
06-23-024-08	06-23-024	Бетонирование по схеме "кран-бадья" монолитных железобетонных конструкций надземной части зданий, пр	ВОЗВЕДЕНИЕ МОНОЛИТНЫХ КОНСТРУКЦИЙ НАДЗЕМНОЙ ЧАСТИ ЗДАНИЙ	100 м3	Бетонирование по схеме "кран-бадья" монолитных железобетонных конструкций надземной части зданий, при высоте здания свыше 75 до 105 м: колонн при наименьшей стороне поперечного сеч
06-23-024-09	06-23-024	Бетонирование по схеме "кран-бадья" монолитных железобетонных конструкций надземной части зданий, пр	ВОЗВЕДЕНИЕ МОНОЛИТНЫХ КОНСТРУКЦИЙ НАДЗЕМНОЙ ЧАСТИ ЗДАНИЙ	100 м3	Бетонирование по схеме "кран-бадья" монолитных железобетонных конструкций надземной части зданий, при высоте здания свыше 75 до 105 м: перекрытий при площади перекрытия между осями
06-23-024-10	06-23-024	Бетонирование по схеме "кран-бадья" монолитных железобетонных конструкций надземной части зданий, пр	ВОЗВЕДЕНИЕ МОНОЛИТНЫХ КОНСТРУКЦИЙ НАДЗЕМНОЙ ЧАСТИ ЗДАНИЙ	100 м3	Бетонирование по схеме "кран-бадья" монолитных железобетонных конструкций надземной части зданий, при высоте здания свыше 75 до 105 м: перекрытий при площади перекрытия между осями
06-23-024-11	06-23-024	Бетонирование по схеме "кран-бадья" монолитных железобетонных конструкций надземной части зданий, пр	ВОЗВЕДЕНИЕ МОНОЛИТНЫХ КОНСТРУКЦИЙ НАДЗЕМНОЙ ЧАСТИ ЗДАНИЙ	100 м3	Бетонирование по схеме "кран-бадья" монолитных железобетонных конструкций надземной части зданий, при высоте здания свыше 75 до 105 м: перекрытий при площади перекрытия между осями
06-23-024-12	06-23-024	Бетонирование по схеме "кран-бадья" монолитных железобетонных конструкций надземной части зданий, пр	ВОЗВЕДЕНИЕ МОНОЛИТНЫХ КОНСТРУКЦИЙ НАДЗЕМНОЙ ЧАСТИ ЗДАНИЙ	100 м3	Бетонирование по схеме "кран-бадья" монолитных железобетонных конструкций надземной части зданий, при высоте здания свыше 75 до 105 м: лестничных маршей
06-23-024-13	06-23-024	Бетонирование по схеме "кран-бадья" монолитных железобетонных конструкций надземной части зданий, пр	ВОЗВЕДЕНИЕ МОНОЛИТНЫХ КОНСТРУКЦИЙ НАДЗЕМНОЙ ЧАСТИ ЗДАНИЙ	100 м3	Бетонирование по схеме "кран-бадья" монолитных железобетонных конструкций надземной части зданий, при высоте здания свыше 75 до 105 м: лестничных и балконных площадок
06-24-001-01	06-24-001	Монтаж мелкощитовой опалубки монолитных железобетонных конструкций подземной и цокольной частей здан	ВОЗВЕДЕНИЕ МОНОЛИТНЫХ КОНСТРУКЦИЙ ПОДЗЕМНОЙ И ЦОКОЛЬНОЙ ЧАСТ	100 м2	Монтаж мелкощитовой опалубки монолитных железобетонных конструкций: фундаментных плит
06-24-001-02	06-24-001	Монтаж мелкощитовой опалубки монолитных железобетонных конструкций подземной и цокольной частей здан	ВОЗВЕДЕНИЕ МОНОЛИТНЫХ КОНСТРУКЦИЙ ПОДЗЕМНОЙ И ЦОКОЛЬНОЙ ЧАСТ	100 м2	Монтаж мелкощитовой опалубки монолитных железобетонных конструкций: фундаментов ленточных и низкорасположенных ростверков
06-24-001-03	06-24-001	Монтаж мелкощитовой опалубки монолитных железобетонных конструкций подземной и цокольной частей здан	ВОЗВЕДЕНИЕ МОНОЛИТНЫХ КОНСТРУКЦИЙ ПОДЗЕМНОЙ И ЦОКОЛЬНОЙ ЧАСТ	100 м2	Монтаж мелкощитовой опалубки монолитных железобетонных конструкций: фундаментных плит с подколонниками
06-24-001-04	06-24-001	Монтаж мелкощитовой опалубки монолитных железобетонных конструкций подземной и цокольной частей здан	ВОЗВЕДЕНИЕ МОНОЛИТНЫХ КОНСТРУКЦИЙ ПОДЗЕМНОЙ И ЦОКОЛЬНОЙ ЧАСТ	100 м2	Монтаж мелкощитовой опалубки монолитных железобетонных конструкций: фундаментов ленточных с подколонниками
06-24-001-05	06-24-001	Монтаж мелкощитовой опалубки монолитных железобетонных конструкций подземной и цокольной частей здан	ВОЗВЕДЕНИЕ МОНОЛИТНЫХ КОНСТРУКЦИЙ ПОДЗЕМНОЙ И ЦОКОЛЬНОЙ ЧАСТ	100 м2	Монтаж мелкощитовой опалубки монолитных железобетонных конструкций: фундаментов столбчатых с подколонниками
06-24-001-06	06-24-001	Монтаж мелкощитовой опалубки монолитных железобетонных конструкций подземной и цокольной частей здан	ВОЗВЕДЕНИЕ МОНОЛИТНЫХ КОНСТРУКЦИЙ ПОДЗЕМНОЙ И ЦОКОЛЬНОЙ ЧАСТ	100 м2	Монтаж мелкощитовой опалубки монолитных железобетонных конструкций подземной и цокольной частей зданий: стен
06-24-001-07	06-24-001	Монтаж мелкощитовой опалубки монолитных железобетонных конструкций подземной и цокольной частей здан	ВОЗВЕДЕНИЕ МОНОЛИТНЫХ КОНСТРУКЦИЙ ПОДЗЕМНОЙ И ЦОКОЛЬНОЙ ЧАСТ	100 м2	Монтаж мелкощитовой опалубки монолитных железобетонных конструкций подземной и цокольной частей зданий: колонн, периметром до 1200 мм
06-24-001-08	06-24-001	Монтаж мелкощитовой опалубки монолитных железобетонных конструкций подземной и цокольной частей здан	ВОЗВЕДЕНИЕ МОНОЛИТНЫХ КОНСТРУКЦИЙ ПОДЗЕМНОЙ И ЦОКОЛЬНОЙ ЧАСТ	100 м2	Монтаж мелкощитовой опалубки монолитных железобетонных конструкций подземной и цокольной частей зданий: колонн, периметром свыше 1200 мм
06-24-001-09	06-24-001	Монтаж мелкощитовой опалубки монолитных железобетонных конструкций подземной и цокольной частей здан	ВОЗВЕДЕНИЕ МОНОЛИТНЫХ КОНСТРУКЦИЙ ПОДЗЕМНОЙ И ЦОКОЛЬНОЙ ЧАСТ	100 м2	Монтаж мелкощитовой опалубки монолитных железобетонных конструкций подземной и цокольной частей зданий: перекрытия
06-24-001-10	06-24-001	Монтаж мелкощитовой опалубки монолитных железобетонных конструкций подземной и цокольной частей здан	ВОЗВЕДЕНИЕ МОНОЛИТНЫХ КОНСТРУКЦИЙ ПОДЗЕМНОЙ И ЦОКОЛЬНОЙ ЧАСТ	100 м2	Монтаж мелкощитовой опалубки монолитных железобетонных конструкций подземной и цокольной частей зданий: лестничных маршей
06-24-002-01	06-24-002	Демонтаж мелкощитовой опалубки монолитных железобетонных конструкций подземной и цокольной частей зд	ВОЗВЕДЕНИЕ МОНОЛИТНЫХ КОНСТРУКЦИЙ ПОДЗЕМНОЙ И ЦОКОЛЬНОЙ ЧАСТ	100 м2	Демонтаж мелкощитовой опалубки монолитных железобетонных конструкций: фундаментных плит
06-24-002-02	06-24-002	Демонтаж мелкощитовой опалубки монолитных железобетонных конструкций подземной и цокольной частей зд	ВОЗВЕДЕНИЕ МОНОЛИТНЫХ КОНСТРУКЦИЙ ПОДЗЕМНОЙ И ЦОКОЛЬНОЙ ЧАСТ	100 м2	Демонтаж мелкощитовой опалубки монолитных железобетонных конструкций: фундаментов ленточных и низкорасположенных ростверков
06-24-002-03	06-24-002	Демонтаж мелкощитовой опалубки монолитных железобетонных конструкций подземной и цокольной частей зд	ВОЗВЕДЕНИЕ МОНОЛИТНЫХ КОНСТРУКЦИЙ ПОДЗЕМНОЙ И ЦОКОЛЬНОЙ ЧАСТ	100 м2	Демонтаж мелкощитовой опалубки монолитных железобетонных конструкций: фундаментных плит с подколонниками
06-24-002-04	06-24-002	Демонтаж мелкощитовой опалубки монолитных железобетонных конструкций подземной и цокольной частей зд	ВОЗВЕДЕНИЕ МОНОЛИТНЫХ КОНСТРУКЦИЙ ПОДЗЕМНОЙ И ЦОКОЛЬНОЙ ЧАСТ	100 м2	Демонтаж мелкощитовой опалубки монолитных железобетонных конструкций: фундаментов ленточных с подколонниками
06-24-002-05	06-24-002	Демонтаж мелкощитовой опалубки монолитных железобетонных конструкций подземной и цокольной частей зд	ВОЗВЕДЕНИЕ МОНОЛИТНЫХ КОНСТРУКЦИЙ ПОДЗЕМНОЙ И ЦОКОЛЬНОЙ ЧАСТ	100 м2	Демонтаж мелкощитовой опалубки монолитных железобетонных конструкций: фундаментов столбчатых с подколонниками
06-24-002-06	06-24-002	Демонтаж мелкощитовой опалубки монолитных железобетонных конструкций подземной и цокольной частей зд	ВОЗВЕДЕНИЕ МОНОЛИТНЫХ КОНСТРУКЦИЙ ПОДЗЕМНОЙ И ЦОКОЛЬНОЙ ЧАСТ	100 м2	Демонтаж мелкощитовой опалубки монолитных железобетонных конструкций подземной и цокольной частей зданий: стен
06-24-002-07	06-24-002	Демонтаж мелкощитовой опалубки монолитных железобетонных конструкций подземной и цокольной частей зд	ВОЗВЕДЕНИЕ МОНОЛИТНЫХ КОНСТРУКЦИЙ ПОДЗЕМНОЙ И ЦОКОЛЬНОЙ ЧАСТ	100 м2	Демонтаж мелкощитовой опалубки монолитных железобетонных конструкций подземной и цокольной частей зданий: колонн, периметром до 1200 мм
06-24-002-08	06-24-002	Демонтаж мелкощитовой опалубки монолитных железобетонных конструкций подземной и цокольной частей зд	ВОЗВЕДЕНИЕ МОНОЛИТНЫХ КОНСТРУКЦИЙ ПОДЗЕМНОЙ И ЦОКОЛЬНОЙ ЧАСТ	100 м2	Демонтаж мелкощитовой опалубки монолитных железобетонных конструкций подземной и цокольной частей зданий: колонн, периметром свыше 1200 мм
06-24-002-09	06-24-002	Демонтаж мелкощитовой опалубки монолитных железобетонных конструкций подземной и цокольной частей зд	ВОЗВЕДЕНИЕ МОНОЛИТНЫХ КОНСТРУКЦИЙ ПОДЗЕМНОЙ И ЦОКОЛЬНОЙ ЧАСТ	100 м2	Демонтаж мелкощитовой опалубки монолитных железобетонных конструкций подземной и цокольной частей зданий: перекрытия
06-24-002-10	06-24-002	Демонтаж мелкощитовой опалубки монолитных железобетонных конструкций подземной и цокольной частей зд	ВОЗВЕДЕНИЕ МОНОЛИТНЫХ КОНСТРУКЦИЙ ПОДЗЕМНОЙ И ЦОКОЛЬНОЙ ЧАСТ	100 м2	Демонтаж мелкощитовой опалубки монолитных железобетонных конструкций подземной и цокольной частей зданий: лестничных маршей
06-24-003-01	06-24-003	Армирование монолитных железобетонных конструкций подземной и цокольной частей зданий	ВОЗВЕДЕНИЕ МОНОЛИТНЫХ КОНСТРУКЦИЙ ПОДЗЕМНОЙ И ЦОКОЛЬНОЙ ЧАСТ	т	Установка: каркасов и сеток в опалубку фундаментов
06-24-003-02	06-24-003	Армирование монолитных железобетонных конструкций подземной и цокольной частей зданий	ВОЗВЕДЕНИЕ МОНОЛИТНЫХ КОНСТРУКЦИЙ ПОДЗЕМНОЙ И ЦОКОЛЬНОЙ ЧАСТ	т	Установка: заготовок арматурных в опалубку массивов, отдельных фундаментов и плит
06-24-003-03	06-24-003	Армирование монолитных железобетонных конструкций подземной и цокольной частей зданий	ВОЗВЕДЕНИЕ МОНОЛИТНЫХ КОНСТРУКЦИЙ ПОДЗЕМНОЙ И ЦОКОЛЬНОЙ ЧАСТ	т	Установка: заготовок арматурных в опалубку ленточных фундаментов
06-24-003-04	06-24-003	Армирование монолитных железобетонных конструкций подземной и цокольной частей зданий	ВОЗВЕДЕНИЕ МОНОЛИТНЫХ КОНСТРУКЦИЙ ПОДЗЕМНОЙ И ЦОКОЛЬНОЙ ЧАСТ	т	Установка: закладных деталей фундаментов
06-24-003-05	06-24-003	Армирование монолитных железобетонных конструкций подземной и цокольной частей зданий	ВОЗВЕДЕНИЕ МОНОЛИТНЫХ КОНСТРУКЦИЙ ПОДЗЕМНОЙ И ЦОКОЛЬНОЙ ЧАСТ	т	Установка каркасов и сеток в опалубку подземной и цокольной частей зданий: стен
06-24-003-06	06-24-003	Армирование монолитных железобетонных конструкций подземной и цокольной частей зданий	ВОЗВЕДЕНИЕ МОНОЛИТНЫХ КОНСТРУКЦИЙ ПОДЗЕМНОЙ И ЦОКОЛЬНОЙ ЧАСТ	т	Установка каркасов и сеток в опалубку подземной и цокольной частей зданий: перекрытий
06-24-003-07	06-24-003	Армирование монолитных железобетонных конструкций подземной и цокольной частей зданий	ВОЗВЕДЕНИЕ МОНОЛИТНЫХ КОНСТРУКЦИЙ ПОДЗЕМНОЙ И ЦОКОЛЬНОЙ ЧАСТ	т	Установка заготовок арматурных в опалубку подземной и цокольной частей зданий: стен
06-24-003-08	06-24-003	Армирование монолитных железобетонных конструкций подземной и цокольной частей зданий	ВОЗВЕДЕНИЕ МОНОЛИТНЫХ КОНСТРУКЦИЙ ПОДЗЕМНОЙ И ЦОКОЛЬНОЙ ЧАСТ	т	Установка заготовок арматурных в опалубку подземной и цокольной частей зданий: колонн
06-24-003-09	06-24-003	Армирование монолитных железобетонных конструкций подземной и цокольной частей зданий	ВОЗВЕДЕНИЕ МОНОЛИТНЫХ КОНСТРУКЦИЙ ПОДЗЕМНОЙ И ЦОКОЛЬНОЙ ЧАСТ	т	Установка заготовок арматурных в опалубку подземной и цокольной частей зданий: перекрытий
06-24-003-10	06-24-003	Армирование монолитных железобетонных конструкций подземной и цокольной частей зданий	ВОЗВЕДЕНИЕ МОНОЛИТНЫХ КОНСТРУКЦИЙ ПОДЗЕМНОЙ И ЦОКОЛЬНОЙ ЧАСТ	т	Установка заготовок арматурных в опалубку подземной и цокольной частей зданий: лестничных маршей
06-24-004-01	06-24-004	Бетонирование монолитных железобетонных конструкций подземной и цокольной частей зданий	ВОЗВЕДЕНИЕ МОНОЛИТНЫХ КОНСТРУКЦИЙ ПОДЗЕМНОЙ И ЦОКОЛЬНОЙ ЧАСТ	100 м3	Бетонирование автобетононасосом монолитных железобетонных конструкций фундаментных плит
06-24-004-02	06-24-004	Бетонирование монолитных железобетонных конструкций подземной и цокольной частей зданий	ВОЗВЕДЕНИЕ МОНОЛИТНЫХ КОНСТРУКЦИЙ ПОДЗЕМНОЙ И ЦОКОЛЬНОЙ ЧАСТ	100 м3	Бетонирование автобетононасосом монолитных железобетонных конструкций: фундаментов ленточных и низкорасположенных ростверков шириной до 600 мм
06-24-004-03	06-24-004	Бетонирование монолитных железобетонных конструкций подземной и цокольной частей зданий	ВОЗВЕДЕНИЕ МОНОЛИТНЫХ КОНСТРУКЦИЙ ПОДЗЕМНОЙ И ЦОКОЛЬНОЙ ЧАСТ	100 м3	Бетонирование автобетононасосом монолитных железобетонных конструкций: фундаментов ленточных и низкорасположенных ростверков шириной свыше 600 мм
06-24-004-04	06-24-004	Бетонирование монолитных железобетонных конструкций подземной и цокольной частей зданий	ВОЗВЕДЕНИЕ МОНОЛИТНЫХ КОНСТРУКЦИЙ ПОДЗЕМНОЙ И ЦОКОЛЬНОЙ ЧАСТ	100 м3	Бетонирование по схеме "кран-бадья" монолитных железобетонных конструкций: фундаментов ленточных и низкорасположенных ростверков шириной до 600 мм
06-24-004-05	06-24-004	Бетонирование монолитных железобетонных конструкций подземной и цокольной частей зданий	ВОЗВЕДЕНИЕ МОНОЛИТНЫХ КОНСТРУКЦИЙ ПОДЗЕМНОЙ И ЦОКОЛЬНОЙ ЧАСТ	100 м3	Бетонирование по схеме "кран-бадья" монолитных железобетонных конструкций: фундаментов ленточных и низкорасположенных ростверков шириной свыше 600 мм
06-24-004-06	06-24-004	Бетонирование монолитных железобетонных конструкций подземной и цокольной частей зданий	ВОЗВЕДЕНИЕ МОНОЛИТНЫХ КОНСТРУКЦИЙ ПОДЗЕМНОЙ И ЦОКОЛЬНОЙ ЧАСТ	100 м3	Бетонирование по схеме "кран-бадья" монолитных железобетонных конструкций: фундаментов столбчатых с подколонниками и подколонников
06-24-004-07	06-24-004	Бетонирование монолитных железобетонных конструкций подземной и цокольной частей зданий	ВОЗВЕДЕНИЕ МОНОЛИТНЫХ КОНСТРУКЦИЙ ПОДЗЕМНОЙ И ЦОКОЛЬНОЙ ЧАСТ	100 м3	Бетонирование по схеме "кран-бадья" монолитных железобетонных конструкций подземной и цокольной частей зданий: стен, толщиной до 100 мм
06-24-004-08	06-24-004	Бетонирование монолитных железобетонных конструкций подземной и цокольной частей зданий	ВОЗВЕДЕНИЕ МОНОЛИТНЫХ КОНСТРУКЦИЙ ПОДЗЕМНОЙ И ЦОКОЛЬНОЙ ЧАСТ	100 м3	Бетонирование по схеме "кран-бадья" монолитных железобетонных конструкций подземной и цокольной частей зданий: стен, толщиной свыше 100 до 150 мм
06-24-004-09	06-24-004	Бетонирование монолитных железобетонных конструкций подземной и цокольной частей зданий	ВОЗВЕДЕНИЕ МОНОЛИТНЫХ КОНСТРУКЦИЙ ПОДЗЕМНОЙ И ЦОКОЛЬНОЙ ЧАСТ	100 м3	Бетонирование по схеме "кран-бадья" монолитных железобетонных конструкций подземной и цокольной частей зданий: стен, толщиной свыше 150 до 200 мм
06-24-004-10	06-24-004	Бетонирование монолитных железобетонных конструкций подземной и цокольной частей зданий	ВОЗВЕДЕНИЕ МОНОЛИТНЫХ КОНСТРУКЦИЙ ПОДЗЕМНОЙ И ЦОКОЛЬНОЙ ЧАСТ	100 м3	Бетонирование по схеме "кран-бадья" монолитных железобетонных конструкций подземной и цокольной частей зданий: стен, толщиной свыше 200 до 300 мм
06-24-004-11	06-24-004	Бетонирование монолитных железобетонных конструкций подземной и цокольной частей зданий	ВОЗВЕДЕНИЕ МОНОЛИТНЫХ КОНСТРУКЦИЙ ПОДЗЕМНОЙ И ЦОКОЛЬНОЙ ЧАСТ	100 м3	Бетонирование по схеме "кран-бадья" монолитных железобетонных конструкций подземной и цокольной частей зданий: стен, толщиной свыше 300 мм
06-24-004-12	06-24-004	Бетонирование монолитных железобетонных конструкций подземной и цокольной частей зданий	ВОЗВЕДЕНИЕ МОНОЛИТНЫХ КОНСТРУКЦИЙ ПОДЗЕМНОЙ И ЦОКОЛЬНОЙ ЧАСТ	100 м3	Бетонирование по схеме "кран-бадья" монолитных железобетонных конструкций подземной и цокольной частей зданий: колонн, при наименьшей стороне поперечного сечения до 300 мм
06-24-004-13	06-24-004	Бетонирование монолитных железобетонных конструкций подземной и цокольной частей зданий	ВОЗВЕДЕНИЕ МОНОЛИТНЫХ КОНСТРУКЦИЙ ПОДЗЕМНОЙ И ЦОКОЛЬНОЙ ЧАСТ	100 м3	Бетонирование по схеме "кран-бадья" монолитных железобетонных конструкций подземной и цокольной частей зданий: колонн, при наименьшей стороне поперечного сечения свыше 300 до 500 м
06-24-004-14	06-24-004	Бетонирование монолитных железобетонных конструкций подземной и цокольной частей зданий	ВОЗВЕДЕНИЕ МОНОЛИТНЫХ КОНСТРУКЦИЙ ПОДЗЕМНОЙ И ЦОКОЛЬНОЙ ЧАСТ	100 м3	Бетонирование по схеме "кран-бадья" монолитных железобетонных конструкций подземной и цокольной частей зданий: колонн, при наименьшей стороне поперечного сечения свыше 500 мм
06-24-004-15	06-24-004	Бетонирование монолитных железобетонных конструкций подземной и цокольной частей зданий	ВОЗВЕДЕНИЕ МОНОЛИТНЫХ КОНСТРУКЦИЙ ПОДЗЕМНОЙ И ЦОКОЛЬНОЙ ЧАСТ	100 м3	Бетонирование по схеме "кран-бадья" монолитных железобетонных конструкций подземной и цокольной частей зданий: перекрытий, при площади перекрытия между осями колонн и стен до 10 м2
06-24-004-16	06-24-004	Бетонирование монолитных железобетонных конструкций подземной и цокольной частей зданий	ВОЗВЕДЕНИЕ МОНОЛИТНЫХ КОНСТРУКЦИЙ ПОДЗЕМНОЙ И ЦОКОЛЬНОЙ ЧАСТ	100 м3	Бетонирование по схеме "кран-бадья" монолитных железобетонных конструкций подземной и цокольной частей зданий: перекрытий, при площади перекрытия между осями колонн и стен свыше 10
06-24-004-17	06-24-004	Бетонирование монолитных железобетонных конструкций подземной и цокольной частей зданий	ВОЗВЕДЕНИЕ МОНОЛИТНЫХ КОНСТРУКЦИЙ ПОДЗЕМНОЙ И ЦОКОЛЬНОЙ ЧАСТ	100 м3	Бетонирование по схеме "кран-бадья" монолитных железобетонных конструкций подземной и цокольной частей зданий: перекрытий, при площади перекрытия между осями колонн и стен свыше 20
06-24-004-18	06-24-004	Бетонирование монолитных железобетонных конструкций подземной и цокольной частей зданий	ВОЗВЕДЕНИЕ МОНОЛИТНЫХ КОНСТРУКЦИЙ ПОДЗЕМНОЙ И ЦОКОЛЬНОЙ ЧАСТ	100 м3	Бетонирование по схеме "кран-бадья" монолитных железобетонных конструкций подземной и цокольной частей зданий: лестничных маршей
06-24-004-19	06-24-004	Бетонирование монолитных железобетонных конструкций подземной и цокольной частей зданий	ВОЗВЕДЕНИЕ МОНОЛИТНЫХ КОНСТРУКЦИЙ ПОДЗЕМНОЙ И ЦОКОЛЬНОЙ ЧАСТ	100 м3	Бетонирование по схеме "кран-бадья" монолитных железобетонных конструкций подземной и цокольной частей зданий: лестничных площадок
06-25-001-01	06-25-001	Монтаж мелкощитовой опалубки монолитных железобетонных конструкций инженерных сооружений	ВОЗВЕДЕНИЕ ОТКРЫТЫМ СПОСОБОМ МОНОЛИТНЫХ ЖЕЛЕЗОБЕТОННЫХ КОНСТ	100 м2	Монтаж мелкощитовой опалубки монолитных железобетонных конструкций: стен
06-25-001-02	06-25-001	Монтаж мелкощитовой опалубки монолитных железобетонных конструкций инженерных сооружений	ВОЗВЕДЕНИЕ ОТКРЫТЫМ СПОСОБОМ МОНОЛИТНЫХ ЖЕЛЕЗОБЕТОННЫХ КОНСТ	100 м2	Монтаж мелкощитовой опалубки монолитных железобетонных конструкций: колонн
06-25-001-03	06-25-001	Монтаж мелкощитовой опалубки монолитных железобетонных конструкций инженерных сооружений	ВОЗВЕДЕНИЕ ОТКРЫТЫМ СПОСОБОМ МОНОЛИТНЫХ ЖЕЛЕЗОБЕТОННЫХ КОНСТ	100 м2	Монтаж мелкощитовой опалубки монолитных железобетонных конструкций: перекрытий
06-25-002-01	06-25-002	Демонтаж мелкощитовой опалубки монолитных железобетонных конструкций инженерных сооружений	ВОЗВЕДЕНИЕ ОТКРЫТЫМ СПОСОБОМ МОНОЛИТНЫХ ЖЕЛЕЗОБЕТОННЫХ КОНСТ	100 м2	Демонтаж мелкощитовой опалубки монолитных железобетонных конструкций: стен
06-25-002-02	06-25-002	Демонтаж мелкощитовой опалубки монолитных железобетонных конструкций инженерных сооружений	ВОЗВЕДЕНИЕ ОТКРЫТЫМ СПОСОБОМ МОНОЛИТНЫХ ЖЕЛЕЗОБЕТОННЫХ КОНСТ	100 м2	Демонтаж мелкощитовой опалубки монолитных железобетонных конструкций: колонн
06-25-002-03	06-25-002	Демонтаж мелкощитовой опалубки монолитных железобетонных конструкций инженерных сооружений	ВОЗВЕДЕНИЕ ОТКРЫТЫМ СПОСОБОМ МОНОЛИТНЫХ ЖЕЛЕЗОБЕТОННЫХ КОНСТ	100 м2	Демонтаж мелкощитовой опалубки монолитных железобетонных конструкций: перекрытий
06-25-003-01	06-25-003	Армирование монолитных железобетонных конструкций инженерных сооружений	ВОЗВЕДЕНИЕ ОТКРЫТЫМ СПОСОБОМ МОНОЛИТНЫХ ЖЕЛЕЗОБЕТОННЫХ КОНСТ	т	Установка каркасов и сеток в опалубку монолитных железобетонных конструкций: стен
06-25-003-02	06-25-003	Армирование монолитных железобетонных конструкций инженерных сооружений	ВОЗВЕДЕНИЕ ОТКРЫТЫМ СПОСОБОМ МОНОЛИТНЫХ ЖЕЛЕЗОБЕТОННЫХ КОНСТ	т	Установка каркасов и сеток в опалубку монолитных железобетонных конструкций: перекрытий
06-25-003-03	06-25-003	Армирование монолитных железобетонных конструкций инженерных сооружений	ВОЗВЕДЕНИЕ ОТКРЫТЫМ СПОСОБОМ МОНОЛИТНЫХ ЖЕЛЕЗОБЕТОННЫХ КОНСТ	т	Установка заготовок арматурных в опалубку монолитных железобетонных конструкций: стен
06-25-003-04	06-25-003	Армирование монолитных железобетонных конструкций инженерных сооружений	ВОЗВЕДЕНИЕ ОТКРЫТЫМ СПОСОБОМ МОНОЛИТНЫХ ЖЕЛЕЗОБЕТОННЫХ КОНСТ	т	Установка заготовок арматурных в опалубку монолитных железобетонных конструкций: колонн
06-25-003-05	06-25-003	Армирование монолитных железобетонных конструкций инженерных сооружений	ВОЗВЕДЕНИЕ ОТКРЫТЫМ СПОСОБОМ МОНОЛИТНЫХ ЖЕЛЕЗОБЕТОННЫХ КОНСТ	т	Установка заготовок арматурных в опалубку монолитных железобетонных конструкций: перекрытий
06-25-003-06	06-25-003	Армирование монолитных железобетонных конструкций инженерных сооружений	ВОЗВЕДЕНИЕ ОТКРЫТЫМ СПОСОБОМ МОНОЛИТНЫХ ЖЕЛЕЗОБЕТОННЫХ КОНСТ	т	Установка закладных деталей монолитных железобетонных конструкций
06-25-004-01	06-25-004	Бетонирование по схеме «кран-бадья» монолитных железобетонных конструкций инженерных сооружений	ВОЗВЕДЕНИЕ ОТКРЫТЫМ СПОСОБОМ МОНОЛИТНЫХ ЖЕЛЕЗОБЕТОННЫХ КОНСТ	100 м3	Бетонирование по схеме «кран-бадья» монолитных железобетонных конструкций: стен, толщиной до 100 мм
06-25-004-02	06-25-004	Бетонирование по схеме «кран-бадья» монолитных железобетонных конструкций инженерных сооружений	ВОЗВЕДЕНИЕ ОТКРЫТЫМ СПОСОБОМ МОНОЛИТНЫХ ЖЕЛЕЗОБЕТОННЫХ КОНСТ	100 м3	Бетонирование по схеме «кран-бадья» монолитных железобетонных конструкций: стен, толщиной свыше 100 до 150 мм
06-25-004-03	06-25-004	Бетонирование по схеме «кран-бадья» монолитных железобетонных конструкций инженерных сооружений	ВОЗВЕДЕНИЕ ОТКРЫТЫМ СПОСОБОМ МОНОЛИТНЫХ ЖЕЛЕЗОБЕТОННЫХ КОНСТ	100 м3	Бетонирование по схеме «кран-бадья» монолитных железобетонных конструкций: стен, толщиной свыше 150 до 200 мм
06-25-004-04	06-25-004	Бетонирование по схеме «кран-бадья» монолитных железобетонных конструкций инженерных сооружений	ВОЗВЕДЕНИЕ ОТКРЫТЫМ СПОСОБОМ МОНОЛИТНЫХ ЖЕЛЕЗОБЕТОННЫХ КОНСТ	100 м3	Бетонирование по схеме «кран-бадья» монолитных железобетонных конструкций: стен, толщиной свыше 200 до 300 мм
06-25-004-05	06-25-004	Бетонирование по схеме «кран-бадья» монолитных железобетонных конструкций инженерных сооружений	ВОЗВЕДЕНИЕ ОТКРЫТЫМ СПОСОБОМ МОНОЛИТНЫХ ЖЕЛЕЗОБЕТОННЫХ КОНСТ	100 м3	Бетонирование по схеме «кран-бадья» монолитных железобетонных конструкций: стен, толщиной свыше 300 мм
06-25-004-06	06-25-004	Бетонирование по схеме «кран-бадья» монолитных железобетонных конструкций инженерных сооружений	ВОЗВЕДЕНИЕ ОТКРЫТЫМ СПОСОБОМ МОНОЛИТНЫХ ЖЕЛЕЗОБЕТОННЫХ КОНСТ	100 м3	Бетонирование по схеме «кран-бадья» монолитных железобетонных конструкций: колонн, при наименьшей стороне поперечного сечения до 300 мм
06-25-004-07	06-25-004	Бетонирование по схеме «кран-бадья» монолитных железобетонных конструкций инженерных сооружений	ВОЗВЕДЕНИЕ ОТКРЫТЫМ СПОСОБОМ МОНОЛИТНЫХ ЖЕЛЕЗОБЕТОННЫХ КОНСТ	100 м3	Бетонирование по схеме «кран-бадья» монолитных железобетонных конструкций: колонн, при наименьшей стороне поперечного сечения свыше 300 до 500 мм
06-25-004-08	06-25-004	Бетонирование по схеме «кран-бадья» монолитных железобетонных конструкций инженерных сооружений	ВОЗВЕДЕНИЕ ОТКРЫТЫМ СПОСОБОМ МОНОЛИТНЫХ ЖЕЛЕЗОБЕТОННЫХ КОНСТ	100 м3	Бетонирование по схеме «кран-бадья» монолитных железобетонных конструкций: колонн, при наименьшей стороне поперечного сечения свыше 500 мм
06-25-004-09	06-25-004	Бетонирование по схеме «кран-бадья» монолитных железобетонных конструкций инженерных сооружений	ВОЗВЕДЕНИЕ ОТКРЫТЫМ СПОСОБОМ МОНОЛИТНЫХ ЖЕЛЕЗОБЕТОННЫХ КОНСТ	100 м3	Бетонирование по схеме «кран-бадья» монолитных железобетонных конструкций: перекрытий
06-26-001-01	06-26-001	Монтаж несъемной опалубки сталебетонных перекрытий из стального профилированного настила	ВОЗВЕДЕНИЕ МОНОЛИТНЫХ КОНСТРУКЦИЙ ЖИЛЫХ И ОБЩЕСТВЕННЫХ ЗДАНИ	100 м2	Монтаж несъемной опалубки сталебетонных перекрытий из стального профилированного настила при ширине листа: 1000 мм
06-26-001-02	06-26-001	Монтаж несъемной опалубки сталебетонных перекрытий из стального профилированного настила	ВОЗВЕДЕНИЕ МОНОЛИТНЫХ КОНСТРУКЦИЙ ЖИЛЫХ И ОБЩЕСТВЕННЫХ ЗДАНИ	100 м2	Монтаж несъемной опалубки сталебетонных перекрытий из стального профилированного настила при ширине листа: 600 мм
06-26-001-03	06-26-001	Монтаж несъемной опалубки сталебетонных перекрытий из стального профилированного настила	ВОЗВЕДЕНИЕ МОНОЛИТНЫХ КОНСТРУКЦИЙ ЖИЛЫХ И ОБЩЕСТВЕННЫХ ЗДАНИ	100 шт	Устройство вертикальных стержневых анкеров
06-26-001-04	06-26-001	Монтаж несъемной опалубки сталебетонных перекрытий из стального профилированного настила	ВОЗВЕДЕНИЕ МОНОЛИТНЫХ КОНСТРУКЦИЙ ЖИЛЫХ И ОБЩЕСТВЕННЫХ ЗДАНИ	100 м2	Устройство временных опор на период бетонирования и набора прочности бетона
06-26-002-01	06-26-002	Устройство сборно-монолитных железобетонных конструкций в несъемной железобетонной опалубке	ВОЗВЕДЕНИЕ МОНОЛИТНЫХ КОНСТРУКЦИЙ ЖИЛЫХ И ОБЩЕСТВЕННЫХ ЗДАНИ	100 м2	Монтаж элементов несъемной железобетонной опалубки сборно-монолитных железобетонных: стен
06-26-002-02	06-26-002	Устройство сборно-монолитных железобетонных конструкций в несъемной железобетонной опалубке	ВОЗВЕДЕНИЕ МОНОЛИТНЫХ КОНСТРУКЦИЙ ЖИЛЫХ И ОБЩЕСТВЕННЫХ ЗДАНИ	100 м2	Монтаж элементов несъемной железобетонной опалубки сборно-монолитных железобетонных: перекрытий
06-26-003-01	06-26-003	Устройство каркасно-балочных сборно-монолитных перекрытий	ВОЗВЕДЕНИЕ МОНОЛИТНЫХ КОНСТРУКЦИЙ ЖИЛЫХ И ОБЩЕСТВЕННЫХ ЗДАНИ	100 м2	Устройство каркасно-балочных сборно-монолитных перекрытий толщиной: 200 мм
06-26-003-02	06-26-003	Устройство каркасно-балочных сборно-монолитных перекрытий	ВОЗВЕДЕНИЕ МОНОЛИТНЫХ КОНСТРУКЦИЙ ЖИЛЫХ И ОБЩЕСТВЕННЫХ ЗДАНИ	100 м2	Устройство каркасно-балочных сборно-монолитных перекрытий толщиной: 250 мм
06-26-003-03	06-26-003	Устройство каркасно-балочных сборно-монолитных перекрытий	ВОЗВЕДЕНИЕ МОНОЛИТНЫХ КОНСТРУКЦИЙ ЖИЛЫХ И ОБЩЕСТВЕННЫХ ЗДАНИ	100 м2	Устройство каркасно-балочных сборно-монолитных перекрытий толщиной: 300 мм
07-01-001-01	07-01-001	Укладка фундаментов и фундаментных балок	ФУНДАМЕНТЫ И ФУНДАМЕНТНЫЕ БАЛКИ	100 шт	Укладка блоков и плит ленточных фундаментов при глубине котлована до 4 м, масса конструкций: до 0,5 т
07-01-001-02	07-01-001	Укладка фундаментов и фундаментных балок	ФУНДАМЕНТЫ И ФУНДАМЕНТНЫЕ БАЛКИ	100 шт	Укладка блоков и плит ленточных фундаментов при глубине котлована до 4 м, масса конструкций: до 1,5 т
07-01-001-03	07-01-001	Укладка фундаментов и фундаментных балок	ФУНДАМЕНТЫ И ФУНДАМЕНТНЫЕ БАЛКИ	100 шт	Укладка блоков и плит ленточных фундаментов при глубине котлована до 4 м, масса конструкций: до 3,5 т
07-01-001-04	07-01-001	Укладка фундаментов и фундаментных балок	ФУНДАМЕНТЫ И ФУНДАМЕНТНЫЕ БАЛКИ	100 шт	Укладка блоков и плит ленточных фундаментов при глубине котлована до 4 м, масса конструкций: более 3,5 т
07-01-001-05	07-01-001	Укладка фундаментов и фундаментных балок	ФУНДАМЕНТЫ И ФУНДАМЕНТНЫЕ БАЛКИ	100 шт	Укладка фундаментов под колонны при глубине котлована до 4 м, масса конструкций: до 1,5 т
07-01-001-06	07-01-001	Укладка фундаментов и фундаментных балок	ФУНДАМЕНТЫ И ФУНДАМЕНТНЫЕ БАЛКИ	100 шт	Укладка фундаментов под колонны при глубине котлована до 4 м, масса конструкций: до 3,5 т
07-01-001-07	07-01-001	Укладка фундаментов и фундаментных балок	ФУНДАМЕНТЫ И ФУНДАМЕНТНЫЕ БАЛКИ	100 шт	Укладка фундаментов под колонны при глубине котлована до 4 м, масса конструкций: более 3,5 т
07-01-001-08	07-01-001	Укладка фундаментов и фундаментных балок	ФУНДАМЕНТЫ И ФУНДАМЕНТНЫЕ БАЛКИ	100 шт	Укладка блоков и плит ленточных фундаментов при глубине котлована более 4 м, масса конструкций: до 0,5 т
07-01-001-09	07-01-001	Укладка фундаментов и фундаментных балок	ФУНДАМЕНТЫ И ФУНДАМЕНТНЫЕ БАЛКИ	100 шт	Укладка блоков и плит ленточных фундаментов при глубине котлована более 4 м, масса конструкций: до 1,5 т
07-01-001-10	07-01-001	Укладка фундаментов и фундаментных балок	ФУНДАМЕНТЫ И ФУНДАМЕНТНЫЕ БАЛКИ	100 шт	Укладка блоков и плит ленточных фундаментов при глубине котлована более 4 м, масса конструкций: до 3,5 т
07-01-001-11	07-01-001	Укладка фундаментов и фундаментных балок	ФУНДАМЕНТЫ И ФУНДАМЕНТНЫЕ БАЛКИ	100 шт	Укладка блоков и плит ленточных фундаментов при глубине котлована более 4 м, масса конструкций: более 3,5 т
07-01-001-12	07-01-001	Укладка фундаментов и фундаментных балок	ФУНДАМЕНТЫ И ФУНДАМЕНТНЫЕ БАЛКИ	100 шт	Укладка фундаментов под колонны при глубине котлована более 4 м, масса конструкций: до 1,5 т
07-01-001-13	07-01-001	Укладка фундаментов и фундаментных балок	ФУНДАМЕНТЫ И ФУНДАМЕНТНЫЕ БАЛКИ	100 шт	Укладка фундаментов под колонны при глубине котлована более 4 м, масса конструкций: до 3,5 т
07-01-001-14	07-01-001	Укладка фундаментов и фундаментных балок	ФУНДАМЕНТЫ И ФУНДАМЕНТНЫЕ БАЛКИ	100 шт	Укладка фундаментов под колонны при глубине котлована более 4 м, масса конструкций: более 3,5 т
07-01-001-15	07-01-001	Укладка фундаментов и фундаментных балок	ФУНДАМЕНТЫ И ФУНДАМЕНТНЫЕ БАЛКИ	100 шт	Укладка балок фундаментных длиной: до 6 м
07-01-001-16	07-01-001	Укладка фундаментов и фундаментных балок	ФУНДАМЕНТЫ И ФУНДАМЕНТНЫЕ БАЛКИ	100 шт	Укладка балок фундаментных длиной: более 6 м
07-01-006-01	07-01-006	Укладка ригелей, плит перекрытий, установка стеновых панелей	КОНСТРУКЦИИ ПОДЗЕМНЫХ ПОМЕЩЕНИЙ	100 шт	Укладка ригелей массой: до 5 т при наибольшей массе монтажных элементов в здании до 5 т
07-01-006-02	07-01-006	Укладка ригелей, плит перекрытий, установка стеновых панелей	КОНСТРУКЦИИ ПОДЗЕМНЫХ ПОМЕЩЕНИЙ	100 шт	Укладка ригелей массой: до 5 т при наибольшей массе монтажных элементов в здании более 5 т
07-01-006-03	07-01-006	Укладка ригелей, плит перекрытий, установка стеновых панелей	КОНСТРУКЦИИ ПОДЗЕМНЫХ ПОМЕЩЕНИЙ	100 шт	Укладка ригелей массой: более 5 т при наибольшей массе монтажных элементов более 5 т
07-01-006-04	07-01-006	Укладка ригелей, плит перекрытий, установка стеновых панелей	КОНСТРУКЦИИ ПОДЗЕМНЫХ ПОМЕЩЕНИЙ	100 шт	Укладка плит перекрытий площадью: до 5 м2 при наибольшей массе монтажных элементов до 5 т
07-01-006-05	07-01-006	Укладка ригелей, плит перекрытий, установка стеновых панелей	КОНСТРУКЦИИ ПОДЗЕМНЫХ ПОМЕЩЕНИЙ	100 шт	Укладка плит перекрытий площадью: до 5 м2 при наибольшей массе монтажных элементов более 5 т
07-01-006-06	07-01-006	Укладка ригелей, плит перекрытий, установка стеновых панелей	КОНСТРУКЦИИ ПОДЗЕМНЫХ ПОМЕЩЕНИЙ	100 шт	Укладка плит перекрытий площадью: более 5 м2 при наибольшей массе монтажных элементов до 5 т
07-01-006-07	07-01-006	Укладка ригелей, плит перекрытий, установка стеновых панелей	КОНСТРУКЦИИ ПОДЗЕМНЫХ ПОМЕЩЕНИЙ	100 шт	Укладка плит перекрытий площадью: более 5 м2 при наибольшей массе монтажных элементов более 5 т
07-01-006-08	07-01-006	Укладка ригелей, плит перекрытий, установка стеновых панелей	КОНСТРУКЦИИ ПОДЗЕМНЫХ ПОМЕЩЕНИЙ	100 шт	Установка стеновых панелей площадью: до 8 м2 при наибольшей массе монтажных элементов до 5 т
07-01-006-09	07-01-006	Укладка ригелей, плит перекрытий, установка стеновых панелей	КОНСТРУКЦИИ ПОДЗЕМНЫХ ПОМЕЩЕНИЙ	100 шт	Установка стеновых панелей площадью: до 8 м2 при наибольшей массе монтажных элементов более 5 т
07-01-006-10	07-01-006	Укладка ригелей, плит перекрытий, установка стеновых панелей	КОНСТРУКЦИИ ПОДЗЕМНЫХ ПОМЕЩЕНИЙ	100 шт	Установка стеновых панелей площадью: более 8 м2 при наибольшей массе монтажных элементов до 5 т
07-01-006-11	07-01-006	Укладка ригелей, плит перекрытий, установка стеновых панелей	КОНСТРУКЦИИ ПОДЗЕМНЫХ ПОМЕЩЕНИЙ	100 шт	Установка стеновых панелей площадью: более 8 м2 при наибольшей массе монтажных элементов более 5 т
07-01-011-01	07-01-011	Установка колонн прямоугольного сечения в стаканы фундаментов	КОЛОННЫ И КАПИТЕЛИ	100 шт	Установка колонн прямоугольного сечения в стаканы фундаментов зданий при глубине заделки колонн: до 0,7 м, масса колонн до 1 т
07-01-011-02	07-01-011	Установка колонн прямоугольного сечения в стаканы фундаментов	КОЛОННЫ И КАПИТЕЛИ	100 шт	Установка колонн прямоугольного сечения в стаканы фундаментов зданий при глубине заделки колонн: до 0,7 м, масса колонн до 2 т
07-01-011-03	07-01-011	Установка колонн прямоугольного сечения в стаканы фундаментов	КОЛОННЫ И КАПИТЕЛИ	100 шт	Установка колонн прямоугольного сечения в стаканы фундаментов зданий при глубине заделки колонн: до 0,7 м, масса колонн до 3 т
07-01-011-04	07-01-011	Установка колонн прямоугольного сечения в стаканы фундаментов	КОЛОННЫ И КАПИТЕЛИ	100 шт	Установка колонн прямоугольного сечения в стаканы фундаментов зданий при глубине заделки колонн: до 0,7 м, масса колонн до 4 т
07-01-011-05	07-01-011	Установка колонн прямоугольного сечения в стаканы фундаментов	КОЛОННЫ И КАПИТЕЛИ	100 шт	Установка колонн прямоугольного сечения в стаканы фундаментов зданий при глубине заделки колонн: до 0,7 м, масса колонн до 6 т
07-01-011-06	07-01-011	Установка колонн прямоугольного сечения в стаканы фундаментов	КОЛОННЫ И КАПИТЕЛИ	100 шт	Установка колонн прямоугольного сечения в стаканы фундаментов зданий при глубине заделки колонн: до 0,7 м, масса колонн до 8 т
07-01-011-07	07-01-011	Установка колонн прямоугольного сечения в стаканы фундаментов	КОЛОННЫ И КАПИТЕЛИ	100 шт	Установка колонн прямоугольного сечения в стаканы фундаментов зданий при глубине заделки колонн: до 0,7 м, масса колонн до 10 т
07-01-011-08	07-01-011	Установка колонн прямоугольного сечения в стаканы фундаментов	КОЛОННЫ И КАПИТЕЛИ	100 шт	Установка колонн прямоугольного сечения в стаканы фундаментов зданий при глубине заделки колонн: более 0,7 м, масса колонн до 1 т
07-01-011-09	07-01-011	Установка колонн прямоугольного сечения в стаканы фундаментов	КОЛОННЫ И КАПИТЕЛИ	100 шт	Установка колонн прямоугольного сечения в стаканы фундаментов зданий при глубине заделки колонн: более 0,7 м, масса колонн до 2 т
07-01-011-10	07-01-011	Установка колонн прямоугольного сечения в стаканы фундаментов	КОЛОННЫ И КАПИТЕЛИ	100 шт	Установка колонн прямоугольного сечения в стаканы фундаментов зданий при глубине заделки колонн: более 0,7 м, масса колонн до 3 т
07-01-011-11	07-01-011	Установка колонн прямоугольного сечения в стаканы фундаментов	КОЛОННЫ И КАПИТЕЛИ	100 шт	Установка колонн прямоугольного сечения в стаканы фундаментов зданий при глубине заделки колонн: более 0,7 м, масса колонн до 4 т
07-01-011-12	07-01-011	Установка колонн прямоугольного сечения в стаканы фундаментов	КОЛОННЫ И КАПИТЕЛИ	100 шт	Установка колонн прямоугольного сечения в стаканы фундаментов зданий при глубине заделки колонн: более 0,7 м, масса колонн до 6 т
07-01-011-13	07-01-011	Установка колонн прямоугольного сечения в стаканы фундаментов	КОЛОННЫ И КАПИТЕЛИ	100 шт	Установка колонн прямоугольного сечения в стаканы фундаментов зданий при глубине заделки колонн: более 0,7 м, масса колонн до 8 т
07-01-011-14	07-01-011	Установка колонн прямоугольного сечения в стаканы фундаментов	КОЛОННЫ И КАПИТЕЛИ	100 шт	Установка колонн прямоугольного сечения в стаканы фундаментов зданий при глубине заделки колонн: более 0,7 м, масса колонн до 10 т
07-01-011-15	07-01-011	Установка колонн прямоугольного сечения в стаканы фундаментов	КОЛОННЫ И КАПИТЕЛИ	100 шт	Установка колонн прямоугольного сечения в стаканы фундаментов зданий при глубине заделки колонн: более 0,7 м, масса колонн до 15 т
07-01-011-16	07-01-011	Установка колонн прямоугольного сечения в стаканы фундаментов	КОЛОННЫ И КАПИТЕЛИ	100 шт	Установка колонн прямоугольного сечения в стаканы фундаментов зданий при глубине заделки колонн: более 0,7 м, масса колонн до 25 т
07-01-011-17	07-01-011	Установка колонн прямоугольного сечения в стаканы фундаментов	КОЛОННЫ И КАПИТЕЛИ	100 шт	Установка колонн прямоугольного сечения в стаканы фундаментов сооружений, масса колонн: до 2 т
07-01-011-18	07-01-011	Установка колонн прямоугольного сечения в стаканы фундаментов	КОЛОННЫ И КАПИТЕЛИ	100 шт	Установка колонн прямоугольного сечения в стаканы фундаментов сооружений, масса колонн: до 3 т
07-01-011-19	07-01-011	Установка колонн прямоугольного сечения в стаканы фундаментов	КОЛОННЫ И КАПИТЕЛИ	100 шт	Установка колонн прямоугольного сечения в стаканы фундаментов сооружений, масса колонн: до 4 т
07-01-011-20	07-01-011	Установка колонн прямоугольного сечения в стаканы фундаментов	КОЛОННЫ И КАПИТЕЛИ	100 шт	Установка колонн прямоугольного сечения в стаканы фундаментов сооружений, масса колонн: до 6 т
07-01-011-21	07-01-011	Установка колонн прямоугольного сечения в стаканы фундаментов	КОЛОННЫ И КАПИТЕЛИ	100 шт	Установка колонн прямоугольного сечения в стаканы фундаментов сооружений, масса колонн: до 8 т
07-01-011-22	07-01-011	Установка колонн прямоугольного сечения в стаканы фундаментов	КОЛОННЫ И КАПИТЕЛИ	100 шт	Установка колонн прямоугольного сечения в стаканы фундаментов сооружений, масса колонн: до 10 т
07-01-011-23	07-01-011	Установка колонн прямоугольного сечения в стаканы фундаментов	КОЛОННЫ И КАПИТЕЛИ	100 шт	Установка колонн прямоугольного сечения в стаканы фундаментов сооружений, масса колонн: до 15 т
07-01-011-24	07-01-011	Установка колонн прямоугольного сечения в стаканы фундаментов	КОЛОННЫ И КАПИТЕЛИ	100 шт	Установка колонн прямоугольного сечения в стаканы фундаментов сооружений, масса колонн: до 25 т
07-01-012-01	07-01-012	Установка колонн двухветвевых цельных в стаканы фундаментов	КОЛОННЫ И КАПИТЕЛИ	100 шт	Установка колонн двухветвевых цельных, оканчивающихся двумя ветвями, в стаканы фундаментов при базе колонн: до 1,1 м, глубине заделки до 0,95 м и массе колонн до 5 т
07-01-012-02	07-01-012	Установка колонн двухветвевых цельных в стаканы фундаментов	КОЛОННЫ И КАПИТЕЛИ	100 шт	Установка колонн двухветвевых цельных, оканчивающихся двумя ветвями, в стаканы фундаментов при базе колонн: до 1,1 м, глубине заделки до 0,95 м и массе колонн до 10 т
07-01-012-03	07-01-012	Установка колонн двухветвевых цельных в стаканы фундаментов	КОЛОННЫ И КАПИТЕЛИ	100 шт	Установка колонн двухветвевых цельных, оканчивающихся двумя ветвями, в стаканы фундаментов при базе колонн: до 1,1 м, глубине заделки более 0,95 м и массе колонн до 5 т
07-01-012-04	07-01-012	Установка колонн двухветвевых цельных в стаканы фундаментов	КОЛОННЫ И КАПИТЕЛИ	100 шт	Установка колонн двухветвевых цельных, оканчивающихся двумя ветвями, в стаканы фундаментов при базе колонн: до 1,1 м, глубине заделки более 0,95 м и массе колонн до 10 т
07-01-012-05	07-01-012	Установка колонн двухветвевых цельных в стаканы фундаментов	КОЛОННЫ И КАПИТЕЛИ	100 шт	Установка колонн двухветвевых цельных, оканчивающихся двумя ветвями, в стаканы фундаментов при базе колонн: более 1,1 до 1,5 м, глубине заделки до 0,95 м и массе колонн до 10 т
07-01-012-06	07-01-012	Установка колонн двухветвевых цельных в стаканы фундаментов	КОЛОННЫ И КАПИТЕЛИ	100 шт	Установка колонн двухветвевых цельных, оканчивающихся двумя ветвями, в стаканы фундаментов при базе колонн: более 1,1 до 1,5 м, глубине заделки до 0,95 м и массе колонн до 15 т
07-01-012-07	07-01-012	Установка колонн двухветвевых цельных в стаканы фундаментов	КОЛОННЫ И КАПИТЕЛИ	100 шт	Установка колонн двухветвевых цельных, оканчивающихся двумя ветвями, в стаканы фундаментов при базе колонн: более 1,1 до 1,5 м, глубине заделки более 0,95 м и массе колонн до 10 т
07-01-012-08	07-01-012	Установка колонн двухветвевых цельных в стаканы фундаментов	КОЛОННЫ И КАПИТЕЛИ	100 шт	Установка колонн двухветвевых цельных, оканчивающихся двумя ветвями, в стаканы фундаментов при базе колонн: более 1,1 до 1,5 м, глубине заделки более 0,95 м и массе колонн до 15 т
07-01-012-09	07-01-012	Установка колонн двухветвевых цельных в стаканы фундаментов	КОЛОННЫ И КАПИТЕЛИ	100 шт	Установка колонн двухветвевых цельных, оканчивающихся двумя ветвями, в стаканы фундаментов при базе колонн: более 1,1 до 1,5 м, глубине заделки более 0,95 м и массе колонн до 30 т
07-01-012-10	07-01-012	Установка колонн двухветвевых цельных в стаканы фундаментов	КОЛОННЫ И КАПИТЕЛИ	100 шт	Установка колонн двухветвевых цельных, оканчивающихся двумя ветвями, в стаканы фундаментов при базе колонн: 1,5 м, глубине заделки более 0,95 м и массе колонн до 15 т
07-01-012-11	07-01-012	Установка колонн двухветвевых цельных в стаканы фундаментов	КОЛОННЫ И КАПИТЕЛИ	100 шт	Установка колонн двухветвевых цельных, оканчивающихся двумя ветвями, в стаканы фундаментов при базе колонн: 1,5 м, глубине заделки более 0,95 м и массе колонн до 30 т
07-01-012-12	07-01-012	Установка колонн двухветвевых цельных в стаканы фундаментов	КОЛОННЫ И КАПИТЕЛИ	100 шт	Установка колонн двухветвевых цельных, оканчивающихся сплошным сечением, в стаканы фундаментов при базе колонн: более 1,5 до 1,7 м, глубине заделки более 0,95 м и массе колонн до 1
07-01-012-13	07-01-012	Установка колонн двухветвевых цельных в стаканы фундаментов	КОЛОННЫ И КАПИТЕЛИ	100 шт	Установка колонн двухветвевых цельных, оканчивающихся сплошным сечением, в стаканы фундаментов при базе колонн: более 1,7 м, глубине заделки более 0,95 м и массе колонн до 30 т
07-01-013-01	07-01-013	Установка колонн двухветвевых составных в стаканы фундаментов	КОЛОННЫ И КАПИТЕЛИ	100 шт	Установка колонн двухветвевых составных в стаканы фундаментов при отметке верха фундамента: -0,15 м, общей массе колонн до 30 т и наибольшей массе составных частей колонн до 15 т
07-01-013-02	07-01-013	Установка колонн двухветвевых составных в стаканы фундаментов	КОЛОННЫ И КАПИТЕЛИ	100 шт	Установка колонн двухветвевых составных в стаканы фундаментов при отметке верха фундамента: -0,15 м, общей массе колонн до 30 т и наибольшей массе составных частей колонн до 20 т
07-01-013-03	07-01-013	Установка колонн двухветвевых составных в стаканы фундаментов	КОЛОННЫ И КАПИТЕЛИ	100 шт	Установка колонн двухветвевых составных в стаканы фундаментов при отметке верха фундамента: -0,15 м, общей массе колонн более 30 т и при наибольшей массе составных частей колонн до
07-01-013-04	07-01-013	Установка колонн двухветвевых составных в стаканы фундаментов	КОЛОННЫ И КАПИТЕЛИ	100 шт	Установка колонн двухветвевых составных в стаканы фундаментов при отметке верха фундамента: -0,10 м, общей массе колонн до 30 т и при наибольшей массе составных частей колонн до 20
07-01-013-05	07-01-013	Установка колонн двухветвевых составных в стаканы фундаментов	КОЛОННЫ И КАПИТЕЛИ	100 шт	Установка колонн двухветвевых составных в стаканы фундаментов при отметке верха фундамента: -0,10 м, общей массе колонн более 30 т и при наибольшей массе составных частей колонн до
07-01-014-01	07-01-014	Установка колонн на нижестоящие колонны, установка капителей	КОЛОННЫ И КАПИТЕЛИ	100 шт	Установка колонн на нижестоящие колонны при наибольшей массе монтажных элементов в здании до 5 т, масса колонн: до 2 т
07-01-014-02	07-01-014	Установка колонн на нижестоящие колонны, установка капителей	КОЛОННЫ И КАПИТЕЛИ	100 шт	Установка колонн на нижестоящие колонны при наибольшей массе монтажных элементов в здании до 5 т, масса колонн: до 3 т
07-01-014-03	07-01-014	Установка колонн на нижестоящие колонны, установка капителей	КОЛОННЫ И КАПИТЕЛИ	100 шт	Установка колонн на нижестоящие колонны при наибольшей массе монтажных элементов в здании до 5 т, масса колонн: до 5 т
07-01-014-04	07-01-014	Установка колонн на нижестоящие колонны, установка капителей	КОЛОННЫ И КАПИТЕЛИ	100 шт	Установка капителей при наибольшей массе монтажных элементов в здании до 5 т, масса капителей: до 4 т
07-01-014-05	07-01-014	Установка колонн на нижестоящие колонны, установка капителей	КОЛОННЫ И КАПИТЕЛИ	100 шт	Установка капителей при наибольшей массе монтажных элементов в здании до 5 т, масса капителей: более 4 т
07-01-014-06	07-01-014	Установка колонн на нижестоящие колонны, установка капителей	КОЛОННЫ И КАПИТЕЛИ	100 шт	Установка колонн на нижестоящие колонны при наибольшей массе монтажных элементов в здании до 8 т, масса колонн: до 2 т
07-01-014-07	07-01-014	Установка колонн на нижестоящие колонны, установка капителей	КОЛОННЫ И КАПИТЕЛИ	100 шт	Установка колонн на нижестоящие колонны при наибольшей массе монтажных элементов в здании до 8 т, масса колонн: до 3 т
07-01-014-08	07-01-014	Установка колонн на нижестоящие колонны, установка капителей	КОЛОННЫ И КАПИТЕЛИ	100 шт	Установка колонн на нижестоящие колонны при наибольшей массе монтажных элементов в здании до 8 т, масса колонн: до 5 т
07-01-014-09	07-01-014	Установка колонн на нижестоящие колонны, установка капителей	КОЛОННЫ И КАПИТЕЛИ	100 шт	Установка колонн на нижестоящие колонны при наибольшей массе монтажных элементов в здании до 8 т, масса колонн: более 5 т
07-01-014-10	07-01-014	Установка колонн на нижестоящие колонны, установка капителей	КОЛОННЫ И КАПИТЕЛИ	100 шт	Установка капителей при наибольшей массе монтажных элементов в здании до 8 т, масса капителей: до 4 т
07-01-014-11	07-01-014	Установка колонн на нижестоящие колонны, установка капителей	КОЛОННЫ И КАПИТЕЛИ	100 шт	Установка капителей при наибольшей массе монтажных элементов в здании до 8 т, масса капителей: более 4 т
07-01-014-12	07-01-014	Установка колонн на нижестоящие колонны, установка капителей	КОЛОННЫ И КАПИТЕЛИ	100 шт	Установка колонн на нижестоящие колонны при наибольшей массе монтажных элементов в здании более 8 т, масса колонн: до 2 т
07-01-014-13	07-01-014	Установка колонн на нижестоящие колонны, установка капителей	КОЛОННЫ И КАПИТЕЛИ	100 шт	Установка колонн на нижестоящие колонны при наибольшей массе монтажных элементов в здании более 8 т, масса колонн: до 3 т
07-01-014-14	07-01-014	Установка колонн на нижестоящие колонны, установка капителей	КОЛОННЫ И КАПИТЕЛИ	100 шт	Установка колонн на нижестоящие колонны при наибольшей массе монтажных элементов в здании более 8 т, масса колонн: до 5 т
07-01-014-15	07-01-014	Установка колонн на нижестоящие колонны, установка капителей	КОЛОННЫ И КАПИТЕЛИ	100 шт	Установка колонн на нижестоящие колонны при наибольшей массе монтажных элементов в здании более 8 т, масса колонн: более 5 т
07-01-014-16	07-01-014	Установка колонн на нижестоящие колонны, установка капителей	КОЛОННЫ И КАПИТЕЛИ	100 шт	Установка капителей при наибольшей массе монтажных элементов в здании более 8 т, масса капителей: до 4 т
07-01-014-17	07-01-014	Установка колонн на нижестоящие колонны, установка капителей	КОЛОННЫ И КАПИТЕЛИ	100 шт	Установка капителей при наибольшей массе монтажных элементов в здании более 8 т, масса капителей: более 4 т
07-01-019-01	07-01-019	Укладка балок в одноэтажных зданиях и сооружениях	БАЛКИ, РИГЕЛИ И ПЕРЕМЫЧКИ	100 шт	Укладка в одноэтажных зданиях и сооружениях балок перекрытий (при свободном опирании) массой: до 1 т и высоте здания до 15 м
07-01-019-02	07-01-019	Укладка балок в одноэтажных зданиях и сооружениях	БАЛКИ, РИГЕЛИ И ПЕРЕМЫЧКИ	100 шт	Укладка в одноэтажных зданиях и сооружениях балок перекрытий (при свободном опирании) массой: до 1 т и высоте здания до 25 м
07-01-019-03	07-01-019	Укладка балок в одноэтажных зданиях и сооружениях	БАЛКИ, РИГЕЛИ И ПЕРЕМЫЧКИ	100 шт	Укладка в одноэтажных зданиях и сооружениях балок перекрытий (при свободном опирании) массой: до 1 т и высоте здания до 35 м
07-01-019-04	07-01-019	Укладка балок в одноэтажных зданиях и сооружениях	БАЛКИ, РИГЕЛИ И ПЕРЕМЫЧКИ	100 шт	Укладка в одноэтажных зданиях и сооружениях балок перекрытий (при свободном опирании) массой: до 3 т и высоте здания до 25 м
07-01-019-05	07-01-019	Укладка балок в одноэтажных зданиях и сооружениях	БАЛКИ, РИГЕЛИ И ПЕРЕМЫЧКИ	100 шт	Укладка в одноэтажных зданиях и сооружениях балок перекрытий (при свободном опирании) массой: до 3 т и высоте здания до 35 м
07-01-019-06	07-01-019	Укладка балок в одноэтажных зданиях и сооружениях	БАЛКИ, РИГЕЛИ И ПЕРЕМЫЧКИ	100 шт	Укладка в одноэтажных зданиях и сооружениях балок перекрытий (при свободном опирании) массой: до 5 т и высоте здания до 25 м
07-01-019-07	07-01-019	Укладка балок в одноэтажных зданиях и сооружениях	БАЛКИ, РИГЕЛИ И ПЕРЕМЫЧКИ	100 шт	Укладка в одноэтажных зданиях и сооружениях балок перекрытий (при свободном опирании) массой: до 5 т и высоте здания до 35 м
07-01-019-08	07-01-019	Укладка балок в одноэтажных зданиях и сооружениях	БАЛКИ, РИГЕЛИ И ПЕРЕМЫЧКИ	100 шт	Укладка в одноэтажных зданиях и сооружениях балок перекрытий (при свободном опирании) массой: до 10 т и высоте здания до 25 м
07-01-019-09	07-01-019	Укладка балок в одноэтажных зданиях и сооружениях	БАЛКИ, РИГЕЛИ И ПЕРЕМЫЧКИ	100 шт	Укладка в одноэтажных зданиях и сооружениях балок перекрытий (при свободном опирании) массой: до 10 т и высоте здания до 35 м
07-01-019-10	07-01-019	Укладка балок в одноэтажных зданиях и сооружениях	БАЛКИ, РИГЕЛИ И ПЕРЕМЫЧКИ	100 шт	Укладка в одноэтажных зданиях и сооружениях балок подкрановых массой: до 5 т при массе колонн до 10 т и высоте здания до 15 м
07-01-019-11	07-01-019	Укладка балок в одноэтажных зданиях и сооружениях	БАЛКИ, РИГЕЛИ И ПЕРЕМЫЧКИ	100 шт	Укладка в одноэтажных зданиях и сооружениях балок подкрановых массой: до 5 т при массе колонн до 10 т и высоте здания до 25 м
07-01-019-12	07-01-019	Укладка балок в одноэтажных зданиях и сооружениях	БАЛКИ, РИГЕЛИ И ПЕРЕМЫЧКИ	100 шт	Укладка в одноэтажных зданиях и сооружениях балок подкрановых массой: до 5 т при высоте здания до 25 м и массе колонн до 15 т
07-01-019-13	07-01-019	Укладка балок в одноэтажных зданиях и сооружениях	БАЛКИ, РИГЕЛИ И ПЕРЕМЫЧКИ	100 шт	Укладка в одноэтажных зданиях и сооружениях балок подкрановых массой: до 5 т при высоте здания до 25 м и массе колонн более 15 т
07-01-019-14	07-01-019	Укладка балок в одноэтажных зданиях и сооружениях	БАЛКИ, РИГЕЛИ И ПЕРЕМЫЧКИ	100 шт	Укладка в одноэтажных зданиях и сооружениях балок подкрановых массой: до 12 т при высоте здания до 25 м и массе колонн до 15 т
07-01-019-15	07-01-019	Укладка балок в одноэтажных зданиях и сооружениях	БАЛКИ, РИГЕЛИ И ПЕРЕМЫЧКИ	100 шт	Укладка в одноэтажных зданиях и сооружениях балок подкрановых массой: до 12 т при высоте здания до 25 м и массе колонн более 15 т
07-01-019-16	07-01-019	Укладка балок в одноэтажных зданиях и сооружениях	БАЛКИ, РИГЕЛИ И ПЕРЕМЫЧКИ	100 шт	Укладка в одноэтажных зданиях и сооружениях балок обвязочных при высоте здания: до 15 м
07-01-019-17	07-01-019	Укладка балок в одноэтажных зданиях и сооружениях	БАЛКИ, РИГЕЛИ И ПЕРЕМЫЧКИ	100 шт	Укладка в одноэтажных зданиях и сооружениях балок обвязочных при высоте здания: до 25 м
07-01-019-18	07-01-019	Укладка балок в одноэтажных зданиях и сооружениях	БАЛКИ, РИГЕЛИ И ПЕРЕМЫЧКИ	100 шт	Укладка в одноэтажных зданиях и сооружениях балок обвязочных при высоте здания: до 35 м
07-01-020-01	07-01-020	Укладка в многоэтажных зданиях ригелей перекрытий и покрытий, балок, стропильных конструкций	БАЛКИ, РИГЕЛИ И ПЕРЕМЫЧКИ	100 шт	Укладка в многоэтажных зданиях ригелей перекрытий и покрытий при жестких узлах и наибольшей массе монтажных элементов в здании до 5 т: прямоугольных, длиной до 6 м
07-01-020-02	07-01-020	Укладка в многоэтажных зданиях ригелей перекрытий и покрытий, балок, стропильных конструкций	БАЛКИ, РИГЕЛИ И ПЕРЕМЫЧКИ	100 шт	Укладка в многоэтажных зданиях ригелей перекрытий и покрытий при жестких узлах и наибольшей массе монтажных элементов в здании до 5 т: с полками, длиной до 6 м
07-01-020-03	07-01-020	Укладка в многоэтажных зданиях ригелей перекрытий и покрытий, балок, стропильных конструкций	БАЛКИ, РИГЕЛИ И ПЕРЕМЫЧКИ	100 шт	Укладка в многоэтажных зданиях ригелей перекрытий и покрытий при жестких узлах и наибольшей массе монтажных элементов в здании до 5 т: с полками, длиной до 9 м
07-01-020-04	07-01-020	Укладка в многоэтажных зданиях ригелей перекрытий и покрытий, балок, стропильных конструкций	БАЛКИ, РИГЕЛИ И ПЕРЕМЫЧКИ	100 шт	Укладка в многоэтажных зданиях ригелей перекрытий и покрытий при жестких узлах и наибольшей массе монтажных элементов в здании до 5 т: с полками, длиной до 12 м
07-01-020-05	07-01-020	Укладка в многоэтажных зданиях ригелей перекрытий и покрытий, балок, стропильных конструкций	БАЛКИ, РИГЕЛИ И ПЕРЕМЫЧКИ	100 шт	Укладка в многоэтажных зданиях балок при свободном опирании (под технологическое оборудование) при наибольшей массе монтажных элементов в здании до 5 т массой: до 2 т
07-01-020-06	07-01-020	Укладка в многоэтажных зданиях ригелей перекрытий и покрытий, балок, стропильных конструкций	БАЛКИ, РИГЕЛИ И ПЕРЕМЫЧКИ	100 шт	Укладка в многоэтажных зданиях балок при свободном опирании (под технологическое оборудование) при наибольшей массе монтажных элементов в здании до 5 т массой: до 5 т
07-01-020-07	07-01-020	Укладка в многоэтажных зданиях ригелей перекрытий и покрытий, балок, стропильных конструкций	БАЛКИ, РИГЕЛИ И ПЕРЕМЫЧКИ	100 шт	Укладка в многоэтажных зданиях стропильных конструкций при наибольшей массе монтажных элементов в здании до 5 т
07-01-020-08	07-01-020	Укладка в многоэтажных зданиях ригелей перекрытий и покрытий, балок, стропильных конструкций	БАЛКИ, РИГЕЛИ И ПЕРЕМЫЧКИ	100 шт	Укладка в многоэтажных зданиях ригелей перекрытий и покрытий при жестких узлах и наибольшей массе монтажных элементов в здании до 8 т: прямоугольных, длиной до 6 м
07-01-020-09	07-01-020	Укладка в многоэтажных зданиях ригелей перекрытий и покрытий, балок, стропильных конструкций	БАЛКИ, РИГЕЛИ И ПЕРЕМЫЧКИ	100 шт	Укладка в многоэтажных зданиях ригелей перекрытий и покрытий при жестких узлах и наибольшей массе монтажных элементов в здании до 8 т: с полками, длиной до 6 м
07-01-020-10	07-01-020	Укладка в многоэтажных зданиях ригелей перекрытий и покрытий, балок, стропильных конструкций	БАЛКИ, РИГЕЛИ И ПЕРЕМЫЧКИ	100 шт	Укладка в многоэтажных зданиях ригелей перекрытий и покрытий при жестких узлах и наибольшей массе монтажных элементов в здании до 8 т: с полками, длиной до 9 м
07-01-020-11	07-01-020	Укладка в многоэтажных зданиях ригелей перекрытий и покрытий, балок, стропильных конструкций	БАЛКИ, РИГЕЛИ И ПЕРЕМЫЧКИ	100 шт	Укладка в многоэтажных зданиях ригелей перекрытий и покрытий при жестких узлах и наибольшей массе монтажных элементов в здании до 8 т: с полками, длиной до 12 м
07-01-020-12	07-01-020	Укладка в многоэтажных зданиях ригелей перекрытий и покрытий, балок, стропильных конструкций	БАЛКИ, РИГЕЛИ И ПЕРЕМЫЧКИ	100 шт	Укладка в многоэтажных зданиях балок при свободном опирании (под технологическое оборудование) при наибольшей массе монтажных элементов в здании до 8 т массой: до 2 т
07-01-020-13	07-01-020	Укладка в многоэтажных зданиях ригелей перекрытий и покрытий, балок, стропильных конструкций	БАЛКИ, РИГЕЛИ И ПЕРЕМЫЧКИ	100 шт	Укладка в многоэтажных зданиях балок при свободном опирании (под технологическое оборудование) при наибольшей массе монтажных элементов в здании до 8 т массой: до 5 т
07-01-020-14	07-01-020	Укладка в многоэтажных зданиях ригелей перекрытий и покрытий, балок, стропильных конструкций	БАЛКИ, РИГЕЛИ И ПЕРЕМЫЧКИ	100 шт	Укладка в многоэтажных зданиях стропильных конструкций при наибольшей массе монтажных элементов в здании до 8 т
07-01-020-15	07-01-020	Укладка в многоэтажных зданиях ригелей перекрытий и покрытий, балок, стропильных конструкций	БАЛКИ, РИГЕЛИ И ПЕРЕМЫЧКИ	100 шт	Укладка в многоэтажных зданиях ригелей перекрытий и покрытий при жестких узлах и наибольшей массе монтажных элементов в здании более 8 т: прямоугольных, длиной до 6 м
07-01-020-16	07-01-020	Укладка в многоэтажных зданиях ригелей перекрытий и покрытий, балок, стропильных конструкций	БАЛКИ, РИГЕЛИ И ПЕРЕМЫЧКИ	100 шт	Укладка в многоэтажных зданиях ригелей перекрытий и покрытий при жестких узлах и наибольшей массе монтажных элементов в здании более 8 т: с полками, длиной до 6 м
07-01-020-17	07-01-020	Укладка в многоэтажных зданиях ригелей перекрытий и покрытий, балок, стропильных конструкций	БАЛКИ, РИГЕЛИ И ПЕРЕМЫЧКИ	100 шт	Укладка в многоэтажных зданиях ригелей перекрытий и покрытий при жестких узлах и наибольшей массе монтажных элементов в здании более 8 т: с полками, длиной до 9 м
07-01-020-18	07-01-020	Укладка в многоэтажных зданиях ригелей перекрытий и покрытий, балок, стропильных конструкций	БАЛКИ, РИГЕЛИ И ПЕРЕМЫЧКИ	100 шт	Укладка в многоэтажных зданиях ригелей перекрытий и покрытий при жестких узлах и наибольшей массе монтажных элементов в здании более 8 т: с полками, длиной до 12 м
07-01-020-19	07-01-020	Укладка в многоэтажных зданиях ригелей перекрытий и покрытий, балок, стропильных конструкций	БАЛКИ, РИГЕЛИ И ПЕРЕМЫЧКИ	100 шт	Укладка в многоэтажных зданиях балок при свободном опирании (под технологическое оборудование) при наибольшей массе монтажных элементов в здании более 8 т массой: до 2 т
07-01-020-20	07-01-020	Укладка в многоэтажных зданиях ригелей перекрытий и покрытий, балок, стропильных конструкций	БАЛКИ, РИГЕЛИ И ПЕРЕМЫЧКИ	100 шт	Укладка в многоэтажных зданиях балок при свободном опирании (под технологическое оборудование) при наибольшей массе монтажных элементов в здании более 8 т массой: до 5 т
07-01-020-21	07-01-020	Укладка в многоэтажных зданиях ригелей перекрытий и покрытий, балок, стропильных конструкций	БАЛКИ, РИГЕЛИ И ПЕРЕМЫЧКИ	100 шт	Укладка в многоэтажных зданиях стропильных конструкций при наибольшей массе монтажных элементов в здании более 8 т
07-01-021-01	07-01-021	Укладка перемычек	БАЛКИ, РИГЕЛИ И ПЕРЕМЫЧКИ	100 шт	Укладка перемычек при наибольшей массе монтажных элементов в здании: до 5 т, масса перемычки до 0,7 т
07-01-021-02	07-01-021	Укладка перемычек	БАЛКИ, РИГЕЛИ И ПЕРЕМЫЧКИ	100 шт	Укладка перемычек при наибольшей массе монтажных элементов в здании: до 5 т, масса перемычки до 1 т
07-01-021-03	07-01-021	Укладка перемычек	БАЛКИ, РИГЕЛИ И ПЕРЕМЫЧКИ	100 шт	Укладка перемычек при наибольшей массе монтажных элементов в здании: до 5 т, масса перемычки до 1,5 т
07-01-021-04	07-01-021	Укладка перемычек	БАЛКИ, РИГЕЛИ И ПЕРЕМЫЧКИ	100 шт	Укладка перемычек при наибольшей массе монтажных элементов в здании: до 5 т, масса перемычки более 1,5 т
07-01-021-05	07-01-021	Укладка перемычек	БАЛКИ, РИГЕЛИ И ПЕРЕМЫЧКИ	100 шт	Укладка перемычек при наибольшей массе монтажных элементов в здании: до 8 т, масса перемычки до 0,7 т
07-01-021-06	07-01-021	Укладка перемычек	БАЛКИ, РИГЕЛИ И ПЕРЕМЫЧКИ	100 шт	Укладка перемычек при наибольшей массе монтажных элементов в здании: до 8 т, масса перемычки до 1 т
07-01-021-07	07-01-021	Укладка перемычек	БАЛКИ, РИГЕЛИ И ПЕРЕМЫЧКИ	100 шт	Укладка перемычек при наибольшей массе монтажных элементов в здании: до 8 т, масса перемычки до 1,5 т
07-01-021-08	07-01-021	Укладка перемычек	БАЛКИ, РИГЕЛИ И ПЕРЕМЫЧКИ	100 шт	Укладка перемычек при наибольшей массе монтажных элементов в здании: до 8 т, масса перемычки более 1,5 т
07-01-021-09	07-01-021	Укладка перемычек	БАЛКИ, РИГЕЛИ И ПЕРЕМЫЧКИ	100 шт	Укладка перемычек при наибольшей массе монтажных элементов в здании: более 8 т, масса перемычки до 0,7 т
07-01-021-10	07-01-021	Укладка перемычек	БАЛКИ, РИГЕЛИ И ПЕРЕМЫЧКИ	100 шт	Укладка перемычек при наибольшей массе монтажных элементов в здании: более 8 т, масса перемычки до 1 т
07-01-021-11	07-01-021	Укладка перемычек	БАЛКИ, РИГЕЛИ И ПЕРЕМЫЧКИ	100 шт	Укладка перемычек при наибольшей массе монтажных элементов в здании: более 8 т, масса перемычки до 1,5 т
07-01-021-12	07-01-021	Укладка перемычек	БАЛКИ, РИГЕЛИ И ПЕРЕМЫЧКИ	100 шт	Укладка перемычек при наибольшей массе монтажных элементов в здании: более 8 т, масса перемычки более 1,5 т
07-01-027-01	07-01-027	Укладка плит покрытий одноэтажных зданий и сооружений, панелей оболочек, плит типа "П"	ПЛИТЫ ПОКРЫТИЙ И ПЕРЕКРЫТИЙ	100 шт	Укладка плит покрытий одноэтажных зданий и сооружений длиной до 6 м, площадью: до 10 м2 при массе стропильных и подстропильных конструкций до 10 т и высоте зданий до 25 м
07-01-027-02	07-01-027	Укладка плит покрытий одноэтажных зданий и сооружений, панелей оболочек, плит типа "П"	ПЛИТЫ ПОКРЫТИЙ И ПЕРЕКРЫТИЙ	100 шт	Укладка плит покрытий одноэтажных зданий и сооружений длиной до 6 м, площадью: до 10 м2 при массе стропильных и подстропильных конструкций до 15 т и высоте зданий до 25 м
07-01-027-03	07-01-027	Укладка плит покрытий одноэтажных зданий и сооружений, панелей оболочек, плит типа "П"	ПЛИТЫ ПОКРЫТИЙ И ПЕРЕКРЫТИЙ	100 шт	Укладка плит покрытий одноэтажных зданий и сооружений длиной до 6 м, площадью: до 10 м2 при массе стропильных и подстропильных конструкций до 15 т и высоте зданий до 35 м
07-01-027-04	07-01-027	Укладка плит покрытий одноэтажных зданий и сооружений, панелей оболочек, плит типа "П"	ПЛИТЫ ПОКРЫТИЙ И ПЕРЕКРЫТИЙ	100 шт	Укладка плит покрытий одноэтажных зданий и сооружений длиной до 6 м, площадью: до 10 м2 при массе стропильных и подстропильных конструкций до 20 т и высоте зданий до 15 м
07-01-027-05	07-01-027	Укладка плит покрытий одноэтажных зданий и сооружений, панелей оболочек, плит типа "П"	ПЛИТЫ ПОКРЫТИЙ И ПЕРЕКРЫТИЙ	100 шт	Укладка плит покрытий одноэтажных зданий и сооружений длиной до 6 м, площадью: до 10 м2 при массе стропильных и подстропильных конструкций до 20 т и высоте зданий до 25 м
07-01-027-06	07-01-027	Укладка плит покрытий одноэтажных зданий и сооружений, панелей оболочек, плит типа "П"	ПЛИТЫ ПОКРЫТИЙ И ПЕРЕКРЫТИЙ	100 шт	Укладка плит покрытий одноэтажных зданий и сооружений длиной до 6 м, площадью: до 10 м2 при массе стропильных и подстропильных конструкций до 20 т и высоте зданий до 35 м
07-01-027-07	07-01-027	Укладка плит покрытий одноэтажных зданий и сооружений, панелей оболочек, плит типа "П"	ПЛИТЫ ПОКРЫТИЙ И ПЕРЕКРЫТИЙ	100 шт	Укладка плит покрытий одноэтажных зданий и сооружений длиной до 6 м, площадью: до 20 м2 при массе стропильных и подстропильных конструкций до 10 т и высоте зданий до 25 м
07-01-027-08	07-01-027	Укладка плит покрытий одноэтажных зданий и сооружений, панелей оболочек, плит типа "П"	ПЛИТЫ ПОКРЫТИЙ И ПЕРЕКРЫТИЙ	100 шт	Укладка плит покрытий одноэтажных зданий и сооружений длиной до 6 м, площадью: до 20 м2 при массе стропильных и подстропильных конструкций до 15 т и высоте зданий до 25 м
07-01-027-09	07-01-027	Укладка плит покрытий одноэтажных зданий и сооружений, панелей оболочек, плит типа "П"	ПЛИТЫ ПОКРЫТИЙ И ПЕРЕКРЫТИЙ	100 шт	Укладка плит покрытий одноэтажных зданий и сооружений длиной до 6 м, площадью: до 20 м2 при массе стропильных и подстропильных конструкций до 15 т и высоте зданий до 35 м
07-01-027-10	07-01-027	Укладка плит покрытий одноэтажных зданий и сооружений, панелей оболочек, плит типа "П"	ПЛИТЫ ПОКРЫТИЙ И ПЕРЕКРЫТИЙ	100 шт	Укладка плит покрытий одноэтажных зданий и сооружений длиной до 6 м, площадью: до 20 м2 при массе стропильных и подстропильных конструкций до 20 т и высоте зданий до 15 м
07-01-027-11	07-01-027	Укладка плит покрытий одноэтажных зданий и сооружений, панелей оболочек, плит типа "П"	ПЛИТЫ ПОКРЫТИЙ И ПЕРЕКРЫТИЙ	100 шт	Укладка плит покрытий одноэтажных зданий и сооружений длиной до 6 м, площадью: до 20 м2 при массе стропильных и подстропильных конструкций до 20 т и высоте зданий до 25 м
07-01-027-12	07-01-027	Укладка плит покрытий одноэтажных зданий и сооружений, панелей оболочек, плит типа "П"	ПЛИТЫ ПОКРЫТИЙ И ПЕРЕКРЫТИЙ	100 шт	Укладка плит покрытий одноэтажных зданий и сооружений длиной до 6 м, площадью: до 20 м2 при массе стропильных и подстропильных конструкций до 20 т и высоте зданий до 35 м
07-01-027-13	07-01-027	Укладка плит покрытий одноэтажных зданий и сооружений, панелей оболочек, плит типа "П"	ПЛИТЫ ПОКРЫТИЙ И ПЕРЕКРЫТИЙ	100 шт	Укладка плит покрытий одноэтажных зданий и сооружений длиной до 12 м, площадью: до 20 м2 при массе стропильных и подстропильных конструкций до 10 т и высоте зданий до 25 м
07-01-027-14	07-01-027	Укладка плит покрытий одноэтажных зданий и сооружений, панелей оболочек, плит типа "П"	ПЛИТЫ ПОКРЫТИЙ И ПЕРЕКРЫТИЙ	100 шт	Укладка плит покрытий одноэтажных зданий и сооружений длиной до 12 м, площадью: до 20 м2 при массе стропильных и подстропильных конструкций до 10 т и высоте зданий до 35 м
07-01-027-15	07-01-027	Укладка плит покрытий одноэтажных зданий и сооружений, панелей оболочек, плит типа "П"	ПЛИТЫ ПОКРЫТИЙ И ПЕРЕКРЫТИЙ	100 шт	Укладка плит покрытий одноэтажных зданий и сооружений длиной до 12 м, площадью: до 20 м2 при массе стропильных и подстропильных конструкций до 30 т и высоте зданий до 25 м
07-01-027-16	07-01-027	Укладка плит покрытий одноэтажных зданий и сооружений, панелей оболочек, плит типа "П"	ПЛИТЫ ПОКРЫТИЙ И ПЕРЕКРЫТИЙ	100 шт	Укладка плит покрытий одноэтажных зданий и сооружений длиной до 12 м, площадью: до 20 м2 при массе стропильных и подстропильных конструкций до 30 т и высоте зданий до 35 м
07-01-027-17	07-01-027	Укладка плит покрытий одноэтажных зданий и сооружений, панелей оболочек, плит типа "П"	ПЛИТЫ ПОКРЫТИЙ И ПЕРЕКРЫТИЙ	100 шт	Укладка плит покрытий одноэтажных зданий и сооружений длиной до 12 м, площадью: до 40 м2 при массе стропильных и подстропильных конструкций до 15 т и высоте зданий до 25 м
07-01-027-18	07-01-027	Укладка плит покрытий одноэтажных зданий и сооружений, панелей оболочек, плит типа "П"	ПЛИТЫ ПОКРЫТИЙ И ПЕРЕКРЫТИЙ	100 шт	Укладка плит покрытий одноэтажных зданий и сооружений длиной до 12 м, площадью: до 40 м2 при массе стропильных и подстропильных конструкций до 15 т и высоте зданий до 35 м
07-01-027-19	07-01-027	Укладка плит покрытий одноэтажных зданий и сооружений, панелей оболочек, плит типа "П"	ПЛИТЫ ПОКРЫТИЙ И ПЕРЕКРЫТИЙ	100 шт	Укладка плит покрытий одноэтажных зданий и сооружений длиной до 12 м, площадью: до 40 м2 при массе стропильных и подстропильных конструкций до 30 т и высоте зданий до 25 м
07-01-027-20	07-01-027	Укладка плит покрытий одноэтажных зданий и сооружений, панелей оболочек, плит типа "П"	ПЛИТЫ ПОКРЫТИЙ И ПЕРЕКРЫТИЙ	100 шт	Укладка плит покрытий одноэтажных зданий и сооружений длиной до 12 м, площадью: до 40 м2 при массе стропильных и подстропильных конструкций до 30 т и высоте зданий до 35 м
07-01-027-21	07-01-027	Укладка плит покрытий одноэтажных зданий и сооружений, панелей оболочек, плит типа "П"	ПЛИТЫ ПОКРЫТИЙ И ПЕРЕКРЫТИЙ	100 шт	Укладка панелей оболочек размером 3х18 м при высоте зданий: до 25 м
07-01-027-22	07-01-027	Укладка плит покрытий одноэтажных зданий и сооружений, панелей оболочек, плит типа "П"	ПЛИТЫ ПОКРЫТИЙ И ПЕРЕКРЫТИЙ	100 шт	Укладка панелей оболочек размером 3х18 м при высоте зданий: свыше 25 до 35 м
07-01-027-23	07-01-027	Укладка плит покрытий одноэтажных зданий и сооружений, панелей оболочек, плит типа "П"	ПЛИТЫ ПОКРЫТИЙ И ПЕРЕКРЫТИЙ	100 шт	Укладка плит типа "П" размером 3х18 м при высоте зданий: до 15 м
07-01-027-24	07-01-027	Укладка плит покрытий одноэтажных зданий и сооружений, панелей оболочек, плит типа "П"	ПЛИТЫ ПОКРЫТИЙ И ПЕРЕКРЫТИЙ	100 шт	Укладка плит типа "П" размером 3х18 м при высоте зданий: свыше 15 до 25 м
07-01-027-25	07-01-027	Укладка плит покрытий одноэтажных зданий и сооружений, панелей оболочек, плит типа "П"	ПЛИТЫ ПОКРЫТИЙ И ПЕРЕКРЫТИЙ	100 шт	Укладка плит типа "П" размером 3х18 м при высоте зданий: свыше 25 до 35 м
07-01-028-01	07-01-028	Укладка плит покрытий, установка опорных стаканов для вентиляционных устройств	ПЛИТЫ ПОКРЫТИЙ И ПЕРЕКРЫТИЙ	100 шт	Укладка плит покрытий площадью до 1 м2 при массе стропильных и подстропильных конструкций: до 10 т и высоте зданий до 25 м
07-01-028-02	07-01-028	Укладка плит покрытий, установка опорных стаканов для вентиляционных устройств	ПЛИТЫ ПОКРЫТИЙ И ПЕРЕКРЫТИЙ	100 шт	Укладка плит покрытий площадью до 1 м2 при массе стропильных и подстропильных конструкций: до 15 т и высоте зданий до 25 м
07-01-028-03	07-01-028	Укладка плит покрытий, установка опорных стаканов для вентиляционных устройств	ПЛИТЫ ПОКРЫТИЙ И ПЕРЕКРЫТИЙ	100 шт	Укладка плит покрытий площадью до 1 м2 при массе стропильных и подстропильных конструкций: до 15 т и высоте зданий до 35 м
07-01-028-04	07-01-028	Укладка плит покрытий, установка опорных стаканов для вентиляционных устройств	ПЛИТЫ ПОКРЫТИЙ И ПЕРЕКРЫТИЙ	100 шт	Укладка плит покрытий площадью до 1 м2 при массе стропильных и подстропильных конструкций: до 20 т и высоте зданий до 25 м
07-01-028-05	07-01-028	Укладка плит покрытий, установка опорных стаканов для вентиляционных устройств	ПЛИТЫ ПОКРЫТИЙ И ПЕРЕКРЫТИЙ	100 шт	Укладка плит покрытий площадью до 1 м2 при массе стропильных и подстропильных конструкций: до 20 т и высоте зданий до 35 м
07-01-028-06	07-01-028	Укладка плит покрытий, установка опорных стаканов для вентиляционных устройств	ПЛИТЫ ПОКРЫТИЙ И ПЕРЕКРЫТИЙ	100 шт	Укладка плит покрытий площадью до 2 м2 при массе стропильных и подстропильных конструкций: до 10 т и высоте зданий до 25 м
07-01-028-07	07-01-028	Укладка плит покрытий, установка опорных стаканов для вентиляционных устройств	ПЛИТЫ ПОКРЫТИЙ И ПЕРЕКРЫТИЙ	100 шт	Укладка плит покрытий площадью до 2 м2 при массе стропильных и подстропильных конструкций: до 15 т и высоте зданий до 25 м
07-01-028-08	07-01-028	Укладка плит покрытий, установка опорных стаканов для вентиляционных устройств	ПЛИТЫ ПОКРЫТИЙ И ПЕРЕКРЫТИЙ	100 шт	Укладка плит покрытий площадью до 2 м2 при массе стропильных и подстропильных конструкций: до 15 т и высоте зданий до 35 м
07-01-028-09	07-01-028	Укладка плит покрытий, установка опорных стаканов для вентиляционных устройств	ПЛИТЫ ПОКРЫТИЙ И ПЕРЕКРЫТИЙ	100 шт	Укладка плит покрытий площадью до 2 м2 при массе стропильных и подстропильных конструкций: до 20 т и высоте зданий до 25 м
07-01-028-10	07-01-028	Укладка плит покрытий, установка опорных стаканов для вентиляционных устройств	ПЛИТЫ ПОКРЫТИЙ И ПЕРЕКРЫТИЙ	100 шт	Укладка плит покрытий площадью до 2 м2 при массе стропильных и подстропильных конструкций: до 20 т и высоте зданий до 35 м
07-01-028-11	07-01-028	Укладка плит покрытий, установка опорных стаканов для вентиляционных устройств	ПЛИТЫ ПОКРЫТИЙ И ПЕРЕКРЫТИЙ	100 шт	Установка опорных стаканов для вентиляционных устройств при высоте зданий: до 25 м
07-01-028-12	07-01-028	Укладка плит покрытий, установка опорных стаканов для вентиляционных устройств	ПЛИТЫ ПОКРЫТИЙ И ПЕРЕКРЫТИЙ	100 шт	Установка опорных стаканов для вентиляционных устройств при высоте зданий: до 35 м
07-01-029-01	07-01-029	Укладка плит перекрытий и покрытий многоэтажных зданий	ПЛИТЫ ПОКРЫТИЙ И ПЕРЕКРЫТИЙ	100 шт	Укладка в многоэтажных зданиях плит безбалочных перекрытий: надколонных при наибольшей массе монтажных элементов в здании до 5 т
07-01-029-02	07-01-029	Укладка плит перекрытий и покрытий многоэтажных зданий	ПЛИТЫ ПОКРЫТИЙ И ПЕРЕКРЫТИЙ	100 шт	Укладка в многоэтажных зданиях плит безбалочных перекрытий: пролетных при наибольшей массе монтажных элементов в здании до 5 т
07-01-029-03	07-01-029	Укладка плит перекрытий и покрытий многоэтажных зданий	ПЛИТЫ ПОКРЫТИЙ И ПЕРЕКРЫТИЙ	100 шт	Укладка в многоэтажных зданиях плит перекрытий и покрытий межколонных по ригелям с полками при наибольшей массе монтажных элементов в здании до 5 т, ширина плит: 0,75 м
07-01-029-04	07-01-029	Укладка плит перекрытий и покрытий многоэтажных зданий	ПЛИТЫ ПОКРЫТИЙ И ПЕРЕКРЫТИЙ	100 шт	Укладка в многоэтажных зданиях плит перекрытий и покрытий межколонных по ригелям с полками при наибольшей массе монтажных элементов в здании до 5 т, ширина плит: 1,5 м
07-01-029-05	07-01-029	Укладка плит перекрытий и покрытий многоэтажных зданий	ПЛИТЫ ПОКРЫТИЙ И ПЕРЕКРЫТИЙ	100 шт	Укладка в многоэтажных зданиях плит перекрытий и покрытий межколонных по ригелям с полками при наибольшей массе монтажных элементов в здании до 5 т, ширина плит: 3 м
07-01-029-06	07-01-029	Укладка плит перекрытий и покрытий многоэтажных зданий	ПЛИТЫ ПОКРЫТИЙ И ПЕРЕКРЫТИЙ	100 шт	Укладка в многоэтажных зданиях плит перекрытий и покрытий пролетных по ригелям с полками при наибольшей массе монтажных элементов в здании до 5 т, ширина плит: 1,5 м
07-01-029-07	07-01-029	Укладка плит перекрытий и покрытий многоэтажных зданий	ПЛИТЫ ПОКРЫТИЙ И ПЕРЕКРЫТИЙ	100 шт	Укладка в многоэтажных зданиях плит перекрытий и покрытий пролетных по ригелям с полками при наибольшей массе монтажных элементов в здании до 5 т, ширина плит: 3 м
07-01-029-08	07-01-029	Укладка плит перекрытий и покрытий многоэтажных зданий	ПЛИТЫ ПОКРЫТИЙ И ПЕРЕКРЫТИЙ	100 шт	Укладка в многоэтажных зданиях безбалочных плит перекрытий: надколонных при наибольшей массе монтажных элементов в здании до 8 т
07-01-029-09	07-01-029	Укладка плит перекрытий и покрытий многоэтажных зданий	ПЛИТЫ ПОКРЫТИЙ И ПЕРЕКРЫТИЙ	100 шт	Укладка в многоэтажных зданиях безбалочных плит перекрытий: пролетных при наибольшей массе монтажных элементов в здании до 8 т
07-01-029-10	07-01-029	Укладка плит перекрытий и покрытий многоэтажных зданий	ПЛИТЫ ПОКРЫТИЙ И ПЕРЕКРЫТИЙ	100 шт	Укладка в многоэтажных зданиях плит перекрытий и покрытий межколонных по ригелям с полками при наибольшей массе монтажных элементов в здании до 8 т, ширина плит: 0,75 м
07-01-029-11	07-01-029	Укладка плит перекрытий и покрытий многоэтажных зданий	ПЛИТЫ ПОКРЫТИЙ И ПЕРЕКРЫТИЙ	100 шт	Укладка в многоэтажных зданиях плит перекрытий и покрытий межколонных по ригелям с полками при наибольшей массе монтажных элементов в здании до 8 т, ширина плит: 1,5 м
07-01-029-12	07-01-029	Укладка плит перекрытий и покрытий многоэтажных зданий	ПЛИТЫ ПОКРЫТИЙ И ПЕРЕКРЫТИЙ	100 шт	Укладка в многоэтажных зданиях плит перекрытий и покрытий межколонных по ригелям с полками при наибольшей массе монтажных элементов в здании до 8 т, ширина плит: 3 м
07-01-029-13	07-01-029	Укладка плит перекрытий и покрытий многоэтажных зданий	ПЛИТЫ ПОКРЫТИЙ И ПЕРЕКРЫТИЙ	100 шт	Укладка в многоэтажных зданиях плит перекрытий и покрытий пролетных по ригелям с полками при наибольшей массе монтажных элементов в здании до 8 т, ширина плит: 1,5 м
07-01-029-14	07-01-029	Укладка плит перекрытий и покрытий многоэтажных зданий	ПЛИТЫ ПОКРЫТИЙ И ПЕРЕКРЫТИЙ	100 шт	Укладка в многоэтажных зданиях плит перекрытий и покрытий пролетных по ригелям с полками при наибольшей массе монтажных элементов в здании до 8 т, ширина плит: 3 м
07-01-029-15	07-01-029	Укладка плит перекрытий и покрытий многоэтажных зданий	ПЛИТЫ ПОКРЫТИЙ И ПЕРЕКРЫТИЙ	100 шт	Укладка в многоэтажных зданиях плит перекрытий безбалочных: надколонных при наибольшей массе монтажных элементов в здании более 8 т
07-01-029-16	07-01-029	Укладка плит перекрытий и покрытий многоэтажных зданий	ПЛИТЫ ПОКРЫТИЙ И ПЕРЕКРЫТИЙ	100 шт	Укладка в многоэтажных зданиях плит перекрытий безбалочных: пролетных при наибольшей массе монтажных элементов в здании более 8 т
07-01-029-17	07-01-029	Укладка плит перекрытий и покрытий многоэтажных зданий	ПЛИТЫ ПОКРЫТИЙ И ПЕРЕКРЫТИЙ	100 шт	Укладка в многоэтажных зданиях плит перекрытий и покрытий межколонных по ригелям с полками при наибольшей массе монтажных элементов в здании более 8 т, ширина плит: 0,75 м
07-01-029-18	07-01-029	Укладка плит перекрытий и покрытий многоэтажных зданий	ПЛИТЫ ПОКРЫТИЙ И ПЕРЕКРЫТИЙ	100 шт	Укладка в многоэтажных зданиях плит перекрытий и покрытий межколонных по ригелям с полками при наибольшей массе монтажных элементов в здании более 8 т, ширина плит: 1,5 м
07-01-029-19	07-01-029	Укладка плит перекрытий и покрытий многоэтажных зданий	ПЛИТЫ ПОКРЫТИЙ И ПЕРЕКРЫТИЙ	100 шт	Укладка в многоэтажных зданиях плит перекрытий и покрытий межколонных по ригелям с полками при наибольшей массе монтажных элементов в здании более 8 т, ширина плит: 3 м
07-01-029-20	07-01-029	Укладка плит перекрытий и покрытий многоэтажных зданий	ПЛИТЫ ПОКРЫТИЙ И ПЕРЕКРЫТИЙ	100 шт	Укладка в многоэтажных зданиях плит перекрытий и покрытий пролетных по ригелям с полками при наибольшей массе монтажных элементов в здании более 8 т, ширина плит: 1,5 м
07-01-029-21	07-01-029	Укладка плит перекрытий и покрытий многоэтажных зданий	ПЛИТЫ ПОКРЫТИЙ И ПЕРЕКРЫТИЙ	100 шт	Укладка в многоэтажных зданиях плит перекрытий и покрытий пролетных по ригелям с полками при наибольшей массе монтажных элементов в здании более 8 т, ширина плит: 3 м
07-01-029-22	07-01-029	Укладка плит перекрытий и покрытий многоэтажных зданий	ПЛИТЫ ПОКРЫТИЙ И ПЕРЕКРЫТИЙ	100 шт	Укладка в многоэтажных зданиях плит перекрытий и покрытий межколонных по ригелям прямоугольным при наибольшей массе монтажных элементов в здании до 5 т, ширина плит: 0,75 м
07-01-029-23	07-01-029	Укладка плит перекрытий и покрытий многоэтажных зданий	ПЛИТЫ ПОКРЫТИЙ И ПЕРЕКРЫТИЙ	100 шт	Укладка в многоэтажных зданиях плит перекрытий и покрытий межколонных по ригелям прямоугольным при наибольшей массе монтажных элементов в здании до 5 т, ширина плит: 1,5 м
07-01-029-24	07-01-029	Укладка плит перекрытий и покрытий многоэтажных зданий	ПЛИТЫ ПОКРЫТИЙ И ПЕРЕКРЫТИЙ	100 шт	Укладка в многоэтажных зданиях плит перекрытий и покрытий пролетных по ригелям прямоугольным при наибольшей массе монтажных элементов в здании до 5 т, ширина плит 1,5 м
07-01-029-25	07-01-029	Укладка плит перекрытий и покрытий многоэтажных зданий	ПЛИТЫ ПОКРЫТИЙ И ПЕРЕКРЫТИЙ	100 шт	Укладка в многоэтажных зданиях плит покрытий по стропильным конструкциям площадью: до 10 м2 при наибольшей массе монтажных элементов в здании до 5 т
07-01-029-26	07-01-029	Укладка плит перекрытий и покрытий многоэтажных зданий	ПЛИТЫ ПОКРЫТИЙ И ПЕРЕКРЫТИЙ	100 шт	Укладка в многоэтажных зданиях плит покрытий по стропильным конструкциям площадью: до 20 м2 при наибольшей массе монтажных элементов в здании до 5 т
07-01-029-27	07-01-029	Укладка плит перекрытий и покрытий многоэтажных зданий	ПЛИТЫ ПОКРЫТИЙ И ПЕРЕКРЫТИЙ	100 шт	Укладка в многоэтажных зданиях плит перекрытий и покрытий межколонных по ригелям прямоугольным при наибольшей массе монтажных элементов в здании до 8 т, ширина плит: 0,75 м
07-01-029-28	07-01-029	Укладка плит перекрытий и покрытий многоэтажных зданий	ПЛИТЫ ПОКРЫТИЙ И ПЕРЕКРЫТИЙ	100 шт	Укладка в многоэтажных зданиях плит перекрытий и покрытий межколонных по ригелям прямоугольным при наибольшей массе монтажных элементов в здании до 8 т, ширина плит: 1,5 м
07-01-029-29	07-01-029	Укладка плит перекрытий и покрытий многоэтажных зданий	ПЛИТЫ ПОКРЫТИЙ И ПЕРЕКРЫТИЙ	100 шт	Укладка в многоэтажных зданиях плит перекрытий и покрытий пролетных по ригелям прямоугольным при наибольшей массе монтажных элементов в здании до 8 т, ширина плит 1,5 м
07-01-029-30	07-01-029	Укладка плит перекрытий и покрытий многоэтажных зданий	ПЛИТЫ ПОКРЫТИЙ И ПЕРЕКРЫТИЙ	100 шт	Укладка в многоэтажных зданиях плит покрытий по стропильным конструкциям площадью: до 10 м2 при наибольшей массе монтажных элементов в здании до 8 т
07-01-029-31	07-01-029	Укладка плит перекрытий и покрытий многоэтажных зданий	ПЛИТЫ ПОКРЫТИЙ И ПЕРЕКРЫТИЙ	100 шт	Укладка в многоэтажных зданиях плит покрытий по стропильным конструкциям площадью: до 20 м2 при наибольшей массе монтажных элементов в здании до 8 т
07-01-029-32	07-01-029	Укладка плит перекрытий и покрытий многоэтажных зданий	ПЛИТЫ ПОКРЫТИЙ И ПЕРЕКРЫТИЙ	100 шт	Укладка в многоэтажных зданиях плит перекрытий и покрытий межколонных по ригелям прямоугольным при наибольшей массе монтажных элементов в здании более 8 т, ширина плит: 0,75 м
07-01-029-33	07-01-029	Укладка плит перекрытий и покрытий многоэтажных зданий	ПЛИТЫ ПОКРЫТИЙ И ПЕРЕКРЫТИЙ	100 шт	Укладка в многоэтажных зданиях плит перекрытий и покрытий межколонных по ригелям прямоугольным при наибольшей массе монтажных элементов в здании более 8 т, ширина плит: 1,5 м
07-01-029-34	07-01-029	Укладка плит перекрытий и покрытий многоэтажных зданий	ПЛИТЫ ПОКРЫТИЙ И ПЕРЕКРЫТИЙ	100 шт	Укладка в многоэтажных зданиях плит перекрытий и покрытий пролетных по ригелям прямоугольным при наибольшей массе монтажных элементов в здании более 8 т, ширина плит 1,5 м
07-01-029-35	07-01-029	Укладка плит перекрытий и покрытий многоэтажных зданий	ПЛИТЫ ПОКРЫТИЙ И ПЕРЕКРЫТИЙ	100 шт	Укладка в многоэтажных зданиях плит покрытия по стропильным конструкциям площадью: до 10 м2 при наибольшей массе монтажных элементов в здании более 8 т
07-01-029-36	07-01-029	Укладка плит перекрытий и покрытий многоэтажных зданий	ПЛИТЫ ПОКРЫТИЙ И ПЕРЕКРЫТИЙ	100 шт	Укладка в многоэтажных зданиях плит покрытия по стропильным конструкциям площадью: до 20 м2 при наибольшей массе монтажных элементов в здании более 8 т
07-01-034-01	07-01-034	Установка панелей наружных стен одноэтажных зданий	СТЕНЫ И ПЕРЕГОРОДКИ	100 шт	Установка панелей наружных стен одноэтажных зданий длиной: до 7 м, площадью до 10 м2 при высоте здания до 25 м
07-01-034-02	07-01-034	Установка панелей наружных стен одноэтажных зданий	СТЕНЫ И ПЕРЕГОРОДКИ	100 шт	Установка панелей наружных стен одноэтажных зданий длиной: до 7 м, площадью до 10 м2 при высоте здания до 35 м
07-01-034-03	07-01-034	Установка панелей наружных стен одноэтажных зданий	СТЕНЫ И ПЕРЕГОРОДКИ	100 шт	Установка панелей наружных стен одноэтажных зданий длиной: до 7 м, площадью более 10 м2 при высоте здания до 25 м
07-01-034-04	07-01-034	Установка панелей наружных стен одноэтажных зданий	СТЕНЫ И ПЕРЕГОРОДКИ	100 шт	Установка панелей наружных стен одноэтажных зданий длиной: до 7 м, площадью более 10 м2 при высоте здания до 35 м
07-01-034-05	07-01-034	Установка панелей наружных стен одноэтажных зданий	СТЕНЫ И ПЕРЕГОРОДКИ	100 шт	Установка панелей наружных стен одноэтажных зданий длиной: более 7 м, площадью до 15 м2 при высоте здания до 25 м
07-01-034-06	07-01-034	Установка панелей наружных стен одноэтажных зданий	СТЕНЫ И ПЕРЕГОРОДКИ	100 шт	Установка панелей наружных стен одноэтажных зданий длиной: более 7 м, площадью до 15 м2 при высоте здания до 35 м
07-01-034-07	07-01-034	Установка панелей наружных стен одноэтажных зданий	СТЕНЫ И ПЕРЕГОРОДКИ	100 шт	Установка панелей наружных стен одноэтажных зданий длиной: более 7 м, площадью более 15 м2 при высоте здания до 25 м
07-01-034-08	07-01-034	Установка панелей наружных стен одноэтажных зданий	СТЕНЫ И ПЕРЕГОРОДКИ	100 шт	Установка панелей наружных стен одноэтажных зданий длиной: более 7 м, площадью более 15 м2 при высоте здания до 35 м
07-01-034-09	07-01-034	Установка панелей наружных стен одноэтажных зданий	СТЕНЫ И ПЕРЕГОРОДКИ	100 шт	При установке панелей наружных стен одноэтажных зданий с угловыми блоками добавлять: к нормам 07-01-034-01, 07-01-034-03, 07-01-034-05, 07-01-034-07
07-01-034-10	07-01-034	Установка панелей наружных стен одноэтажных зданий	СТЕНЫ И ПЕРЕГОРОДКИ	100 шт	При установке панелей наружных стен одноэтажных зданий с угловыми блоками добавлять: к нормам 07-01-034-02, 07-01-034-04, 07-01-034-06, 07-01-034-08
07-01-034-11	07-01-034	Установка панелей наружных стен одноэтажных зданий	СТЕНЫ И ПЕРЕГОРОДКИ	100 шт	При установке панелей наружных стен одноэтажных зданий с карнизными панелями при массе блока: до 3 т добавлять к нормам 07-01-034-01, 07-01-034-03, 07-01-034-05, 07-01-034-07
07-01-034-12	07-01-034	Установка панелей наружных стен одноэтажных зданий	СТЕНЫ И ПЕРЕГОРОДКИ	100 шт	При установке панелей наружных стен одноэтажных зданий с карнизными панелями при массе блока: до 3 т добавлять к нормам 07-01-034-02, 07-01-034-04, 07-01-034-06, 07-01-034-08
07-01-034-13	07-01-034	Установка панелей наружных стен одноэтажных зданий	СТЕНЫ И ПЕРЕГОРОДКИ	100 шт	При установке панелей наружных стен одноэтажных зданий с карнизными панелями при массе блока: до 6 т добавлять к нормам 07-01-034-01, 07-01-034-03, 07-01-034-05, 07-01-034-07
07-01-034-14	07-01-034	Установка панелей наружных стен одноэтажных зданий	СТЕНЫ И ПЕРЕГОРОДКИ	100 шт	При установке панелей наружных стен одноэтажных зданий с карнизными панелями при массе блока: до 6 т добавлять к нормам 07-01-034-02, 07-01-034-04, 07-01-034-06, 07-01-034-08
07-01-034-15	07-01-034	Установка панелей наружных стен одноэтажных зданий	СТЕНЫ И ПЕРЕГОРОДКИ	100 шт	Установка простеночных панелей наружных стен одноэтажных зданий площадью: до 5 м2 при высоте здания до 25 м
07-01-034-16	07-01-034	Установка панелей наружных стен одноэтажных зданий	СТЕНЫ И ПЕРЕГОРОДКИ	100 шт	Установка простеночных панелей наружных стен одноэтажных зданий площадью: до 5 м2 при высоте здания до 35 м
07-01-034-17	07-01-034	Установка панелей наружных стен одноэтажных зданий	СТЕНЫ И ПЕРЕГОРОДКИ	100 шт	Установка простеночных панелей наружных стен одноэтажных зданий площадью: более 5 м2 при высоте здания до 25 м
07-01-034-18	07-01-034	Установка панелей наружных стен одноэтажных зданий	СТЕНЫ И ПЕРЕГОРОДКИ	100 шт	Установка простеночных панелей наружных стен одноэтажных зданий площадью: более 5 м2 при высоте здания до 35 м
07-01-034-19	07-01-034	Установка панелей наружных стен одноэтажных зданий	СТЕНЫ И ПЕРЕГОРОДКИ	100 шт	Установка угловых блоков одноэтажных зданий при высоте здания: до 25 м
07-01-034-20	07-01-034	Установка панелей наружных стен одноэтажных зданий	СТЕНЫ И ПЕРЕГОРОДКИ	100 шт	Установка угловых блоков одноэтажных зданий при высоте здания: до 35 м
07-01-035-01	07-01-035	Установка панелей наружных стен многоэтажных зданий, карнизных панелей	СТЕНЫ И ПЕРЕГОРОДКИ	100 шт	Установка панелей наружных стен многоэтажных зданий длиной: до 6 м рядовых при наибольшей массе монтажных элементов в здании до 5 т, площадь панелей до 10 м2
07-01-035-02	07-01-035	Установка панелей наружных стен многоэтажных зданий, карнизных панелей	СТЕНЫ И ПЕРЕГОРОДКИ	100 шт	Установка панелей наружных стен многоэтажных зданий длиной: до 6 м рядовых при наибольшей массе монтажных элементов в здании до 5 т, площадь панелей более 10 м2
07-01-035-03	07-01-035	Установка панелей наружных стен многоэтажных зданий, карнизных панелей	СТЕНЫ И ПЕРЕГОРОДКИ	100 шт	Установка панелей наружных стен многоэтажных зданий длиной: более 6 м рядовых при наибольшей массе монтажных элементов в здании до 5 т, площадь панелей до 10 м2
07-01-035-04	07-01-035	Установка панелей наружных стен многоэтажных зданий, карнизных панелей	СТЕНЫ И ПЕРЕГОРОДКИ	100 шт	Установка панелей наружных стен многоэтажных зданий длиной: более 6 м рядовых при наибольшей массе монтажных элементов в здании до 5 т, площадь панелей более 10 м2
07-01-035-05	07-01-035	Установка панелей наружных стен многоэтажных зданий, карнизных панелей	СТЕНЫ И ПЕРЕГОРОДКИ	100 шт	Установка панелей наружных стен многоэтажных зданий простеночных при наибольшей массе монтажных элементов в здании до 5 т, площадь панелей: до 5 м2
07-01-035-06	07-01-035	Установка панелей наружных стен многоэтажных зданий, карнизных панелей	СТЕНЫ И ПЕРЕГОРОДКИ	100 шт	Установка панелей наружных стен многоэтажных зданий простеночных при наибольшей массе монтажных элементов в здании до 5 т, площадь панелей: более 5 м2
07-01-035-07	07-01-035	Установка панелей наружных стен многоэтажных зданий, карнизных панелей	СТЕНЫ И ПЕРЕГОРОДКИ	100 шт	Установка карнизных панелей многоэтажных зданий при наибольшей массе монтажных элементов в здании до 5 т
07-01-035-08	07-01-035	Установка панелей наружных стен многоэтажных зданий, карнизных панелей	СТЕНЫ И ПЕРЕГОРОДКИ	100 шт	Установка панелей наружных стен многоэтажных зданий длиной: до 6 м рядовых при наибольшей массе монтажных элементов в здании до 8 т, площадь панелей до 10 м2
07-01-035-09	07-01-035	Установка панелей наружных стен многоэтажных зданий, карнизных панелей	СТЕНЫ И ПЕРЕГОРОДКИ	100 шт	Установка панелей наружных стен многоэтажных зданий длиной: до 6 м рядовых при наибольшей массе монтажных элементов в здании до 8 т, площадь панелей более 10 м2
07-01-035-10	07-01-035	Установка панелей наружных стен многоэтажных зданий, карнизных панелей	СТЕНЫ И ПЕРЕГОРОДКИ	100 шт	Установка панелей наружных стен многоэтажных зданий длиной: более 6 м рядовых при наибольшей массе монтажных элементов в здании до 8 т, площадь панелей до 10 м2
07-01-035-11	07-01-035	Установка панелей наружных стен многоэтажных зданий, карнизных панелей	СТЕНЫ И ПЕРЕГОРОДКИ	100 шт	Установка панелей наружных стен многоэтажных зданий длиной: более 6 м рядовых при наибольшей массе монтажных элементов в здании до 8 т, площадь панелей более 10 м2
07-01-035-12	07-01-035	Установка панелей наружных стен многоэтажных зданий, карнизных панелей	СТЕНЫ И ПЕРЕГОРОДКИ	100 шт	Установка панелей наружных стен многоэтажных зданий простеночных при наибольшей массе монтажных элементов в здании до 8 т, площадь панелей: до 5 м2
07-01-035-13	07-01-035	Установка панелей наружных стен многоэтажных зданий, карнизных панелей	СТЕНЫ И ПЕРЕГОРОДКИ	100 шт	Установка панелей наружных стен многоэтажных зданий простеночных при наибольшей массе монтажных элементов в здании до 8 т, площадь панелей: более 5 м2
07-01-035-14	07-01-035	Установка панелей наружных стен многоэтажных зданий, карнизных панелей	СТЕНЫ И ПЕРЕГОРОДКИ	100 шт	Установка карнизных панелей многоэтажных зданий при наибольшей массе монтажных элементов в здании до 8 т
07-01-035-15	07-01-035	Установка панелей наружных стен многоэтажных зданий, карнизных панелей	СТЕНЫ И ПЕРЕГОРОДКИ	100 шт	Установка панелей наружных стен многоэтажных зданий длиной: до 6 м рядовых при наибольшей массе монтажных элементов в здании более 8 т, площадь панелей до 10 м2
07-01-035-16	07-01-035	Установка панелей наружных стен многоэтажных зданий, карнизных панелей	СТЕНЫ И ПЕРЕГОРОДКИ	100 шт	Установка панелей наружных стен многоэтажных зданий длиной: до 6 м рядовых при наибольшей массе монтажных элементов в здании более 8 т, площадь панелей более 10 м2
07-01-035-17	07-01-035	Установка панелей наружных стен многоэтажных зданий, карнизных панелей	СТЕНЫ И ПЕРЕГОРОДКИ	100 шт	Установка панелей наружных стен многоэтажных зданий длиной: более 6 м рядовых при наибольшей массе монтажных элементов в здании более 8 т, площадь панелей до 10 м2
07-01-035-18	07-01-035	Установка панелей наружных стен многоэтажных зданий, карнизных панелей	СТЕНЫ И ПЕРЕГОРОДКИ	100 шт	Установка панелей наружных стен многоэтажных зданий длиной: более 6 м рядовых при наибольшей массе монтажных элементов в здании более 8 т, площадь панелей более 10 м2
07-01-035-19	07-01-035	Установка панелей наружных стен многоэтажных зданий, карнизных панелей	СТЕНЫ И ПЕРЕГОРОДКИ	100 шт	Установка панелей наружных стен многоэтажных зданий простеночных при наибольшей массе монтажных элементов в здании более 8 т, площадь панелей: до 5 м2
07-01-035-20	07-01-035	Установка панелей наружных стен многоэтажных зданий, карнизных панелей	СТЕНЫ И ПЕРЕГОРОДКИ	100 шт	Установка панелей наружных стен многоэтажных зданий простеночных при наибольшей массе монтажных элементов в здании более 8 т, площадь панелей: более 5 м2
07-01-035-21	07-01-035	Установка панелей наружных стен многоэтажных зданий, карнизных панелей	СТЕНЫ И ПЕРЕГОРОДКИ	100 шт	Установка карнизных панелей многоэтажных зданий при наибольшей массе монтажных элементов в здании более 8 т
07-01-036-01	07-01-036	Установка панелей перегородок одноэтажных зданий	СТЕНЫ И ПЕРЕГОРОДКИ	100 шт	Установка панелей перегородок одноэтажных зданий при горизонтальных стыках и заполнении швов: раствором, площадь панелей до 10 м2
07-01-036-02	07-01-036	Установка панелей перегородок одноэтажных зданий	СТЕНЫ И ПЕРЕГОРОДКИ	100 шт	Установка панелей перегородок одноэтажных зданий при горизонтальных стыках и заполнении швов: раствором, площадь панелей до 15 м2
07-01-036-03	07-01-036	Установка панелей перегородок одноэтажных зданий	СТЕНЫ И ПЕРЕГОРОДКИ	100 шт	Установка панелей перегородок одноэтажных зданий при горизонтальных стыках и заполнении швов: упругими прокладками, площадь панелей до 10 м2
07-01-036-04	07-01-036	Установка панелей перегородок одноэтажных зданий	СТЕНЫ И ПЕРЕГОРОДКИ	100 шт	Установка панелей перегородок одноэтажных зданий при горизонтальных стыках и заполнении швов: упругими прокладками, площадь панелей до 15 м2
07-01-036-05	07-01-036	Установка панелей перегородок одноэтажных зданий	СТЕНЫ И ПЕРЕГОРОДКИ	100 шт	Установка панелей перегородок одноэтажных зданий при вертикальных стыках и заполнении швов раствором, площадь панелей: до 2 м2
07-01-036-06	07-01-036	Установка панелей перегородок одноэтажных зданий	СТЕНЫ И ПЕРЕГОРОДКИ	100 шт	Установка панелей перегородок одноэтажных зданий при вертикальных стыках и заполнении швов раствором, площадь панелей: более 2 м2
07-01-037-01	07-01-037	Герметизация швов стеновых панелей	СТЕНЫ И ПЕРЕГОРОДКИ	100 м	Заполнение вертикальных швов стеновых панелей: цементным раствором
07-01-037-02	07-01-037	Герметизация швов стеновых панелей	СТЕНЫ И ПЕРЕГОРОДКИ	100 м	Заполнение вертикальных швов стеновых панелей: упругими прокладками
07-01-037-03	07-01-037	Герметизация швов стеновых панелей	СТЕНЫ И ПЕРЕГОРОДКИ	100 м	Герметизация мастикой швов: горизонтальных
07-01-037-04	07-01-037	Герметизация швов стеновых панелей	СТЕНЫ И ПЕРЕГОРОДКИ	100 м	Герметизация мастикой швов: вертикальных
07-01-037-05	07-01-037	Герметизация швов стеновых панелей	СТЕНЫ И ПЕРЕГОРОДКИ	100 м	Добавлять к нормам таблиц 07-01-034, 07-01-035 при заделке горизонтальных швов: цементным раствором
07-01-037-06	07-01-037	Герметизация швов стеновых панелей	СТЕНЫ И ПЕРЕГОРОДКИ	100 м	Добавлять к нормам таблиц 07-01-034, 07-01-035 при заделке горизонтальных швов: уплотнительными прокладками
07-01-039-01	07-01-039	Заделка деформационных швов плит-оболочек цементным раствором	СТЕНЫ И ПЕРЕГОРОДКИ	100 м	Заделка деформационных швов плит-оболочек цементным раствором 1:3 на глубину 30 мм
07-05-007-01	07-05-007	Укладка балок, ригелей и перемычек	БАЛКИ, РИГЕЛИ, ПЕРЕМЫЧКИ	100 шт	Укладка балок ростверка массой: до 1 т
07-05-007-02	07-05-007	Укладка балок, ригелей и перемычек	БАЛКИ, РИГЕЛИ, ПЕРЕМЫЧКИ	100 шт	Укладка балок ростверка массой: свыше 1 до 3 т
07-05-007-03	07-05-007	Укладка балок, ригелей и перемычек	БАЛКИ, РИГЕЛИ, ПЕРЕМЫЧКИ	100 шт	Укладка балок перекрытий массой: до 1 т
07-05-007-04	07-05-007	Укладка балок, ригелей и перемычек	БАЛКИ, РИГЕЛИ, ПЕРЕМЫЧКИ	100 шт	Укладка балок перекрытий массой: свыше 1 до 3 т
07-05-007-05	07-05-007	Укладка балок, ригелей и перемычек	БАЛКИ, РИГЕЛИ, ПЕРЕМЫЧКИ	100 шт	Укладка ригелей массой: до 1 т
07-05-007-06	07-05-007	Укладка балок, ригелей и перемычек	БАЛКИ, РИГЕЛИ, ПЕРЕМЫЧКИ	100 шт	Укладка ригелей массой: свыше 1 до 2 т
07-05-007-07	07-05-007	Укладка балок, ригелей и перемычек	БАЛКИ, РИГЕЛИ, ПЕРЕМЫЧКИ	100 шт	Укладка ригелей массой: свыше 2 до 3 т
07-05-007-08	07-05-007	Укладка балок, ригелей и перемычек	БАЛКИ, РИГЕЛИ, ПЕРЕМЫЧКИ	100 шт	Укладка ригелей массой: свыше 3 до 5 т
07-05-007-09	07-05-007	Укладка балок, ригелей и перемычек	БАЛКИ, РИГЕЛИ, ПЕРЕМЫЧКИ	100 шт	Укладка ригелей массой: свыше 5 до 6 т
07-05-007-10	07-05-007	Укладка балок, ригелей и перемычек	БАЛКИ, РИГЕЛИ, ПЕРЕМЫЧКИ	100 шт	Укладка перемычек массой до 0,3 т
07-05-007-11	07-05-007	Укладка балок, ригелей и перемычек	БАЛКИ, РИГЕЛИ, ПЕРЕМЫЧКИ	100 шт	Укладка на растворе из сухой смеси балок ростверка массой: до 1 т
07-05-007-12	07-05-007	Укладка балок, ригелей и перемычек	БАЛКИ, РИГЕЛИ, ПЕРЕМЫЧКИ	100 шт	Укладка на растворе из сухой смеси балок ростверка массой: свыше 1 до 3 т
07-05-007-13	07-05-007	Укладка балок, ригелей и перемычек	БАЛКИ, РИГЕЛИ, ПЕРЕМЫЧКИ	100 шт	Укладка на растворе из сухой смеси балок перекрытий массой: до 1 т
07-05-007-14	07-05-007	Укладка балок, ригелей и перемычек	БАЛКИ, РИГЕЛИ, ПЕРЕМЫЧКИ	100 шт	Укладка на растворе из сухой смеси балок перекрытий массой: свыше 1 до 3 т
07-05-007-15	07-05-007	Укладка балок, ригелей и перемычек	БАЛКИ, РИГЕЛИ, ПЕРЕМЫЧКИ	100 шт	Укладка на растворе из сухой смеси ригелей массой: до 1 т
07-05-007-16	07-05-007	Укладка балок, ригелей и перемычек	БАЛКИ, РИГЕЛИ, ПЕРЕМЫЧКИ	100 шт	Укладка на растворе из сухой смеси ригелей массой: свыше 1 до 2 т
07-05-007-17	07-05-007	Укладка балок, ригелей и перемычек	БАЛКИ, РИГЕЛИ, ПЕРЕМЫЧКИ	100 шт	Укладка на растворе из сухой смеси ригелей массой: свыше 2 до 3 т
07-05-007-18	07-05-007	Укладка балок, ригелей и перемычек	БАЛКИ, РИГЕЛИ, ПЕРЕМЫЧКИ	100 шт	Укладка на растворе из сухой смеси ригелей массой: свыше 3 до 5 т
07-05-007-19	07-05-007	Укладка балок, ригелей и перемычек	БАЛКИ, РИГЕЛИ, ПЕРЕМЫЧКИ	100 шт	Укладка на растворе из сухой смеси ригелей массой: свыше 5 до 6 т
07-05-007-20	07-05-007	Укладка балок, ригелей и перемычек	БАЛКИ, РИГЕЛИ, ПЕРЕМЫЧКИ	100 шт	Укладка на растворе из сухой смеси перемычек массой до 0,3 т
07-05-011-01	07-05-011	Установка панелей	ПАНЕЛИ ПЕРЕКРЫТИЙ И ПОКРЫТИЙ	100 шт	Установка панелей перекрытий с опиранием: по контуру площадью до 5 м2
07-05-011-02	07-05-011	Установка панелей	ПАНЕЛИ ПЕРЕКРЫТИЙ И ПОКРЫТИЙ	100 шт	Установка панелей перекрытий с опиранием: по контуру площадью свыше 5 до 15 м2
07-05-011-03	07-05-011	Установка панелей	ПАНЕЛИ ПЕРЕКРЫТИЙ И ПОКРЫТИЙ	100 шт	Установка панелей перекрытий с опиранием: по контуру площадью свыше 15 до 20 м2
07-05-011-04	07-05-011	Установка панелей	ПАНЕЛИ ПЕРЕКРЫТИЙ И ПОКРЫТИЙ	100 шт	Установка панелей перекрытий с опиранием: по контуру площадью свыше 20 до 25 м2
07-05-011-05	07-05-011	Установка панелей	ПАНЕЛИ ПЕРЕКРЫТИЙ И ПОКРЫТИЙ	100 шт	Установка панелей перекрытий с опиранием: на 2 стороны площадью до 5 м2
07-05-011-06	07-05-011	Установка панелей	ПАНЕЛИ ПЕРЕКРЫТИЙ И ПОКРЫТИЙ	100 шт	Установка панелей перекрытий с опиранием: на 2 стороны площадью свыше 5 до 10 м2
07-05-011-07	07-05-011	Установка панелей	ПАНЕЛИ ПЕРЕКРЫТИЙ И ПОКРЫТИЙ	100 шт	Установка панелей ребристых площадью: до 5 м2
07-05-011-08	07-05-011	Установка панелей	ПАНЕЛИ ПЕРЕКРЫТИЙ И ПОКРЫТИЙ	100 шт	Установка панелей ребристых площадью: свыше 5 до 10 м2
07-05-011-09	07-05-011	Установка панелей	ПАНЕЛИ ПЕРЕКРЫТИЙ И ПОКРЫТИЙ	100 шт	Установка панелей ребристых площадью: свыше 10 до 15 м2
07-05-011-10	07-05-011	Установка панелей	ПАНЕЛИ ПЕРЕКРЫТИЙ И ПОКРЫТИЙ	100 шт	Установка панелей типа "ТТ" площадью: до 25 м2
07-05-011-11	07-05-011	Установка панелей	ПАНЕЛИ ПЕРЕКРЫТИЙ И ПОКРЫТИЙ	100 шт	Установка панелей типа "ТТ" площадью: свыше 25 до 30 м2
07-05-011-12	07-05-011	Установка панелей	ПАНЕЛИ ПЕРЕКРЫТИЙ И ПОКРЫТИЙ	100 шт	Установка панелей типа "ТТ" площадью: свыше 30 до 40 м2
07-05-011-13	07-05-011	Установка панелей	ПАНЕЛИ ПЕРЕКРЫТИЙ И ПОКРЫТИЙ	100 шт	Установка панелей перекрытий на растворе из сухой смеси с опиранием: по контуру площадью до 5 м2
07-05-011-14	07-05-011	Установка панелей	ПАНЕЛИ ПЕРЕКРЫТИЙ И ПОКРЫТИЙ	100 шт	Установка панелей перекрытий на растворе из сухой смеси с опиранием: по контуру площадью свыше 5 до 15 м2
07-05-011-15	07-05-011	Установка панелей	ПАНЕЛИ ПЕРЕКРЫТИЙ И ПОКРЫТИЙ	100 шт	Установка панелей перекрытий на растворе из сухой смеси с опиранием: по контуру площадью свыше 15 до 20 м2
07-05-011-16	07-05-011	Установка панелей	ПАНЕЛИ ПЕРЕКРЫТИЙ И ПОКРЫТИЙ	100 шт	Установка панелей перекрытий на растворе из сухой смеси с опиранием: по контуру площадью свыше 20 до 25 м2
07-05-011-17	07-05-011	Установка панелей	ПАНЕЛИ ПЕРЕКРЫТИЙ И ПОКРЫТИЙ	100 шт	Установка панелей перекрытий на растворе из сухой смеси с опиранием: на 2 стороны площадью до 5 м2
07-05-011-18	07-05-011	Установка панелей	ПАНЕЛИ ПЕРЕКРЫТИЙ И ПОКРЫТИЙ	100 шт	Установка панелей перекрытий на растворе из сухой смеси с опиранием: на 2 стороны площадью свыше 5 до 10 м2
07-05-011-19	07-05-011	Установка панелей	ПАНЕЛИ ПЕРЕКРЫТИЙ И ПОКРЫТИЙ	100 шт	Установка панелей ребристых на растворе из сухой смеси площадью: до 5 м2
07-05-011-20	07-05-011	Установка панелей	ПАНЕЛИ ПЕРЕКРЫТИЙ И ПОКРЫТИЙ	100 шт	Установка панелей ребристых на растворе из сухой смеси площадью: свыше 5 до 10 м2
07-05-011-21	07-05-011	Установка панелей	ПАНЕЛИ ПЕРЕКРЫТИЙ И ПОКРЫТИЙ	100 шт	Установка панелей ребристых на растворе из сухой смеси площадью: свыше 10 до 15 м2
07-05-011-22	07-05-011	Установка панелей	ПАНЕЛИ ПЕРЕКРЫТИЙ И ПОКРЫТИЙ	100 шт	Установка панелей типа "ТТ" на растворе из сухой смеси площадью: до 25 м2
07-05-011-23	07-05-011	Установка панелей	ПАНЕЛИ ПЕРЕКРЫТИЙ И ПОКРЫТИЙ	100 шт	Установка панелей типа "ТТ" на растворе из сухой смеси площадью: свыше 25 до 30 м2
07-05-011-24	07-05-011	Установка панелей	ПАНЕЛИ ПЕРЕКРЫТИЙ И ПОКРЫТИЙ	100 шт	Установка панелей типа "ТТ" на растворе из сухой смеси площадью: свыше 30 до 40 м2
07-05-014-01	07-05-014	Установка лестничных площадок и маршей	ЛЕСТНИЧНЫЕ ПЛОЩАДКИ, МАРШИ И ОГРАЖДЕНИЯ	100 шт	Установка площадок массой: до 1 т
07-05-014-02	07-05-014	Установка лестничных площадок и маршей	ЛЕСТНИЧНЫЕ ПЛОЩАДКИ, МАРШИ И ОГРАЖДЕНИЯ	100 шт	Установка площадок массой: свыше 1 т
07-05-014-03	07-05-014	Установка лестничных площадок и маршей	ЛЕСТНИЧНЫЕ ПЛОЩАДКИ, МАРШИ И ОГРАЖДЕНИЯ	100 шт	Установка маршей: без сварки массой до 1 т
07-05-014-04	07-05-014	Установка лестничных площадок и маршей	ЛЕСТНИЧНЫЕ ПЛОЩАДКИ, МАРШИ И ОГРАЖДЕНИЯ	100 шт	Установка маршей: без сварки массой свыше 1 т
07-05-014-05	07-05-014	Установка лестничных площадок и маршей	ЛЕСТНИЧНЫЕ ПЛОЩАДКИ, МАРШИ И ОГРАЖДЕНИЯ	100 шт	Установка маршей: со сваркой массой до 1 т
07-05-014-06	07-05-014	Установка лестничных площадок и маршей	ЛЕСТНИЧНЫЕ ПЛОЩАДКИ, МАРШИ И ОГРАЖДЕНИЯ	100 шт	Установка маршей-площадок массой свыше 1 т
07-05-014-07	07-05-014	Установка лестничных площадок и маршей	ЛЕСТНИЧНЫЕ ПЛОЩАДКИ, МАРШИ И ОГРАЖДЕНИЯ	100 шт	Установка площадок на растворе из сухой смеси массой: до 1 т
07-05-014-08	07-05-014	Установка лестничных площадок и маршей	ЛЕСТНИЧНЫЕ ПЛОЩАДКИ, МАРШИ И ОГРАЖДЕНИЯ	100 шт	Установка площадок на растворе из сухой смеси массой: свыше 1 т
07-05-014-09	07-05-014	Установка лестничных площадок и маршей	ЛЕСТНИЧНЫЕ ПЛОЩАДКИ, МАРШИ И ОГРАЖДЕНИЯ	100 шт	Установка маршей на растворе из сухой смеси: без сварки массой до 1 т
07-05-014-10	07-05-014	Установка лестничных площадок и маршей	ЛЕСТНИЧНЫЕ ПЛОЩАДКИ, МАРШИ И ОГРАЖДЕНИЯ	100 шт	Установка маршей на растворе из сухой смеси: без сварки массой свыше 1 т
07-05-014-11	07-05-014	Установка лестничных площадок и маршей	ЛЕСТНИЧНЫЕ ПЛОЩАДКИ, МАРШИ И ОГРАЖДЕНИЯ	100 шт	Установка маршей на растворе из сухой смеси: со сваркой массой до 1 т
07-05-014-12	07-05-014	Установка лестничных площадок и маршей	ЛЕСТНИЧНЫЕ ПЛОЩАДКИ, МАРШИ И ОГРАЖДЕНИЯ	100 шт	Установка маршей-площадок на растворе из сухой смеси массой: свыше 1 т
07-05-021-01	07-05-021	Установка блоков	БЛОКИ И ПАНЕЛИ ВНУТРЕННИХ И НАРУЖНЫХ СТЕН, ДИАФРАГМЫ ЖЕСТКОС	100 шт	Установка цокольных блоков массой: до 1 т
07-05-021-02	07-05-021	Установка блоков	БЛОКИ И ПАНЕЛИ ВНУТРЕННИХ И НАРУЖНЫХ СТЕН, ДИАФРАГМЫ ЖЕСТКОС	100 шт	Установка цокольных блоков массой: свыше 1 до 2,5 т
07-05-021-03	07-05-021	Установка блоков	БЛОКИ И ПАНЕЛИ ВНУТРЕННИХ И НАРУЖНЫХ СТЕН, ДИАФРАГМЫ ЖЕСТКОС	100 шт	Установка цокольных блоков массой: свыше 2,5 т
07-05-021-04	07-05-021	Установка блоков	БЛОКИ И ПАНЕЛИ ВНУТРЕННИХ И НАРУЖНЫХ СТЕН, ДИАФРАГМЫ ЖЕСТКОС	100 шт	Установка блоков наружных стен массой: до 1 т
07-05-021-05	07-05-021	Установка блоков	БЛОКИ И ПАНЕЛИ ВНУТРЕННИХ И НАРУЖНЫХ СТЕН, ДИАФРАГМЫ ЖЕСТКОС	100 шт	Установка блоков наружных стен массой: свыше 1 до 2,5 т
07-05-021-06	07-05-021	Установка блоков	БЛОКИ И ПАНЕЛИ ВНУТРЕННИХ И НАРУЖНЫХ СТЕН, ДИАФРАГМЫ ЖЕСТКОС	100 шт	Установка блоков наружных стен массой: свыше 2,5 т
07-05-021-07	07-05-021	Установка блоков	БЛОКИ И ПАНЕЛИ ВНУТРЕННИХ И НАРУЖНЫХ СТЕН, ДИАФРАГМЫ ЖЕСТКОС	100 шт	Установка блоков внутренних стен массой: до 1 т
07-05-021-08	07-05-021	Установка блоков	БЛОКИ И ПАНЕЛИ ВНУТРЕННИХ И НАРУЖНЫХ СТЕН, ДИАФРАГМЫ ЖЕСТКОС	100 шт	Установка блоков внутренних стен массой: свыше 1 до 2,5 т
07-05-021-09	07-05-021	Установка блоков	БЛОКИ И ПАНЕЛИ ВНУТРЕННИХ И НАРУЖНЫХ СТЕН, ДИАФРАГМЫ ЖЕСТКОС	100 шт	Установка блоков внутренних стен массой: свыше 2,5 т
07-05-021-10	07-05-021	Установка блоков	БЛОКИ И ПАНЕЛИ ВНУТРЕННИХ И НАРУЖНЫХ СТЕН, ДИАФРАГМЫ ЖЕСТКОС	100 шт	Установка парапетных блоков массой: до 1 т
07-05-021-11	07-05-021	Установка блоков	БЛОКИ И ПАНЕЛИ ВНУТРЕННИХ И НАРУЖНЫХ СТЕН, ДИАФРАГМЫ ЖЕСТКОС	100 шт	Установка парапетных блоков массой: свыше 1 до 2,5 т
07-05-021-12	07-05-021	Установка блоков	БЛОКИ И ПАНЕЛИ ВНУТРЕННИХ И НАРУЖНЫХ СТЕН, ДИАФРАГМЫ ЖЕСТКОС	100 шт	Установка парапетных блоков массой: свыше 2,5 т
07-05-021-13	07-05-021	Установка блоков	БЛОКИ И ПАНЕЛИ ВНУТРЕННИХ И НАРУЖНЫХ СТЕН, ДИАФРАГМЫ ЖЕСТКОС	100 шт	Установка блоков перемычечных и подбалконных массой до 1 т
07-05-021-14	07-05-021	Установка блоков	БЛОКИ И ПАНЕЛИ ВНУТРЕННИХ И НАРУЖНЫХ СТЕН, ДИАФРАГМЫ ЖЕСТКОС	100 шт	Установка цокольных блоков на растворе из сухой смеси массой: до 1 т
07-05-021-15	07-05-021	Установка блоков	БЛОКИ И ПАНЕЛИ ВНУТРЕННИХ И НАРУЖНЫХ СТЕН, ДИАФРАГМЫ ЖЕСТКОС	100 шт	Установка цокольных блоков на растворе из сухой смеси массой: свыше 1 до 2,5 т
07-05-021-16	07-05-021	Установка блоков	БЛОКИ И ПАНЕЛИ ВНУТРЕННИХ И НАРУЖНЫХ СТЕН, ДИАФРАГМЫ ЖЕСТКОС	100 шт	Установка цокольных блоков на растворе из сухой смеси массой: свыше 2,5 т
07-05-021-17	07-05-021	Установка блоков	БЛОКИ И ПАНЕЛИ ВНУТРЕННИХ И НАРУЖНЫХ СТЕН, ДИАФРАГМЫ ЖЕСТКОС	100 шт	Установка блоков наружных стен на растворе из сухой смеси массой: до 1 т
07-05-021-18	07-05-021	Установка блоков	БЛОКИ И ПАНЕЛИ ВНУТРЕННИХ И НАРУЖНЫХ СТЕН, ДИАФРАГМЫ ЖЕСТКОС	100 шт	Установка блоков наружных стен на растворе из сухой смеси массой: свыше 1 до 2,5 т
07-05-021-19	07-05-021	Установка блоков	БЛОКИ И ПАНЕЛИ ВНУТРЕННИХ И НАРУЖНЫХ СТЕН, ДИАФРАГМЫ ЖЕСТКОС	100 шт	Установка блоков наружных стен на растворе из сухой смеси массой: свыше 2,5 т
07-05-021-20	07-05-021	Установка блоков	БЛОКИ И ПАНЕЛИ ВНУТРЕННИХ И НАРУЖНЫХ СТЕН, ДИАФРАГМЫ ЖЕСТКОС	100 шт	Установка блоков внутренних стен на растворе из сухой смеси массой: до 1 т
07-05-021-21	07-05-021	Установка блоков	БЛОКИ И ПАНЕЛИ ВНУТРЕННИХ И НАРУЖНЫХ СТЕН, ДИАФРАГМЫ ЖЕСТКОС	100 шт	Установка блоков внутренних стен на растворе из сухой смеси массой: свыше 1 до 2,5 т
07-05-021-22	07-05-021	Установка блоков	БЛОКИ И ПАНЕЛИ ВНУТРЕННИХ И НАРУЖНЫХ СТЕН, ДИАФРАГМЫ ЖЕСТКОС	100 шт	Установка блоков внутренних стен на растворе из сухой смеси массой: свыше 2,5 т
07-05-021-23	07-05-021	Установка блоков	БЛОКИ И ПАНЕЛИ ВНУТРЕННИХ И НАРУЖНЫХ СТЕН, ДИАФРАГМЫ ЖЕСТКОС	100 шт	Установка парапетных блоков на растворе из сухой смеси массой: до 1 т
07-05-021-24	07-05-021	Установка блоков	БЛОКИ И ПАНЕЛИ ВНУТРЕННИХ И НАРУЖНЫХ СТЕН, ДИАФРАГМЫ ЖЕСТКОС	100 шт	Установка парапетных блоков на растворе из сухой смеси массой: свыше 1 до 2,5 т
07-05-021-25	07-05-021	Установка блоков	БЛОКИ И ПАНЕЛИ ВНУТРЕННИХ И НАРУЖНЫХ СТЕН, ДИАФРАГМЫ ЖЕСТКОС	100 шт	Установка парапетных блоков на растворе из сухой смеси массой: свыше 2,5 т
07-05-021-26	07-05-021	Установка блоков	БЛОКИ И ПАНЕЛИ ВНУТРЕННИХ И НАРУЖНЫХ СТЕН, ДИАФРАГМЫ ЖЕСТКОС	100 шт	Установка блоков перемычечных и подбалконных на растворе из сухой смеси массой: до 1 т
07-05-022-01	07-05-022	Установка панелей наружных стен	БЛОКИ И ПАНЕЛИ ВНУТРЕННИХ И НАРУЖНЫХ СТЕН, ДИАФРАГМЫ ЖЕСТКОС	100 шт	Установка в цокольных зданиях панелей стеновых наружных площадью: до 12 м2
07-05-022-02	07-05-022	Установка панелей наружных стен	БЛОКИ И ПАНЕЛИ ВНУТРЕННИХ И НАРУЖНЫХ СТЕН, ДИАФРАГМЫ ЖЕСТКОС	100 шт	Установка в цокольных зданиях панелей стеновых наружных площадью: свыше 12 до 20 м2
07-05-022-03	07-05-022	Установка панелей наружных стен	БЛОКИ И ПАНЕЛИ ВНУТРЕННИХ И НАРУЖНЫХ СТЕН, ДИАФРАГМЫ ЖЕСТКОС	100 шт	Установка в бескаркасно-панельных зданиях (с разрезкой на этаж) панелей стеновых наружных площадью: до 6 м2
07-05-022-04	07-05-022	Установка панелей наружных стен	БЛОКИ И ПАНЕЛИ ВНУТРЕННИХ И НАРУЖНЫХ СТЕН, ДИАФРАГМЫ ЖЕСТКОС	100 шт	Установка в бескаркасно-панельных зданиях (с разрезкой на этаж) панелей стеновых наружных площадью: свыше 6 до 15 м2
07-05-022-05	07-05-022	Установка панелей наружных стен	БЛОКИ И ПАНЕЛИ ВНУТРЕННИХ И НАРУЖНЫХ СТЕН, ДИАФРАГМЫ ЖЕСТКОС	100 шт	Установка в бескаркасно-панельных зданиях (с разрезкой на этаж) панелей стеновых наружных площадью: свыше 15 до 25 м2
07-05-022-06	07-05-022	Установка панелей наружных стен	БЛОКИ И ПАНЕЛИ ВНУТРЕННИХ И НАРУЖНЫХ СТЕН, ДИАФРАГМЫ ЖЕСТКОС	100 шт	Установка в бескаркасно-панельных зданиях (с разрезкой поясной и пилонной) панелей стеновых наружных площадью: до 6 м2
07-05-022-07	07-05-022	Установка панелей наружных стен	БЛОКИ И ПАНЕЛИ ВНУТРЕННИХ И НАРУЖНЫХ СТЕН, ДИАФРАГМЫ ЖЕСТКОС	100 шт	Установка в бескаркасно-панельных зданиях (с разрезкой поясной и пилонной) панелей стеновых наружных площадью: свыше 6 до 15 м2
07-05-022-08	07-05-022	Установка панелей наружных стен	БЛОКИ И ПАНЕЛИ ВНУТРЕННИХ И НАРУЖНЫХ СТЕН, ДИАФРАГМЫ ЖЕСТКОС	100 шт	Установка в каркасно-панельных зданиях панелей стеновых наружных площадью: до 6 м2
07-05-022-09	07-05-022	Установка панелей наружных стен	БЛОКИ И ПАНЕЛИ ВНУТРЕННИХ И НАРУЖНЫХ СТЕН, ДИАФРАГМЫ ЖЕСТКОС	100 шт	Установка в каркасно-панельных зданиях панелей стеновых наружных площадью: свыше 6 до 10 м2
07-05-022-10	07-05-022	Установка панелей наружных стен	БЛОКИ И ПАНЕЛИ ВНУТРЕННИХ И НАРУЖНЫХ СТЕН, ДИАФРАГМЫ ЖЕСТКОС	100 шт	Установка в каркасно-панельных зданиях панелей стеновых наружных площадью: свыше 10 до 15 м2
07-05-022-11	07-05-022	Установка панелей наружных стен	БЛОКИ И ПАНЕЛИ ВНУТРЕННИХ И НАРУЖНЫХ СТЕН, ДИАФРАГМЫ ЖЕСТКОС	100 шт	Установка в цокольных зданиях панелей стеновых наружных на растворе из сухой смеси площадью: до 12 м2
07-05-022-12	07-05-022	Установка панелей наружных стен	БЛОКИ И ПАНЕЛИ ВНУТРЕННИХ И НАРУЖНЫХ СТЕН, ДИАФРАГМЫ ЖЕСТКОС	100 шт	Установка в цокольных зданиях панелей стеновых наружных на растворе из сухой смеси площадью: свыше 12 до 20 м2
07-05-022-13	07-05-022	Установка панелей наружных стен	БЛОКИ И ПАНЕЛИ ВНУТРЕННИХ И НАРУЖНЫХ СТЕН, ДИАФРАГМЫ ЖЕСТКОС	100 шт	Установка в бескаркасно-панельных зданиях (с разрезкой на этаж) панелей стеновых наружных на растворе из сухой смеси площадью: до 6 м2
07-05-022-14	07-05-022	Установка панелей наружных стен	БЛОКИ И ПАНЕЛИ ВНУТРЕННИХ И НАРУЖНЫХ СТЕН, ДИАФРАГМЫ ЖЕСТКОС	100 шт	Установка в бескаркасно-панельных зданиях (с разрезкой на этаж) панелей стеновых наружных на растворе из сухой смеси площадью: свыше 6 до 15 м2
07-05-022-15	07-05-022	Установка панелей наружных стен	БЛОКИ И ПАНЕЛИ ВНУТРЕННИХ И НАРУЖНЫХ СТЕН, ДИАФРАГМЫ ЖЕСТКОС	100 шт	Установка в бескаркасно-панельных зданиях (с разрезкой на этаж) панелей стеновых наружных на растворе из сухой смеси площадью: свыше 15 до 25 м2
07-05-022-16	07-05-022	Установка панелей наружных стен	БЛОКИ И ПАНЕЛИ ВНУТРЕННИХ И НАРУЖНЫХ СТЕН, ДИАФРАГМЫ ЖЕСТКОС	100 шт	Установка в бескаркасно-панельных зданиях (с разрезкой поясной и пилонной) панелей стеновых наружных на растворе из сухой смеси площадью: до 6 м2
07-05-022-17	07-05-022	Установка панелей наружных стен	БЛОКИ И ПАНЕЛИ ВНУТРЕННИХ И НАРУЖНЫХ СТЕН, ДИАФРАГМЫ ЖЕСТКОС	100 шт	Установка в бескаркасно-панельных зданиях (с разрезкой поясной и пилонной) панелей стеновых наружных на растворе из сухой смеси площадью: свыше 6 до 15 м2
07-05-022-18	07-05-022	Установка панелей наружных стен	БЛОКИ И ПАНЕЛИ ВНУТРЕННИХ И НАРУЖНЫХ СТЕН, ДИАФРАГМЫ ЖЕСТКОС	100 шт	Установка в каркасно-панельных зданиях панелей стеновых наружных на растворе из сухой смеси площадью: до 6 м2
07-05-022-19	07-05-022	Установка панелей наружных стен	БЛОКИ И ПАНЕЛИ ВНУТРЕННИХ И НАРУЖНЫХ СТЕН, ДИАФРАГМЫ ЖЕСТКОС	100 шт	Установка в каркасно-панельных зданиях панелей стеновых наружных на растворе из сухой смеси площадью: свыше 6 до 10 м2
07-05-022-20	07-05-022	Установка панелей наружных стен	БЛОКИ И ПАНЕЛИ ВНУТРЕННИХ И НАРУЖНЫХ СТЕН, ДИАФРАГМЫ ЖЕСТКОС	100 шт	Установка в каркасно-панельных зданиях панелей стеновых наружных на растворе из сухой смеси площадью: свыше 10 до 15 м2
07-05-023-01	07-05-023	Установка стеновых панелей внутренних, диафрагм жесткости	БЛОКИ И ПАНЕЛИ ВНУТРЕННИХ И НАРУЖНЫХ СТЕН, ДИАФРАГМЫ ЖЕСТКОС	100 шт	Установка стеновых панелей внутренних площадью: до 6 м2
07-05-023-02	07-05-023	Установка стеновых панелей внутренних, диафрагм жесткости	БЛОКИ И ПАНЕЛИ ВНУТРЕННИХ И НАРУЖНЫХ СТЕН, ДИАФРАГМЫ ЖЕСТКОС	100 шт	Установка стеновых панелей внутренних площадью: свыше 6 до 10 м2
07-05-023-03	07-05-023	Установка стеновых панелей внутренних, диафрагм жесткости	БЛОКИ И ПАНЕЛИ ВНУТРЕННИХ И НАРУЖНЫХ СТЕН, ДИАФРАГМЫ ЖЕСТКОС	100 шт	Установка стеновых панелей внутренних площадью: свыше 10 до 15 м2
07-05-023-04	07-05-023	Установка стеновых панелей внутренних, диафрагм жесткости	БЛОКИ И ПАНЕЛИ ВНУТРЕННИХ И НАРУЖНЫХ СТЕН, ДИАФРАГМЫ ЖЕСТКОС	100 шт	Установка стеновых панелей внутренних площадью: свыше 15 до 25 м2
07-05-023-05	07-05-023	Установка стеновых панелей внутренних, диафрагм жесткости	БЛОКИ И ПАНЕЛИ ВНУТРЕННИХ И НАРУЖНЫХ СТЕН, ДИАФРАГМЫ ЖЕСТКОС	100 шт	Установка диафрагм жесткости высотой: до 3,6 м, площадью до 10 м2
07-05-023-06	07-05-023	Установка стеновых панелей внутренних, диафрагм жесткости	БЛОКИ И ПАНЕЛИ ВНУТРЕННИХ И НАРУЖНЫХ СТЕН, ДИАФРАГМЫ ЖЕСТКОС	100 шт	Установка диафрагм жесткости высотой: до 3,6 м, площадью свыше 10 до 15 м2
07-05-023-07	07-05-023	Установка стеновых панелей внутренних, диафрагм жесткости	БЛОКИ И ПАНЕЛИ ВНУТРЕННИХ И НАРУЖНЫХ СТЕН, ДИАФРАГМЫ ЖЕСТКОС	100 шт	Установка диафрагм жесткости высотой: свыше 3,6 до 4,8 м, площадью до 10 м2
07-05-023-08	07-05-023	Установка стеновых панелей внутренних, диафрагм жесткости	БЛОКИ И ПАНЕЛИ ВНУТРЕННИХ И НАРУЖНЫХ СТЕН, ДИАФРАГМЫ ЖЕСТКОС	100 шт	Установка диафрагм жесткости высотой: свыше 3,6 до 4,8 м, площадью свыше 10 до 15 м2
07-05-023-09	07-05-023	Установка стеновых панелей внутренних, диафрагм жесткости	БЛОКИ И ПАНЕЛИ ВНУТРЕННИХ И НАРУЖНЫХ СТЕН, ДИАФРАГМЫ ЖЕСТКОС	100 шт	Установка диафрагм жесткости высотой: свыше 3,6 до 4,8 м, площадью свыше 15 до 25 м2
07-05-023-10	07-05-023	Установка стеновых панелей внутренних, диафрагм жесткости	БЛОКИ И ПАНЕЛИ ВНУТРЕННИХ И НАРУЖНЫХ СТЕН, ДИАФРАГМЫ ЖЕСТКОС	100 шт	Установка на растворе из сухой смеси внутренних стеновых панелей площадью: до 6 м2
07-05-023-11	07-05-023	Установка стеновых панелей внутренних, диафрагм жесткости	БЛОКИ И ПАНЕЛИ ВНУТРЕННИХ И НАРУЖНЫХ СТЕН, ДИАФРАГМЫ ЖЕСТКОС	100 шт	Установка на растворе из сухой смеси внутренних стеновых панелей площадью: свыше 6 до 10 м2
07-05-023-12	07-05-023	Установка стеновых панелей внутренних, диафрагм жесткости	БЛОКИ И ПАНЕЛИ ВНУТРЕННИХ И НАРУЖНЫХ СТЕН, ДИАФРАГМЫ ЖЕСТКОС	100 шт	Установка на растворе из сухой смеси внутренних стеновых панелей площадью: свыше 10 до 15 м2
07-05-023-13	07-05-023	Установка стеновых панелей внутренних, диафрагм жесткости	БЛОКИ И ПАНЕЛИ ВНУТРЕННИХ И НАРУЖНЫХ СТЕН, ДИАФРАГМЫ ЖЕСТКОС	100 шт	Установка на растворе из сухой смеси внутренних стеновых панелей площадью: свыше 15 до 25 м2
07-05-023-14	07-05-023	Установка стеновых панелей внутренних, диафрагм жесткости	БЛОКИ И ПАНЕЛИ ВНУТРЕННИХ И НАРУЖНЫХ СТЕН, ДИАФРАГМЫ ЖЕСТКОС	100 шт	Установка на растворе из сухой смеси диафрагм жесткости высотой: до 3,6 м, площадью до 10 м2
07-05-023-15	07-05-023	Установка стеновых панелей внутренних, диафрагм жесткости	БЛОКИ И ПАНЕЛИ ВНУТРЕННИХ И НАРУЖНЫХ СТЕН, ДИАФРАГМЫ ЖЕСТКОС	100 шт	Установка на растворе из сухой смеси диафрагм жесткости высотой: до 3,6 м, площадью свыше 10 до 15 м2
07-05-023-16	07-05-023	Установка стеновых панелей внутренних, диафрагм жесткости	БЛОКИ И ПАНЕЛИ ВНУТРЕННИХ И НАРУЖНЫХ СТЕН, ДИАФРАГМЫ ЖЕСТКОС	100 шт	Установка на растворе из сухой смеси диафрагм жесткости высотой: свыше 3,6 до 4,8 м, площадью до 10 м2
07-05-023-17	07-05-023	Установка стеновых панелей внутренних, диафрагм жесткости	БЛОКИ И ПАНЕЛИ ВНУТРЕННИХ И НАРУЖНЫХ СТЕН, ДИАФРАГМЫ ЖЕСТКОС	100 шт	Установка на растворе из сухой смеси диафрагм жесткости высотой: свыше 3,6 до 4,8 м, площадью свыше 10 до 15 м2
07-05-023-18	07-05-023	Установка стеновых панелей внутренних, диафрагм жесткости	БЛОКИ И ПАНЕЛИ ВНУТРЕННИХ И НАРУЖНЫХ СТЕН, ДИАФРАГМЫ ЖЕСТКОС	100 шт	Установка на растворе из сухой смеси диафрагм жесткости высотой: свыше 3,6 до 4,8 м, площадью свыше 15 до 25 м2
07-05-024-01	07-05-024	Установка крупнопанельных перегородок	БЛОКИ И ПАНЕЛИ ВНУТРЕННИХ И НАРУЖНЫХ СТЕН, ДИАФРАГМЫ ЖЕСТКОС	100 шт	Установка перегородок крупнопанельных: железобетонных площадью до 6 м2
07-05-024-02	07-05-024	Установка крупнопанельных перегородок	БЛОКИ И ПАНЕЛИ ВНУТРЕННИХ И НАРУЖНЫХ СТЕН, ДИАФРАГМЫ ЖЕСТКОС	100 шт	Установка перегородок крупнопанельных: железобетонных площадью свыше 6 до 10 м2
07-05-024-03	07-05-024	Установка крупнопанельных перегородок	БЛОКИ И ПАНЕЛИ ВНУТРЕННИХ И НАРУЖНЫХ СТЕН, ДИАФРАГМЫ ЖЕСТКОС	100 шт	Установка перегородок крупнопанельных: гипсобетонных площадью до 6 м2
07-05-024-04	07-05-024	Установка крупнопанельных перегородок	БЛОКИ И ПАНЕЛИ ВНУТРЕННИХ И НАРУЖНЫХ СТЕН, ДИАФРАГМЫ ЖЕСТКОС	100 шт	Установка перегородок крупнопанельных: гипсобетонных площадью свыше 6 до 10 м2
07-05-024-05	07-05-024	Установка крупнопанельных перегородок	БЛОКИ И ПАНЕЛИ ВНУТРЕННИХ И НАРУЖНЫХ СТЕН, ДИАФРАГМЫ ЖЕСТКОС	100 шт	Установка перегородок крупнопанельных: гипсобетонных площадью свыше 10 до 15 м2
07-05-024-06	07-05-024	Установка крупнопанельных перегородок	БЛОКИ И ПАНЕЛИ ВНУТРЕННИХ И НАРУЖНЫХ СТЕН, ДИАФРАГМЫ ЖЕСТКОС	100 шт	Установка на растворе из сухой смеси перегородок крупнопанельных: железобетонных площадью до 6 м2
07-05-024-07	07-05-024	Установка крупнопанельных перегородок	БЛОКИ И ПАНЕЛИ ВНУТРЕННИХ И НАРУЖНЫХ СТЕН, ДИАФРАГМЫ ЖЕСТКОС	100 шт	Установка на растворе из сухой смеси перегородок крупнопанельных: железобетонных площадью свыше 6 до 10 м2
07-05-024-08	07-05-024	Установка крупнопанельных перегородок	БЛОКИ И ПАНЕЛИ ВНУТРЕННИХ И НАРУЖНЫХ СТЕН, ДИАФРАГМЫ ЖЕСТКОС	100 шт	Установка на растворе из сухой смеси перегородок крупнопанельных: гипсобетонных площадью до 6 м2
07-05-024-09	07-05-024	Установка крупнопанельных перегородок	БЛОКИ И ПАНЕЛИ ВНУТРЕННИХ И НАРУЖНЫХ СТЕН, ДИАФРАГМЫ ЖЕСТКОС	100 шт	Установка на растворе из сухой смеси перегородок крупнопанельных: гипсобетонных площадью свыше 6 до 10 м2
07-05-024-10	07-05-024	Установка крупнопанельных перегородок	БЛОКИ И ПАНЕЛИ ВНУТРЕННИХ И НАРУЖНЫХ СТЕН, ДИАФРАГМЫ ЖЕСТКОС	100 шт	Установка на растворе из сухой смеси перегородок крупнопанельных: гипсобетонных площадью свыше 10 до 15 м2
07-05-025-01	07-05-025	Установка в сборно-монолитных зданиях наружных однослойных стеновых панелей	БЛОКИ И ПАНЕЛИ ВНУТРЕННИХ И НАРУЖНЫХ СТЕН, ДИАФРАГМЫ ЖЕСТКОС	100 шт	Установка в сборно-монолитных зданиях наружных однослойных стеновых панелей: толщиной 120 мм, площадью до 15 м2
07-05-025-02	07-05-025	Установка в сборно-монолитных зданиях наружных однослойных стеновых панелей	БЛОКИ И ПАНЕЛИ ВНУТРЕННИХ И НАРУЖНЫХ СТЕН, ДИАФРАГМЫ ЖЕСТКОС	100 шт	Установка в сборно-монолитных зданиях наружных однослойных стеновых панелей: толщиной более 120 до 230 мм, площадью до 15 м2
07-05-025-03	07-05-025	Установка в сборно-монолитных зданиях наружных однослойных стеновых панелей	БЛОКИ И ПАНЕЛИ ВНУТРЕННИХ И НАРУЖНЫХ СТЕН, ДИАФРАГМЫ ЖЕСТКОС	100 шт	Установка в сборно-монолитных зданиях наружных однослойных стеновых панелей: толщиной более 120 до 230 мм, площадью до 25 м2
07-05-025-04	07-05-025	Установка в сборно-монолитных зданиях наружных однослойных стеновых панелей	БЛОКИ И ПАНЕЛИ ВНУТРЕННИХ И НАРУЖНЫХ СТЕН, ДИАФРАГМЫ ЖЕСТКОС	100 шт	Установка в сборно-монолитных зданиях наружных однослойных стеновых панелей: толщиной 120 мм, площадью до 15 м2, с помощью выкатной захват-траверсы
07-05-026-01	07-05-026	Установка в сборно-монолитных зданиях наружных навесных стеновых панелей	БЛОКИ И ПАНЕЛИ ВНУТРЕННИХ И НАРУЖНЫХ СТЕН, ДИАФРАГМЫ ЖЕСТКОС	100 шт	Установка в сборно-монолитных зданиях наружных навесных стеновых панелей площадью: до 12 м2
07-05-026-02	07-05-026	Установка в сборно-монолитных зданиях наружных навесных стеновых панелей	БЛОКИ И ПАНЕЛИ ВНУТРЕННИХ И НАРУЖНЫХ СТЕН, ДИАФРАГМЫ ЖЕСТКОС	100 шт	Установка в сборно-монолитных зданиях наружных навесных стеновых панелей площадью: до 18 м2
07-05-026-03	07-05-026	Установка в сборно-монолитных зданиях наружных навесных стеновых панелей	БЛОКИ И ПАНЕЛИ ВНУТРЕННИХ И НАРУЖНЫХ СТЕН, ДИАФРАГМЫ ЖЕСТКОС	100 шт	Установка в сборно-монолитных зданиях наружных навесных стеновых панелей площадью: до 25 м2
07-05-030-01	07-05-030	Установка плит лоджий, балконов и козырьков, разделительных стенок, экранов ограждений, плит парапет	ПЛИТЫ ЛОДЖИЙ, БАЛКОНОВ, КОЗЫРЬКОВ, ПАРАПЕТОВ, СТЕНОК, ОГРАЖД	100 шт	Установка в панельных зданиях плит лоджий площадью: до 5 м2
07-05-030-02	07-05-030	Установка плит лоджий, балконов и козырьков, разделительных стенок, экранов ограждений, плит парапет	ПЛИТЫ ЛОДЖИЙ, БАЛКОНОВ, КОЗЫРЬКОВ, ПАРАПЕТОВ, СТЕНОК, ОГРАЖД	100 шт	Установка в панельных зданиях плит лоджий площадью: свыше 5 до 10 м2
07-05-030-03	07-05-030	Установка плит лоджий, балконов и козырьков, разделительных стенок, экранов ограждений, плит парапет	ПЛИТЫ ЛОДЖИЙ, БАЛКОНОВ, КОЗЫРЬКОВ, ПАРАПЕТОВ, СТЕНОК, ОГРАЖД	100 шт	Установка в кирпичных и блочных зданиях плит лоджий площадью: до 5 м2
07-05-030-04	07-05-030	Установка плит лоджий, балконов и козырьков, разделительных стенок, экранов ограждений, плит парапет	ПЛИТЫ ЛОДЖИЙ, БАЛКОНОВ, КОЗЫРЬКОВ, ПАРАПЕТОВ, СТЕНОК, ОГРАЖД	100 шт	Установка в кирпичных и блочных зданиях плит лоджий площадью: свыше 5 до 10 м2
07-05-030-05	07-05-030	Установка плит лоджий, балконов и козырьков, разделительных стенок, экранов ограждений, плит парапет	ПЛИТЫ ЛОДЖИЙ, БАЛКОНОВ, КОЗЫРЬКОВ, ПАРАПЕТОВ, СТЕНОК, ОГРАЖД	100 шт	Установка плит балконов и козырьков площадью до 5 м2 в зданиях: панельных
07-05-030-06	07-05-030	Установка плит лоджий, балконов и козырьков, разделительных стенок, экранов ограждений, плит парапет	ПЛИТЫ ЛОДЖИЙ, БАЛКОНОВ, КОЗЫРЬКОВ, ПАРАПЕТОВ, СТЕНОК, ОГРАЖД	100 шт	Установка плит балконов и козырьков площадью до 5 м2 в зданиях: кирпичных и блочных
07-05-030-07	07-05-030	Установка плит лоджий, балконов и козырьков, разделительных стенок, экранов ограждений, плит парапет	ПЛИТЫ ЛОДЖИЙ, БАЛКОНОВ, КОЗЫРЬКОВ, ПАРАПЕТОВ, СТЕНОК, ОГРАЖД	100 шт	Установка разделительных стенок площадью до 5 м2
07-05-030-08	07-05-030	Установка плит лоджий, балконов и козырьков, разделительных стенок, экранов ограждений, плит парапет	ПЛИТЫ ЛОДЖИЙ, БАЛКОНОВ, КОЗЫРЬКОВ, ПАРАПЕТОВ, СТЕНОК, ОГРАЖД	100 шт	Установка экранов ограждений площадью до 10 м2
07-05-030-09	07-05-030	Установка плит лоджий, балконов и козырьков, разделительных стенок, экранов ограждений, плит парапет	ПЛИТЫ ЛОДЖИЙ, БАЛКОНОВ, КОЗЫРЬКОВ, ПАРАПЕТОВ, СТЕНОК, ОГРАЖД	100 шт	Установка плит парапета массой: до 0,5 т
07-05-030-10	07-05-030	Установка плит лоджий, балконов и козырьков, разделительных стенок, экранов ограждений, плит парапет	ПЛИТЫ ЛОДЖИЙ, БАЛКОНОВ, КОЗЫРЬКОВ, ПАРАПЕТОВ, СТЕНОК, ОГРАЖД	100 шт	Установка плит парапета массой: свыше 0,5 т
07-05-030-11	07-05-030	Установка плит лоджий, балконов и козырьков, разделительных стенок, экранов ограждений, плит парапет	ПЛИТЫ ЛОДЖИЙ, БАЛКОНОВ, КОЗЫРЬКОВ, ПАРАПЕТОВ, СТЕНОК, ОГРАЖД	100 шт	Установка мелких конструкций (подоконников, сливов, парапетов и др.) массой до 0,5 т
07-05-030-12	07-05-030	Установка плит лоджий, балконов и козырьков, разделительных стенок, экранов ограждений, плит парапет	ПЛИТЫ ЛОДЖИЙ, БАЛКОНОВ, КОЗЫРЬКОВ, ПАРАПЕТОВ, СТЕНОК, ОГРАЖД	100 шт	Установка в панельных зданиях на растворе из сухой смеси плит лоджий площадью: до 5 м2
07-05-030-13	07-05-030	Установка плит лоджий, балконов и козырьков, разделительных стенок, экранов ограждений, плит парапет	ПЛИТЫ ЛОДЖИЙ, БАЛКОНОВ, КОЗЫРЬКОВ, ПАРАПЕТОВ, СТЕНОК, ОГРАЖД	100 шт	Установка в панельных зданиях на растворе из сухой смеси плит лоджий площадью: свыше 5 до 10 м2
07-05-030-14	07-05-030	Установка плит лоджий, балконов и козырьков, разделительных стенок, экранов ограждений, плит парапет	ПЛИТЫ ЛОДЖИЙ, БАЛКОНОВ, КОЗЫРЬКОВ, ПАРАПЕТОВ, СТЕНОК, ОГРАЖД	100 шт	Установка в кирпичных и блочных зданиях на растворе из сухой смеси плит лоджий площадью: до 5 м2
07-05-030-15	07-05-030	Установка плит лоджий, балконов и козырьков, разделительных стенок, экранов ограждений, плит парапет	ПЛИТЫ ЛОДЖИЙ, БАЛКОНОВ, КОЗЫРЬКОВ, ПАРАПЕТОВ, СТЕНОК, ОГРАЖД	100 шт	Установка в кирпичных и блочных зданиях на растворе из сухой смеси плит лоджий площадью: свыше 5 до 10 м2
07-05-030-16	07-05-030	Установка плит лоджий, балконов и козырьков, разделительных стенок, экранов ограждений, плит парапет	ПЛИТЫ ЛОДЖИЙ, БАЛКОНОВ, КОЗЫРЬКОВ, ПАРАПЕТОВ, СТЕНОК, ОГРАЖД	100 шт	Установка на растворе из сухой смеси плит балконов и козырьков площадью до 5 м2 в зданиях: панельных
07-05-030-17	07-05-030	Установка плит лоджий, балконов и козырьков, разделительных стенок, экранов ограждений, плит парапет	ПЛИТЫ ЛОДЖИЙ, БАЛКОНОВ, КОЗЫРЬКОВ, ПАРАПЕТОВ, СТЕНОК, ОГРАЖД	100 шт	Установка на растворе из сухой смеси плит балконов и козырьков площадью до 5 м2 в зданиях: кирпичных и блочных
07-05-030-18	07-05-030	Установка плит лоджий, балконов и козырьков, разделительных стенок, экранов ограждений, плит парапет	ПЛИТЫ ЛОДЖИЙ, БАЛКОНОВ, КОЗЫРЬКОВ, ПАРАПЕТОВ, СТЕНОК, ОГРАЖД	100 шт	Установка на растворе из сухой смеси разделительных стенок площадью: до 5 м2
07-05-030-19	07-05-030	Установка плит лоджий, балконов и козырьков, разделительных стенок, экранов ограждений, плит парапет	ПЛИТЫ ЛОДЖИЙ, БАЛКОНОВ, КОЗЫРЬКОВ, ПАРАПЕТОВ, СТЕНОК, ОГРАЖД	100 шт	Установка на растворе из сухой смеси экранов ограждений площадью: до 10 м2
07-05-030-20	07-05-030	Установка плит лоджий, балконов и козырьков, разделительных стенок, экранов ограждений, плит парапет	ПЛИТЫ ЛОДЖИЙ, БАЛКОНОВ, КОЗЫРЬКОВ, ПАРАПЕТОВ, СТЕНОК, ОГРАЖД	100 шт	Установка на растворе из сухой смеси плит парапета массой: до 0,5 т
07-05-030-21	07-05-030	Установка плит лоджий, балконов и козырьков, разделительных стенок, экранов ограждений, плит парапет	ПЛИТЫ ЛОДЖИЙ, БАЛКОНОВ, КОЗЫРЬКОВ, ПАРАПЕТОВ, СТЕНОК, ОГРАЖД	100 шт	Установка на растворе из сухой смеси плит парапета массой: свыше 0,5 т
07-05-030-22	07-05-030	Установка плит лоджий, балконов и козырьков, разделительных стенок, экранов ограждений, плит парапет	ПЛИТЫ ЛОДЖИЙ, БАЛКОНОВ, КОЗЫРЬКОВ, ПАРАПЕТОВ, СТЕНОК, ОГРАЖД	100 шт	Установка на растворе из сухой смеси мелких конструкций (подоконников, сливов, парапетов и др.) массой: до 0,5 т
07-05-034-01	07-05-034	Установка объемных блоков	ОБЪЕМНЫЕ БЛОКИ, САНТЕХКАБИНЫ, ШАХТЫ ЛИФТА И ВЕНТИЛЯЦИОННЫЕ Б	100 шт	Установка объемных: рядовых блоков в зданиях при числе этажей до 5
07-05-034-02	07-05-034	Установка объемных блоков	ОБЪЕМНЫЕ БЛОКИ, САНТЕХКАБИНЫ, ШАХТЫ ЛИФТА И ВЕНТИЛЯЦИОННЫЕ Б	100 шт	Установка объемных: лестничных блоков в зданиях при числе этажей до 5
07-05-034-03	07-05-034	Установка объемных блоков	ОБЪЕМНЫЕ БЛОКИ, САНТЕХКАБИНЫ, ШАХТЫ ЛИФТА И ВЕНТИЛЯЦИОННЫЕ Б	100 шт	Установка объемных: рядовых блоков в зданиях при числе этажей 9-12
07-05-034-04	07-05-034	Установка объемных блоков	ОБЪЕМНЫЕ БЛОКИ, САНТЕХКАБИНЫ, ШАХТЫ ЛИФТА И ВЕНТИЛЯЦИОННЫЕ Б	100 шт	Установка объемных: лестничных блоков в зданиях при числе этажей 9-12
07-05-035-01	07-05-035	Установка сантехкабин, сантехнических поддонов, шахт лифта, вентиляционных блоков, присоединение и и	ОБЪЕМНЫЕ БЛОКИ, САНТЕХКАБИНЫ, ШАХТЫ ЛИФТА И ВЕНТИЛЯЦИОННЫЕ Б	100 шт	Установка сантехкабин
07-05-035-02	07-05-035	Установка сантехкабин, сантехнических поддонов, шахт лифта, вентиляционных блоков, присоединение и и	ОБЪЕМНЫЕ БЛОКИ, САНТЕХКАБИНЫ, ШАХТЫ ЛИФТА И ВЕНТИЛЯЦИОННЫЕ Б	100 шт	Установка сантехподдонов
07-05-035-03	07-05-035	Установка сантехкабин, сантехнических поддонов, шахт лифта, вентиляционных блоков, присоединение и и	ОБЪЕМНЫЕ БЛОКИ, САНТЕХКАБИНЫ, ШАХТЫ ЛИФТА И ВЕНТИЛЯЦИОННЫЕ Б	100 шт	Установка шахт лифта массой: до 2,5 т
07-05-035-04	07-05-035	Установка сантехкабин, сантехнических поддонов, шахт лифта, вентиляционных блоков, присоединение и и	ОБЪЕМНЫЕ БЛОКИ, САНТЕХКАБИНЫ, ШАХТЫ ЛИФТА И ВЕНТИЛЯЦИОННЫЕ Б	100 шт	Установка шахт лифта массой: свыше 2,5 т
07-05-035-05	07-05-035	Установка сантехкабин, сантехнических поддонов, шахт лифта, вентиляционных блоков, присоединение и и	ОБЪЕМНЫЕ БЛОКИ, САНТЕХКАБИНЫ, ШАХТЫ ЛИФТА И ВЕНТИЛЯЦИОННЫЕ Б	100 шт	Установка вентиляционных блоков массой: до 1 т
07-05-035-06	07-05-035	Установка сантехкабин, сантехнических поддонов, шахт лифта, вентиляционных блоков, присоединение и и	ОБЪЕМНЫЕ БЛОКИ, САНТЕХКАБИНЫ, ШАХТЫ ЛИФТА И ВЕНТИЛЯЦИОННЫЕ Б	100 шт	Установка вентиляционных блоков массой: свыше 1 до 2,5 т
07-05-035-07	07-05-035	Установка сантехкабин, сантехнических поддонов, шахт лифта, вентиляционных блоков, присоединение и и	ОБЪЕМНЫЕ БЛОКИ, САНТЕХКАБИНЫ, ШАХТЫ ЛИФТА И ВЕНТИЛЯЦИОННЫЕ Б	100 шт	Установка вентиляционных блоков массой: свыше 2,5 т
07-05-035-08	07-05-035	Установка сантехкабин, сантехнических поддонов, шахт лифта, вентиляционных блоков, присоединение и и	ОБЪЕМНЫЕ БЛОКИ, САНТЕХКАБИНЫ, ШАХТЫ ЛИФТА И ВЕНТИЛЯЦИОННЫЕ Б	100 шт	Присоединение и испытание: трубопроводов в отопительных панелях
07-05-035-09	07-05-035	Установка сантехкабин, сантехнических поддонов, шахт лифта, вентиляционных блоков, присоединение и и	ОБЪЕМНЫЕ БЛОКИ, САНТЕХКАБИНЫ, ШАХТЫ ЛИФТА И ВЕНТИЛЯЦИОННЫЕ Б	100 шт	Присоединение и испытание: трубопроводов в сантехкабинах и блоках
07-05-035-10	07-05-035	Установка сантехкабин, сантехнических поддонов, шахт лифта, вентиляционных блоков, присоединение и и	ОБЪЕМНЫЕ БЛОКИ, САНТЕХКАБИНЫ, ШАХТЫ ЛИФТА И ВЕНТИЛЯЦИОННЫЕ Б	100 шт	Присоединение и испытание: электропроводок сантехкабин
07-05-035-11	07-05-035	Установка сантехкабин, сантехнических поддонов, шахт лифта, вентиляционных блоков, присоединение и и	ОБЪЕМНЫЕ БЛОКИ, САНТЕХКАБИНЫ, ШАХТЫ ЛИФТА И ВЕНТИЛЯЦИОННЫЕ Б	100 шт	Установка на растворе из сухой смеси: сантехподдонов
07-05-035-12	07-05-035	Установка сантехкабин, сантехнических поддонов, шахт лифта, вентиляционных блоков, присоединение и и	ОБЪЕМНЫЕ БЛОКИ, САНТЕХКАБИНЫ, ШАХТЫ ЛИФТА И ВЕНТИЛЯЦИОННЫЕ Б	100 шт	Установка на растворе из сухой смеси шахт лифта массой: до 2,5 т
07-05-035-13	07-05-035	Установка сантехкабин, сантехнических поддонов, шахт лифта, вентиляционных блоков, присоединение и и	ОБЪЕМНЫЕ БЛОКИ, САНТЕХКАБИНЫ, ШАХТЫ ЛИФТА И ВЕНТИЛЯЦИОННЫЕ Б	100 шт	Установка на растворе из сухой смеси шахт лифта массой: свыше 2,5 т
07-05-035-14	07-05-035	Установка сантехкабин, сантехнических поддонов, шахт лифта, вентиляционных блоков, присоединение и и	ОБЪЕМНЫЕ БЛОКИ, САНТЕХКАБИНЫ, ШАХТЫ ЛИФТА И ВЕНТИЛЯЦИОННЫЕ Б	100 шт	Установка на растворе из сухой смеси вентиляционных блоков массой: до 1 т
07-05-035-15	07-05-035	Установка сантехкабин, сантехнических поддонов, шахт лифта, вентиляционных блоков, присоединение и и	ОБЪЕМНЫЕ БЛОКИ, САНТЕХКАБИНЫ, ШАХТЫ ЛИФТА И ВЕНТИЛЯЦИОННЫЕ Б	100 шт	Установка на растворе из сухой смеси вентиляционных блоков массой: свыше 1 до 2,5 т
07-05-035-16	07-05-035	Установка сантехкабин, сантехнических поддонов, шахт лифта, вентиляционных блоков, присоединение и и	ОБЪЕМНЫЕ БЛОКИ, САНТЕХКАБИНЫ, ШАХТЫ ЛИФТА И ВЕНТИЛЯЦИОННЫЕ Б	100 шт	Установка на растворе из сухой смеси вентиляционных блоков массой: свыше 2,5 т
07-05-036-01	07-05-036	Монтаж быстровозводимых зданий и сооружений	ОБЪЕМНЫЕ БЛОКИ, САНТЕХКАБИНЫ, ШАХТЫ ЛИФТА И ВЕНТИЛЯЦИОННЫЕ Б	100 шт	Установка железобетонных объемных блоков модульных зданий при числе этажей до 3, масса блока до 20 т
07-05-036-02	07-05-036	Монтаж быстровозводимых зданий и сооружений	ОБЪЕМНЫЕ БЛОКИ, САНТЕХКАБИНЫ, ШАХТЫ ЛИФТА И ВЕНТИЛЯЦИОННЫЕ Б	100 шт	Установка железобетонных панелей пола первого этажа, масса панели до 20 т
07-05-037-01	07-05-037	Монтаж железобетонных блоков инженерных коммуникаций	ОБЪЕМНЫЕ БЛОКИ, САНТЕХКАБИНЫ, ШАХТЫ ЛИФТА И ВЕНТИЛЯЦИОННЫЕ Б	100 шт	Монтаж стартовых блоков инженерных коммуникаций
07-05-037-02	07-05-037	Монтаж железобетонных блоков инженерных коммуникаций	ОБЪЕМНЫЕ БЛОКИ, САНТЕХКАБИНЫ, ШАХТЫ ЛИФТА И ВЕНТИЛЯЦИОННЫЕ Б	100 шт	Монтаж рядовых блоков инженерных коммуникаций массой: 1 т
07-05-037-03	07-05-037	Монтаж железобетонных блоков инженерных коммуникаций	ОБЪЕМНЫЕ БЛОКИ, САНТЕХКАБИНЫ, ШАХТЫ ЛИФТА И ВЕНТИЛЯЦИОННЫЕ Б	100 шт	Монтаж рядовых блоков инженерных коммуникаций массой: 3 т
07-05-037-04	07-05-037	Монтаж железобетонных блоков инженерных коммуникаций	ОБЪЕМНЫЕ БЛОКИ, САНТЕХКАБИНЫ, ШАХТЫ ЛИФТА И ВЕНТИЛЯЦИОННЫЕ Б	100 отверстий	Установка соединительных фитингов при монтаже блоков инженерных коммуникаций
07-05-038-01	07-05-038	Устройство деформационных вертикальных швов в здании	ДЕФОРМАЦИОННЫЕ ШВЫ И ГЕРМЕТИЗАЦИЯ СТЫКОВ	100 м	Устройство деформационных вертикальных швов в зданиях: крупнопанельных
07-05-038-02	07-05-038	Устройство деформационных вертикальных швов в здании	ДЕФОРМАЦИОННЫЕ ШВЫ И ГЕРМЕТИЗАЦИЯ СТЫКОВ	100 м	Устройство деформационных вертикальных швов в зданиях: кирпичных и крупноблочных
07-05-039-01	07-05-039	Устройство герметизации стыков наружных стеновых панелей и расшивка швов стеновых панелей и панелей 	ДЕФОРМАЦИОННЫЕ ШВЫ И ГЕРМЕТИЗАЦИЯ СТЫКОВ	100 м	Устройство герметизации горизонтальных и вертикальных стыков стеновых панелей прокладками на клее в один ряд
07-05-039-02	07-05-039	Устройство герметизации стыков наружных стеновых панелей и расшивка швов стеновых панелей и панелей 	ДЕФОРМАЦИОННЫЕ ШВЫ И ГЕРМЕТИЗАЦИЯ СТЫКОВ	100 м	Устройство герметизации стеновых панелей: минераловатными пакетами, стык горизонтальный
07-05-039-03	07-05-039	Устройство герметизации стыков наружных стеновых панелей и расшивка швов стеновых панелей и панелей 	ДЕФОРМАЦИОННЫЕ ШВЫ И ГЕРМЕТИЗАЦИЯ СТЫКОВ	100 м	Устройство герметизации стеновых панелей: минераловатными пакетами, стык вертикальный
07-05-039-04	07-05-039	Устройство герметизации стыков наружных стеновых панелей и расшивка швов стеновых панелей и панелей 	ДЕФОРМАЦИОННЫЕ ШВЫ И ГЕРМЕТИЗАЦИЯ СТЫКОВ	100 м	Устройство герметизации стеновых панелей: пенополистиролом, стык горизонтальный
07-05-039-05	07-05-039	Устройство герметизации стыков наружных стеновых панелей и расшивка швов стеновых панелей и панелей 	ДЕФОРМАЦИОННЫЕ ШВЫ И ГЕРМЕТИЗАЦИЯ СТЫКОВ	100 м	Устройство герметизации стеновых панелей: пенополистиролом, стык вертикальный
07-05-039-06	07-05-039	Устройство герметизации стыков наружных стеновых панелей и расшивка швов стеновых панелей и панелей 	ДЕФОРМАЦИОННЫЕ ШВЫ И ГЕРМЕТИЗАЦИЯ СТЫКОВ	100 м	Устройство герметизации горизонтальных и вертикальных стыков стеновых панелей мастикой: вулканизирующейся тиоколовой
07-05-039-07	07-05-039	Устройство герметизации стыков наружных стеновых панелей и расшивка швов стеновых панелей и панелей 	ДЕФОРМАЦИОННЫЕ ШВЫ И ГЕРМЕТИЗАЦИЯ СТЫКОВ	100 м	Устройство герметизации горизонтальных и вертикальных стыков стеновых панелей мастикой: герметизирующей нетвердеющей
07-05-039-08	07-05-039	Устройство герметизации стыков наружных стеновых панелей и расшивка швов стеновых панелей и панелей 	ДЕФОРМАЦИОННЫЕ ШВЫ И ГЕРМЕТИЗАЦИЯ СТЫКОВ	100 м	Устройство герметизации коробок окон и балконных дверей мастикой: вулканизирующейся тиоколовой
07-05-039-09	07-05-039	Устройство герметизации стыков наружных стеновых панелей и расшивка швов стеновых панелей и панелей 	ДЕФОРМАЦИОННЫЕ ШВЫ И ГЕРМЕТИЗАЦИЯ СТЫКОВ	100 м	Устройство герметизации коробок окон и балконных дверей мастикой: герметизирующей нетвердеющей
07-05-039-10	07-05-039	Устройство герметизации стыков наружных стеновых панелей и расшивка швов стеновых панелей и панелей 	ДЕФОРМАЦИОННЫЕ ШВЫ И ГЕРМЕТИЗАЦИЯ СТЫКОВ	100 м	Устройство вертикального стыка: водоотбойной ленты
07-05-039-11	07-05-039	Устройство герметизации стыков наружных стеновых панелей и расшивка швов стеновых панелей и панелей 	ДЕФОРМАЦИОННЫЕ ШВЫ И ГЕРМЕТИЗАЦИЯ СТЫКОВ	100 м	Устройство вертикального стыка: водоотводящего фартука
07-05-039-12	07-05-039	Устройство герметизации стыков наружных стеновых панелей и расшивка швов стеновых панелей и панелей 	ДЕФОРМАЦИОННЫЕ ШВЫ И ГЕРМЕТИЗАЦИЯ СТЫКОВ	100 м	Устройство солнцезащиты: полимерцементным составом
07-05-039-13	07-05-039	Устройство герметизации стыков наружных стеновых панелей и расшивка швов стеновых панелей и панелей 	ДЕФОРМАЦИОННЫЕ ШВЫ И ГЕРМЕТИЗАЦИЯ СТЫКОВ	100 м	Устройство солнцезащиты: красками ПХВ (бутадионстирольными или кумаронокаучуковыми)
07-05-039-14	07-05-039	Устройство герметизации стыков наружных стеновых панелей и расшивка швов стеновых панелей и панелей 	ДЕФОРМАЦИОННЫЕ ШВЫ И ГЕРМЕТИЗАЦИЯ СТЫКОВ	100 м	Устройство чеканки и расшивки швов цокольных панелей с внутренней стороны раствором
07-05-039-15	07-05-039	Устройство герметизации стыков наружных стеновых панелей и расшивка швов стеновых панелей и панелей 	ДЕФОРМАЦИОННЫЕ ШВЫ И ГЕРМЕТИЗАЦИЯ СТЫКОВ	100 м	Устройство промазки и расшивки швов панелей перекрытий раствором снизу
07-05-039-16	07-05-039	Устройство герметизации стыков наружных стеновых панелей и расшивка швов стеновых панелей и панелей 	ДЕФОРМАЦИОННЫЕ ШВЫ И ГЕРМЕТИЗАЦИЯ СТЫКОВ	100 м	Изоляция шахт лифтов: паклей просмоленной
07-05-039-17	07-05-039	Устройство герметизации стыков наружных стеновых панелей и расшивка швов стеновых панелей и панелей 	ДЕФОРМАЦИОННЫЕ ШВЫ И ГЕРМЕТИЗАЦИЯ СТЫКОВ	100 м	Изоляция шахт лифтов: прокладками ПРП в 2 слоя
07-05-039-18	07-05-039	Устройство герметизации стыков наружных стеновых панелей и расшивка швов стеновых панелей и панелей 	ДЕФОРМАЦИОННЫЕ ШВЫ И ГЕРМЕТИЗАЦИЯ СТЫКОВ	100 м	Уплотнение стыков прокладками ПРП в 1 ряд в стенах, оконных, дверных и балконных блоках: насухо
07-05-039-19	07-05-039	Устройство герметизации стыков наружных стеновых панелей и расшивка швов стеновых панелей и панелей 	ДЕФОРМАЦИОННЫЕ ШВЫ И ГЕРМЕТИЗАЦИЯ СТЫКОВ	100 м	Уплотнение стыков прокладками ПРП в 1 ряд в стенах, оконных, дверных и балконных блоках: на мастике
07-05-039-20	07-05-039	Устройство герметизации стыков наружных стеновых панелей и расшивка швов стеновых панелей и панелей 	ДЕФОРМАЦИОННЫЕ ШВЫ И ГЕРМЕТИЗАЦИЯ СТЫКОВ	100 м	Укладка утеплителя (теплоизоляционного материала в виде жгутов круглого сечения) на мастике с приготовлением грунтовки вручную
07-05-039-21	07-05-039	Устройство герметизации стыков наружных стеновых панелей и расшивка швов стеновых панелей и панелей 	ДЕФОРМАЦИОННЫЕ ШВЫ И ГЕРМЕТИЗАЦИЯ СТЫКОВ	100 м	Устройство стыков, облицованных полиэтиленовыми полосами: на горизонтальной поверхности
07-05-039-22	07-05-039	Устройство герметизации стыков наружных стеновых панелей и расшивка швов стеновых панелей и панелей 	ДЕФОРМАЦИОННЫЕ ШВЫ И ГЕРМЕТИЗАЦИЯ СТЫКОВ	100 м	Устройство стыков, облицованных полиэтиленовыми полосами: на вертикальной поверхности
07-05-039-23	07-05-039	Устройство герметизации стыков наружных стеновых панелей и расшивка швов стеновых панелей и панелей 	ДЕФОРМАЦИОННЫЕ ШВЫ И ГЕРМЕТИЗАЦИЯ СТЫКОВ	100 м	Устройство стыков, облицованных полиэтиленовыми полосами: на потолочной поверхности
07-05-039-24	07-05-039	Устройство герметизации стыков наружных стеновых панелей и расшивка швов стеновых панелей и панелей 	ДЕФОРМАЦИОННЫЕ ШВЫ И ГЕРМЕТИЗАЦИЯ СТЫКОВ	100 м	Устройство герметизации горизонтальных и вертикальных стыков панелей наружных стен воздухозащитной самоклеящейся гидроизоляционной лентой
07-05-040-01	07-05-040	Устройство теплоизоляции стыков наружных стеновых панелей раствором из теплозвукоизолирующей смеси	ДЕФОРМАЦИОННЫЕ ШВЫ И ГЕРМЕТИЗАЦИЯ СТЫКОВ	100 м	Устройство теплоизоляции стыков наружных стеновых панелей раствором из теплозвукоизолирующей смеси: вертикальных
07-05-040-02	07-05-040	Устройство теплоизоляции стыков наружных стеновых панелей раствором из теплозвукоизолирующей смеси	ДЕФОРМАЦИОННЫЕ ШВЫ И ГЕРМЕТИЗАЦИЯ СТЫКОВ	100 м	Устройство теплоизоляции стыков наружных стеновых панелей раствором из теплозвукоизолирующей смеси: горизонтальных
07-05-045-01	07-05-045	Установка панелей перекрытий и покрытий	ПАНЕЛИ ПЕРЕКРЫТИЙ И ПОКРЫТИЙ, ПАНЕЛИ НАРУЖНЫХ СТЕН ДЛЯ СТРОИ	100 шт	Установка панелей перекрытий с опиранием: по контуру площадью до 15 м2
07-05-045-02	07-05-045	Установка панелей перекрытий и покрытий	ПАНЕЛИ ПЕРЕКРЫТИЙ И ПОКРЫТИЙ, ПАНЕЛИ НАРУЖНЫХ СТЕН ДЛЯ СТРОИ	100 шт	Установка панелей перекрытий с опиранием: по контуру площадью свыше 15 до 20 м2
07-05-045-03	07-05-045	Установка панелей перекрытий и покрытий	ПАНЕЛИ ПЕРЕКРЫТИЙ И ПОКРЫТИЙ, ПАНЕЛИ НАРУЖНЫХ СТЕН ДЛЯ СТРОИ	100 шт	Установка панелей перекрытий с опиранием: по контуру площадью свыше 20 до 25 м2
07-05-045-04	07-05-045	Установка панелей перекрытий и покрытий	ПАНЕЛИ ПЕРЕКРЫТИЙ И ПОКРЫТИЙ, ПАНЕЛИ НАРУЖНЫХ СТЕН ДЛЯ СТРОИ	100 шт	Установка панелей перекрытий с опиранием: на две стороны площадью до 5 м2
07-05-045-05	07-05-045	Установка панелей перекрытий и покрытий	ПАНЕЛИ ПЕРЕКРЫТИЙ И ПОКРЫТИЙ, ПАНЕЛИ НАРУЖНЫХ СТЕН ДЛЯ СТРОИ	100 шт	Установка панелей перекрытий с опиранием: на две стороны площадью свыше 5 до 10 м2
07-05-045-06	07-05-045	Установка панелей перекрытий и покрытий	ПАНЕЛИ ПЕРЕКРЫТИЙ И ПОКРЫТИЙ, ПАНЕЛИ НАРУЖНЫХ СТЕН ДЛЯ СТРОИ	100 шт	Установка панелей покрытий ребристых площадью: до 5 м2
07-05-045-07	07-05-045	Установка панелей перекрытий и покрытий	ПАНЕЛИ ПЕРЕКРЫТИЙ И ПОКРЫТИЙ, ПАНЕЛИ НАРУЖНЫХ СТЕН ДЛЯ СТРОИ	100 шт	Установка панелей покрытий ребристых площадью: свыше 5 до 10 м2
07-05-046-01	07-05-046	Установка стеновых панелей	ПАНЕЛИ ПЕРЕКРЫТИЙ И ПОКРЫТИЙ, ПАНЕЛИ НАРУЖНЫХ СТЕН ДЛЯ СТРОИ	100 шт	Установка в бескаркасно-панельных зданиях (с разрезкой на этаж) панелей стеновых наружных площадью: до 6 м2
07-05-046-02	07-05-046	Установка стеновых панелей	ПАНЕЛИ ПЕРЕКРЫТИЙ И ПОКРЫТИЙ, ПАНЕЛИ НАРУЖНЫХ СТЕН ДЛЯ СТРОИ	100 шт	Установка в бескаркасно-панельных зданиях (с разрезкой на этаж) панелей стеновых наружных площадью: до 15 м2
07-05-046-03	07-05-046	Установка стеновых панелей	ПАНЕЛИ ПЕРЕКРЫТИЙ И ПОКРЫТИЙ, ПАНЕЛИ НАРУЖНЫХ СТЕН ДЛЯ СТРОИ	100 шт	Установка в бескаркасно-панельных зданиях (с разрезкой на этаж) панелей стеновых наружных площадью: до 20 м2
07-05-046-04	07-05-046	Установка стеновых панелей	ПАНЕЛИ ПЕРЕКРЫТИЙ И ПОКРЫТИЙ, ПАНЕЛИ НАРУЖНЫХ СТЕН ДЛЯ СТРОИ	100 шт	Установка в каркасно-панельных зданиях панелей стеновых наружных площадью: до 6 м2
07-05-046-05	07-05-046	Установка стеновых панелей	ПАНЕЛИ ПЕРЕКРЫТИЙ И ПОКРЫТИЙ, ПАНЕЛИ НАРУЖНЫХ СТЕН ДЛЯ СТРОИ	100 шт	Установка в каркасно-панельных зданиях панелей стеновых наружных площадью: до 10 м2
07-05-046-06	07-05-046	Установка стеновых панелей	ПАНЕЛИ ПЕРЕКРЫТИЙ И ПОКРЫТИЙ, ПАНЕЛИ НАРУЖНЫХ СТЕН ДЛЯ СТРОИ	100 шт	Установка в каркасно-панельных зданиях панелей стеновых наружных площадью: до 15 м2
07-05-046-07	07-05-046	Установка стеновых панелей	ПАНЕЛИ ПЕРЕКРЫТИЙ И ПОКРЫТИЙ, ПАНЕЛИ НАРУЖНЫХ СТЕН ДЛЯ СТРОИ	100 шт	Установка панелей стеновых внутренних площадью: до 10 м2
07-05-046-08	07-05-046	Установка стеновых панелей	ПАНЕЛИ ПЕРЕКРЫТИЙ И ПОКРЫТИЙ, ПАНЕЛИ НАРУЖНЫХ СТЕН ДЛЯ СТРОИ	100 шт	Установка панелей стеновых внутренних площадью: до 15 м2