norm_code	table_code	table_name	division	unit	norm_name
27-02-010-01	27-02-010	Установка бортовых камней	ДРЕНАЖНЫЕ И ВОДОСБРОСНЫЕ УСТРОЙСТВА	100 м	Установка бортовых камней бетонных: при цементобетонных покрытиях
27-02-010-02	27-02-010	Установка бортовых камней	ДРЕНАЖНЫЕ И ВОДОСБРОСНЫЕ УСТРОЙСТВА	100 м	Установка бортовых камней бетонных: при других видах покрытий
27-02-010-03	27-02-010	Установка бортовых камней	ДРЕНАЖНЫЕ И ВОДОСБРОСНЫЕ УСТРОЙСТВА	100 м	Установка бортовых камней природных: при цементобетонных покрытиях
27-02-010-04	27-02-010	Установка бортовых камней	ДРЕНАЖНЫЕ И ВОДОСБРОСНЫЕ УСТРОЙСТВА	100 м	Установка бортовых камней природных: при других видах покрытий
27-02-010-05	27-02-010	Установка бортовых камней	ДРЕНАЖНЫЕ И ВОДОСБРОСНЫЕ УСТРОЙСТВА	100 м	Установка бортовых камней с креплением компенсаторов из пенополиэтилена в местах стыков: бетонных длиной 1 м
27-02-010-06	27-02-010	Установка бортовых камней	ДРЕНАЖНЫЕ И ВОДОСБРОСНЫЕ УСТРОЙСТВА	100 м	Установка бортовых камней с креплением компенсаторов из пенополиэтилена в местах стыков: природных длиной до 1,5 м
27-02-010-07	27-02-010	Установка бортовых камней	ДРЕНАЖНЫЕ И ВОДОСБРОСНЫЕ УСТРОЙСТВА	100 м	Установка бортовых камней с креплением компенсаторов из пенополиэтилена в местах стыков: природных длиной свыше 1,5 м
27-02-010-08	27-02-010	Установка бортовых камней	ДРЕНАЖНЫЕ И ВОДОСБРОСНЫЕ УСТРОЙСТВА	100 м	Установка бортовых камней бетонных газонных и садовых: при цементобетонных покрытиях
27-02-010-09	27-02-010	Установка бортовых камней	ДРЕНАЖНЫЕ И ВОДОСБРОСНЫЕ УСТРОЙСТВА	100 м	Установка бортовых камней бетонных газонных и садовых: при других видах покрытий
27-02-011-01	27-02-011	Установка природных бортовых гранитных камней типа 3ГП	ДРЕНАЖНЫЕ И ВОДОСБРОСНЫЕ УСТРОЙСТВА	100 м	Установка природных бортовых гранитных камней типа 3ГП
27-02-015-01	27-02-015	Устройство бортового камня из монолитного бетона бетоноукладчиком-планировщиком со скользящими форма	ДРЕНАЖНЫЕ И ВОДОСБРОСНЫЕ УСТРОЙСТВА	10 м	Устройство бортового камня из монолитного бетона бетоноукладчиком-планировщиком со скользящими формами: на комбинированном участке (сочетание прямого и радиусного участков)
27-02-015-02	27-02-015	Устройство бортового камня из монолитного бетона бетоноукладчиком-планировщиком со скользящими форма	ДРЕНАЖНЫЕ И ВОДОСБРОСНЫЕ УСТРОЙСТВА	10 м	Устройство бортового камня из монолитного бетона бетоноукладчиком-планировщиком со скользящими формами: на прямом участке
27-02-015-03	27-02-015	Устройство бортового камня из монолитного бетона бетоноукладчиком-планировщиком со скользящими форма	ДРЕНАЖНЫЕ И ВОДОСБРОСНЫЕ УСТРОЙСТВА	10 м	Устройство бортового камня из монолитного бетона бетоноукладчиком-планировщиком со скользящими формами: на радиусном участке
27-02-022-01	27-02-022	Резка бортовых камней	ДРЕНАЖНЫЕ И ВОДОСБРОСНЫЕ УСТРОЙСТВА	100 резов	Резка бортовых камней: бетонных
27-02-022-02	27-02-022	Резка бортовых камней	ДРЕНАЖНЫЕ И ВОДОСБРОСНЫЕ УСТРОЙСТВА	100 резов	Резка бортовых камней: природных
27-02-027-01	27-02-027	Укладка и обратная засыпка гофрированных полимерных труб ливневой канализации	ДРЕНАЖНЫЕ И ВОДОСБРОСНЫЕ УСТРОЙСТВА	10 м	Укладка гофрированных полимерных труб ливневой канализации, диаметр 0,4 м
27-02-027-02	27-02-027	Укладка и обратная засыпка гофрированных полимерных труб ливневой канализации	ДРЕНАЖНЫЕ И ВОДОСБРОСНЫЕ УСТРОЙСТВА	10 м3	Устройство обратной засыпки труб ливневой канализации
27-02-031-01	27-02-031	Устройство сборных бетонных водоотводных лотков на подготовленные основания	ДРЕНАЖНЫЕ И ВОДОСБРОСНЫЕ УСТРОЙСТВА	100 м	Устройство бетонных водоотводных лотков с чугунными решетками (крышками) на подготовленные основания, диаметр гидравлического сечения: до 110 мм
27-02-031-02	27-02-031	Устройство сборных бетонных водоотводных лотков на подготовленные основания	ДРЕНАЖНЫЕ И ВОДОСБРОСНЫЕ УСТРОЙСТВА	100 м	Устройство бетонных водоотводных лотков с чугунными решетками (крышками) на подготовленные основания, диаметр гидравлического сечения: свыше 110 до 160 мм
27-02-031-03	27-02-031	Устройство сборных бетонных водоотводных лотков на подготовленные основания	ДРЕНАЖНЫЕ И ВОДОСБРОСНЫЕ УСТРОЙСТВА	100 м	Устройство бетонных водоотводных лотков с чугунными решетками (крышками) на подготовленные основания, диаметр гидравлического сечения: 200 мм
27-02-031-04	27-02-031	Устройство сборных бетонных водоотводных лотков на подготовленные основания	ДРЕНАЖНЫЕ И ВОДОСБРОСНЫЕ УСТРОЙСТВА	100 м	Устройство бетонных водоотводных лотков с чугунными решетками (крышками) на подготовленные основания, диаметр гидравлического сечения: 300 мм
27-02-031-05	27-02-031	Устройство сборных бетонных водоотводных лотков на подготовленные основания	ДРЕНАЖНЫЕ И ВОДОСБРОСНЫЕ УСТРОЙСТВА	100 м	Устройство бетонных водоотводных лотков с чугунными решетками (крышками) на подготовленные основания, диаметр гидравлического сечения: 400 мм
27-02-031-06	27-02-031	Устройство сборных бетонных водоотводных лотков на подготовленные основания	ДРЕНАЖНЫЕ И ВОДОСБРОСНЫЕ УСТРОЙСТВА	100 м	Устройство бетонных водоотводных лотков с чугунными решетками (крышками) на подготовленные основания, диаметр гидравлического сечения: 500 мм
27-02-031-07	27-02-031	Устройство сборных бетонных водоотводных лотков на подготовленные основания	ДРЕНАЖНЫЕ И ВОДОСБРОСНЫЕ УСТРОЙСТВА	100 м	Устройство бетонных водоотводных лотков с бетонными решетками (крышками) на подготовленные основания, диаметр гидравлического сечения: свыше 110 до 160 мм
27-02-031-08	27-02-031	Устройство сборных бетонных водоотводных лотков на подготовленные основания	ДРЕНАЖНЫЕ И ВОДОСБРОСНЫЕ УСТРОЙСТВА	100 м	Устройство бетонных водоотводных лотков с бетонными решетками (крышками) на подготовленные основания, диаметр гидравлического сечения: 200 мм
27-02-031-09	27-02-031	Устройство сборных бетонных водоотводных лотков на подготовленные основания	ДРЕНАЖНЫЕ И ВОДОСБРОСНЫЕ УСТРОЙСТВА	100 м	Устройство бетонных водоотводных лотков с бетонными решетками (крышками) на подготовленные основания, диаметр гидравлического сечения: 300 мм
27-02-031-10	27-02-031	Устройство сборных бетонных водоотводных лотков на подготовленные основания	ДРЕНАЖНЫЕ И ВОДОСБРОСНЫЕ УСТРОЙСТВА	100 м	Устройство бетонных водоотводных лотков с бетонными решетками (крышками) на подготовленные основания, диаметр гидравлического сечения: 400 мм
27-02-031-11	27-02-031	Устройство сборных бетонных водоотводных лотков на подготовленные основания	ДРЕНАЖНЫЕ И ВОДОСБРОСНЫЕ УСТРОЙСТВА	100 м	Устройство бетонных водоотводных лотков с бетонными решетками (крышками) на подготовленные основания, диаметр гидравлического сечения: 500 мм
27-02-032-01	27-02-032	Устройство сборных бетонных пескоуловителей на подготовленные основания	ДРЕНАЖНЫЕ И ВОДОСБРОСНЫЕ УСТРОЙСТВА	10 шт	Устройство бетонных односекционных пескоуловителей длиной 500 мм на подготовленные основания, диаметр гидравлического сечения: до 110 мм
27-02-032-02	27-02-032	Устройство сборных бетонных пескоуловителей на подготовленные основания	ДРЕНАЖНЫЕ И ВОДОСБРОСНЫЕ УСТРОЙСТВА	10 шт	Устройство бетонных односекционных пескоуловителей длиной 500 мм на подготовленные основания, диаметр гидравлического сечения: свыше 110 до 160 мм
27-02-032-03	27-02-032	Устройство сборных бетонных пескоуловителей на подготовленные основания	ДРЕНАЖНЫЕ И ВОДОСБРОСНЫЕ УСТРОЙСТВА	10 шт	Устройство бетонных односекционных пескоуловителей длиной 500 мм на подготовленные основания, диаметр гидравлического сечения: 200 мм
27-02-032-04	27-02-032	Устройство сборных бетонных пескоуловителей на подготовленные основания	ДРЕНАЖНЫЕ И ВОДОСБРОСНЫЕ УСТРОЙСТВА	10 шт	Устройство бетонных односекционных пескоуловителей длиной 500 мм на подготовленные основания, диаметр гидравлического сечения: 300 мм
27-02-032-05	27-02-032	Устройство сборных бетонных пескоуловителей на подготовленные основания	ДРЕНАЖНЫЕ И ВОДОСБРОСНЫЕ УСТРОЙСТВА	10 шт	Устройство бетонных односекционных пескоуловителей длиной 500 мм на подготовленные основания, диаметр гидравлического сечения: 400 мм
27-02-032-06	27-02-032	Устройство сборных бетонных пескоуловителей на подготовленные основания	ДРЕНАЖНЫЕ И ВОДОСБРОСНЫЕ УСТРОЙСТВА	10 шт	Устройство бетонных односекционных пескоуловителей длиной 1000 мм на подготовленные основания, диаметр гидравлического сечения: 400 мм
27-02-032-07	27-02-032	Устройство сборных бетонных пескоуловителей на подготовленные основания	ДРЕНАЖНЫЕ И ВОДОСБРОСНЫЕ УСТРОЙСТВА	10 шт	Устройство бетонных односекционных пескоуловителей длиной 1000 мм на подготовленные основания, диаметр гидравлического сечения: 500 мм
27-02-032-08	27-02-032	Устройство сборных бетонных пескоуловителей на подготовленные основания	ДРЕНАЖНЫЕ И ВОДОСБРОСНЫЕ УСТРОЙСТВА	10 шт	За каждую последующую секцию пескоуловителя добавлять: к норме 27-02-032-03
27-02-032-09	27-02-032	Устройство сборных бетонных пескоуловителей на подготовленные основания	ДРЕНАЖНЫЕ И ВОДОСБРОСНЫЕ УСТРОЙСТВА	10 шт	За каждую последующую секцию пескоуловителя добавлять: к норме 27-02-032-04
27-02-032-10	27-02-032	Устройство сборных бетонных пескоуловителей на подготовленные основания	ДРЕНАЖНЫЕ И ВОДОСБРОСНЫЕ УСТРОЙСТВА	10 шт	За каждую последующую секцию пескоуловителя добавлять: к норме 27-02-032-05
27-02-032-11	27-02-032	Устройство сборных бетонных пескоуловителей на подготовленные основания	ДРЕНАЖНЫЕ И ВОДОСБРОСНЫЕ УСТРОЙСТВА	10 шт	За каждую последующую секцию пескоуловителя добавлять: к норме 27-02-032-06
27-02-032-12	27-02-032	Устройство сборных бетонных пескоуловителей на подготовленные основания	ДРЕНАЖНЫЕ И ВОДОСБРОСНЫЕ УСТРОЙСТВА	10 шт	За каждую последующую секцию пескоуловителя добавлять: к норме 27-02-032-07
27-02-033-01	27-02-033	Устройство сборных полимербетонных водоотводных лотков на подготовленные основания	ДРЕНАЖНЫЕ И ВОДОСБРОСНЫЕ УСТРОЙСТВА	100 м	Устройство полимербетонных водоотводных лотков на подготовленные основания, диаметр гидравлического сечения: до 110 мм
27-02-033-02	27-02-033	Устройство сборных полимербетонных водоотводных лотков на подготовленные основания	ДРЕНАЖНЫЕ И ВОДОСБРОСНЫЕ УСТРОЙСТВА	100 м	Устройство полимербетонных водоотводных лотков на подготовленные основания, диаметр гидравлического сечения: свыше 110 до 160 мм
27-02-033-03	27-02-033	Устройство сборных полимербетонных водоотводных лотков на подготовленные основания	ДРЕНАЖНЫЕ И ВОДОСБРОСНЫЕ УСТРОЙСТВА	100 м	Устройство полимербетонных водоотводных лотков на подготовленные основания, диаметр гидравлического сечения: 200 мм
27-02-033-04	27-02-033	Устройство сборных полимербетонных водоотводных лотков на подготовленные основания	ДРЕНАЖНЫЕ И ВОДОСБРОСНЫЕ УСТРОЙСТВА	100 м	Устройство полимербетонных водоотводных лотков на подготовленные основания, диаметр гидравлического сечения: 300 мм
27-02-034-01	27-02-034	Устройство сборных полимербетонных пескоуловителей на подготовленные основания	ДРЕНАЖНЫЕ И ВОДОСБРОСНЫЕ УСТРОЙСТВА	10 шт	Устройство полимербетонных односекционных пескоуловителей на подготовленные основания, диаметр гидравлического сечения: до 110 мм
27-02-034-02	27-02-034	Устройство сборных полимербетонных пескоуловителей на подготовленные основания	ДРЕНАЖНЫЕ И ВОДОСБРОСНЫЕ УСТРОЙСТВА	10 шт	Устройство полимербетонных односекционных пескоуловителей на подготовленные основания, диаметр гидравлического сечения: свыше 110 до 160 мм
27-02-034-03	27-02-034	Устройство сборных полимербетонных пескоуловителей на подготовленные основания	ДРЕНАЖНЫЕ И ВОДОСБРОСНЫЕ УСТРОЙСТВА	10 шт	Устройство полимербетонных односекционных пескоуловителей на подготовленные основания, диаметр гидравлического сечения: 200 мм
27-02-034-04	27-02-034	Устройство сборных полимербетонных пескоуловителей на подготовленные основания	ДРЕНАЖНЫЕ И ВОДОСБРОСНЫЕ УСТРОЙСТВА	10 шт	Устройство полимербетонных односекционных пескоуловителей на подготовленные основания, диаметр гидравлического сечения: 300 мм
27-02-034-05	27-02-034	Устройство сборных полимербетонных пескоуловителей на подготовленные основания	ДРЕНАЖНЫЕ И ВОДОСБРОСНЫЕ УСТРОЙСТВА	10 шт	За каждую последующую секцию пескоуловителя добавлять: к норме 27-02-034-03
27-02-034-06	27-02-034	Устройство сборных полимербетонных пескоуловителей на подготовленные основания	ДРЕНАЖНЫЕ И ВОДОСБРОСНЫЕ УСТРОЙСТВА	10 шт	За каждую последующую секцию пескоуловителя добавлять: к норме 27-02-034-04
27-03-001-01	27-03-001	Исправление профиля щебеночных и гравийных оснований	ИСПРАВЛЕНИЕ ПРОФИЛЯ ОСНОВАНИЙ	1000 м2	Исправление профиля оснований щебеночных: с добавлением нового материала
27-03-001-02	27-03-001	Исправление профиля щебеночных и гравийных оснований	ИСПРАВЛЕНИЕ ПРОФИЛЯ ОСНОВАНИЙ	1000 м2	Исправление профиля оснований щебеночных: без добавления нового материала
27-03-001-03	27-03-001	Исправление профиля щебеночных и гравийных оснований	ИСПРАВЛЕНИЕ ПРОФИЛЯ ОСНОВАНИЙ	1000 м2	Исправление профиля оснований гравийных: с добавлением нового материала
27-03-001-04	27-03-001	Исправление профиля щебеночных и гравийных оснований	ИСПРАВЛЕНИЕ ПРОФИЛЯ ОСНОВАНИЙ	1000 м2	Исправление профиля оснований гравийных: без добавления нового материала
27-03-002-01	27-03-002	Исправление профиля песчано-гравийных оснований и покрытий	ИСПРАВЛЕНИЕ ПРОФИЛЯ ОСНОВАНИЙ	1000 м2	Устройство оснований и покрытий толщиной слоя 8 см из песчано-гравийных смесей с применением битума, обрабатываемых смешением автогрейдерами на месте из новых материалов
27-03-002-02	27-03-002	Исправление профиля песчано-гравийных оснований и покрытий	ИСПРАВЛЕНИЕ ПРОФИЛЯ ОСНОВАНИЙ	1000 м2	Устройство оснований и покрытий толщиной слоя 8 см из песчано-гравийных смесей с применением битума, обрабатываемых смешением автогрейдерами на месте с использованием материалов су
27-03-002-03	27-03-002	Исправление профиля песчано-гравийных оснований и покрытий	ИСПРАВЛЕНИЕ ПРОФИЛЯ ОСНОВАНИЙ	1000 м2	Устройство оснований и покрытий толщиной слоя 8 см из песчано-гравийных смесей с применением битума, обрабатываемых смешением автогрейдерами на месте с использованием материалов су
27-03-002-04	27-03-002	Исправление профиля песчано-гравийных оснований и покрытий	ИСПРАВЛЕНИЕ ПРОФИЛЯ ОСНОВАНИЙ	1000 м2	Устройство оснований и покрытий толщиной слоя 8 см из песчано-гравийных смесей с применением битума, обрабатываемых смешением автогрейдерами на месте с использованием материалов су
27-03-002-05	27-03-002	Исправление профиля песчано-гравийных оснований и покрытий	ИСПРАВЛЕНИЕ ПРОФИЛЯ ОСНОВАНИЙ	1000 м2	Устройство оснований и покрытий толщиной двух слоев 16 см из песчано-гравийных смесей с применением битума, обрабатываемых смешением автогрейдерами на месте с использованием матери
27-03-002-06	27-03-002	Исправление профиля песчано-гравийных оснований и покрытий	ИСПРАВЛЕНИЕ ПРОФИЛЯ ОСНОВАНИЙ	1000 м2	Устройство оснований и покрытий толщиной двух слоев 16 см из песчано-гравийных смесей с применением битума, обрабатываемых смешением автогрейдерами на месте с использованием матери
27-03-002-07	27-03-002	Исправление профиля песчано-гравийных оснований и покрытий	ИСПРАВЛЕНИЕ ПРОФИЛЯ ОСНОВАНИЙ	1000 м2	Устройство оснований и покрытий толщиной двух слоев 16 см из песчано-гравийных смесей с применением битума, обрабатываемых смешением автогрейдерами на месте с использованием матери
27-03-002-08	27-03-002	Исправление профиля песчано-гравийных оснований и покрытий	ИСПРАВЛЕНИЕ ПРОФИЛЯ ОСНОВАНИЙ	1000 м2	Устройство оснований и покрытий толщиной слоя 8 см из песчано-гравийных смесей с применением битумной эмульсии, обрабатываемых смешением автогрейдерами на месте из новых материалов
27-03-002-09	27-03-002	Исправление профиля песчано-гравийных оснований и покрытий	ИСПРАВЛЕНИЕ ПРОФИЛЯ ОСНОВАНИЙ	1000 м2	Устройство оснований и покрытий толщиной слоя 8 см из песчано-гравийных смесей с применением битумной эмульсии, обрабатываемых смешением автогрейдерами на месте с использованием ма
27-03-002-10	27-03-002	Исправление профиля песчано-гравийных оснований и покрытий	ИСПРАВЛЕНИЕ ПРОФИЛЯ ОСНОВАНИЙ	1000 м2	Устройство оснований и покрытий толщиной слоя 8 см из песчано-гравийных смесей с применением битумной эмульсии, обрабатываемых смешением автогрейдерами на месте с использованием ма
27-03-002-11	27-03-002	Исправление профиля песчано-гравийных оснований и покрытий	ИСПРАВЛЕНИЕ ПРОФИЛЯ ОСНОВАНИЙ	1000 м2	Устройство оснований и покрытий толщиной слоя 8 см из песчано-гравийных смесей с применением битумной эмульсии, обрабатываемых смешением автогрейдерами на месте с использованием ма
27-03-002-12	27-03-002	Исправление профиля песчано-гравийных оснований и покрытий	ИСПРАВЛЕНИЕ ПРОФИЛЯ ОСНОВАНИЙ	1000 м2	Устройство оснований и покрытий толщиной двух слоев 16 см из песчано-гравийных смесей с применением битумной эмульсии, обрабатываемых смешением автогрейдерами на месте с использова
27-03-002-13	27-03-002	Исправление профиля песчано-гравийных оснований и покрытий	ИСПРАВЛЕНИЕ ПРОФИЛЯ ОСНОВАНИЙ	1000 м2	Устройство оснований и покрытий толщиной двух слоев 16 см из песчано-гравийных смесей с применением битумной эмульсии, обрабатываемых смешением автогрейдерами на месте с использова
27-03-002-14	27-03-002	Исправление профиля песчано-гравийных оснований и покрытий	ИСПРАВЛЕНИЕ ПРОФИЛЯ ОСНОВАНИЙ	1000 м2	Устройство оснований и покрытий толщиной двух слоев 16 см из песчано-гравийных смесей с применением битумной эмульсии, обрабатываемых смешением автогрейдерами на месте с использова
27-03-004-01	27-03-004	Устройство выравнивающего слоя из асфальтобетонной смеси	ИСПРАВЛЕНИЕ ПРОФИЛЯ ОСНОВАНИЙ	100 т	Устройство выравнивающего слоя из асфальтобетонной смеси: с применением укладчиков асфальтобетона
27-03-004-02	27-03-004	Устройство выравнивающего слоя из асфальтобетонной смеси	ИСПРАВЛЕНИЕ ПРОФИЛЯ ОСНОВАНИЙ	100 т	Устройство выравнивающего слоя из асфальтобетонной смеси: вручную
27-03-008-01	27-03-008	Разборка покрытий и оснований	РАЗБОРКА СУЩЕСТВУЮЩИХ СООРУЖЕНИЙ	100 м3	Разборка покрытий и оснований: мостовой из булыжного камня
27-03-008-02	27-03-008	Разборка покрытий и оснований	РАЗБОРКА СУЩЕСТВУЮЩИХ СООРУЖЕНИЙ	100 м3	Разборка покрытий и оснований: щебеночных
27-03-008-03	27-03-008	Разборка покрытий и оснований	РАЗБОРКА СУЩЕСТВУЮЩИХ СООРУЖЕНИЙ	100 м3	Разборка покрытий и оснований: черных щебеночных
27-03-008-04	27-03-008	Разборка покрытий и оснований	РАЗБОРКА СУЩЕСТВУЮЩИХ СООРУЖЕНИЙ	100 м3	Разборка покрытий и оснований: асфальтобетонных
27-03-008-05	27-03-008	Разборка покрытий и оснований	РАЗБОРКА СУЩЕСТВУЮЩИХ СООРУЖЕНИЙ	100 м3	Разборка покрытий и оснований: цементно-бетонных
27-03-010-01	27-03-010	Разборка бортовых камней	РАЗБОРКА СУЩЕСТВУЮЩИХ СООРУЖЕНИЙ	100 м	Разборка бортовых камней: на бетонном основании
27-03-010-02	27-03-010	Разборка бортовых камней	РАЗБОРКА СУЩЕСТВУЮЩИХ СООРУЖЕНИЙ	100 м	Разборка бортовых камней: на щебеночном основании
27-04-001-01	27-04-001	Устройство подстилающих и выравнивающих слоев оснований	ПОДСТИЛАЮЩИЕ И ВЫРАВНИВАЮЩИЕ СЛОИ ОСНОВАНИЯ	100 м3	Устройство подстилающих и выравнивающих слоев оснований: из песка
27-04-001-02	27-04-001	Устройство подстилающих и выравнивающих слоев оснований	ПОДСТИЛАЮЩИЕ И ВЫРАВНИВАЮЩИЕ СЛОИ ОСНОВАНИЯ	100 м3	Устройство подстилающих и выравнивающих слоев оснований: из песчано-гравийной смеси, дресвы
27-04-001-03	27-04-001	Устройство подстилающих и выравнивающих слоев оснований	ПОДСТИЛАЮЩИЕ И ВЫРАВНИВАЮЩИЕ СЛОИ ОСНОВАНИЯ	100 м3	Устройство подстилающих и выравнивающих слоев оснований: из шлака доменного отвального сталеплавильного
27-04-001-04	27-04-001	Устройство подстилающих и выравнивающих слоев оснований	ПОДСТИЛАЮЩИЕ И ВЫРАВНИВАЮЩИЕ СЛОИ ОСНОВАНИЯ	100 м3	Устройство подстилающих и выравнивающих слоев оснований: из щебня
27-04-001-05	27-04-001	Устройство подстилающих и выравнивающих слоев оснований	ПОДСТИЛАЮЩИЕ И ВЫРАВНИВАЮЩИЕ СЛОИ ОСНОВАНИЯ	100 м3	Устройство подстилающих и выравнивающих слоев оснований: из пеностекольного щебня с уплотнением виброплитой, вручную
27-04-001-06	27-04-001	Устройство подстилающих и выравнивающих слоев оснований	ПОДСТИЛАЮЩИЕ И ВЫРАВНИВАЮЩИЕ СЛОИ ОСНОВАНИЯ	100 м3	Устройство подстилающих и выравнивающих слоев оснований: из пеностекольного щебня при укатке катком
27-04-001-07	27-04-001	Устройство подстилающих и выравнивающих слоев оснований	ПОДСТИЛАЮЩИЕ И ВЫРАВНИВАЮЩИЕ СЛОИ ОСНОВАНИЯ	100 м3	Устройство песчаного подстилающего слоя на обочинах навесным щебнераспределителем на базе универсального фронтального погрузчика, грунт земляного полотна: пески, супеси
27-04-001-08	27-04-001	Устройство подстилающих и выравнивающих слоев оснований	ПОДСТИЛАЮЩИЕ И ВЫРАВНИВАЮЩИЕ СЛОИ ОСНОВАНИЯ	100 м3	Устройство песчаного подстилающего слоя на обочинах навесным щебнераспределителем на базе универсального фронтального погрузчика, грунт земляного полотна: суглинок
27-04-001-09	27-04-001	Устройство подстилающих и выравнивающих слоев оснований	ПОДСТИЛАЮЩИЕ И ВЫРАВНИВАЮЩИЕ СЛОИ ОСНОВАНИЯ	1000 м2	Устройство подстилающих и выравнивающих слоев оснований из профилированной мембраны
27-04-003-01	27-04-003	Устройство оснований и покрытий из песчано-гравийных или щебеночно-песчаных смесей	ОСНОВАНИЯ И ПОКРЫТИЯ ИЗ ГРАВИЙНЫХ, ПЕСЧАНО-ГРАВИЙНЫХ И ЩЕБЕН	1000 м2	Устройство оснований и покрытий из песчано-гравийных или щебеночно-песчаных смесей: однослойных толщиной 12 см
27-04-003-02	27-04-003	Устройство оснований и покрытий из песчано-гравийных или щебеночно-песчаных смесей	ОСНОВАНИЯ И ПОКРЫТИЯ ИЗ ГРАВИЙНЫХ, ПЕСЧАНО-ГРАВИЙНЫХ И ЩЕБЕН	1000 м2	Устройство оснований и покрытий из песчано-гравийных или щебеночно-песчаных смесей: двухслойных, нижний слой толщиной 12 см
27-04-003-03	27-04-003	Устройство оснований и покрытий из песчано-гравийных или щебеночно-песчаных смесей	ОСНОВАНИЯ И ПОКРЫТИЯ ИЗ ГРАВИЙНЫХ, ПЕСЧАНО-ГРАВИЙНЫХ И ЩЕБЕН	1000 м2	Устройство оснований и покрытий из песчано-гравийных или щебеночно-песчаных смесей: двухслойных, верхний слой 10 см
27-04-003-04	27-04-003	Устройство оснований и покрытий из песчано-гравийных или щебеночно-песчаных смесей	ОСНОВАНИЯ И ПОКРЫТИЯ ИЗ ГРАВИЙНЫХ, ПЕСЧАНО-ГРАВИЙНЫХ И ЩЕБЕН	1000 м2	Устройство оснований и покрытий из песчано-гравийных или щебеночно-песчаных смесей: серповидного профиля покрытия при толщине дороги по оси 12 см
27-04-003-05	27-04-003	Устройство оснований и покрытий из песчано-гравийных или щебеночно-песчаных смесей	ОСНОВАНИЯ И ПОКРЫТИЯ ИЗ ГРАВИЙНЫХ, ПЕСЧАНО-ГРАВИЙНЫХ И ЩЕБЕН	1000 м2	Устройство оснований и покрытий из песчано-гравийных или щебеночно-песчаных смесей: однослойных толщиной 15 см
27-04-003-06	27-04-003	Устройство оснований и покрытий из песчано-гравийных или щебеночно-песчаных смесей	ОСНОВАНИЯ И ПОКРЫТИЯ ИЗ ГРАВИЙНЫХ, ПЕСЧАНО-ГРАВИЙНЫХ И ЩЕБЕН	1000 м2	Устройство оснований и покрытий из песчано-гравийных или щебеночно-песчаных смесей: двухслойных нижний слой толщиной 15 см
27-04-003-07	27-04-003	Устройство оснований и покрытий из песчано-гравийных или щебеночно-песчаных смесей	ОСНОВАНИЯ И ПОКРЫТИЯ ИЗ ГРАВИЙНЫХ, ПЕСЧАНО-ГРАВИЙНЫХ И ЩЕБЕН	1000 м2	Устройство оснований и покрытий из песчано-гравийных или щебеночно-песчаных смесей: двухслойных верхний слой толщиной 15 см
27-04-003-08	27-04-003	Устройство оснований и покрытий из песчано-гравийных или щебеночно-песчаных смесей	ОСНОВАНИЯ И ПОКРЫТИЯ ИЗ ГРАВИЙНЫХ, ПЕСЧАНО-ГРАВИЙНЫХ И ЩЕБЕН	1000 м2	На каждый 1 см изменения толщины слоя добавлять или исключать к нормам с 27-04-003-05 по 27-04-003-07
27-04-005-01	27-04-005	Устройство оснований из щебня при укатке каменных материалов с пределом прочности на сжатие свыше 98	ОСНОВАНИЯ И ПОКРЫТИЯ ИЗ ЩЕБЕНОЧНЫХ МАТЕРИАЛОВ	1000 м2	Устройство оснований толщиной 15 см из щебня при укатке каменных материалов с пределом прочности на сжатие свыше 98,1 МПа (1000 кгс/см2): однослойных
27-04-005-02	27-04-005	Устройство оснований из щебня при укатке каменных материалов с пределом прочности на сжатие свыше 98	ОСНОВАНИЯ И ПОКРЫТИЯ ИЗ ЩЕБЕНОЧНЫХ МАТЕРИАЛОВ	1000 м2	Устройство оснований толщиной 15 см из щебня при укатке каменных материалов с пределом прочности на сжатие свыше 98,1 МПа (1000 кгс/см2): верхнего слоя двухслойных
27-04-005-03	27-04-005	Устройство оснований из щебня при укатке каменных материалов с пределом прочности на сжатие свыше 98	ОСНОВАНИЯ И ПОКРЫТИЯ ИЗ ЩЕБЕНОЧНЫХ МАТЕРИАЛОВ	1000 м2	Устройство оснований толщиной 15 см из щебня при укатке каменных материалов с пределом прочности на сжатие свыше 98,1 МПа (1000 кгс/см2): нижнего слоя двухслойных
27-04-005-04	27-04-005	Устройство оснований из щебня при укатке каменных материалов с пределом прочности на сжатие свыше 98	ОСНОВАНИЯ И ПОКРЫТИЯ ИЗ ЩЕБЕНОЧНЫХ МАТЕРИАЛОВ	1000 м2	На каждый 1 см изменения толщины слоя добавлять или исключать к нормам 27-04-005-01, 27-04-005-02, 27-04-005-03
27-04-006-01	27-04-006	Устройство оснований из щебня при укатке каменных материалов с пределом прочности на сжатие свыше 68	ОСНОВАНИЯ И ПОКРЫТИЯ ИЗ ЩЕБЕНОЧНЫХ МАТЕРИАЛОВ	1000 м2	Устройство оснований толщиной 15 см из щебня при укатке каменных материалов с пределом прочности на сжатие свыше 68,6 до 98,1 МПа (свыше 700 до 1000 кгс/см2): однослойных
27-04-006-02	27-04-006	Устройство оснований из щебня при укатке каменных материалов с пределом прочности на сжатие свыше 68	ОСНОВАНИЯ И ПОКРЫТИЯ ИЗ ЩЕБЕНОЧНЫХ МАТЕРИАЛОВ	1000 м2	Устройство оснований толщиной 15 см из щебня при укатке каменных материалов с пределом прочности на сжатие свыше 68,6 до 98,1 МПа (свыше 700 до 1000 кгс/см2): верхнего слоя двухсло
27-04-006-03	27-04-006	Устройство оснований из щебня при укатке каменных материалов с пределом прочности на сжатие свыше 68	ОСНОВАНИЯ И ПОКРЫТИЯ ИЗ ЩЕБЕНОЧНЫХ МАТЕРИАЛОВ	1000 м2	Устройство оснований толщиной 15 см из щебня при укатке каменных материалов с пределом прочности на сжатие свыше 68,6 до 98,1 МПа (свыше 700 до 1000 кгс/см2): нижнего слоя двухслой
27-04-006-04	27-04-006	Устройство оснований из щебня при укатке каменных материалов с пределом прочности на сжатие свыше 68	ОСНОВАНИЯ И ПОКРЫТИЯ ИЗ ЩЕБЕНОЧНЫХ МАТЕРИАЛОВ	1000 м2	На каждый 1 см изменения толщины слоя добавлять или исключать к нормам 27-04-006-01, 27-04-006-02, 27-04-006-03
27-04-007-01	27-04-007	Устройство основания из щебня при укатке каменных материалов с пределом прочности на сжатие до 68,6 	ОСНОВАНИЯ И ПОКРЫТИЯ ИЗ ЩЕБЕНОЧНЫХ МАТЕРИАЛОВ	1000 м2	Устройство оснований толщиной 15 см из щебня при укатке каменных материалов с пределом прочности на сжатие до 68,6 МПа (700 кгс/см2): однослойных
27-04-007-02	27-04-007	Устройство основания из щебня при укатке каменных материалов с пределом прочности на сжатие до 68,6 	ОСНОВАНИЯ И ПОКРЫТИЯ ИЗ ЩЕБЕНОЧНЫХ МАТЕРИАЛОВ	1000 м2	Устройство оснований толщиной 15 см из щебня при укатке каменных материалов с пределом прочности на сжатие до 68,6 МПа (700 кгс/см2): верхнего слоя двухслойных
27-04-007-03	27-04-007	Устройство основания из щебня при укатке каменных материалов с пределом прочности на сжатие до 68,6 	ОСНОВАНИЯ И ПОКРЫТИЯ ИЗ ЩЕБЕНОЧНЫХ МАТЕРИАЛОВ	1000 м2	Устройство оснований толщиной 15 см из щебня при укатке каменных материалов с пределом прочности на сжатие до 68,6 МПа (700 кгс/см2): нижнего слоя двухслойных
27-04-007-04	27-04-007	Устройство основания из щебня при укатке каменных материалов с пределом прочности на сжатие до 68,6 	ОСНОВАНИЯ И ПОКРЫТИЯ ИЗ ЩЕБЕНОЧНЫХ МАТЕРИАЛОВ	1000 м2	На каждый 1 см изменения толщины слоя добавлять или исключать к нормам 27-04-007-01, 27-04-007-02, 27-04-007-03
27-04-009-01	27-04-009	Устройство оснований толщиной 12 см из щебня фракции 70-120 мм	ОСНОВАНИЯ И ПОКРЫТИЯ ИЗ ЩЕБЕНОЧНЫХ МАТЕРИАЛОВ	1000 м2	Устройство оснований толщиной 12 см из щебня фракции 70-120 мм: однослойных
27-04-009-02	27-04-009	Устройство оснований толщиной 12 см из щебня фракции 70-120 мм	ОСНОВАНИЯ И ПОКРЫТИЯ ИЗ ЩЕБЕНОЧНЫХ МАТЕРИАЛОВ	1000 м2	Устройство оснований толщиной 12 см из щебня фракции 70-120 мм: верхнего слоя двухслойных
27-04-009-03	27-04-009	Устройство оснований толщиной 12 см из щебня фракции 70-120 мм	ОСНОВАНИЯ И ПОКРЫТИЯ ИЗ ЩЕБЕНОЧНЫХ МАТЕРИАЛОВ	1000 м2	На каждый 1 см изменения толщины слоя добавлять или исключать к нормам 27-04-009-01, 27-04-009-02
27-04-009-04	27-04-009	Устройство оснований толщиной 12 см из щебня фракции 70-120 мм	ОСНОВАНИЯ И ПОКРЫТИЯ ИЗ ЩЕБЕНОЧНЫХ МАТЕРИАЛОВ	1000 м2	Устройство нижнего слоя двухслойных оснований толщиной 12 см из щебня фракции 70-120 мм
27-04-009-05	27-04-009	Устройство оснований толщиной 12 см из щебня фракции 70-120 мм	ОСНОВАНИЯ И ПОКРЫТИЯ ИЗ ЩЕБЕНОЧНЫХ МАТЕРИАЛОВ	1000 м2	На каждый 1 см изменения толщины слоя добавлять или исключать к норме 27-04-009-04
27-04-012-01	27-04-012	Устройство покрытий толщиной 15 см при укатке щебня с пределом прочности на сжатие свыше 98,1 МПа (1	ОСНОВАНИЯ И ПОКРЫТИЯ ИЗ ЩЕБЕНОЧНЫХ МАТЕРИАЛОВ	1000 м2	Устройство покрытий толщиной 15 см при укатке щебня с пределом прочности на сжатие свыше 98,1 МПа (1000 кгс/см2): однослойных
27-04-012-02	27-04-012	Устройство покрытий толщиной 15 см при укатке щебня с пределом прочности на сжатие свыше 98,1 МПа (1	ОСНОВАНИЯ И ПОКРЫТИЯ ИЗ ЩЕБЕНОЧНЫХ МАТЕРИАЛОВ	1000 м2	Устройство покрытий толщиной 15 см при укатке щебня с пределом прочности на сжатие свыше 98,1 МПа (1000 кгс/см2): верхнего слоя двухслойных
27-04-012-03	27-04-012	Устройство покрытий толщиной 15 см при укатке щебня с пределом прочности на сжатие свыше 98,1 МПа (1	ОСНОВАНИЯ И ПОКРЫТИЯ ИЗ ЩЕБЕНОЧНЫХ МАТЕРИАЛОВ	1000 м2	Устройство покрытий толщиной 15 см при укатке щебня с пределом прочности на сжатие свыше 98,1 МПа (1000 кгс/см2): нижнего слоя двухслойных
27-04-012-04	27-04-012	Устройство покрытий толщиной 15 см при укатке щебня с пределом прочности на сжатие свыше 98,1 МПа (1	ОСНОВАНИЯ И ПОКРЫТИЯ ИЗ ЩЕБЕНОЧНЫХ МАТЕРИАЛОВ	1000 м2	На каждый 1 см изменения толщины слоя добавлять или исключать к нормам 27-04-012-01, 27-04-012-02, 27-04-012-03
27-04-013-01	27-04-013	Устройство покрытий толщиной 15 см при укатке щебня с пределом прочности на сжатие свыше 68,6 до 98,	ОСНОВАНИЯ И ПОКРЫТИЯ ИЗ ЩЕБЕНОЧНЫХ МАТЕРИАЛОВ	1000 м2	Устройство покрытий толщиной 15 см при укатке щебня с пределом прочности на сжатие свыше 68,6 до 98,1 МПа (свыше 700 до 1000 кгс/см2): однослойных
27-04-013-02	27-04-013	Устройство покрытий толщиной 15 см при укатке щебня с пределом прочности на сжатие свыше 68,6 до 98,	ОСНОВАНИЯ И ПОКРЫТИЯ ИЗ ЩЕБЕНОЧНЫХ МАТЕРИАЛОВ	1000 м2	Устройство покрытий толщиной 15 см при укатке щебня с пределом прочности на сжатие свыше 68,6 до 98,1 МПа (свыше 700 до 1000 кгс/см2): верхнего слоя двухслойных
27-04-013-03	27-04-013	Устройство покрытий толщиной 15 см при укатке щебня с пределом прочности на сжатие свыше 68,6 до 98,	ОСНОВАНИЯ И ПОКРЫТИЯ ИЗ ЩЕБЕНОЧНЫХ МАТЕРИАЛОВ	1000 м2	Устройство покрытий толщиной 15 см при укатке щебня с пределом прочности на сжатие свыше 68,6 до 98,1 МПа (свыше 700 до 1000 кгс/см2): нижнего слоя двухслойных
27-04-013-04	27-04-013	Устройство покрытий толщиной 15 см при укатке щебня с пределом прочности на сжатие свыше 68,6 до 98,	ОСНОВАНИЯ И ПОКРЫТИЯ ИЗ ЩЕБЕНОЧНЫХ МАТЕРИАЛОВ	1000 м2	На каждый 1 см изменения толщины слоя добавлять или исключать к нормам 27-04-013-01, 27-04-013-02, 27-04-013-03
27-04-014-01	27-04-014	Устройство покрытий толщиной 15 см при укатке щебня с пределом прочности на сжатие до 68,6 МПа (700 	ОСНОВАНИЯ И ПОКРЫТИЯ ИЗ ЩЕБЕНОЧНЫХ МАТЕРИАЛОВ	1000 м2	Устройство покрытий толщиной 15 см при укатке щебня с пределом прочности на сжатие до 68,6 МПа (700 кгс/см2): однослойных
27-04-014-02	27-04-014	Устройство покрытий толщиной 15 см при укатке щебня с пределом прочности на сжатие до 68,6 МПа (700 	ОСНОВАНИЯ И ПОКРЫТИЯ ИЗ ЩЕБЕНОЧНЫХ МАТЕРИАЛОВ	1000 м2	Устройство покрытий толщиной 15 см при укатке щебня с пределом прочности на сжатие до 68,6 МПа (700 кгс/см2): верхнего слоя двухслойных
27-04-014-03	27-04-014	Устройство покрытий толщиной 15 см при укатке щебня с пределом прочности на сжатие до 68,6 МПа (700 	ОСНОВАНИЯ И ПОКРЫТИЯ ИЗ ЩЕБЕНОЧНЫХ МАТЕРИАЛОВ	1000 м2	Устройство покрытий толщиной 15 см при укатке щебня с пределом прочности на сжатие до 68,6 МПа (700 кгс/см2): нижнего слоя двухслойных
27-04-014-04	27-04-014	Устройство покрытий толщиной 15 см при укатке щебня с пределом прочности на сжатие до 68,6 МПа (700 	ОСНОВАНИЯ И ПОКРЫТИЯ ИЗ ЩЕБЕНОЧНЫХ МАТЕРИАЛОВ	1000 м2	На каждый 1 см изменения толщины слоя добавлять или исключать к нормам 27-04-014-01, 27-04-014-02, 27-04-014-03
27-04-015-01	27-04-015	Устройство щебеночных оснований, обработанных в верхней части пескоцементной смесью	ОСНОВАНИЯ И ПОКРЫТИЯ ИЗ ЩЕБЕНОЧНЫХ МАТЕРИАЛОВ	1000 м2	Устройство щебеночных оснований, обработанных в верхней части пескоцементной смесью, толщина слоя 18 см с уплотнением: катками на пневмомашинах
27-04-015-02	27-04-015	Устройство щебеночных оснований, обработанных в верхней части пескоцементной смесью	ОСНОВАНИЯ И ПОКРЫТИЯ ИЗ ЩЕБЕНОЧНЫХ МАТЕРИАЛОВ	1000 м2	Устройство щебеночных оснований, обработанных в верхней части пескоцементной смесью, толщина слоя 18 см с уплотнением: виброкатками
27-04-015-03	27-04-015	Устройство щебеночных оснований, обработанных в верхней части пескоцементной смесью	ОСНОВАНИЯ И ПОКРЫТИЯ ИЗ ЩЕБЕНОЧНЫХ МАТЕРИАЛОВ	1000 м2	Устройство щебеночных оснований, обработанных в верхней части пескоцементной смесью, толщина слоя 20 см с уплотнением кулачковыми катками
27-04-016-01	27-04-016	Устройство прослойки из нетканого синтетического материала (НСМ)	ОСНОВАНИЯ И ПОКРЫТИЯ ИЗ ЩЕБЕНОЧНЫХ МАТЕРИАЛОВ	1000 м2	Устройство прослойки из нетканого синтетического материала (НСМ) под покрытием из сборных железобетонных плит: полосами
27-04-016-02	27-04-016	Устройство прослойки из нетканого синтетического материала (НСМ)	ОСНОВАНИЯ И ПОКРЫТИЯ ИЗ ЩЕБЕНОЧНЫХ МАТЕРИАЛОВ	1000 м2	Устройство прослойки из нетканого синтетического материала (НСМ) под покрытием из сборных железобетонных плит: сплошной
27-04-016-03	27-04-016	Устройство прослойки из нетканого синтетического материала (НСМ)	ОСНОВАНИЯ И ПОКРЫТИЯ ИЗ ЩЕБЕНОЧНЫХ МАТЕРИАЛОВ	1000 м2	Устройство прослойки из нетканого синтетического материала (НСМ) под покрытием из сборных железобетонных плит: грунт в "обойме"
27-04-016-04	27-04-016	Устройство прослойки из нетканого синтетического материала (НСМ)	ОСНОВАНИЯ И ПОКРЫТИЯ ИЗ ЩЕБЕНОЧНЫХ МАТЕРИАЛОВ	1000 м2	Устройство прослойки из нетканого синтетического материала (НСМ) в земляном полотне: сплошной
27-04-016-05	27-04-016	Устройство прослойки из нетканого синтетического материала (НСМ)	ОСНОВАНИЯ И ПОКРЫТИЯ ИЗ ЩЕБЕНОЧНЫХ МАТЕРИАЛОВ	1000 м2	Устройство прослойки из нетканого синтетического материала (НСМ) в земляном полотне: в "обойме"
27-04-016-06	27-04-016	Устройство прослойки из нетканого синтетического материала (НСМ)	ОСНОВАНИЯ И ПОКРЫТИЯ ИЗ ЩЕБЕНОЧНЫХ МАТЕРИАЛОВ	1000 м2	Устройство прослойки из нетканого синтетического материала (НСМ) при укреплении откосов: неподтопляемой
27-04-016-07	27-04-016	Устройство прослойки из нетканого синтетического материала (НСМ)	ОСНОВАНИЯ И ПОКРЫТИЯ ИЗ ЩЕБЕНОЧНЫХ МАТЕРИАЛОВ	1000 м2	Устройство прослойки из нетканого синтетического материала (НСМ) при укреплении откосов: подтопляемой
27-05-005-01	27-05-005	Устройство мощеных подзоров и отмосток толщиной 10 см	МОЩЕНЫЕ ПОДЗОРЫ И ОТМОСТКИ	100 м2	Устройство мощеных подзоров и отмосток толщиной 10 см
27-06-017-01	27-06-017	Устройство оснований городских проездов	НЕЖЕСТКИЕ ДОРОЖНЫЕ ОДЕЖДЫ	1000 м2	Устройство оснований городских проездов толщиной слоя 16 см
27-06-017-02	27-06-017	Устройство оснований городских проездов	НЕЖЕСТКИЕ ДОРОЖНЫЕ ОДЕЖДЫ	1000 м2	На каждый 1 см изменения толщины слоя добавлять к норме 27-06-017-01
27-06-017-03	27-06-017	Устройство оснований городских проездов	НЕЖЕСТКИЕ ДОРОЖНЫЕ ОДЕЖДЫ	1000 м2	Устройство оснований городских проездов из жесткого (малоцементного) укатываемого бетона толщиной 16 см
27-06-017-04	27-06-017	Устройство оснований городских проездов	НЕЖЕСТКИЕ ДОРОЖНЫЕ ОДЕЖДЫ	1000 м2	При изменении толщины слоя на каждый 1,0 см добавлять (уменьшать) к норме 27-06-017-03
27-06-018-01	27-06-018	Устройство оснований и покрытий из черного щебня	НЕЖЕСТКИЕ ДОРОЖНЫЕ ОДЕЖДЫ	1000 м2	Устройство покрытия из черного щебня толщиной 6 см с плотностью каменных материалов: 2,5-2,9 т/м3
27-06-018-02	27-06-018	Устройство оснований и покрытий из черного щебня	НЕЖЕСТКИЕ ДОРОЖНЫЕ ОДЕЖДЫ	1000 м2	Устройство покрытия из черного щебня толщиной 6 см с плотностью каменных материалов: 3 т/м3 и более
27-06-018-03	27-06-018	Устройство оснований и покрытий из черного щебня	НЕЖЕСТКИЕ ДОРОЖНЫЕ ОДЕЖДЫ	1000 м2	Устройство основания из черного щебня толщиной 6 см с плотностью каменных материалов: 2,5-2,9 т/м3
27-06-018-04	27-06-018	Устройство оснований и покрытий из черного щебня	НЕЖЕСТКИЕ ДОРОЖНЫЕ ОДЕЖДЫ	1000 м2	Устройство основания из черного щебня толщиной 6 см с плотностью каменных материалов: 3 т/м3 и более
27-06-019-01	27-06-019	Устройство покрытий из холодных асфальтобетонных смесей	НЕЖЕСТКИЕ ДОРОЖНЫЕ ОДЕЖДЫ	1000 м2	Устройство покрытия толщиной 3 см из холодных асфальтобетонных смесей
27-06-019-02	27-06-019	Устройство покрытий из холодных асфальтобетонных смесей	НЕЖЕСТКИЕ ДОРОЖНЫЕ ОДЕЖДЫ	1000 м2	На каждые 0,5 см изменения толщины покрытия из холодных асфальтобетонных смесей добавлять или исключать к норме 27-06-019-01
27-06-029-01	27-06-029	Устройство покрытия из горячих асфальтобетонных смесей асфальтоукладчиками второго типоразмера	НЕЖЕСТКИЕ ДОРОЖНЫЕ ОДЕЖДЫ	1000 м2	Устройство покрытия из горячих асфальтобетонных смесей асфальтоукладчиками второго типоразмера, толщина слоя 4 см
27-06-031-01	27-06-031	Устройство покрытия из горячих асфальтобетонных смесей асфальтоукладчиками третьего и четвертого тип	НЕЖЕСТКИЕ ДОРОЖНЫЕ ОДЕЖДЫ	1000 м2	Устройство покрытия из горячих асфальтобетонных смесей асфальтоукладчиками: третьего типоразмера, ширина укладки до 6 м, толщина слоя 4 см
27-06-031-02	27-06-031	Устройство покрытия из горячих асфальтобетонных смесей асфальтоукладчиками третьего и четвертого тип	НЕЖЕСТКИЕ ДОРОЖНЫЕ ОДЕЖДЫ	1000 м2	Устройство покрытия из горячих асфальтобетонных смесей асфальтоукладчиками: четвертого типоразмера, ширина укладки более 6 м, толщина слоя 4 см
27-06-039-01	27-06-039	Одновременное устройство двухслойного асфальтобетонного покрытия асфальтоукладочным комплексом	НЕЖЕСТКИЕ ДОРОЖНЫЕ ОДЕЖДЫ	1000 м2	Одновременное устройство двухслойного асфальтобетонного покрытия асфальтоукладочным комплексом с толщиной верхнего слоя из щебеночно-мастичной асфальтобетонной смеси 2,5 см и нижне
27-06-039-02	27-06-039	Одновременное устройство двухслойного асфальтобетонного покрытия асфальтоукладочным комплексом	НЕЖЕСТКИЕ ДОРОЖНЫЕ ОДЕЖДЫ	1000 м2	Добавлять или исключать к норме 27-06-039-01 при изменении толщины на 0,5 см: верхнего слоя покрытия из щебеночно-мастичной асфальтобетонной смеси 2,5 см
27-06-039-03	27-06-039	Одновременное устройство двухслойного асфальтобетонного покрытия асфальтоукладочным комплексом	НЕЖЕСТКИЕ ДОРОЖНЫЕ ОДЕЖДЫ	1000 м2	Добавлять или исключать к норме 27-06-039-01 при изменении толщины на 0,5 см: нижнего слоя покрытия нижнего слоя из горячей асфальтобетонной смеси толщиной 7 см
27-06-043-01	27-06-043	Устройство тонкослойного покрытия из горячей битумоминеральной смеси толщиной слоя 2,5 см асфальтоук	НЕЖЕСТКИЕ ДОРОЖНЫЕ ОДЕЖДЫ	1000 м2	Устройство тонкослойного покрытия из горячей битумоминеральной смеси толщиной слоя 2,5 см асфальтоукладчиком, оборудованным системой распределения битумной эмульсии
27-06-043-02	27-06-043	Устройство тонкослойного покрытия из горячей битумоминеральной смеси толщиной слоя 2,5 см асфальтоук	НЕЖЕСТКИЕ ДОРОЖНЫЕ ОДЕЖДЫ	1000 м2	На каждые 0,5 см изменения толщины слоя тонкослойного покрытия из горячей битумоминеральной смеси добавлять или исключать к норме 27-06-043-01
27-06-044-01	27-06-044	Восстановление асфальтобетонного покрытия толщиной 7 см методом терморесайклинга старого покрытия то	НЕЖЕСТКИЕ ДОРОЖНЫЕ ОДЕЖДЫ	1000 м2	Восстановление асфальтобетонного покрытия толщиной 7 см методом терморесайклинга старого покрытия толщиной 5 см с добавлением горячего асфальтобетона комплексом машин и нагревателе
27-06-044-02	27-06-044	Восстановление асфальтобетонного покрытия толщиной 7 см методом терморесайклинга старого покрытия то	НЕЖЕСТКИЕ ДОРОЖНЫЕ ОДЕЖДЫ	1000 м2	На каждые 0,5 см изменения толщины регенерируемого слоя добавлять или исключать к норме 27-06-044-01
27-06-045-01	27-06-045	Устройство основания из асфальтогранулята и песка из отсевов дробления щебня, укрепленного битумной 	НЕЖЕСТКИЕ ДОРОЖНЫЕ ОДЕЖДЫ	1000 м2	Устройство основания шириной 7,6 м при толщине готового основания: 15 см
27-06-045-02	27-06-045	Устройство основания из асфальтогранулята и песка из отсевов дробления щебня, укрепленного битумной 	НЕЖЕСТКИЕ ДОРОЖНЫЕ ОДЕЖДЫ	1000 м2	Устройство основания шириной 7,6 м при толщине готового основания: 18 см
27-06-045-03	27-06-045	Устройство основания из асфальтогранулята и песка из отсевов дробления щебня, укрепленного битумной 	НЕЖЕСТКИЕ ДОРОЖНЫЕ ОДЕЖДЫ	1000 м2	Устройство основания шириной 7,6 м при толщине готового основания: 20 см
27-06-045-04	27-06-045	Устройство основания из асфальтогранулята и песка из отсевов дробления щебня, укрепленного битумной 	НЕЖЕСТКИЕ ДОРОЖНЫЕ ОДЕЖДЫ	1000 м2	Устройство основания шириной 8,6 м при толщине готового основания: 15 см
27-06-045-05	27-06-045	Устройство основания из асфальтогранулята и песка из отсевов дробления щебня, укрепленного битумной 	НЕЖЕСТКИЕ ДОРОЖНЫЕ ОДЕЖДЫ	1000 м2	Устройство основания шириной 8,6 м при толщине готового основания: 18 см
27-06-045-06	27-06-045	Устройство основания из асфальтогранулята и песка из отсевов дробления щебня, укрепленного битумной 	НЕЖЕСТКИЕ ДОРОЖНЫЕ ОДЕЖДЫ	1000 м2	Устройство основания шириной 8,6 м при толщине готового основания: 20 см
27-06-045-07	27-06-045	Устройство основания из асфальтогранулята и песка из отсевов дробления щебня, укрепленного битумной 	НЕЖЕСТКИЕ ДОРОЖНЫЕ ОДЕЖДЫ	1000 м2	Устройство основания шириной 9,6 м при толщине готового основания: 15 см
27-06-045-08	27-06-045	Устройство основания из асфальтогранулята и песка из отсевов дробления щебня, укрепленного битумной 	НЕЖЕСТКИЕ ДОРОЖНЫЕ ОДЕЖДЫ	1000 м2	Устройство основания шириной 9,6 м при толщине готового основания: 18 см
27-06-045-09	27-06-045	Устройство основания из асфальтогранулята и песка из отсевов дробления щебня, укрепленного битумной 	НЕЖЕСТКИЕ ДОРОЖНЫЕ ОДЕЖДЫ	1000 м2	Устройство основания шириной 9,6 м при толщине готового основания: 20 см
27-06-046-01	27-06-046	Устройство основания из асфальтогранулята и песка из отсевов дробления щебня, укрепленного битумом и	НЕЖЕСТКИЕ ДОРОЖНЫЕ ОДЕЖДЫ	1000 м2	Устройство основания шириной 7,6 м при толщине готового основания: 15 см
27-06-046-02	27-06-046	Устройство основания из асфальтогранулята и песка из отсевов дробления щебня, укрепленного битумом и	НЕЖЕСТКИЕ ДОРОЖНЫЕ ОДЕЖДЫ	1000 м2	Устройство основания шириной 7,6 м при толщине готового основания: 18 см
27-06-046-03	27-06-046	Устройство основания из асфальтогранулята и песка из отсевов дробления щебня, укрепленного битумом и	НЕЖЕСТКИЕ ДОРОЖНЫЕ ОДЕЖДЫ	1000 м2	Устройство основания шириной 7,6 м при толщине готового основания: 20 см
27-06-046-04	27-06-046	Устройство основания из асфальтогранулята и песка из отсевов дробления щебня, укрепленного битумом и	НЕЖЕСТКИЕ ДОРОЖНЫЕ ОДЕЖДЫ	1000 м2	Устройство основания шириной 8,6 м при толщине готового основания: 15 см
27-06-046-05	27-06-046	Устройство основания из асфальтогранулята и песка из отсевов дробления щебня, укрепленного битумом и	НЕЖЕСТКИЕ ДОРОЖНЫЕ ОДЕЖДЫ	1000 м2	Устройство основания шириной 8,6 м при толщине готового основания: 18 см
27-06-046-06	27-06-046	Устройство основания из асфальтогранулята и песка из отсевов дробления щебня, укрепленного битумом и	НЕЖЕСТКИЕ ДОРОЖНЫЕ ОДЕЖДЫ	1000 м2	Устройство основания шириной 8,6 м при толщине готового основания: 20 см
27-06-046-07	27-06-046	Устройство основания из асфальтогранулята и песка из отсевов дробления щебня, укрепленного битумом и	НЕЖЕСТКИЕ ДОРОЖНЫЕ ОДЕЖДЫ	1000 м2	Устройство основания шириной 9,6 м при толщине готового основания: 15 см
27-06-046-08	27-06-046	Устройство основания из асфальтогранулята и песка из отсевов дробления щебня, укрепленного битумом и	НЕЖЕСТКИЕ ДОРОЖНЫЕ ОДЕЖДЫ	1000 м2	Устройство основания шириной 9,6 м при толщине готового основания: 18 см
27-06-046-09	27-06-046	Устройство основания из асфальтогранулята и песка из отсевов дробления щебня, укрепленного битумом и	НЕЖЕСТКИЕ ДОРОЖНЫЕ ОДЕЖДЫ	1000 м2	Устройство основания шириной 9,6 м при толщине готового основания: 20 см
27-06-047-01	27-06-047	Устройство основания дорожного полотна методом холодного ресайклинга толщиной от 15 до 25 см с приме	НЕЖЕСТКИЕ ДОРОЖНЫЕ ОДЕЖДЫ	1000 м2	Устройство основания дорожного полотна методом холодного ресайклинга толщиной от 15 до 25 см с применением регенератора-смесителя с шириной реза 2,5 м с добавлением: минеральных до
27-06-047-02	27-06-047	Устройство основания дорожного полотна методом холодного ресайклинга толщиной от 15 до 25 см с приме	НЕЖЕСТКИЕ ДОРОЖНЫЕ ОДЕЖДЫ	1000 м2	Устройство основания дорожного полотна методом холодного ресайклинга толщиной от 15 до 25 см с применением регенератора-смесителя с шириной реза 2,5 м с добавлением: минеральных до
27-06-048-01	27-06-048	Стабилизация и укрепление грунтов неорганическими вяжущими материалами с применением распределителя 	НЕЖЕСТКИЕ ДОРОЖНЫЕ ОДЕЖДЫ	1000 м2	Стабилизация и укрепление грунтов неорганическими вяжущими материалами с применением распределителя минеральных вяжущих и регенератора-смесителя, глубина внесения: до 15 см
27-06-048-02	27-06-048	Стабилизация и укрепление грунтов неорганическими вяжущими материалами с применением распределителя 	НЕЖЕСТКИЕ ДОРОЖНЫЕ ОДЕЖДЫ	1000 м2	Стабилизация и укрепление грунтов неорганическими вяжущими материалами с применением распределителя минеральных вяжущих и регенератора-смесителя, глубина внесения: свыше 15 до 25 с
27-06-048-03	27-06-048	Стабилизация и укрепление грунтов неорганическими вяжущими материалами с применением распределителя 	НЕЖЕСТКИЕ ДОРОЖНЫЕ ОДЕЖДЫ	1000 м2	Стабилизация и укрепление грунтов неорганическими вяжущими материалами с применением распределителя минеральных вяжущих и регенератора-смесителя, глубина внесения: свыше 25 до 35 с
27-06-048-04	27-06-048	Стабилизация и укрепление грунтов неорганическими вяжущими материалами с применением распределителя 	НЕЖЕСТКИЕ ДОРОЖНЫЕ ОДЕЖДЫ	1000 м2	Стабилизация и укрепление грунтов неорганическими вяжущими материалами с применением распределителя минеральных вяжущих и регенератора-смесителя, глубина внесения: свыше 35 до 45 с
27-06-066-01	27-06-066	Устройство малых монолитных форм с использованием бетоноукладчика на гусеничном ходу со скользящей о	НЕЖЕСТКИЕ ДОРОЖНЫЕ ОДЕЖДЫ	100 м3	Устройство малых монолитных форм с использованием бетоноукладчика на гусеничном ходу со скользящей опалубкой: площадью сечения до 0,3 м2
27-06-066-02	27-06-066	Устройство малых монолитных форм с использованием бетоноукладчика на гусеничном ходу со скользящей о	НЕЖЕСТКИЕ ДОРОЖНЫЕ ОДЕЖДЫ	100 м3	Устройство малых монолитных форм с использованием бетоноукладчика на гусеничном ходу со скользящей опалубкой: площадью сечения свыше 0,3 м2 до 0,8 м2
27-06-068-01	27-06-068	Устройство покрытий из асфальтобетонных смесей вручную	НЕЖЕСТКИЕ ДОРОЖНЫЕ ОДЕЖДЫ	100 м2	Устройство покрытий из асфальтобетонных смесей вручную, толщина 4 см
27-06-068-02	27-06-068	Устройство покрытий из асфальтобетонных смесей вручную	НЕЖЕСТКИЕ ДОРОЖНЫЕ ОДЕЖДЫ	100 м2	Укладка литой асфальтобетонной смеси вручную, толщина слоя 5 см
27-06-069-01	27-06-069	Устройство асфальтобетонных водоотводных лотков вдоль кромки проезжей части	НЕЖЕСТКИЕ ДОРОЖНЫЕ ОДЕЖДЫ	1000 м	Устройство асфальтобетонных водоотводных лотков с использованием укладчика (отсыпщика) обочин при ширине лотка: до 0,75 м
27-06-070-01	27-06-070	Устройство основания дорожного полотна, укрепленного минеральным вяжущим и стабилизатором грунта, с 	НЕЖЕСТКИЕ ДОРОЖНЫЕ ОДЕЖДЫ	1000 м2	Устройство основания дорожного полотна, укрепленного минеральным вяжущим и стабилизатором грунта, с применением распределителя минеральных вяжущих и регенератора-смесителя на глуби
27-06-070-02	27-06-070	Устройство основания дорожного полотна, укрепленного минеральным вяжущим и стабилизатором грунта, с 	НЕЖЕСТКИЕ ДОРОЖНЫЕ ОДЕЖДЫ	1000 м2	При изменении толщины слоя на каждый 1 см добавлять или исключать к норме 27-06-070-01
27-06-070-03	27-06-070	Устройство основания дорожного полотна, укрепленного минеральным вяжущим и стабилизатором грунта, с 	НЕЖЕСТКИЕ ДОРОЖНЫЕ ОДЕЖДЫ	100 м3	Исправление профиля основания дорожной одежды щебнем после предварительной регенерации
27-06-071-01	27-06-071	Устройство щебеночно-мастичного деформационного шва	НЕЖЕСТКИЕ ДОРОЖНЫЕ ОДЕЖДЫ	100 м	Устройство щебеночно-мастичного деформационного шва шириной: 0,5 м на глубину 10 см
27-06-071-02	27-06-071	Устройство щебеночно-мастичного деформационного шва	НЕЖЕСТКИЕ ДОРОЖНЫЕ ОДЕЖДЫ	100 м	Устройство щебеночно-мастичного деформационного шва шириной: 1 м на глубину 10 см
27-06-071-03	27-06-071	Устройство щебеночно-мастичного деформационного шва	НЕЖЕСТКИЕ ДОРОЖНЫЕ ОДЕЖДЫ	100 м	При увеличении глубины слоя на 1 см добавлять к норме: 27-06-071-01
27-06-071-04	27-06-071	Устройство щебеночно-мастичного деформационного шва	НЕЖЕСТКИЕ ДОРОЖНЫЕ ОДЕЖДЫ	100 м	При увеличении глубины слоя на 1 см добавлять к норме: 27-06-071-02
27-06-075-01	27-06-075	Устройство слоя асфальтобетонного покрытия из горячей асфальтобетонной смеси	НЕЖЕСТКИЕ ДОРОЖНЫЕ ОДЕЖДЫ	1000 м2	Устройство слоя покрытия из щебеночно-мастичного асфальтобетона асфальтоукладчиками больших типоразмеров шириной укладки: до 7,5 м толщиной 5 см
27-06-075-02	27-06-075	Устройство слоя асфальтобетонного покрытия из горячей асфальтобетонной смеси	НЕЖЕСТКИЕ ДОРОЖНЫЕ ОДЕЖДЫ	1000 м2	Устройство слоя покрытия из щебеночно-мастичного асфальтобетона асфальтоукладчиками больших типоразмеров шириной укладки: свыше 7,5 м толщиной 5 см
27-06-075-03	27-06-075	Устройство слоя асфальтобетонного покрытия из горячей асфальтобетонной смеси	НЕЖЕСТКИЕ ДОРОЖНЫЕ ОДЕЖДЫ	1000 м2	Устройство слоя покрытия из щебеночно-мастичного асфальтобетона асфальтоукладчиками больших типоразмеров шириной укладки: до 7,5 м на 1 см изменения толщины слоя добавлять или искл
27-06-075-04	27-06-075	Устройство слоя асфальтобетонного покрытия из горячей асфальтобетонной смеси	НЕЖЕСТКИЕ ДОРОЖНЫЕ ОДЕЖДЫ	1000 м2	Устройство слоя покрытия из щебеночно-мастичного асфальтобетона асфальтоукладчиками больших типоразмеров шириной укладки: более 7,5 м на 1 см изменения толщины слоя добавлять или и
27-06-202-01	27-06-202	Устройство швов в дорожных асфальтобетонных покрытиях	НЕЖЕСТКИЕ ДОРОЖНЫЕ ОДЕЖДЫ	100 м	Устройство температурных швов глубиной камеры 1 см в нижних слоях дорожных асфальтобетонных покрытий с применением дисков с алмазным покрытием
27-06-203-01	27-06-203	Устройство основания дорожной одежды из щебеночно-гравийно-песчаной смеси, укрепленного неорганическ	НЕЖЕСТКИЕ ДОРОЖНЫЕ ОДЕЖДЫ	1000 м2	Устройство основания дорожной одежды из щебеночно-гравийно-песчаной смеси, укрепленного неорганическим вяжущим, толщина слоя 18 см
27-07-001-01	27-07-001	Устройство асфальтобетонных покрытий дорожек и тротуаров	ДОРОЖКИ И ТРОТУАРЫ	100 м2	Устройство асфальтобетонных покрытий дорожек и тротуаров однослойных из литой мелкозернистой асфальтобетонной смеси толщиной 3 см
27-07-001-02	27-07-001	Устройство асфальтобетонных покрытий дорожек и тротуаров	ДОРОЖКИ И ТРОТУАРЫ	100 м2	На каждые 0,5 см изменения толщины покрытия добавлять к норме 27-07-001-01
27-07-001-03	27-07-001	Устройство асфальтобетонных покрытий дорожек и тротуаров	ДОРОЖКИ И ТРОТУАРЫ	100 м2	Устройство асфальтобетонных покрытий дорожек и тротуаров двухслойных: нижний слой из горячей асфальтобетонной смеси толщиной 4,5 см
27-07-001-04	27-07-001	Устройство асфальтобетонных покрытий дорожек и тротуаров	ДОРОЖКИ И ТРОТУАРЫ	100 м2	Устройство асфальтобетонных покрытий дорожек и тротуаров двухслойных: верхний слой из горячей асфальтобетонной смеси толщиной 3 см
27-07-001-05	27-07-001	Устройство асфальтобетонных покрытий дорожек и тротуаров	ДОРОЖКИ И ТРОТУАРЫ	100 м2	Укладка литой асфальтобетонной смеси на тротуарах мостовых сооружений в местах с затрудненным доступом с использованием мини-перегружателя, толщина слоя 4 см: без устройства опалуб
27-07-001-06	27-07-001	Устройство асфальтобетонных покрытий дорожек и тротуаров	ДОРОЖКИ И ТРОТУАРЫ	100 м2	Укладка литой асфальтобетонной смеси на тротуарах мостовых сооружений в местах с затрудненным доступом с использованием мини-перегружателя, толщина слоя 4 см: с устройством опалубк
27-07-002-01	27-07-002	Устройство оснований под тротуары из кирпичного или известнякового щебня	ДОРОЖКИ И ТРОТУАРЫ	100 м2	Устройство оснований толщиной 12 см под тротуары из кирпичного или известнякового щебня
27-07-002-02	27-07-002	Устройство оснований под тротуары из кирпичного или известнякового щебня	ДОРОЖКИ И ТРОТУАРЫ	100 м2	На каждый 1 см изменения толщины оснований добавлять или исключать к норме 27-07-002-01
27-07-003-01	27-07-003	Устройство бетонных плитных тротуаров с заполнением швов	ДОРОЖКИ И ТРОТУАРЫ	100 м2	Устройство бетонных плитных тротуаров с заполнением швов: цементным раствором
27-07-003-02	27-07-003	Устройство бетонных плитных тротуаров с заполнением швов	ДОРОЖКИ И ТРОТУАРЫ	100 м2	Устройство бетонных плитных тротуаров с заполнением швов: песком
27-07-003-03	27-07-003	Устройство бетонных плитных тротуаров с заполнением швов	ДОРОЖКИ И ТРОТУАРЫ	100 м2	Устройство бетонных плитных тротуаров из сборных фигурных бетонных плит с заполнением швов песчано-цементной смесью
27-07-004-01	27-07-004	Устройство деревянных тротуаров	ДОРОЖКИ И ТРОТУАРЫ	100 м2	Устройство деревянных тротуаров
27-07-005-01	27-07-005	Устройство покрытий из тротуарной плитки	ДОРОЖКИ И ТРОТУАРЫ	10 м2	Устройство покрытий из тротуарной плитки, количество плитки при укладке на 1 м2: 40 шт.
27-07-005-02	27-07-005	Устройство покрытий из тротуарной плитки	ДОРОЖКИ И ТРОТУАРЫ	10 м2	Устройство покрытий из тротуарной плитки, количество плитки при укладке на 1 м2: 55 шт.
27-07-005-03	27-07-005	Устройство покрытий из тротуарной плитки	ДОРОЖКИ И ТРОТУАРЫ	10 м2	Устройство покрытий из тротуарной плитки, количество плитки при укладке на 1 м2: 90 шт.
27-07-005-04	27-07-005	Устройство покрытий из тротуарной плитки	ДОРОЖКИ И ТРОТУАРЫ	м реза	Резка тротуарной плитки толщиной 70 мм: на отрезном станке
27-07-005-05	27-07-005	Устройство покрытий из тротуарной плитки	ДОРОЖКИ И ТРОТУАРЫ	м реза	Резка тротуарной плитки толщиной 70 мм: угловой шлифовальной машинкой
27-07-005-06	27-07-005	Устройство покрытий из тротуарной плитки	ДОРОЖКИ И ТРОТУАРЫ	м реза	Добавлять (уменьшать) на каждые 10 мм: к норме 27-07-005-04
27-07-005-07	27-07-005	Устройство покрытий из тротуарной плитки	ДОРОЖКИ И ТРОТУАРЫ	м реза	Добавлять (уменьшать) на каждые 10 мм: к норме 27-07-005-05
27-07-006-01	27-07-006	Устройство покрытия дорожек и тротуаров из горячих асфальтобетонных смесей асфальтоукладчиками перво	ДОРОЖКИ И ТРОТУАРЫ	1000 м2	Устройство покрытия дорожек и тротуаров из горячих асфальтобетонных смесей асфальтоукладчиками первого типоразмера, толщина слоя 4 см
27-07-006-02	27-07-006	Устройство покрытия дорожек и тротуаров из горячих асфальтобетонных смесей асфальтоукладчиками перво	ДОРОЖКИ И ТРОТУАРЫ	1000 м2	При изменении толщины слоя покрытия на 0,5 см добавлять или исключать к норме 27-07-006-01
27-07-007-01	27-07-007	Устройство внутриквартальных щебеночных дорожек и площадок из щебня	ДОРОЖКИ И ТРОТУАРЫ	100 м2	Устройство внутриквартальных щебеночных дорожек и площадок из щебня марки: 600 толщиной слоя до 12 см
27-07-007-02	27-07-007	Устройство внутриквартальных щебеночных дорожек и площадок из щебня	ДОРОЖКИ И ТРОТУАРЫ	100 м2	Устройство внутриквартальных щебеночных дорожек и площадок из щебня марки: 1200 толщиной слоя до 12 см
27-07-007-03	27-07-007	Устройство внутриквартальных щебеночных дорожек и площадок из щебня	ДОРОЖКИ И ТРОТУАРЫ	100 м2	Устройство внутриквартальных щебеночных дорожек и площадок из щебня марки: 1200 толщиной слоя до 15 см
27-07-007-04	27-07-007	Устройство внутриквартальных щебеночных дорожек и площадок из щебня	ДОРОЖКИ И ТРОТУАРЫ	100 м2	Устройство внутриквартальных щебеночных дорожек и площадок из щебня марки: 1200 толщиной слоя до 18 см
27-07-007-05	27-07-007	Устройство внутриквартальных щебеночных дорожек и площадок из щебня	ДОРОЖКИ И ТРОТУАРЫ	100 м2	Устройство внутриквартальных щебеночных дорожек и площадок из щебня марки: 1200 толщиной слоя до 22 см
27-07-008-01	27-07-008	Устройство покрытий из гранитных плит тротуаров	ДОРОЖКИ И ТРОТУАРЫ	100 м2	Устройство покрытий из гранитных плит тротуаров: шириной до 2,5 м и толщиной 80-120 мм при количестве плит на 1 м2 до 4 шт.
27-07-008-02	27-07-008	Устройство покрытий из гранитных плит тротуаров	ДОРОЖКИ И ТРОТУАРЫ	100 м2	Устройство покрытий из гранитных плит тротуаров: шириной до 2,5 м и толщиной 80-120 мм при количестве плит на 1 м2 более 4 шт.
27-07-008-03	27-07-008	Устройство покрытий из гранитных плит тротуаров	ДОРОЖКИ И ТРОТУАРЫ	100 м2	Устройство покрытий из гранитных плит тротуаров: шириной более 2,5 м и толщиной 80-120 мм при количестве плит на 1 м2 до 4 шт.
27-07-008-04	27-07-008	Устройство покрытий из гранитных плит тротуаров	ДОРОЖКИ И ТРОТУАРЫ	100 м2	Устройство покрытий из гранитных плит тротуаров: шириной более 2,5 м и толщиной 80-120 мм при количестве плит на 1 м2 более 4 шт.
27-07-008-05	27-07-008	Устройство покрытий из гранитных плит тротуаров	ДОРОЖКИ И ТРОТУАРЫ	100 м2	Устройство покрытий из гранитных плит тротуаров: шириной до 2,5 м и толщиной 130-150 мм при количестве плит на 1 м2 до 4 шт.
27-07-008-06	27-07-008	Устройство покрытий из гранитных плит тротуаров	ДОРОЖКИ И ТРОТУАРЫ	100 м2	Устройство покрытий из гранитных плит тротуаров: шириной до 2,5 м и толщиной 130-150 мм при количестве плит на 1 м2 более 4 шт.
27-07-008-07	27-07-008	Устройство покрытий из гранитных плит тротуаров	ДОРОЖКИ И ТРОТУАРЫ	100 м2	Устройство покрытий из гранитных плит тротуаров: шириной более 2,5 м и толщиной 130-150 мм при количестве плит на 1 м2 до 4 шт.
27-07-008-08	27-07-008	Устройство покрытий из гранитных плит тротуаров	ДОРОЖКИ И ТРОТУАРЫ	100 м2	Устройство покрытий из гранитных плит тротуаров: шириной более 2,5 м и толщиной 130-150 мм при количестве плит на 1 м2 более 4 шт.
27-07-009-01	27-07-009	Устройство водоотводных лотков из композиционных полимерных материалов в комплекте с решеткой (крышк	ДОРОЖКИ И ТРОТУАРЫ	100 м	Устройство водоотводных лотков из композиционных полимерных материалов: весом до 10 кг/м в комплекте с решеткой (крышкой) на подготовленные основания
27-07-009-02	27-07-009	Устройство водоотводных лотков из композиционных полимерных материалов в комплекте с решеткой (крышк	ДОРОЖКИ И ТРОТУАРЫ	100 м	Устройство водоотводных лотков из композиционных полимерных материалов: весом свыше 10 кг/м до 30 кг/м в комплекте с решеткой (крышкой) на подготовленные основания
27-07-010-01	27-07-010	Устройство покрытий спортивных и детских площадок из плиток на основе резиновой крошки	ДОРОЖКИ И ТРОТУАРЫ	100 м2	Устройство покрытий спортивных и детских площадок из плиток на основе резиновой крошки: на клей
27-07-010-02	27-07-010	Устройство покрытий спортивных и детских площадок из плиток на основе резиновой крошки	ДОРОЖКИ И ТРОТУАРЫ	100 м2	Устройство покрытий спортивных и детских площадок из плиток на основе резиновой крошки: на соединительные элементы
27-07-011-01	27-07-011	Резка гранитных и бетонных малоразмерных плит в построечных условиях	ДОРОЖКИ И ТРОТУАРЫ	100 м	Резка гранитных и бетонных малоразмерных плит в построечных условиях
27-07-012-01	27-07-012	Устройство покрытий из гранитных малоразмерных плит	ДОРОЖКИ И ТРОТУАРЫ	100 м2	Устройство покрытий из гранитных малоразмерных плит
27-07-014-01	27-07-014	Устройство покрытий тротуаров из бетонной плитки типа "Брусчатка"	ДОРОЖКИ И ТРОТУАРЫ	100 м2	Устройство покрытий тротуаров из бетонной плитки типа "Брусчатка": рядовым или паркетным мощением
27-07-014-02	27-07-014	Устройство покрытий тротуаров из бетонной плитки типа "Брусчатка"	ДОРОЖКИ И ТРОТУАРЫ	100 м2	Устройство покрытий тротуаров из бетонной плитки типа "Брусчатка": кольцевым мощением
27-07-014-03	27-07-014	Устройство покрытий тротуаров из бетонной плитки типа "Брусчатка"	ДОРОЖКИ И ТРОТУАРЫ	100 м2	Устройство покрытий тротуаров из бетонной плитки типа "Брусчатка": веерным мощением
27-07-015-01	27-07-015	Укладка наземных тактильных бетонных плит	ДОРОЖКИ И ТРОТУАРЫ	10 шт	Укладка наземных тактильных плит на слой сухой цементно-песчаной смеси с применением погрузчика, плита размером: 300х300х80 мм
27-07-015-02	27-07-015	Укладка наземных тактильных бетонных плит	ДОРОЖКИ И ТРОТУАРЫ	10 шт	Укладка наземных тактильных плит на слой сухой цементно-песчаной смеси с применением погрузчика, плита размером: 500х500х80 мм
27-07-015-03	27-07-015	Укладка наземных тактильных бетонных плит	ДОРОЖКИ И ТРОТУАРЫ	10 шт	Укладка наземных тактильных плит на слой сухой цементно-песчаной смеси вручную, плита размером: 300х300х80 мм
27-07-015-04	27-07-015	Укладка наземных тактильных бетонных плит	ДОРОЖКИ И ТРОТУАРЫ	10 шт	Укладка наземных тактильных плит на слой сухой цементно-песчаной смеси вручную, плита размером: 500х500х80 мм
27-07-016-01	27-07-016	Устройство садовых дорожек и площадок	ДОРОЖКИ И ТРОТУАРЫ	100 м2	Устройство щебеночного основания при толщине слоя 10 см
27-07-016-02	27-07-016	Устройство садовых дорожек и площадок	ДОРОЖКИ И ТРОТУАРЫ	100 м2	На 1 см изменения толщины слоя щебеночного основания добавлять или исключать к норме 27-07-016-01
27-07-016-03	27-07-016	Устройство садовых дорожек и площадок	ДОРОЖКИ И ТРОТУАРЫ	100 м2	Устройство верхнего покрытия из гранитных высевок и площадок слой 5 см
27-07-016-04	27-07-016	Устройство садовых дорожек и площадок	ДОРОЖКИ И ТРОТУАРЫ	100 м2	На 1 см изменения толщины слоя гранитных высевок добавлять или исключать к норме 27-07-016-03
27-07-016-05	27-07-016	Устройство садовых дорожек и площадок	ДОРОЖКИ И ТРОТУАРЫ	10 м	Устройство бортовой доски для садовых дорожек и площадок
27-07-016-06	27-07-016	Устройство садовых дорожек и площадок	ДОРОЖКИ И ТРОТУАРЫ	100 м	Устройство бордюра вдоль садовых дорожек из: брусчатки гранитной пилено-колотой, установленной на ребро
27-07-016-07	27-07-016	Устройство садовых дорожек и площадок	ДОРОЖКИ И ТРОТУАРЫ	100 м	Устройство бордюра вдоль садовых дорожек из: камня природного окатанного, установленного на ребро
27-07-016-08	27-07-016	Устройство садовых дорожек и площадок	ДОРОЖКИ И ТРОТУАРЫ	100 м	Устройство бордюра для клумб из брусчатки гранитной пилено-колотой и мелкофракционных камней, установленных на ребро
27-07-017-01	27-07-017	Устройство покрытий "искусственная трава"	ДОРОЖКИ И ТРОТУАРЫ	100 м2	Устройство покрытия "искусственная трава"
27-07-017-02	27-07-017	Устройство покрытий "искусственная трава"	ДОРОЖКИ И ТРОТУАРЫ	км	Устройство разметочной полосы на покрытии "искусственная трава"
27-07-017-03	27-07-017	Устройство покрытий "искусственная трава"	ДОРОЖКИ И ТРОТУАРЫ	т	Засыпка песком покрытия "искусственная трава"
27-07-017-04	27-07-017	Устройство покрытий "искусственная трава"	ДОРОЖКИ И ТРОТУАРЫ	т	Засыпка резиновой крошкой покрытия "искусственная трава"
27-07-018-01	27-07-018	Устройство наливного полиуретанового покрытия спортивных площадок и беговых дорожек	ДОРОЖКИ И ТРОТУАРЫ	100 м2	Устройство наливного полиуретанового покрытия спортивных площадок и беговых дорожек толщиной 10 мм: с пигментом
27-07-018-02	27-07-018	Устройство наливного полиуретанового покрытия спортивных площадок и беговых дорожек	ДОРОЖКИ И ТРОТУАРЫ	100 м2	Устройство наливного полиуретанового покрытия спортивных площадок и беговых дорожек толщиной 10 мм: с нанесением финишного распыляемого покрытия без пигмента
27-07-018-03	27-07-018	Устройство наливного полиуретанового покрытия спортивных площадок и беговых дорожек	ДОРОЖКИ И ТРОТУАРЫ	100 м2	На каждые 2 мм изменения толщины покрытия добавлять к норме 27-07-018-01
27-07-018-04	27-07-018	Устройство наливного полиуретанового покрытия спортивных площадок и беговых дорожек	ДОРОЖКИ И ТРОТУАРЫ	100 м2	Устройство монолитного, эластомерного, полиуретанового покрытия для стадионов и манежей с поверхностным шероховатым слоем из цветного гранулята толщиной 13 мм
27-07-018-05	27-07-018	Устройство наливного полиуретанового покрытия спортивных площадок и беговых дорожек	ДОРОЖКИ И ТРОТУАРЫ	100 м2	При изменении количества нижних (рабочих) слоев покрытия толщиной 5 мм добавлять или исключать к норме 27-07-018-04
27-07-018-06	27-07-018	Устройство наливного полиуретанового покрытия спортивных площадок и беговых дорожек	ДОРОЖКИ И ТРОТУАРЫ	100 м2	При изменении толщины нижнего (рабочего) слоя покрытия на каждый 1 мм добавлять или исключать к нормам 27-07-018-04, 27-07-018-05
27-07-019-01	27-07-019	Устройство водоотводных лотков из сборного железобетона на тротуарах	ДОРОЖКИ И ТРОТУАРЫ	100 м	Устройство водоотводных лотков из сборного железобетона на тротуарах при покрытиях: бетонной плиткой
27-07-019-02	27-07-019	Устройство водоотводных лотков из сборного железобетона на тротуарах	ДОРОЖКИ И ТРОТУАРЫ	100 м	Устройство водоотводных лотков из сборного железобетона на тротуарах при покрытиях: асфальтобетонных
27-07-020-01	27-07-020	Установка решетчатых настилов из композитных материалов	ДОРОЖКИ И ТРОТУАРЫ	100 м2	Установка решетчатых настилов из композитных материалов площадью: до 3,5 м2
27-07-020-02	27-07-020	Установка решетчатых настилов из композитных материалов	ДОРОЖКИ И ТРОТУАРЫ	100 м2	Установка решетчатых настилов из композитных материалов площадью: свыше 3,5 м2
27-08-001-01	27-08-001	Устройство укрепительных полос и укрепление обочин	УКРЕПИТЕЛЬНЫЕ ПОЛОСЫ У КРАЕВ ДОРОЖНЫХ ПОКРЫТИЙ И УКРЕПЛЕНИЕ 	1000 м2	Устройство укрепительных полос из асфальтобетона шириной 0,5 и 0,75 м, толщиной 5 см
27-08-001-02	27-08-001	Устройство укрепительных полос и укрепление обочин	УКРЕПИТЕЛЬНЫЕ ПОЛОСЫ У КРАЕВ ДОРОЖНЫХ ПОКРЫТИЙ И УКРЕПЛЕНИЕ 	1000 м2	На каждый 1 см изменения толщины слоя добавлять или исключать к норме 27-08-001-01
27-08-001-03	27-08-001	Устройство укрепительных полос и укрепление обочин	УКРЕПИТЕЛЬНЫЕ ПОЛОСЫ У КРАЕВ ДОРОЖНЫХ ПОКРЫТИЙ И УКРЕПЛЕНИЕ 	1000 м2	Устройство укрепительных полос из черного щебня шириной 0,5 и 0,75 м, толщиной 6 см
27-08-001-04	27-08-001	Устройство укрепительных полос и укрепление обочин	УКРЕПИТЕЛЬНЫЕ ПОЛОСЫ У КРАЕВ ДОРОЖНЫХ ПОКРЫТИЙ И УКРЕПЛЕНИЕ 	1000 м2	На каждый 1 см изменения толщины слоя добавлять или исключать к норме 27-08-001-03
27-08-001-05	27-08-001	Устройство укрепительных полос и укрепление обочин	УКРЕПИТЕЛЬНЫЕ ПОЛОСЫ У КРАЕВ ДОРОЖНЫХ ПОКРЫТИЙ И УКРЕПЛЕНИЕ 	1000 м2	Устройство укрепительных полос из щебня шириной 0,5 и 0,75 м, толщиной 10 см
27-08-001-06	27-08-001	Устройство укрепительных полос и укрепление обочин	УКРЕПИТЕЛЬНЫЕ ПОЛОСЫ У КРАЕВ ДОРОЖНЫХ ПОКРЫТИЙ И УКРЕПЛЕНИЕ 	1000 м2	На каждый 1 см изменения толщины слоя добавлять или исключать к норме 27-08-001-05
27-08-001-07	27-08-001	Устройство укрепительных полос и укрепление обочин	УКРЕПИТЕЛЬНЫЕ ПОЛОСЫ У КРАЕВ ДОРОЖНЫХ ПОКРЫТИЙ И УКРЕПЛЕНИЕ 	1000 м2	Устройство укрепительных полос из монолитного цементобетона толщиной 20 см, шириной: 0,75 м
27-08-001-08	27-08-001	Устройство укрепительных полос и укрепление обочин	УКРЕПИТЕЛЬНЫЕ ПОЛОСЫ У КРАЕВ ДОРОЖНЫХ ПОКРЫТИЙ И УКРЕПЛЕНИЕ 	1000 м2	Устройство укрепительных полос из монолитного цементобетона толщиной 20 см, шириной: 1 м
27-08-001-09	27-08-001	Устройство укрепительных полос и укрепление обочин	УКРЕПИТЕЛЬНЫЕ ПОЛОСЫ У КРАЕВ ДОРОЖНЫХ ПОКРЫТИЙ И УКРЕПЛЕНИЕ 	1000 м2	На каждый 1см изменения толщины слоя добавлять или исключать к норме: 27-08-001-07
27-08-001-10	27-08-001	Устройство укрепительных полос и укрепление обочин	УКРЕПИТЕЛЬНЫЕ ПОЛОСЫ У КРАЕВ ДОРОЖНЫХ ПОКРЫТИЙ И УКРЕПЛЕНИЕ 	1000 м2	На каждый 1см изменения толщины слоя добавлять или исключать к норме: 27-08-001-08
27-08-001-11	27-08-001	Устройство укрепительных полос и укрепление обочин	УКРЕПИТЕЛЬНЫЕ ПОЛОСЫ У КРАЕВ ДОРОЖНЫХ ПОКРЫТИЙ И УКРЕПЛЕНИЕ 	1000 м2	Укрепление обочин щебнем толщиной 10 см
27-08-001-12	27-08-001	Устройство укрепительных полос и укрепление обочин	УКРЕПИТЕЛЬНЫЕ ПОЛОСЫ У КРАЕВ ДОРОЖНЫХ ПОКРЫТИЙ И УКРЕПЛЕНИЕ 	1000 м2	Укрепление обочин грунтощебнем толщиной 12 см при расходе щебня от объема грунта: 40%
27-08-001-13	27-08-001	Устройство укрепительных полос и укрепление обочин	УКРЕПИТЕЛЬНЫЕ ПОЛОСЫ У КРАЕВ ДОРОЖНЫХ ПОКРЫТИЙ И УКРЕПЛЕНИЕ 	1000 м2	Укрепление обочин грунтощебнем толщиной 12 см при расходе щебня от объема грунта: 50%
27-08-001-14	27-08-001	Устройство укрепительных полос и укрепление обочин	УКРЕПИТЕЛЬНЫЕ ПОЛОСЫ У КРАЕВ ДОРОЖНЫХ ПОКРЫТИЙ И УКРЕПЛЕНИЕ 	1000 м2	Укрепление обочин втапливанием щебня
27-08-001-15	27-08-001	Устройство укрепительных полос и укрепление обочин	УКРЕПИТЕЛЬНЫЕ ПОЛОСЫ У КРАЕВ ДОРОЖНЫХ ПОКРЫТИЙ И УКРЕПЛЕНИЕ 	1000 м2	Укрепление внешней стороны обочин с засевом трав шириной 0,5 м
27-08-001-16	27-08-001	Устройство укрепительных полос и укрепление обочин	УКРЕПИТЕЛЬНЫЕ ПОЛОСЫ У КРАЕВ ДОРОЖНЫХ ПОКРЫТИЙ И УКРЕПЛЕНИЕ 	1000 м2	Укрепление обочин щебнем методом заклинки, толщина слоя 20 см
27-08-001-17	27-08-001	Устройство укрепительных полос и укрепление обочин	УКРЕПИТЕЛЬНЫЕ ПОЛОСЫ У КРАЕВ ДОРОЖНЫХ ПОКРЫТИЙ И УКРЕПЛЕНИЕ 	1000 м2	На каждый 1 см изменения толщины слоя добавлять или исключать к норме 27-08-001-16
27-08-001-21	27-08-001	Устройство укрепительных полос и укрепление обочин	УКРЕПИТЕЛЬНЫЕ ПОЛОСЫ У КРАЕВ ДОРОЖНЫХ ПОКРЫТИЙ И УКРЕПЛЕНИЕ 	1000 м3	Отсыпка растительного грунта на откос экскаватором с планировкой вручную, толщина слоя 15 см
27-08-001-22	27-08-001	Устройство укрепительных полос и укрепление обочин	УКРЕПИТЕЛЬНЫЕ ПОЛОСЫ У КРАЕВ ДОРОЖНЫХ ПОКРЫТИЙ И УКРЕПЛЕНИЕ 	1000 м2	Укрепление откосов посевом многолетних трав прицепной гидросеялкой
27-08-001-23	27-08-001	Устройство укрепительных полос и укрепление обочин	УКРЕПИТЕЛЬНЫЕ ПОЛОСЫ У КРАЕВ ДОРОЖНЫХ ПОКРЫТИЙ И УКРЕПЛЕНИЕ 	1000 м2	Укрепление откосов и дна канав посевом многолетних трав вручную с механизированной отсыпкой растительного грунта слоем 10 см
27-08-001-24	27-08-001	Устройство укрепительных полос и укрепление обочин	УКРЕПИТЕЛЬНЫЕ ПОЛОСЫ У КРАЕВ ДОРОЖНЫХ ПОКРЫТИЙ И УКРЕПЛЕНИЕ 	1000 м2	Добавлять или исключать к норме 27-08-001-16 для корректировки количества проходов по одному следу катка: массой 8 т
27-08-001-25	27-08-001	Устройство укрепительных полос и укрепление обочин	УКРЕПИТЕЛЬНЫЕ ПОЛОСЫ У КРАЕВ ДОРОЖНЫХ ПОКРЫТИЙ И УКРЕПЛЕНИЕ 	1000 м2	Добавлять или исключать к норме 27-08-001-16 для корректировки количества проходов по одному следу катка: массой 13 т
27-08-002-01	27-08-002	Устройство укрепительных полос из сборных железобетонных плит	УКРЕПИТЕЛЬНЫЕ ПОЛОСЫ У КРАЕВ ДОРОЖНЫХ ПОКРЫТИЙ И УКРЕПЛЕНИЕ 	100 м3	Устройство укрепительных полос из сборных железобетонных плит размером: 1х0,5(0,75)х0,06 м
27-08-002-02	27-08-002	Устройство укрепительных полос из сборных железобетонных плит	УКРЕПИТЕЛЬНЫЕ ПОЛОСЫ У КРАЕВ ДОРОЖНЫХ ПОКРЫТИЙ И УКРЕПЛЕНИЕ 	100 м3	Устройство укрепительных полос из сборных железобетонных плит размером: 3х0,5(0,75)х0,12 м
27-09-002-01	27-09-002	Установка барьерного дорожного металлического ограждения	ЗАЩИТНЫЕ ОГРАЖДЕНИЯ ДОРОГ	100 м	Устройство барьерных ограждений из стали на железобетонных стойках
27-09-002-02	27-09-002	Установка барьерного дорожного металлического ограждения	ЗАЩИТНЫЕ ОГРАЖДЕНИЯ ДОРОГ	100 м	Устройство барьерных ограждений из стали на металлических стойках, шаг стоек: 4 м
27-09-002-03	27-09-002	Установка барьерного дорожного металлического ограждения	ЗАЩИТНЫЕ ОГРАЖДЕНИЯ ДОРОГ	100 м	Устройство барьерных ограждений из стали на металлических стойках, шаг стоек: 3 м
27-09-002-04	27-09-002	Установка барьерного дорожного металлического ограждения	ЗАЩИТНЫЕ ОГРАЖДЕНИЯ ДОРОГ	100 м	Устройство барьерных ограждений из стали на металлических стойках, шаг стоек: 2 м
27-09-002-05	27-09-002	Установка барьерного дорожного металлического ограждения	ЗАЩИТНЫЕ ОГРАЖДЕНИЯ ДОРОГ	100 м	Устройство барьерных ограждений из стали на металлических стойках, шаг стоек: 1 м
27-09-002-06	27-09-002	Установка барьерного дорожного металлического ограждения	ЗАЩИТНЫЕ ОГРАЖДЕНИЯ ДОРОГ	100 м	Устройство металлических барьерных ограждений типа 21 ДО высотой 0,75 м механизированным способом, шаг стоек: 1 м
27-09-002-07	27-09-002	Установка барьерного дорожного металлического ограждения	ЗАЩИТНЫЕ ОГРАЖДЕНИЯ ДОРОГ	100 м	Устройство металлических барьерных ограждений типа 21 ДО высотой 0,75 м механизированным способом, шаг стоек: 2 м
27-09-002-08	27-09-002	Установка барьерного дорожного металлического ограждения	ЗАЩИТНЫЕ ОГРАЖДЕНИЯ ДОРОГ	100 м	Устройство металлических барьерных ограждений типа 21 ДО высотой 0,75 м механизированным способом, шаг стоек: 4 м
27-09-002-09	27-09-002	Установка барьерного дорожного металлического ограждения	ЗАЩИТНЫЕ ОГРАЖДЕНИЯ ДОРОГ	100 м	Устройство металлических барьерных ограждений типа 11 ДД высотой 0,75 м механизированным способом, шаг стоек 2 м
27-09-002-10	27-09-002	Установка барьерного дорожного металлического ограждения	ЗАЩИТНЫЕ ОГРАЖДЕНИЯ ДОРОГ	100 м	Устройство металлических барьерных ограждений типа 11 ДО высотой 1,1 м механизированным способом, шаг стоек: 1 м
27-09-002-11	27-09-002	Установка барьерного дорожного металлического ограждения	ЗАЩИТНЫЕ ОГРАЖДЕНИЯ ДОРОГ	100 м	Устройство металлических барьерных ограждений типа 11 ДО высотой 1,1 м механизированным способом, шаг стоек: 2 м
27-09-002-12	27-09-002	Установка барьерного дорожного металлического ограждения	ЗАЩИТНЫЕ ОГРАЖДЕНИЯ ДОРОГ	100 м	Устройство металлических барьерных ограждений типа 11 ДД высотой 1,1 м механизированным способом, шаг стоек: 1 м
27-09-002-13	27-09-002	Установка барьерного дорожного металлического ограждения	ЗАЩИТНЫЕ ОГРАЖДЕНИЯ ДОРОГ	100 м	Устройство металлических барьерных ограждений типа 11 ДД высотой 1,1 м механизированным способом, шаг стоек: 2 м
27-09-002-14	27-09-002	Установка барьерного дорожного металлического ограждения	ЗАЩИТНЫЕ ОГРАЖДЕНИЯ ДОРОГ	100 м	Устройство металлических барьерных ограждений типа 11 ДД двустороннего исполнения, дорожной группы высотой 0,5 м шаг стоек 1,5 м
27-09-002-15	27-09-002	Установка барьерного дорожного металлического ограждения	ЗАЩИТНЫЕ ОГРАЖДЕНИЯ ДОРОГ	100 м	Устройство металлических барьерных ограждений типа 11 МД, 11 МЦД двустороннего исполнения, высотой 0,5 м шаг стоек: 1,5 м, мостовой группы
27-09-002-16	27-09-002	Установка барьерного дорожного металлического ограждения	ЗАЩИТНЫЕ ОГРАЖДЕНИЯ ДОРОГ	100 м	Устройство металлических барьерных ограждений типа 11 МД, 11 МЦД двустороннего исполнения, высотой 0,5 м шаг стоек: 2,0 м, мостовой группы
27-09-002-17	27-09-002	Установка барьерного дорожного металлического ограждения	ЗАЩИТНЫЕ ОГРАЖДЕНИЯ ДОРОГ	100 м	Устройство металлических барьерных ограждений типа 11 ДО одностороннего исполнения, высотой 0,5 м шаг стоек 1,5 м, дорожной группы
27-09-002-18	27-09-002	Установка барьерного дорожного металлического ограждения	ЗАЩИТНЫЕ ОГРАЖДЕНИЯ ДОРОГ	100 м	Устройство металлических барьерных ограждений типа 11 МО одностороннего исполнения, высотой 0,5 м шаг стоек 2,0 м, мостовой группы
27-09-002-30	27-09-002	Установка барьерного дорожного металлического ограждения	ЗАЩИТНЫЕ ОГРАЖДЕНИЯ ДОРОГ	100 м	Устройство дорожных пешеходных ограждений из оцинкованных трубчатых профилей высотой 1 м, шаг стоек 2 м
27-09-007-01	27-09-007	Устройство удерживающих металлических барьерных ограждений	ЗАЩИТНЫЕ ОГРАЖДЕНИЯ ДОРОГ	т металлоконструкций	Устройство удерживающих металлических барьерных ограждений: дорожной группы
27-09-007-02	27-09-007	Устройство удерживающих металлических барьерных ограждений	ЗАЩИТНЫЕ ОГРАЖДЕНИЯ ДОРОГ	т металлоконструкций	Устройство удерживающих металлических барьерных ограждений: мостовой группы
27-09-008-01	27-09-008	Установка дорожных знаков бесфундаментных	ДОРОЖНЫЕ ЗНАКИ	100 шт	Установка дорожных знаков бесфундаментных: на металлических стойках
27-09-008-02	27-09-008	Установка дорожных знаков бесфундаментных	ДОРОЖНЫЕ ЗНАКИ	100 шт	Установка дорожных знаков бесфундаментных: на деревянных брусьях
27-09-008-03	27-09-008	Установка дорожных знаков бесфундаментных	ДОРОЖНЫЕ ЗНАКИ	100 шт	Установка дорожных знаков бесфундаментных: на деревянных кругляках
27-09-008-04	27-09-008	Установка дорожных знаков бесфундаментных	ДОРОЖНЫЕ ЗНАКИ	100 шт	Установка дорожных знаков бесфундаментных: на металлических стойках на готовое основание
27-09-009-01	27-09-009	Установка дорожных знаков на сборных железобетонных фундаментах и металлических стойках	ДОРОЖНЫЕ ЗНАКИ	т стоек	Установка дорожных знаков на сборных железобетонных фундаментах и металлических стойках массой: до 25 кг
27-09-009-02	27-09-009	Установка дорожных знаков на сборных железобетонных фундаментах и металлических стойках	ДОРОЖНЫЕ ЗНАКИ	т стоек	Установка дорожных знаков на сборных железобетонных фундаментах и металлических стойках массой: свыше 25 до 50 кг
27-09-009-03	27-09-009	Установка дорожных знаков на сборных железобетонных фундаментах и металлических стойках	ДОРОЖНЫЕ ЗНАКИ	т стоек	Установка дорожных знаков на сборных железобетонных фундаментах и металлических стойках массой: свыше 50 до 100 кг
27-09-009-04	27-09-009	Установка дорожных знаков на сборных железобетонных фундаментах и металлических стойках	ДОРОЖНЫЕ ЗНАКИ	т стоек	Установка дорожных знаков на сборных железобетонных фундаментах и металлических стойках массой: свыше 100 кг
27-09-010-01	27-09-010	Установка дорожных знаков на сборных железобетонных фундаментах и сборных железобетонных и хризотилц	ДОРОЖНЫЕ ЗНАКИ	м3 стоек	Установка одностоечных дорожных знаков на сборном железобетонном фундаменте и железобетонных стойках объемом: до 0,05 м3
27-09-010-02	27-09-010	Установка дорожных знаков на сборных железобетонных фундаментах и сборных железобетонных и хризотилц	ДОРОЖНЫЕ ЗНАКИ	м3 стоек	Установка одностоечных дорожных знаков на сборном железобетонном фундаменте и железобетонных стойках объемом: свыше 0,05 до 0,1 м3
27-09-010-03	27-09-010	Установка дорожных знаков на сборных железобетонных фундаментах и сборных железобетонных и хризотилц	ДОРОЖНЫЕ ЗНАКИ	м3 стоек	Установка одностоечных дорожных знаков на сборном железобетонном фундаменте и железобетонных стойках объемом: свыше 0,1 м3
27-09-010-04	27-09-010	Установка дорожных знаков на сборных железобетонных фундаментах и сборных железобетонных и хризотилц	ДОРОЖНЫЕ ЗНАКИ	100 м стоек	Установка одностоечных дорожных знаков на сборном железобетонном фундаменте и хризотилцементных стойках
27-09-011-01	27-09-011	Установка дорожных знаков на металлических рамных конструкциях	ДОРОЖНЫЕ ЗНАКИ	т	Установка дорожных знаков на металлических рамных конструкциях: П-образных
27-09-011-02	27-09-011	Установка дорожных знаков на металлических рамных конструкциях	ДОРОЖНЫЕ ЗНАКИ	т	Установка дорожных знаков на металлических рамных конструкциях: Т-образных
27-09-011-03	27-09-011	Установка дорожных знаков на металлических рамных конструкциях	ДОРОЖНЫЕ ЗНАКИ	т	Установка дорожных знаков на металлических рамных конструкциях: Г-образных
27-09-011-04	27-09-011	Установка дорожных знаков на металлических рамных конструкциях	ДОРОЖНЫЕ ЗНАКИ	т	Установка металлических рамных опор для информационных щитов
27-09-012-01	27-09-012	Установка дополнительных щитков	ДОРОЖНЫЕ ЗНАКИ	100 шт	При установке дополнительных щитков добавлять к нормам таблиц с 27-09-008 по 27-09-011
27-09-013-01	27-09-013	Установка делиниаторов	ДОРОЖНЫЕ ЗНАКИ	м	Установка делиниаторов: на двух креплениях
27-09-013-02	27-09-013	Установка делиниаторов	ДОРОЖНЫЕ ЗНАКИ	м	Установка делиниаторов: на четырех креплениях
27-09-013-03	27-09-013	Установка делиниаторов	ДОРОЖНЫЕ ЗНАКИ	м	Установка делиниаторов: на битумном клее
27-09-014-01	27-09-014	Установка дорожных знаков со световозвращающей поверхностью на растяжке	ДОРОЖНЫЕ ЗНАКИ	100 шт	Установка дорожных знаков со световозвращающей поверхностью на растяжке: на 2-х креплениях
27-09-014-02	27-09-014	Установка дорожных знаков со световозвращающей поверхностью на растяжке	ДОРОЖНЫЕ ЗНАКИ	100 шт	Установка дорожных знаков со световозвращающей поверхностью на растяжке: на 3-х креплениях
27-09-015-01	27-09-015	Демонтаж дорожных знаков	ДОРОЖНЫЕ ЗНАКИ	100 шт	Демонтаж дорожных знаков
27-09-016-01	27-09-016	Разметка проезжей части краской	РАЗМЕТКА	км	Разметка проезжей части краской сплошной линией шириной: 0,1 м
27-09-016-02	27-09-016	Разметка проезжей части краской	РАЗМЕТКА	км	Разметка проезжей части краской сплошной линией шириной: 0,2 м
27-09-016-03	27-09-016	Разметка проезжей части краской	РАЗМЕТКА	км	Разметка проезжей части краской сплошной линией шириной: 0,4 м
27-09-016-04	27-09-016	Разметка проезжей части краской	РАЗМЕТКА	км	Разметка проезжей части краской прерывистой линией шириной 0,1 м при соотношении штриха и промежутка: 1:1
27-09-016-05	27-09-016	Разметка проезжей части краской	РАЗМЕТКА	км	Разметка проезжей части краской прерывистой линией шириной 0,1 м при соотношении штриха и промежутка: 1:3
27-09-016-06	27-09-016	Разметка проезжей части краской	РАЗМЕТКА	км	Разметка проезжей части краской прерывистой линией шириной 0,1 м при соотношении штриха и промежутка: 3:1
27-09-016-07	27-09-016	Разметка проезжей части краской	РАЗМЕТКА	10 м2	Разметка проезжей части краской линий регулирования дорожного движения сложной конфигурации по трафаретам с использованием маркировочных машин ручных
27-09-016-08	27-09-016	Разметка проезжей части краской	РАЗМЕТКА	10 м2	Посыпка световозвращающим стеклонаполнителем одновременно с нанесением линий разметки из лакокрасочных материалов, добавлять к нормам с 27-09-016-01 по 27-09-016-07
27-09-017-01	27-09-017	Разметка проезжей части термопластиком	РАЗМЕТКА	100 м2	Нанесение линии горизонтальной дорожной разметки термопластиком маркировочной машиной, шириной: 0,1 м, сплошной
27-09-017-02	27-09-017	Разметка проезжей части термопластиком	РАЗМЕТКА	100 м2	Нанесение линии горизонтальной дорожной разметки термопластиком маркировочной машиной, шириной: 0,1 м, прерывистой, шаг 1:1
27-09-017-03	27-09-017	Разметка проезжей части термопластиком	РАЗМЕТКА	100 м2	Нанесение линии горизонтальной дорожной разметки термопластиком маркировочной машиной, шириной: 0,1 м, прерывистой, шаг 1:3
27-09-017-04	27-09-017	Разметка проезжей части термопластиком	РАЗМЕТКА	100 м2	Нанесение линии горизонтальной дорожной разметки термопластиком маркировочной машиной, шириной: 0,1 м, прерывистой, шаг 3:1
27-09-017-05	27-09-017	Разметка проезжей части термопластиком	РАЗМЕТКА	100 м2	Нанесение линии горизонтальной дорожной разметки термопластиком маркировочной машиной, шириной: 0,15 м, сплошной
27-09-017-06	27-09-017	Разметка проезжей части термопластиком	РАЗМЕТКА	100 м2	Нанесение линии горизонтальной дорожной разметки термопластиком маркировочной машиной, шириной: 0,15 м, прерывистой, шаг 1:1
27-09-017-07	27-09-017	Разметка проезжей части термопластиком	РАЗМЕТКА	100 м2	Нанесение линии горизонтальной дорожной разметки термопластиком маркировочной машиной, шириной: 0,15 м, прерывистой, шаг 1:3
27-09-017-08	27-09-017	Разметка проезжей части термопластиком	РАЗМЕТКА	100 м2	Нанесение линии горизонтальной дорожной разметки термопластиком маркировочной машиной, шириной: 0,15 м, прерывистой, шаг 3:1
27-09-017-09	27-09-017	Разметка проезжей части термопластиком	РАЗМЕТКА	100 м2	Нанесение линии горизонтальной дорожной разметки термопластиком маркировочной машиной, шириной: 0,2 м, сплошной
27-09-017-10	27-09-017	Разметка проезжей части термопластиком	РАЗМЕТКА	100 м2	Нанесение линии горизонтальной дорожной разметки термопластиком маркировочной машиной, шириной: 0,2 м, прерывистой, шаг 1:1
27-09-017-11	27-09-017	Разметка проезжей части термопластиком	РАЗМЕТКА	100 м2	Нанесение линии горизонтальной дорожной разметки термопластиком маркировочной машиной, шириной: 0,2 м, прерывистой, шаг 1:3
27-09-017-12	27-09-017	Разметка проезжей части термопластиком	РАЗМЕТКА	100 м2	Нанесение линии горизонтальной дорожной разметки термопластиком маркировочной машиной, шириной: 0,2 м, прерывистой, шаг 3:1
27-09-017-13	27-09-017	Разметка проезжей части термопластиком	РАЗМЕТКА	10 м2	Разметка мест парковки автомобилей термопластиком
27-09-017-14	27-09-017	Разметка проезжей части термопластиком	РАЗМЕТКА	10 м2	Посыпка световозвращающим стеклонаполнителем одновременно с нанесением линий разметки из термопластика, добавлять к норме 27-09-017-13
27-09-017-15	27-09-017	Разметка проезжей части термопластиком	РАЗМЕТКА	100 м2	Нанесение линии горизонтальной дорожной разметки термопластиком маркировочной машиной, шириной 0,4 м, прерывистой, шаг 1:3
27-09-018-01	27-09-018	Нанесение линии горизонтальной дорожной разметки краской со световозвращающими элементами	РАЗМЕТКА	100 м2	Нанесение линии горизонтальной дорожной разметки краской со световозвращающими элементами на дорожное покрытие (асфальт, поверхностная обработка)
27-09-018-02	27-09-018	Нанесение линии горизонтальной дорожной разметки краской со световозвращающими элементами	РАЗМЕТКА	100 м2	Нанесение линии горизонтальной дорожной разметки краской со световозвращающими элементами механизированным способом, шириной: 0,1 м, сплошной
27-09-018-03	27-09-018	Нанесение линии горизонтальной дорожной разметки краской со световозвращающими элементами	РАЗМЕТКА	100 м2	Нанесение линии горизонтальной дорожной разметки краской со световозвращающими элементами механизированным способом, шириной: 0,15 м, сплошной
27-09-018-04	27-09-018	Нанесение линии горизонтальной дорожной разметки краской со световозвращающими элементами	РАЗМЕТКА	100 м2	Нанесение линии горизонтальной дорожной разметки краской со световозвращающими элементами механизированным способом, шириной: 0,2 м, сплошной
27-09-018-05	27-09-018	Нанесение линии горизонтальной дорожной разметки краской со световозвращающими элементами	РАЗМЕТКА	100 м2	Нанесение линии горизонтальной дорожной разметки краской со световозвращающими элементами механизированным способом, шириной: 0,4 м, сплошной
27-09-018-06	27-09-018	Нанесение линии горизонтальной дорожной разметки краской со световозвращающими элементами	РАЗМЕТКА	100 м2	Нанесение линии горизонтальной дорожной разметки краской со световозвращающими элементами механизированным способом, шириной: 0,1 м, прерывистой, шаг 1:1
27-09-018-07	27-09-018	Нанесение линии горизонтальной дорожной разметки краской со световозвращающими элементами	РАЗМЕТКА	100 м2	Нанесение линии горизонтальной дорожной разметки краской со световозвращающими элементами механизированным способом, шириной: 0,15 м, прерывистой, шаг 1:1
27-09-018-08	27-09-018	Нанесение линии горизонтальной дорожной разметки краской со световозвращающими элементами	РАЗМЕТКА	100 м2	Нанесение линии горизонтальной дорожной разметки краской со световозвращающими элементами механизированным способом, шириной: 0,2 м, прерывистой, шаг 1:1
27-09-018-09	27-09-018	Нанесение линии горизонтальной дорожной разметки краской со световозвращающими элементами	РАЗМЕТКА	100 м2	Нанесение линии горизонтальной дорожной разметки краской со световозвращающими элементами механизированным способом, шириной: 0,1 м, прерывистой, шаг 1:3
27-09-018-10	27-09-018	Нанесение линии горизонтальной дорожной разметки краской со световозвращающими элементами	РАЗМЕТКА	100 м2	Нанесение линии горизонтальной дорожной разметки краской со световозвращающими элементами механизированным способом, шириной: 0,15 м, прерывистой, шаг 1:3
27-09-018-11	27-09-018	Нанесение линии горизонтальной дорожной разметки краской со световозвращающими элементами	РАЗМЕТКА	100 м2	Нанесение линии горизонтальной дорожной разметки краской со световозвращающими элементами механизированным способом, шириной: 0,2 м, прерывистой, шаг 1:3
27-09-018-12	27-09-018	Нанесение линии горизонтальной дорожной разметки краской со световозвращающими элементами	РАЗМЕТКА	100 м2	Нанесение линии горизонтальной дорожной разметки краской со световозвращающими элементами механизированным способом, шириной: 0,4 м, прерывистой, шаг 1:3
27-09-018-13	27-09-018	Нанесение линии горизонтальной дорожной разметки краской со световозвращающими элементами	РАЗМЕТКА	100 м2	Нанесение линии горизонтальной дорожной разметки краской со световозвращающими элементами механизированным способом, шириной: 0,1 м, прерывистой, шаг 3:1
27-09-018-14	27-09-018	Нанесение линии горизонтальной дорожной разметки краской со световозвращающими элементами	РАЗМЕТКА	100 м2	Нанесение линии горизонтальной дорожной разметки краской со световозвращающими элементами механизированным способом, шириной: 0,15 м, прерывистой, шаг 3:1
27-09-018-15	27-09-018	Нанесение линии горизонтальной дорожной разметки краской со световозвращающими элементами	РАЗМЕТКА	100 м2	Нанесение линии горизонтальной дорожной разметки краской со световозвращающими элементами механизированным способом, шириной: 0,2 м, прерывистой, шаг 3:1
27-09-018-16	27-09-018	Нанесение линии горизонтальной дорожной разметки краской со световозвращающими элементами	РАЗМЕТКА	100 м2	Нанесение горизонтальной дорожной разметки краской вручную: дублирующие знаки
27-09-018-17	27-09-018	Нанесение линии горизонтальной дорожной разметки краской со световозвращающими элементами	РАЗМЕТКА	100 м2	Нанесение горизонтальной дорожной разметки краской вручную: островки безопасности, пешеходные переходы, стоп-линии
27-09-018-18	27-09-018	Нанесение линии горизонтальной дорожной разметки краской со световозвращающими элементами	РАЗМЕТКА	100 м2	Нанесение горизонтальной дорожной разметки краской вручную: стрелы, буквы
27-09-019-01	27-09-019	Нанесение обозначений движения по полосам со световозвращающими элементами	РАЗМЕТКА	100 м2	Нанесение обозначений движения по полосам со световозвращающими элементами
27-09-020-01	27-09-020	Монтаж искусственной дорожной неровности (ИДН)	РАЗМЕТКА	м2	Монтаж искусственной дорожной неровности (ИДН)
27-09-021-01	27-09-021	Установка световозвращающих элементов типа КД-3 на автодорогах	РАЗМЕТКА	шт	Установка световозвращающих элементов типа КД-3 на автодорогах
27-09-022-01	27-09-022	Устройство цветного противоскользящего дорожного покрытия	РАЗМЕТКА	м2	Устройство цветного противоскользящего дорожного покрытия: на прямом участке дороги без удаления существующей разметки
27-09-022-02	27-09-022	Устройство цветного противоскользящего дорожного покрытия	РАЗМЕТКА	м2	Устройство цветного противоскользящего дорожного покрытия: на прямом участке дороги с удалением существующей разметки
27-09-022-03	27-09-022	Устройство цветного противоскользящего дорожного покрытия	РАЗМЕТКА	м2	Устройство цветного противоскользящего дорожного покрытия: на закругленном участке дороги без удаления существующей разметки
27-09-022-04	27-09-022	Устройство цветного противоскользящего дорожного покрытия	РАЗМЕТКА	м2	Устройство цветного противоскользящего дорожного покрытия: на закругленном участке дороги с удалением существующей разметки
27-09-031-01	27-09-031	Нанесение дорожной разметки холодным пластиком со световозвращающими элементами	РАЗМЕТКА	10 м2	Нанесение линии поперечной дорожной разметки холодным пластиком со световозвращающими элементами вручную с применением трафаретной самоклеящейся ленты
27-09-031-02	27-09-031	Нанесение дорожной разметки холодным пластиком со световозвращающими элементами	РАЗМЕТКА	10 м2	Нанесение дорожной разметки холодным пластиком со световозвращающими элементами вручную с применением трафаретной самоклеящейся ленты: дублирующие знаки
27-09-031-03	27-09-031	Нанесение дорожной разметки холодным пластиком со световозвращающими элементами	РАЗМЕТКА	10 м2	Нанесение дорожной разметки холодным пластиком со световозвращающими элементами вручную с применением трафаретной самоклеящейся ленты: островки безопасности, пешеходные переходы
27-09-031-04	27-09-031	Нанесение дорожной разметки холодным пластиком со световозвращающими элементами	РАЗМЕТКА	10 м2	Нанесение дорожной разметки холодным пластиком со световозвращающими элементами вручную с применением трафаретной самоклеящейся ленты: стрелы и буквы
27-09-031-05	27-09-031	Нанесение дорожной разметки холодным пластиком со световозвращающими элементами	РАЗМЕТКА	100 м2	Нанесение линии дорожной разметки механизированным способом холодным пластиком со световозвращающими элементами шириной: 0,1 м, сплошной
27-09-031-06	27-09-031	Нанесение дорожной разметки холодным пластиком со световозвращающими элементами	РАЗМЕТКА	100 м2	Нанесение линии дорожной разметки механизированным способом холодным пластиком со световозвращающими элементами шириной: 0,15 м, сплошной
27-09-031-07	27-09-031	Нанесение дорожной разметки холодным пластиком со световозвращающими элементами	РАЗМЕТКА	100 м2	Нанесение линии дорожной разметки механизированным способом холодным пластиком со световозвращающими элементами шириной: 0,2 м, сплошной
27-09-031-08	27-09-031	Нанесение дорожной разметки холодным пластиком со световозвращающими элементами	РАЗМЕТКА	100 м2	Нанесение линии дорожной разметки механизированным способом холодным пластиком со световозвращающими элементами шириной: 0,1 м, прерывистой, шаг 1:1
27-09-031-09	27-09-031	Нанесение дорожной разметки холодным пластиком со световозвращающими элементами	РАЗМЕТКА	100 м2	Нанесение линии дорожной разметки механизированным способом холодным пластиком со световозвращающими элементами шириной: 0,15 м, прерывистой, шаг 1:1
27-09-031-10	27-09-031	Нанесение дорожной разметки холодным пластиком со световозвращающими элементами	РАЗМЕТКА	100 м2	Нанесение линии дорожной разметки механизированным способом холодным пластиком со световозвращающими элементами шириной: 0,2 м, прерывистой, шаг 1:1
27-09-031-11	27-09-031	Нанесение дорожной разметки холодным пластиком со световозвращающими элементами	РАЗМЕТКА	100 м2	Нанесение линии дорожной разметки механизированным способом холодным пластиком со световозвращающими элементами шириной: 0,1 м, прерывистой, шаг 1:3
27-09-031-12	27-09-031	Нанесение дорожной разметки холодным пластиком со световозвращающими элементами	РАЗМЕТКА	100 м2	Нанесение линии дорожной разметки механизированным способом холодным пластиком со световозвращающими элементами шириной: 0,15 м, прерывистой, шаг 1:3
27-09-031-13	27-09-031	Нанесение дорожной разметки холодным пластиком со световозвращающими элементами	РАЗМЕТКА	100 м2	Нанесение линии дорожной разметки механизированным способом холодным пластиком со световозвращающими элементами шириной: 0,2 м, прерывистой, шаг 1:3
27-09-031-14	27-09-031	Нанесение дорожной разметки холодным пластиком со световозвращающими элементами	РАЗМЕТКА	100 м2	Нанесение линии дорожной разметки механизированным способом холодным пластиком со световозвращающими элементами шириной: 0,4 м, прерывистой, шаг 1:3
27-09-031-15	27-09-031	Нанесение дорожной разметки холодным пластиком со световозвращающими элементами	РАЗМЕТКА	100 м2	Нанесение линии дорожной разметки механизированным способом холодным пластиком со световозвращающими элементами шириной: 0,1 м, прерывистой, шаг 3:1
27-09-031-16	27-09-031	Нанесение дорожной разметки холодным пластиком со световозвращающими элементами	РАЗМЕТКА	100 м2	Нанесение линии дорожной разметки механизированным способом холодным пластиком со световозвращающими элементами шириной: 0,15 м, прерывистой, шаг 3:1
27-09-031-17	27-09-031	Нанесение дорожной разметки холодным пластиком со световозвращающими элементами	РАЗМЕТКА	100 м2	Нанесение линии дорожной разметки механизированным способом холодным пластиком со световозвращающими элементами шириной: 0,2 м, прерывистой, шаг 3:1
27-09-032-01	27-09-032	Устройство вертикальной разметки	РАЗМЕТКА	100 м2	Нанесение вертикальной разметки 2.5 на железобетонное барьерное ограждение или 2.7 на бетонный бордюр механизированным способом
27-09-032-02	27-09-032	Устройство вертикальной разметки	РАЗМЕТКА	100 м2	Нанесение вертикальной разметки 2.7 на бетонный бордюр вручную
27-09-032-03	27-09-032	Устройство вертикальной разметки	РАЗМЕТКА	100 м2	Нанесение вертикальной разметки 2.7 на эксплуатируемый бордюр с изношенной разметкой вручную
27-09-032-04	27-09-032	Устройство вертикальной разметки	РАЗМЕТКА	шт	Устройство вертикальной разметки из пластика на опорах контактной сети диаметром: 270 мм
27-09-032-05	27-09-032	Устройство вертикальной разметки	РАЗМЕТКА	шт	Устройство вертикальной разметки из пластика на опорах контактной сети диаметром: 325 мм
27-09-032-06	27-09-032	Устройство вертикальной разметки	РАЗМЕТКА	10 м2	Нанесение вертикальной разметки 2.3 на сооружения дорог (круглые тумбы на островках безопасности, сигнальные столбики, надолбы, опоры тросовых ограждений и т.п.)
27-09-032-07	27-09-032	Устройство вертикальной разметки	РАЗМЕТКА	10 м2	Нанесение вертикальной разметки 2.2 на нижний край пролетного строения путепроводов, мостов, тоннелей
27-09-033-01	27-09-033	Устройство шумовых полос на асфальтобетонном покрытии методом фрезерования	РАЗМЕТКА	км	Устройство шумовых полос на асфальтобетонном покрытии методом фрезерования
27-09-034-01	27-09-034	Нанесение горизонтальной дорожной разметки аппликатором полимерными лентами и штучными формами	РАЗМЕТКА	100 м	Нанесение горизонтальной дорожной разметки аппликатором на поверхность существующего покрытия вручную, полимерными лентами шириной: 10 см, линии обозначения мест остановки обществе
27-09-034-02	27-09-034	Нанесение горизонтальной дорожной разметки аппликатором полимерными лентами и штучными формами	РАЗМЕТКА	100 м	Нанесение горизонтальной дорожной разметки аппликатором на поверхность существующего покрытия вручную, полимерными лентами шириной: 10 см
27-09-034-03	27-09-034	Нанесение горизонтальной дорожной разметки аппликатором полимерными лентами и штучными формами	РАЗМЕТКА	100 м	Нанесение горизонтальной дорожной разметки аппликатором на поверхность существующего покрытия вручную, полимерными лентами шириной: 15 см
27-09-034-04	27-09-034	Нанесение горизонтальной дорожной разметки аппликатором полимерными лентами и штучными формами	РАЗМЕТКА	100 м	Нанесение горизонтальной дорожной разметки аппликатором на поверхность существующего покрытия вручную, полимерными лентами шириной: 20 см
27-09-034-05	27-09-034	Нанесение горизонтальной дорожной разметки аппликатором полимерными лентами и штучными формами	РАЗМЕТКА	100 м	Нанесение горизонтальной дорожной разметки аппликатором на поверхность существующего покрытия вручную, полимерными лентами шириной: 40 см
27-09-034-06	27-09-034	Нанесение горизонтальной дорожной разметки аппликатором полимерными лентами и штучными формами	РАЗМЕТКА	100 м	Нанесение горизонтальной дорожной разметки аппликатором на поверхность свежеуложенного асфальтобетонного покрытия вручную, полимерными лентами шириной: 10 см, линии обозначения мес
27-09-034-07	27-09-034	Нанесение горизонтальной дорожной разметки аппликатором полимерными лентами и штучными формами	РАЗМЕТКА	100 м	Нанесение горизонтальной дорожной разметки аппликатором на поверхность свежеуложенного асфальтобетонного покрытия вручную, полимерными лентами шириной: 10 см
27-09-034-08	27-09-034	Нанесение горизонтальной дорожной разметки аппликатором полимерными лентами и штучными формами	РАЗМЕТКА	100 м	Нанесение горизонтальной дорожной разметки аппликатором на поверхность свежеуложенного асфальтобетонного покрытия вручную, полимерными лентами шириной: 15 см
27-09-034-09	27-09-034	Нанесение горизонтальной дорожной разметки аппликатором полимерными лентами и штучными формами	РАЗМЕТКА	100 м	Нанесение горизонтальной дорожной разметки аппликатором на поверхность свежеуложенного асфальтобетонного покрытия вручную, полимерными лентами шириной: 20 см
27-09-034-10	27-09-034	Нанесение горизонтальной дорожной разметки аппликатором полимерными лентами и штучными формами	РАЗМЕТКА	100 м	Нанесение горизонтальной дорожной разметки аппликатором на поверхность свежеуложенного асфальтобетонного покрытия вручную, полимерными лентами шириной: 40 см
27-09-034-11	27-09-034	Нанесение горизонтальной дорожной разметки аппликатором полимерными лентами и штучными формами	РАЗМЕТКА	м2	Нанесение горизонтальной дорожной разметки аппликатором на поверхность существующего покрытия вручную, штучными формами
27-09-034-12	27-09-034	Нанесение горизонтальной дорожной разметки аппликатором полимерными лентами и штучными формами	РАЗМЕТКА	м2	Нанесение горизонтальной дорожной разметки аппликатором на поверхность свежеуложенного асфальтобетонного покрытия вручную, штучными формами
27-09-035-01	27-09-035	Нанесение линий дорожной разметки горячим спрей-пластиком по имеющейся разметке	РАЗМЕТКА	км	Нанесение линий дорожной разметки горячим спрей-пластиком по имеющейся разметке шириной 0,1 м: сплошной
27-09-035-02	27-09-035	Нанесение линий дорожной разметки горячим спрей-пластиком по имеющейся разметке	РАЗМЕТКА	км	Нанесение линий дорожной разметки горячим спрей-пластиком по имеющейся разметке шириной 0,1 м: пунктирной, шаг 1:1
27-09-035-03	27-09-035	Нанесение линий дорожной разметки горячим спрей-пластиком по имеющейся разметке	РАЗМЕТКА	км	Нанесение линий дорожной разметки горячим спрей-пластиком по имеющейся разметке шириной 0,1 м: пунктирной, шаг 1:3
27-09-035-04	27-09-035	Нанесение линий дорожной разметки горячим спрей-пластиком по имеющейся разметке	РАЗМЕТКА	км	Нанесение линий дорожной разметки горячим спрей-пластиком по имеющейся разметке шириной 0,1 м: пунктирной, шаг 3:1
27-09-035-05	27-09-035	Нанесение линий дорожной разметки горячим спрей-пластиком по имеющейся разметке	РАЗМЕТКА	км	Нанесение линий дорожной разметки горячим спрей-пластиком по имеющейся разметке шириной 0,15 м: сплошной
27-09-035-06	27-09-035	Нанесение линий дорожной разметки горячим спрей-пластиком по имеющейся разметке	РАЗМЕТКА	км	Нанесение линий дорожной разметки горячим спрей-пластиком по имеющейся разметке шириной 0,15 м: пунктирной, шаг 1:1
27-09-035-07	27-09-035	Нанесение линий дорожной разметки горячим спрей-пластиком по имеющейся разметке	РАЗМЕТКА	км	Нанесение линий дорожной разметки горячим спрей-пластиком по имеющейся разметке шириной 0,15 м: пунктирной, шаг 1:3
27-09-035-08	27-09-035	Нанесение линий дорожной разметки горячим спрей-пластиком по имеющейся разметке	РАЗМЕТКА	км	Нанесение линий дорожной разметки горячим спрей-пластиком по имеющейся разметке шириной 0,15 м: пунктирной, шаг 3:1
27-09-035-09	27-09-035	Нанесение линий дорожной разметки горячим спрей-пластиком по имеющейся разметке	РАЗМЕТКА	км	Нанесение линий дорожной разметки горячим спрей-пластиком по имеющейся разметке шириной 0,20 м: сплошной
27-09-035-10	27-09-035	Нанесение линий дорожной разметки горячим спрей-пластиком по имеющейся разметке	РАЗМЕТКА	км	Нанесение линий дорожной разметки горячим спрей-пластиком по имеющейся разметке шириной 0,20 м: пунктирной, шаг 1:1
27-09-035-11	27-09-035	Нанесение линий дорожной разметки горячим спрей-пластиком по имеющейся разметке	РАЗМЕТКА	км	Нанесение линий дорожной разметки горячим спрей-пластиком по имеющейся разметке шириной 0,20 м: пунктирной, шаг 1:3
27-09-035-12	27-09-035	Нанесение линий дорожной разметки горячим спрей-пластиком по имеющейся разметке	РАЗМЕТКА	км	Нанесение линий дорожной разметки горячим спрей-пластиком по имеющейся разметке шириной 0,20 м: пунктирной, шаг 3:1
27-09-035-13	27-09-035	Нанесение линий дорожной разметки горячим спрей-пластиком по имеющейся разметке	РАЗМЕТКА	км	Нанесение линий дорожной разметки горячим спрей-пластиком по имеющейся разметке шириной 0,40 м: сплошной
27-09-035-14	27-09-035	Нанесение линий дорожной разметки горячим спрей-пластиком по имеющейся разметке	РАЗМЕТКА	км	Нанесение линий дорожной разметки горячим спрей-пластиком по имеющейся разметке шириной 0,40 м: пунктирной, шаг 1:3
27-09-036-01	27-09-036	Нанесение предварительной дорожной разметки	РАЗМЕТКА	10 км	Нанесение предварительной дорожной разметки: вручную
27-09-036-02	27-09-036	Нанесение предварительной дорожной разметки	РАЗМЕТКА	10 км	Нанесение предварительной дорожной разметки: механизированным способом
34-01-011-01	34-01-011	Устройство акустических дверей глухих	АКУСТИЧЕСКАЯ ОБРАБОТКА ПОМЕЩЕНИЙ	м2	Устройство акустических дверей глухих площадью проема: до 3 м2
34-01-011-02	34-01-011	Устройство акустических дверей глухих	АКУСТИЧЕСКАЯ ОБРАБОТКА ПОМЕЩЕНИЙ	м2	Устройство акустических дверей глухих площадью проема: до 3,5 м2
34-01-012-01	34-01-012	Устройство окон деревянных трехстекольных акустических	АКУСТИЧЕСКАЯ ОБРАБОТКА ПОМЕЩЕНИЙ	м2	Устройство окон деревянных трехстекольных акустических площадью проема: до 1,1 м2 при толщине стен до 0,51 м
34-01-012-02	34-01-012	Устройство окон деревянных трехстекольных акустических	АКУСТИЧЕСКАЯ ОБРАБОТКА ПОМЕЩЕНИЙ	м2	Устройство окон деревянных трехстекольных акустических площадью проема: до 1,1 м2 при толщине стен свыше 0,51 до 0,9 м
34-01-012-03	34-01-012	Устройство окон деревянных трехстекольных акустических	АКУСТИЧЕСКАЯ ОБРАБОТКА ПОМЕЩЕНИЙ	м2	Устройство окон деревянных трехстекольных акустических площадью проема: до 1,1 м2 при толщине стен свыше 0,9 до 1,2 м
34-01-012-04	34-01-012	Устройство окон деревянных трехстекольных акустических	АКУСТИЧЕСКАЯ ОБРАБОТКА ПОМЕЩЕНИЙ	м2	Устройство окон деревянных трехстекольных акустических площадью проема: свыше 1,1 до 1,3 м2 при толщине стен до 0,51 м
34-01-012-05	34-01-012	Устройство окон деревянных трехстекольных акустических	АКУСТИЧЕСКАЯ ОБРАБОТКА ПОМЕЩЕНИЙ	м2	Устройство окон деревянных трехстекольных акустических площадью проема: свыше 1,1 до 1,3 м2 при толщине стен свыше 0,51 до 0,9 м
34-01-012-06	34-01-012	Устройство окон деревянных трехстекольных акустических	АКУСТИЧЕСКАЯ ОБРАБОТКА ПОМЕЩЕНИЙ	м2	Устройство окон деревянных трехстекольных акустических площадью проема: свыше 1,1 до 1,3 м2 при толщине стен свыше 0,9 до 1,2 м
34-01-012-07	34-01-012	Устройство окон деревянных трехстекольных акустических	АКУСТИЧЕСКАЯ ОБРАБОТКА ПОМЕЩЕНИЙ	м2	Устройство окон деревянных трехстекольных акустических площадью проема: свыше 1,3 до 3 м2 при толщине стен до 0,51 м
34-01-012-08	34-01-012	Устройство окон деревянных трехстекольных акустических	АКУСТИЧЕСКАЯ ОБРАБОТКА ПОМЕЩЕНИЙ	м2	Устройство окон деревянных трехстекольных акустических площадью проема: свыше 1,3 до 3 м2 при толщине стен свыше 0,51 до 0,9 м
34-01-012-09	34-01-012	Устройство окон деревянных трехстекольных акустических	АКУСТИЧЕСКАЯ ОБРАБОТКА ПОМЕЩЕНИЙ	м2	Устройство окон деревянных трехстекольных акустических площадью проема: свыше 1,1 до 3 м2 при толщине стен свыше 0,9 до 1,2 м
34-01-013-01	34-01-013	Устройство каркасов акустических конструкций	АКУСТИЧЕСКАЯ ОБРАБОТКА ПОМЕЩЕНИЙ	100 м2	Устройство каркасов акустических конструкций стен металлических с деревянными брусками
34-01-013-02	34-01-013	Устройство каркасов акустических конструкций	АКУСТИЧЕСКАЯ ОБРАБОТКА ПОМЕЩЕНИЙ	100 м2	Устройство каркасов акустических конструкций стен из деревянных брусков при относе от стен: на 5 см
34-01-013-03	34-01-013	Устройство каркасов акустических конструкций	АКУСТИЧЕСКАЯ ОБРАБОТКА ПОМЕЩЕНИЙ	100 м2	Устройство каркасов акустических конструкций стен из деревянных брусков при относе от стен: на 10 см
34-01-013-04	34-01-013	Устройство каркасов акустических конструкций	АКУСТИЧЕСКАЯ ОБРАБОТКА ПОМЕЩЕНИЙ	100 м2	Устройство каркасов акустических конструкций стен из деревянных брусков при относе от стен: на 15 см
34-01-013-05	34-01-013	Устройство каркасов акустических конструкций	АКУСТИЧЕСКАЯ ОБРАБОТКА ПОМЕЩЕНИЙ	100 м2	Устройство каркасов акустических конструкций стен из деревянных брусков при относе от стен: на 20 см
34-01-013-06	34-01-013	Устройство каркасов акустических конструкций	АКУСТИЧЕСКАЯ ОБРАБОТКА ПОМЕЩЕНИЙ	100 м2	Устройство каркасов акустических конструкций потолков: металлических с деревянными брусками
34-01-013-07	34-01-013	Устройство каркасов акустических конструкций	АКУСТИЧЕСКАЯ ОБРАБОТКА ПОМЕЩЕНИЙ	100 м2	Устройство каркасов акустических конструкций потолков: металлических
34-01-013-08	34-01-013	Устройство каркасов акустических конструкций	АКУСТИЧЕСКАЯ ОБРАБОТКА ПОМЕЩЕНИЙ	100 м2	Устройство каркасов акустических конструкций потолков из деревянных брусков при относе от потолков: на 5 см
34-01-013-09	34-01-013	Устройство каркасов акустических конструкций	АКУСТИЧЕСКАЯ ОБРАБОТКА ПОМЕЩЕНИЙ	100 м2	Устройство каркасов акустических конструкций потолков из деревянных брусков при относе от потолков: на 10 см
34-01-013-10	34-01-013	Устройство каркасов акустических конструкций	АКУСТИЧЕСКАЯ ОБРАБОТКА ПОМЕЩЕНИЙ	100 м2	Устройство каркасов акустических конструкций потолков из деревянных брусков при относе от потолков: на 15 см
34-01-013-11	34-01-013	Устройство каркасов акустических конструкций	АКУСТИЧЕСКАЯ ОБРАБОТКА ПОМЕЩЕНИЙ	100 м2	Устройство каркасов акустических конструкций потолков из деревянных брусков при относе от потолков: на 20 см
34-01-014-01	34-01-014	Заполнение каркасов минераловатными плитами	АКУСТИЧЕСКАЯ ОБРАБОТКА ПОМЕЩЕНИЙ	100 м2	Заполнение каркасов минераловатными плитами стен при толщине заполнения: 50 мм
34-01-014-02	34-01-014	Заполнение каркасов минераловатными плитами	АКУСТИЧЕСКАЯ ОБРАБОТКА ПОМЕЩЕНИЙ	100 м2	Заполнение каркасов минераловатными плитами стен при толщине заполнения: 100 мм
34-01-014-03	34-01-014	Заполнение каркасов минераловатными плитами	АКУСТИЧЕСКАЯ ОБРАБОТКА ПОМЕЩЕНИЙ	100 м2	Заполнение каркасов минераловатными плитами потолков при толщине заполнения: 50 мм
34-01-014-04	34-01-014	Заполнение каркасов минераловатными плитами	АКУСТИЧЕСКАЯ ОБРАБОТКА ПОМЕЩЕНИЙ	100 м2	Заполнение каркасов минераловатными плитами потолков при толщине заполнения: 100 мм
34-01-015-01	34-01-015	Оклейка стеклотканью	АКУСТИЧЕСКАЯ ОБРАБОТКА ПОМЕЩЕНИЙ	100 м2	Оклейка стеклотканью каркасов на каждый слой: стен
34-01-015-02	34-01-015	Оклейка стеклотканью	АКУСТИЧЕСКАЯ ОБРАБОТКА ПОМЕЩЕНИЙ	100 м2	Оклейка стеклотканью каркасов на каждый слой: потолков
34-01-015-03	34-01-015	Оклейка стеклотканью	АКУСТИЧЕСКАЯ ОБРАБОТКА ПОМЕЩЕНИЙ	100 м2	Оклейка стеклотканью минераловатных плит в виде оболочки при толщине заполнителя: 50 мм
34-01-015-04	34-01-015	Оклейка стеклотканью	АКУСТИЧЕСКАЯ ОБРАБОТКА ПОМЕЩЕНИЙ	100 м2	Оклейка стеклотканью минераловатных плит в виде оболочки при толщине заполнителя: 100 мм
34-01-015-05	34-01-015	Оклейка стеклотканью	АКУСТИЧЕСКАЯ ОБРАБОТКА ПОМЕЩЕНИЙ	100 м2	Оклейка стеклотканью матов из ваты супертонкого стекловолокна в виде оболочки при толщине заполнителя: 50 мм
34-01-015-06	34-01-015	Оклейка стеклотканью	АКУСТИЧЕСКАЯ ОБРАБОТКА ПОМЕЩЕНИЙ	100 м2	Оклейка стеклотканью матов из ваты супертонкого стекловолокна в виде оболочки при толщине заполнителя: 80 мм
34-01-015-07	34-01-015	Оклейка стеклотканью	АКУСТИЧЕСКАЯ ОБРАБОТКА ПОМЕЩЕНИЙ	100 м2	Оклейка стеклотканью матов из ваты супертонкого стекловолокна в виде оболочки при толщине заполнителя: 100 мм
34-01-016-01	34-01-016	Окраска поверхностей	АКУСТИЧЕСКАЯ ОБРАБОТКА ПОМЕЩЕНИЙ	100 м2	Окраска поверхностей стен: масляной краской
34-01-016-02	34-01-016	Окраска поверхностей	АКУСТИЧЕСКАЯ ОБРАБОТКА ПОМЕЩЕНИЙ	100 м2	Окраска поверхностей стен: водоэмульсионной краской
34-01-016-03	34-01-016	Окраска поверхностей	АКУСТИЧЕСКАЯ ОБРАБОТКА ПОМЕЩЕНИЙ	100 м2	Окраска поверхностей стен: лаком
34-01-016-04	34-01-016	Окраска поверхностей	АКУСТИЧЕСКАЯ ОБРАБОТКА ПОМЕЩЕНИЙ	100 м2	Окраска поверхностей потолков: масляной краской
34-01-016-05	34-01-016	Окраска поверхностей	АКУСТИЧЕСКАЯ ОБРАБОТКА ПОМЕЩЕНИЙ	100 м2	Окраска поверхностей потолков: водоэмульсионной краской
34-01-016-06	34-01-016	Окраска поверхностей	АКУСТИЧЕСКАЯ ОБРАБОТКА ПОМЕЩЕНИЙ	100 м2	Окраска поверхностей потолков: лаком
34-01-017-01	34-01-017	Облицовка каркасов	АКУСТИЧЕСКАЯ ОБРАБОТКА ПОМЕЩЕНИЙ	100 м2	Облицовка каркасов стен неперфорированными плитами: дюралюминием толщиной 1 мм
34-01-017-02	34-01-017	Облицовка каркасов	АКУСТИЧЕСКАЯ ОБРАБОТКА ПОМЕЩЕНИЙ	100 м2	Облицовка каркасов стен неперфорированными плитами: фанерой марки "ДФ-2" толщиной 4 мм
34-01-017-03	34-01-017	Облицовка каркасов	АКУСТИЧЕСКАЯ ОБРАБОТКА ПОМЕЩЕНИЙ	100 м2	Облицовка каркасов стен неперфорированными плитами: бумажно-слоистым декоративным пластиком толщиной 2 мм
34-01-017-04	34-01-017	Облицовка каркасов	АКУСТИЧЕСКАЯ ОБРАБОТКА ПОМЕЩЕНИЙ	100 м2	Облицовка каркасов стен неперфорированными плитами: древесностружечными с декоративной отделкой толщиной 19 мм
34-01-017-05	34-01-017	Облицовка каркасов	АКУСТИЧЕСКАЯ ОБРАБОТКА ПОМЕЩЕНИЙ	100 м2	Облицовка каркасов стен неперфорированными плитами: акустическими
34-01-017-06	34-01-017	Облицовка каркасов	АКУСТИЧЕСКАЯ ОБРАБОТКА ПОМЕЩЕНИЙ	100 м2	Облицовка каркасов стен перфорированными плитами: дюралюминием толщиной 1 мм
34-01-017-07	34-01-017	Облицовка каркасов	АКУСТИЧЕСКАЯ ОБРАБОТКА ПОМЕЩЕНИЙ	100 м2	Облицовка каркасов стен перфорированными плитами: фанерой марки "ДФ-2" толщиной 4 мм
34-01-017-08	34-01-017	Облицовка каркасов	АКУСТИЧЕСКАЯ ОБРАБОТКА ПОМЕЩЕНИЙ	100 м2	Облицовка каркасов стен перфорированными плитами: бумажно-слоистым декоративным пластиком толщиной 2 мм
34-01-017-09	34-01-017	Облицовка каркасов	АКУСТИЧЕСКАЯ ОБРАБОТКА ПОМЕЩЕНИЙ	100 м2	Облицовка каркасов стен перфорированными плитами: древесностружечными с декоративной отделкой толщиной 19 мм
34-01-017-10	34-01-017	Облицовка каркасов	АКУСТИЧЕСКАЯ ОБРАБОТКА ПОМЕЩЕНИЙ	100 м2	Облицовка каркасов стен перфорированными плитами: акустическими
34-01-017-11	34-01-017	Облицовка каркасов	АКУСТИЧЕСКАЯ ОБРАБОТКА ПОМЕЩЕНИЙ	100 м2	Облицовка каркасов потолков неперфорированными плитами: дюралюминием толщиной 1 мм
34-01-017-12	34-01-017	Облицовка каркасов	АКУСТИЧЕСКАЯ ОБРАБОТКА ПОМЕЩЕНИЙ	100 м2	Облицовка каркасов потолков неперфорированными плитами: фанерой марки "ДФ-2" толщиной 4 мм
34-01-017-13	34-01-017	Облицовка каркасов	АКУСТИЧЕСКАЯ ОБРАБОТКА ПОМЕЩЕНИЙ	100 м2	Облицовка каркасов потолков неперфорированными плитами: бумажно-слоистым декоративным пластиком толщиной 2 мм
34-01-017-14	34-01-017	Облицовка каркасов	АКУСТИЧЕСКАЯ ОБРАБОТКА ПОМЕЩЕНИЙ	100 м2	Облицовка каркасов потолков неперфорированными плитами: древесностружечными с декоративной отделкой толщиной 19 мм
34-01-017-15	34-01-017	Облицовка каркасов	АКУСТИЧЕСКАЯ ОБРАБОТКА ПОМЕЩЕНИЙ	100 м2	Облицовка каркасов потолков неперфорированными плитами: акустическими
34-01-017-16	34-01-017	Облицовка каркасов	АКУСТИЧЕСКАЯ ОБРАБОТКА ПОМЕЩЕНИЙ	100 м2	Облицовка каркасов потолков перфорированными плитами: дюралюминием толщиной 1 мм
34-01-017-17	34-01-017	Облицовка каркасов	АКУСТИЧЕСКАЯ ОБРАБОТКА ПОМЕЩЕНИЙ	100 м2	Облицовка каркасов потолков перфорированными плитами: фанерой марки "ДФ-2" толщиной 4 мм
34-01-017-18	34-01-017	Облицовка каркасов	АКУСТИЧЕСКАЯ ОБРАБОТКА ПОМЕЩЕНИЙ	100 м2	Облицовка каркасов потолков перфорированными плитами: бумажно-слоистым декоративным пластиком толщиной 2 мм
34-01-017-19	34-01-017	Облицовка каркасов	АКУСТИЧЕСКАЯ ОБРАБОТКА ПОМЕЩЕНИЙ	100 м2	Облицовка каркасов потолков перфорированными плитами: древесностружечными с декоративной отделкой толщиной 19 мм
34-01-017-20	34-01-017	Облицовка каркасов	АКУСТИЧЕСКАЯ ОБРАБОТКА ПОМЕЩЕНИЙ	100 м2	Облицовка каркасов потолков перфорированными плитами: акустическими
34-01-018-01	34-01-018	Устройство каркаса подвесного потолка	АКУСТИЧЕСКАЯ ОБРАБОТКА ПОМЕЩЕНИЙ	10 м2	Устройство каркаса подвесного потолка из прессованных алюминиевых конструкций
34-01-019-01	34-01-019	Устройство подвесных потолков	АКУСТИЧЕСКАЯ ОБРАБОТКА ПОМЕЩЕНИЙ	100 м2	Устройство подвесных потолков из алюминиевых: реек
34-01-019-02	34-01-019	Устройство подвесных потолков	АКУСТИЧЕСКАЯ ОБРАБОТКА ПОМЕЩЕНИЙ	100 м2	Устройство подвесных потолков из алюминиевых: панелей
34-01-020-01	34-01-020	Устройство облицовки стен акустическими звукопоглощающими алюминиевыми элементами	АКУСТИЧЕСКАЯ ОБРАБОТКА ПОМЕЩЕНИЙ	100 м2	Устройство облицовки стен акустическими звукопоглощающими алюминиевыми: рейками 300х3000 мм
34-01-020-02	34-01-020	Устройство облицовки стен акустическими звукопоглощающими алюминиевыми элементами	АКУСТИЧЕСКАЯ ОБРАБОТКА ПОМЕЩЕНИЙ	100 м2	Устройство облицовки стен акустическими звукопоглощающими алюминиевыми: катаными профилями 100х3000 мм
34-01-020-03	34-01-020	Устройство облицовки стен акустическими звукопоглощающими алюминиевыми элементами	АКУСТИЧЕСКАЯ ОБРАБОТКА ПОМЕЩЕНИЙ	100 м2	Устройство облицовки стен акустическими звукопоглощающими алюминиевыми: панелями 499х499 мм
34-01-025-01	34-01-025	Экранирование помещений радиообъектов	ЭКРАНИРОВАНИЕ ПОМЕЩЕНИЙ	100 м2	Устройство экранирования помещений листами медными толщиной 0,5 мм: полов
34-01-025-02	34-01-025	Экранирование помещений радиообъектов	ЭКРАНИРОВАНИЕ ПОМЕЩЕНИЙ	100 м2	Устройство экранирования помещений листами медными толщиной 0,5 мм: стен
34-01-025-03	34-01-025	Экранирование помещений радиообъектов	ЭКРАНИРОВАНИЕ ПОМЕЩЕНИЙ	100 м2	Устройство экранирования помещений листами медными толщиной 0,5 мм: потолков
34-01-025-04	34-01-025	Экранирование помещений радиообъектов	ЭКРАНИРОВАНИЕ ПОМЕЩЕНИЙ	100 м2	Устройство экранирования помещений листами медными толщиной 0,5 мм: дверных проемов
34-01-025-05	34-01-025	Экранирование помещений радиообъектов	ЭКРАНИРОВАНИЕ ПОМЕЩЕНИЙ	100 м2	Устройство экранирования помещений листами медными толщиной 0,5 мм: каналов и приямков
34-01-025-06	34-01-025	Экранирование помещений радиообъектов	ЭКРАНИРОВАНИЕ ПОМЕЩЕНИЙ	100 м2	Устройство экранирования помещений листами медными толщиной 0,5 мм: крышек каналов и приямков
34-01-025-07	34-01-025	Экранирование помещений радиообъектов	ЭКРАНИРОВАНИЕ ПОМЕЩЕНИЙ	100 м2	Устройство экранирования помещений листами стальными оцинкованными толщиной 0,7-0,8 мм: полов
34-01-025-08	34-01-025	Экранирование помещений радиообъектов	ЭКРАНИРОВАНИЕ ПОМЕЩЕНИЙ	100 м2	Устройство экранирования помещений листами стальными оцинкованными толщиной 0,7-0,8 мм: стен
34-01-025-09	34-01-025	Экранирование помещений радиообъектов	ЭКРАНИРОВАНИЕ ПОМЕЩЕНИЙ	100 м2	Устройство экранирования помещений листами стальными оцинкованными толщиной 0,7-0,8 мм: потолков
34-01-025-10	34-01-025	Экранирование помещений радиообъектов	ЭКРАНИРОВАНИЕ ПОМЕЩЕНИЙ	100 м2	Устройство экранирования помещений листами стальными оцинкованными толщиной 0,7-0,8 мм: дверных проемов
34-01-025-11	34-01-025	Экранирование помещений радиообъектов	ЭКРАНИРОВАНИЕ ПОМЕЩЕНИЙ	100 м2	Устройство экранирования помещений листами стальными оцинкованными толщиной 0,7-0,8 мм: каналов и приямков
34-01-025-12	34-01-025	Экранирование помещений радиообъектов	ЭКРАНИРОВАНИЕ ПОМЕЩЕНИЙ	100 м2	Устройство экранирования помещений листами стальными оцинкованными толщиной 0,7-0,8 мм: крышек каналов и приямков
34-01-025-13	34-01-025	Экранирование помещений радиообъектов	ЭКРАНИРОВАНИЕ ПОМЕЩЕНИЙ	100 м2	Устройство экранирования помещений листами стальными толщиной 1,5 мм: полов
34-01-025-14	34-01-025	Экранирование помещений радиообъектов	ЭКРАНИРОВАНИЕ ПОМЕЩЕНИЙ	100 м2	Устройство экранирования помещений листами стальными толщиной 1,5 мм: стен
34-01-025-15	34-01-025	Экранирование помещений радиообъектов	ЭКРАНИРОВАНИЕ ПОМЕЩЕНИЙ	100 м2	Устройство экранирования помещений листами стальными толщиной 1,5 мм: потолков
34-01-025-16	34-01-025	Экранирование помещений радиообъектов	ЭКРАНИРОВАНИЕ ПОМЕЩЕНИЙ	100 м2	Устройство экранирования помещений листами стальными толщиной 1,5 мм: дверных проемов
34-01-025-17	34-01-025	Экранирование помещений радиообъектов	ЭКРАНИРОВАНИЕ ПОМЕЩЕНИЙ	100 м2	Устройство экранирования помещений листами стальными толщиной 1,5 мм: каналов и приямков
34-01-025-18	34-01-025	Экранирование помещений радиообъектов	ЭКРАНИРОВАНИЕ ПОМЕЩЕНИЙ	100 м2	Устройство экранирования помещений листами стальными толщиной 1,5 мм: крышек каналов и приямков
34-01-026-01	34-01-026	Устройство экранирования помещений сеткой стальной	ЭКРАНИРОВАНИЕ ПОМЕЩЕНИЙ	100 м2	Устройство экранирования помещений сеткой стальной из оцинкованной проволоки диаметром 1,2 мм: полов
34-01-026-02	34-01-026	Устройство экранирования помещений сеткой стальной	ЭКРАНИРОВАНИЕ ПОМЕЩЕНИЙ	100 м2	Устройство экранирования помещений сеткой стальной из оцинкованной проволоки диаметром 1,2 мм: стен
34-01-026-03	34-01-026	Устройство экранирования помещений сеткой стальной	ЭКРАНИРОВАНИЕ ПОМЕЩЕНИЙ	100 м2	Устройство экранирования помещений сеткой стальной из оцинкованной проволоки диаметром 1,2 мм: потолков
34-01-026-04	34-01-026	Устройство экранирования помещений сеткой стальной	ЭКРАНИРОВАНИЕ ПОМЕЩЕНИЙ	100 м2	Устройство экранирования помещений сеткой стальной из оцинкованной проволоки диаметром 1,2 мм: оконных проемов
34-01-026-05	34-01-026	Устройство экранирования помещений сеткой стальной	ЭКРАНИРОВАНИЕ ПОМЕЩЕНИЙ	100 м2	Устройство экранирования помещений сеткой стальной из оцинкованной проволоки диаметром 1,2 мм: вентиляционных отверстий
34-01-027-01	34-01-027	Устройство экранирования сеткой медной	ЭКРАНИРОВАНИЕ ПОМЕЩЕНИЙ	100 м2	Устройство экранирования сеткой медной проволоки с ячейкой 2,5х2,5 мм: полов
34-01-027-02	34-01-027	Устройство экранирования сеткой медной	ЭКРАНИРОВАНИЕ ПОМЕЩЕНИЙ	100 м2	Устройство экранирования сеткой медной проволоки с ячейкой 2,5х2,5 мм: стен
34-01-027-03	34-01-027	Устройство экранирования сеткой медной	ЭКРАНИРОВАНИЕ ПОМЕЩЕНИЙ	100 м2	Устройство экранирования сеткой медной проволоки с ячейкой 2,5х2,5 мм: потолков
34-01-027-04	34-01-027	Устройство экранирования сеткой медной	ЭКРАНИРОВАНИЕ ПОМЕЩЕНИЙ	100 м2	Устройство экранирования сеткой медной проволоки с ячейкой 2,5х2,5 мм: оконных проемов
34-01-027-05	34-01-027	Устройство экранирования сеткой медной	ЭКРАНИРОВАНИЕ ПОМЕЩЕНИЙ	100 м2	Устройство экранирования сеткой медной проволоки с ячейкой 2,5х2,5 мм: вентиляционных отверстий
34-02-001-01	34-02-001	Устройство трубопроводов из хризотилцементных труб	КАБЕЛЬНАЯ КАНАЛИЗАЦИЯ	канал.км	Устройство трубопроводов из хризотилцементных труб с соединением: стальными манжетами до 2 отверстий
34-02-001-02	34-02-001	Устройство трубопроводов из хризотилцементных труб	КАБЕЛЬНАЯ КАНАЛИЗАЦИЯ	канал.км	Устройство трубопроводов из хризотилцементных труб с соединением: стальными манжетами более 2 отверстий
34-02-001-03	34-02-001	Устройство трубопроводов из хризотилцементных труб	КАБЕЛЬНАЯ КАНАЛИЗАЦИЯ	канал.км	Устройство трубопроводов из хризотилцементных труб с соединением: полиэтиленовыми муфтами до 2 отверстий
34-02-001-04	34-02-001	Устройство трубопроводов из хризотилцементных труб	КАБЕЛЬНАЯ КАНАЛИЗАЦИЯ	канал.км	Устройство трубопроводов из хризотилцементных труб с соединением: полиэтиленовыми муфтами более 2 отверстий
34-02-002-01	34-02-002	Устройство трубопроводов из бетонных труб	КАБЕЛЬНАЯ КАНАЛИЗАЦИЯ	канал.км	Устройство трубопроводов из бетонных труб: одноотверстных одиночных
34-02-002-02	34-02-002	Устройство трубопроводов из бетонных труб	КАБЕЛЬНАЯ КАНАЛИЗАЦИЯ	канал.км	Устройство трубопроводов из бетонных труб: одноотверстных в блоке
34-02-002-03	34-02-002	Устройство трубопроводов из бетонных труб	КАБЕЛЬНАЯ КАНАЛИЗАЦИЯ	канал.км	Устройство трубопроводов из бетонных труб: двухотверстных одиночных
34-02-002-04	34-02-002	Устройство трубопроводов из бетонных труб	КАБЕЛЬНАЯ КАНАЛИЗАЦИЯ	канал.км	Устройство трубопроводов из бетонных труб: двухотверстных в блоке
34-02-002-05	34-02-002	Устройство трубопроводов из бетонных труб	КАБЕЛЬНАЯ КАНАЛИЗАЦИЯ	канал.км	Устройство трубопроводов из бетонных труб: трехотверстных одиночных
34-02-002-06	34-02-002	Устройство трубопроводов из бетонных труб	КАБЕЛЬНАЯ КАНАЛИЗАЦИЯ	канал.км	Устройство трубопроводов из бетонных труб: трехотверстных в блоке
34-02-003-01	34-02-003	Устройство трубопроводов из полиэтиленовых труб	КАБЕЛЬНАЯ КАНАЛИЗАЦИЯ	канал.км	Устройство трубопроводов из полиэтиленовых труб: до 2 отверстий
34-02-003-02	34-02-003	Устройство трубопроводов из полиэтиленовых труб	КАБЕЛЬНАЯ КАНАЛИЗАЦИЯ	канал.км	Устройство трубопроводов из полиэтиленовых труб: более 2 отверстий
34-02-005-01	34-02-005	Устройство колодцев железобетонных сборных типовых, собранных на трассе	КАБЕЛЬНАЯ КАНАЛИЗАЦИЯ	шт	Устройство колодцев железобетонных сборных типовых, собранных на трассе, устанавливаемых: на пешеходной части ККС-5
34-02-005-02	34-02-005	Устройство колодцев железобетонных сборных типовых, собранных на трассе	КАБЕЛЬНАЯ КАНАЛИЗАЦИЯ	шт	Устройство колодцев железобетонных сборных типовых, собранных на трассе, устанавливаемых: на пешеходной части ККС-4
34-02-005-03	34-02-005	Устройство колодцев железобетонных сборных типовых, собранных на трассе	КАБЕЛЬНАЯ КАНАЛИЗАЦИЯ	шт	Устройство колодцев железобетонных сборных типовых, собранных на трассе, устанавливаемых: на пешеходной части ККС-3
34-02-005-04	34-02-005	Устройство колодцев железобетонных сборных типовых, собранных на трассе	КАБЕЛЬНАЯ КАНАЛИЗАЦИЯ	шт	Устройство колодцев железобетонных сборных типовых, собранных на трассе, устанавливаемых: на пешеходной части ККС-2
34-02-005-05	34-02-005	Устройство колодцев железобетонных сборных типовых, собранных на трассе	КАБЕЛЬНАЯ КАНАЛИЗАЦИЯ	шт	Устройство колодцев железобетонных сборных типовых, собранных на трассе, устанавливаемых: на проезжей части ККС-5
34-02-005-06	34-02-005	Устройство колодцев железобетонных сборных типовых, собранных на трассе	КАБЕЛЬНАЯ КАНАЛИЗАЦИЯ	шт	Устройство колодцев железобетонных сборных типовых, собранных на трассе, устанавливаемых: на проезжей части ККС-4
34-02-005-07	34-02-005	Устройство колодцев железобетонных сборных типовых, собранных на трассе	КАБЕЛЬНАЯ КАНАЛИЗАЦИЯ	шт	Устройство колодцев железобетонных сборных типовых, собранных на трассе, устанавливаемых: на проезжей части ККС-3
34-02-005-08	34-02-005	Устройство колодцев железобетонных сборных типовых, собранных на трассе	КАБЕЛЬНАЯ КАНАЛИЗАЦИЯ	шт	Устройство колодцев железобетонных сборных типовых, собранных на трассе, устанавливаемых: на проезжей части ККС-2
34-02-005-09	34-02-005	Устройство колодцев железобетонных сборных типовых, собранных на трассе	КАБЕЛЬНАЯ КАНАЛИЗАЦИЯ	шт	Устройство колодцев железобетонных сборных типовых, собранных на трассе, устанавливаемых: на проезжей части ККС-5М
34-02-006-01	34-02-006	Устройство колодцев железобетонных сборных типовых, собранных в заводских условиях	КАБЕЛЬНАЯ КАНАЛИЗАЦИЯ	шт	Устройство колодцев железобетонных сборных типовых, собранных в заводских условиях: ККС-5
34-02-006-02	34-02-006	Устройство колодцев железобетонных сборных типовых, собранных в заводских условиях	КАБЕЛЬНАЯ КАНАЛИЗАЦИЯ	шт	Устройство колодцев железобетонных сборных типовых, собранных в заводских условиях: ККС-4
34-02-006-03	34-02-006	Устройство колодцев железобетонных сборных типовых, собранных в заводских условиях	КАБЕЛЬНАЯ КАНАЛИЗАЦИЯ	шт	Устройство колодцев железобетонных сборных типовых, собранных в заводских условиях: ККС-3
34-02-006-04	34-02-006	Устройство колодцев железобетонных сборных типовых, собранных в заводских условиях	КАБЕЛЬНАЯ КАНАЛИЗАЦИЯ	шт	Устройство колодцев железобетонных сборных типовых, собранных в заводских условиях: ККС-2
34-02-007-01	34-02-007	Устройство колодцев кирпичных типовых	КАБЕЛЬНАЯ КАНАЛИЗАЦИЯ	шт	Устройство колодцев кирпичных типовых, устанавливаемых: на проезжей части ККС-5
34-02-007-02	34-02-007	Устройство колодцев кирпичных типовых	КАБЕЛЬНАЯ КАНАЛИЗАЦИЯ	шт	Устройство колодцев кирпичных типовых, устанавливаемых: на проезжей части ККС-4
34-02-007-03	34-02-007	Устройство колодцев кирпичных типовых	КАБЕЛЬНАЯ КАНАЛИЗАЦИЯ	шт	Устройство колодцев кирпичных типовых, устанавливаемых: на проезжей части ККС-3
34-02-007-04	34-02-007	Устройство колодцев кирпичных типовых	КАБЕЛЬНАЯ КАНАЛИЗАЦИЯ	шт	Устройство колодцев кирпичных типовых, устанавливаемых: на проезжей части ККС-2
34-02-007-05	34-02-007	Устройство колодцев кирпичных типовых	КАБЕЛЬНАЯ КАНАЛИЗАЦИЯ	шт	Устройство колодцев кирпичных типовых, устанавливаемых: на пешеходной части ККС-5
34-02-007-06	34-02-007	Устройство колодцев кирпичных типовых	КАБЕЛЬНАЯ КАНАЛИЗАЦИЯ	шт	Устройство колодцев кирпичных типовых, устанавливаемых: на пешеходной части ККС-4
34-02-007-07	34-02-007	Устройство колодцев кирпичных типовых	КАБЕЛЬНАЯ КАНАЛИЗАЦИЯ	шт	Устройство колодцев кирпичных типовых, устанавливаемых: на пешеходной части ККС-3
34-02-007-08	34-02-007	Устройство колодцев кирпичных типовых	КАБЕЛЬНАЯ КАНАЛИЗАЦИЯ	шт	Устройство колодцев кирпичных типовых, устанавливаемых: на пешеходной части ККС-2
34-02-008-01	34-02-008	Разные работы при устройстве колодцев	КАБЕЛЬНАЯ КАНАЛИЗАЦИЯ	шт	Установка люка в колодцах: на проезжей части
34-02-008-02	34-02-008	Разные работы при устройстве колодцев	КАБЕЛЬНАЯ КАНАЛИЗАЦИЯ	шт	Установка люка в колодцах: на пешеходной части
34-02-008-03	34-02-008	Разные работы при устройстве колодцев	КАБЕЛЬНАЯ КАНАЛИЗАЦИЯ	шт	Установка кронштейна в колодцах
34-02-008-04	34-02-008	Разные работы при устройстве колодцев	КАБЕЛЬНАЯ КАНАЛИЗАЦИЯ	шт	Установка указателя на стене
34-02-009-01	34-02-009	Устройство вставок для угловых и разветвительных колодцев	КАБЕЛЬНАЯ КАНАЛИЗАЦИЯ	шт	Устройство вставок для угловых и разветвительных колодцев: ККС-5
34-02-009-02	34-02-009	Устройство вставок для угловых и разветвительных колодцев	КАБЕЛЬНАЯ КАНАЛИЗАЦИЯ	шт	Устройство вставок для угловых и разветвительных колодцев: ККС-4
34-02-009-03	34-02-009	Устройство вставок для угловых и разветвительных колодцев	КАБЕЛЬНАЯ КАНАЛИЗАЦИЯ	шт	Устройство вставок для угловых и разветвительных колодцев: ККС-3
34-02-010-01	34-02-010	Разборка колодцев типовых при их переустройстве	КАБЕЛЬНАЯ КАНАЛИЗАЦИЯ	шт	Разборка колодцев железобетонных типовых при их переустройстве: ККС-5
34-02-010-02	34-02-010	Разборка колодцев типовых при их переустройстве	КАБЕЛЬНАЯ КАНАЛИЗАЦИЯ	шт	Разборка колодцев железобетонных типовых при их переустройстве: ККС-4
34-02-010-03	34-02-010	Разборка колодцев типовых при их переустройстве	КАБЕЛЬНАЯ КАНАЛИЗАЦИЯ	шт	Разборка колодцев железобетонных типовых при их переустройстве: ККС-3
34-02-010-04	34-02-010	Разборка колодцев типовых при их переустройстве	КАБЕЛЬНАЯ КАНАЛИЗАЦИЯ	шт	Разборка колодцев железобетонных типовых при их переустройстве: ККС-2
34-02-010-05	34-02-010	Разборка колодцев типовых при их переустройстве	КАБЕЛЬНАЯ КАНАЛИЗАЦИЯ	шт	Разборка колодцев кирпичных типовых при их переустройстве: ККС-5
34-02-010-06	34-02-010	Разборка колодцев типовых при их переустройстве	КАБЕЛЬНАЯ КАНАЛИЗАЦИЯ	шт	Разборка колодцев кирпичных типовых при их переустройстве: ККС-4
34-02-010-07	34-02-010	Разборка колодцев типовых при их переустройстве	КАБЕЛЬНАЯ КАНАЛИЗАЦИЯ	шт	Разборка колодцев кирпичных типовых при их переустройстве: ККС-3
34-02-010-08	34-02-010	Разборка колодцев типовых при их переустройстве	КАБЕЛЬНАЯ КАНАЛИЗАЦИЯ	шт	Разборка колодцев кирпичных типовых при их переустройстве: ККС-2
34-02-011-01	34-02-011	Разборка колодцев кирпичных нетиповых	КАБЕЛЬНАЯ КАНАЛИЗАЦИЯ	м3	Разборка колодцев кирпичных нетиповых
34-02-012-01	34-02-012	Устройство ввода труб в колодцы	КАБЕЛЬНАЯ КАНАЛИЗАЦИЯ	10 каналов	Устройство ввода труб в колодцы
34-02-013-01	34-02-013	Устройство сварных кабельных колодцев из полимерных материалов, собранных на трассе	КАБЕЛЬНАЯ КАНАЛИЗАЦИЯ	шт	Устройство сварных кабельных колодцев из полимерных материалов, собранных на трассе: однокамерных
34-02-013-02	34-02-013	Устройство сварных кабельных колодцев из полимерных материалов, собранных на трассе	КАБЕЛЬНАЯ КАНАЛИЗАЦИЯ	шт	Устройство сварных кабельных колодцев из полимерных материалов, собранных на трассе: двукамерных
34-02-014-01	34-02-014	Установка цельнолитых кабельных колодцев из полимерных материалов	КАБЕЛЬНАЯ КАНАЛИЗАЦИЯ	100 шт	Установка цельнолитых кабельных колодцев из полимерных материалов
34-02-014-02	34-02-014	Установка цельнолитых кабельных колодцев из полимерных материалов	КАБЕЛЬНАЯ КАНАЛИЗАЦИЯ	шт	Устройство пригруза из сборных железобетонных плит полимерных кабельных колодцев
34-02-015-01	34-02-015	Врезка полиэтиленовых патрубков и манжет в полиэтиленовые кабельные колодцы	КАБЕЛЬНАЯ КАНАЛИЗАЦИЯ	100 шт	Врезка полиэтиленовых патрубков в полиэтиленовые кабельные колодцы, диаметр: 63 мм
34-02-015-02	34-02-015	Врезка полиэтиленовых патрубков и манжет в полиэтиленовые кабельные колодцы	КАБЕЛЬНАЯ КАНАЛИЗАЦИЯ	100 шт	Врезка полиэтиленовых патрубков в полиэтиленовые кабельные колодцы, диаметр: 110 мм
34-02-015-03	34-02-015	Врезка полиэтиленовых патрубков и манжет в полиэтиленовые кабельные колодцы	КАБЕЛЬНАЯ КАНАЛИЗАЦИЯ	100 шт	Врезка полиэтиленовых патрубков в полиэтиленовые кабельные колодцы, диаметр: 160 мм
34-02-015-04	34-02-015	Врезка полиэтиленовых патрубков и манжет в полиэтиленовые кабельные колодцы	КАБЕЛЬНАЯ КАНАЛИЗАЦИЯ	100 шт	Врезка резиновых манжет для ввода труб диаметром от 25 до 110 мм в полиэтиленовые кабельные колодцы
34-02-016-01	34-02-016	Пробивка отверстий в колодцах и коробках	КАБЕЛЬНАЯ КАНАЛИЗАЦИЯ	м	Пробивка отверстий в колодцах и коробках железобетонных
34-02-016-02	34-02-016	Пробивка отверстий в колодцах и коробках	КАБЕЛЬНАЯ КАНАЛИЗАЦИЯ	м	Пробивка отверстий в колодцах и коробках кирпичных при толщине стенок: 12,5 см
34-02-016-03	34-02-016	Пробивка отверстий в колодцах и коробках	КАБЕЛЬНАЯ КАНАЛИЗАЦИЯ	м	Пробивка отверстий в колодцах и коробках кирпичных при толщине стенок: 25 см
34-02-016-04	34-02-016	Пробивка отверстий в колодцах и коробках	КАБЕЛЬНАЯ КАНАЛИЗАЦИЯ	м	Пробивка отверстий в колодцах и коробках кирпичных при толщине стенок: 37,8 см
34-02-019-01	34-02-019	Устройство модульных кабельных колодцев из полимерных материалов	КАБЕЛЬНАЯ КАНАЛИЗАЦИЯ	колодец	Устройство модульных кабельных колодцев из полимерных материалов, площадь модулей стен колодца: до 0,05 м2
34-02-019-02	34-02-019	Устройство модульных кабельных колодцев из полимерных материалов	КАБЕЛЬНАЯ КАНАЛИЗАЦИЯ	колодец	Устройство модульных кабельных колодцев из полимерных материалов, площадь модулей стен колодца: от 0,08 м2 до 0,35 м2
34-02-020-01	34-02-020	Прокладка пакета микротрубок	КАБЕЛЬНАЯ КАНАЛИЗАЦИЯ	км	Разработка траншеи шириной до 150 мм и глубиной 500 мм с одновременной прокладкой пакета микротрубок, группа грунтов 3
34-02-020-02	34-02-020	Прокладка пакета микротрубок	КАБЕЛЬНАЯ КАНАЛИЗАЦИЯ	км	Прокладка пакета микротрубок: в готовую траншею
34-02-020-03	34-02-020	Прокладка пакета микротрубок	КАБЕЛЬНАЯ КАНАЛИЗАЦИЯ	10 м	Прокладка пакета микротрубок: по конструкциям мостов
47-01-004-01	47-01-004	Подготовка стандартных посадочных мест для деревьев и кустарников с круглым комом земли механизирова	ПОДГОТОВКА ПОСАДОЧНЫХ МЕСТ И ПОСАДКА ДЕРЕВЬЕВ И КУСТАРНИКОВ 	10 шт	Подготовка стандартных посадочных мест механизированным способом для деревьев и кустарников с круглым комом земли размером: 0,2x0,15 м и 0,25x0,2 м в естественном грунте
47-01-004-02	47-01-004	Подготовка стандартных посадочных мест для деревьев и кустарников с круглым комом земли механизирова	ПОДГОТОВКА ПОСАДОЧНЫХ МЕСТ И ПОСАДКА ДЕРЕВЬЕВ И КУСТАРНИКОВ 	10 шт	Подготовка стандартных посадочных мест механизированным способом для деревьев и кустарников с круглым комом земли размером: 0,2x0,15 м и 0,25x0,2 м с добавлением растительной земли
47-01-004-03	47-01-004	Подготовка стандартных посадочных мест для деревьев и кустарников с круглым комом земли механизирова	ПОДГОТОВКА ПОСАДОЧНЫХ МЕСТ И ПОСАДКА ДЕРЕВЬЕВ И КУСТАРНИКОВ 	10 шт	Подготовка стандартных посадочных мест механизированным способом для деревьев и кустарников с круглым комом земли размером: 0,2x0,15 м и 0,25x0,2 м с добавлением растительной земли
47-01-004-04	47-01-004	Подготовка стандартных посадочных мест для деревьев и кустарников с круглым комом земли механизирова	ПОДГОТОВКА ПОСАДОЧНЫХ МЕСТ И ПОСАДКА ДЕРЕВЬЕВ И КУСТАРНИКОВ 	10 шт	Подготовка стандартных посадочных мест механизированным способом для деревьев и кустарников с круглым комом земли размером: 0,2x0,15 м и 0,25x0,2 м с добавлением растительной земли
47-01-004-05	47-01-004	Подготовка стандартных посадочных мест для деревьев и кустарников с круглым комом земли механизирова	ПОДГОТОВКА ПОСАДОЧНЫХ МЕСТ И ПОСАДКА ДЕРЕВЬЕВ И КУСТАРНИКОВ 	10 шт	Подготовка стандартных посадочных мест механизированным способом для деревьев и кустарников с круглым комом земли размером: 0,2x0,15 м и 0,25x0,2 м с добавлением растительной земли
47-01-004-06	47-01-004	Подготовка стандартных посадочных мест для деревьев и кустарников с круглым комом земли механизирова	ПОДГОТОВКА ПОСАДОЧНЫХ МЕСТ И ПОСАДКА ДЕРЕВЬЕВ И КУСТАРНИКОВ 	10 шт	Подготовка стандартных посадочных мест механизированным способом для деревьев и кустарников с круглым комом земли размером: 0,3x0,3 м в естественном грунте
47-01-004-07	47-01-004	Подготовка стандартных посадочных мест для деревьев и кустарников с круглым комом земли механизирова	ПОДГОТОВКА ПОСАДОЧНЫХ МЕСТ И ПОСАДКА ДЕРЕВЬЕВ И КУСТАРНИКОВ 	10 шт	Подготовка стандартных посадочных мест механизированным способом для деревьев и кустарников с круглым комом земли размером: 0,3x0,3 м с добавлением растительной земли до 25%
47-01-004-08	47-01-004	Подготовка стандартных посадочных мест для деревьев и кустарников с круглым комом земли механизирова	ПОДГОТОВКА ПОСАДОЧНЫХ МЕСТ И ПОСАДКА ДЕРЕВЬЕВ И КУСТАРНИКОВ 	10 шт	Подготовка стандартных посадочных мест механизированным способом для деревьев и кустарников с круглым комом земли размером: 0,3x0,3 м с добавлением растительной земли до 50%
47-01-004-09	47-01-004	Подготовка стандартных посадочных мест для деревьев и кустарников с круглым комом земли механизирова	ПОДГОТОВКА ПОСАДОЧНЫХ МЕСТ И ПОСАДКА ДЕРЕВЬЕВ И КУСТАРНИКОВ 	10 шт	Подготовка стандартных посадочных мест механизированным способом для деревьев и кустарников с круглым комом земли размером: 0,3x0,3 м с добавлением растительной земли до 75%
47-01-004-10	47-01-004	Подготовка стандартных посадочных мест для деревьев и кустарников с круглым комом земли механизирова	ПОДГОТОВКА ПОСАДОЧНЫХ МЕСТ И ПОСАДКА ДЕРЕВЬЕВ И КУСТАРНИКОВ 	10 шт	Подготовка стандартных посадочных мест механизированным способом для деревьев и кустарников с круглым комом земли размером: 0,3x0,3 м с добавлением растительной земли до 100%
47-01-004-11	47-01-004	Подготовка стандартных посадочных мест для деревьев и кустарников с круглым комом земли механизирова	ПОДГОТОВКА ПОСАДОЧНЫХ МЕСТ И ПОСАДКА ДЕРЕВЬЕВ И КУСТАРНИКОВ 	10 шт	Подготовка стандартных посадочных мест механизированным способом для деревьев и кустарников с круглым комом земли размером: 0,5x0,4 м в естественном грунте
47-01-004-12	47-01-004	Подготовка стандартных посадочных мест для деревьев и кустарников с круглым комом земли механизирова	ПОДГОТОВКА ПОСАДОЧНЫХ МЕСТ И ПОСАДКА ДЕРЕВЬЕВ И КУСТАРНИКОВ 	10 шт	Подготовка стандартных посадочных мест механизированным способом для деревьев и кустарников с круглым комом земли размером: 0,5x0,4 м с добавлением растительной земли до 25%
47-01-004-13	47-01-004	Подготовка стандартных посадочных мест для деревьев и кустарников с круглым комом земли механизирова	ПОДГОТОВКА ПОСАДОЧНЫХ МЕСТ И ПОСАДКА ДЕРЕВЬЕВ И КУСТАРНИКОВ 	10 шт	Подготовка стандартных посадочных мест механизированным способом для деревьев и кустарников с круглым комом земли размером: 0,5x0,4 м с добавлением растительной земли до 50%
47-01-004-14	47-01-004	Подготовка стандартных посадочных мест для деревьев и кустарников с круглым комом земли механизирова	ПОДГОТОВКА ПОСАДОЧНЫХ МЕСТ И ПОСАДКА ДЕРЕВЬЕВ И КУСТАРНИКОВ 	10 шт	Подготовка стандартных посадочных мест механизированным способом для деревьев и кустарников с круглым комом земли размером: 0,5x0,4 м с добавлением растительной земли до 75%
47-01-004-15	47-01-004	Подготовка стандартных посадочных мест для деревьев и кустарников с круглым комом земли механизирова	ПОДГОТОВКА ПОСАДОЧНЫХ МЕСТ И ПОСАДКА ДЕРЕВЬЕВ И КУСТАРНИКОВ 	10 шт	Подготовка стандартных посадочных мест механизированным способом для деревьев и кустарников с круглым комом земли размером: 0,5x0,4 м с добавлением растительной земли до 100%
47-01-004-16	47-01-004	Подготовка стандартных посадочных мест для деревьев и кустарников с круглым комом земли механизирова	ПОДГОТОВКА ПОСАДОЧНЫХ МЕСТ И ПОСАДКА ДЕРЕВЬЕВ И КУСТАРНИКОВ 	10 шт	Подготовка стандартных посадочных мест механизированным способом для деревьев и кустарников с круглым комом земли размером: 0,8x0,6 м в естественном грунте
47-01-004-17	47-01-004	Подготовка стандартных посадочных мест для деревьев и кустарников с круглым комом земли механизирова	ПОДГОТОВКА ПОСАДОЧНЫХ МЕСТ И ПОСАДКА ДЕРЕВЬЕВ И КУСТАРНИКОВ 	10 шт	Подготовка стандартных посадочных мест механизированным способом для деревьев и кустарников с круглым комом земли размером: 0,8x0,6 м с добавлением растительной земли до 25%
47-01-004-18	47-01-004	Подготовка стандартных посадочных мест для деревьев и кустарников с круглым комом земли механизирова	ПОДГОТОВКА ПОСАДОЧНЫХ МЕСТ И ПОСАДКА ДЕРЕВЬЕВ И КУСТАРНИКОВ 	10 шт	Подготовка стандартных посадочных мест механизированным способом для деревьев и кустарников с круглым комом земли размером: 0,8x0,6 м с добавлением растительной земли до 50%
47-01-004-19	47-01-004	Подготовка стандартных посадочных мест для деревьев и кустарников с круглым комом земли механизирова	ПОДГОТОВКА ПОСАДОЧНЫХ МЕСТ И ПОСАДКА ДЕРЕВЬЕВ И КУСТАРНИКОВ 	10 шт	Подготовка стандартных посадочных мест механизированным способом для деревьев и кустарников с круглым комом земли размером: 0,8x0,6 м с добавлением растительной земли до 75%
47-01-004-20	47-01-004	Подготовка стандартных посадочных мест для деревьев и кустарников с круглым комом земли механизирова	ПОДГОТОВКА ПОСАДОЧНЫХ МЕСТ И ПОСАДКА ДЕРЕВЬЕВ И КУСТАРНИКОВ 	10 шт	Подготовка стандартных посадочных мест механизированным способом для деревьев и кустарников с круглым комом земли размером: 0,8x0,6 м с добавлением растительной земли до 100%
47-01-005-01	47-01-005	Подготовка стандартных посадочных мест для деревьев и кустарников с квадратным комом земли механизир	ПОДГОТОВКА ПОСАДОЧНЫХ МЕСТ И ПОСАДКА ДЕРЕВЬЕВ И КУСТАРНИКОВ 	10 шт	Подготовка стандартных посадочных мест механизированным способом для деревьев и кустарников с квадратным комом земли размером: 0,5x0,5x0,4 м в естественном грунте
47-01-005-02	47-01-005	Подготовка стандартных посадочных мест для деревьев и кустарников с квадратным комом земли механизир	ПОДГОТОВКА ПОСАДОЧНЫХ МЕСТ И ПОСАДКА ДЕРЕВЬЕВ И КУСТАРНИКОВ 	10 шт	Подготовка стандартных посадочных мест механизированным способом для деревьев и кустарников с квадратным комом земли размером: 0,5x0,5x0,4 м с добавлением растительной земли до 25%
47-01-005-03	47-01-005	Подготовка стандартных посадочных мест для деревьев и кустарников с квадратным комом земли механизир	ПОДГОТОВКА ПОСАДОЧНЫХ МЕСТ И ПОСАДКА ДЕРЕВЬЕВ И КУСТАРНИКОВ 	10 шт	Подготовка стандартных посадочных мест механизированным способом для деревьев и кустарников с квадратным комом земли размером: 0,5x0,5x0,4 м с добавлением растительной земли до 50%
47-01-005-04	47-01-005	Подготовка стандартных посадочных мест для деревьев и кустарников с квадратным комом земли механизир	ПОДГОТОВКА ПОСАДОЧНЫХ МЕСТ И ПОСАДКА ДЕРЕВЬЕВ И КУСТАРНИКОВ 	10 шт	Подготовка стандартных посадочных мест механизированным способом для деревьев и кустарников с квадратным комом земли размером: 0,5x0,5x0,4 м с добавлением растительной земли до 75%
47-01-005-05	47-01-005	Подготовка стандартных посадочных мест для деревьев и кустарников с квадратным комом земли механизир	ПОДГОТОВКА ПОСАДОЧНЫХ МЕСТ И ПОСАДКА ДЕРЕВЬЕВ И КУСТАРНИКОВ 	10 шт	Подготовка стандартных посадочных мест механизированным способом для деревьев и кустарников с квадратным комом земли размером: 0,5x0,5x0,4 м с добавлением растительной земли до 100
47-01-005-06	47-01-005	Подготовка стандартных посадочных мест для деревьев и кустарников с квадратным комом земли механизир	ПОДГОТОВКА ПОСАДОЧНЫХ МЕСТ И ПОСАДКА ДЕРЕВЬЕВ И КУСТАРНИКОВ 	10 шт	Подготовка стандартных посадочных мест механизированным способом для деревьев и кустарников с квадратным комом земли размером: 0,8x0,8x0,5 м в естественном грунте
47-01-005-07	47-01-005	Подготовка стандартных посадочных мест для деревьев и кустарников с квадратным комом земли механизир	ПОДГОТОВКА ПОСАДОЧНЫХ МЕСТ И ПОСАДКА ДЕРЕВЬЕВ И КУСТАРНИКОВ 	10 шт	Подготовка стандартных посадочных мест механизированным способом для деревьев и кустарников с квадратным комом земли размером: 0,8x0,8x0,5 м с добавлением растительной земли до 25%
47-01-005-08	47-01-005	Подготовка стандартных посадочных мест для деревьев и кустарников с квадратным комом земли механизир	ПОДГОТОВКА ПОСАДОЧНЫХ МЕСТ И ПОСАДКА ДЕРЕВЬЕВ И КУСТАРНИКОВ 	10 шт	Подготовка стандартных посадочных мест механизированным способом для деревьев и кустарников с квадратным комом земли размером: 0,8x0,8x0,5 м с добавлением растительной земли до 50%
47-01-005-09	47-01-005	Подготовка стандартных посадочных мест для деревьев и кустарников с квадратным комом земли механизир	ПОДГОТОВКА ПОСАДОЧНЫХ МЕСТ И ПОСАДКА ДЕРЕВЬЕВ И КУСТАРНИКОВ 	10 шт	Подготовка стандартных посадочных мест механизированным способом для деревьев и кустарников с квадратным комом земли размером: 0,8x0,8x0,5 м с добавлением растительной земли до 75%
47-01-005-10	47-01-005	Подготовка стандартных посадочных мест для деревьев и кустарников с квадратным комом земли механизир	ПОДГОТОВКА ПОСАДОЧНЫХ МЕСТ И ПОСАДКА ДЕРЕВЬЕВ И КУСТАРНИКОВ 	10 шт	Подготовка стандартных посадочных мест механизированным способом для деревьев и кустарников с квадратным комом земли размером: 0,8x0,8x0,5 м с добавлением растительной земли до 100
47-01-005-11	47-01-005	Подготовка стандартных посадочных мест для деревьев и кустарников с квадратным комом земли механизир	ПОДГОТОВКА ПОСАДОЧНЫХ МЕСТ И ПОСАДКА ДЕРЕВЬЕВ И КУСТАРНИКОВ 	10 шт	Подготовка стандартных посадочных мест механизированным способом для деревьев и кустарников с квадратным комом земли размером: 1,0x1,0x0,6 м в естественном грунте
47-01-005-12	47-01-005	Подготовка стандартных посадочных мест для деревьев и кустарников с квадратным комом земли механизир	ПОДГОТОВКА ПОСАДОЧНЫХ МЕСТ И ПОСАДКА ДЕРЕВЬЕВ И КУСТАРНИКОВ 	10 шт	Подготовка стандартных посадочных мест механизированным способом для деревьев и кустарников с квадратным комом земли размером: 1,0x1,0x0,6 м с добавлением растительной земли до 25%
47-01-005-13	47-01-005	Подготовка стандартных посадочных мест для деревьев и кустарников с квадратным комом земли механизир	ПОДГОТОВКА ПОСАДОЧНЫХ МЕСТ И ПОСАДКА ДЕРЕВЬЕВ И КУСТАРНИКОВ 	10 шт	Подготовка стандартных посадочных мест механизированным способом для деревьев и кустарников с квадратным комом земли размером: 1,0x1,0x0,6 м с добавлением растительной земли до 50%
47-01-005-14	47-01-005	Подготовка стандартных посадочных мест для деревьев и кустарников с квадратным комом земли механизир	ПОДГОТОВКА ПОСАДОЧНЫХ МЕСТ И ПОСАДКА ДЕРЕВЬЕВ И КУСТАРНИКОВ 	10 шт	Подготовка стандартных посадочных мест механизированным способом для деревьев и кустарников с квадратным комом земли размером: 1,0x1,0x0,6 м с добавлением растительной земли до 75%
47-01-005-15	47-01-005	Подготовка стандартных посадочных мест для деревьев и кустарников с квадратным комом земли механизир	ПОДГОТОВКА ПОСАДОЧНЫХ МЕСТ И ПОСАДКА ДЕРЕВЬЕВ И КУСТАРНИКОВ 	10 шт	Подготовка стандартных посадочных мест механизированным способом для деревьев и кустарников с квадратным комом земли размером: 1,0x1,0x0,6 м с добавлением растительной земли до 100
47-01-005-16	47-01-005	Подготовка стандартных посадочных мест для деревьев и кустарников с квадратным комом земли механизир	ПОДГОТОВКА ПОСАДОЧНЫХ МЕСТ И ПОСАДКА ДЕРЕВЬЕВ И КУСТАРНИКОВ 	10 шт	Подготовка стандартных посадочных мест механизированным способом для деревьев и кустарников с квадратным комом земли размером: 1,3x1,3x0,6 м в естественном грунте
47-01-005-17	47-01-005	Подготовка стандартных посадочных мест для деревьев и кустарников с квадратным комом земли механизир	ПОДГОТОВКА ПОСАДОЧНЫХ МЕСТ И ПОСАДКА ДЕРЕВЬЕВ И КУСТАРНИКОВ 	10 шт	Подготовка стандартных посадочных мест механизированным способом для деревьев и кустарников с квадратным комом земли размером: 1,3x1,3x0,6 м с добавлением растительной земли до 25%
47-01-005-18	47-01-005	Подготовка стандартных посадочных мест для деревьев и кустарников с квадратным комом земли механизир	ПОДГОТОВКА ПОСАДОЧНЫХ МЕСТ И ПОСАДКА ДЕРЕВЬЕВ И КУСТАРНИКОВ 	10 шт	Подготовка стандартных посадочных мест механизированным способом для деревьев и кустарников с квадратным комом земли размером: 1,3x1,3x0,6 м с добавлением растительной земли до 50%
47-01-005-19	47-01-005	Подготовка стандартных посадочных мест для деревьев и кустарников с квадратным комом земли механизир	ПОДГОТОВКА ПОСАДОЧНЫХ МЕСТ И ПОСАДКА ДЕРЕВЬЕВ И КУСТАРНИКОВ 	10 шт	Подготовка стандартных посадочных мест механизированным способом для деревьев и кустарников с квадратным комом земли размером: 1,3x1,3x0,6 м с добавлением растительной земли до 75%
47-01-005-20	47-01-005	Подготовка стандартных посадочных мест для деревьев и кустарников с квадратным комом земли механизир	ПОДГОТОВКА ПОСАДОЧНЫХ МЕСТ И ПОСАДКА ДЕРЕВЬЕВ И КУСТАРНИКОВ 	10 шт	Подготовка стандартных посадочных мест механизированным способом для деревьев и кустарников с квадратным комом земли размером: 1,3x1,3x0,6 м с добавлением растительной земли до 100
47-01-005-21	47-01-005	Подготовка стандартных посадочных мест для деревьев и кустарников с квадратным комом земли механизир	ПОДГОТОВКА ПОСАДОЧНЫХ МЕСТ И ПОСАДКА ДЕРЕВЬЕВ И КУСТАРНИКОВ 	10 шт	Подготовка стандартных посадочных мест механизированным способом для деревьев и кустарников с квадратным комом земли размером: 1,5x1,5x0,65 м в естественном грунте
47-01-005-22	47-01-005	Подготовка стандартных посадочных мест для деревьев и кустарников с квадратным комом земли механизир	ПОДГОТОВКА ПОСАДОЧНЫХ МЕСТ И ПОСАДКА ДЕРЕВЬЕВ И КУСТАРНИКОВ 	10 шт	Подготовка стандартных посадочных мест механизированным способом для деревьев и кустарников с квадратным комом земли размером: 1,5x1,5x0,65 м с добавлением растительной земли до 25
47-01-005-23	47-01-005	Подготовка стандартных посадочных мест для деревьев и кустарников с квадратным комом земли механизир	ПОДГОТОВКА ПОСАДОЧНЫХ МЕСТ И ПОСАДКА ДЕРЕВЬЕВ И КУСТАРНИКОВ 	10 шт	Подготовка стандартных посадочных мест механизированным способом для деревьев и кустарников с квадратным комом земли размером: 1,5x1,5x0,65 м с добавлением растительной земли до 50
47-01-005-24	47-01-005	Подготовка стандартных посадочных мест для деревьев и кустарников с квадратным комом земли механизир	ПОДГОТОВКА ПОСАДОЧНЫХ МЕСТ И ПОСАДКА ДЕРЕВЬЕВ И КУСТАРНИКОВ 	10 шт	Подготовка стандартных посадочных мест механизированным способом для деревьев и кустарников с квадратным комом земли размером: 1,5x1,5x0,65 м с добавлением растительной земли до 75
47-01-005-25	47-01-005	Подготовка стандартных посадочных мест для деревьев и кустарников с квадратным комом земли механизир	ПОДГОТОВКА ПОСАДОЧНЫХ МЕСТ И ПОСАДКА ДЕРЕВЬЕВ И КУСТАРНИКОВ 	10 шт	Подготовка стандартных посадочных мест механизированным способом для деревьев и кустарников с квадратным комом земли размером: 1,5x1,5x0,65 м с добавлением растительной земли до 10
47-01-005-26	47-01-005	Подготовка стандартных посадочных мест для деревьев и кустарников с квадратным комом земли механизир	ПОДГОТОВКА ПОСАДОЧНЫХ МЕСТ И ПОСАДКА ДЕРЕВЬЕВ И КУСТАРНИКОВ 	10 шт	Подготовка стандартных посадочных мест механизированным способом для деревьев и кустарников с квадратным комом земли размером: 1,7x1,7x0,65 м в естественном грунте
47-01-005-27	47-01-005	Подготовка стандартных посадочных мест для деревьев и кустарников с квадратным комом земли механизир	ПОДГОТОВКА ПОСАДОЧНЫХ МЕСТ И ПОСАДКА ДЕРЕВЬЕВ И КУСТАРНИКОВ 	10 шт	Подготовка стандартных посадочных мест механизированным способом для деревьев и кустарников с квадратным комом земли размером: 1,7x1,7x0,65 м с добавлением растительной земли до 25
47-01-005-28	47-01-005	Подготовка стандартных посадочных мест для деревьев и кустарников с квадратным комом земли механизир	ПОДГОТОВКА ПОСАДОЧНЫХ МЕСТ И ПОСАДКА ДЕРЕВЬЕВ И КУСТАРНИКОВ 	10 шт	Подготовка стандартных посадочных мест механизированным способом для деревьев и кустарников с квадратным комом земли размером: 1,7x1,7x0,65 м с добавлением растительной земли до 50
47-01-005-29	47-01-005	Подготовка стандартных посадочных мест для деревьев и кустарников с квадратным комом земли механизир	ПОДГОТОВКА ПОСАДОЧНЫХ МЕСТ И ПОСАДКА ДЕРЕВЬЕВ И КУСТАРНИКОВ 	10 шт	Подготовка стандартных посадочных мест механизированным способом для деревьев и кустарников с квадратным комом земли размером: 1,7x1,7x0,65 м с добавлением растительной земли до 75
47-01-005-30	47-01-005	Подготовка стандартных посадочных мест для деревьев и кустарников с квадратным комом земли механизир	ПОДГОТОВКА ПОСАДОЧНЫХ МЕСТ И ПОСАДКА ДЕРЕВЬЕВ И КУСТАРНИКОВ 	10 шт	Подготовка стандартных посадочных мест механизированным способом для деревьев и кустарников с квадратным комом земли размером: 1,7x1,7x0,65 м с добавлением растительной земли до 10
47-01-006-01	47-01-006	Подготовка стандартных посадочных мест для деревьев и кустарников с круглым комом земли вручную	ПОДГОТОВКА ПОСАДОЧНЫХ МЕСТ И ПОСАДКА ДЕРЕВЬЕВ И КУСТАРНИКОВ 	10 шт	Подготовка стандартных посадочных мест вручную для деревьев и кустарников с круглым комом земли размером: 0,2x0,15 м и 0,25x0,2 м в естественном грунте
47-01-006-02	47-01-006	Подготовка стандартных посадочных мест для деревьев и кустарников с круглым комом земли вручную	ПОДГОТОВКА ПОСАДОЧНЫХ МЕСТ И ПОСАДКА ДЕРЕВЬЕВ И КУСТАРНИКОВ 	10 шт	Подготовка стандартных посадочных мест вручную для деревьев и кустарников с круглым комом земли размером: 0,2x0,15 м и 0,25x0,2 м с добавлением растительной земли до 25%
47-01-006-03	47-01-006	Подготовка стандартных посадочных мест для деревьев и кустарников с круглым комом земли вручную	ПОДГОТОВКА ПОСАДОЧНЫХ МЕСТ И ПОСАДКА ДЕРЕВЬЕВ И КУСТАРНИКОВ 	10 шт	Подготовка стандартных посадочных мест вручную для деревьев и кустарников с круглым комом земли размером: 0,2x0,15 м и 0,25x0,2 м с добавлением растительной земли до 50%
47-01-006-04	47-01-006	Подготовка стандартных посадочных мест для деревьев и кустарников с круглым комом земли вручную	ПОДГОТОВКА ПОСАДОЧНЫХ МЕСТ И ПОСАДКА ДЕРЕВЬЕВ И КУСТАРНИКОВ 	10 шт	Подготовка стандартных посадочных мест вручную для деревьев и кустарников с круглым комом земли размером: 0,2x0,15 м и 0,25x0,2 м с добавлением растительной земли до 75%
47-01-006-05	47-01-006	Подготовка стандартных посадочных мест для деревьев и кустарников с круглым комом земли вручную	ПОДГОТОВКА ПОСАДОЧНЫХ МЕСТ И ПОСАДКА ДЕРЕВЬЕВ И КУСТАРНИКОВ 	10 шт	Подготовка стандартных посадочных мест вручную для деревьев и кустарников с круглым комом земли размером: 0,2x0,15 м и 0,25x0,2 м с добавлением растительной земли до 100%
47-01-006-06	47-01-006	Подготовка стандартных посадочных мест для деревьев и кустарников с круглым комом земли вручную	ПОДГОТОВКА ПОСАДОЧНЫХ МЕСТ И ПОСАДКА ДЕРЕВЬЕВ И КУСТАРНИКОВ 	10 шт	Подготовка стандартных посадочных мест вручную для деревьев и кустарников с круглым комом земли размером: 0,3x0,3 м в естественном грунте
47-01-006-07	47-01-006	Подготовка стандартных посадочных мест для деревьев и кустарников с круглым комом земли вручную	ПОДГОТОВКА ПОСАДОЧНЫХ МЕСТ И ПОСАДКА ДЕРЕВЬЕВ И КУСТАРНИКОВ 	10 шт	Подготовка стандартных посадочных мест вручную для деревьев и кустарников с круглым комом земли размером: 0,3x0,3 м с добавлением растительной земли до 25%
47-01-006-08	47-01-006	Подготовка стандартных посадочных мест для деревьев и кустарников с круглым комом земли вручную	ПОДГОТОВКА ПОСАДОЧНЫХ МЕСТ И ПОСАДКА ДЕРЕВЬЕВ И КУСТАРНИКОВ 	10 шт	Подготовка стандартных посадочных мест вручную для деревьев и кустарников с круглым комом земли размером: 0,3x0,3 м с добавлением растительной земли до 50%
47-01-006-09	47-01-006	Подготовка стандартных посадочных мест для деревьев и кустарников с круглым комом земли вручную	ПОДГОТОВКА ПОСАДОЧНЫХ МЕСТ И ПОСАДКА ДЕРЕВЬЕВ И КУСТАРНИКОВ 	10 шт	Подготовка стандартных посадочных мест вручную для деревьев и кустарников с круглым комом земли размером: 0,3x0,3 м с добавлением растительной земли до 75%
47-01-006-10	47-01-006	Подготовка стандартных посадочных мест для деревьев и кустарников с круглым комом земли вручную	ПОДГОТОВКА ПОСАДОЧНЫХ МЕСТ И ПОСАДКА ДЕРЕВЬЕВ И КУСТАРНИКОВ 	10 шт	Подготовка стандартных посадочных мест вручную для деревьев и кустарников с круглым комом земли размером: 0,3x0,3 м с добавлением растительной земли до 100%
47-01-006-11	47-01-006	Подготовка стандартных посадочных мест для деревьев и кустарников с круглым комом земли вручную	ПОДГОТОВКА ПОСАДОЧНЫХ МЕСТ И ПОСАДКА ДЕРЕВЬЕВ И КУСТАРНИКОВ 	10 шт	Подготовка стандартных посадочных мест вручную для деревьев и кустарников с круглым комом земли размером: 0,5x0,4 м в естественном грунте
47-01-006-12	47-01-006	Подготовка стандартных посадочных мест для деревьев и кустарников с круглым комом земли вручную	ПОДГОТОВКА ПОСАДОЧНЫХ МЕСТ И ПОСАДКА ДЕРЕВЬЕВ И КУСТАРНИКОВ 	10 шт	Подготовка стандартных посадочных мест вручную для деревьев и кустарников с круглым комом земли размером: 0,5x0,4 м с добавлением растительной земли до 25%
47-01-006-13	47-01-006	Подготовка стандартных посадочных мест для деревьев и кустарников с круглым комом земли вручную	ПОДГОТОВКА ПОСАДОЧНЫХ МЕСТ И ПОСАДКА ДЕРЕВЬЕВ И КУСТАРНИКОВ 	10 шт	Подготовка стандартных посадочных мест вручную для деревьев и кустарников с круглым комом земли размером: 0,5x0,4 м с добавлением растительной земли до 50%
47-01-006-14	47-01-006	Подготовка стандартных посадочных мест для деревьев и кустарников с круглым комом земли вручную	ПОДГОТОВКА ПОСАДОЧНЫХ МЕСТ И ПОСАДКА ДЕРЕВЬЕВ И КУСТАРНИКОВ 	10 шт	Подготовка стандартных посадочных мест вручную для деревьев и кустарников с круглым комом земли размером: 0,5x0,4 м с добавлением растительной земли до 75%
47-01-006-15	47-01-006	Подготовка стандартных посадочных мест для деревьев и кустарников с круглым комом земли вручную	ПОДГОТОВКА ПОСАДОЧНЫХ МЕСТ И ПОСАДКА ДЕРЕВЬЕВ И КУСТАРНИКОВ 	10 шт	Подготовка стандартных посадочных мест вручную для деревьев и кустарников с круглым комом земли размером: 0,5x0,4 м с добавлением растительной земли до 100%
47-01-006-16	47-01-006	Подготовка стандартных посадочных мест для деревьев и кустарников с круглым комом земли вручную	ПОДГОТОВКА ПОСАДОЧНЫХ МЕСТ И ПОСАДКА ДЕРЕВЬЕВ И КУСТАРНИКОВ 	10 шт	Подготовка стандартных посадочных мест вручную для деревьев и кустарников с круглым комом земли размером: 0,8x0,6 м в естественном грунте
47-01-006-17	47-01-006	Подготовка стандартных посадочных мест для деревьев и кустарников с круглым комом земли вручную	ПОДГОТОВКА ПОСАДОЧНЫХ МЕСТ И ПОСАДКА ДЕРЕВЬЕВ И КУСТАРНИКОВ 	10 шт	Подготовка стандартных посадочных мест вручную для деревьев и кустарников с круглым комом земли размером: 0,8x0,6 м с добавлением растительной земли до 25%
47-01-006-18	47-01-006	Подготовка стандартных посадочных мест для деревьев и кустарников с круглым комом земли вручную	ПОДГОТОВКА ПОСАДОЧНЫХ МЕСТ И ПОСАДКА ДЕРЕВЬЕВ И КУСТАРНИКОВ 	10 шт	Подготовка стандартных посадочных мест вручную для деревьев и кустарников с круглым комом земли размером: 0,8x0,6 м с добавлением растительной земли до 50%
47-01-006-19	47-01-006	Подготовка стандартных посадочных мест для деревьев и кустарников с круглым комом земли вручную	ПОДГОТОВКА ПОСАДОЧНЫХ МЕСТ И ПОСАДКА ДЕРЕВЬЕВ И КУСТАРНИКОВ 	10 шт	Подготовка стандартных посадочных мест вручную для деревьев и кустарников с круглым комом земли размером: 0,8x0,6 м с добавлением растительной земли до 75%
47-01-006-20	47-01-006	Подготовка стандартных посадочных мест для деревьев и кустарников с круглым комом земли вручную	ПОДГОТОВКА ПОСАДОЧНЫХ МЕСТ И ПОСАДКА ДЕРЕВЬЕВ И КУСТАРНИКОВ 	10 шт	Подготовка стандартных посадочных мест вручную для деревьев и кустарников с круглым комом земли размером: 0,8x0,6 м с добавлением растительной земли до 100%
47-01-007-01	47-01-007	Подготовка стандартных посадочных мест для деревьев и кустарников с квадратным комом земли вручную	ПОДГОТОВКА ПОСАДОЧНЫХ МЕСТ И ПОСАДКА ДЕРЕВЬЕВ И КУСТАРНИКОВ 	10 шт	Подготовка стандартных посадочных мест вручную для деревьев и кустарников с квадратным комом земли размером: 0,5x0,5x0,4 м в естественном грунте
47-01-007-02	47-01-007	Подготовка стандартных посадочных мест для деревьев и кустарников с квадратным комом земли вручную	ПОДГОТОВКА ПОСАДОЧНЫХ МЕСТ И ПОСАДКА ДЕРЕВЬЕВ И КУСТАРНИКОВ 	10 шт	Подготовка стандартных посадочных мест вручную для деревьев и кустарников с квадратным комом земли размером: 0,5x0,5x0,4 м с добавлением растительной земли до 25%
47-01-007-03	47-01-007	Подготовка стандартных посадочных мест для деревьев и кустарников с квадратным комом земли вручную	ПОДГОТОВКА ПОСАДОЧНЫХ МЕСТ И ПОСАДКА ДЕРЕВЬЕВ И КУСТАРНИКОВ 	10 шт	Подготовка стандартных посадочных мест вручную для деревьев и кустарников с квадратным комом земли размером: 0,5x0,5x0,4 м с добавлением растительной земли до 50%
47-01-007-04	47-01-007	Подготовка стандартных посадочных мест для деревьев и кустарников с квадратным комом земли вручную	ПОДГОТОВКА ПОСАДОЧНЫХ МЕСТ И ПОСАДКА ДЕРЕВЬЕВ И КУСТАРНИКОВ 	10 шт	Подготовка стандартных посадочных мест вручную для деревьев и кустарников с квадратным комом земли размером: 0,5x0,5x0,4 м с добавлением растительной земли до 75%
47-01-007-05	47-01-007	Подготовка стандартных посадочных мест для деревьев и кустарников с квадратным комом земли вручную	ПОДГОТОВКА ПОСАДОЧНЫХ МЕСТ И ПОСАДКА ДЕРЕВЬЕВ И КУСТАРНИКОВ 	10 шт	Подготовка стандартных посадочных мест вручную для деревьев и кустарников с квадратным комом земли размером: 0,5x0,5x0,4 м с добавлением растительной земли до 100%
47-01-007-06	47-01-007	Подготовка стандартных посадочных мест для деревьев и кустарников с квадратным комом земли вручную	ПОДГОТОВКА ПОСАДОЧНЫХ МЕСТ И ПОСАДКА ДЕРЕВЬЕВ И КУСТАРНИКОВ 	10 шт	Подготовка стандартных посадочных мест вручную для деревьев и кустарников с квадратным комом земли размером: 0,8x0,8x0,5 м в естественном грунте
47-01-007-07	47-01-007	Подготовка стандартных посадочных мест для деревьев и кустарников с квадратным комом земли вручную	ПОДГОТОВКА ПОСАДОЧНЫХ МЕСТ И ПОСАДКА ДЕРЕВЬЕВ И КУСТАРНИКОВ 	10 шт	Подготовка стандартных посадочных мест вручную для деревьев и кустарников с квадратным комом земли размером: 0,8x0,8x0,5 м с добавлением растительной земли до 25%
47-01-007-08	47-01-007	Подготовка стандартных посадочных мест для деревьев и кустарников с квадратным комом земли вручную	ПОДГОТОВКА ПОСАДОЧНЫХ МЕСТ И ПОСАДКА ДЕРЕВЬЕВ И КУСТАРНИКОВ 	10 шт	Подготовка стандартных посадочных мест вручную для деревьев и кустарников с квадратным комом земли размером: 0,8x0,8x0,5 м с добавлением растительной земли до 50%
47-01-007-09	47-01-007	Подготовка стандартных посадочных мест для деревьев и кустарников с квадратным комом земли вручную	ПОДГОТОВКА ПОСАДОЧНЫХ МЕСТ И ПОСАДКА ДЕРЕВЬЕВ И КУСТАРНИКОВ 	10 шт	Подготовка стандартных посадочных мест вручную для деревьев и кустарников с квадратным комом земли размером: 0,8x0,8x0,5 м с добавлением растительной земли до 75%
47-01-007-10	47-01-007	Подготовка стандартных посадочных мест для деревьев и кустарников с квадратным комом земли вручную	ПОДГОТОВКА ПОСАДОЧНЫХ МЕСТ И ПОСАДКА ДЕРЕВЬЕВ И КУСТАРНИКОВ 	10 шт	Подготовка стандартных посадочных мест вручную для деревьев и кустарников с квадратным комом земли размером: 0,8x0,8x0,5 м с добавлением растительной земли до 100%
47-01-007-11	47-01-007	Подготовка стандартных посадочных мест для деревьев и кустарников с квадратным комом земли вручную	ПОДГОТОВКА ПОСАДОЧНЫХ МЕСТ И ПОСАДКА ДЕРЕВЬЕВ И КУСТАРНИКОВ 	10 шт	Подготовка стандартных посадочных мест вручную для деревьев и кустарников с квадратным комом земли размером: 1,0x1,0x0,6 м в естественном грунте
47-01-007-12	47-01-007	Подготовка стандартных посадочных мест для деревьев и кустарников с квадратным комом земли вручную	ПОДГОТОВКА ПОСАДОЧНЫХ МЕСТ И ПОСАДКА ДЕРЕВЬЕВ И КУСТАРНИКОВ 	10 шт	Подготовка стандартных посадочных мест вручную для деревьев и кустарников с квадратным комом земли размером: 1,0x1,0x0,6 м с добавлением растительной земли до 25%
47-01-007-13	47-01-007	Подготовка стандартных посадочных мест для деревьев и кустарников с квадратным комом земли вручную	ПОДГОТОВКА ПОСАДОЧНЫХ МЕСТ И ПОСАДКА ДЕРЕВЬЕВ И КУСТАРНИКОВ 	10 шт	Подготовка стандартных посадочных мест вручную для деревьев и кустарников с квадратным комом земли размером: 1,0x1,0x0,6 м с добавлением растительной земли до 50%
47-01-007-14	47-01-007	Подготовка стандартных посадочных мест для деревьев и кустарников с квадратным комом земли вручную	ПОДГОТОВКА ПОСАДОЧНЫХ МЕСТ И ПОСАДКА ДЕРЕВЬЕВ И КУСТАРНИКОВ 	10 шт	Подготовка стандартных посадочных мест вручную для деревьев и кустарников с квадратным комом земли размером: 1,0x1,0x0,6 м с добавлением растительной земли до 75%
47-01-007-15	47-01-007	Подготовка стандартных посадочных мест для деревьев и кустарников с квадратным комом земли вручную	ПОДГОТОВКА ПОСАДОЧНЫХ МЕСТ И ПОСАДКА ДЕРЕВЬЕВ И КУСТАРНИКОВ 	10 шт	Подготовка стандартных посадочных мест вручную для деревьев и кустарников с квадратным комом земли размером: 1,0x1,0x0,6 м с добавлением растительной земли до 100%
47-01-007-16	47-01-007	Подготовка стандартных посадочных мест для деревьев и кустарников с квадратным комом земли вручную	ПОДГОТОВКА ПОСАДОЧНЫХ МЕСТ И ПОСАДКА ДЕРЕВЬЕВ И КУСТАРНИКОВ 	10 шт	Подготовка стандартных посадочных мест вручную для деревьев и кустарников с квадратным комом земли размером: 1,3x1,3x0,6 м в естественном грунте
47-01-007-17	47-01-007	Подготовка стандартных посадочных мест для деревьев и кустарников с квадратным комом земли вручную	ПОДГОТОВКА ПОСАДОЧНЫХ МЕСТ И ПОСАДКА ДЕРЕВЬЕВ И КУСТАРНИКОВ 	10 шт	Подготовка стандартных посадочных мест вручную для деревьев и кустарников с квадратным комом земли размером: 1,3x1,3x0,6 м с добавлением растительной земли до 25%
47-01-007-18	47-01-007	Подготовка стандартных посадочных мест для деревьев и кустарников с квадратным комом земли вручную	ПОДГОТОВКА ПОСАДОЧНЫХ МЕСТ И ПОСАДКА ДЕРЕВЬЕВ И КУСТАРНИКОВ 	10 шт	Подготовка стандартных посадочных мест вручную для деревьев и кустарников с квадратным комом земли размером: 1,3x1,3x0,6 м с добавлением растительной земли до 50%
47-01-007-19	47-01-007	Подготовка стандартных посадочных мест для деревьев и кустарников с квадратным комом земли вручную	ПОДГОТОВКА ПОСАДОЧНЫХ МЕСТ И ПОСАДКА ДЕРЕВЬЕВ И КУСТАРНИКОВ 	10 шт	Подготовка стандартных посадочных мест вручную для деревьев и кустарников с квадратным комом земли размером: 1,3x1,3x0,6 м с добавлением растительной земли до 75%
47-01-007-20	47-01-007	Подготовка стандартных посадочных мест для деревьев и кустарников с квадратным комом земли вручную	ПОДГОТОВКА ПОСАДОЧНЫХ МЕСТ И ПОСАДКА ДЕРЕВЬЕВ И КУСТАРНИКОВ 	10 шт	Подготовка стандартных посадочных мест вручную для деревьев и кустарников с квадратным комом земли размером: 1,3x1,3x0,6 м с добавлением растительной земли до 100%
47-01-007-21	47-01-007	Подготовка стандартных посадочных мест для деревьев и кустарников с квадратным комом земли вручную	ПОДГОТОВКА ПОСАДОЧНЫХ МЕСТ И ПОСАДКА ДЕРЕВЬЕВ И КУСТАРНИКОВ 	10 шт	Подготовка стандартных посадочных мест вручную для деревьев и кустарников с квадратным комом земли размером: 1,5x1,5x0,65 м в естественном грунте
47-01-007-22	47-01-007	Подготовка стандартных посадочных мест для деревьев и кустарников с квадратным комом земли вручную	ПОДГОТОВКА ПОСАДОЧНЫХ МЕСТ И ПОСАДКА ДЕРЕВЬЕВ И КУСТАРНИКОВ 	10 шт	Подготовка стандартных посадочных мест вручную для деревьев и кустарников с квадратным комом земли размером: 1,5x1,5x0,65 м с добавлением растительной земли до 25%
47-01-007-23	47-01-007	Подготовка стандартных посадочных мест для деревьев и кустарников с квадратным комом земли вручную	ПОДГОТОВКА ПОСАДОЧНЫХ МЕСТ И ПОСАДКА ДЕРЕВЬЕВ И КУСТАРНИКОВ 	10 шт	Подготовка стандартных посадочных мест вручную для деревьев и кустарников с квадратным комом земли размером: 1,5x1,5x0,65 м с добавлением растительной земли до 50%
47-01-007-24	47-01-007	Подготовка стандартных посадочных мест для деревьев и кустарников с квадратным комом земли вручную	ПОДГОТОВКА ПОСАДОЧНЫХ МЕСТ И ПОСАДКА ДЕРЕВЬЕВ И КУСТАРНИКОВ 	10 шт	Подготовка стандартных посадочных мест вручную для деревьев и кустарников с квадратным комом земли размером: 1,5x1,5x0,65 м с добавлением растительной земли до 75%
47-01-007-25	47-01-007	Подготовка стандартных посадочных мест для деревьев и кустарников с квадратным комом земли вручную	ПОДГОТОВКА ПОСАДОЧНЫХ МЕСТ И ПОСАДКА ДЕРЕВЬЕВ И КУСТАРНИКОВ 	10 шт	Подготовка стандартных посадочных мест вручную для деревьев и кустарников с квадратным комом земли размером: 1,5x1,5x0,65 м с добавлением растительной земли до 100%
47-01-007-26	47-01-007	Подготовка стандартных посадочных мест для деревьев и кустарников с квадратным комом земли вручную	ПОДГОТОВКА ПОСАДОЧНЫХ МЕСТ И ПОСАДКА ДЕРЕВЬЕВ И КУСТАРНИКОВ 	10 шт	Подготовка стандартных посадочных мест вручную для деревьев и кустарников с квадратным комом земли размером: 1,7x1,7x0,65 м в естественном грунте
47-01-007-27	47-01-007	Подготовка стандартных посадочных мест для деревьев и кустарников с квадратным комом земли вручную	ПОДГОТОВКА ПОСАДОЧНЫХ МЕСТ И ПОСАДКА ДЕРЕВЬЕВ И КУСТАРНИКОВ 	10 шт	Подготовка стандартных посадочных мест вручную для деревьев и кустарников с квадратным комом земли размером: 1,7x1,7x0,65 м с добавлением растительной земли до 25%
47-01-007-28	47-01-007	Подготовка стандартных посадочных мест для деревьев и кустарников с квадратным комом земли вручную	ПОДГОТОВКА ПОСАДОЧНЫХ МЕСТ И ПОСАДКА ДЕРЕВЬЕВ И КУСТАРНИКОВ 	10 шт	Подготовка стандартных посадочных мест вручную для деревьев и кустарников с квадратным комом земли размером: 1,7x1,7x0,65 м с добавлением растительной земли до 50%
47-01-007-29	47-01-007	Подготовка стандартных посадочных мест для деревьев и кустарников с квадратным комом земли вручную	ПОДГОТОВКА ПОСАДОЧНЫХ МЕСТ И ПОСАДКА ДЕРЕВЬЕВ И КУСТАРНИКОВ 	10 шт	Подготовка стандартных посадочных мест вручную для деревьев и кустарников с квадратным комом земли размером: 1,7x1,7x0,65 м с добавлением растительной земли до 75%
47-01-007-30	47-01-007	Подготовка стандартных посадочных мест для деревьев и кустарников с квадратным комом земли вручную	ПОДГОТОВКА ПОСАДОЧНЫХ МЕСТ И ПОСАДКА ДЕРЕВЬЕВ И КУСТАРНИКОВ 	10 шт	Подготовка стандартных посадочных мест вручную для деревьев и кустарников с квадратным комом земли размером: 1,7x1,7x0,65 м с добавлением растительной земли до 100%
47-01-008-01	47-01-008	Подготовка нестандартных посадочных мест для деревьев или кустарников с комом земли	ПОДГОТОВКА ПОСАДОЧНЫХ МЕСТ И ПОСАДКА ДЕРЕВЬЕВ И КУСТАРНИКОВ 	10 м3	Подготовка нестандартных посадочных мест для деревьев или кустарников с комом земли механизированным способом: в естественном грунте
47-01-008-02	47-01-008	Подготовка нестандартных посадочных мест для деревьев или кустарников с комом земли	ПОДГОТОВКА ПОСАДОЧНЫХ МЕСТ И ПОСАДКА ДЕРЕВЬЕВ И КУСТАРНИКОВ 	10 м3	Подготовка нестандартных посадочных мест для деревьев или кустарников с комом земли механизированным способом: с добавлением растительной земли до 25%
47-01-008-03	47-01-008	Подготовка нестандартных посадочных мест для деревьев или кустарников с комом земли	ПОДГОТОВКА ПОСАДОЧНЫХ МЕСТ И ПОСАДКА ДЕРЕВЬЕВ И КУСТАРНИКОВ 	10 м3	Подготовка нестандартных посадочных мест для деревьев или кустарников с комом земли механизированным способом: с добавлением растительной земли до 50%
47-01-008-04	47-01-008	Подготовка нестандартных посадочных мест для деревьев или кустарников с комом земли	ПОДГОТОВКА ПОСАДОЧНЫХ МЕСТ И ПОСАДКА ДЕРЕВЬЕВ И КУСТАРНИКОВ 	10 м3	Подготовка нестандартных посадочных мест для деревьев или кустарников с комом земли механизированным способом: с добавлением растительной земли до 75%
47-01-008-05	47-01-008	Подготовка нестандартных посадочных мест для деревьев или кустарников с комом земли	ПОДГОТОВКА ПОСАДОЧНЫХ МЕСТ И ПОСАДКА ДЕРЕВЬЕВ И КУСТАРНИКОВ 	10 м3	Подготовка нестандартных посадочных мест для деревьев или кустарников с комом земли механизированным способом: с добавлением растительной земли до 100%
47-01-008-06	47-01-008	Подготовка нестандартных посадочных мест для деревьев или кустарников с комом земли	ПОДГОТОВКА ПОСАДОЧНЫХ МЕСТ И ПОСАДКА ДЕРЕВЬЕВ И КУСТАРНИКОВ 	10 м3	Подготовка нестандартных посадочных мест для деревьев или кустарников с комом земли вручную: в естественном грунте
47-01-008-07	47-01-008	Подготовка нестандартных посадочных мест для деревьев или кустарников с комом земли	ПОДГОТОВКА ПОСАДОЧНЫХ МЕСТ И ПОСАДКА ДЕРЕВЬЕВ И КУСТАРНИКОВ 	10 м3	Подготовка нестандартных посадочных мест для деревьев или кустарников с комом земли вручную: с добавлением растительной земли до 25%
47-01-008-08	47-01-008	Подготовка нестандартных посадочных мест для деревьев или кустарников с комом земли	ПОДГОТОВКА ПОСАДОЧНЫХ МЕСТ И ПОСАДКА ДЕРЕВЬЕВ И КУСТАРНИКОВ 	10 м3	Подготовка нестандартных посадочных мест для деревьев или кустарников с комом земли вручную: с добавлением растительной земли до 50%
47-01-008-09	47-01-008	Подготовка нестандартных посадочных мест для деревьев или кустарников с комом земли	ПОДГОТОВКА ПОСАДОЧНЫХ МЕСТ И ПОСАДКА ДЕРЕВЬЕВ И КУСТАРНИКОВ 	10 м3	Подготовка нестандартных посадочных мест для деревьев или кустарников с комом земли вручную: с добавлением растительной земли до 75%
47-01-008-10	47-01-008	Подготовка нестандартных посадочных мест для деревьев или кустарников с комом земли	ПОДГОТОВКА ПОСАДОЧНЫХ МЕСТ И ПОСАДКА ДЕРЕВЬЕВ И КУСТАРНИКОВ 	10 м3	Подготовка нестандартных посадочных мест для деревьев или кустарников с комом земли вручную: с добавлением растительной земли до 100%
47-01-009-01	47-01-009	Посадка деревьев и кустарников с комом земли	ПОДГОТОВКА ПОСАДОЧНЫХ МЕСТ И ПОСАДКА ДЕРЕВЬЕВ И КУСТАРНИКОВ 	10 шт	Посадка деревьев и кустарников с комом земли размером: 0,2x0,15 м и 0,25x0,2 м
47-01-009-02	47-01-009	Посадка деревьев и кустарников с комом земли	ПОДГОТОВКА ПОСАДОЧНЫХ МЕСТ И ПОСАДКА ДЕРЕВЬЕВ И КУСТАРНИКОВ 	10 шт	Посадка деревьев и кустарников с комом земли размером: 0,3x0,3 м
47-01-009-03	47-01-009	Посадка деревьев и кустарников с комом земли	ПОДГОТОВКА ПОСАДОЧНЫХ МЕСТ И ПОСАДКА ДЕРЕВЬЕВ И КУСТАРНИКОВ 	10 шт	Посадка деревьев и кустарников с комом земли размером: 0,5x0,4 м
47-01-009-04	47-01-009	Посадка деревьев и кустарников с комом земли	ПОДГОТОВКА ПОСАДОЧНЫХ МЕСТ И ПОСАДКА ДЕРЕВЬЕВ И КУСТАРНИКОВ 	10 шт	Посадка деревьев и кустарников с комом земли размером: 0,8x0,6 м
47-01-009-05	47-01-009	Посадка деревьев и кустарников с комом земли	ПОДГОТОВКА ПОСАДОЧНЫХ МЕСТ И ПОСАДКА ДЕРЕВЬЕВ И КУСТАРНИКОВ 	10 шт	Посадка деревьев и кустарников с комом земли размером: 0,5x0,5x0,4 м
47-01-009-06	47-01-009	Посадка деревьев и кустарников с комом земли	ПОДГОТОВКА ПОСАДОЧНЫХ МЕСТ И ПОСАДКА ДЕРЕВЬЕВ И КУСТАРНИКОВ 	10 шт	Посадка деревьев и кустарников с комом земли размером: 0,8x0,8x0,5 м
47-01-009-07	47-01-009	Посадка деревьев и кустарников с комом земли	ПОДГОТОВКА ПОСАДОЧНЫХ МЕСТ И ПОСАДКА ДЕРЕВЬЕВ И КУСТАРНИКОВ 	10 шт	Посадка деревьев и кустарников с комом земли размером: 1,0x1,0x0,6 м
47-01-009-08	47-01-009	Посадка деревьев и кустарников с комом земли	ПОДГОТОВКА ПОСАДОЧНЫХ МЕСТ И ПОСАДКА ДЕРЕВЬЕВ И КУСТАРНИКОВ 	10 шт	Посадка деревьев и кустарников с комом земли размером: 1,3x1,3x0,6 м
47-01-009-09	47-01-009	Посадка деревьев и кустарников с комом земли	ПОДГОТОВКА ПОСАДОЧНЫХ МЕСТ И ПОСАДКА ДЕРЕВЬЕВ И КУСТАРНИКОВ 	10 шт	Посадка деревьев и кустарников с комом земли размером: 1,5x1,5x0,65 м
47-01-009-10	47-01-009	Посадка деревьев и кустарников с комом земли	ПОДГОТОВКА ПОСАДОЧНЫХ МЕСТ И ПОСАДКА ДЕРЕВЬЕВ И КУСТАРНИКОВ 	10 шт	Посадка деревьев и кустарников с комом земли размером: 1,7x1,7x0,65 м
47-01-009-11	47-01-009	Посадка деревьев и кустарников с комом земли	ПОДГОТОВКА ПОСАДОЧНЫХ МЕСТ И ПОСАДКА ДЕРЕВЬЕВ И КУСТАРНИКОВ 	10 шт	Посадка деревьев и кустарников с комом земли размером: 2,0х2,0х0,8
47-01-009-12	47-01-009	Посадка деревьев и кустарников с комом земли	ПОДГОТОВКА ПОСАДОЧНЫХ МЕСТ И ПОСАДКА ДЕРЕВЬЕВ И КУСТАРНИКОВ 	10 шт	Посадка деревьев и кустарников с комом земли размером: 2,4х2,4х0,95 м
47-01-009-13	47-01-009	Посадка деревьев и кустарников с комом земли	ПОДГОТОВКА ПОСАДОЧНЫХ МЕСТ И ПОСАДКА ДЕРЕВЬЕВ И КУСТАРНИКОВ 	м3	На каждый 1 м3 изменения объема кома земли добавлять или исключать к нормам с 47-01-009-01 по 47-01-009-12
47-01-010-01	47-01-010	Нормы для корректировки таблиц с 47-01-004 по 47-01-008 при использовании готовых растительных смесе	ПОДГОТОВКА ПОСАДОЧНЫХ МЕСТ И ПОСАДКА ДЕРЕВЬЕВ И КУСТАРНИКОВ 	м3	Приготовление растительной смеси вручную исключать из норм таблиц с 47-01-004 по 47-01-008
47-01-015-01	47-01-015	Подготовка стандартных посадочных мест для деревьев-саженцев	ПОДГОТОВКА ПОСАДОЧНЫХ МЕСТ И ПОСАДКА ДЕРЕВЬЕВ-САЖЕНЦЕВ	10 шт	Подготовка стандартных посадочных мест для деревьев-саженцев с оголенной корневой системой механизированным способом: в естественном грунте
47-01-015-02	47-01-015	Подготовка стандартных посадочных мест для деревьев-саженцев	ПОДГОТОВКА ПОСАДОЧНЫХ МЕСТ И ПОСАДКА ДЕРЕВЬЕВ-САЖЕНЦЕВ	10 шт	Подготовка стандартных посадочных мест для деревьев-саженцев с оголенной корневой системой механизированным способом: с добавлением растительной земли до 25%
47-01-015-03	47-01-015	Подготовка стандартных посадочных мест для деревьев-саженцев	ПОДГОТОВКА ПОСАДОЧНЫХ МЕСТ И ПОСАДКА ДЕРЕВЬЕВ-САЖЕНЦЕВ	10 шт	Подготовка стандартных посадочных мест для деревьев-саженцев с оголенной корневой системой механизированным способом: с добавлением растительной земли до 50%
47-01-015-04	47-01-015	Подготовка стандартных посадочных мест для деревьев-саженцев	ПОДГОТОВКА ПОСАДОЧНЫХ МЕСТ И ПОСАДКА ДЕРЕВЬЕВ-САЖЕНЦЕВ	10 шт	Подготовка стандартных посадочных мест для деревьев-саженцев с оголенной корневой системой механизированным способом: с добавлением растительной земли до 75%
47-01-015-05	47-01-015	Подготовка стандартных посадочных мест для деревьев-саженцев	ПОДГОТОВКА ПОСАДОЧНЫХ МЕСТ И ПОСАДКА ДЕРЕВЬЕВ-САЖЕНЦЕВ	10 шт	Подготовка стандартных посадочных мест для деревьев-саженцев с оголенной корневой системой механизированным способом: с добавлением растительной земли до 100%
47-01-015-06	47-01-015	Подготовка стандартных посадочных мест для деревьев-саженцев	ПОДГОТОВКА ПОСАДОЧНЫХ МЕСТ И ПОСАДКА ДЕРЕВЬЕВ-САЖЕНЦЕВ	10 шт	Подготовка стандартных посадочных мест для деревьев-саженцев с оголенной корневой системой вручную: в естественном грунте
47-01-015-07	47-01-015	Подготовка стандартных посадочных мест для деревьев-саженцев	ПОДГОТОВКА ПОСАДОЧНЫХ МЕСТ И ПОСАДКА ДЕРЕВЬЕВ-САЖЕНЦЕВ	10 шт	Подготовка стандартных посадочных мест для деревьев-саженцев с оголенной корневой системой вручную: с добавлением растительной земли до 25%
47-01-015-08	47-01-015	Подготовка стандартных посадочных мест для деревьев-саженцев	ПОДГОТОВКА ПОСАДОЧНЫХ МЕСТ И ПОСАДКА ДЕРЕВЬЕВ-САЖЕНЦЕВ	10 шт	Подготовка стандартных посадочных мест для деревьев-саженцев с оголенной корневой системой вручную: с добавлением растительной земли до 50%
47-01-015-09	47-01-015	Подготовка стандартных посадочных мест для деревьев-саженцев	ПОДГОТОВКА ПОСАДОЧНЫХ МЕСТ И ПОСАДКА ДЕРЕВЬЕВ-САЖЕНЦЕВ	10 шт	Подготовка стандартных посадочных мест для деревьев-саженцев с оголенной корневой системой вручную: с добавлением растительной земли до 75%
47-01-015-10	47-01-015	Подготовка стандартных посадочных мест для деревьев-саженцев	ПОДГОТОВКА ПОСАДОЧНЫХ МЕСТ И ПОСАДКА ДЕРЕВЬЕВ-САЖЕНЦЕВ	10 шт	Подготовка стандартных посадочных мест для деревьев-саженцев с оголенной корневой системой вручную: с добавлением растительной земли до 100%
47-01-016-01	47-01-016	Подготовка нестандартных посадочных мест для деревьев-саженцев	ПОДГОТОВКА ПОСАДОЧНЫХ МЕСТ И ПОСАДКА ДЕРЕВЬЕВ-САЖЕНЦЕВ	10 м3	Подготовка нестандартных посадочных мест для деревьев-саженцев с оголенной корневой системой механизированным способом: в естественном грунте
47-01-016-02	47-01-016	Подготовка нестандартных посадочных мест для деревьев-саженцев	ПОДГОТОВКА ПОСАДОЧНЫХ МЕСТ И ПОСАДКА ДЕРЕВЬЕВ-САЖЕНЦЕВ	10 м3	Подготовка нестандартных посадочных мест для деревьев-саженцев с оголенной корневой системой механизированным способом: с добавлением растительной земли до 25%
47-01-016-03	47-01-016	Подготовка нестандартных посадочных мест для деревьев-саженцев	ПОДГОТОВКА ПОСАДОЧНЫХ МЕСТ И ПОСАДКА ДЕРЕВЬЕВ-САЖЕНЦЕВ	10 м3	Подготовка нестандартных посадочных мест для деревьев-саженцев с оголенной корневой системой механизированным способом: с добавлением растительной земли до 50%
47-01-016-04	47-01-016	Подготовка нестандартных посадочных мест для деревьев-саженцев	ПОДГОТОВКА ПОСАДОЧНЫХ МЕСТ И ПОСАДКА ДЕРЕВЬЕВ-САЖЕНЦЕВ	10 м3	Подготовка нестандартных посадочных мест для деревьев-саженцев с оголенной корневой системой механизированным способом: с добавлением растительной земли до 75%
47-01-016-05	47-01-016	Подготовка нестандартных посадочных мест для деревьев-саженцев	ПОДГОТОВКА ПОСАДОЧНЫХ МЕСТ И ПОСАДКА ДЕРЕВЬЕВ-САЖЕНЦЕВ	10 м3	Подготовка нестандартных посадочных мест для деревьев-саженцев с оголенной корневой системой механизированным способом: с добавлением растительной земли до 100%
47-01-016-06	47-01-016	Подготовка нестандартных посадочных мест для деревьев-саженцев	ПОДГОТОВКА ПОСАДОЧНЫХ МЕСТ И ПОСАДКА ДЕРЕВЬЕВ-САЖЕНЦЕВ	10 м3	Подготовка нестандартных посадочных мест для деревьев-саженцев с оголенной корневой системой вручную: в естественном грунте
47-01-016-07	47-01-016	Подготовка нестандартных посадочных мест для деревьев-саженцев	ПОДГОТОВКА ПОСАДОЧНЫХ МЕСТ И ПОСАДКА ДЕРЕВЬЕВ-САЖЕНЦЕВ	10 м3	Подготовка нестандартных посадочных мест для деревьев-саженцев с оголенной корневой системой вручную: с добавлением растительной земли до 25%
47-01-016-08	47-01-016	Подготовка нестандартных посадочных мест для деревьев-саженцев	ПОДГОТОВКА ПОСАДОЧНЫХ МЕСТ И ПОСАДКА ДЕРЕВЬЕВ-САЖЕНЦЕВ	10 м3	Подготовка нестандартных посадочных мест для деревьев-саженцев с оголенной корневой системой вручную: с добавлением растительной земли до 50%
47-01-016-09	47-01-016	Подготовка нестандартных посадочных мест для деревьев-саженцев	ПОДГОТОВКА ПОСАДОЧНЫХ МЕСТ И ПОСАДКА ДЕРЕВЬЕВ-САЖЕНЦЕВ	10 м3	Подготовка нестандартных посадочных мест для деревьев-саженцев с оголенной корневой системой вручную: с добавлением растительной земли до 75%
47-01-016-10	47-01-016	Подготовка нестандартных посадочных мест для деревьев-саженцев	ПОДГОТОВКА ПОСАДОЧНЫХ МЕСТ И ПОСАДКА ДЕРЕВЬЕВ-САЖЕНЦЕВ	10 м3	Подготовка нестандартных посадочных мест для деревьев-саженцев с оголенной корневой системой вручную: с добавлением растительной земли до 100%
47-01-017-01	47-01-017	Посадка деревьев-саженцев с оголенной корневой системой	ПОДГОТОВКА ПОСАДОЧНЫХ МЕСТ И ПОСАДКА ДЕРЕВЬЕВ-САЖЕНЦЕВ	10 шт	Посадка деревьев-саженцев с оголенной корневой системой в ямы размером: 0,7x0,7 м
47-01-017-02	47-01-017	Посадка деревьев-саженцев с оголенной корневой системой	ПОДГОТОВКА ПОСАДОЧНЫХ МЕСТ И ПОСАДКА ДЕРЕВЬЕВ-САЖЕНЦЕВ	10 шт	Посадка деревьев-саженцев с оголенной корневой системой в ямы размером: 1,0x0,8 м
47-01-017-03	47-01-017	Посадка деревьев-саженцев с оголенной корневой системой	ПОДГОТОВКА ПОСАДОЧНЫХ МЕСТ И ПОСАДКА ДЕРЕВЬЕВ-САЖЕНЦЕВ	м3	На каждый 1 м3 изменения объема земли добавлять или исключать к нормам 47-01-017-01, 47-01-017-02
47-01-023-01	47-01-023	Подготовка стандартных посадочных мест для кустарников-саженцев в группы	ПОДГОТОВКА ПОСАДОЧНЫХ МЕСТ И ПОСАДКА КУСТАРНИКОВ-САЖЕНЦЕВ В 	10 шт	Подготовка стандартных посадочных мест для кустарников-саженцев в группы механизированным способом: в естественном грунте
47-01-023-02	47-01-023	Подготовка стандартных посадочных мест для кустарников-саженцев в группы	ПОДГОТОВКА ПОСАДОЧНЫХ МЕСТ И ПОСАДКА КУСТАРНИКОВ-САЖЕНЦЕВ В 	10 шт	Подготовка стандартных посадочных мест для кустарников-саженцев в группы механизированным способом: с добавлением растительной земли до 25%
47-01-023-03	47-01-023	Подготовка стандартных посадочных мест для кустарников-саженцев в группы	ПОДГОТОВКА ПОСАДОЧНЫХ МЕСТ И ПОСАДКА КУСТАРНИКОВ-САЖЕНЦЕВ В 	10 шт	Подготовка стандартных посадочных мест для кустарников-саженцев в группы механизированным способом: с добавлением растительной земли до 50%
47-01-023-04	47-01-023	Подготовка стандартных посадочных мест для кустарников-саженцев в группы	ПОДГОТОВКА ПОСАДОЧНЫХ МЕСТ И ПОСАДКА КУСТАРНИКОВ-САЖЕНЦЕВ В 	10 шт	Подготовка стандартных посадочных мест для кустарников-саженцев в группы механизированным способом: с добавлением растительной земли до 75%
47-01-023-05	47-01-023	Подготовка стандартных посадочных мест для кустарников-саженцев в группы	ПОДГОТОВКА ПОСАДОЧНЫХ МЕСТ И ПОСАДКА КУСТАРНИКОВ-САЖЕНЦЕВ В 	10 шт	Подготовка стандартных посадочных мест для кустарников-саженцев в группы механизированным способом: с добавлением растительной земли до 100%
47-01-023-06	47-01-023	Подготовка стандартных посадочных мест для кустарников-саженцев в группы	ПОДГОТОВКА ПОСАДОЧНЫХ МЕСТ И ПОСАДКА КУСТАРНИКОВ-САЖЕНЦЕВ В 	10 шт	Подготовка стандартных посадочных мест для кустарников-саженцев в группы вручную: в естественном грунте
47-01-023-07	47-01-023	Подготовка стандартных посадочных мест для кустарников-саженцев в группы	ПОДГОТОВКА ПОСАДОЧНЫХ МЕСТ И ПОСАДКА КУСТАРНИКОВ-САЖЕНЦЕВ В 	10 шт	Подготовка стандартных посадочных мест для кустарников-саженцев в группы вручную: с добавлением растительной земли до 25%
47-01-023-08	47-01-023	Подготовка стандартных посадочных мест для кустарников-саженцев в группы	ПОДГОТОВКА ПОСАДОЧНЫХ МЕСТ И ПОСАДКА КУСТАРНИКОВ-САЖЕНЦЕВ В 	10 шт	Подготовка стандартных посадочных мест для кустарников-саженцев в группы вручную: с добавлением растительной земли до 50%
47-01-023-09	47-01-023	Подготовка стандартных посадочных мест для кустарников-саженцев в группы	ПОДГОТОВКА ПОСАДОЧНЫХ МЕСТ И ПОСАДКА КУСТАРНИКОВ-САЖЕНЦЕВ В 	10 шт	Подготовка стандартных посадочных мест для кустарников-саженцев в группы вручную: с добавлением растительной земли до 75%
47-01-023-10	47-01-023	Подготовка стандартных посадочных мест для кустарников-саженцев в группы	ПОДГОТОВКА ПОСАДОЧНЫХ МЕСТ И ПОСАДКА КУСТАРНИКОВ-САЖЕНЦЕВ В 	10 шт	Подготовка стандартных посадочных мест для кустарников-саженцев в группы вручную: с добавлением растительной земли до 100%
47-01-024-01	47-01-024	Подготовка нестандартных посадочных мест для кустарников-саженцев в группы	ПОДГОТОВКА ПОСАДОЧНЫХ МЕСТ И ПОСАДКА КУСТАРНИКОВ-САЖЕНЦЕВ В 	10 м3	Подготовка нестандартных посадочных мест для кустарников-саженцев в группы механизированным способом: в естественном грунте
47-01-024-02	47-01-024	Подготовка нестандартных посадочных мест для кустарников-саженцев в группы	ПОДГОТОВКА ПОСАДОЧНЫХ МЕСТ И ПОСАДКА КУСТАРНИКОВ-САЖЕНЦЕВ В 	10 м3	Подготовка нестандартных посадочных мест для кустарников-саженцев в группы механизированным способом: с добавлением растительной земли до 25%
47-01-024-03	47-01-024	Подготовка нестандартных посадочных мест для кустарников-саженцев в группы	ПОДГОТОВКА ПОСАДОЧНЫХ МЕСТ И ПОСАДКА КУСТАРНИКОВ-САЖЕНЦЕВ В 	10 м3	Подготовка нестандартных посадочных мест для кустарников-саженцев в группы механизированным способом: с добавлением растительной земли до 50%
47-01-024-04	47-01-024	Подготовка нестандартных посадочных мест для кустарников-саженцев в группы	ПОДГОТОВКА ПОСАДОЧНЫХ МЕСТ И ПОСАДКА КУСТАРНИКОВ-САЖЕНЦЕВ В 	10 м3	Подготовка нестандартных посадочных мест для кустарников-саженцев в группы механизированным способом: с добавлением растительной земли до 75%
47-01-024-05	47-01-024	Подготовка нестандартных посадочных мест для кустарников-саженцев в группы	ПОДГОТОВКА ПОСАДОЧНЫХ МЕСТ И ПОСАДКА КУСТАРНИКОВ-САЖЕНЦЕВ В 	10 м3	Подготовка нестандартных посадочных мест для кустарников-саженцев в группы механизированным способом: с добавлением растительной земли до 100%
47-01-024-06	47-01-024	Подготовка нестандартных посадочных мест для кустарников-саженцев в группы	ПОДГОТОВКА ПОСАДОЧНЫХ МЕСТ И ПОСАДКА КУСТАРНИКОВ-САЖЕНЦЕВ В 	10 м3	Подготовка нестандартных посадочных мест для кустарников-саженцев в группы вручную: в естественном грунте
47-01-024-07	47-01-024	Подготовка нестандартных посадочных мест для кустарников-саженцев в группы	ПОДГОТОВКА ПОСАДОЧНЫХ МЕСТ И ПОСАДКА КУСТАРНИКОВ-САЖЕНЦЕВ В 	10 м3	Подготовка нестандартных посадочных мест для кустарников-саженцев в группы вручную: с добавлением растительной земли до 25%
47-01-024-08	47-01-024	Подготовка нестандартных посадочных мест для кустарников-саженцев в группы	ПОДГОТОВКА ПОСАДОЧНЫХ МЕСТ И ПОСАДКА КУСТАРНИКОВ-САЖЕНЦЕВ В 	10 м3	Подготовка нестандартных посадочных мест для кустарников-саженцев в группы вручную: с добавлением растительной земли до 50%
47-01-024-09	47-01-024	Подготовка нестандартных посадочных мест для кустарников-саженцев в группы	ПОДГОТОВКА ПОСАДОЧНЫХ МЕСТ И ПОСАДКА КУСТАРНИКОВ-САЖЕНЦЕВ В 	10 м3	Подготовка нестандартных посадочных мест для кустарников-саженцев в группы вручную: с добавлением растительной земли до 75%
47-01-024-10	47-01-024	Подготовка нестандартных посадочных мест для кустарников-саженцев в группы	ПОДГОТОВКА ПОСАДОЧНЫХ МЕСТ И ПОСАДКА КУСТАРНИКОВ-САЖЕНЦЕВ В 	10 м3	Подготовка нестандартных посадочных мест для кустарников-саженцев в группы вручную: с добавлением растительной земли до 100%
47-01-025-01	47-01-025	Посадка кустарников-саженцев в группы	ПОДГОТОВКА ПОСАДОЧНЫХ МЕСТ И ПОСАДКА КУСТАРНИКОВ-САЖЕНЦЕВ В 	10 шт	Посадка кустарников-саженцев в группы, размер ямы: 0,5x0,5 м
47-01-025-02	47-01-025	Посадка кустарников-саженцев в группы	ПОДГОТОВКА ПОСАДОЧНЫХ МЕСТ И ПОСАДКА КУСТАРНИКОВ-САЖЕНЦЕВ В 	10 шт	Посадка кустарников-саженцев в группы, размер ямы: 0,7x0,5 м
47-01-025-03	47-01-025	Посадка кустарников-саженцев в группы	ПОДГОТОВКА ПОСАДОЧНЫХ МЕСТ И ПОСАДКА КУСТАРНИКОВ-САЖЕНЦЕВ В 	м3	На каждый 1 м3 изменения объема земли добавлять или исключать к нормам 47-01-025-01, 47-01-025-02
47-01-031-11	47-01-031	Подготовка стандартных посадочных мест	ПОДГОТОВКА ПОСАДОЧНЫХ МЕСТ И ПОСАДКА КУСТАРНИКОВ-САЖЕНЦЕВ В 	10 м	Подготовка стандартных посадочных мест для однорядной живой изгороди вручную: в естественном грунте
47-01-031-12	47-01-031	Подготовка стандартных посадочных мест	ПОДГОТОВКА ПОСАДОЧНЫХ МЕСТ И ПОСАДКА КУСТАРНИКОВ-САЖЕНЦЕВ В 	10 м	Подготовка стандартных посадочных мест для однорядной живой изгороди вручную: с добавлением растительной земли до 25%
47-01-031-13	47-01-031	Подготовка стандартных посадочных мест	ПОДГОТОВКА ПОСАДОЧНЫХ МЕСТ И ПОСАДКА КУСТАРНИКОВ-САЖЕНЦЕВ В 	10 м	Подготовка стандартных посадочных мест для однорядной живой изгороди вручную: с добавлением растительной земли до 50%
47-01-031-14	47-01-031	Подготовка стандартных посадочных мест	ПОДГОТОВКА ПОСАДОЧНЫХ МЕСТ И ПОСАДКА КУСТАРНИКОВ-САЖЕНЦЕВ В 	10 м	Подготовка стандартных посадочных мест для однорядной живой изгороди вручную: с добавлением растительной земли до 75%
47-01-031-15	47-01-031	Подготовка стандартных посадочных мест	ПОДГОТОВКА ПОСАДОЧНЫХ МЕСТ И ПОСАДКА КУСТАРНИКОВ-САЖЕНЦЕВ В 	10 м	Подготовка стандартных посадочных мест для однорядной живой изгороди вручную: с добавлением растительной земли до 100%
47-01-031-16	47-01-031	Подготовка стандартных посадочных мест	ПОДГОТОВКА ПОСАДОЧНЫХ МЕСТ И ПОСАДКА КУСТАРНИКОВ-САЖЕНЦЕВ В 	10 м	Подготовка стандартных посадочных мест для двухрядной живой изгороди вручную: в естественном грунте
47-01-031-17	47-01-031	Подготовка стандартных посадочных мест	ПОДГОТОВКА ПОСАДОЧНЫХ МЕСТ И ПОСАДКА КУСТАРНИКОВ-САЖЕНЦЕВ В 	10 м	Подготовка стандартных посадочных мест для двухрядной живой изгороди вручную: с добавлением растительной земли до 25%
47-01-031-18	47-01-031	Подготовка стандартных посадочных мест	ПОДГОТОВКА ПОСАДОЧНЫХ МЕСТ И ПОСАДКА КУСТАРНИКОВ-САЖЕНЦЕВ В 	10 м	Подготовка стандартных посадочных мест для двухрядной живой изгороди вручную: с добавлением растительной земли до 50%
47-01-031-19	47-01-031	Подготовка стандартных посадочных мест	ПОДГОТОВКА ПОСАДОЧНЫХ МЕСТ И ПОСАДКА КУСТАРНИКОВ-САЖЕНЦЕВ В 	10 м	Подготовка стандартных посадочных мест для двухрядной живой изгороди вручную: с добавлением растительной земли до 75%
47-01-031-20	47-01-031	Подготовка стандартных посадочных мест	ПОДГОТОВКА ПОСАДОЧНЫХ МЕСТ И ПОСАДКА КУСТАРНИКОВ-САЖЕНЦЕВ В 	10 м	Подготовка стандартных посадочных мест для двухрядной живой изгороди вручную: с добавлением растительной земли до 100%
47-01-032-06	47-01-032	Подготовка нестандартных посадочных мест для живой изгороди	ПОДГОТОВКА ПОСАДОЧНЫХ МЕСТ И ПОСАДКА КУСТАРНИКОВ-САЖЕНЦЕВ В 	10 м3	Подготовка нестандартных посадочных мест для живой изгороди вручную: в естественном грунте
47-01-032-07	47-01-032	Подготовка нестандартных посадочных мест для живой изгороди	ПОДГОТОВКА ПОСАДОЧНЫХ МЕСТ И ПОСАДКА КУСТАРНИКОВ-САЖЕНЦЕВ В 	10 м3	Подготовка нестандартных посадочных мест для живой изгороди вручную: с добавлением растительной земли до 25%
47-01-032-08	47-01-032	Подготовка нестандартных посадочных мест для живой изгороди	ПОДГОТОВКА ПОСАДОЧНЫХ МЕСТ И ПОСАДКА КУСТАРНИКОВ-САЖЕНЦЕВ В 	10 м3	Подготовка нестандартных посадочных мест для живой изгороди вручную: с добавлением растительной земли до 50%
47-01-032-09	47-01-032	Подготовка нестандартных посадочных мест для живой изгороди	ПОДГОТОВКА ПОСАДОЧНЫХ МЕСТ И ПОСАДКА КУСТАРНИКОВ-САЖЕНЦЕВ В 	10 м3	Подготовка нестандартных посадочных мест для живой изгороди вручную: с добавлением растительной земли до 75%
47-01-032-10	47-01-032	Подготовка нестандартных посадочных мест для живой изгороди	ПОДГОТОВКА ПОСАДОЧНЫХ МЕСТ И ПОСАДКА КУСТАРНИКОВ-САЖЕНЦЕВ В 	10 м3	Подготовка нестандартных посадочных мест для живой изгороди вручную: с добавлением растительной земли до 100%
47-01-033-01	47-01-033	Посадка кустарников-саженцев в живую изгородь	ПОДГОТОВКА ПОСАДОЧНЫХ МЕСТ И ПОСАДКА КУСТАРНИКОВ-САЖЕНЦЕВ В 	10 м	Посадка кустарников-саженцев в живую изгородь: однорядную и вьющихся растений
47-01-033-02	47-01-033	Посадка кустарников-саженцев в живую изгородь	ПОДГОТОВКА ПОСАДОЧНЫХ МЕСТ И ПОСАДКА КУСТАРНИКОВ-САЖЕНЦЕВ В 	10 м	Посадка кустарников-саженцев в живую изгородь: двухрядную
47-01-033-03	47-01-033	Посадка кустарников-саженцев в живую изгородь	ПОДГОТОВКА ПОСАДОЧНЫХ МЕСТ И ПОСАДКА КУСТАРНИКОВ-САЖЕНЦЕВ В 	м3	На каждый 1 м3 изменения объема земли добавлять или исключать к нормам с 47-01-033-01 по 47-01-033-02
47-01-039-01	47-01-039	Внесение удобрений при посадке деревьев и кустарников	ВНЕСЕНИЕ УДОБРЕНИЙ И УСТРОЙСТВО ИЗОЛЯЦИИ ПРИ ПОСАДКЕ ДЕРЕВЬЕ	10 м3	Внесение органических удобрений при посадке деревьев и кустарников: для стандартных саженцев
47-01-039-02	47-01-039	Внесение удобрений при посадке деревьев и кустарников	ВНЕСЕНИЕ УДОБРЕНИЙ И УСТРОЙСТВО ИЗОЛЯЦИИ ПРИ ПОСАДКЕ ДЕРЕВЬЕ	10 м3	Внесение органических удобрений при посадке деревьев и кустарников: для деревьев или кустарников с комом в естественный грунт
47-01-039-03	47-01-039	Внесение удобрений при посадке деревьев и кустарников	ВНЕСЕНИЕ УДОБРЕНИЙ И УСТРОЙСТВО ИЗОЛЯЦИИ ПРИ ПОСАДКЕ ДЕРЕВЬЕ	10 м3	Внесение минеральных удобрений при посадке деревьев и кустарников: для стандартных саженцев
47-01-039-04	47-01-039	Внесение удобрений при посадке деревьев и кустарников	ВНЕСЕНИЕ УДОБРЕНИЙ И УСТРОЙСТВО ИЗОЛЯЦИИ ПРИ ПОСАДКЕ ДЕРЕВЬЕ	10 м3	Внесение минеральных удобрений при посадке деревьев и кустарников: для деревьев или кустарников с комом в естественный грунт
47-01-039-05	47-01-039	Внесение удобрений при посадке деревьев и кустарников	ВНЕСЕНИЕ УДОБРЕНИЙ И УСТРОЙСТВО ИЗОЛЯЦИИ ПРИ ПОСАДКЕ ДЕРЕВЬЕ	10 ям	Улучшение почвы при посадке деревьев и кустарников в городских условиях, деревья и кустарники: без кома земли, размер ямы 0,5х0,5 м
47-01-039-06	47-01-039	Внесение удобрений при посадке деревьев и кустарников	ВНЕСЕНИЕ УДОБРЕНИЙ И УСТРОЙСТВО ИЗОЛЯЦИИ ПРИ ПОСАДКЕ ДЕРЕВЬЕ	10 ям	Улучшение почвы при посадке деревьев и кустарников в городских условиях, деревья и кустарники: с комом земли, размер ямы 1,5х0,85 м
47-01-040-01	47-01-040	Устройство изоляции при посадке деревьев и кустарников	ВНЕСЕНИЕ УДОБРЕНИЙ И УСТРОЙСТВО ИЗОЛЯЦИИ ПРИ ПОСАДКЕ ДЕРЕВЬЕ	10 шт	Устройство изоляции при посадке деревьев и кустарников
47-01-045-01	47-01-045	Устройство газона методом гидропосева	УСТРОЙСТВО ГАЗОНОВ, ЦВЕТНИКОВ, АЛЬПИНАРИЕВ И РОКАРИЕВ	100 м2	Устройство газона методом гидропосева мотопомпой из емкости объемом 5000 л: по горизонтальной поверхности
47-01-045-02	47-01-045	Устройство газона методом гидропосева	УСТРОЙСТВО ГАЗОНОВ, ЦВЕТНИКОВ, АЛЬПИНАРИЕВ И РОКАРИЕВ	100 м2	Устройство газона методом гидропосева мотопомпой из емкости объемом 5000 л: откосов
47-01-045-03	47-01-045	Устройство газона методом гидропосева	УСТРОЙСТВО ГАЗОНОВ, ЦВЕТНИКОВ, АЛЬПИНАРИЕВ И РОКАРИЕВ	100 м2	Устройство газона методом гидропосева компактной гидросеялкой объемом 1100 л: по горизонтальной поверхности
47-01-045-04	47-01-045	Устройство газона методом гидропосева	УСТРОЙСТВО ГАЗОНОВ, ЦВЕТНИКОВ, АЛЬПИНАРИЕВ И РОКАРИЕВ	100 м2	Устройство газона методом гидропосева компактной гидросеялкой объемом 1100 л: откосов
47-01-046-01	47-01-046	Устройство газонов	УСТРОЙСТВО ГАЗОНОВ, ЦВЕТНИКОВ, АЛЬПИНАРИЕВ И РОКАРИЕВ	100 м2	Подготовка почвы для устройства партерного и обыкновенного газона без внесения растительной земли: механизированным способом
47-01-046-02	47-01-046	Устройство газонов	УСТРОЙСТВО ГАЗОНОВ, ЦВЕТНИКОВ, АЛЬПИНАРИЕВ И РОКАРИЕВ	100 м2	Подготовка почвы для устройства партерного и обыкновенного газона без внесения растительной земли: вручную
47-01-046-03	47-01-046	Устройство газонов	УСТРОЙСТВО ГАЗОНОВ, ЦВЕТНИКОВ, АЛЬПИНАРИЕВ И РОКАРИЕВ	100 м2	Подготовка почвы для устройства партерного и обыкновенного газона с внесением растительной земли слоем 15 см: механизированным способом
47-01-046-04	47-01-046	Устройство газонов	УСТРОЙСТВО ГАЗОНОВ, ЦВЕТНИКОВ, АЛЬПИНАРИЕВ И РОКАРИЕВ	100 м2	Подготовка почвы для устройства партерного и обыкновенного газона с внесением растительной земли слоем 15 см: вручную
47-01-046-05	47-01-046	Устройство газонов	УСТРОЙСТВО ГАЗОНОВ, ЦВЕТНИКОВ, АЛЬПИНАРИЕВ И РОКАРИЕВ	100 м2	На каждые 5 см изменения толщины слоя добавлять или исключать к нормам с 47-01-046-01 по 47-01-046-04
47-01-046-06	47-01-046	Устройство газонов	УСТРОЙСТВО ГАЗОНОВ, ЦВЕТНИКОВ, АЛЬПИНАРИЕВ И РОКАРИЕВ	100 м2	Посев газонов партерных, мавританских и обыкновенных вручную
47-01-046-07	47-01-046	Устройство газонов	УСТРОЙСТВО ГАЗОНОВ, ЦВЕТНИКОВ, АЛЬПИНАРИЕВ И РОКАРИЕВ	100 м2	Устройство газонов из готовых рулонных заготовок: горизонтальные поверхности и откосы с уклоном 1:2
47-01-046-08	47-01-046	Устройство газонов	УСТРОЙСТВО ГАЗОНОВ, ЦВЕТНИКОВ, АЛЬПИНАРИЕВ И РОКАРИЕВ	100 м2	Устройство газонов из готовых рулонных заготовок: горизонтальные поверхности и откосы с уклоном более 1:2
47-01-046-09	47-01-046	Устройство газонов	УСТРОЙСТВО ГАЗОНОВ, ЦВЕТНИКОВ, АЛЬПИНАРИЕВ И РОКАРИЕВ	100 м2	Устройство газонного покрытия на ячеистом основании
47-01-046-10	47-01-046	Устройство газонов	УСТРОЙСТВО ГАЗОНОВ, ЦВЕТНИКОВ, АЛЬПИНАРИЕВ И РОКАРИЕВ	100 м2	Устройство гибридного газона на плоской поверхности: с посевом нового газона
47-01-046-11	47-01-046	Устройство газонов	УСТРОЙСТВО ГАЗОНОВ, ЦВЕТНИКОВ, АЛЬПИНАРИЕВ И РОКАРИЕВ	100 м2	Устройство гибридного газона на плоской поверхности: на существующий газон
47-01-046-12	47-01-046	Устройство газонов	УСТРОЙСТВО ГАЗОНОВ, ЦВЕТНИКОВ, АЛЬПИНАРИЕВ И РОКАРИЕВ	100 м2	Устройство гибридного газона на холмах: с посевом нового газона
47-01-046-13	47-01-046	Устройство газонов	УСТРОЙСТВО ГАЗОНОВ, ЦВЕТНИКОВ, АЛЬПИНАРИЕВ И РОКАРИЕВ	100 м2	Устройство гибридного газона на холмах: с готовым основанием
47-01-047-01	47-01-047	Посев луговых газонов тракторной сеялкой	УСТРОЙСТВО ГАЗОНОВ, ЦВЕТНИКОВ, АЛЬПИНАРИЕВ И РОКАРИЕВ	га	Посев луговых газонов тракторной сеялкой
47-01-048-01	47-01-048	Устройство корыта под цветники	УСТРОЙСТВО ГАЗОНОВ, ЦВЕТНИКОВ, АЛЬПИНАРИЕВ И РОКАРИЕВ	100 м2	Устройство корыта под цветники глубиной 40 см: механизированным способом
47-01-048-02	47-01-048	Устройство корыта под цветники	УСТРОЙСТВО ГАЗОНОВ, ЦВЕТНИКОВ, АЛЬПИНАРИЕВ И РОКАРИЕВ	100 м2	Устройство корыта под цветники глубиной 40 см: вручную
47-01-048-03	47-01-048	Устройство корыта под цветники	УСТРОЙСТВО ГАЗОНОВ, ЦВЕТНИКОВ, АЛЬПИНАРИЕВ И РОКАРИЕВ	100 м2	На каждые 10 см изменения глубины корыта под цветники добавлять или исключать к норме: 47-01-048-01
47-01-048-04	47-01-048	Устройство корыта под цветники	УСТРОЙСТВО ГАЗОНОВ, ЦВЕТНИКОВ, АЛЬПИНАРИЕВ И РОКАРИЕВ	100 м2	На каждые 10 см изменения глубины корыта под цветники добавлять или исключать к норме: 47-01-048-02
47-01-049-01	47-01-049	Подготовка почвы под цветники	УСТРОЙСТВО ГАЗОНОВ, ЦВЕТНИКОВ, АЛЬПИНАРИЕВ И РОКАРИЕВ	100 м2	Подготовка почвы под цветники толщиной слоя насыпки 20 см
47-01-049-02	47-01-049	Подготовка почвы под цветники	УСТРОЙСТВО ГАЗОНОВ, ЦВЕТНИКОВ, АЛЬПИНАРИЕВ И РОКАРИЕВ	100 м2	На каждые 5 см толщины слоя почвы под цветники добавлять или исключать к норме 47-01-049-01
47-01-050-01	47-01-050	Посадка многолетних цветников	УСТРОЙСТВО ГАЗОНОВ, ЦВЕТНИКОВ, АЛЬПИНАРИЕВ И РОКАРИЕВ	100 м2	Посадка многолетних цветников при густоте посадки 1,6 тыс. шт. цветов
47-01-050-02	47-01-050	Посадка многолетних цветников	УСТРОЙСТВО ГАЗОНОВ, ЦВЕТНИКОВ, АЛЬПИНАРИЕВ И РОКАРИЕВ	100 м2	На каждые 1000 шт. высаживаемых цветов добавлять или исключать к норме 47-01-050-01
47-01-051-01	47-01-051	Одерновка цветников, дорожек и площадок в ленту	УСТРОЙСТВО ГАЗОНОВ, ЦВЕТНИКОВ, АЛЬПИНАРИЕВ И РОКАРИЕВ	100 м	Одерновка цветников, дорожек и площадок в ленту
47-01-052-01	47-01-052	Устройство альпинариев и рокариев	УСТРОЙСТВО ГАЗОНОВ, ЦВЕТНИКОВ, АЛЬПИНАРИЕВ И РОКАРИЕВ	100 м2	Устройство альпинариев и рокариев
47-01-053-01	47-01-053	Устройство насыпных клумб и рабаток	УСТРОЙСТВО ГАЗОНОВ, ЦВЕТНИКОВ, АЛЬПИНАРИЕВ И РОКАРИЕВ	100 м2	Устройство насыпных клумб и рабаток при высоте настилаемого слоя до 0,1 м
47-01-053-02	47-01-053	Устройство насыпных клумб и рабаток	УСТРОЙСТВО ГАЗОНОВ, ЦВЕТНИКОВ, АЛЬПИНАРИЕВ И РОКАРИЕВ	100 м2	На каждые следующие 10 см изменения высоты настилаемого слоя при устройстве насыпных клумб и рабаток добавлять к норме 47-01-053-01
47-01-054-01	47-01-054	Посадка цветов в клумбы, рабатки и вазы-цветочницы	УСТРОЙСТВО ГАЗОНОВ, ЦВЕТНИКОВ, АЛЬПИНАРИЕВ И РОКАРИЕВ	1000 шт	Посадка цветов в клумбы, рабатки и вазы-цветочницы: клубневых, луковичных и клубнелуковичных
47-01-054-02	47-01-054	Посадка цветов в клумбы, рабатки и вазы-цветочницы	УСТРОЙСТВО ГАЗОНОВ, ЦВЕТНИКОВ, АЛЬПИНАРИЕВ И РОКАРИЕВ	1000 шт	Посадка цветов в клумбы, рабатки и вазы-цветочницы: многолетних и корневищных
47-01-054-03	47-01-054	Посадка цветов в клумбы, рабатки и вазы-цветочницы	УСТРОЙСТВО ГАЗОНОВ, ЦВЕТНИКОВ, АЛЬПИНАРИЕВ И РОКАРИЕВ	1000 шт	Посадка цветов в клумбы, рабатки и вазы-цветочницы: летников ковровых
47-01-054-04	47-01-054	Посадка цветов в клумбы, рабатки и вазы-цветочницы	УСТРОЙСТВО ГАЗОНОВ, ЦВЕТНИКОВ, АЛЬПИНАРИЕВ И РОКАРИЕВ	1000 шт	Посадка цветов в клумбы, рабатки и вазы-цветочницы: летников горшечных
47-01-067-01	47-01-067	Уход за деревьями или кустарниками с комом земли	УХОД ЗА ЗЕЛЕНЫМИ НАСАЖДЕНИЯМИ (КОМПЛЕКСНЫЕ НОРМЫ)	10 шт	Уход за деревьями или кустарниками с комом земли размером: 0,2x0,15 и 0,25x0,2 м
47-01-067-02	47-01-067	Уход за деревьями или кустарниками с комом земли	УХОД ЗА ЗЕЛЕНЫМИ НАСАЖДЕНИЯМИ (КОМПЛЕКСНЫЕ НОРМЫ)	10 шт	Уход за деревьями или кустарниками с комом земли размером: 0,3x0,3 м
47-01-067-03	47-01-067	Уход за деревьями или кустарниками с комом земли	УХОД ЗА ЗЕЛЕНЫМИ НАСАЖДЕНИЯМИ (КОМПЛЕКСНЫЕ НОРМЫ)	10 шт	Уход за деревьями или кустарниками с комом земли размером: 0,5x0,4 м
47-01-067-04	47-01-067	Уход за деревьями или кустарниками с комом земли	УХОД ЗА ЗЕЛЕНЫМИ НАСАЖДЕНИЯМИ (КОМПЛЕКСНЫЕ НОРМЫ)	10 шт	Уход за деревьями или кустарниками с комом земли размером: 0,8x0,6 м
47-01-067-05	47-01-067	Уход за деревьями или кустарниками с комом земли	УХОД ЗА ЗЕЛЕНЫМИ НАСАЖДЕНИЯМИ (КОМПЛЕКСНЫЕ НОРМЫ)	10 шт	Уход за деревьями или кустарниками с комом земли размером: 0,5x0,5x0,4 м
47-01-067-06	47-01-067	Уход за деревьями или кустарниками с комом земли	УХОД ЗА ЗЕЛЕНЫМИ НАСАЖДЕНИЯМИ (КОМПЛЕКСНЫЕ НОРМЫ)	10 шт	Уход за деревьями или кустарниками с комом земли размером: 0,8х0,8х0,5м
47-01-067-07	47-01-067	Уход за деревьями или кустарниками с комом земли	УХОД ЗА ЗЕЛЕНЫМИ НАСАЖДЕНИЯМИ (КОМПЛЕКСНЫЕ НОРМЫ)	10 шт	Уход за деревьями или кустарниками с комом земли размером: 1,0x1,0x0,6 м
47-01-067-08	47-01-067	Уход за деревьями или кустарниками с комом земли	УХОД ЗА ЗЕЛЕНЫМИ НАСАЖДЕНИЯМИ (КОМПЛЕКСНЫЕ НОРМЫ)	10 шт	Уход за деревьями или кустарниками с комом земли размером: 1,3х1,3х0,6м
47-01-067-09	47-01-067	Уход за деревьями или кустарниками с комом земли	УХОД ЗА ЗЕЛЕНЫМИ НАСАЖДЕНИЯМИ (КОМПЛЕКСНЫЕ НОРМЫ)	10 шт	Уход за деревьями или кустарниками с комом земли размером: 1,5x1,5x0,65 м
47-01-067-10	47-01-067	Уход за деревьями или кустарниками с комом земли	УХОД ЗА ЗЕЛЕНЫМИ НАСАЖДЕНИЯМИ (КОМПЛЕКСНЫЕ НОРМЫ)	10 шт	Уход за деревьями или кустарниками с комом земли размером: 1,7x1,7x0,65 м
47-01-067-11	47-01-067	Уход за деревьями или кустарниками с комом земли	УХОД ЗА ЗЕЛЕНЫМИ НАСАЖДЕНИЯМИ (КОМПЛЕКСНЫЕ НОРМЫ)	10 шт	Уход за деревьями или кустарниками с комом земли размером: 2,0х2,0х0,8 м
47-01-067-12	47-01-067	Уход за деревьями или кустарниками с комом земли	УХОД ЗА ЗЕЛЕНЫМИ НАСАЖДЕНИЯМИ (КОМПЛЕКСНЫЕ НОРМЫ)	10 шт	Уход за деревьями или кустарниками с комом земли размером: 2,4х2,4х0,95 м
47-01-068-01	47-01-068	Уход за саженцами с оголенной корневой системой	УХОД ЗА ЗЕЛЕНЫМИ НАСАЖДЕНИЯМИ (КОМПЛЕКСНЫЕ НОРМЫ)	10 шт	Уход за саженцами с оголенной корневой системой: деревьев
47-01-068-02	47-01-068	Уход за саженцами с оголенной корневой системой	УХОД ЗА ЗЕЛЕНЫМИ НАСАЖДЕНИЯМИ (КОМПЛЕКСНЫЕ НОРМЫ)	10 шт	Уход за саженцами с оголенной корневой системой: кустарников в групповых посадках
47-01-069-01	47-01-069	Уход за саженцами кустарников с оголенной корневой системой в живой изгороди	УХОД ЗА ЗЕЛЕНЫМИ НАСАЖДЕНИЯМИ (КОМПЛЕКСНЫЕ НОРМЫ)	10 м	Уход за саженцами кустарников с оголенной корневой системой в живой изгороди: однорядной и вьющимися растениями
47-01-069-02	47-01-069	Уход за саженцами кустарников с оголенной корневой системой в живой изгороди	УХОД ЗА ЗЕЛЕНЫМИ НАСАЖДЕНИЯМИ (КОМПЛЕКСНЫЕ НОРМЫ)	10 м	Уход за саженцами кустарников с оголенной корневой системой в живой изгороди: двухрядной
47-01-070-01	47-01-070	Уход за цветниками и газонами	УХОД ЗА ЗЕЛЕНЫМИ НАСАЖДЕНИЯМИ (КОМПЛЕКСНЫЕ НОРМЫ)	100 м2	Уход: за цветниками из многолетников
47-01-070-02	47-01-070	Уход за цветниками и газонами	УХОД ЗА ЗЕЛЕНЫМИ НАСАЖДЕНИЯМИ (КОМПЛЕКСНЫЕ НОРМЫ)	100 м2	Уход: за газонами партерными
47-01-070-03	47-01-070	Уход за цветниками и газонами	УХОД ЗА ЗЕЛЕНЫМИ НАСАЖДЕНИЯМИ (КОМПЛЕКСНЫЕ НОРМЫ)	100 м2	Уход: за газонами обыкновенными
47-01-071-01	47-01-071	Уход за газонами луговыми	УХОД ЗА ЗЕЛЕНЫМИ НАСАЖДЕНИЯМИ (КОМПЛЕКСНЫЕ НОРМЫ)	га	Уход за газонами луговыми
47-01-072-01	47-01-072	Уход за растениями в альпинариях и рокариях	УХОД ЗА ЗЕЛЕНЫМИ НАСАЖДЕНИЯМИ (КОМПЛЕКСНЫЕ НОРМЫ)	100 м2	Уход за растениями в альпинариях и рокариях
47-01-073-01	47-01-073	Укрытие на зиму теплолюбивых кустарников и роз	УХОД ЗА ЗЕЛЕНЫМИ НАСАЖДЕНИЯМИ (КОМПЛЕКСНЫЕ НОРМЫ)	10 шт	Укрытие на зиму теплолюбивых кустарников и роз
47-01-074-01	47-01-074	Укрытие на зиму теплолюбивых многолетних цветов	УХОД ЗА ЗЕЛЕНЫМИ НАСАЖДЕНИЯМИ (КОМПЛЕКСНЫЕ НОРМЫ)	100 м2	Укрытие на зиму теплолюбивых многолетних цветов
47-01-075-01	47-01-075	Устройство системы полива	УХОД ЗА ЗЕЛЕНЫМИ НАСАЖДЕНИЯМИ (КОМПЛЕКСНЫЕ НОРМЫ)	100 м	Прокладка трубопроводов системы полива из полиэтиленовых труб диаметром: 16 мм
47-01-075-02	47-01-075	Устройство системы полива	УХОД ЗА ЗЕЛЕНЫМИ НАСАЖДЕНИЯМИ (КОМПЛЕКСНЫЕ НОРМЫ)	100 м	Прокладка трубопроводов системы полива из полиэтиленовых труб диаметром: 25 мм
47-01-075-03	47-01-075	Устройство системы полива	УХОД ЗА ЗЕЛЕНЫМИ НАСАЖДЕНИЯМИ (КОМПЛЕКСНЫЕ НОРМЫ)	100 м	Прокладка трубопроводов системы полива из полиэтиленовых труб диаметром: 32 мм
47-01-075-04	47-01-075	Устройство системы полива	УХОД ЗА ЗЕЛЕНЫМИ НАСАЖДЕНИЯМИ (КОМПЛЕКСНЫЕ НОРМЫ)	100 м	Прокладка трубопроводов системы полива из полиэтиленовых труб диаметром: 40 мм
47-01-075-05	47-01-075	Устройство системы полива	УХОД ЗА ЗЕЛЕНЫМИ НАСАЖДЕНИЯМИ (КОМПЛЕКСНЫЕ НОРМЫ)	100 шт	Установка дождевателей
47-01-075-06	47-01-075	Устройство системы полива	УХОД ЗА ЗЕЛЕНЫМИ НАСАЖДЕНИЯМИ (КОМПЛЕКСНЫЕ НОРМЫ)	100 м	Установка отводов системы полива из полиэтиленовых труб диаметром 6 мм
47-01-076-01	47-01-076	Укрытие газонов	УХОД ЗА ЗЕЛЕНЫМИ НАСАЖДЕНИЯМИ (КОМПЛЕКСНЫЕ НОРМЫ)	100 м2	Укрытие обычных газонов и газонов на откосах мешковиной
47-01-080-01	47-01-080	Уход за зелеными насаждениями	УХОД ЗА ЗЕЛЕНЫМИ НАСАЖДЕНИЯМИ (ОПЕРАЦИОННЫЕ НОРМЫ)	100 м2	Прополка: газонов
47-01-080-02	47-01-080	Уход за зелеными насаждениями	УХОД ЗА ЗЕЛЕНЫМИ НАСАЖДЕНИЯМИ (ОПЕРАЦИОННЫЕ НОРМЫ)	100 м2	Прополка: цветников с применением полотиков
47-01-080-03	47-01-080	Уход за зелеными насаждениями	УХОД ЗА ЗЕЛЕНЫМИ НАСАЖДЕНИЯМИ (ОПЕРАЦИОННЫЕ НОРМЫ)	100 м2	Прополка: цветников без применения полотиков
47-01-080-04	47-01-080	Уход за зелеными насаждениями	УХОД ЗА ЗЕЛЕНЫМИ НАСАЖДЕНИЯМИ (ОПЕРАЦИОННЫЕ НОРМЫ)	100 м2	Рыхление цветников ручным инструментом
47-01-080-05	47-01-080	Уход за зелеными насаждениями	УХОД ЗА ЗЕЛЕНЫМИ НАСАЖДЕНИЯМИ (ОПЕРАЦИОННЫЕ НОРМЫ)	100 м2	Стрижка: каймы вокруг многолетних цветников
47-01-080-06	47-01-080	Уход за зелеными насаждениями	УХОД ЗА ЗЕЛЕНЫМИ НАСАЖДЕНИЯМИ (ОПЕРАЦИОННЫЕ НОРМЫ)	100 м2	Стрижка: газонного бордюра
47-01-080-07	47-01-080	Уход за зелеными насаждениями	УХОД ЗА ЗЕЛЕНЫМИ НАСАЖДЕНИЯМИ (ОПЕРАЦИОННЫЕ НОРМЫ)	100 м2	Выкашивание газонов партерных и обыкновенных моторной косилкой
47-01-081-01	47-01-081	Выкашивание газонов луговых тракторной косилкой	УХОД ЗА ЗЕЛЕНЫМИ НАСАЖДЕНИЯМИ (ОПЕРАЦИОННЫЕ НОРМЫ)	га	Выкашивание газонов луговых тракторной косилкой
47-01-082-01	47-01-082	Опрыскивание ядохимикатами	УХОД ЗА ЗЕЛЕНЫМИ НАСАЖДЕНИЯМИ (ОПЕРАЦИОННЫЕ НОРМЫ)	100 шт	Опрыскивание ядохимикатами: деревьев при высоте до 3 м
47-01-082-02	47-01-082	Опрыскивание ядохимикатами	УХОД ЗА ЗЕЛЕНЫМИ НАСАЖДЕНИЯМИ (ОПЕРАЦИОННЫЕ НОРМЫ)	100 шт	Опрыскивание ядохимикатами: деревьев при высоте до 5 м
47-01-082-03	47-01-082	Опрыскивание ядохимикатами	УХОД ЗА ЗЕЛЕНЫМИ НАСАЖДЕНИЯМИ (ОПЕРАЦИОННЫЕ НОРМЫ)	100 шт	Опрыскивание ядохимикатами: кустарников при высоте до 1 м
47-01-082-04	47-01-082	Опрыскивание ядохимикатами	УХОД ЗА ЗЕЛЕНЫМИ НАСАЖДЕНИЯМИ (ОПЕРАЦИОННЫЕ НОРМЫ)	100 шт	Опрыскивание ядохимикатами: кустарников при высоте до 2 м
47-01-082-05	47-01-082	Опрыскивание ядохимикатами	УХОД ЗА ЗЕЛЕНЫМИ НАСАЖДЕНИЯМИ (ОПЕРАЦИОННЫЕ НОРМЫ)	100 шт	Опрыскивание ядохимикатами: кустарников при высоте более 2 м
47-01-084-01	47-01-084	Полив зеленых насаждений	УХОД ЗА ЗЕЛЕНЫМИ НАСАЖДЕНИЯМИ (ОПЕРАЦИОННЫЕ НОРМЫ)	м3	Полив зеленых насаждений: из шланга поливомоечной машины
47-01-084-02	47-01-084	Полив зеленых насаждений	УХОД ЗА ЗЕЛЕНЫМИ НАСАЖДЕНИЯМИ (ОПЕРАЦИОННЫЕ НОРМЫ)	м3	Полив зеленых насаждений: из шланга поливочного водопровода
47-01-084-03	47-01-084	Полив зеленых насаждений	УХОД ЗА ЗЕЛЕНЫМИ НАСАЖДЕНИЯМИ (ОПЕРАЦИОННЫЕ НОРМЫ)	м3	Полив зеленых насаждений: из ведер
47-01-085-01	47-01-085	Открытие или закрытие, прополка и рыхление приствольных лунок и канавок	УХОД ЗА ЗЕЛЕНЫМИ НАСАЖДЕНИЯМИ (ОПЕРАЦИОННЫЕ НОРМЫ)	100 м2	Открытие или закрытие приствольных: лунок
47-01-085-02	47-01-085	Открытие или закрытие, прополка и рыхление приствольных лунок и канавок	УХОД ЗА ЗЕЛЕНЫМИ НАСАЖДЕНИЯМИ (ОПЕРАЦИОННЫЕ НОРМЫ)	100 м2	Открытие или закрытие приствольных: канавок
47-01-085-03	47-01-085	Открытие или закрытие, прополка и рыхление приствольных лунок и канавок	УХОД ЗА ЗЕЛЕНЫМИ НАСАЖДЕНИЯМИ (ОПЕРАЦИОННЫЕ НОРМЫ)	100 м2	Прополка и рыхление лунок или канавок
47-01-086-01	47-01-086	Выкапывание луковичных и клубнелуковичных цветочных растений	УХОД ЗА ЗЕЛЕНЫМИ НАСАЖДЕНИЯМИ (ОПЕРАЦИОННЫЕ НОРМЫ)	100 шт	Выкапывание: луковичных цветочных растений
47-01-086-02	47-01-086	Выкапывание луковичных и клубнелуковичных цветочных растений	УХОД ЗА ЗЕЛЕНЫМИ НАСАЖДЕНИЯМИ (ОПЕРАЦИОННЫЕ НОРМЫ)	100 шт	Выкапывание: клубнелуковичных цветочных растений
47-01-107-01	47-01-107	Формовочная обрезка деревьев	РАЗНЫЕ РАБОТЫ	шт	Формовочная обрезка деревьев высотой: до 5 м
47-01-107-02	47-01-107	Формовочная обрезка деревьев	РАЗНЫЕ РАБОТЫ	шт	Формовочная обрезка деревьев высотой: более 5 м
47-01-108-01	47-01-108	Обрезка и прореживание крон деревьев	РАЗНЫЕ РАБОТЫ	шт	Обрезка и прореживание крон деревьев: при диаметре ствола до 250 мм, количеством срезов 15-20
47-01-108-02	47-01-108	Обрезка и прореживание крон деревьев	РАЗНЫЕ РАБОТЫ	шт	Обрезка и прореживание крон деревьев: при диаметре ствола до 400 мм, количеством срезов 20-30
47-01-109-01	47-01-109	Обрезка крон деревьев под естественный вид	РАЗНЫЕ РАБОТЫ	шт	Обрезка крон деревьев под естественный вид: с лестницы или стремянки
47-01-109-02	47-01-109	Обрезка крон деревьев под естественный вид	РАЗНЫЕ РАБОТЫ	шт	Обрезка крон деревьев под естественный вид: с автогидроподъемника
47-01-110-01	47-01-110	Омолаживание деревьев лиственных пород	РАЗНЫЕ РАБОТЫ	шт	Спиливание скелетных ветвей деревьев с диаметром ствола до 50 см при количестве срезов: до 20
47-01-110-02	47-01-110	Омолаживание деревьев лиственных пород	РАЗНЫЕ РАБОТЫ	шт	Спиливание скелетных ветвей деревьев с диаметром ствола до 50 см при количестве срезов: от 20 до 30
47-01-110-03	47-01-110	Омолаживание деревьев лиственных пород	РАЗНЫЕ РАБОТЫ	шт	Спиливание скелетных ветвей деревьев с диаметром ствола до 50 см при количестве срезов: свыше 30
47-01-110-04	47-01-110	Омолаживание деревьев лиственных пород	РАЗНЫЕ РАБОТЫ	шт	Спиливание скелетных ветвей деревьев с диаметром ствола свыше 50 см при количестве срезов: до 20
47-01-110-05	47-01-110	Омолаживание деревьев лиственных пород	РАЗНЫЕ РАБОТЫ	шт	Спиливание скелетных ветвей деревьев с диаметром ствола свыше 50 см при количестве срезов: от 20 до 30
47-01-110-06	47-01-110	Омолаживание деревьев лиственных пород	РАЗНЫЕ РАБОТЫ	шт	Спиливание скелетных ветвей деревьев с диаметром ствола свыше 50 см при количестве срезов: свыше 30
47-01-111-01	47-01-111	Лечение и закраска ран у растущих деревьев	РАЗНЫЕ РАБОТЫ	10 шт	Лечение ран у растущих деревьев с поверхностью обработки 1000 см2: с земли и стремянок
47-01-111-02	47-01-111	Лечение и закраска ран у растущих деревьев	РАЗНЫЕ РАБОТЫ	10 шт	Лечение ран у растущих деревьев с поверхностью обработки 1000 см2: с автогидроподъемника
47-01-111-03	47-01-111	Лечение и закраска ран у растущих деревьев	РАЗНЫЕ РАБОТЫ	10 шт	При изменении поверхности обработки на 100 см2 добавлять или исключать: к норме 47-01-111-01
47-01-111-04	47-01-111	Лечение и закраска ран у растущих деревьев	РАЗНЫЕ РАБОТЫ	10 шт	При изменении поверхности обработки на 100 см2 добавлять или исключать: к норме 47-01-111-02
47-01-111-05	47-01-111	Лечение и закраска ран у растущих деревьев	РАЗНЫЕ РАБОТЫ	10 шт	Закраска ран у растущих деревьев с поверхностью обработки 1000 см2: с земли и стремянок
47-01-111-06	47-01-111	Лечение и закраска ран у растущих деревьев	РАЗНЫЕ РАБОТЫ	10 шт	Закраска ран у растущих деревьев с поверхностью обработки 1000 см2: с автогидроподъемника
47-01-111-07	47-01-111	Лечение и закраска ран у растущих деревьев	РАЗНЫЕ РАБОТЫ	10 шт	При изменении поверхности обработки на 100 см2 добавлять или исключать: к норме 47-01-111-05
47-01-111-08	47-01-111	Лечение и закраска ран у растущих деревьев	РАЗНЫЕ РАБОТЫ	10 шт	При изменении поверхности обработки на 100 см2 добавлять или исключать: к норме 47-01-111-06
47-01-113-01	47-01-113	Вырезка порослей у деревьев	РАЗНЫЕ РАБОТЫ	100 шт	Вырезка порослей: тополя, ивы
47-01-113-02	47-01-113	Вырезка порослей у деревьев	РАЗНЫЕ РАБОТЫ	100 шт	Вырезка порослей: деревьев (кроме тополя, ивы)
47-01-114-01	47-01-114	Вырезка сухих ветвей	РАЗНЫЕ РАБОТЫ	10 шт	Вырезка сухих ветвей на дереве: с земли и стремянки при высоте дерева до 5 м
47-01-114-02	47-01-114	Вырезка сухих ветвей	РАЗНЫЕ РАБОТЫ	10 шт	Вырезка сухих ветвей на дереве: с автогидроподъемника при высоте дерева более 5 м
47-01-114-03	47-01-114	Вырезка сухих ветвей	РАЗНЫЕ РАБОТЫ	шт	При изменении количества срезаемых сухих ветвей на 1 шт. добавлять или исключать: к норме 47-01-114-01
47-01-114-04	47-01-114	Вырезка сухих ветвей	РАЗНЫЕ РАБОТЫ	шт	При изменении количества срезаемых сухих ветвей на 1 шт. добавлять или исключать: к норме 47-01-114-02
47-01-115-01	47-01-115	Сбор ветвей и сучьев после явлений стихийного характера: сильный ветер, шторм, ураган	РАЗНЫЕ РАБОТЫ	100 м2	Сбор ветвей и сучьев после явлений стихийного характера: сильный ветер, шторм, ураган
47-01-116-01	47-01-116	Формовочная стрижка, обрезка крон кустарников для придания заданной формы	РАЗНЫЕ РАБОТЫ	100 шт	Формирование крон кустарников заданной формы с диаметром куста: до 1,0 м
47-01-116-02	47-01-116	Формовочная стрижка, обрезка крон кустарников для придания заданной формы	РАЗНЫЕ РАБОТЫ	100 шт	Формирование крон кустарников заданной формы с диаметром куста: более 1,0 м
47-01-117-01	47-01-117	Обрезка и прореживание крон кустарников	РАЗНЫЕ РАБОТЫ	100 шт	Обрезка и прореживание одиночных кустарников лиственных пород при диаметре: до 1 м
47-01-117-02	47-01-117	Обрезка и прореживание крон кустарников	РАЗНЫЕ РАБОТЫ	100 шт	Обрезка и прореживание одиночных кустарников лиственных пород при диаметре: более 1 м
47-01-117-03	47-01-117	Обрезка и прореживание крон кустарников	РАЗНЫЕ РАБОТЫ	100 шт	Обрезка и прореживание колючих одиночных кустарников при диаметре: до 1 м
47-01-117-04	47-01-117	Обрезка и прореживание крон кустарников	РАЗНЫЕ РАБОТЫ	100 шт	Обрезка и прореживание колючих одиночных кустарников при диаметре: более 1 м
47-01-118-01	47-01-118	Обрезка крон кустарников под естественный вид	РАЗНЫЕ РАБОТЫ	100 шт	Обрезка крон кустарников под естественный вид с диаметром куста: до 1,0 м
47-01-118-02	47-01-118	Обрезка крон кустарников под естественный вид	РАЗНЫЕ РАБОТЫ	100 шт	Обрезка крон кустарников под естественный вид с диаметром куста: более 1,0 м
47-01-119-01	47-01-119	Стрижка живых изгородей	РАЗНЫЕ РАБОТЫ	100 м2	Стрижка живых изгородей ручным способом пород: мягколиственных, твердолиственных
47-01-119-02	47-01-119	Стрижка живых изгородей	РАЗНЫЕ РАБОТЫ	100 м2	Стрижка живых изгородей ручным способом пород: с шипами и колючками
47-01-119-03	47-01-119	Стрижка живых изгородей	РАЗНЫЕ РАБОТЫ	100 м2	Стрижка живых изгородей высотой до 0,5 м механизированным способом: мягколиственных, твердолиственных
47-01-119-04	47-01-119	Стрижка живых изгородей	РАЗНЫЕ РАБОТЫ	100 м2	Стрижка живых изгородей высотой до 0,5 м механизированным способом: с шипами и колючками
47-01-119-05	47-01-119	Стрижка живых изгородей	РАЗНЫЕ РАБОТЫ	100 м2	На каждые 0,5 м изменения высоты живой изгороди добавлять: к норме 47-01-119-03
47-01-119-06	47-01-119	Стрижка живых изгородей	РАЗНЫЕ РАБОТЫ	100 м2	На каждые 0,5 м изменения высоты живой изгороди добавлять: к норме 47-01-119-04
47-01-120-01	47-01-120	Уборка опавших листьев	РАЗНЫЕ РАБОТЫ	100 м2	Уборка опавших листьев при засоренности: средней
47-01-120-02	47-01-120	Уборка опавших листьев	РАЗНЫЕ РАБОТЫ	100 м2	Уборка опавших листьев при засоренности: сильной
47-01-122-01	47-01-122	Разбрасывание сухих органических удобрений по площади посадки	РАЗНЫЕ РАБОТЫ	т	Разбрасывание сухих органических удобрений по площади посадки
47-01-123-01	47-01-123	Внесение удобрений в почву	РАЗНЫЕ РАБОТЫ	100 м2	Внесение удобрений в почву: органических
47-01-123-02	47-01-123	Внесение удобрений в почву	РАЗНЫЕ РАБОТЫ	100 м2	Внесение удобрений в почву: минеральных
47-01-123-03	47-01-123	Внесение удобрений в почву	РАЗНЫЕ РАБОТЫ	100 м2	Улучшение почвы газонов внесением торфа слоем 5 см
47-01-123-04	47-01-123	Внесение удобрений в почву	РАЗНЫЕ РАБОТЫ	100 м2	На каждый 1 см изменения толщины слоя добавлять или исключать к норме 47-01-123-03
47-01-123-05	47-01-123	Внесение удобрений в почву	РАЗНЫЕ РАБОТЫ	100 м2	Улучшение почвы газонов органическими удобрениями
47-01-125-01	47-01-125	Уничтожение сорняков на набивных дорожках и площадках ядохимикатами	РАЗНЫЕ РАБОТЫ	1000 м2	Уничтожение сорняков на набивных дорожках и площадках ядохимикатами
47-01-126-01	47-01-126	Устройство приствольных лунок и канавок для полива	РАЗНЫЕ РАБОТЫ	100 м2	Устройство приствольных лунок и канавок для полива: деревьев и одиночных кустарников
47-01-126-02	47-01-126	Устройство приствольных лунок и канавок для полива	РАЗНЫЕ РАБОТЫ	100 м2	Устройство приствольных лунок и канавок для полива: живых изгородей
47-01-127-01	47-01-127	Перекопка почвы лунок со снятием и установкой приствольных решеток	РАЗНЫЕ РАБОТЫ	шт	Перекопка и рыхление почвы лунок со снятием и установкой приствольных решеток площадью: до 2 м2
47-01-127-02	47-01-127	Перекопка почвы лунок со снятием и установкой приствольных решеток	РАЗНЫЕ РАБОТЫ	шт	Перекопка и рыхление почвы лунок со снятием и установкой приствольных решеток площадью: более 2 м2
47-01-128-01	47-01-128	Валка деревьев с разделкой древесины на корню	РАЗНЫЕ РАБОТЫ	шт	Валка деревьев с разделкой древесины на корню, твердолиственных пород диаметром: до 0,5 м
47-01-128-02	47-01-128	Валка деревьев с разделкой древесины на корню	РАЗНЫЕ РАБОТЫ	шт	Валка деревьев с разделкой древесины на корню, твердолиственных пород диаметром: свыше 0,5 м
47-01-128-03	47-01-128	Валка деревьев с разделкой древесины на корню	РАЗНЫЕ РАБОТЫ	шт	Валка деревьев с разделкой древесины на корню, мягколиственных и хвойных пород диаметром: до 0,5 м
47-01-128-04	47-01-128	Валка деревьев с разделкой древесины на корню	РАЗНЫЕ РАБОТЫ	шт	Валка деревьев с разделкой древесины на корню, мягколиственных и хвойных пород диаметром: свыше 0,5 м
47-01-129-01	47-01-129	Биообезвреживание нефтесодержащих грунтов суспензией микроорганизмов	РАЗНЫЕ РАБОТЫ	100 м2	Биообезвреживание нефтесодержащих грунтов суспензией микроорганизмов при механизированной обработке почвы: с посевом газона
47-01-129-02	47-01-129	Биообезвреживание нефтесодержащих грунтов суспензией микроорганизмов	РАЗНЫЕ РАБОТЫ	100 м2	Биообезвреживание нефтесодержащих грунтов суспензией микроорганизмов при механизированной обработке почвы: без посева газона
47-01-129-03	47-01-129	Биообезвреживание нефтесодержащих грунтов суспензией микроорганизмов	РАЗНЫЕ РАБОТЫ	100 м2	Биообезвреживание нефтесодержащих грунтов суспензией микроорганизмов при механизированной обработке почвы: повторная обработка
47-01-129-04	47-01-129	Биообезвреживание нефтесодержащих грунтов суспензией микроорганизмов	РАЗНЫЕ РАБОТЫ	100 м2	Биообезвреживание нефтесодержащих грунтов суспензией микроорганизмов при обработке почвы культиватором: с посевом газона
47-01-129-05	47-01-129	Биообезвреживание нефтесодержащих грунтов суспензией микроорганизмов	РАЗНЫЕ РАБОТЫ	100 м2	Биообезвреживание нефтесодержащих грунтов суспензией микроорганизмов при обработке почвы культиватором: без посева газона
47-01-129-06	47-01-129	Биообезвреживание нефтесодержащих грунтов суспензией микроорганизмов	РАЗНЫЕ РАБОТЫ	100 м2	Биообезвреживание нефтесодержащих грунтов суспензией микроорганизмов при обработке почвы культиватором: повторная обработка
47-01-129-07	47-01-129	Биообезвреживание нефтесодержащих грунтов суспензией микроорганизмов	РАЗНЫЕ РАБОТЫ	100 м2	Биообезвреживание нефтесодержащих грунтов суспензией микроорганизмов при обработке почвы вручную: с посевом газона
47-01-129-08	47-01-129	Биообезвреживание нефтесодержащих грунтов суспензией микроорганизмов	РАЗНЫЕ РАБОТЫ	100 м2	Биообезвреживание нефтесодержащих грунтов суспензией микроорганизмов при обработке почвы вручную: без посева газона
47-01-151-01	47-01-151	Установка гранитного цоколя под контейнер для озеленения	КОНТЕЙНЕРНОЕ ОЗЕЛЕНЕНИЕ	шт	Установка гранитного цоколя сечением стенки 150х210 мм под контейнер для озеленения размером: 1000х900 мм
47-01-151-02	47-01-151	Установка гранитного цоколя под контейнер для озеленения	КОНТЕЙНЕРНОЕ ОЗЕЛЕНЕНИЕ	шт	Установка гранитного цоколя сечением стенки 150х210 мм под контейнер для озеленения размером: 1500х900 мм
47-01-151-03	47-01-151	Установка гранитного цоколя под контейнер для озеленения	КОНТЕЙНЕРНОЕ ОЗЕЛЕНЕНИЕ	шт	Установка гранитного цоколя сечением стенки 150х210 мм под контейнер для озеленения размером: 1500х1500 мм
47-01-152-01	47-01-152	Устройство водоотводящего лотка в цоколе контейнера для озеленения	КОНТЕЙНЕРНОЕ ОЗЕЛЕНЕНИЕ	шт	Устройство водоотводящего лотка в цоколе контейнера для озеленения размером: 1000х900 мм
47-01-152-02	47-01-152	Устройство водоотводящего лотка в цоколе контейнера для озеленения	КОНТЕЙНЕРНОЕ ОЗЕЛЕНЕНИЕ	шт	Устройство водоотводящего лотка в цоколе контейнера для озеленения размером: 1500х900 мм
47-01-152-03	47-01-152	Устройство водоотводящего лотка в цоколе контейнера для озеленения	КОНТЕЙНЕРНОЕ ОЗЕЛЕНЕНИЕ	шт	Устройство водоотводящего лотка в цоколе контейнера для озеленения размером: 1500х1500 мм
47-01-153-01	47-01-153	Установка гранитного контейнера под озеленение	КОНТЕЙНЕРНОЕ ОЗЕЛЕНЕНИЕ	шт	Установка гранитного контейнера под озеленение размером: 1000х900х700 мм
47-01-153-02	47-01-153	Установка гранитного контейнера под озеленение	КОНТЕЙНЕРНОЕ ОЗЕЛЕНЕНИЕ	шт	Установка гранитного контейнера под озеленение размером: 1500х900х700 мм
47-01-153-03	47-01-153	Установка гранитного контейнера под озеленение	КОНТЕЙНЕРНОЕ ОЗЕЛЕНЕНИЕ	шт	Установка гранитного контейнера под озеленение размером: 1500х1500х1000 мм
47-01-154-01	47-01-154	Сопутствующие работы при устройстве контейнерного озеленения	КОНТЕЙНЕРНОЕ ОЗЕЛЕНЕНИЕ	м2	Устройство системы для предотвращения дренирования грунта в цокольную часть контейнера для озеленения
47-01-154-02	47-01-154	Сопутствующие работы при устройстве контейнерного озеленения	КОНТЕЙНЕРНОЕ ОЗЕЛЕНЕНИЕ	шт	Установка в контейнер закладных деталей из полиэтиленовой трубы диаметром: 400 мм высотой 600 мм
47-01-154-03	47-01-154	Сопутствующие работы при устройстве контейнерного озеленения	КОНТЕЙНЕРНОЕ ОЗЕЛЕНЕНИЕ	шт	Установка в контейнер закладных деталей из полиэтиленовой трубы диаметром: 500 мм высотой 600 мм
47-01-154-04	47-01-154	Сопутствующие работы при устройстве контейнерного озеленения	КОНТЕЙНЕРНОЕ ОЗЕЛЕНЕНИЕ	шт	Установка в контейнер закладных деталей из полиэтиленовой трубы диаметром: 1000 мм высотой 900 мм
47-01-154-05	47-01-154	Сопутствующие работы при устройстве контейнерного озеленения	КОНТЕЙНЕРНОЕ ОЗЕЛЕНЕНИЕ	10 шт	Устройство теплоизоляции и жесткой фиксации закладной детали из полиэтиленовой трубы внутри контейнера размером: 1000х900х700 мм
47-01-154-06	47-01-154	Сопутствующие работы при устройстве контейнерного озеленения	КОНТЕЙНЕРНОЕ ОЗЕЛЕНЕНИЕ	10 шт	Устройство теплоизоляции и жесткой фиксации закладной детали из полиэтиленовой трубы внутри контейнера размером: 1500х900х700 мм
47-01-154-07	47-01-154	Сопутствующие работы при устройстве контейнерного озеленения	КОНТЕЙНЕРНОЕ ОЗЕЛЕНЕНИЕ	10 шт	Устройство теплоизоляции и жесткой фиксации закладной детали из полиэтиленовой трубы внутри контейнера размером: 1500х1500х1000 мм
47-01-154-08	47-01-154	Сопутствующие работы при устройстве контейнерного озеленения	КОНТЕЙНЕРНОЕ ОЗЕЛЕНЕНИЕ	м2	Установка в контейнер для озеленения скрытых металлических сеток от неправомерных действий