norm_code	table_code	table_name	division	unit	norm_name
01-01-001-01	01-01-001	Разработка грунта в отвал экскаваторами "драглайн" одноковшовыми электрическими шагающими при работе	РАЗРАБОТКА ГРУНТА ЭКСКАВАТОРАМИ В ОТВАЛ	1000 м3	Разработка грунта в отвал экскаваторами "драглайн" одноковшовыми электрическими шагающими при работе на гидроэнергетическом строительстве с ковшом вместимостью: 15 м3, группа грунт
01-01-001-02	01-01-001	Разработка грунта в отвал экскаваторами "драглайн" одноковшовыми электрическими шагающими при работе	РАЗРАБОТКА ГРУНТА ЭКСКАВАТОРАМИ В ОТВАЛ	1000 м3	Разработка грунта в отвал экскаваторами "драглайн" одноковшовыми электрическими шагающими при работе на гидроэнергетическом строительстве с ковшом вместимостью: 15 м3, группа грунт
01-01-001-03	01-01-001	Разработка грунта в отвал экскаваторами "драглайн" одноковшовыми электрическими шагающими при работе	РАЗРАБОТКА ГРУНТА ЭКСКАВАТОРАМИ В ОТВАЛ	1000 м3	Разработка грунта в отвал экскаваторами "драглайн" одноковшовыми электрическими шагающими при работе на гидроэнергетическом строительстве с ковшом вместимостью: 15 м3, группа грунт
01-01-001-04	01-01-001	Разработка грунта в отвал экскаваторами "драглайн" одноковшовыми электрическими шагающими при работе	РАЗРАБОТКА ГРУНТА ЭКСКАВАТОРАМИ В ОТВАЛ	1000 м3	Разработка грунта в отвал экскаваторами "драглайн" одноковшовыми электрическими шагающими при работе на гидроэнергетическом строительстве с ковшом вместимостью: 15 м3, группа грунт
01-01-001-05	01-01-001	Разработка грунта в отвал экскаваторами "драглайн" одноковшовыми электрическими шагающими при работе	РАЗРАБОТКА ГРУНТА ЭКСКАВАТОРАМИ В ОТВАЛ	1000 м3	Разработка грунта в отвал экскаваторами "драглайн" одноковшовыми электрическими шагающими при работе на гидроэнергетическом строительстве с ковшом вместимостью: 15 м3, группа грунт
01-01-001-06	01-01-001	Разработка грунта в отвал экскаваторами "драглайн" одноковшовыми электрическими шагающими при работе	РАЗРАБОТКА ГРУНТА ЭКСКАВАТОРАМИ В ОТВАЛ	1000 м3	Разработка грунта в отвал экскаваторами "драглайн" одноковшовыми электрическими шагающими при работе на гидроэнергетическом строительстве с ковшом вместимостью: 15 м3, группа грунт
01-01-001-07	01-01-001	Разработка грунта в отвал экскаваторами "драглайн" одноковшовыми электрическими шагающими при работе	РАЗРАБОТКА ГРУНТА ЭКСКАВАТОРАМИ В ОТВАЛ	1000 м3	Разработка грунта в отвал экскаваторами "драглайн" одноковшовыми электрическими шагающими при работе на гидроэнергетическом строительстве с ковшом вместимостью: 10 м3, группа грунт
01-01-001-08	01-01-001	Разработка грунта в отвал экскаваторами "драглайн" одноковшовыми электрическими шагающими при работе	РАЗРАБОТКА ГРУНТА ЭКСКАВАТОРАМИ В ОТВАЛ	1000 м3	Разработка грунта в отвал экскаваторами "драглайн" одноковшовыми электрическими шагающими при работе на гидроэнергетическом строительстве с ковшом вместимостью: 10 м3, группа грунт
01-01-001-09	01-01-001	Разработка грунта в отвал экскаваторами "драглайн" одноковшовыми электрическими шагающими при работе	РАЗРАБОТКА ГРУНТА ЭКСКАВАТОРАМИ В ОТВАЛ	1000 м3	Разработка грунта в отвал экскаваторами "драглайн" одноковшовыми электрическими шагающими при работе на гидроэнергетическом строительстве с ковшом вместимостью: 10 м3, группа грунт
01-01-001-10	01-01-001	Разработка грунта в отвал экскаваторами "драглайн" одноковшовыми электрическими шагающими при работе	РАЗРАБОТКА ГРУНТА ЭКСКАВАТОРАМИ В ОТВАЛ	1000 м3	Разработка грунта в отвал экскаваторами "драглайн" одноковшовыми электрическими шагающими при работе на гидроэнергетическом строительстве с ковшом вместимостью: 10 м3, группа грунт
01-01-001-11	01-01-001	Разработка грунта в отвал экскаваторами "драглайн" одноковшовыми электрическими шагающими при работе	РАЗРАБОТКА ГРУНТА ЭКСКАВАТОРАМИ В ОТВАЛ	1000 м3	Разработка грунта в отвал экскаваторами "драглайн" одноковшовыми электрическими шагающими при работе на гидроэнергетическом строительстве с ковшом вместимостью: 10 м3, группа грунт
01-01-001-12	01-01-001	Разработка грунта в отвал экскаваторами "драглайн" одноковшовыми электрическими шагающими при работе	РАЗРАБОТКА ГРУНТА ЭКСКАВАТОРАМИ В ОТВАЛ	1000 м3	Разработка грунта в отвал экскаваторами "драглайн" одноковшовыми электрическими шагающими при работе на гидроэнергетическом строительстве с ковшом вместимостью: 10 м3, группа грунт
01-01-001-13	01-01-001	Разработка грунта в отвал экскаваторами "драглайн" одноковшовыми электрическими шагающими при работе	РАЗРАБОТКА ГРУНТА ЭКСКАВАТОРАМИ В ОТВАЛ	1000 м3	Разработка грунта в отвал экскаваторами "драглайн" одноковшовыми электрическими шагающими при работе на гидроэнергетическом строительстве с ковшом вместимостью: 6,3-6,5 м3, группа 
01-01-001-14	01-01-001	Разработка грунта в отвал экскаваторами "драглайн" одноковшовыми электрическими шагающими при работе	РАЗРАБОТКА ГРУНТА ЭКСКАВАТОРАМИ В ОТВАЛ	1000 м3	Разработка грунта в отвал экскаваторами "драглайн" одноковшовыми электрическими шагающими при работе на гидроэнергетическом строительстве с ковшом вместимостью: 6,3-6,5 м3, группа 
01-01-001-15	01-01-001	Разработка грунта в отвал экскаваторами "драглайн" одноковшовыми электрическими шагающими при работе	РАЗРАБОТКА ГРУНТА ЭКСКАВАТОРАМИ В ОТВАЛ	1000 м3	Разработка грунта в отвал экскаваторами "драглайн" одноковшовыми электрическими шагающими при работе на гидроэнергетическом строительстве с ковшом вместимостью: 6,3-6,5 м3, группа 
01-01-001-16	01-01-001	Разработка грунта в отвал экскаваторами "драглайн" одноковшовыми электрическими шагающими при работе	РАЗРАБОТКА ГРУНТА ЭКСКАВАТОРАМИ В ОТВАЛ	1000 м3	Разработка грунта в отвал экскаваторами "драглайн" одноковшовыми электрическими шагающими при работе на гидроэнергетическом строительстве с ковшом вместимостью: 6,3-6,5 м3, группа 
01-01-001-17	01-01-001	Разработка грунта в отвал экскаваторами "драглайн" одноковшовыми электрическими шагающими при работе	РАЗРАБОТКА ГРУНТА ЭКСКАВАТОРАМИ В ОТВАЛ	1000 м3	Разработка грунта в отвал экскаваторами "драглайн" одноковшовыми электрическими шагающими при работе на гидроэнергетическом строительстве с ковшом вместимостью: 6,3-6,5 м3, группа 
01-01-001-18	01-01-001	Разработка грунта в отвал экскаваторами "драглайн" одноковшовыми электрическими шагающими при работе	РАЗРАБОТКА ГРУНТА ЭКСКАВАТОРАМИ В ОТВАЛ	1000 м3	Разработка грунта в отвал экскаваторами "драглайн" одноковшовыми электрическими шагающими при работе на гидроэнергетическом строительстве с ковшом вместимостью: 6,3-6,5 м3, группа 
01-01-001-19	01-01-001	Разработка грунта в отвал экскаваторами "драглайн" одноковшовыми электрическими шагающими при работе	РАЗРАБОТКА ГРУНТА ЭКСКАВАТОРАМИ В ОТВАЛ	1000 м3	Разработка грунта в отвал экскаваторами "драглайн" одноковшовыми электрическими шагающими при работе на гидроэнергетическом строительстве с ковшом вместимостью: 5-6 м3, группа грун
01-01-001-20	01-01-001	Разработка грунта в отвал экскаваторами "драглайн" одноковшовыми электрическими шагающими при работе	РАЗРАБОТКА ГРУНТА ЭКСКАВАТОРАМИ В ОТВАЛ	1000 м3	Разработка грунта в отвал экскаваторами "драглайн" одноковшовыми электрическими шагающими при работе на гидроэнергетическом строительстве с ковшом вместимостью: 5-6 м3, группа грун
01-01-001-21	01-01-001	Разработка грунта в отвал экскаваторами "драглайн" одноковшовыми электрическими шагающими при работе	РАЗРАБОТКА ГРУНТА ЭКСКАВАТОРАМИ В ОТВАЛ	1000 м3	Разработка грунта в отвал экскаваторами "драглайн" одноковшовыми электрическими шагающими при работе на гидроэнергетическом строительстве с ковшом вместимостью: 5-6 м3, группа грун
01-01-001-22	01-01-001	Разработка грунта в отвал экскаваторами "драглайн" одноковшовыми электрическими шагающими при работе	РАЗРАБОТКА ГРУНТА ЭКСКАВАТОРАМИ В ОТВАЛ	1000 м3	Разработка грунта в отвал экскаваторами "драглайн" одноковшовыми электрическими шагающими при работе на гидроэнергетическом строительстве с ковшом вместимостью: 5-6 м3, группа грун
01-01-001-23	01-01-001	Разработка грунта в отвал экскаваторами "драглайн" одноковшовыми электрическими шагающими при работе	РАЗРАБОТКА ГРУНТА ЭКСКАВАТОРАМИ В ОТВАЛ	1000 м3	Разработка грунта в отвал экскаваторами "драглайн" одноковшовыми электрическими шагающими при работе на гидроэнергетическом строительстве с ковшом вместимостью: 5-6 м3, группа грун
01-01-001-24	01-01-001	Разработка грунта в отвал экскаваторами "драглайн" одноковшовыми электрическими шагающими при работе	РАЗРАБОТКА ГРУНТА ЭКСКАВАТОРАМИ В ОТВАЛ	1000 м3	Разработка грунта в отвал экскаваторами "драглайн" одноковшовыми электрическими шагающими при работе на гидроэнергетическом строительстве с ковшом вместимостью: 5-6 м3, группа грун
01-01-006-01	01-01-006	Разработка грунта в отвал в котлованах объемом до 500 м3 экскаваторами с ковшом вместимостью 0,4; 0,	РАЗРАБОТКА ГРУНТА ЭКСКАВАТОРАМИ В ОТВАЛ	1000 м3	Разработка грунта в котлованах объемом до 500 м3 экскаваторами с ковшом вместимостью 0,4 (0,35-0,45) м3, группа грунтов: 1
01-01-006-02	01-01-006	Разработка грунта в отвал в котлованах объемом до 500 м3 экскаваторами с ковшом вместимостью 0,4; 0,	РАЗРАБОТКА ГРУНТА ЭКСКАВАТОРАМИ В ОТВАЛ	1000 м3	Разработка грунта в котлованах объемом до 500 м3 экскаваторами с ковшом вместимостью 0,4 (0,35-0,45) м3, группа грунтов: 2
01-01-006-03	01-01-006	Разработка грунта в отвал в котлованах объемом до 500 м3 экскаваторами с ковшом вместимостью 0,4; 0,	РАЗРАБОТКА ГРУНТА ЭКСКАВАТОРАМИ В ОТВАЛ	1000 м3	Разработка грунта в котлованах объемом до 500 м3 экскаваторами с ковшом вместимостью 0,4 (0,35-0,45) м3, группа грунтов: 3
01-01-006-04	01-01-006	Разработка грунта в отвал в котлованах объемом до 500 м3 экскаваторами с ковшом вместимостью 0,4; 0,	РАЗРАБОТКА ГРУНТА ЭКСКАВАТОРАМИ В ОТВАЛ	1000 м3	Разработка грунта в котлованах объемом до 500 м3 экскаваторами с ковшом вместимостью 0,25 м3, группа грунтов: 1
01-01-006-05	01-01-006	Разработка грунта в отвал в котлованах объемом до 500 м3 экскаваторами с ковшом вместимостью 0,4; 0,	РАЗРАБОТКА ГРУНТА ЭКСКАВАТОРАМИ В ОТВАЛ	1000 м3	Разработка грунта в котлованах объемом до 500 м3 экскаваторами с ковшом вместимостью 0,25 м3, группа грунтов: 2
01-01-006-06	01-01-006	Разработка грунта в отвал в котлованах объемом до 500 м3 экскаваторами с ковшом вместимостью 0,4; 0,	РАЗРАБОТКА ГРУНТА ЭКСКАВАТОРАМИ В ОТВАЛ	1000 м3	Разработка грунта в котлованах объемом до 500 м3 экскаваторами с ковшом вместимостью 0,25 м3, группа грунтов: 3
01-01-007-01	01-01-007	Разработка грунта в отвал в котлованах объемом до 1000 м3 экскаваторами с ковшом вместимостью 0,5; 0	РАЗРАБОТКА ГРУНТА ЭКСКАВАТОРАМИ В ОТВАЛ	1000 м3	Разработка грунта в отвал в котлованах объемом до 1000 м3 экскаваторами с ковшом вместимостью 0,5 (0,5-0,63) м3, группа грунтов: 1
01-01-007-02	01-01-007	Разработка грунта в отвал в котлованах объемом до 1000 м3 экскаваторами с ковшом вместимостью 0,5; 0	РАЗРАБОТКА ГРУНТА ЭКСКАВАТОРАМИ В ОТВАЛ	1000 м3	Разработка грунта в отвал в котлованах объемом до 1000 м3 экскаваторами с ковшом вместимостью 0,5 (0,5-0,63) м3, группа грунтов: 2
01-01-007-03	01-01-007	Разработка грунта в отвал в котлованах объемом до 1000 м3 экскаваторами с ковшом вместимостью 0,5; 0	РАЗРАБОТКА ГРУНТА ЭКСКАВАТОРАМИ В ОТВАЛ	1000 м3	Разработка грунта в отвал в котлованах объемом до 1000 м3 экскаваторами с ковшом вместимостью 0,5 (0,5-0,63) м3, группа грунтов: 3
01-01-007-04	01-01-007	Разработка грунта в отвал в котлованах объемом до 1000 м3 экскаваторами с ковшом вместимостью 0,5; 0	РАЗРАБОТКА ГРУНТА ЭКСКАВАТОРАМИ В ОТВАЛ	1000 м3	Разработка грунта в отвал в котлованах объемом до 1000 м3 экскаваторами с ковшом вместимостью 0,5 (0,5-0,63) м3, группа грунтов: 4
01-01-007-05	01-01-007	Разработка грунта в отвал в котлованах объемом до 1000 м3 экскаваторами с ковшом вместимостью 0,5; 0	РАЗРАБОТКА ГРУНТА ЭКСКАВАТОРАМИ В ОТВАЛ	1000 м3	Разработка грунта в отвал в котлованах объемом до 1000 м3 экскаваторами с ковшом вместимостью 0,5 (0,5-0,63) м3, группа грунтов: 5
01-01-007-06	01-01-007	Разработка грунта в отвал в котлованах объемом до 1000 м3 экскаваторами с ковшом вместимостью 0,5; 0	РАЗРАБОТКА ГРУНТА ЭКСКАВАТОРАМИ В ОТВАЛ	1000 м3	Разработка грунта в отвал в котлованах объемом до 1000 м3 экскаваторами с ковшом вместимостью 0,5 (0,5-0,63) м3, группа грунтов: 6
01-01-007-07	01-01-007	Разработка грунта в отвал в котлованах объемом до 1000 м3 экскаваторами с ковшом вместимостью 0,5; 0	РАЗРАБОТКА ГРУНТА ЭКСКАВАТОРАМИ В ОТВАЛ	1000 м3	Разработка грунта в отвал в котлованах объемом до 1000 м3 экскаваторами с ковшом вместимостью 0,4 (0,35-0,45) м3, группа грунтов: 1
01-01-007-08	01-01-007	Разработка грунта в отвал в котлованах объемом до 1000 м3 экскаваторами с ковшом вместимостью 0,5; 0	РАЗРАБОТКА ГРУНТА ЭКСКАВАТОРАМИ В ОТВАЛ	1000 м3	Разработка грунта в отвал в котлованах объемом до 1000 м3 экскаваторами с ковшом вместимостью 0,4 (0,35-0,45) м3, группа грунтов: 2
01-01-007-09	01-01-007	Разработка грунта в отвал в котлованах объемом до 1000 м3 экскаваторами с ковшом вместимостью 0,5; 0	РАЗРАБОТКА ГРУНТА ЭКСКАВАТОРАМИ В ОТВАЛ	1000 м3	Разработка грунта в отвал в котлованах объемом до 1000 м3 экскаваторами с ковшом вместимостью 0,4 (0,35-0,45) м3, группа грунтов: 3
01-01-007-10	01-01-007	Разработка грунта в отвал в котлованах объемом до 1000 м3 экскаваторами с ковшом вместимостью 0,5; 0	РАЗРАБОТКА ГРУНТА ЭКСКАВАТОРАМИ В ОТВАЛ	1000 м3	Разработка грунта в отвал в котлованах объемом до 1000 м3 экскаваторами с ковшом вместимостью 0,25 м3, группа грунтов: 1
01-01-007-11	01-01-007	Разработка грунта в отвал в котлованах объемом до 1000 м3 экскаваторами с ковшом вместимостью 0,5; 0	РАЗРАБОТКА ГРУНТА ЭКСКАВАТОРАМИ В ОТВАЛ	1000 м3	Разработка грунта в отвал в котлованах объемом до 1000 м3 экскаваторами с ковшом вместимостью 0,25 м3, группа грунтов: 2
01-01-007-12	01-01-007	Разработка грунта в отвал в котлованах объемом до 1000 м3 экскаваторами с ковшом вместимостью 0,5; 0	РАЗРАБОТКА ГРУНТА ЭКСКАВАТОРАМИ В ОТВАЛ	1000 м3	Разработка грунта в отвал в котлованах объемом до 1000 м3 экскаваторами с ковшом вместимостью 0,25 м3, группа грунтов: 3
01-01-008-01	01-01-008	Разработка грунта в отвал в котлованах объемом от 1000 до 3000 м3 экскаваторами с ковшом вместимость	РАЗРАБОТКА ГРУНТА ЭКСКАВАТОРАМИ В ОТВАЛ	1000 м3	Разработка грунта в отвал в котлованах объемом от 1000 до 3000 м3 экскаваторами с ковшом вместимостью 0,65 м3, группа грунтов: 1
01-01-008-02	01-01-008	Разработка грунта в отвал в котлованах объемом от 1000 до 3000 м3 экскаваторами с ковшом вместимость	РАЗРАБОТКА ГРУНТА ЭКСКАВАТОРАМИ В ОТВАЛ	1000 м3	Разработка грунта в отвал в котлованах объемом от 1000 до 3000 м3 экскаваторами с ковшом вместимостью 0,65 м3, группа грунтов: 2
01-01-008-03	01-01-008	Разработка грунта в отвал в котлованах объемом от 1000 до 3000 м3 экскаваторами с ковшом вместимость	РАЗРАБОТКА ГРУНТА ЭКСКАВАТОРАМИ В ОТВАЛ	1000 м3	Разработка грунта в отвал в котлованах объемом от 1000 до 3000 м3 экскаваторами с ковшом вместимостью 0,65 м3, группа грунтов: 3
01-01-008-04	01-01-008	Разработка грунта в отвал в котлованах объемом от 1000 до 3000 м3 экскаваторами с ковшом вместимость	РАЗРАБОТКА ГРУНТА ЭКСКАВАТОРАМИ В ОТВАЛ	1000 м3	Разработка грунта в отвал в котлованах объемом от 1000 до 3000 м3 экскаваторами с ковшом вместимостью 0,65 м3, группа грунтов: 4
01-01-008-05	01-01-008	Разработка грунта в отвал в котлованах объемом от 1000 до 3000 м3 экскаваторами с ковшом вместимость	РАЗРАБОТКА ГРУНТА ЭКСКАВАТОРАМИ В ОТВАЛ	1000 м3	Разработка грунта в отвал в котлованах объемом от 1000 до 3000 м3 экскаваторами с ковшом вместимостью 0,65 м3, группа грунтов: 5
01-01-008-06	01-01-008	Разработка грунта в отвал в котлованах объемом от 1000 до 3000 м3 экскаваторами с ковшом вместимость	РАЗРАБОТКА ГРУНТА ЭКСКАВАТОРАМИ В ОТВАЛ	1000 м3	Разработка грунта в отвал в котлованах объемом от 1000 до 3000 м3 экскаваторами с ковшом вместимостью 0,65 м3, группа грунтов: 6
01-01-008-07	01-01-008	Разработка грунта в отвал в котлованах объемом от 1000 до 3000 м3 экскаваторами с ковшом вместимость	РАЗРАБОТКА ГРУНТА ЭКСКАВАТОРАМИ В ОТВАЛ	1000 м3	Разработка грунта в отвал в котлованах объемом от 1000 до 3000 м3, экскаваторами с ковшом вместимостью 0,5 м3, группа грунтов: 1
01-01-008-08	01-01-008	Разработка грунта в отвал в котлованах объемом от 1000 до 3000 м3 экскаваторами с ковшом вместимость	РАЗРАБОТКА ГРУНТА ЭКСКАВАТОРАМИ В ОТВАЛ	1000 м3	Разработка грунта в отвал в котлованах объемом от 1000 до 3000 м3, экскаваторами с ковшом вместимостью 0,5 м3, группа грунтов: 2
01-01-008-09	01-01-008	Разработка грунта в отвал в котлованах объемом от 1000 до 3000 м3 экскаваторами с ковшом вместимость	РАЗРАБОТКА ГРУНТА ЭКСКАВАТОРАМИ В ОТВАЛ	1000 м3	Разработка грунта в отвал в котлованах объемом от 1000 до 3000 м3, экскаваторами с ковшом вместимостью 0,5 м3, группа грунтов: 3
01-01-008-10	01-01-008	Разработка грунта в отвал в котлованах объемом от 1000 до 3000 м3 экскаваторами с ковшом вместимость	РАЗРАБОТКА ГРУНТА ЭКСКАВАТОРАМИ В ОТВАЛ	1000 м3	Разработка грунта в отвал в котлованах объемом от 1000 до 3000 м3, экскаваторами с ковшом вместимостью 0,5 м3, группа грунтов: 4
01-01-008-11	01-01-008	Разработка грунта в отвал в котлованах объемом от 1000 до 3000 м3 экскаваторами с ковшом вместимость	РАЗРАБОТКА ГРУНТА ЭКСКАВАТОРАМИ В ОТВАЛ	1000 м3	Разработка грунта в отвал в котлованах объемом от 1000 до 3000 м3, экскаваторами с ковшом вместимостью 0,5 м3, группа грунтов: 5
01-01-008-12	01-01-008	Разработка грунта в отвал в котлованах объемом от 1000 до 3000 м3 экскаваторами с ковшом вместимость	РАЗРАБОТКА ГРУНТА ЭКСКАВАТОРАМИ В ОТВАЛ	1000 м3	Разработка грунта в отвал в котлованах объемом от 1000 до 3000 м3, экскаваторами с ковшом вместимостью 0,5 м3, группа грунтов: 6
01-01-009-01	01-01-009	Разработка грунта в траншеях экскаваторами "обратная лопата" с ковшом вместимостью 1; 0,65; 0,5; 0,4	РАЗРАБОТКА ГРУНТА ЭКСКАВАТОРАМИ В ОТВАЛ	1000 м3	Разработка грунта в траншеях экскаватором «обратная лопата» с ковшом вместимостью 1 (1-1,2) м3, группа грунтов: 1
01-01-009-02	01-01-009	Разработка грунта в траншеях экскаваторами "обратная лопата" с ковшом вместимостью 1; 0,65; 0,5; 0,4	РАЗРАБОТКА ГРУНТА ЭКСКАВАТОРАМИ В ОТВАЛ	1000 м3	Разработка грунта в траншеях экскаватором «обратная лопата» с ковшом вместимостью 1 (1-1,2) м3, группа грунтов: 2
01-01-009-03	01-01-009	Разработка грунта в траншеях экскаваторами "обратная лопата" с ковшом вместимостью 1; 0,65; 0,5; 0,4	РАЗРАБОТКА ГРУНТА ЭКСКАВАТОРАМИ В ОТВАЛ	1000 м3	Разработка грунта в траншеях экскаватором «обратная лопата» с ковшом вместимостью 1 (1-1,2) м3, группа грунтов: 3
01-01-009-04	01-01-009	Разработка грунта в траншеях экскаваторами "обратная лопата" с ковшом вместимостью 1; 0,65; 0,5; 0,4	РАЗРАБОТКА ГРУНТА ЭКСКАВАТОРАМИ В ОТВАЛ	1000 м3	Разработка грунта в траншеях экскаватором «обратная лопата» с ковшом вместимостью 1 (1-1,2) м3, группа грунтов: 4
01-01-009-05	01-01-009	Разработка грунта в траншеях экскаваторами "обратная лопата" с ковшом вместимостью 1; 0,65; 0,5; 0,4	РАЗРАБОТКА ГРУНТА ЭКСКАВАТОРАМИ В ОТВАЛ	1000 м3	Разработка грунта в траншеях экскаватором «обратная лопата» с ковшом вместимостью 1 (1-1,2) м3, группа грунтов: 5
01-01-009-06	01-01-009	Разработка грунта в траншеях экскаваторами "обратная лопата" с ковшом вместимостью 1; 0,65; 0,5; 0,4	РАЗРАБОТКА ГРУНТА ЭКСКАВАТОРАМИ В ОТВАЛ	1000 м3	Разработка грунта в траншеях экскаватором «обратная лопата» с ковшом вместимостью 1 (1-1,2) м3, группа грунтов: 6
01-01-009-07	01-01-009	Разработка грунта в траншеях экскаваторами "обратная лопата" с ковшом вместимостью 1; 0,65; 0,5; 0,4	РАЗРАБОТКА ГРУНТА ЭКСКАВАТОРАМИ В ОТВАЛ	1000 м3	Разработка грунта в траншеях экскаватором «обратная лопата» с ковшом вместимостью 0,65 (0,5-1) м3, группа грунтов: 1
01-01-009-08	01-01-009	Разработка грунта в траншеях экскаваторами "обратная лопата" с ковшом вместимостью 1; 0,65; 0,5; 0,4	РАЗРАБОТКА ГРУНТА ЭКСКАВАТОРАМИ В ОТВАЛ	1000 м3	Разработка грунта в траншеях экскаватором «обратная лопата» с ковшом вместимостью 0,65 (0,5-1) м3, группа грунтов: 2
01-01-009-09	01-01-009	Разработка грунта в траншеях экскаваторами "обратная лопата" с ковшом вместимостью 1; 0,65; 0,5; 0,4	РАЗРАБОТКА ГРУНТА ЭКСКАВАТОРАМИ В ОТВАЛ	1000 м3	Разработка грунта в траншеях экскаватором «обратная лопата» с ковшом вместимостью 0,65 (0,5-1) м3, группа грунтов: 3
01-01-009-10	01-01-009	Разработка грунта в траншеях экскаваторами "обратная лопата" с ковшом вместимостью 1; 0,65; 0,5; 0,4	РАЗРАБОТКА ГРУНТА ЭКСКАВАТОРАМИ В ОТВАЛ	1000 м3	Разработка грунта в траншеях экскаватором «обратная лопата» с ковшом вместимостью 0,65 (0,5-1) м3, группа грунтов: 4
01-01-009-11	01-01-009	Разработка грунта в траншеях экскаваторами "обратная лопата" с ковшом вместимостью 1; 0,65; 0,5; 0,4	РАЗРАБОТКА ГРУНТА ЭКСКАВАТОРАМИ В ОТВАЛ	1000 м3	Разработка грунта в траншеях экскаватором «обратная лопата» с ковшом вместимостью 0,65 (0,5-1) м3, группа грунтов: 5
01-01-009-12	01-01-009	Разработка грунта в траншеях экскаваторами "обратная лопата" с ковшом вместимостью 1; 0,65; 0,5; 0,4	РАЗРАБОТКА ГРУНТА ЭКСКАВАТОРАМИ В ОТВАЛ	1000 м3	Разработка грунта в траншеях экскаватором «обратная лопата» с ковшом вместимостью 0,65 (0,5-1) м3, группа грунтов: 6
01-01-009-13	01-01-009	Разработка грунта в траншеях экскаваторами "обратная лопата" с ковшом вместимостью 1; 0,65; 0,5; 0,4	РАЗРАБОТКА ГРУНТА ЭКСКАВАТОРАМИ В ОТВАЛ	1000 м3	Разработка грунта в траншеях экскаватором «обратная лопата» с ковшом вместимостью 0,5 (0,5-0,63) м3, в отвал группа грунтов: 1
01-01-009-14	01-01-009	Разработка грунта в траншеях экскаваторами "обратная лопата" с ковшом вместимостью 1; 0,65; 0,5; 0,4	РАЗРАБОТКА ГРУНТА ЭКСКАВАТОРАМИ В ОТВАЛ	1000 м3	Разработка грунта в траншеях экскаватором «обратная лопата» с ковшом вместимостью 0,5 (0,5-0,63) м3, в отвал группа грунтов: 2
01-01-009-15	01-01-009	Разработка грунта в траншеях экскаваторами "обратная лопата" с ковшом вместимостью 1; 0,65; 0,5; 0,4	РАЗРАБОТКА ГРУНТА ЭКСКАВАТОРАМИ В ОТВАЛ	1000 м3	Разработка грунта в траншеях экскаватором «обратная лопата» с ковшом вместимостью 0,5 (0,5-0,63) м3, в отвал группа грунтов: 3
01-01-009-16	01-01-009	Разработка грунта в траншеях экскаваторами "обратная лопата" с ковшом вместимостью 1; 0,65; 0,5; 0,4	РАЗРАБОТКА ГРУНТА ЭКСКАВАТОРАМИ В ОТВАЛ	1000 м3	Разработка грунта в траншеях экскаватором «обратная лопата» с ковшом вместимостью 0,5 (0,5-0,63) м3, в отвал группа грунтов: 4
01-01-009-17	01-01-009	Разработка грунта в траншеях экскаваторами "обратная лопата" с ковшом вместимостью 1; 0,65; 0,5; 0,4	РАЗРАБОТКА ГРУНТА ЭКСКАВАТОРАМИ В ОТВАЛ	1000 м3	Разработка грунта в траншеях экскаватором «обратная лопата» с ковшом вместимостью 0,5 (0,5-0,63) м3, в отвал группа грунтов: 5
01-01-009-18	01-01-009	Разработка грунта в траншеях экскаваторами "обратная лопата" с ковшом вместимостью 1; 0,65; 0,5; 0,4	РАЗРАБОТКА ГРУНТА ЭКСКАВАТОРАМИ В ОТВАЛ	1000 м3	Разработка грунта в траншеях экскаватором «обратная лопата» с ковшом вместимостью 0,5 (0,5-0,63) м3, в отвал группа грунтов: 6
01-01-009-19	01-01-009	Разработка грунта в траншеях экскаваторами "обратная лопата" с ковшом вместимостью 1; 0,65; 0,5; 0,4	РАЗРАБОТКА ГРУНТА ЭКСКАВАТОРАМИ В ОТВАЛ	1000 м3	Разработка траншей экскаватором «обратная лопата» с ковшом вместимостью 0,4 м3, группа грунтов: 1
01-01-009-20	01-01-009	Разработка грунта в траншеях экскаваторами "обратная лопата" с ковшом вместимостью 1; 0,65; 0,5; 0,4	РАЗРАБОТКА ГРУНТА ЭКСКАВАТОРАМИ В ОТВАЛ	1000 м3	Разработка траншей экскаватором «обратная лопата» с ковшом вместимостью 0,4 м3, группа грунтов: 2
01-01-009-21	01-01-009	Разработка грунта в траншеях экскаваторами "обратная лопата" с ковшом вместимостью 1; 0,65; 0,5; 0,4	РАЗРАБОТКА ГРУНТА ЭКСКАВАТОРАМИ В ОТВАЛ	1000 м3	Разработка траншей экскаватором «обратная лопата» с ковшом вместимостью 0,4 м3, группа грунтов: 3
01-01-009-22	01-01-009	Разработка грунта в траншеях экскаваторами "обратная лопата" с ковшом вместимостью 1; 0,65; 0,5; 0,4	РАЗРАБОТКА ГРУНТА ЭКСКАВАТОРАМИ В ОТВАЛ	1000 м3	Разработка траншей экскаватором «обратная лопата» с ковшом вместимостью 0,25 м3, группа грунтов: 1
01-01-009-23	01-01-009	Разработка грунта в траншеях экскаваторами "обратная лопата" с ковшом вместимостью 1; 0,65; 0,5; 0,4	РАЗРАБОТКА ГРУНТА ЭКСКАВАТОРАМИ В ОТВАЛ	1000 м3	Разработка траншей экскаватором «обратная лопата» с ковшом вместимостью 0,25 м3, группа грунтов: 2
01-01-009-24	01-01-009	Разработка грунта в траншеях экскаваторами "обратная лопата" с ковшом вместимостью 1; 0,65; 0,5; 0,4	РАЗРАБОТКА ГРУНТА ЭКСКАВАТОРАМИ В ОТВАЛ	1000 м3	Разработка траншей экскаватором «обратная лопата» с ковшом вместимостью 0,25 м3, группа грунтов: 3
01-01-010-01	01-01-010	Разработка грунта в отвал	РАЗРАБОТКА ГРУНТА ЭКСКАВАТОРАМИ В ОТВАЛ	1000 м3	Разработка грунта в отвал экскаваторами, вместимость ковша 2,5 (1,5-3) м3, группа грунтов: 1
01-01-010-02	01-01-010	Разработка грунта в отвал	РАЗРАБОТКА ГРУНТА ЭКСКАВАТОРАМИ В ОТВАЛ	1000 м3	Разработка грунта в отвал экскаваторами, вместимость ковша 2,5 (1,5-3) м3, группа грунтов: 2
01-01-010-03	01-01-010	Разработка грунта в отвал	РАЗРАБОТКА ГРУНТА ЭКСКАВАТОРАМИ В ОТВАЛ	1000 м3	Разработка грунта в отвал экскаваторами, вместимость ковша 2,5 (1,5-3) м3, группа грунтов: 3
01-01-010-04	01-01-010	Разработка грунта в отвал	РАЗРАБОТКА ГРУНТА ЭКСКАВАТОРАМИ В ОТВАЛ	1000 м3	Разработка грунта в отвал экскаваторами, вместимость ковша 2,5 (1,5-3) м3, группа грунтов: 4
01-01-010-05	01-01-010	Разработка грунта в отвал	РАЗРАБОТКА ГРУНТА ЭКСКАВАТОРАМИ В ОТВАЛ	1000 м3	Разработка грунта в отвал экскаваторами, вместимость ковша 2,5 (1,5-3) м3, группа грунтов: 5
01-01-010-06	01-01-010	Разработка грунта в отвал	РАЗРАБОТКА ГРУНТА ЭКСКАВАТОРАМИ В ОТВАЛ	1000 м3	Разработка грунта в отвал экскаваторами, вместимость ковша 2,5 (1,5-3) м3, группа грунтов: 6
01-01-010-07	01-01-010	Разработка грунта в отвал	РАЗРАБОТКА ГРУНТА ЭКСКАВАТОРАМИ В ОТВАЛ	1000 м3	Разработка грунта в отвал экскаваторами, вместимость ковша 1,6 (1,25-1,6) м3, группа грунтов: 1
01-01-010-08	01-01-010	Разработка грунта в отвал	РАЗРАБОТКА ГРУНТА ЭКСКАВАТОРАМИ В ОТВАЛ	1000 м3	Разработка грунта в отвал экскаваторами, вместимость ковша 1,6 (1,25-1,6) м3, группа грунтов: 2
01-01-010-09	01-01-010	Разработка грунта в отвал	РАЗРАБОТКА ГРУНТА ЭКСКАВАТОРАМИ В ОТВАЛ	1000 м3	Разработка грунта в отвал экскаваторами, вместимость ковша 1,6 (1,25-1,6) м3, группа грунтов: 3
01-01-010-10	01-01-010	Разработка грунта в отвал	РАЗРАБОТКА ГРУНТА ЭКСКАВАТОРАМИ В ОТВАЛ	1000 м3	Разработка грунта в отвал экскаваторами, вместимость ковша 1,6 (1,25-1,6) м3, группа грунтов: 4
01-01-010-11	01-01-010	Разработка грунта в отвал	РАЗРАБОТКА ГРУНТА ЭКСКАВАТОРАМИ В ОТВАЛ	1000 м3	Разработка грунта в отвал экскаваторами, вместимость ковша 1,6 (1,25-1,6) м3, группа грунтов: 5
01-01-010-12	01-01-010	Разработка грунта в отвал	РАЗРАБОТКА ГРУНТА ЭКСКАВАТОРАМИ В ОТВАЛ	1000 м3	Разработка грунта в отвал экскаваторами, вместимость ковша 1,6 (1,25-1,6) м3, группа грунтов: 6
01-01-010-13	01-01-010	Разработка грунта в отвал	РАЗРАБОТКА ГРУНТА ЭКСКАВАТОРАМИ В ОТВАЛ	1000 м3	Разработка грунта в отвал экскаваторами, вместимость ковша 1,25 (1,4-1,5) м3, группа грунтов: 1
01-01-010-14	01-01-010	Разработка грунта в отвал	РАЗРАБОТКА ГРУНТА ЭКСКАВАТОРАМИ В ОТВАЛ	1000 м3	Разработка грунта в отвал экскаваторами, вместимость ковша 1,25 (1,4-1,5) м3, группа грунтов: 2
01-01-010-15	01-01-010	Разработка грунта в отвал	РАЗРАБОТКА ГРУНТА ЭКСКАВАТОРАМИ В ОТВАЛ	1000 м3	Разработка грунта в отвал экскаваторами, вместимость ковша 1,25 (1,4-1,5) м3, группа грунтов: 3
01-01-010-16	01-01-010	Разработка грунта в отвал	РАЗРАБОТКА ГРУНТА ЭКСКАВАТОРАМИ В ОТВАЛ	1000 м3	Разработка грунта в отвал экскаваторами, вместимость ковша 1,25 (1,4-1,5) м3, группа грунтов: 4
01-01-010-17	01-01-010	Разработка грунта в отвал	РАЗРАБОТКА ГРУНТА ЭКСКАВАТОРАМИ В ОТВАЛ	1000 м3	Разработка грунта в отвал экскаваторами, вместимость ковша 1,25 (1,4-1,5) м3, группа грунтов: 5
01-01-010-18	01-01-010	Разработка грунта в отвал	РАЗРАБОТКА ГРУНТА ЭКСКАВАТОРАМИ В ОТВАЛ	1000 м3	Разработка грунта в отвал экскаваторами, вместимость ковша 1,25 (1,4-1,5) м3, группа грунтов: 6
01-01-010-19	01-01-010	Разработка грунта в отвал	РАЗРАБОТКА ГРУНТА ЭКСКАВАТОРАМИ В ОТВАЛ	1000 м3	Разработка грунта в отвал экскаваторами, вместимость ковша 1 (1-1,2) м3, группа грунтов: 1
01-01-010-20	01-01-010	Разработка грунта в отвал	РАЗРАБОТКА ГРУНТА ЭКСКАВАТОРАМИ В ОТВАЛ	1000 м3	Разработка грунта в отвал экскаваторами, вместимость ковша 1 (1-1,2) м3, группа грунтов: 2
01-01-010-21	01-01-010	Разработка грунта в отвал	РАЗРАБОТКА ГРУНТА ЭКСКАВАТОРАМИ В ОТВАЛ	1000 м3	Разработка грунта в отвал экскаваторами, вместимость ковша 1 (1-1,2) м3, группа грунтов: 3
01-01-010-22	01-01-010	Разработка грунта в отвал	РАЗРАБОТКА ГРУНТА ЭКСКАВАТОРАМИ В ОТВАЛ	1000 м3	Разработка грунта в отвал экскаваторами, вместимость ковша 1 (1-1,2) м3, группа грунтов: 4
01-01-010-23	01-01-010	Разработка грунта в отвал	РАЗРАБОТКА ГРУНТА ЭКСКАВАТОРАМИ В ОТВАЛ	1000 м3	Разработка грунта в отвал экскаваторами, вместимость ковша 1 (1-1,2) м3, группа грунтов: 5
01-01-010-24	01-01-010	Разработка грунта в отвал	РАЗРАБОТКА ГРУНТА ЭКСКАВАТОРАМИ В ОТВАЛ	1000 м3	Разработка грунта в отвал экскаваторами, вместимость ковша 1 (1-1,2) м3, группа грунтов: 6
01-01-010-25	01-01-010	Разработка грунта в отвал	РАЗРАБОТКА ГРУНТА ЭКСКАВАТОРАМИ В ОТВАЛ	1000 м3	Разработка грунта в отвал экскаваторами, вместимость ковша 0,65 (0,5-1) м3, группа грунтов: 1
01-01-010-26	01-01-010	Разработка грунта в отвал	РАЗРАБОТКА ГРУНТА ЭКСКАВАТОРАМИ В ОТВАЛ	1000 м3	Разработка грунта в отвал экскаваторами, вместимость ковша 0,65 (0,5-1) м3, группа грунтов: 2
01-01-010-27	01-01-010	Разработка грунта в отвал	РАЗРАБОТКА ГРУНТА ЭКСКАВАТОРАМИ В ОТВАЛ	1000 м3	Разработка грунта в отвал экскаваторами, вместимость ковша 0,65 (0,5-1) м3, группа грунтов: 3
01-01-010-28	01-01-010	Разработка грунта в отвал	РАЗРАБОТКА ГРУНТА ЭКСКАВАТОРАМИ В ОТВАЛ	1000 м3	Разработка грунта в отвал экскаваторами, вместимость ковша 0,65 (0,5-1) м3, группа грунтов: 4
01-01-010-29	01-01-010	Разработка грунта в отвал	РАЗРАБОТКА ГРУНТА ЭКСКАВАТОРАМИ В ОТВАЛ	1000 м3	Разработка грунта в отвал экскаваторами, вместимость ковша 0,65 (0,5-1) м3, группа грунтов: 5
01-01-010-30	01-01-010	Разработка грунта в отвал	РАЗРАБОТКА ГРУНТА ЭКСКАВАТОРАМИ В ОТВАЛ	1000 м3	Разработка грунта в отвал экскаваторами, вместимость ковша 0,65 (0,5-1) м3, группа грунтов: 6
01-01-010-31	01-01-010	Разработка грунта в отвал	РАЗРАБОТКА ГРУНТА ЭКСКАВАТОРАМИ В ОТВАЛ	1000 м3	Разработка грунта в отвал экскаваторами, вместимость ковша 0,5 (0,5-0,63) м3, группа грунтов: 1
01-01-010-32	01-01-010	Разработка грунта в отвал	РАЗРАБОТКА ГРУНТА ЭКСКАВАТОРАМИ В ОТВАЛ	1000 м3	Разработка грунта в отвал экскаваторами, вместимость ковша 0,5 (0,5-0,63) м3, группа грунтов: 2
01-01-010-33	01-01-010	Разработка грунта в отвал	РАЗРАБОТКА ГРУНТА ЭКСКАВАТОРАМИ В ОТВАЛ	1000 м3	Разработка грунта в отвал экскаваторами, вместимость ковша 0,5 (0,5-0,63) м3, группа грунтов: 3
01-01-010-34	01-01-010	Разработка грунта в отвал	РАЗРАБОТКА ГРУНТА ЭКСКАВАТОРАМИ В ОТВАЛ	1000 м3	Разработка грунта в отвал экскаваторами, вместимость ковша 0,5 (0,5-0,63) м3, группа грунтов: 4
01-01-010-35	01-01-010	Разработка грунта в отвал	РАЗРАБОТКА ГРУНТА ЭКСКАВАТОРАМИ В ОТВАЛ	1000 м3	Разработка грунта в отвал экскаваторами, вместимость ковша 0,5 (0,5-0,63) м3, группа грунтов: 5
01-01-010-36	01-01-010	Разработка грунта в отвал	РАЗРАБОТКА ГРУНТА ЭКСКАВАТОРАМИ В ОТВАЛ	1000 м3	Разработка грунта в отвал экскаваторами, вместимость ковша 0,5 (0,5-0,63) м3, группа грунтов: 6
01-01-010-37	01-01-010	Разработка грунта в отвал	РАЗРАБОТКА ГРУНТА ЭКСКАВАТОРАМИ В ОТВАЛ	1000 м3	Разработка грунта в отвал экскаваторами, вместимость ковша 0,4 (0,3-0,45) м3, группа грунтов: 1
01-01-010-38	01-01-010	Разработка грунта в отвал	РАЗРАБОТКА ГРУНТА ЭКСКАВАТОРАМИ В ОТВАЛ	1000 м3	Разработка грунта в отвал экскаваторами, вместимость ковша 0,4 (0,3-0,45) м3, группа грунтов: 2
01-01-010-39	01-01-010	Разработка грунта в отвал	РАЗРАБОТКА ГРУНТА ЭКСКАВАТОРАМИ В ОТВАЛ	1000 м3	Разработка грунта в отвал экскаваторами, вместимость ковша 0,4 (0,3-0,45) м3, группа грунтов: 3
01-01-010-40	01-01-010	Разработка грунта в отвал	РАЗРАБОТКА ГРУНТА ЭКСКАВАТОРАМИ В ОТВАЛ	1000 м3	Разработка грунта в отвал экскаваторами, вместимость ковша 0,25 м3, группа грунтов: 1
01-01-010-41	01-01-010	Разработка грунта в отвал	РАЗРАБОТКА ГРУНТА ЭКСКАВАТОРАМИ В ОТВАЛ	1000 м3	Разработка грунта в отвал экскаваторами, вместимость ковша 0,25 м3, группа грунтов: 2
01-01-010-42	01-01-010	Разработка грунта в отвал	РАЗРАБОТКА ГРУНТА ЭКСКАВАТОРАМИ В ОТВАЛ	1000 м3	Разработка грунта в отвал экскаваторами, вместимость ковша 0,25 м3, группа грунтов: 3
01-01-010-43	01-01-010	Разработка грунта в отвал	РАЗРАБОТКА ГРУНТА ЭКСКАВАТОРАМИ В ОТВАЛ	1000 м3	Разработка грунта в отвал экскаваторами, вместимость ковша 0,15 м3, группа грунтов: 1
01-01-010-44	01-01-010	Разработка грунта в отвал	РАЗРАБОТКА ГРУНТА ЭКСКАВАТОРАМИ В ОТВАЛ	1000 м3	Разработка грунта в отвал экскаваторами, вместимость ковша 0,15 м3, группа грунтов: 2
01-01-011-01	01-01-011	Разработка грунта с погрузкой на автомобили-самосвалы экскаваторами одноковшовыми электрическими кар	РАЗРАБОТКА ГРУНТА ЭКСКАВАТОРАМИ С ПОГРУЗКОЙ НА АВТОМОБИЛИ-СА	1000 м3	Разработка грунта с погрузкой на автомобили-самосвалы экскаваторами одноковшовыми электрическими карьерными при работе на гидроэнергетическом строительстве с ковшом вместимостью: 8
01-01-011-02	01-01-011	Разработка грунта с погрузкой на автомобили-самосвалы экскаваторами одноковшовыми электрическими кар	РАЗРАБОТКА ГРУНТА ЭКСКАВАТОРАМИ С ПОГРУЗКОЙ НА АВТОМОБИЛИ-СА	1000 м3	Разработка грунта с погрузкой на автомобили-самосвалы экскаваторами одноковшовыми электрическими карьерными при работе на гидроэнергетическом строительстве с ковшом вместимостью: 8
01-01-011-03	01-01-011	Разработка грунта с погрузкой на автомобили-самосвалы экскаваторами одноковшовыми электрическими кар	РАЗРАБОТКА ГРУНТА ЭКСКАВАТОРАМИ С ПОГРУЗКОЙ НА АВТОМОБИЛИ-СА	1000 м3	Разработка грунта с погрузкой на автомобили-самосвалы экскаваторами одноковшовыми электрическими карьерными при работе на гидроэнергетическом строительстве с ковшом вместимостью: 8
01-01-011-04	01-01-011	Разработка грунта с погрузкой на автомобили-самосвалы экскаваторами одноковшовыми электрическими кар	РАЗРАБОТКА ГРУНТА ЭКСКАВАТОРАМИ С ПОГРУЗКОЙ НА АВТОМОБИЛИ-СА	1000 м3	Разработка грунта с погрузкой на автомобили-самосвалы экскаваторами одноковшовыми электрическими карьерными при работе на гидроэнергетическом строительстве с ковшом вместимостью: 8
01-01-011-05	01-01-011	Разработка грунта с погрузкой на автомобили-самосвалы экскаваторами одноковшовыми электрическими кар	РАЗРАБОТКА ГРУНТА ЭКСКАВАТОРАМИ С ПОГРУЗКОЙ НА АВТОМОБИЛИ-СА	1000 м3	Разработка грунта с погрузкой на автомобили-самосвалы экскаваторами одноковшовыми электрическими карьерными при работе на гидроэнергетическом строительстве с ковшом вместимостью: 8
01-01-011-06	01-01-011	Разработка грунта с погрузкой на автомобили-самосвалы экскаваторами одноковшовыми электрическими кар	РАЗРАБОТКА ГРУНТА ЭКСКАВАТОРАМИ С ПОГРУЗКОЙ НА АВТОМОБИЛИ-СА	1000 м3	Разработка грунта с погрузкой на автомобили-самосвалы экскаваторами одноковшовыми электрическими карьерными при работе на гидроэнергетическом строительстве с ковшом вместимостью: 8
01-01-011-07	01-01-011	Разработка грунта с погрузкой на автомобили-самосвалы экскаваторами одноковшовыми электрическими кар	РАЗРАБОТКА ГРУНТА ЭКСКАВАТОРАМИ С ПОГРУЗКОЙ НА АВТОМОБИЛИ-СА	1000 м3	Разработка грунта с погрузкой на автомобили-самосвалы экскаваторами одноковшовыми электрическими карьерными при работе на гидроэнергетическом строительстве с ковшом вместимостью: 5
01-01-011-08	01-01-011	Разработка грунта с погрузкой на автомобили-самосвалы экскаваторами одноковшовыми электрическими кар	РАЗРАБОТКА ГРУНТА ЭКСКАВАТОРАМИ С ПОГРУЗКОЙ НА АВТОМОБИЛИ-СА	1000 м3	Разработка грунта с погрузкой на автомобили-самосвалы экскаваторами одноковшовыми электрическими карьерными при работе на гидроэнергетическом строительстве с ковшом вместимостью: 5
01-01-011-09	01-01-011	Разработка грунта с погрузкой на автомобили-самосвалы экскаваторами одноковшовыми электрическими кар	РАЗРАБОТКА ГРУНТА ЭКСКАВАТОРАМИ С ПОГРУЗКОЙ НА АВТОМОБИЛИ-СА	1000 м3	Разработка грунта с погрузкой на автомобили-самосвалы экскаваторами одноковшовыми электрическими карьерными при работе на гидроэнергетическом строительстве с ковшом вместимостью: 5
01-01-011-10	01-01-011	Разработка грунта с погрузкой на автомобили-самосвалы экскаваторами одноковшовыми электрическими кар	РАЗРАБОТКА ГРУНТА ЭКСКАВАТОРАМИ С ПОГРУЗКОЙ НА АВТОМОБИЛИ-СА	1000 м3	Разработка грунта с погрузкой на автомобили-самосвалы экскаваторами одноковшовыми электрическими карьерными при работе на гидроэнергетическом строительстве с ковшом вместимостью: 5
01-01-011-11	01-01-011	Разработка грунта с погрузкой на автомобили-самосвалы экскаваторами одноковшовыми электрическими кар	РАЗРАБОТКА ГРУНТА ЭКСКАВАТОРАМИ С ПОГРУЗКОЙ НА АВТОМОБИЛИ-СА	1000 м3	Разработка грунта с погрузкой на автомобили-самосвалы экскаваторами одноковшовыми электрическими карьерными при работе на гидроэнергетическом строительстве с ковшом вместимостью: 5
01-01-011-12	01-01-011	Разработка грунта с погрузкой на автомобили-самосвалы экскаваторами одноковшовыми электрическими кар	РАЗРАБОТКА ГРУНТА ЭКСКАВАТОРАМИ С ПОГРУЗКОЙ НА АВТОМОБИЛИ-СА	1000 м3	Разработка грунта с погрузкой на автомобили-самосвалы экскаваторами одноковшовыми электрическими карьерными при работе на гидроэнергетическом строительстве с ковшом вместимостью: 5
01-01-012-01	01-01-012	Разработка грунта с погрузкой на автомобили-самосвалы	РАЗРАБОТКА ГРУНТА ЭКСКАВАТОРАМИ С ПОГРУЗКОЙ НА АВТОМОБИЛИ-СА	1000 м3	Разработка грунта экскаваторами с погрузкой на автомобили-самосвалы, вместимость ковша 2,5 (1,5-3) м3, группа грунтов: 1
01-01-012-02	01-01-012	Разработка грунта с погрузкой на автомобили-самосвалы	РАЗРАБОТКА ГРУНТА ЭКСКАВАТОРАМИ С ПОГРУЗКОЙ НА АВТОМОБИЛИ-СА	1000 м3	Разработка грунта экскаваторами с погрузкой на автомобили-самосвалы, вместимость ковша 2,5 (1,5-3) м3, группа грунтов: 2
01-01-012-03	01-01-012	Разработка грунта с погрузкой на автомобили-самосвалы	РАЗРАБОТКА ГРУНТА ЭКСКАВАТОРАМИ С ПОГРУЗКОЙ НА АВТОМОБИЛИ-СА	1000 м3	Разработка грунта экскаваторами с погрузкой на автомобили-самосвалы, вместимость ковша 2,5 (1,5-3) м3, группа грунтов: 3
01-01-012-04	01-01-012	Разработка грунта с погрузкой на автомобили-самосвалы	РАЗРАБОТКА ГРУНТА ЭКСКАВАТОРАМИ С ПОГРУЗКОЙ НА АВТОМОБИЛИ-СА	1000 м3	Разработка грунта экскаваторами с погрузкой на автомобили-самосвалы, вместимость ковша 2,5 (1,5-3) м3, группа грунтов: 4
01-01-012-05	01-01-012	Разработка грунта с погрузкой на автомобили-самосвалы	РАЗРАБОТКА ГРУНТА ЭКСКАВАТОРАМИ С ПОГРУЗКОЙ НА АВТОМОБИЛИ-СА	1000 м3	Разработка грунта экскаваторами с погрузкой на автомобили-самосвалы, вместимость ковша 2,5 (1,5-3) м3, группа грунтов: 5
01-01-012-06	01-01-012	Разработка грунта с погрузкой на автомобили-самосвалы	РАЗРАБОТКА ГРУНТА ЭКСКАВАТОРАМИ С ПОГРУЗКОЙ НА АВТОМОБИЛИ-СА	1000 м3	Разработка грунта экскаваторами с погрузкой на автомобили-самосвалы, вместимость ковша 2,5 (1,5-3) м3, группа грунтов: 6
01-01-012-07	01-01-012	Разработка грунта с погрузкой на автомобили-самосвалы	РАЗРАБОТКА ГРУНТА ЭКСКАВАТОРАМИ С ПОГРУЗКОЙ НА АВТОМОБИЛИ-СА	1000 м3	Разработка грунта экскаваторами с погрузкой на автомобили-самосвалы, вместимость ковша 1,6 (1,25-1,6) м3, группа грунтов: 1
01-01-012-08	01-01-012	Разработка грунта с погрузкой на автомобили-самосвалы	РАЗРАБОТКА ГРУНТА ЭКСКАВАТОРАМИ С ПОГРУЗКОЙ НА АВТОМОБИЛИ-СА	1000 м3	Разработка грунта экскаваторами с погрузкой на автомобили-самосвалы, вместимость ковша 1,6 (1,25-1,6) м3, группа грунтов: 2
01-01-012-09	01-01-012	Разработка грунта с погрузкой на автомобили-самосвалы	РАЗРАБОТКА ГРУНТА ЭКСКАВАТОРАМИ С ПОГРУЗКОЙ НА АВТОМОБИЛИ-СА	1000 м3	Разработка грунта экскаваторами с погрузкой на автомобили-самосвалы, вместимость ковша 1,6 (1,25-1,6) м3, группа грунтов: 3
01-01-012-10	01-01-012	Разработка грунта с погрузкой на автомобили-самосвалы	РАЗРАБОТКА ГРУНТА ЭКСКАВАТОРАМИ С ПОГРУЗКОЙ НА АВТОМОБИЛИ-СА	1000 м3	Разработка грунта экскаваторами с погрузкой на автомобили-самосвалы, вместимость ковша 1,6 (1,25-1,6) м3, группа грунтов: 4
01-01-012-11	01-01-012	Разработка грунта с погрузкой на автомобили-самосвалы	РАЗРАБОТКА ГРУНТА ЭКСКАВАТОРАМИ С ПОГРУЗКОЙ НА АВТОМОБИЛИ-СА	1000 м3	Разработка грунта экскаваторами с погрузкой на автомобили-самосвалы, вместимость ковша 1,6 (1,25-1,6) м3, группа грунтов: 5
01-01-012-12	01-01-012	Разработка грунта с погрузкой на автомобили-самосвалы	РАЗРАБОТКА ГРУНТА ЭКСКАВАТОРАМИ С ПОГРУЗКОЙ НА АВТОМОБИЛИ-СА	1000 м3	Разработка грунта экскаваторами с погрузкой на автомобили-самосвалы, вместимость ковша 1,6 (1,25-1,6) м3, группа грунтов: 6
01-01-012-13	01-01-012	Разработка грунта с погрузкой на автомобили-самосвалы	РАЗРАБОТКА ГРУНТА ЭКСКАВАТОРАМИ С ПОГРУЗКОЙ НА АВТОМОБИЛИ-СА	1000 м3	Разработка грунта экскаваторами с погрузкой на автомобили-самосвалы, вместимость ковша 1,25 (1,4-1,5) м3, группа грунтов: 1
01-01-012-14	01-01-012	Разработка грунта с погрузкой на автомобили-самосвалы	РАЗРАБОТКА ГРУНТА ЭКСКАВАТОРАМИ С ПОГРУЗКОЙ НА АВТОМОБИЛИ-СА	1000 м3	Разработка грунта экскаваторами с погрузкой на автомобили-самосвалы, вместимость ковша 1,25 (1,4-1,5) м3, группа грунтов: 2
01-01-012-15	01-01-012	Разработка грунта с погрузкой на автомобили-самосвалы	РАЗРАБОТКА ГРУНТА ЭКСКАВАТОРАМИ С ПОГРУЗКОЙ НА АВТОМОБИЛИ-СА	1000 м3	Разработка грунта экскаваторами с погрузкой на автомобили-самосвалы, вместимость ковша 1,25 (1,4-1,5) м3, группа грунтов: 3
01-01-012-16	01-01-012	Разработка грунта с погрузкой на автомобили-самосвалы	РАЗРАБОТКА ГРУНТА ЭКСКАВАТОРАМИ С ПОГРУЗКОЙ НА АВТОМОБИЛИ-СА	1000 м3	Разработка грунта экскаваторами с погрузкой на автомобили-самосвалы, вместимость ковша 1,25 (1,4-1,5) м3, группа грунтов: 4
01-01-012-17	01-01-012	Разработка грунта с погрузкой на автомобили-самосвалы	РАЗРАБОТКА ГРУНТА ЭКСКАВАТОРАМИ С ПОГРУЗКОЙ НА АВТОМОБИЛИ-СА	1000 м3	Разработка грунта экскаваторами с погрузкой на автомобили-самосвалы, вместимость ковша 1,25 (1,4-1,5) м3, группа грунтов: 5
01-01-012-18	01-01-012	Разработка грунта с погрузкой на автомобили-самосвалы	РАЗРАБОТКА ГРУНТА ЭКСКАВАТОРАМИ С ПОГРУЗКОЙ НА АВТОМОБИЛИ-СА	1000 м3	Разработка грунта экскаваторами с погрузкой на автомобили-самосвалы, вместимость ковша 1,25 (1,4-1,5) м3, группа грунтов: 6
01-01-012-19	01-01-012	Разработка грунта с погрузкой на автомобили-самосвалы	РАЗРАБОТКА ГРУНТА ЭКСКАВАТОРАМИ С ПОГРУЗКОЙ НА АВТОМОБИЛИ-СА	1000 м3	Разработка грунта экскаваторами с погрузкой на автомобили-самосвалы, вместимость ковша 1 (1-1,2) м3, группа грунтов: 1
01-01-012-20	01-01-012	Разработка грунта с погрузкой на автомобили-самосвалы	РАЗРАБОТКА ГРУНТА ЭКСКАВАТОРАМИ С ПОГРУЗКОЙ НА АВТОМОБИЛИ-СА	1000 м3	Разработка грунта экскаваторами с погрузкой на автомобили-самосвалы, вместимость ковша 1 (1-1,2) м3, группа грунтов: 2
01-01-012-21	01-01-012	Разработка грунта с погрузкой на автомобили-самосвалы	РАЗРАБОТКА ГРУНТА ЭКСКАВАТОРАМИ С ПОГРУЗКОЙ НА АВТОМОБИЛИ-СА	1000 м3	Разработка грунта экскаваторами с погрузкой на автомобили-самосвалы, вместимость ковша 1 (1-1,2) м3, группа грунтов: 3
01-01-012-22	01-01-012	Разработка грунта с погрузкой на автомобили-самосвалы	РАЗРАБОТКА ГРУНТА ЭКСКАВАТОРАМИ С ПОГРУЗКОЙ НА АВТОМОБИЛИ-СА	1000 м3	Разработка грунта экскаваторами с погрузкой на автомобили-самосвалы, вместимость ковша 1 (1-1,2) м3, группа грунтов: 4
01-01-012-23	01-01-012	Разработка грунта с погрузкой на автомобили-самосвалы	РАЗРАБОТКА ГРУНТА ЭКСКАВАТОРАМИ С ПОГРУЗКОЙ НА АВТОМОБИЛИ-СА	1000 м3	Разработка грунта экскаваторами с погрузкой на автомобили-самосвалы, вместимость ковша 1 (1-1,2) м3, группа грунтов: 5
01-01-012-24	01-01-012	Разработка грунта с погрузкой на автомобили-самосвалы	РАЗРАБОТКА ГРУНТА ЭКСКАВАТОРАМИ С ПОГРУЗКОЙ НА АВТОМОБИЛИ-СА	1000 м3	Разработка грунта экскаваторами с погрузкой на автомобили-самосвалы, вместимость ковша 1 (1-1,2) м3, группа грунтов: 6
01-01-012-25	01-01-012	Разработка грунта с погрузкой на автомобили-самосвалы	РАЗРАБОТКА ГРУНТА ЭКСКАВАТОРАМИ С ПОГРУЗКОЙ НА АВТОМОБИЛИ-СА	1000 м3	Разработка грунта экскаваторами с погрузкой на автомобили-самосвалы, вместимость ковша 0,65 (0,5-1) м3, группа грунтов: 1
01-01-012-26	01-01-012	Разработка грунта с погрузкой на автомобили-самосвалы	РАЗРАБОТКА ГРУНТА ЭКСКАВАТОРАМИ С ПОГРУЗКОЙ НА АВТОМОБИЛИ-СА	1000 м3	Разработка грунта экскаваторами с погрузкой на автомобили-самосвалы, вместимость ковша 0,65 (0,5-1) м3, группа грунтов: 2
01-01-012-27	01-01-012	Разработка грунта с погрузкой на автомобили-самосвалы	РАЗРАБОТКА ГРУНТА ЭКСКАВАТОРАМИ С ПОГРУЗКОЙ НА АВТОМОБИЛИ-СА	1000 м3	Разработка грунта экскаваторами с погрузкой на автомобили-самосвалы, вместимость ковша 0,65 (0,5-1) м3, группа грунтов: 3
01-01-012-28	01-01-012	Разработка грунта с погрузкой на автомобили-самосвалы	РАЗРАБОТКА ГРУНТА ЭКСКАВАТОРАМИ С ПОГРУЗКОЙ НА АВТОМОБИЛИ-СА	1000 м3	Разработка грунта экскаваторами с погрузкой на автомобили-самосвалы, вместимость ковша 0,65 (0,5-1) м3, группа грунтов: 4
01-01-012-29	01-01-012	Разработка грунта с погрузкой на автомобили-самосвалы	РАЗРАБОТКА ГРУНТА ЭКСКАВАТОРАМИ С ПОГРУЗКОЙ НА АВТОМОБИЛИ-СА	1000 м3	Разработка грунта экскаваторами с погрузкой на автомобили-самосвалы, вместимость ковша 0,65 (0,5-1) м3, группа грунтов: 5
01-01-012-30	01-01-012	Разработка грунта с погрузкой на автомобили-самосвалы	РАЗРАБОТКА ГРУНТА ЭКСКАВАТОРАМИ С ПОГРУЗКОЙ НА АВТОМОБИЛИ-СА	1000 м3	Разработка грунта экскаваторами с погрузкой на автомобили-самосвалы, вместимость ковша 0,65 (0,5-1) м3, группа грунтов: 6
01-01-012-31	01-01-012	Разработка грунта с погрузкой на автомобили-самосвалы	РАЗРАБОТКА ГРУНТА ЭКСКАВАТОРАМИ С ПОГРУЗКОЙ НА АВТОМОБИЛИ-СА	1000 м3	Разработка грунта экскаваторами с погрузкой на автомобили-самосвалы, вместимость ковша 0,5 (0,5-0,63) м3, группа грунтов: 1
01-01-012-32	01-01-012	Разработка грунта с погрузкой на автомобили-самосвалы	РАЗРАБОТКА ГРУНТА ЭКСКАВАТОРАМИ С ПОГРУЗКОЙ НА АВТОМОБИЛИ-СА	1000 м3	Разработка грунта экскаваторами с погрузкой на автомобили-самосвалы, вместимость ковша 0,5 (0,5-0,63) м3, группа грунтов: 2
01-01-012-33	01-01-012	Разработка грунта с погрузкой на автомобили-самосвалы	РАЗРАБОТКА ГРУНТА ЭКСКАВАТОРАМИ С ПОГРУЗКОЙ НА АВТОМОБИЛИ-СА	1000 м3	Разработка грунта экскаваторами с погрузкой на автомобили-самосвалы, вместимость ковша 0,5 (0,5-0,63) м3, группа грунтов: 3
01-01-012-34	01-01-012	Разработка грунта с погрузкой на автомобили-самосвалы	РАЗРАБОТКА ГРУНТА ЭКСКАВАТОРАМИ С ПОГРУЗКОЙ НА АВТОМОБИЛИ-СА	1000 м3	Разработка грунта экскаваторами с погрузкой на автомобили-самосвалы, вместимость ковша 0,5 (0,5-0,63) м3, группа грунтов: 4
01-01-012-35	01-01-012	Разработка грунта с погрузкой на автомобили-самосвалы	РАЗРАБОТКА ГРУНТА ЭКСКАВАТОРАМИ С ПОГРУЗКОЙ НА АВТОМОБИЛИ-СА	1000 м3	Разработка грунта экскаваторами с погрузкой на автомобили-самосвалы, вместимость ковша 0,5 (0,5-0,63) м3, группа грунтов: 5
01-01-012-36	01-01-012	Разработка грунта с погрузкой на автомобили-самосвалы	РАЗРАБОТКА ГРУНТА ЭКСКАВАТОРАМИ С ПОГРУЗКОЙ НА АВТОМОБИЛИ-СА	1000 м3	Разработка грунта экскаваторами с погрузкой на автомобили-самосвалы, вместимость ковша 0,5 (0,5-0,63) м3, группа грунтов: 6
01-01-012-37	01-01-012	Разработка грунта с погрузкой на автомобили-самосвалы	РАЗРАБОТКА ГРУНТА ЭКСКАВАТОРАМИ С ПОГРУЗКОЙ НА АВТОМОБИЛИ-СА	1000 м3	Разработка грунта экскаваторами с погрузкой на автомобили-самосвалы, вместимость ковша 0,4 (0,3-0,45) м3, группа грунтов: 1
01-01-012-38	01-01-012	Разработка грунта с погрузкой на автомобили-самосвалы	РАЗРАБОТКА ГРУНТА ЭКСКАВАТОРАМИ С ПОГРУЗКОЙ НА АВТОМОБИЛИ-СА	1000 м3	Разработка грунта экскаваторами с погрузкой на автомобили-самосвалы, вместимость ковша 0,4 (0,3-0,45) м3, группа грунтов: 2
01-01-012-39	01-01-012	Разработка грунта с погрузкой на автомобили-самосвалы	РАЗРАБОТКА ГРУНТА ЭКСКАВАТОРАМИ С ПОГРУЗКОЙ НА АВТОМОБИЛИ-СА	1000 м3	Разработка грунта экскаваторами с погрузкой на автомобили-самосвалы, вместимость ковша 0,4 (0,3-0,45) м3, группа грунтов: 3
01-01-012-40	01-01-012	Разработка грунта с погрузкой на автомобили-самосвалы	РАЗРАБОТКА ГРУНТА ЭКСКАВАТОРАМИ С ПОГРУЗКОЙ НА АВТОМОБИЛИ-СА	1000 м3	Разработка грунта экскаваторами с погрузкой на автомобили-самосвалы, вместимость ковша 0,25 м3, группа грунтов: 1
01-01-012-41	01-01-012	Разработка грунта с погрузкой на автомобили-самосвалы	РАЗРАБОТКА ГРУНТА ЭКСКАВАТОРАМИ С ПОГРУЗКОЙ НА АВТОМОБИЛИ-СА	1000 м3	Разработка грунта экскаваторами с погрузкой на автомобили-самосвалы, вместимость ковша 0,25 м3, группа грунтов: 2
01-01-012-42	01-01-012	Разработка грунта с погрузкой на автомобили-самосвалы	РАЗРАБОТКА ГРУНТА ЭКСКАВАТОРАМИ С ПОГРУЗКОЙ НА АВТОМОБИЛИ-СА	1000 м3	Разработка грунта экскаваторами с погрузкой на автомобили-самосвалы, вместимость ковша 0,25 м3, группа грунтов: 3
01-01-012-43	01-01-012	Разработка грунта с погрузкой на автомобили-самосвалы	РАЗРАБОТКА ГРУНТА ЭКСКАВАТОРАМИ С ПОГРУЗКОЙ НА АВТОМОБИЛИ-СА	1000 м3	Разработка грунта экскаваторами с погрузкой на автомобили-самосвалы, вместимость ковша 0,15 м3, группа грунтов: 1
01-01-012-44	01-01-012	Разработка грунта с погрузкой на автомобили-самосвалы	РАЗРАБОТКА ГРУНТА ЭКСКАВАТОРАМИ С ПОГРУЗКОЙ НА АВТОМОБИЛИ-СА	1000 м3	Разработка грунта экскаваторами с погрузкой на автомобили-самосвалы, вместимость ковша 0,15 м3, группа грунтов: 2
01-01-018-01	01-01-018	Разработка грунта в котлованах объемом до 500 м3 с погрузкой в автомобили-самосвалы экскаваторами с 	РАЗРАБОТКА ГРУНТА ЭКСКАВАТОРАМИ С ПОГРУЗКОЙ НА АВТОМОБИЛИ-СА	1000 м3	Разработка грунта с погрузкой на автомобили-самосвалы в котлованах объемом до 500 м3 экскаваторами с ковшом вместимостью 0,4 (0,35-0,45) м3, группа грунтов: 1
01-01-018-02	01-01-018	Разработка грунта в котлованах объемом до 500 м3 с погрузкой в автомобили-самосвалы экскаваторами с 	РАЗРАБОТКА ГРУНТА ЭКСКАВАТОРАМИ С ПОГРУЗКОЙ НА АВТОМОБИЛИ-СА	1000 м3	Разработка грунта с погрузкой на автомобили-самосвалы в котлованах объемом до 500 м3 экскаваторами с ковшом вместимостью 0,4 (0,35-0,45) м3, группа грунтов: 2
01-01-018-03	01-01-018	Разработка грунта в котлованах объемом до 500 м3 с погрузкой в автомобили-самосвалы экскаваторами с 	РАЗРАБОТКА ГРУНТА ЭКСКАВАТОРАМИ С ПОГРУЗКОЙ НА АВТОМОБИЛИ-СА	1000 м3	Разработка грунта с погрузкой на автомобили-самосвалы в котлованах объемом до 500 м3 экскаваторами с ковшом вместимостью 0,4 (0,35-0,45) м3, группа грунтов: 3
01-01-018-04	01-01-018	Разработка грунта в котлованах объемом до 500 м3 с погрузкой в автомобили-самосвалы экскаваторами с 	РАЗРАБОТКА ГРУНТА ЭКСКАВАТОРАМИ С ПОГРУЗКОЙ НА АВТОМОБИЛИ-СА	1000 м3	Разработка грунта с погрузкой на автомобили-самосвалы в котлованах объемом до 500 м3 экскаваторами с ковшом вместимостью 0,25 м3, группа грунтов: 1
01-01-018-05	01-01-018	Разработка грунта в котлованах объемом до 500 м3 с погрузкой в автомобили-самосвалы экскаваторами с 	РАЗРАБОТКА ГРУНТА ЭКСКАВАТОРАМИ С ПОГРУЗКОЙ НА АВТОМОБИЛИ-СА	1000 м3	Разработка грунта с погрузкой на автомобили-самосвалы в котлованах объемом до 500 м3 экскаваторами с ковшом вместимостью 0,25 м3, группа грунтов: 2
01-01-018-06	01-01-018	Разработка грунта в котлованах объемом до 500 м3 с погрузкой в автомобили-самосвалы экскаваторами с 	РАЗРАБОТКА ГРУНТА ЭКСКАВАТОРАМИ С ПОГРУЗКОЙ НА АВТОМОБИЛИ-СА	1000 м3	Разработка грунта с погрузкой на автомобили-самосвалы в котлованах объемом до 500 м3 экскаваторами с ковшом вместимостью 0,25 м3, группа грунтов: 3
01-01-019-01	01-01-019	Разработка грунта с погрузкой на автомобили-самосвалы в котлованах объемом до 1000 м3 экскаваторами 	РАЗРАБОТКА ГРУНТА ЭКСКАВАТОРАМИ С ПОГРУЗКОЙ НА АВТОМОБИЛИ-СА	1000 м3	Разработка грунта с погрузкой на автомобили-самосвалы в котлованах объемом до 1000 м3 экскаваторами с ковшом вместимостью 0,5 м3, группа грунтов: 1
01-01-019-02	01-01-019	Разработка грунта с погрузкой на автомобили-самосвалы в котлованах объемом до 1000 м3 экскаваторами 	РАЗРАБОТКА ГРУНТА ЭКСКАВАТОРАМИ С ПОГРУЗКОЙ НА АВТОМОБИЛИ-СА	1000 м3	Разработка грунта с погрузкой на автомобили-самосвалы в котлованах объемом до 1000 м3 экскаваторами с ковшом вместимостью 0,5 м3, группа грунтов: 2
01-01-019-03	01-01-019	Разработка грунта с погрузкой на автомобили-самосвалы в котлованах объемом до 1000 м3 экскаваторами 	РАЗРАБОТКА ГРУНТА ЭКСКАВАТОРАМИ С ПОГРУЗКОЙ НА АВТОМОБИЛИ-СА	1000 м3	Разработка грунта с погрузкой на автомобили-самосвалы в котлованах объемом до 1000 м3 экскаваторами с ковшом вместимостью 0,5 м3, группа грунтов: 3
01-01-019-04	01-01-019	Разработка грунта с погрузкой на автомобили-самосвалы в котлованах объемом до 1000 м3 экскаваторами 	РАЗРАБОТКА ГРУНТА ЭКСКАВАТОРАМИ С ПОГРУЗКОЙ НА АВТОМОБИЛИ-СА	1000 м3	Разработка грунта с погрузкой на автомобили-самосвалы в котлованах объемом до 1000 м3 экскаваторами с ковшом вместимостью 0,5 м3, группа грунтов: 4
01-01-019-05	01-01-019	Разработка грунта с погрузкой на автомобили-самосвалы в котлованах объемом до 1000 м3 экскаваторами 	РАЗРАБОТКА ГРУНТА ЭКСКАВАТОРАМИ С ПОГРУЗКОЙ НА АВТОМОБИЛИ-СА	1000 м3	Разработка грунта с погрузкой на автомобили-самосвалы в котлованах объемом до 1000 м3 экскаваторами с ковшом вместимостью 0,5 м3, группа грунтов: 5
01-01-019-06	01-01-019	Разработка грунта с погрузкой на автомобили-самосвалы в котлованах объемом до 1000 м3 экскаваторами 	РАЗРАБОТКА ГРУНТА ЭКСКАВАТОРАМИ С ПОГРУЗКОЙ НА АВТОМОБИЛИ-СА	1000 м3	Разработка грунта с погрузкой на автомобили-самосвалы в котлованах объемом до 1000 м3 экскаваторами с ковшом вместимостью 0,5 м3, группа грунтов: 6
01-01-019-07	01-01-019	Разработка грунта с погрузкой на автомобили-самосвалы в котлованах объемом до 1000 м3 экскаваторами 	РАЗРАБОТКА ГРУНТА ЭКСКАВАТОРАМИ С ПОГРУЗКОЙ НА АВТОМОБИЛИ-СА	1000 м3	Разработка грунта с погрузкой на автомобили-самосвалы в котлованах объемом до 1000 м3 экскаваторами с ковшом вместимостью 0,4 м3, группа грунтов: 1
01-01-019-08	01-01-019	Разработка грунта с погрузкой на автомобили-самосвалы в котлованах объемом до 1000 м3 экскаваторами 	РАЗРАБОТКА ГРУНТА ЭКСКАВАТОРАМИ С ПОГРУЗКОЙ НА АВТОМОБИЛИ-СА	1000 м3	Разработка грунта с погрузкой на автомобили-самосвалы в котлованах объемом до 1000 м3 экскаваторами с ковшом вместимостью 0,4 м3, группа грунтов: 2
01-01-019-09	01-01-019	Разработка грунта с погрузкой на автомобили-самосвалы в котлованах объемом до 1000 м3 экскаваторами 	РАЗРАБОТКА ГРУНТА ЭКСКАВАТОРАМИ С ПОГРУЗКОЙ НА АВТОМОБИЛИ-СА	1000 м3	Разработка грунта с погрузкой на автомобили-самосвалы в котлованах объемом до 1000 м3 экскаваторами с ковшом вместимостью 0,4 м3, группа грунтов: 3
01-01-019-10	01-01-019	Разработка грунта с погрузкой на автомобили-самосвалы в котлованах объемом до 1000 м3 экскаваторами 	РАЗРАБОТКА ГРУНТА ЭКСКАВАТОРАМИ С ПОГРУЗКОЙ НА АВТОМОБИЛИ-СА	1000 м3	Разработка грунта с погрузкой на автомобили-самосвалы в котлованах объемом до 1000 м3 экскаваторами с ковшом вместимостью 0,25 м3, группа грунтов: 1
01-01-019-11	01-01-019	Разработка грунта с погрузкой на автомобили-самосвалы в котлованах объемом до 1000 м3 экскаваторами 	РАЗРАБОТКА ГРУНТА ЭКСКАВАТОРАМИ С ПОГРУЗКОЙ НА АВТОМОБИЛИ-СА	1000 м3	Разработка грунта с погрузкой на автомобили-самосвалы в котлованах объемом до 1000 м3 экскаваторами с ковшом вместимостью 0,25 м3, группа грунтов: 2
01-01-019-12	01-01-019	Разработка грунта с погрузкой на автомобили-самосвалы в котлованах объемом до 1000 м3 экскаваторами 	РАЗРАБОТКА ГРУНТА ЭКСКАВАТОРАМИ С ПОГРУЗКОЙ НА АВТОМОБИЛИ-СА	1000 м3	Разработка грунта с погрузкой на автомобили-самосвалы в котлованах объемом до 1000 м3 экскаваторами с ковшом вместимостью 0,25 м3, группа грунтов: 3
01-01-020-01	01-01-020	Разработка грунта с погрузкой на автомобили-самосвалы в котлованах объемом от 1000 до 3000 м3 экскав	РАЗРАБОТКА ГРУНТА ЭКСКАВАТОРАМИ С ПОГРУЗКОЙ НА АВТОМОБИЛИ-СА	1000 м3	Разработка грунта с погрузкой на автомобили-самосвалы в котлованах объемом от 1000 до 3000 м3 экскаваторами с ковшом вместимостью 0,65 м3, группа грунтов: 1
01-01-020-02	01-01-020	Разработка грунта с погрузкой на автомобили-самосвалы в котлованах объемом от 1000 до 3000 м3 экскав	РАЗРАБОТКА ГРУНТА ЭКСКАВАТОРАМИ С ПОГРУЗКОЙ НА АВТОМОБИЛИ-СА	1000 м3	Разработка грунта с погрузкой на автомобили-самосвалы в котлованах объемом от 1000 до 3000 м3 экскаваторами с ковшом вместимостью 0,65 м3, группа грунтов: 2
01-01-020-03	01-01-020	Разработка грунта с погрузкой на автомобили-самосвалы в котлованах объемом от 1000 до 3000 м3 экскав	РАЗРАБОТКА ГРУНТА ЭКСКАВАТОРАМИ С ПОГРУЗКОЙ НА АВТОМОБИЛИ-СА	1000 м3	Разработка грунта с погрузкой на автомобили-самосвалы в котлованах объемом от 1000 до 3000 м3 экскаваторами с ковшом вместимостью 0,65 м3, группа грунтов: 3
01-01-020-04	01-01-020	Разработка грунта с погрузкой на автомобили-самосвалы в котлованах объемом от 1000 до 3000 м3 экскав	РАЗРАБОТКА ГРУНТА ЭКСКАВАТОРАМИ С ПОГРУЗКОЙ НА АВТОМОБИЛИ-СА	1000 м3	Разработка грунта с погрузкой на автомобили-самосвалы в котлованах объемом от 1000 до 3000 м3 экскаваторами с ковшом вместимостью 0,65 м3, группа грунтов: 4
01-01-020-05	01-01-020	Разработка грунта с погрузкой на автомобили-самосвалы в котлованах объемом от 1000 до 3000 м3 экскав	РАЗРАБОТКА ГРУНТА ЭКСКАВАТОРАМИ С ПОГРУЗКОЙ НА АВТОМОБИЛИ-СА	1000 м3	Разработка грунта с погрузкой на автомобили-самосвалы в котлованах объемом от 1000 до 3000 м3 экскаваторами с ковшом вместимостью 0,65 м3, группа грунтов: 5
01-01-020-06	01-01-020	Разработка грунта с погрузкой на автомобили-самосвалы в котлованах объемом от 1000 до 3000 м3 экскав	РАЗРАБОТКА ГРУНТА ЭКСКАВАТОРАМИ С ПОГРУЗКОЙ НА АВТОМОБИЛИ-СА	1000 м3	Разработка грунта с погрузкой на автомобили-самосвалы в котлованах объемом от 1000 до 3000 м3 экскаваторами с ковшом вместимостью 0,65 м3, группа грунтов: 6
01-01-020-07	01-01-020	Разработка грунта с погрузкой на автомобили-самосвалы в котлованах объемом от 1000 до 3000 м3 экскав	РАЗРАБОТКА ГРУНТА ЭКСКАВАТОРАМИ С ПОГРУЗКОЙ НА АВТОМОБИЛИ-СА	1000 м3	Разработка грунта с погрузкой на автомобили-самосвалы в котлованах объемом от 1000 до 3000 м3 экскаваторами с ковшом вместимостью 0,5 м3, группа грунтов: 1
01-01-020-08	01-01-020	Разработка грунта с погрузкой на автомобили-самосвалы в котлованах объемом от 1000 до 3000 м3 экскав	РАЗРАБОТКА ГРУНТА ЭКСКАВАТОРАМИ С ПОГРУЗКОЙ НА АВТОМОБИЛИ-СА	1000 м3	Разработка грунта с погрузкой на автомобили-самосвалы в котлованах объемом от 1000 до 3000 м3 экскаваторами с ковшом вместимостью 0,5 м3, группа грунтов: 2
01-01-020-09	01-01-020	Разработка грунта с погрузкой на автомобили-самосвалы в котлованах объемом от 1000 до 3000 м3 экскав	РАЗРАБОТКА ГРУНТА ЭКСКАВАТОРАМИ С ПОГРУЗКОЙ НА АВТОМОБИЛИ-СА	1000 м3	Разработка грунта с погрузкой на автомобили-самосвалы в котлованах объемом от 1000 до 3000 м3 экскаваторами с ковшом вместимостью 0,5 м3, группа грунтов: 3
01-01-020-10	01-01-020	Разработка грунта с погрузкой на автомобили-самосвалы в котлованах объемом от 1000 до 3000 м3 экскав	РАЗРАБОТКА ГРУНТА ЭКСКАВАТОРАМИ С ПОГРУЗКОЙ НА АВТОМОБИЛИ-СА	1000 м3	Разработка грунта с погрузкой на автомобили-самосвалы в котлованах объемом от 1000 до 3000 м3 экскаваторами с ковшом вместимостью 0,5 м3, группа грунтов: 4
01-01-020-11	01-01-020	Разработка грунта с погрузкой на автомобили-самосвалы в котлованах объемом от 1000 до 3000 м3 экскав	РАЗРАБОТКА ГРУНТА ЭКСКАВАТОРАМИ С ПОГРУЗКОЙ НА АВТОМОБИЛИ-СА	1000 м3	Разработка грунта с погрузкой на автомобили-самосвалы в котлованах объемом от 1000 до 3000 м3 экскаваторами с ковшом вместимостью 0,5 м3, группа грунтов: 5
01-01-020-12	01-01-020	Разработка грунта с погрузкой на автомобили-самосвалы в котлованах объемом от 1000 до 3000 м3 экскав	РАЗРАБОТКА ГРУНТА ЭКСКАВАТОРАМИ С ПОГРУЗКОЙ НА АВТОМОБИЛИ-СА	1000 м3	Разработка грунта с погрузкой на автомобили-самосвалы в котлованах объемом от 1000 до 3000 м3 экскаваторами с ковшом вместимостью 0,5 м3, группа грунтов: 6
01-01-021-01	01-01-021	Разработка грунта в котлованах объемом от 3000 до 7000 м3 с погрузкой на автомобили-самосвалы экскав	РАЗРАБОТКА ГРУНТА ЭКСКАВАТОРАМИ С ПОГРУЗКОЙ НА АВТОМОБИЛИ-СА	1000 м3	Разработка грунта в котлованах объемом от 3000 до 7000 м3 с погрузкой на автомобили-самосвалы экскаватором с ковшом вместимостью 1,0 м3, группа грунтов: 1
01-01-021-02	01-01-021	Разработка грунта в котлованах объемом от 3000 до 7000 м3 с погрузкой на автомобили-самосвалы экскав	РАЗРАБОТКА ГРУНТА ЭКСКАВАТОРАМИ С ПОГРУЗКОЙ НА АВТОМОБИЛИ-СА	1000 м3	Разработка грунта в котлованах объемом от 3000 до 7000 м3 с погрузкой на автомобили-самосвалы экскаватором с ковшом вместимостью 1,0 м3, группа грунтов: 2
01-01-021-03	01-01-021	Разработка грунта в котлованах объемом от 3000 до 7000 м3 с погрузкой на автомобили-самосвалы экскав	РАЗРАБОТКА ГРУНТА ЭКСКАВАТОРАМИ С ПОГРУЗКОЙ НА АВТОМОБИЛИ-СА	1000 м3	Разработка грунта в котлованах объемом от 3000 до 7000 м3 с погрузкой на автомобили-самосвалы экскаватором с ковшом вместимостью 1,0 м3, группа грунтов: 3
01-01-021-04	01-01-021	Разработка грунта в котлованах объемом от 3000 до 7000 м3 с погрузкой на автомобили-самосвалы экскав	РАЗРАБОТКА ГРУНТА ЭКСКАВАТОРАМИ С ПОГРУЗКОЙ НА АВТОМОБИЛИ-СА	1000 м3	Разработка грунта в котлованах объемом от 3000 до 7000 м3 с погрузкой на автомобили-самосвалы экскаватором с ковшом вместимостью 1,0 м3, группа грунтов: 4
01-01-021-05	01-01-021	Разработка грунта в котлованах объемом от 3000 до 7000 м3 с погрузкой на автомобили-самосвалы экскав	РАЗРАБОТКА ГРУНТА ЭКСКАВАТОРАМИ С ПОГРУЗКОЙ НА АВТОМОБИЛИ-СА	1000 м3	Разработка грунта в котлованах объемом от 3000 до 7000 м3 с погрузкой на автомобили-самосвалы экскаватором с ковшом вместимостью 1,0 м3, группа грунтов: 5
01-01-021-06	01-01-021	Разработка грунта в котлованах объемом от 3000 до 7000 м3 с погрузкой на автомобили-самосвалы экскав	РАЗРАБОТКА ГРУНТА ЭКСКАВАТОРАМИ С ПОГРУЗКОЙ НА АВТОМОБИЛИ-СА	1000 м3	Разработка грунта в котлованах объемом от 3000 до 7000 м3 с погрузкой на автомобили-самосвалы экскаватором с ковшом вместимостью 1,0 м3, группа грунтов: 6
01-01-021-07	01-01-021	Разработка грунта в котлованах объемом от 3000 до 7000 м3 с погрузкой на автомобили-самосвалы экскав	РАЗРАБОТКА ГРУНТА ЭКСКАВАТОРАМИ С ПОГРУЗКОЙ НА АВТОМОБИЛИ-СА	1000 м3	Разработка грунта в котлованах объемом от 3000 до 7000 м3 с погрузкой на автомобили-самосвалы экскаватором с ковшом вместимостью 0,65 м3, группа грунтов: 1
01-01-021-08	01-01-021	Разработка грунта в котлованах объемом от 3000 до 7000 м3 с погрузкой на автомобили-самосвалы экскав	РАЗРАБОТКА ГРУНТА ЭКСКАВАТОРАМИ С ПОГРУЗКОЙ НА АВТОМОБИЛИ-СА	1000 м3	Разработка грунта в котлованах объемом от 3000 до 7000 м3 с погрузкой на автомобили-самосвалы экскаватором с ковшом вместимостью 0,65 м3, группа грунтов: 2
01-01-021-09	01-01-021	Разработка грунта в котлованах объемом от 3000 до 7000 м3 с погрузкой на автомобили-самосвалы экскав	РАЗРАБОТКА ГРУНТА ЭКСКАВАТОРАМИ С ПОГРУЗКОЙ НА АВТОМОБИЛИ-СА	1000 м3	Разработка грунта в котлованах объемом от 3000 до 7000 м3 с погрузкой на автомобили-самосвалы экскаватором с ковшом вместимостью 0,65 м3, группа грунтов: 3
01-01-021-10	01-01-021	Разработка грунта в котлованах объемом от 3000 до 7000 м3 с погрузкой на автомобили-самосвалы экскав	РАЗРАБОТКА ГРУНТА ЭКСКАВАТОРАМИ С ПОГРУЗКОЙ НА АВТОМОБИЛИ-СА	1000 м3	Разработка грунта в котлованах объемом от 3000 до 7000 м3 с погрузкой на автомобили-самосвалы экскаватором с ковшом вместимостью 0,65 м3, группа грунтов: 4
01-01-021-11	01-01-021	Разработка грунта в котлованах объемом от 3000 до 7000 м3 с погрузкой на автомобили-самосвалы экскав	РАЗРАБОТКА ГРУНТА ЭКСКАВАТОРАМИ С ПОГРУЗКОЙ НА АВТОМОБИЛИ-СА	1000 м3	Разработка грунта в котлованах объемом от 3000 до 7000 м3 с погрузкой на автомобили-самосвалы экскаватором с ковшом вместимостью 0,65 м3, группа грунтов: 5
01-01-021-12	01-01-021	Разработка грунта в котлованах объемом от 3000 до 7000 м3 с погрузкой на автомобили-самосвалы экскав	РАЗРАБОТКА ГРУНТА ЭКСКАВАТОРАМИ С ПОГРУЗКОЙ НА АВТОМОБИЛИ-СА	1000 м3	Разработка грунта в котлованах объемом от 3000 до 7000 м3 с погрузкой на автомобили-самосвалы экскаватором с ковшом вместимостью 0,65 м3, группа грунтов: 6
01-01-021-13	01-01-021	Разработка грунта в котлованах объемом от 3000 до 7000 м3 с погрузкой на автомобили-самосвалы экскав	РАЗРАБОТКА ГРУНТА ЭКСКАВАТОРАМИ С ПОГРУЗКОЙ НА АВТОМОБИЛИ-СА	1000 м3	Разработка грунта в котлованах объемом от 3000 до 7000 м3 с погрузкой на автомобили-самосвалы экскаватором с ковшом вместимостью 0,5 м3, группа грунтов: 1
01-01-021-14	01-01-021	Разработка грунта в котлованах объемом от 3000 до 7000 м3 с погрузкой на автомобили-самосвалы экскав	РАЗРАБОТКА ГРУНТА ЭКСКАВАТОРАМИ С ПОГРУЗКОЙ НА АВТОМОБИЛИ-СА	1000 м3	Разработка грунта в котлованах объемом от 3000 до 7000 м3 с погрузкой на автомобили-самосвалы экскаватором с ковшом вместимостью 0,5 м3, группа грунтов: 2
01-01-021-15	01-01-021	Разработка грунта в котлованах объемом от 3000 до 7000 м3 с погрузкой на автомобили-самосвалы экскав	РАЗРАБОТКА ГРУНТА ЭКСКАВАТОРАМИ С ПОГРУЗКОЙ НА АВТОМОБИЛИ-СА	1000 м3	Разработка грунта в котлованах объемом от 3000 до 7000 м3 с погрузкой на автомобили-самосвалы экскаватором с ковшом вместимостью 0,5 м3, группа грунтов: 3
01-01-021-16	01-01-021	Разработка грунта в котлованах объемом от 3000 до 7000 м3 с погрузкой на автомобили-самосвалы экскав	РАЗРАБОТКА ГРУНТА ЭКСКАВАТОРАМИ С ПОГРУЗКОЙ НА АВТОМОБИЛИ-СА	1000 м3	Разработка грунта в котлованах объемом от 3000 до 7000 м3 с погрузкой на автомобили-самосвалы экскаватором с ковшом вместимостью 0,5 м3, группа грунтов: 4
01-01-021-17	01-01-021	Разработка грунта в котлованах объемом от 3000 до 7000 м3 с погрузкой на автомобили-самосвалы экскав	РАЗРАБОТКА ГРУНТА ЭКСКАВАТОРАМИ С ПОГРУЗКОЙ НА АВТОМОБИЛИ-СА	1000 м3	Разработка грунта в котлованах объемом от 3000 до 7000 м3 с погрузкой на автомобили-самосвалы экскаватором с ковшом вместимостью 0,5 м3, группа грунтов: 5
01-01-021-18	01-01-021	Разработка грунта в котлованах объемом от 3000 до 7000 м3 с погрузкой на автомобили-самосвалы экскав	РАЗРАБОТКА ГРУНТА ЭКСКАВАТОРАМИ С ПОГРУЗКОЙ НА АВТОМОБИЛИ-СА	1000 м3	Разработка грунта в котлованах объемом от 3000 до 7000 м3 с погрузкой на автомобили-самосвалы экскаватором с ковшом вместимостью 0,5 м3, группа грунтов: 6
01-01-022-01	01-01-022	Разработка грунта в траншеях экскаваторами "обратная лопата" вместимостью 1; 0,65; 0,5; 0,4; 0,25 м3	РАЗРАБОТКА ГРУНТА ЭКСКАВАТОРАМИ С ПОГРУЗКОЙ НА АВТОМОБИЛИ-СА	1000 м3	Разработка грунта с погрузкой на автомобили-самосвалы в траншеях экскаватором «обратная лопата» с ковшом вместимостью 1 (1-1,2) м3, группа грунтов: 1
01-01-022-02	01-01-022	Разработка грунта в траншеях экскаваторами "обратная лопата" вместимостью 1; 0,65; 0,5; 0,4; 0,25 м3	РАЗРАБОТКА ГРУНТА ЭКСКАВАТОРАМИ С ПОГРУЗКОЙ НА АВТОМОБИЛИ-СА	1000 м3	Разработка грунта с погрузкой на автомобили-самосвалы в траншеях экскаватором «обратная лопата» с ковшом вместимостью 1 (1-1,2) м3, группа грунтов: 2
01-01-022-03	01-01-022	Разработка грунта в траншеях экскаваторами "обратная лопата" вместимостью 1; 0,65; 0,5; 0,4; 0,25 м3	РАЗРАБОТКА ГРУНТА ЭКСКАВАТОРАМИ С ПОГРУЗКОЙ НА АВТОМОБИЛИ-СА	1000 м3	Разработка грунта с погрузкой на автомобили-самосвалы в траншеях экскаватором «обратная лопата» с ковшом вместимостью 1 (1-1,2) м3, группа грунтов: 3
01-01-022-04	01-01-022	Разработка грунта в траншеях экскаваторами "обратная лопата" вместимостью 1; 0,65; 0,5; 0,4; 0,25 м3	РАЗРАБОТКА ГРУНТА ЭКСКАВАТОРАМИ С ПОГРУЗКОЙ НА АВТОМОБИЛИ-СА	1000 м3	Разработка грунта с погрузкой на автомобили-самосвалы в траншеях экскаватором «обратная лопата» с ковшом вместимостью 1 (1-1,2) м3, группа грунтов: 4
01-01-022-05	01-01-022	Разработка грунта в траншеях экскаваторами "обратная лопата" вместимостью 1; 0,65; 0,5; 0,4; 0,25 м3	РАЗРАБОТКА ГРУНТА ЭКСКАВАТОРАМИ С ПОГРУЗКОЙ НА АВТОМОБИЛИ-СА	1000 м3	Разработка грунта с погрузкой на автомобили-самосвалы в траншеях экскаватором «обратная лопата» с ковшом вместимостью 1 (1-1,2) м3, группа грунтов: 5
01-01-022-06	01-01-022	Разработка грунта в траншеях экскаваторами "обратная лопата" вместимостью 1; 0,65; 0,5; 0,4; 0,25 м3	РАЗРАБОТКА ГРУНТА ЭКСКАВАТОРАМИ С ПОГРУЗКОЙ НА АВТОМОБИЛИ-СА	1000 м3	Разработка грунта с погрузкой на автомобили-самосвалы в траншеях экскаватором «обратная лопата» с ковшом вместимостью 1 (1-1,2) м3, группа грунтов: 6
01-01-022-07	01-01-022	Разработка грунта в траншеях экскаваторами "обратная лопата" вместимостью 1; 0,65; 0,5; 0,4; 0,25 м3	РАЗРАБОТКА ГРУНТА ЭКСКАВАТОРАМИ С ПОГРУЗКОЙ НА АВТОМОБИЛИ-СА	1000 м3	Разработка грунта с погрузкой на автомобили-самосвалы в траншеях экскаватором «обратная лопата» с ковшом вместимостью 0,65 (0,5-1) м3, группа грунтов: 1
01-01-022-08	01-01-022	Разработка грунта в траншеях экскаваторами "обратная лопата" вместимостью 1; 0,65; 0,5; 0,4; 0,25 м3	РАЗРАБОТКА ГРУНТА ЭКСКАВАТОРАМИ С ПОГРУЗКОЙ НА АВТОМОБИЛИ-СА	1000 м3	Разработка грунта с погрузкой на автомобили-самосвалы в траншеях экскаватором «обратная лопата» с ковшом вместимостью 0,65 (0,5-1) м3, группа грунтов: 2
01-01-022-09	01-01-022	Разработка грунта в траншеях экскаваторами "обратная лопата" вместимостью 1; 0,65; 0,5; 0,4; 0,25 м3	РАЗРАБОТКА ГРУНТА ЭКСКАВАТОРАМИ С ПОГРУЗКОЙ НА АВТОМОБИЛИ-СА	1000 м3	Разработка грунта с погрузкой на автомобили-самосвалы в траншеях экскаватором «обратная лопата» с ковшом вместимостью 0,65 (0,5-1) м3, группа грунтов: 3
01-01-022-10	01-01-022	Разработка грунта в траншеях экскаваторами "обратная лопата" вместимостью 1; 0,65; 0,5; 0,4; 0,25 м3	РАЗРАБОТКА ГРУНТА ЭКСКАВАТОРАМИ С ПОГРУЗКОЙ НА АВТОМОБИЛИ-СА	1000 м3	Разработка грунта с погрузкой на автомобили-самосвалы в траншеях экскаватором «обратная лопата» с ковшом вместимостью 0,65 (0,5-1) м3, группа грунтов: 4
01-01-022-11	01-01-022	Разработка грунта в траншеях экскаваторами "обратная лопата" вместимостью 1; 0,65; 0,5; 0,4; 0,25 м3	РАЗРАБОТКА ГРУНТА ЭКСКАВАТОРАМИ С ПОГРУЗКОЙ НА АВТОМОБИЛИ-СА	1000 м3	Разработка грунта с погрузкой на автомобили-самосвалы в траншеях экскаватором «обратная лопата» с ковшом вместимостью 0,65 (0,5-1) м3, группа грунтов: 5
01-01-022-12	01-01-022	Разработка грунта в траншеях экскаваторами "обратная лопата" вместимостью 1; 0,65; 0,5; 0,4; 0,25 м3	РАЗРАБОТКА ГРУНТА ЭКСКАВАТОРАМИ С ПОГРУЗКОЙ НА АВТОМОБИЛИ-СА	1000 м3	Разработка грунта с погрузкой на автомобили-самосвалы в траншеях экскаватором «обратная лопата» с ковшом вместимостью 0,65 (0,5-1) м3, группа грунтов: 6
01-01-022-13	01-01-022	Разработка грунта в траншеях экскаваторами "обратная лопата" вместимостью 1; 0,65; 0,5; 0,4; 0,25 м3	РАЗРАБОТКА ГРУНТА ЭКСКАВАТОРАМИ С ПОГРУЗКОЙ НА АВТОМОБИЛИ-СА	1000 м3	Разработка грунта с погрузкой на автомобили-самосвалы в траншеях экскаватором «обратная лопата» с ковшом вместимостью 0,5 (0,5-0,63) м3, группа грунтов: 1
01-01-022-14	01-01-022	Разработка грунта в траншеях экскаваторами "обратная лопата" вместимостью 1; 0,65; 0,5; 0,4; 0,25 м3	РАЗРАБОТКА ГРУНТА ЭКСКАВАТОРАМИ С ПОГРУЗКОЙ НА АВТОМОБИЛИ-СА	1000 м3	Разработка грунта с погрузкой на автомобили-самосвалы в траншеях экскаватором «обратная лопата» с ковшом вместимостью 0,5 (0,5-0,63) м3, группа грунтов: 2
01-01-022-15	01-01-022	Разработка грунта в траншеях экскаваторами "обратная лопата" вместимостью 1; 0,65; 0,5; 0,4; 0,25 м3	РАЗРАБОТКА ГРУНТА ЭКСКАВАТОРАМИ С ПОГРУЗКОЙ НА АВТОМОБИЛИ-СА	1000 м3	Разработка грунта с погрузкой на автомобили-самосвалы в траншеях экскаватором «обратная лопата» с ковшом вместимостью 0,5 (0,5-0,63) м3, группа грунтов: 3
01-01-022-16	01-01-022	Разработка грунта в траншеях экскаваторами "обратная лопата" вместимостью 1; 0,65; 0,5; 0,4; 0,25 м3	РАЗРАБОТКА ГРУНТА ЭКСКАВАТОРАМИ С ПОГРУЗКОЙ НА АВТОМОБИЛИ-СА	1000 м3	Разработка грунта с погрузкой на автомобили-самосвалы в траншеях экскаватором «обратная лопата» с ковшом вместимостью 0,5 (0,5-0,63) м3, группа грунтов: 4
01-01-022-17	01-01-022	Разработка грунта в траншеях экскаваторами "обратная лопата" вместимостью 1; 0,65; 0,5; 0,4; 0,25 м3	РАЗРАБОТКА ГРУНТА ЭКСКАВАТОРАМИ С ПОГРУЗКОЙ НА АВТОМОБИЛИ-СА	1000 м3	Разработка грунта с погрузкой на автомобили-самосвалы в траншеях экскаватором «обратная лопата» с ковшом вместимостью 0,5 (0,5-0,63) м3, группа грунтов: 5
01-01-022-18	01-01-022	Разработка грунта в траншеях экскаваторами "обратная лопата" вместимостью 1; 0,65; 0,5; 0,4; 0,25 м3	РАЗРАБОТКА ГРУНТА ЭКСКАВАТОРАМИ С ПОГРУЗКОЙ НА АВТОМОБИЛИ-СА	1000 м3	Разработка грунта с погрузкой на автомобили-самосвалы в траншеях экскаватором «обратная лопата» с ковшом вместимостью 0,5 (0,5-0,63) м3, группа грунтов: 6
01-01-022-19	01-01-022	Разработка грунта в траншеях экскаваторами "обратная лопата" вместимостью 1; 0,65; 0,5; 0,4; 0,25 м3	РАЗРАБОТКА ГРУНТА ЭКСКАВАТОРАМИ С ПОГРУЗКОЙ НА АВТОМОБИЛИ-СА	1000 м3	Разработка грунта с погрузкой на автомобили-самосвалы в траншеях экскаватором «обратная лопата» с ковшом вместимостью 0,4 м3, группа грунтов: 1
01-01-022-20	01-01-022	Разработка грунта в траншеях экскаваторами "обратная лопата" вместимостью 1; 0,65; 0,5; 0,4; 0,25 м3	РАЗРАБОТКА ГРУНТА ЭКСКАВАТОРАМИ С ПОГРУЗКОЙ НА АВТОМОБИЛИ-СА	1000 м3	Разработка грунта с погрузкой на автомобили-самосвалы в траншеях экскаватором «обратная лопата» с ковшом вместимостью 0,4 м3, группа грунтов: 2
01-01-022-21	01-01-022	Разработка грунта в траншеях экскаваторами "обратная лопата" вместимостью 1; 0,65; 0,5; 0,4; 0,25 м3	РАЗРАБОТКА ГРУНТА ЭКСКАВАТОРАМИ С ПОГРУЗКОЙ НА АВТОМОБИЛИ-СА	1000 м3	Разработка грунта с погрузкой на автомобили-самосвалы в траншеях экскаватором «обратная лопата» с ковшом вместимостью 0,4 м3, группа грунтов: 3
01-01-022-22	01-01-022	Разработка грунта в траншеях экскаваторами "обратная лопата" вместимостью 1; 0,65; 0,5; 0,4; 0,25 м3	РАЗРАБОТКА ГРУНТА ЭКСКАВАТОРАМИ С ПОГРУЗКОЙ НА АВТОМОБИЛИ-СА	1000 м3	Разработка грунта с погрузкой на автомобили-самосвалы в траншеях экскаватором «обратная лопата» с ковшом вместимостью 0,25 м3, группа грунтов: 1
01-01-022-23	01-01-022	Разработка грунта в траншеях экскаваторами "обратная лопата" вместимостью 1; 0,65; 0,5; 0,4; 0,25 м3	РАЗРАБОТКА ГРУНТА ЭКСКАВАТОРАМИ С ПОГРУЗКОЙ НА АВТОМОБИЛИ-СА	1000 м3	Разработка грунта с погрузкой на автомобили-самосвалы в траншеях экскаватором «обратная лопата» с ковшом вместимостью 0,25 м3, группа грунтов: 2
01-01-022-24	01-01-022	Разработка грунта в траншеях экскаваторами "обратная лопата" вместимостью 1; 0,65; 0,5; 0,4; 0,25 м3	РАЗРАБОТКА ГРУНТА ЭКСКАВАТОРАМИ С ПОГРУЗКОЙ НА АВТОМОБИЛИ-СА	1000 м3	Разработка грунта с погрузкой на автомобили-самосвалы в траншеях экскаватором «обратная лопата» с ковшом вместимостью 0,25 м3, группа грунтов: 3
01-01-030-01	01-01-030	Разработка грунта бульдозерами мощностью 59; 79 кВт (80; 108 л.с.)	РАЗРАБОТКА ГРУНТА БУЛЬДОЗЕРАМИ	1000 м3	Разработка грунта с перемещением до 10 м бульдозерами мощностью: 59 кВт (80 л.с.), группа грунтов 1
01-01-030-02	01-01-030	Разработка грунта бульдозерами мощностью 59; 79 кВт (80; 108 л.с.)	РАЗРАБОТКА ГРУНТА БУЛЬДОЗЕРАМИ	1000 м3	Разработка грунта с перемещением до 10 м бульдозерами мощностью: 59 кВт (80 л.с.), группа грунтов 2
01-01-030-03	01-01-030	Разработка грунта бульдозерами мощностью 59; 79 кВт (80; 108 л.с.)	РАЗРАБОТКА ГРУНТА БУЛЬДОЗЕРАМИ	1000 м3	Разработка грунта с перемещением до 10 м бульдозерами мощностью: 59 кВт (80 л.с.), группа грунтов 3
01-01-030-04	01-01-030	Разработка грунта бульдозерами мощностью 59; 79 кВт (80; 108 л.с.)	РАЗРАБОТКА ГРУНТА БУЛЬДОЗЕРАМИ	1000 м3	Разработка грунта с перемещением до 10 м бульдозерами мощностью: 59 кВт (80 л.с.), группа грунтов 4
01-01-030-05	01-01-030	Разработка грунта бульдозерами мощностью 59; 79 кВт (80; 108 л.с.)	РАЗРАБОТКА ГРУНТА БУЛЬДОЗЕРАМИ	1000 м3	Разработка грунта с перемещением до 10 м бульдозерами мощностью: 79 кВт (108 л.с.), группа грунтов 1
01-01-030-06	01-01-030	Разработка грунта бульдозерами мощностью 59; 79 кВт (80; 108 л.с.)	РАЗРАБОТКА ГРУНТА БУЛЬДОЗЕРАМИ	1000 м3	Разработка грунта с перемещением до 10 м бульдозерами мощностью: 79 кВт (108 л.с.), группа грунтов 2
01-01-030-07	01-01-030	Разработка грунта бульдозерами мощностью 59; 79 кВт (80; 108 л.с.)	РАЗРАБОТКА ГРУНТА БУЛЬДОЗЕРАМИ	1000 м3	Разработка грунта с перемещением до 10 м бульдозерами мощностью: 79 кВт (108 л.с.), группа грунтов 3
01-01-030-08	01-01-030	Разработка грунта бульдозерами мощностью 59; 79 кВт (80; 108 л.с.)	РАЗРАБОТКА ГРУНТА БУЛЬДОЗЕРАМИ	1000 м3	Разработка грунта с перемещением до 10 м бульдозерами мощностью: 79 кВт (108 л.с.), группа грунтов 4
01-01-030-09	01-01-030	Разработка грунта бульдозерами мощностью 59; 79 кВт (80; 108 л.с.)	РАЗРАБОТКА ГРУНТА БУЛЬДОЗЕРАМИ	1000 м3	При перемещении грунта на каждые последующие 10 м добавлять: к норме 01-01-030-01
01-01-030-10	01-01-030	Разработка грунта бульдозерами мощностью 59; 79 кВт (80; 108 л.с.)	РАЗРАБОТКА ГРУНТА БУЛЬДОЗЕРАМИ	1000 м3	При перемещении грунта на каждые последующие 10 м добавлять: к норме 01-01-030-02
01-01-030-11	01-01-030	Разработка грунта бульдозерами мощностью 59; 79 кВт (80; 108 л.с.)	РАЗРАБОТКА ГРУНТА БУЛЬДОЗЕРАМИ	1000 м3	При перемещении грунта на каждые последующие 10 м добавлять: к норме 01-01-030-03
01-01-030-12	01-01-030	Разработка грунта бульдозерами мощностью 59; 79 кВт (80; 108 л.с.)	РАЗРАБОТКА ГРУНТА БУЛЬДОЗЕРАМИ	1000 м3	При перемещении грунта на каждые последующие 10 м добавлять: к норме 01-01-030-04
01-01-030-13	01-01-030	Разработка грунта бульдозерами мощностью 59; 79 кВт (80; 108 л.с.)	РАЗРАБОТКА ГРУНТА БУЛЬДОЗЕРАМИ	1000 м3	При перемещении грунта на каждые последующие 10 м добавлять: к норме 01-01-030-05
01-01-030-14	01-01-030	Разработка грунта бульдозерами мощностью 59; 79 кВт (80; 108 л.с.)	РАЗРАБОТКА ГРУНТА БУЛЬДОЗЕРАМИ	1000 м3	При перемещении грунта на каждые последующие 10 м добавлять: к норме 01-01-030-06
01-01-030-15	01-01-030	Разработка грунта бульдозерами мощностью 59; 79 кВт (80; 108 л.с.)	РАЗРАБОТКА ГРУНТА БУЛЬДОЗЕРАМИ	1000 м3	При перемещении грунта на каждые последующие 10 м добавлять: к норме 01-01-030-07
01-01-030-16	01-01-030	Разработка грунта бульдозерами мощностью 59; 79 кВт (80; 108 л.с.)	РАЗРАБОТКА ГРУНТА БУЛЬДОЗЕРАМИ	1000 м3	При перемещении грунта на каждые последующие 10 м добавлять: к норме 01-01-030-08
01-01-031-01	01-01-031	Разработка грунта бульдозерами мощностью 96; 121 кВт (130; 165 л.с.)	РАЗРАБОТКА ГРУНТА БУЛЬДОЗЕРАМИ	1000 м3	Разработка грунта с перемещением до 10 м бульдозерами мощностью: 96 кВт (130 л.с.), группа грунтов 1
01-01-031-02	01-01-031	Разработка грунта бульдозерами мощностью 96; 121 кВт (130; 165 л.с.)	РАЗРАБОТКА ГРУНТА БУЛЬДОЗЕРАМИ	1000 м3	Разработка грунта с перемещением до 10 м бульдозерами мощностью: 96 кВт (130 л.с.), группа грунтов 2
01-01-031-03	01-01-031	Разработка грунта бульдозерами мощностью 96; 121 кВт (130; 165 л.с.)	РАЗРАБОТКА ГРУНТА БУЛЬДОЗЕРАМИ	1000 м3	Разработка грунта с перемещением до 10 м бульдозерами мощностью: 96 кВт (130 л.с.), группа грунтов 3
01-01-031-04	01-01-031	Разработка грунта бульдозерами мощностью 96; 121 кВт (130; 165 л.с.)	РАЗРАБОТКА ГРУНТА БУЛЬДОЗЕРАМИ	1000 м3	Разработка грунта с перемещением до 10 м бульдозерами мощностью: 96 кВт (130 л.с.), группа грунтов 4
01-01-031-05	01-01-031	Разработка грунта бульдозерами мощностью 96; 121 кВт (130; 165 л.с.)	РАЗРАБОТКА ГРУНТА БУЛЬДОЗЕРАМИ	1000 м3	Разработка грунта с перемещением до 10 м бульдозерами мощностью: 121 кВт (165 л.с.), группа грунтов 1
01-01-031-06	01-01-031	Разработка грунта бульдозерами мощностью 96; 121 кВт (130; 165 л.с.)	РАЗРАБОТКА ГРУНТА БУЛЬДОЗЕРАМИ	1000 м3	Разработка грунта с перемещением до 10 м бульдозерами мощностью: 121 кВт (165 л.с.), группа грунтов 2
01-01-031-07	01-01-031	Разработка грунта бульдозерами мощностью 96; 121 кВт (130; 165 л.с.)	РАЗРАБОТКА ГРУНТА БУЛЬДОЗЕРАМИ	1000 м3	Разработка грунта с перемещением до 10 м бульдозерами мощностью: 121 кВт (165 л.с.), группа грунтов 3
01-01-031-08	01-01-031	Разработка грунта бульдозерами мощностью 96; 121 кВт (130; 165 л.с.)	РАЗРАБОТКА ГРУНТА БУЛЬДОЗЕРАМИ	1000 м3	Разработка грунта с перемещением до 10 м бульдозерами мощностью: 121 кВт (165 л.с.), группа грунтов 4
01-01-031-09	01-01-031	Разработка грунта бульдозерами мощностью 96; 121 кВт (130; 165 л.с.)	РАЗРАБОТКА ГРУНТА БУЛЬДОЗЕРАМИ	1000 м3	При перемещении грунта на каждые последующие 10 м добавлять: к норме 01-01-031-01
01-01-031-10	01-01-031	Разработка грунта бульдозерами мощностью 96; 121 кВт (130; 165 л.с.)	РАЗРАБОТКА ГРУНТА БУЛЬДОЗЕРАМИ	1000 м3	При перемещении грунта на каждые последующие 10 м добавлять: к норме 01-01-031-02
01-01-031-11	01-01-031	Разработка грунта бульдозерами мощностью 96; 121 кВт (130; 165 л.с.)	РАЗРАБОТКА ГРУНТА БУЛЬДОЗЕРАМИ	1000 м3	При перемещении грунта на каждые последующие 10 м добавлять: к норме 01-01-031-03
01-01-031-12	01-01-031	Разработка грунта бульдозерами мощностью 96; 121 кВт (130; 165 л.с.)	РАЗРАБОТКА ГРУНТА БУЛЬДОЗЕРАМИ	1000 м3	При перемещении грунта на каждые последующие 10 м добавлять: к норме 01-01-031-04
01-01-031-13	01-01-031	Разработка грунта бульдозерами мощностью 96; 121 кВт (130; 165 л.с.)	РАЗРАБОТКА ГРУНТА БУЛЬДОЗЕРАМИ	1000 м3	При перемещении грунта на каждые последующие 10 м добавлять: к норме 01-01-031-05
01-01-031-14	01-01-031	Разработка грунта бульдозерами мощностью 96; 121 кВт (130; 165 л.с.)	РАЗРАБОТКА ГРУНТА БУЛЬДОЗЕРАМИ	1000 м3	При перемещении грунта на каждые последующие 10 м добавлять: к норме 01-01-031-06
01-01-031-15	01-01-031	Разработка грунта бульдозерами мощностью 96; 121 кВт (130; 165 л.с.)	РАЗРАБОТКА ГРУНТА БУЛЬДОЗЕРАМИ	1000 м3	При перемещении грунта на каждые последующие 10 м добавлять: к норме 01-01-031-07
01-01-031-16	01-01-031	Разработка грунта бульдозерами мощностью 96; 121 кВт (130; 165 л.с.)	РАЗРАБОТКА ГРУНТА БУЛЬДОЗЕРАМИ	1000 м3	При перемещении грунта на каждые последующие 10 м добавлять: к норме 01-01-031-08
01-01-032-01	01-01-032	Разработка грунта бульдозерами мощностью 132; 243 кВт (180; 330 л.с.)	РАЗРАБОТКА ГРУНТА БУЛЬДОЗЕРАМИ	1000 м3	Разработка грунта с перемещением до 10 м бульдозерами мощностью: 132 кВт (180 л.с.), группа грунтов 1
01-01-032-02	01-01-032	Разработка грунта бульдозерами мощностью 132; 243 кВт (180; 330 л.с.)	РАЗРАБОТКА ГРУНТА БУЛЬДОЗЕРАМИ	1000 м3	Разработка грунта с перемещением до 10 м бульдозерами мощностью: 132 кВт (180 л.с.), группа грунтов 2
01-01-032-03	01-01-032	Разработка грунта бульдозерами мощностью 132; 243 кВт (180; 330 л.с.)	РАЗРАБОТКА ГРУНТА БУЛЬДОЗЕРАМИ	1000 м3	Разработка грунта с перемещением до 10 м бульдозерами мощностью: 132 кВт (180 л.с.), группа грунтов 3
01-01-032-04	01-01-032	Разработка грунта бульдозерами мощностью 132; 243 кВт (180; 330 л.с.)	РАЗРАБОТКА ГРУНТА БУЛЬДОЗЕРАМИ	1000 м3	Разработка грунта с перемещением до 10 м бульдозерами мощностью: 132 кВт (180 л.с.), группа грунтов 4
01-01-032-05	01-01-032	Разработка грунта бульдозерами мощностью 132; 243 кВт (180; 330 л.с.)	РАЗРАБОТКА ГРУНТА БУЛЬДОЗЕРАМИ	1000 м3	Разработка грунта с перемещением до 10 м бульдозерами мощностью: 243 кВт (330 л.с.), группа грунтов 1
01-01-032-06	01-01-032	Разработка грунта бульдозерами мощностью 132; 243 кВт (180; 330 л.с.)	РАЗРАБОТКА ГРУНТА БУЛЬДОЗЕРАМИ	1000 м3	Разработка грунта с перемещением до 10 м бульдозерами мощностью: 243 кВт (330 л.с.), группа грунтов 2
01-01-032-07	01-01-032	Разработка грунта бульдозерами мощностью 132; 243 кВт (180; 330 л.с.)	РАЗРАБОТКА ГРУНТА БУЛЬДОЗЕРАМИ	1000 м3	Разработка грунта с перемещением до 10 м бульдозерами мощностью: 243 кВт (330 л.с.), группа грунтов 3
01-01-032-08	01-01-032	Разработка грунта бульдозерами мощностью 132; 243 кВт (180; 330 л.с.)	РАЗРАБОТКА ГРУНТА БУЛЬДОЗЕРАМИ	1000 м3	Разработка грунта с перемещением до 10 м бульдозерами мощностью: 243 кВт (330 л.с.), группа грунтов 4
01-01-032-09	01-01-032	Разработка грунта бульдозерами мощностью 132; 243 кВт (180; 330 л.с.)	РАЗРАБОТКА ГРУНТА БУЛЬДОЗЕРАМИ	1000 м3	При перемещении грунта на каждые последующие 10 м добавлять: к норме 01-01-032-01
01-01-032-10	01-01-032	Разработка грунта бульдозерами мощностью 132; 243 кВт (180; 330 л.с.)	РАЗРАБОТКА ГРУНТА БУЛЬДОЗЕРАМИ	1000 м3	При перемещении грунта на каждые последующие 10 м добавлять: к норме 01-01-032-02
01-01-032-11	01-01-032	Разработка грунта бульдозерами мощностью 132; 243 кВт (180; 330 л.с.)	РАЗРАБОТКА ГРУНТА БУЛЬДОЗЕРАМИ	1000 м3	При перемещении грунта на каждые последующие 10 м добавлять: к норме 01-01-032-03
01-01-032-12	01-01-032	Разработка грунта бульдозерами мощностью 132; 243 кВт (180; 330 л.с.)	РАЗРАБОТКА ГРУНТА БУЛЬДОЗЕРАМИ	1000 м3	При перемещении грунта на каждые последующие 10 м добавлять: к норме 01-01-032-04
01-01-032-13	01-01-032	Разработка грунта бульдозерами мощностью 132; 243 кВт (180; 330 л.с.)	РАЗРАБОТКА ГРУНТА БУЛЬДОЗЕРАМИ	1000 м3	При перемещении грунта на каждые последующие 10 м добавлять: к норме 01-01-032-05
01-01-032-14	01-01-032	Разработка грунта бульдозерами мощностью 132; 243 кВт (180; 330 л.с.)	РАЗРАБОТКА ГРУНТА БУЛЬДОЗЕРАМИ	1000 м3	При перемещении грунта на каждые последующие 10 м добавлять: к норме 01-01-032-06
01-01-032-15	01-01-032	Разработка грунта бульдозерами мощностью 132; 243 кВт (180; 330 л.с.)	РАЗРАБОТКА ГРУНТА БУЛЬДОЗЕРАМИ	1000 м3	При перемещении грунта на каждые последующие 10 м добавлять: к норме 01-01-032-07
01-01-032-16	01-01-032	Разработка грунта бульдозерами мощностью 132; 243 кВт (180; 330 л.с.)	РАЗРАБОТКА ГРУНТА БУЛЬДОЗЕРАМИ	1000 м3	При перемещении грунта на каждые последующие 10 м добавлять: к норме 01-01-032-08
01-01-033-01	01-01-033	Засыпка траншей и котлованов бульдозерами мощностью 59; 79 кВт (80; 108 л.с.)	РАЗРАБОТКА ГРУНТА БУЛЬДОЗЕРАМИ	1000 м3	Засыпка траншей и котлованов с перемещением грунта до 5 м бульдозерами мощностью: 59 кВт (80 л.с.), группа грунтов 1
01-01-033-02	01-01-033	Засыпка траншей и котлованов бульдозерами мощностью 59; 79 кВт (80; 108 л.с.)	РАЗРАБОТКА ГРУНТА БУЛЬДОЗЕРАМИ	1000 м3	Засыпка траншей и котлованов с перемещением грунта до 5 м бульдозерами мощностью: 59 кВт (80 л.с.), группа грунтов 2
01-01-033-03	01-01-033	Засыпка траншей и котлованов бульдозерами мощностью 59; 79 кВт (80; 108 л.с.)	РАЗРАБОТКА ГРУНТА БУЛЬДОЗЕРАМИ	1000 м3	Засыпка траншей и котлованов с перемещением грунта до 5 м бульдозерами мощностью: 59 кВт (80 л.с.), группа грунтов 3
01-01-033-04	01-01-033	Засыпка траншей и котлованов бульдозерами мощностью 59; 79 кВт (80; 108 л.с.)	РАЗРАБОТКА ГРУНТА БУЛЬДОЗЕРАМИ	1000 м3	Засыпка траншей и котлованов с перемещением грунта до 5 м бульдозерами мощностью: 79 кВт (108 л.с.), группа грунтов 1
01-01-033-05	01-01-033	Засыпка траншей и котлованов бульдозерами мощностью 59; 79 кВт (80; 108 л.с.)	РАЗРАБОТКА ГРУНТА БУЛЬДОЗЕРАМИ	1000 м3	Засыпка траншей и котлованов с перемещением грунта до 5 м бульдозерами мощностью: 79 кВт (108 л.с.), группа грунтов 2
01-01-033-06	01-01-033	Засыпка траншей и котлованов бульдозерами мощностью 59; 79 кВт (80; 108 л.с.)	РАЗРАБОТКА ГРУНТА БУЛЬДОЗЕРАМИ	1000 м3	Засыпка траншей и котлованов с перемещением грунта до 5 м бульдозерами мощностью: 79 кВт (108 л.с.), группа грунтов 3
01-01-033-07	01-01-033	Засыпка траншей и котлованов бульдозерами мощностью 59; 79 кВт (80; 108 л.с.)	РАЗРАБОТКА ГРУНТА БУЛЬДОЗЕРАМИ	1000 м3	При перемещении грунта на каждые последующие 5 м добавлять: к норме 01-01-033-01
01-01-033-08	01-01-033	Засыпка траншей и котлованов бульдозерами мощностью 59; 79 кВт (80; 108 л.с.)	РАЗРАБОТКА ГРУНТА БУЛЬДОЗЕРАМИ	1000 м3	При перемещении грунта на каждые последующие 5 м добавлять: к норме 01-01-033-02
01-01-033-09	01-01-033	Засыпка траншей и котлованов бульдозерами мощностью 59; 79 кВт (80; 108 л.с.)	РАЗРАБОТКА ГРУНТА БУЛЬДОЗЕРАМИ	1000 м3	При перемещении грунта на каждые последующие 5 м добавлять: к норме 01-01-033-03
01-01-033-10	01-01-033	Засыпка траншей и котлованов бульдозерами мощностью 59; 79 кВт (80; 108 л.с.)	РАЗРАБОТКА ГРУНТА БУЛЬДОЗЕРАМИ	1000 м3	При перемещении грунта на каждые последующие 5 м добавлять: к норме 01-01-033-04
01-01-033-11	01-01-033	Засыпка траншей и котлованов бульдозерами мощностью 59; 79 кВт (80; 108 л.с.)	РАЗРАБОТКА ГРУНТА БУЛЬДОЗЕРАМИ	1000 м3	При перемещении грунта на каждые последующие 5 м добавлять: к норме 01-01-033-05
01-01-033-12	01-01-033	Засыпка траншей и котлованов бульдозерами мощностью 59; 79 кВт (80; 108 л.с.)	РАЗРАБОТКА ГРУНТА БУЛЬДОЗЕРАМИ	1000 м3	При перемещении грунта на каждые последующие 5 м добавлять: к норме 01-01-033-06
01-01-034-01	01-01-034	Засыпка траншей и котлованов бульдозерами мощностью 96; 121 кВт (130; 165 л.с.)	РАЗРАБОТКА ГРУНТА БУЛЬДОЗЕРАМИ	1000 м3	Засыпка траншей и котлованов с перемещением грунта до 5 м бульдозерами мощностью: 96 кВт (130 л.с.), группа грунтов 1
01-01-034-02	01-01-034	Засыпка траншей и котлованов бульдозерами мощностью 96; 121 кВт (130; 165 л.с.)	РАЗРАБОТКА ГРУНТА БУЛЬДОЗЕРАМИ	1000 м3	Засыпка траншей и котлованов с перемещением грунта до 5 м бульдозерами мощностью: 96 кВт (130 л.с.), группа грунтов 2
01-01-034-03	01-01-034	Засыпка траншей и котлованов бульдозерами мощностью 96; 121 кВт (130; 165 л.с.)	РАЗРАБОТКА ГРУНТА БУЛЬДОЗЕРАМИ	1000 м3	Засыпка траншей и котлованов с перемещением грунта до 5 м бульдозерами мощностью: 96 кВт (130 л.с.), группа грунтов 3
01-01-034-04	01-01-034	Засыпка траншей и котлованов бульдозерами мощностью 96; 121 кВт (130; 165 л.с.)	РАЗРАБОТКА ГРУНТА БУЛЬДОЗЕРАМИ	1000 м3	Засыпка траншей и котлованов с перемещением грунта до 5 м бульдозерами мощностью: 121 кВт (165 л.с.), группа грунтов 1
01-01-034-05	01-01-034	Засыпка траншей и котлованов бульдозерами мощностью 96; 121 кВт (130; 165 л.с.)	РАЗРАБОТКА ГРУНТА БУЛЬДОЗЕРАМИ	1000 м3	Засыпка траншей и котлованов с перемещением грунта до 5 м бульдозерами мощностью: 121 кВт (165 л.с.), группа грунтов 2
01-01-034-06	01-01-034	Засыпка траншей и котлованов бульдозерами мощностью 96; 121 кВт (130; 165 л.с.)	РАЗРАБОТКА ГРУНТА БУЛЬДОЗЕРАМИ	1000 м3	Засыпка траншей и котлованов с перемещением грунта до 5 м бульдозерами мощностью: 121 кВт (165 л.с.), группа грунтов 3
01-01-034-07	01-01-034	Засыпка траншей и котлованов бульдозерами мощностью 96; 121 кВт (130; 165 л.с.)	РАЗРАБОТКА ГРУНТА БУЛЬДОЗЕРАМИ	1000 м3	При перемещении грунта на каждые последующие 5 м добавлять: к норме 01-01-034-01
01-01-034-08	01-01-034	Засыпка траншей и котлованов бульдозерами мощностью 96; 121 кВт (130; 165 л.с.)	РАЗРАБОТКА ГРУНТА БУЛЬДОЗЕРАМИ	1000 м3	При перемещении грунта на каждые последующие 5 м добавлять: к норме 01-01-034-02
01-01-034-09	01-01-034	Засыпка траншей и котлованов бульдозерами мощностью 96; 121 кВт (130; 165 л.с.)	РАЗРАБОТКА ГРУНТА БУЛЬДОЗЕРАМИ	1000 м3	При перемещении грунта на каждые последующие 5 м добавлять: к норме 01-01-034-03
01-01-034-10	01-01-034	Засыпка траншей и котлованов бульдозерами мощностью 96; 121 кВт (130; 165 л.с.)	РАЗРАБОТКА ГРУНТА БУЛЬДОЗЕРАМИ	1000 м3	При перемещении грунта на каждые последующие 5 м добавлять: к норме 01-01-034-04
01-01-034-11	01-01-034	Засыпка траншей и котлованов бульдозерами мощностью 96; 121 кВт (130; 165 л.с.)	РАЗРАБОТКА ГРУНТА БУЛЬДОЗЕРАМИ	1000 м3	При перемещении грунта на каждые последующие 5 м добавлять: к норме 01-01-034-05
01-01-034-12	01-01-034	Засыпка траншей и котлованов бульдозерами мощностью 96; 121 кВт (130; 165 л.с.)	РАЗРАБОТКА ГРУНТА БУЛЬДОЗЕРАМИ	1000 м3	При перемещении грунта на каждые последующие 5 м добавлять: к норме 01-01-034-06
01-01-035-01	01-01-035	Засыпка траншей и котлованов бульдозерами мощностью 132; 243 кВт (180; 330 л.с.)	РАЗРАБОТКА ГРУНТА БУЛЬДОЗЕРАМИ	1000 м3	Засыпка траншей и котлованов с перемещением грунта до 5 м бульдозерами мощностью: 132 кВт (180 л.с.), группа грунтов 1
01-01-035-02	01-01-035	Засыпка траншей и котлованов бульдозерами мощностью 132; 243 кВт (180; 330 л.с.)	РАЗРАБОТКА ГРУНТА БУЛЬДОЗЕРАМИ	1000 м3	Засыпка траншей и котлованов с перемещением грунта до 5 м бульдозерами мощностью: 132 кВт (180 л.с.), группа грунтов 2
01-01-035-03	01-01-035	Засыпка траншей и котлованов бульдозерами мощностью 132; 243 кВт (180; 330 л.с.)	РАЗРАБОТКА ГРУНТА БУЛЬДОЗЕРАМИ	1000 м3	Засыпка траншей и котлованов с перемещением грунта до 5 м бульдозерами мощностью: 132 кВт (180 л.с.), группа грунтов 3
01-01-035-04	01-01-035	Засыпка траншей и котлованов бульдозерами мощностью 132; 243 кВт (180; 330 л.с.)	РАЗРАБОТКА ГРУНТА БУЛЬДОЗЕРАМИ	1000 м3	Засыпка траншей и котлованов с перемещением грунта до 5 м бульдозерами мощностью: 243 кВт (330 л.с.), группа грунтов 1
01-01-035-05	01-01-035	Засыпка траншей и котлованов бульдозерами мощностью 132; 243 кВт (180; 330 л.с.)	РАЗРАБОТКА ГРУНТА БУЛЬДОЗЕРАМИ	1000 м3	Засыпка траншей и котлованов с перемещением грунта до 5 м бульдозерами мощностью: 243 кВт (330 л.с.), группа грунтов 2
01-01-035-06	01-01-035	Засыпка траншей и котлованов бульдозерами мощностью 132; 243 кВт (180; 330 л.с.)	РАЗРАБОТКА ГРУНТА БУЛЬДОЗЕРАМИ	1000 м3	Засыпка траншей и котлованов с перемещением грунта до 5 м бульдозерами мощностью: 243 кВт (330 л.с.), группа грунтов 3
01-01-035-07	01-01-035	Засыпка траншей и котлованов бульдозерами мощностью 132; 243 кВт (180; 330 л.с.)	РАЗРАБОТКА ГРУНТА БУЛЬДОЗЕРАМИ	1000 м3	При перемещении грунта на каждые последующие 5 м добавлять: к норме 01-01-035-01
01-01-035-08	01-01-035	Засыпка траншей и котлованов бульдозерами мощностью 132; 243 кВт (180; 330 л.с.)	РАЗРАБОТКА ГРУНТА БУЛЬДОЗЕРАМИ	1000 м3	При перемещении грунта на каждые последующие 5 м добавлять: к норме 01-01-035-02
01-01-035-09	01-01-035	Засыпка траншей и котлованов бульдозерами мощностью 132; 243 кВт (180; 330 л.с.)	РАЗРАБОТКА ГРУНТА БУЛЬДОЗЕРАМИ	1000 м3	При перемещении грунта на каждые последующие 5 м добавлять: к норме 01-01-035-03
01-01-035-10	01-01-035	Засыпка траншей и котлованов бульдозерами мощностью 132; 243 кВт (180; 330 л.с.)	РАЗРАБОТКА ГРУНТА БУЛЬДОЗЕРАМИ	1000 м3	При перемещении грунта на каждые последующие 5 м добавлять: к норме 01-01-035-04
01-01-035-11	01-01-035	Засыпка траншей и котлованов бульдозерами мощностью 132; 243 кВт (180; 330 л.с.)	РАЗРАБОТКА ГРУНТА БУЛЬДОЗЕРАМИ	1000 м3	При перемещении грунта на каждые последующие 5 м добавлять: к норме 01-01-035-05
01-01-035-12	01-01-035	Засыпка траншей и котлованов бульдозерами мощностью 132; 243 кВт (180; 330 л.с.)	РАЗРАБОТКА ГРУНТА БУЛЬДОЗЕРАМИ	1000 м3	При перемещении грунта на каждые последующие 5 м добавлять: к норме 01-01-035-06
01-01-036-01	01-01-036	Планировка площадей бульдозерами мощностью 59; 79; 132; 243 кВт (80; 108;180; 330 л.с.)	РАЗРАБОТКА ГРУНТА БУЛЬДОЗЕРАМИ	1000 м2	Планировка площадей бульдозерами мощностью: 59 кВт (80л.с.)
01-01-036-02	01-01-036	Планировка площадей бульдозерами мощностью 59; 79; 132; 243 кВт (80; 108;180; 330 л.с.)	РАЗРАБОТКА ГРУНТА БУЛЬДОЗЕРАМИ	1000 м2	Планировка площадей бульдозерами мощностью: 79 кВт (108 л.с.)
01-01-036-03	01-01-036	Планировка площадей бульдозерами мощностью 59; 79; 132; 243 кВт (80; 108;180; 330 л.с.)	РАЗРАБОТКА ГРУНТА БУЛЬДОЗЕРАМИ	1000 м2	Планировка площадей бульдозерами мощностью: 132 кВт (180 л.с.)
01-01-036-04	01-01-036	Планировка площадей бульдозерами мощностью 59; 79; 132; 243 кВт (80; 108;180; 330 л.с.)	РАЗРАБОТКА ГРУНТА БУЛЬДОЗЕРАМИ	1000 м2	Планировка площадей бульдозерами мощностью: 243 кВт (330 л.с.)
01-01-037-01	01-01-037	Засыпка траншей и котлованов предварительно разрыхленным скальным грунтом бульдозерами мощностью 79;	РАЗРАБОТКА ГРУНТА БУЛЬДОЗЕРАМИ	1000 м3	Засыпка траншей и котлованов предварительно разрыхленным скальным грунтом с перемещением до 10 м бульдозерами мощностью: 79 кВт (108 л.с.)
01-01-037-02	01-01-037	Засыпка траншей и котлованов предварительно разрыхленным скальным грунтом бульдозерами мощностью 79;	РАЗРАБОТКА ГРУНТА БУЛЬДОЗЕРАМИ	1000 м3	Засыпка траншей и котлованов предварительно разрыхленным скальным грунтом с перемещением до 10 м бульдозерами мощностью: 132 кВт (180 л.с.)
01-01-037-03	01-01-037	Засыпка траншей и котлованов предварительно разрыхленным скальным грунтом бульдозерами мощностью 79;	РАЗРАБОТКА ГРУНТА БУЛЬДОЗЕРАМИ	1000 м3	Засыпка траншей и котлованов предварительно разрыхленным скальным грунтом с перемещением до 10 м бульдозерами мощностью: 243 кВт (330 л.с.)
01-01-037-04	01-01-037	Засыпка траншей и котлованов предварительно разрыхленным скальным грунтом бульдозерами мощностью 79;	РАЗРАБОТКА ГРУНТА БУЛЬДОЗЕРАМИ	1000 м3	При перемещении грунта на каждые 10 м добавлять: к норме 01-01-037-01
01-01-037-05	01-01-037	Засыпка траншей и котлованов предварительно разрыхленным скальным грунтом бульдозерами мощностью 79;	РАЗРАБОТКА ГРУНТА БУЛЬДОЗЕРАМИ	1000 м3	При перемещении грунта на каждые 10 м добавлять: к норме 01-01-037-02
01-01-037-06	01-01-037	Засыпка траншей и котлованов предварительно разрыхленным скальным грунтом бульдозерами мощностью 79;	РАЗРАБОТКА ГРУНТА БУЛЬДОЗЕРАМИ	1000 м3	При перемещении грунта на каждые 10 м добавлять: к норме 01-01-037-03
01-01-081-01	01-01-081	Разработка траншей с разравниванием и уплотнением грунта на полке одноковшовыми экскаваторами	РЫТЬЕ И ЗАСЫПКА ТРАНШЕЙ ДЛЯ МАГИСТРАЛЬНЫХ И ПРОМЫСЛОВЫХ ТРУБ	1000 м3	Разработка траншей с разравниванием и уплотнением грунта на полке одноковшовыми экскаваторами при продольных уклонах свыше 6 до 15 градусов, группа грунтов: 1
01-01-081-02	01-01-081	Разработка траншей с разравниванием и уплотнением грунта на полке одноковшовыми экскаваторами	РЫТЬЕ И ЗАСЫПКА ТРАНШЕЙ ДЛЯ МАГИСТРАЛЬНЫХ И ПРОМЫСЛОВЫХ ТРУБ	1000 м3	Разработка траншей с разравниванием и уплотнением грунта на полке одноковшовыми экскаваторами при продольных уклонах свыше 6 до 15 градусов, группа грунтов: 2
01-01-081-03	01-01-081	Разработка траншей с разравниванием и уплотнением грунта на полке одноковшовыми экскаваторами	РЫТЬЕ И ЗАСЫПКА ТРАНШЕЙ ДЛЯ МАГИСТРАЛЬНЫХ И ПРОМЫСЛОВЫХ ТРУБ	1000 м3	Разработка траншей с разравниванием и уплотнением грунта на полке одноковшовыми экскаваторами при продольных уклонах свыше 6 до 15 градусов, группа грунтов: 3
01-01-081-04	01-01-081	Разработка траншей с разравниванием и уплотнением грунта на полке одноковшовыми экскаваторами	РЫТЬЕ И ЗАСЫПКА ТРАНШЕЙ ДЛЯ МАГИСТРАЛЬНЫХ И ПРОМЫСЛОВЫХ ТРУБ	1000 м3	Разработка траншей с разравниванием и уплотнением грунта на полке одноковшовыми экскаваторами при продольных уклонах свыше 6 до 15 градусов, группа грунтов: 4
01-01-081-05	01-01-081	Разработка траншей с разравниванием и уплотнением грунта на полке одноковшовыми экскаваторами	РЫТЬЕ И ЗАСЫПКА ТРАНШЕЙ ДЛЯ МАГИСТРАЛЬНЫХ И ПРОМЫСЛОВЫХ ТРУБ	1000 м3	Разработка траншей с разравниванием и уплотнением грунта на полке одноковшовыми экскаваторами при продольных уклонах свыше 6 до 15 градусов, группа грунтов: 5
01-01-081-06	01-01-081	Разработка траншей с разравниванием и уплотнением грунта на полке одноковшовыми экскаваторами	РЫТЬЕ И ЗАСЫПКА ТРАНШЕЙ ДЛЯ МАГИСТРАЛЬНЫХ И ПРОМЫСЛОВЫХ ТРУБ	1000 м3	Разработка траншей с разравниванием и уплотнением грунта на полке одноковшовыми экскаваторами при продольных уклонах свыше 6 до 15 градусов, группа грунтов: 6
01-01-081-07	01-01-081	Разработка траншей с разравниванием и уплотнением грунта на полке одноковшовыми экскаваторами	РЫТЬЕ И ЗАСЫПКА ТРАНШЕЙ ДЛЯ МАГИСТРАЛЬНЫХ И ПРОМЫСЛОВЫХ ТРУБ	1000 м3	При продольных уклонах свыше 15 градусов добавлять к норме: 01-01-081-01
01-01-081-08	01-01-081	Разработка траншей с разравниванием и уплотнением грунта на полке одноковшовыми экскаваторами	РЫТЬЕ И ЗАСЫПКА ТРАНШЕЙ ДЛЯ МАГИСТРАЛЬНЫХ И ПРОМЫСЛОВЫХ ТРУБ	1000 м3	При продольных уклонах свыше 15 градусов добавлять к норме: 01-01-081-02
01-01-081-09	01-01-081	Разработка траншей с разравниванием и уплотнением грунта на полке одноковшовыми экскаваторами	РЫТЬЕ И ЗАСЫПКА ТРАНШЕЙ ДЛЯ МАГИСТРАЛЬНЫХ И ПРОМЫСЛОВЫХ ТРУБ	1000 м3	При продольных уклонах свыше 15 градусов добавлять к норме: 01-01-081-03
01-01-081-10	01-01-081	Разработка траншей с разравниванием и уплотнением грунта на полке одноковшовыми экскаваторами	РЫТЬЕ И ЗАСЫПКА ТРАНШЕЙ ДЛЯ МАГИСТРАЛЬНЫХ И ПРОМЫСЛОВЫХ ТРУБ	1000 м3	При продольных уклонах свыше 15 градусов добавлять к норме: 01-01-081-04
01-01-081-11	01-01-081	Разработка траншей с разравниванием и уплотнением грунта на полке одноковшовыми экскаваторами	РЫТЬЕ И ЗАСЫПКА ТРАНШЕЙ ДЛЯ МАГИСТРАЛЬНЫХ И ПРОМЫСЛОВЫХ ТРУБ	1000 м3	При продольных уклонах свыше 15 градусов добавлять к норме: 01-01-081-05
01-01-081-12	01-01-081	Разработка траншей с разравниванием и уплотнением грунта на полке одноковшовыми экскаваторами	РЫТЬЕ И ЗАСЫПКА ТРАНШЕЙ ДЛЯ МАГИСТРАЛЬНЫХ И ПРОМЫСЛОВЫХ ТРУБ	1000 м3	При продольных уклонах свыше 15 градусов добавлять к норме: 01-01-081-06
01-01-082-01	01-01-082	Разработка траншей с вывозкой грунта	РЫТЬЕ И ЗАСЫПКА ТРАНШЕЙ ДЛЯ МАГИСТРАЛЬНЫХ И ПРОМЫСЛОВЫХ ТРУБ	1000 м3	Разработка траншей с вывозкой грунта при продольных уклонах свыше 6 до 15 градусов, группа грунтов: 1
01-01-082-02	01-01-082	Разработка траншей с вывозкой грунта	РЫТЬЕ И ЗАСЫПКА ТРАНШЕЙ ДЛЯ МАГИСТРАЛЬНЫХ И ПРОМЫСЛОВЫХ ТРУБ	1000 м3	Разработка траншей с вывозкой грунта при продольных уклонах свыше 6 до 15 градусов, группа грунтов: 2
01-01-082-03	01-01-082	Разработка траншей с вывозкой грунта	РЫТЬЕ И ЗАСЫПКА ТРАНШЕЙ ДЛЯ МАГИСТРАЛЬНЫХ И ПРОМЫСЛОВЫХ ТРУБ	1000 м3	Разработка траншей с вывозкой грунта при продольных уклонах свыше 6 до 15 градусов, группа грунтов: 3
01-01-082-04	01-01-082	Разработка траншей с вывозкой грунта	РЫТЬЕ И ЗАСЫПКА ТРАНШЕЙ ДЛЯ МАГИСТРАЛЬНЫХ И ПРОМЫСЛОВЫХ ТРУБ	1000 м3	Разработка траншей с вывозкой грунта при продольных уклонах свыше 6 до 15 градусов, группа грунтов: 4
01-01-082-05	01-01-082	Разработка траншей с вывозкой грунта	РЫТЬЕ И ЗАСЫПКА ТРАНШЕЙ ДЛЯ МАГИСТРАЛЬНЫХ И ПРОМЫСЛОВЫХ ТРУБ	1000 м3	Разработка траншей с вывозкой грунта при продольных уклонах свыше 6 до 15 градусов, группа грунтов: 5
01-01-082-06	01-01-082	Разработка траншей с вывозкой грунта	РЫТЬЕ И ЗАСЫПКА ТРАНШЕЙ ДЛЯ МАГИСТРАЛЬНЫХ И ПРОМЫСЛОВЫХ ТРУБ	1000 м3	Разработка траншей с вывозкой грунта при продольных уклонах свыше 6 до 15 градусов, группа грунтов: 6
01-01-082-07	01-01-082	Разработка траншей с вывозкой грунта	РЫТЬЕ И ЗАСЫПКА ТРАНШЕЙ ДЛЯ МАГИСТРАЛЬНЫХ И ПРОМЫСЛОВЫХ ТРУБ	1000 м3	При продольных уклонах свыше 15 градусов добавлять к норме: 01-01-082-01
01-01-082-08	01-01-082	Разработка траншей с вывозкой грунта	РЫТЬЕ И ЗАСЫПКА ТРАНШЕЙ ДЛЯ МАГИСТРАЛЬНЫХ И ПРОМЫСЛОВЫХ ТРУБ	1000 м3	При продольных уклонах свыше 15 градусов добавлять к норме: 01-01-082-02
01-01-082-09	01-01-082	Разработка траншей с вывозкой грунта	РЫТЬЕ И ЗАСЫПКА ТРАНШЕЙ ДЛЯ МАГИСТРАЛЬНЫХ И ПРОМЫСЛОВЫХ ТРУБ	1000 м3	При продольных уклонах свыше 15 градусов добавлять к норме: 01-01-082-03
01-01-082-10	01-01-082	Разработка траншей с вывозкой грунта	РЫТЬЕ И ЗАСЫПКА ТРАНШЕЙ ДЛЯ МАГИСТРАЛЬНЫХ И ПРОМЫСЛОВЫХ ТРУБ	1000 м3	При продольных уклонах свыше 15 градусов добавлять к норме: 01-01-082-04
01-01-082-11	01-01-082	Разработка траншей с вывозкой грунта	РЫТЬЕ И ЗАСЫПКА ТРАНШЕЙ ДЛЯ МАГИСТРАЛЬНЫХ И ПРОМЫСЛОВЫХ ТРУБ	1000 м3	При продольных уклонах свыше 15 градусов добавлять к норме: 01-01-082-05
01-01-082-12	01-01-082	Разработка траншей с вывозкой грунта	РЫТЬЕ И ЗАСЫПКА ТРАНШЕЙ ДЛЯ МАГИСТРАЛЬНЫХ И ПРОМЫСЛОВЫХ ТРУБ	1000 м3	При продольных уклонах свыше 15 градусов добавлять к норме: 01-01-082-06
01-01-083-01	01-01-083	Засыпка траншей на полках бульдозерами грунтом из кавальеров	РЫТЬЕ И ЗАСЫПКА ТРАНШЕЙ ДЛЯ МАГИСТРАЛЬНЫХ И ПРОМЫСЛОВЫХ ТРУБ	1000 м3	Засыпка траншей на полках бульдозерами грунтом из кавальеров при продольных уклонах свыше 6 до 15 градусов, группа грунтов: 1-3
01-01-083-02	01-01-083	Засыпка траншей на полках бульдозерами грунтом из кавальеров	РЫТЬЕ И ЗАСЫПКА ТРАНШЕЙ ДЛЯ МАГИСТРАЛЬНЫХ И ПРОМЫСЛОВЫХ ТРУБ	1000 м3	Засыпка траншей на полках бульдозерами грунтом из кавальеров при продольных уклонах свыше 6 до 15 градусов, группа грунтов: 4-6
01-01-083-03	01-01-083	Засыпка траншей на полках бульдозерами грунтом из кавальеров	РЫТЬЕ И ЗАСЫПКА ТРАНШЕЙ ДЛЯ МАГИСТРАЛЬНЫХ И ПРОМЫСЛОВЫХ ТРУБ	1000 м3	При продольных уклонах свыше 15 градусов добавлять к норме: 01-01-083-01
01-01-083-04	01-01-083	Засыпка траншей на полках бульдозерами грунтом из кавальеров	РЫТЬЕ И ЗАСЫПКА ТРАНШЕЙ ДЛЯ МАГИСТРАЛЬНЫХ И ПРОМЫСЛОВЫХ ТРУБ	1000 м3	При продольных уклонах свыше 15 градусов добавлять к норме: 01-01-083-02
01-01-084-01	01-01-084	Устройство полок одноковшовыми экскаваторами с ковшом вместимостью 0,65 м3 на поперечных уклонах свы	РЫТЬЕ И ЗАСЫПКА ТРАНШЕЙ ДЛЯ МАГИСТРАЛЬНЫХ И ПРОМЫСЛОВЫХ ТРУБ	1000 м3	Устройство полок одноковшовыми экскаваторами с ковшом вместимостью 0,65 м3 на поперечных уклонах свыше 8 градусов с укладкой грунта в отвал, группа грунтов: 1
01-01-084-02	01-01-084	Устройство полок одноковшовыми экскаваторами с ковшом вместимостью 0,65 м3 на поперечных уклонах свы	РЫТЬЕ И ЗАСЫПКА ТРАНШЕЙ ДЛЯ МАГИСТРАЛЬНЫХ И ПРОМЫСЛОВЫХ ТРУБ	1000 м3	Устройство полок одноковшовыми экскаваторами с ковшом вместимостью 0,65 м3 на поперечных уклонах свыше 8 градусов с укладкой грунта в отвал, группа грунтов: 2
01-01-084-03	01-01-084	Устройство полок одноковшовыми экскаваторами с ковшом вместимостью 0,65 м3 на поперечных уклонах свы	РЫТЬЕ И ЗАСЫПКА ТРАНШЕЙ ДЛЯ МАГИСТРАЛЬНЫХ И ПРОМЫСЛОВЫХ ТРУБ	1000 м3	Устройство полок одноковшовыми экскаваторами с ковшом вместимостью 0,65 м3 на поперечных уклонах свыше 8 градусов с укладкой грунта в отвал, группа грунтов: 3
01-01-084-04	01-01-084	Устройство полок одноковшовыми экскаваторами с ковшом вместимостью 0,65 м3 на поперечных уклонах свы	РЫТЬЕ И ЗАСЫПКА ТРАНШЕЙ ДЛЯ МАГИСТРАЛЬНЫХ И ПРОМЫСЛОВЫХ ТРУБ	1000 м3	Устройство полок одноковшовыми экскаваторами с ковшом вместимостью 0,65 м3 на поперечных уклонах свыше 8 градусов с укладкой грунта в отвал, группа грунтов: 4
01-01-084-05	01-01-084	Устройство полок одноковшовыми экскаваторами с ковшом вместимостью 0,65 м3 на поперечных уклонах свы	РЫТЬЕ И ЗАСЫПКА ТРАНШЕЙ ДЛЯ МАГИСТРАЛЬНЫХ И ПРОМЫСЛОВЫХ ТРУБ	1000 м3	Устройство полок одноковшовыми экскаваторами с ковшом вместимостью 0,65 м3 на поперечных уклонах свыше 8 градусов с укладкой грунта в отвал, группа грунтов: 5
01-01-084-06	01-01-084	Устройство полок одноковшовыми экскаваторами с ковшом вместимостью 0,65 м3 на поперечных уклонах свы	РЫТЬЕ И ЗАСЫПКА ТРАНШЕЙ ДЛЯ МАГИСТРАЛЬНЫХ И ПРОМЫСЛОВЫХ ТРУБ	1000 м3	Устройство полок одноковшовыми экскаваторами с ковшом вместимостью 0,65 м3 на поперечных уклонах свыше 8 градусов с укладкой грунта в отвал, группа грунтов: 6
01-01-084-07	01-01-084	Устройство полок одноковшовыми экскаваторами с ковшом вместимостью 0,65 м3 на поперечных уклонах свы	РЫТЬЕ И ЗАСЫПКА ТРАНШЕЙ ДЛЯ МАГИСТРАЛЬНЫХ И ПРОМЫСЛОВЫХ ТРУБ	1000 м3	При продольных уклонах свыше 15 градусов добавлять к норме: 01-01-084-01
01-01-084-08	01-01-084	Устройство полок одноковшовыми экскаваторами с ковшом вместимостью 0,65 м3 на поперечных уклонах свы	РЫТЬЕ И ЗАСЫПКА ТРАНШЕЙ ДЛЯ МАГИСТРАЛЬНЫХ И ПРОМЫСЛОВЫХ ТРУБ	1000 м3	При продольных уклонах свыше 15 градусов добавлять к норме: 01-01-084-02
01-01-084-09	01-01-084	Устройство полок одноковшовыми экскаваторами с ковшом вместимостью 0,65 м3 на поперечных уклонах свы	РЫТЬЕ И ЗАСЫПКА ТРАНШЕЙ ДЛЯ МАГИСТРАЛЬНЫХ И ПРОМЫСЛОВЫХ ТРУБ	1000 м3	При продольных уклонах свыше 15 градусов добавлять к норме: 01-01-084-03
01-01-084-10	01-01-084	Устройство полок одноковшовыми экскаваторами с ковшом вместимостью 0,65 м3 на поперечных уклонах свы	РЫТЬЕ И ЗАСЫПКА ТРАНШЕЙ ДЛЯ МАГИСТРАЛЬНЫХ И ПРОМЫСЛОВЫХ ТРУБ	1000 м3	При продольных уклонах свыше 15 градусов добавлять к норме: 01-01-084-04
01-01-084-11	01-01-084	Устройство полок одноковшовыми экскаваторами с ковшом вместимостью 0,65 м3 на поперечных уклонах свы	РЫТЬЕ И ЗАСЫПКА ТРАНШЕЙ ДЛЯ МАГИСТРАЛЬНЫХ И ПРОМЫСЛОВЫХ ТРУБ	1000 м3	При продольных уклонах свыше 15 градусов добавлять к норме: 01-01-084-05
01-01-084-12	01-01-084	Устройство полок одноковшовыми экскаваторами с ковшом вместимостью 0,65 м3 на поперечных уклонах свы	РЫТЬЕ И ЗАСЫПКА ТРАНШЕЙ ДЛЯ МАГИСТРАЛЬНЫХ И ПРОМЫСЛОВЫХ ТРУБ	1000 м3	При продольных уклонах свыше 15 градусов добавлять к норме: 01-01-084-06
01-01-085-01	01-01-085	Устройство полок одноковшовыми экскаваторами с ковшом вместимостью 0,65 м3 на поперечных уклонах свы	РЫТЬЕ И ЗАСЫПКА ТРАНШЕЙ ДЛЯ МАГИСТРАЛЬНЫХ И ПРОМЫСЛОВЫХ ТРУБ	1000 м3	Устройство полок одноковшовыми экскаваторами с ковшом вместимостью 0,65 м3 на поперечных уклонах свыше 8 градусов с погрузкой грунта на автосамосвалы, группа грунтов: 1
01-01-085-02	01-01-085	Устройство полок одноковшовыми экскаваторами с ковшом вместимостью 0,65 м3 на поперечных уклонах свы	РЫТЬЕ И ЗАСЫПКА ТРАНШЕЙ ДЛЯ МАГИСТРАЛЬНЫХ И ПРОМЫСЛОВЫХ ТРУБ	1000 м3	Устройство полок одноковшовыми экскаваторами с ковшом вместимостью 0,65 м3 на поперечных уклонах свыше 8 градусов с погрузкой грунта на автосамосвалы, группа грунтов: 2
01-01-085-03	01-01-085	Устройство полок одноковшовыми экскаваторами с ковшом вместимостью 0,65 м3 на поперечных уклонах свы	РЫТЬЕ И ЗАСЫПКА ТРАНШЕЙ ДЛЯ МАГИСТРАЛЬНЫХ И ПРОМЫСЛОВЫХ ТРУБ	1000 м3	Устройство полок одноковшовыми экскаваторами с ковшом вместимостью 0,65 м3 на поперечных уклонах свыше 8 градусов с погрузкой грунта на автосамосвалы, группа грунтов: 3
01-01-085-04	01-01-085	Устройство полок одноковшовыми экскаваторами с ковшом вместимостью 0,65 м3 на поперечных уклонах свы	РЫТЬЕ И ЗАСЫПКА ТРАНШЕЙ ДЛЯ МАГИСТРАЛЬНЫХ И ПРОМЫСЛОВЫХ ТРУБ	1000 м3	Устройство полок одноковшовыми экскаваторами с ковшом вместимостью 0,65 м3 на поперечных уклонах свыше 8 градусов с погрузкой грунта на автосамосвалы, группа грунтов: 4
01-01-085-05	01-01-085	Устройство полок одноковшовыми экскаваторами с ковшом вместимостью 0,65 м3 на поперечных уклонах свы	РЫТЬЕ И ЗАСЫПКА ТРАНШЕЙ ДЛЯ МАГИСТРАЛЬНЫХ И ПРОМЫСЛОВЫХ ТРУБ	1000 м3	Устройство полок одноковшовыми экскаваторами с ковшом вместимостью 0,65 м3 на поперечных уклонах свыше 8 градусов с погрузкой грунта на автосамосвалы, группа грунтов: 5
01-01-085-06	01-01-085	Устройство полок одноковшовыми экскаваторами с ковшом вместимостью 0,65 м3 на поперечных уклонах свы	РЫТЬЕ И ЗАСЫПКА ТРАНШЕЙ ДЛЯ МАГИСТРАЛЬНЫХ И ПРОМЫСЛОВЫХ ТРУБ	1000 м3	Устройство полок одноковшовыми экскаваторами с ковшом вместимостью 0,65 м3 на поперечных уклонах свыше 8 градусов с погрузкой грунта на автосамосвалы, группа грунтов: 6
01-01-085-07	01-01-085	Устройство полок одноковшовыми экскаваторами с ковшом вместимостью 0,65 м3 на поперечных уклонах свы	РЫТЬЕ И ЗАСЫПКА ТРАНШЕЙ ДЛЯ МАГИСТРАЛЬНЫХ И ПРОМЫСЛОВЫХ ТРУБ	1000 м3	При продольных уклонах свыше 15 градусов добавлять к норме: 01-01-085-01
01-01-085-08	01-01-085	Устройство полок одноковшовыми экскаваторами с ковшом вместимостью 0,65 м3 на поперечных уклонах свы	РЫТЬЕ И ЗАСЫПКА ТРАНШЕЙ ДЛЯ МАГИСТРАЛЬНЫХ И ПРОМЫСЛОВЫХ ТРУБ	1000 м3	При продольных уклонах свыше 15 градусов добавлять к норме: 01-01-085-02
01-01-085-09	01-01-085	Устройство полок одноковшовыми экскаваторами с ковшом вместимостью 0,65 м3 на поперечных уклонах свы	РЫТЬЕ И ЗАСЫПКА ТРАНШЕЙ ДЛЯ МАГИСТРАЛЬНЫХ И ПРОМЫСЛОВЫХ ТРУБ	1000 м3	При продольных уклонах свыше 15 градусов добавлять к норме: 01-01-085-03
01-01-085-10	01-01-085	Устройство полок одноковшовыми экскаваторами с ковшом вместимостью 0,65 м3 на поперечных уклонах свы	РЫТЬЕ И ЗАСЫПКА ТРАНШЕЙ ДЛЯ МАГИСТРАЛЬНЫХ И ПРОМЫСЛОВЫХ ТРУБ	1000 м3	При продольных уклонах свыше 15 градусов добавлять к норме: 01-01-085-04
01-01-085-11	01-01-085	Устройство полок одноковшовыми экскаваторами с ковшом вместимостью 0,65 м3 на поперечных уклонах свы	РЫТЬЕ И ЗАСЫПКА ТРАНШЕЙ ДЛЯ МАГИСТРАЛЬНЫХ И ПРОМЫСЛОВЫХ ТРУБ	1000 м3	При продольных уклонах свыше 15 градусов добавлять к норме: 01-01-085-05
01-01-085-12	01-01-085	Устройство полок одноковшовыми экскаваторами с ковшом вместимостью 0,65 м3 на поперечных уклонах свы	РЫТЬЕ И ЗАСЫПКА ТРАНШЕЙ ДЛЯ МАГИСТРАЛЬНЫХ И ПРОМЫСЛОВЫХ ТРУБ	1000 м3	При продольных уклонах свыше 15 градусов добавлять к норме: 01-01-085-06
01-01-086-01	01-01-086	Разработка грунта бульдозерами мощностью 303; 340 кВт (410; 450 л.с.)	РЫТЬЕ И ЗАСЫПКА ТРАНШЕЙ ДЛЯ МАГИСТРАЛЬНЫХ И ПРОМЫСЛОВЫХ ТРУБ	1000 м3	Разработка грунта с перемещением грунта до 10 м бульдозерами мощностью: 303 кВт (410 л.с.), группа грунтов 1
01-01-086-02	01-01-086	Разработка грунта бульдозерами мощностью 303; 340 кВт (410; 450 л.с.)	РЫТЬЕ И ЗАСЫПКА ТРАНШЕЙ ДЛЯ МАГИСТРАЛЬНЫХ И ПРОМЫСЛОВЫХ ТРУБ	1000 м3	Разработка грунта с перемещением грунта до 10 м бульдозерами мощностью: 303 кВт (410 л.с.), группа грунтов 2
01-01-086-03	01-01-086	Разработка грунта бульдозерами мощностью 303; 340 кВт (410; 450 л.с.)	РЫТЬЕ И ЗАСЫПКА ТРАНШЕЙ ДЛЯ МАГИСТРАЛЬНЫХ И ПРОМЫСЛОВЫХ ТРУБ	1000 м3	Разработка грунта с перемещением грунта до 10 м бульдозерами мощностью: 303 кВт (410 л.с.), группа грунтов 3
01-01-086-04	01-01-086	Разработка грунта бульдозерами мощностью 303; 340 кВт (410; 450 л.с.)	РЫТЬЕ И ЗАСЫПКА ТРАНШЕЙ ДЛЯ МАГИСТРАЛЬНЫХ И ПРОМЫСЛОВЫХ ТРУБ	1000 м3	Разработка грунта с перемещением грунта до 10 м бульдозерами мощностью: 303 кВт (410 л.с.), группа грунтов 4
01-01-086-05	01-01-086	Разработка грунта бульдозерами мощностью 303; 340 кВт (410; 450 л.с.)	РЫТЬЕ И ЗАСЫПКА ТРАНШЕЙ ДЛЯ МАГИСТРАЛЬНЫХ И ПРОМЫСЛОВЫХ ТРУБ	1000 м3	Разработка грунта с перемещением грунта до 10 м бульдозерами мощностью: 340 кВт (450 л.с.), группа грунтов 1
01-01-086-06	01-01-086	Разработка грунта бульдозерами мощностью 303; 340 кВт (410; 450 л.с.)	РЫТЬЕ И ЗАСЫПКА ТРАНШЕЙ ДЛЯ МАГИСТРАЛЬНЫХ И ПРОМЫСЛОВЫХ ТРУБ	1000 м3	Разработка грунта с перемещением грунта до 10 м бульдозерами мощностью: 340 кВт (450 л.с.), группа грунтов 2
01-01-086-07	01-01-086	Разработка грунта бульдозерами мощностью 303; 340 кВт (410; 450 л.с.)	РЫТЬЕ И ЗАСЫПКА ТРАНШЕЙ ДЛЯ МАГИСТРАЛЬНЫХ И ПРОМЫСЛОВЫХ ТРУБ	1000 м3	Разработка грунта с перемещением грунта до 10 м бульдозерами мощностью: 340 кВт (450 л.с.), группа грунтов 3
01-01-086-08	01-01-086	Разработка грунта бульдозерами мощностью 303; 340 кВт (410; 450 л.с.)	РЫТЬЕ И ЗАСЫПКА ТРАНШЕЙ ДЛЯ МАГИСТРАЛЬНЫХ И ПРОМЫСЛОВЫХ ТРУБ	1000 м3	Разработка грунта с перемещением грунта до 10 м бульдозерами мощностью: 340 кВт (450 л.с.), группа грунтов 4
01-01-086-09	01-01-086	Разработка грунта бульдозерами мощностью 303; 340 кВт (410; 450 л.с.)	РЫТЬЕ И ЗАСЫПКА ТРАНШЕЙ ДЛЯ МАГИСТРАЛЬНЫХ И ПРОМЫСЛОВЫХ ТРУБ	1000 м3	При перемещении грунта на каждые последующие 10 м добавлять: к норме 01-01-086-01
01-01-086-10	01-01-086	Разработка грунта бульдозерами мощностью 303; 340 кВт (410; 450 л.с.)	РЫТЬЕ И ЗАСЫПКА ТРАНШЕЙ ДЛЯ МАГИСТРАЛЬНЫХ И ПРОМЫСЛОВЫХ ТРУБ	1000 м3	При перемещении грунта на каждые последующие 10 м добавлять: к норме 01-01-086-02
01-01-086-11	01-01-086	Разработка грунта бульдозерами мощностью 303; 340 кВт (410; 450 л.с.)	РЫТЬЕ И ЗАСЫПКА ТРАНШЕЙ ДЛЯ МАГИСТРАЛЬНЫХ И ПРОМЫСЛОВЫХ ТРУБ	1000 м3	При перемещении грунта на каждые последующие 10 м добавлять: к норме 01-01-086-03
01-01-086-12	01-01-086	Разработка грунта бульдозерами мощностью 303; 340 кВт (410; 450 л.с.)	РЫТЬЕ И ЗАСЫПКА ТРАНШЕЙ ДЛЯ МАГИСТРАЛЬНЫХ И ПРОМЫСЛОВЫХ ТРУБ	1000 м3	При перемещении грунта на каждые последующие 10 м добавлять: к норме 01-01-086-04
01-01-086-13	01-01-086	Разработка грунта бульдозерами мощностью 303; 340 кВт (410; 450 л.с.)	РЫТЬЕ И ЗАСЫПКА ТРАНШЕЙ ДЛЯ МАГИСТРАЛЬНЫХ И ПРОМЫСЛОВЫХ ТРУБ	1000 м3	При перемещении грунта на каждые последующие 10 м добавлять: к норме 01-01-086-05
01-01-086-14	01-01-086	Разработка грунта бульдозерами мощностью 303; 340 кВт (410; 450 л.с.)	РЫТЬЕ И ЗАСЫПКА ТРАНШЕЙ ДЛЯ МАГИСТРАЛЬНЫХ И ПРОМЫСЛОВЫХ ТРУБ	1000 м3	При перемещении грунта на каждые последующие 10 м добавлять: к норме 01-01-086-06
01-01-086-15	01-01-086	Разработка грунта бульдозерами мощностью 303; 340 кВт (410; 450 л.с.)	РЫТЬЕ И ЗАСЫПКА ТРАНШЕЙ ДЛЯ МАГИСТРАЛЬНЫХ И ПРОМЫСЛОВЫХ ТРУБ	1000 м3	При перемещении грунта на каждые последующие 10 м добавлять: к норме 01-01-086-07
01-01-086-16	01-01-086	Разработка грунта бульдозерами мощностью 303; 340 кВт (410; 450 л.с.)	РЫТЬЕ И ЗАСЫПКА ТРАНШЕЙ ДЛЯ МАГИСТРАЛЬНЫХ И ПРОМЫСЛОВЫХ ТРУБ	1000 м3	При перемещении грунта на каждые последующие 10 м добавлять: к норме 01-01-086-08
01-01-087-01	01-01-087	Засыпка траншей и котлованов бульдозерами мощностью 303; 340 кВт (410; 450 л.с.)	РЫТЬЕ И ЗАСЫПКА ТРАНШЕЙ ДЛЯ МАГИСТРАЛЬНЫХ И ПРОМЫСЛОВЫХ ТРУБ	1000 м3	Засыпка траншей и котлованов с перемещением грунта до 5 м бульдозерами мощностью: 303 кВт (410 л.с.), группа грунтов 1
01-01-087-02	01-01-087	Засыпка траншей и котлованов бульдозерами мощностью 303; 340 кВт (410; 450 л.с.)	РЫТЬЕ И ЗАСЫПКА ТРАНШЕЙ ДЛЯ МАГИСТРАЛЬНЫХ И ПРОМЫСЛОВЫХ ТРУБ	1000 м3	Засыпка траншей и котлованов с перемещением грунта до 5 м бульдозерами мощностью: 303 кВт (410 л.с.), группа грунтов 2
01-01-087-03	01-01-087	Засыпка траншей и котлованов бульдозерами мощностью 303; 340 кВт (410; 450 л.с.)	РЫТЬЕ И ЗАСЫПКА ТРАНШЕЙ ДЛЯ МАГИСТРАЛЬНЫХ И ПРОМЫСЛОВЫХ ТРУБ	1000 м3	Засыпка траншей и котлованов с перемещением грунта до 5 м бульдозерами мощностью: 303 кВт (410 л.с.), группа грунтов 3
01-01-087-04	01-01-087	Засыпка траншей и котлованов бульдозерами мощностью 303; 340 кВт (410; 450 л.с.)	РЫТЬЕ И ЗАСЫПКА ТРАНШЕЙ ДЛЯ МАГИСТРАЛЬНЫХ И ПРОМЫСЛОВЫХ ТРУБ	1000 м3	Засыпка траншей и котлованов с перемещением грунта до 5 м бульдозерами мощностью: 340 кВт (450 л.с.), группа грунтов 1
01-01-087-05	01-01-087	Засыпка траншей и котлованов бульдозерами мощностью 303; 340 кВт (410; 450 л.с.)	РЫТЬЕ И ЗАСЫПКА ТРАНШЕЙ ДЛЯ МАГИСТРАЛЬНЫХ И ПРОМЫСЛОВЫХ ТРУБ	1000 м3	Засыпка траншей и котлованов с перемещением грунта до 5 м бульдозерами мощностью: 340 кВт (450 л.с.), группа грунтов 2
01-01-087-06	01-01-087	Засыпка траншей и котлованов бульдозерами мощностью 303; 340 кВт (410; 450 л.с.)	РЫТЬЕ И ЗАСЫПКА ТРАНШЕЙ ДЛЯ МАГИСТРАЛЬНЫХ И ПРОМЫСЛОВЫХ ТРУБ	1000 м3	Засыпка траншей и котлованов с перемещением грунта до 5 м бульдозерами мощностью: 340 кВт (450 л.с.), группа грунтов 3
01-01-087-07	01-01-087	Засыпка траншей и котлованов бульдозерами мощностью 303; 340 кВт (410; 450 л.с.)	РЫТЬЕ И ЗАСЫПКА ТРАНШЕЙ ДЛЯ МАГИСТРАЛЬНЫХ И ПРОМЫСЛОВЫХ ТРУБ	1000 м3	При перемещении грунта на каждые последующие 10 м добавлять: к норме 01-01-087-01
01-01-087-08	01-01-087	Засыпка траншей и котлованов бульдозерами мощностью 303; 340 кВт (410; 450 л.с.)	РЫТЬЕ И ЗАСЫПКА ТРАНШЕЙ ДЛЯ МАГИСТРАЛЬНЫХ И ПРОМЫСЛОВЫХ ТРУБ	1000 м3	При перемещении грунта на каждые последующие 10 м добавлять: к норме 01-01-087-02
01-01-087-09	01-01-087	Засыпка траншей и котлованов бульдозерами мощностью 303; 340 кВт (410; 450 л.с.)	РЫТЬЕ И ЗАСЫПКА ТРАНШЕЙ ДЛЯ МАГИСТРАЛЬНЫХ И ПРОМЫСЛОВЫХ ТРУБ	1000 м3	При перемещении грунта на каждые последующие 10 м добавлять: к норме 01-01-087-03
01-01-087-10	01-01-087	Засыпка траншей и котлованов бульдозерами мощностью 303; 340 кВт (410; 450 л.с.)	РЫТЬЕ И ЗАСЫПКА ТРАНШЕЙ ДЛЯ МАГИСТРАЛЬНЫХ И ПРОМЫСЛОВЫХ ТРУБ	1000 м3	При перемещении грунта на каждые последующие 10 м добавлять: к норме 01-01-087-04
01-01-087-11	01-01-087	Засыпка траншей и котлованов бульдозерами мощностью 303; 340 кВт (410; 450 л.с.)	РЫТЬЕ И ЗАСЫПКА ТРАНШЕЙ ДЛЯ МАГИСТРАЛЬНЫХ И ПРОМЫСЛОВЫХ ТРУБ	1000 м3	При перемещении грунта на каждые последующие 10 м добавлять: к норме 01-01-087-05
01-01-087-12	01-01-087	Засыпка траншей и котлованов бульдозерами мощностью 303; 340 кВт (410; 450 л.с.)	РЫТЬЕ И ЗАСЫПКА ТРАНШЕЙ ДЛЯ МАГИСТРАЛЬНЫХ И ПРОМЫСЛОВЫХ ТРУБ	1000 м3	При перемещении грунта на каждые последующие 10 м добавлять: к норме 01-01-087-06
01-01-088-01	01-01-088	Планировка площадей бульдозерами мощностью 303; 340 кВт (410; 450 л.с.)	РЫТЬЕ И ЗАСЫПКА ТРАНШЕЙ ДЛЯ МАГИСТРАЛЬНЫХ И ПРОМЫСЛОВЫХ ТРУБ	1000 м2	Планировка площадей бульдозерами мощностью: 303 кВт (410 л.с.)
01-01-088-02	01-01-088	Планировка площадей бульдозерами мощностью 303; 340 кВт (410; 450 л.с.)	РЫТЬЕ И ЗАСЫПКА ТРАНШЕЙ ДЛЯ МАГИСТРАЛЬНЫХ И ПРОМЫСЛОВЫХ ТРУБ	1000 м2	Планировка площадей бульдозерами мощностью: 340 кВт (450 л.с.)
01-02-001-01	01-02-001	Уплотнение грунта прицепными катками на пневмоколесном ходу 25 т	УПЛОТНЕНИЕ ГРУНТА	1000 м3	Уплотнение грунта прицепными катками на пневмоколесном ходу 25 т на первый проход по одному следу при толщине слоя: 25 см
01-02-001-02	01-02-001	Уплотнение грунта прицепными катками на пневмоколесном ходу 25 т	УПЛОТНЕНИЕ ГРУНТА	1000 м3	Уплотнение грунта прицепными катками на пневмоколесном ходу 25 т на первый проход по одному следу при толщине слоя: 30 см
01-02-001-03	01-02-001	Уплотнение грунта прицепными катками на пневмоколесном ходу 25 т	УПЛОТНЕНИЕ ГРУНТА	1000 м3	Уплотнение грунта прицепными катками на пневмоколесном ходу 25 т на первый проход по одному следу при толщине слоя: 40 см
01-02-001-04	01-02-001	Уплотнение грунта прицепными катками на пневмоколесном ходу 25 т	УПЛОТНЕНИЕ ГРУНТА	1000 м3	Уплотнение грунта прицепными катками на пневмоколесном ходу 25 т на первый проход по одному следу при толщине слоя: 45 см
01-02-001-05	01-02-001	Уплотнение грунта прицепными катками на пневмоколесном ходу 25 т	УПЛОТНЕНИЕ ГРУНТА	1000 м3	Уплотнение грунта прицепными катками на пневмоколесном ходу 25 т на первый проход по одному следу при толщине слоя: 50 см
01-02-001-06	01-02-001	Уплотнение грунта прицепными катками на пневмоколесном ходу 25 т	УПЛОТНЕНИЕ ГРУНТА	1000 м3	Уплотнение грунта прицепными катками на пневмоколесном ходу 25 т на первый проход по одному следу при толщине слоя: 60 см
01-02-001-07	01-02-001	Уплотнение грунта прицепными катками на пневмоколесном ходу 25 т	УПЛОТНЕНИЕ ГРУНТА	1000 м3	На каждый последующий проход по одному следу добавлять: к норме 01-02-001-01
01-02-001-08	01-02-001	Уплотнение грунта прицепными катками на пневмоколесном ходу 25 т	УПЛОТНЕНИЕ ГРУНТА	1000 м3	На каждый последующий проход по одному следу добавлять: к норме 01-02-001-02
01-02-001-09	01-02-001	Уплотнение грунта прицепными катками на пневмоколесном ходу 25 т	УПЛОТНЕНИЕ ГРУНТА	1000 м3	На каждый последующий проход по одному следу добавлять: к норме 01-02-001-03
01-02-001-10	01-02-001	Уплотнение грунта прицепными катками на пневмоколесном ходу 25 т	УПЛОТНЕНИЕ ГРУНТА	1000 м3	На каждый последующий проход по одному следу добавлять: к норме 01-02-001-04
01-02-001-11	01-02-001	Уплотнение грунта прицепными катками на пневмоколесном ходу 25 т	УПЛОТНЕНИЕ ГРУНТА	1000 м3	На каждый последующий проход по одному следу добавлять: к норме 01-02-001-05
01-02-001-12	01-02-001	Уплотнение грунта прицепными катками на пневмоколесном ходу 25 т	УПЛОТНЕНИЕ ГРУНТА	1000 м3	На каждый последующий проход по одному следу добавлять: к норме 01-02-001-06
01-02-002-01	01-02-002	Уплотнение грунта прицепными кулачковыми катками 8 т	УПЛОТНЕНИЕ ГРУНТА	1000 м3	Уплотнение грунта прицепными кулачковыми катками 8 т на первый проход по одному следу при толщине слоя: 10 см
01-02-002-02	01-02-002	Уплотнение грунта прицепными кулачковыми катками 8 т	УПЛОТНЕНИЕ ГРУНТА	1000 м3	Уплотнение грунта прицепными кулачковыми катками 8 т на первый проход по одному следу при толщине слоя: 15 см
01-02-002-03	01-02-002	Уплотнение грунта прицепными кулачковыми катками 8 т	УПЛОТНЕНИЕ ГРУНТА	1000 м3	Уплотнение грунта прицепными кулачковыми катками 8 т на первый проход по одному следу при толщине слоя: 20 см
01-02-002-04	01-02-002	Уплотнение грунта прицепными кулачковыми катками 8 т	УПЛОТНЕНИЕ ГРУНТА	1000 м3	На каждый последующий проход по одному следу добавлять: к норме 01-02-002-01
01-02-002-05	01-02-002	Уплотнение грунта прицепными кулачковыми катками 8 т	УПЛОТНЕНИЕ ГРУНТА	1000 м3	На каждый последующий проход по одному следу добавлять: к норме 01-02-002-02
01-02-002-06	01-02-002	Уплотнение грунта прицепными кулачковыми катками 8 т	УПЛОТНЕНИЕ ГРУНТА	1000 м3	На каждый последующий проход по одному следу добавлять: к норме 01-02-002-03
01-02-003-01	01-02-003	Уплотнение грунта вибрационными катками 2,2 т	УПЛОТНЕНИЕ ГРУНТА	1000 м3	Уплотнение грунта вибрационными катками 2,2 т на первый проход по одному следу при толщине слоя: 25 см
01-02-003-02	01-02-003	Уплотнение грунта вибрационными катками 2,2 т	УПЛОТНЕНИЕ ГРУНТА	1000 м3	Уплотнение грунта вибрационными катками 2,2 т на первый проход по одному следу при толщине слоя: 30 см
01-02-003-03	01-02-003	Уплотнение грунта вибрационными катками 2,2 т	УПЛОТНЕНИЕ ГРУНТА	1000 м3	Уплотнение грунта вибрационными катками 2,2 т на первый проход по одному следу при толщине слоя: 35 см
01-02-003-04	01-02-003	Уплотнение грунта вибрационными катками 2,2 т	УПЛОТНЕНИЕ ГРУНТА	1000 м3	Уплотнение грунта вибрационными катками 2,2 т на первый проход по одному следу при толщине слоя: 40 см
01-02-003-05	01-02-003	Уплотнение грунта вибрационными катками 2,2 т	УПЛОТНЕНИЕ ГРУНТА	1000 м3	Уплотнение грунта вибрационными катками 2,2 т на первый проход по одному следу при толщине слоя: 50 см
01-02-003-06	01-02-003	Уплотнение грунта вибрационными катками 2,2 т	УПЛОТНЕНИЕ ГРУНТА	1000 м3	Уплотнение грунта вибрационными катками 2,2 т на первый проход по одному следу при толщине слоя: 60 см
01-02-003-07	01-02-003	Уплотнение грунта вибрационными катками 2,2 т	УПЛОТНЕНИЕ ГРУНТА	1000 м3	На каждый последующий проход по одному следу добавлять: к норме 01-02-003-01
01-02-003-08	01-02-003	Уплотнение грунта вибрационными катками 2,2 т	УПЛОТНЕНИЕ ГРУНТА	1000 м3	На каждый последующий проход по одному следу добавлять: к норме 01-02-003-02
01-02-003-09	01-02-003	Уплотнение грунта вибрационными катками 2,2 т	УПЛОТНЕНИЕ ГРУНТА	1000 м3	На каждый последующий проход по одному следу добавлять: к норме 01-02-003-03
01-02-003-10	01-02-003	Уплотнение грунта вибрационными катками 2,2 т	УПЛОТНЕНИЕ ГРУНТА	1000 м3	На каждый последующий проход по одному следу добавлять: к норме 01-02-003-04
01-02-003-11	01-02-003	Уплотнение грунта вибрационными катками 2,2 т	УПЛОТНЕНИЕ ГРУНТА	1000 м3	На каждый последующий проход по одному следу добавлять: к норме 01-02-003-05
01-02-003-12	01-02-003	Уплотнение грунта вибрационными катками 2,2 т	УПЛОТНЕНИЕ ГРУНТА	1000 м3	На каждый последующий проход по одному следу добавлять: к норме 01-02-003-06
01-02-003-13	01-02-003	Уплотнение грунта вибрационными катками 2,2 т	УПЛОТНЕНИЕ ГРУНТА	1000 м3	Уплотнение грунта вибрационными катками 2,2 т импортного производства на первый проход по одному следу при толщине: 25 см
01-02-003-14	01-02-003	Уплотнение грунта вибрационными катками 2,2 т	УПЛОТНЕНИЕ ГРУНТА	1000 м3	Уплотнение грунта вибрационными катками 2,2 т импортного производства на первый проход по одному следу при толщине: 30 см
01-02-003-15	01-02-003	Уплотнение грунта вибрационными катками 2,2 т	УПЛОТНЕНИЕ ГРУНТА	1000 м3	Уплотнение грунта вибрационными катками 2,2 т импортного производства на первый проход по одному следу при толщине: 35 см
01-02-003-16	01-02-003	Уплотнение грунта вибрационными катками 2,2 т	УПЛОТНЕНИЕ ГРУНТА	1000 м3	Уплотнение грунта вибрационными катками 2,2 т импортного производства на первый проход по одному следу при толщине: 40 см
01-02-003-17	01-02-003	Уплотнение грунта вибрационными катками 2,2 т	УПЛОТНЕНИЕ ГРУНТА	1000 м3	Уплотнение грунта вибрационными катками 2,2 т импортного производства на первый проход по одному следу при толщине: 50 см
01-02-003-18	01-02-003	Уплотнение грунта вибрационными катками 2,2 т	УПЛОТНЕНИЕ ГРУНТА	1000 м3	Уплотнение грунта вибрационными катками 2,2 т импортного производства на первый проход по одному следу при толщине: 60 см
01-02-003-19	01-02-003	Уплотнение грунта вибрационными катками 2,2 т	УПЛОТНЕНИЕ ГРУНТА	1000 м3	На каждый последующий проход по одному следу добавлять: к норме 01-02-003-13
01-02-003-20	01-02-003	Уплотнение грунта вибрационными катками 2,2 т	УПЛОТНЕНИЕ ГРУНТА	1000 м3	На каждый последующий проход по одному следу добавлять: к норме 01-02-003-14
01-02-003-21	01-02-003	Уплотнение грунта вибрационными катками 2,2 т	УПЛОТНЕНИЕ ГРУНТА	1000 м3	На каждый последующий проход по одному следу добавлять: к норме 01-02-003-15
01-02-003-22	01-02-003	Уплотнение грунта вибрационными катками 2,2 т	УПЛОТНЕНИЕ ГРУНТА	1000 м3	На каждый последующий проход по одному следу добавлять: к норме 01-02-003-16
01-02-003-23	01-02-003	Уплотнение грунта вибрационными катками 2,2 т	УПЛОТНЕНИЕ ГРУНТА	1000 м3	На каждый последующий проход по одному следу добавлять: к норме 01-02-003-17
01-02-003-24	01-02-003	Уплотнение грунта вибрационными катками 2,2 т	УПЛОТНЕНИЕ ГРУНТА	1000 м3	На каждый последующий проход по одному следу добавлять: к норме 01-02-003-18
01-02-004-01	01-02-004	Уплотнение грунта грунтоуплотняющими машинами со свободно падающими плитами	УПЛОТНЕНИЕ ГРУНТА	1000 м3	Уплотнение грунта грунтоуплотняющими машинами со свободно падающими плитами при толщине уплотняемого слоя: 30 см
01-02-004-02	01-02-004	Уплотнение грунта грунтоуплотняющими машинами со свободно падающими плитами	УПЛОТНЕНИЕ ГРУНТА	1000 м3	Уплотнение грунта грунтоуплотняющими машинами со свободно падающими плитами при толщине уплотняемого слоя: 40 см
01-02-004-03	01-02-004	Уплотнение грунта грунтоуплотняющими машинами со свободно падающими плитами	УПЛОТНЕНИЕ ГРУНТА	1000 м3	Уплотнение грунта грунтоуплотняющими машинами со свободно падающими плитами при толщине уплотняемого слоя: 50 см
01-02-004-04	01-02-004	Уплотнение грунта грунтоуплотняющими машинами со свободно падающими плитами	УПЛОТНЕНИЕ ГРУНТА	1000 м3	Уплотнение грунта грунтоуплотняющими машинами со свободно падающими плитами при толщине уплотняемого слоя: 60 см
01-02-004-05	01-02-004	Уплотнение грунта грунтоуплотняющими машинами со свободно падающими плитами	УПЛОТНЕНИЕ ГРУНТА	1000 м3	Уплотнение грунта грунтоуплотняющими машинами со свободно падающими плитами при толщине уплотняемого слоя: 80 см
01-02-004-06	01-02-004	Уплотнение грунта грунтоуплотняющими машинами со свободно падающими плитами	УПЛОТНЕНИЕ ГРУНТА	1000 м3	Уплотнение грунта грунтоуплотняющими машинами со свободно падающими плитами при толщине уплотняемого слоя: 100 см
01-02-005-01	01-02-005	Уплотнение грунта пневматическими трамбовками	УПЛОТНЕНИЕ ГРУНТА	100 м3	Уплотнение грунта пневматическими трамбовками, группа грунтов: 1-2
01-02-005-02	01-02-005	Уплотнение грунта пневматическими трамбовками	УПЛОТНЕНИЕ ГРУНТА	100 м3	Уплотнение грунта пневматическими трамбовками, группа грунтов: 3-4
01-02-006-01	01-02-006	Полив водой уплотняемого грунта насыпей	УПЛОТНЕНИЕ ГРУНТА	1000 м3	Полив водой уплотняемого грунта насыпей
01-02-007-01	01-02-007	Уплотнение грунта оснований под полы промышленных цехов	УПЛОТНЕНИЕ ГРУНТА	100 м2	Уплотнение грунта оснований под полы промышленных цехов
01-02-007-02	01-02-007	Уплотнение грунта оснований под полы промышленных цехов	УПЛОТНЕНИЕ ГРУНТА	100 м2	Уплотнение грунта оснований под полы промышленных цехов катками дорожными самоходными импортного производства, 8 т
01-02-008-01	01-02-008	Полив водой основания под полы промышленных цехов	УПЛОТНЕНИЕ ГРУНТА	100 м2	Полив водой основания под полы промышленных цехов
01-02-009-01	01-02-009	Уплотнение грунта под основание здания трамбующими плитами	УПЛОТНЕНИЕ ГРУНТА	1000 м2	Уплотнение грунта под основание здания трамбующими плитами в котлованах с площадью дна: свыше 100 м2 при 6-9 ударах по одному следу, диаметр трамбовки 1,5 м
01-02-009-02	01-02-009	Уплотнение грунта под основание здания трамбующими плитами	УПЛОТНЕНИЕ ГРУНТА	1000 м2	Уплотнение грунта под основание здания трамбующими плитами в котлованах с площадью дна: свыше 100 м2 при 6-9 ударах по одному следу, диаметр трамбовки 2 м
01-02-009-03	01-02-009	Уплотнение грунта под основание здания трамбующими плитами	УПЛОТНЕНИЕ ГРУНТА	1000 м2	Уплотнение грунта под основание здания трамбующими плитами в котлованах с площадью дна: свыше 100 м2 при 10-14 ударах по одному следу, диаметр трамбовки 1,5 м
01-02-009-04	01-02-009	Уплотнение грунта под основание здания трамбующими плитами	УПЛОТНЕНИЕ ГРУНТА	1000 м2	Уплотнение грунта под основание здания трамбующими плитами в котлованах с площадью дна: свыше 100 м2 при 10-14 ударах по одному следу, диаметр трамбовки 2 м
01-02-009-05	01-02-009	Уплотнение грунта под основание здания трамбующими плитами	УПЛОТНЕНИЕ ГРУНТА	1000 м2	Уплотнение грунта под основание здания трамбующими плитами в котлованах с площадью дна: менее 100 м2 при 6-9 ударах по одному следу, диаметр трамбовки 1,5 м
01-02-009-06	01-02-009	Уплотнение грунта под основание здания трамбующими плитами	УПЛОТНЕНИЕ ГРУНТА	1000 м2	Уплотнение грунта под основание здания трамбующими плитами в котлованах с площадью дна: менее 100 м2 при 6-9 ударах по одному следу, диаметр трамбовки 2 м
01-02-009-07	01-02-009	Уплотнение грунта под основание здания трамбующими плитами	УПЛОТНЕНИЕ ГРУНТА	1000 м2	Уплотнение грунта под основание здания трамбующими плитами в котлованах с площадью дна: менее 100 м2 при 10-14 ударах по одному следу, диаметр трамбовки 1,5 м
01-02-009-08	01-02-009	Уплотнение грунта под основание здания трамбующими плитами	УПЛОТНЕНИЕ ГРУНТА	1000 м2	Уплотнение грунта под основание здания трамбующими плитами в котлованах с площадью дна: менее 100 м2 при 10-14 ударах по одному следу, диаметр трамбовки 2 м
01-02-010-01	01-02-010	Устройство грунтовых подушек на просадочных грунтах методом послойной укатки	УПЛОТНЕНИЕ ГРУНТА	1000 м3	Устройство грунтовых подушек на просадочных грунтах методом послойной укатки
01-02-011-01	01-02-011	Устройство непросадочного основания из грунтоцементной смеси с послойным трамбованием	УПЛОТНЕНИЕ ГРУНТА	м3	Устройство непросадочного основания из грунтоцементной смеси с послойным трамбованием
01-02-012-01	01-02-012	Уплотнение грунтов катками самоходными грунтовыми вибрационными, массой 12-14 т	УПЛОТНЕНИЕ ГРУНТА	1000 м3	Уплотнение грунтов катками самоходными грунтовыми вибрационными, массой 12-14 т на первый проход по одному следу толщиной: 20 см
01-02-012-02	01-02-012	Уплотнение грунтов катками самоходными грунтовыми вибрационными, массой 12-14 т	УПЛОТНЕНИЕ ГРУНТА	1000 м3	Уплотнение грунтов катками самоходными грунтовыми вибрационными, массой 12-14 т на первый проход по одному следу толщиной: 30 см
01-02-012-03	01-02-012	Уплотнение грунтов катками самоходными грунтовыми вибрационными, массой 12-14 т	УПЛОТНЕНИЕ ГРУНТА	1000 м3	Уплотнение грунтов катками самоходными грунтовыми вибрационными, массой 12-14 т на первый проход по одному следу толщиной: 40 см
01-02-012-04	01-02-012	Уплотнение грунтов катками самоходными грунтовыми вибрационными, массой 12-14 т	УПЛОТНЕНИЕ ГРУНТА	1000 м3	Уплотнение грунтов катками самоходными грунтовыми вибрационными, массой 12-14 т на первый проход по одному следу толщиной: 50 см
01-02-012-05	01-02-012	Уплотнение грунтов катками самоходными грунтовыми вибрационными, массой 12-14 т	УПЛОТНЕНИЕ ГРУНТА	1000 м3	Уплотнение грунтов катками самоходными грунтовыми вибрационными, массой 12-14 т на первый проход по одному следу толщиной: 60 см
01-02-012-06	01-02-012	Уплотнение грунтов катками самоходными грунтовыми вибрационными, массой 12-14 т	УПЛОТНЕНИЕ ГРУНТА	1000 м3	На каждый последующий проход по одному следу добавлять: к норме 01-02-012-01
01-02-012-07	01-02-012	Уплотнение грунтов катками самоходными грунтовыми вибрационными, массой 12-14 т	УПЛОТНЕНИЕ ГРУНТА	1000 м3	На каждый последующий проход по одному следу добавлять: к норме 01-02-012-02
01-02-012-08	01-02-012	Уплотнение грунтов катками самоходными грунтовыми вибрационными, массой 12-14 т	УПЛОТНЕНИЕ ГРУНТА	1000 м3	На каждый последующий проход по одному следу добавлять: к норме 01-02-012-03
01-02-012-09	01-02-012	Уплотнение грунтов катками самоходными грунтовыми вибрационными, массой 12-14 т	УПЛОТНЕНИЕ ГРУНТА	1000 м3	На каждый последующий проход по одному следу добавлять: к норме 01-02-012-04
01-02-012-10	01-02-012	Уплотнение грунтов катками самоходными грунтовыми вибрационными, массой 12-14 т	УПЛОТНЕНИЕ ГРУНТА	1000 м3	На каждый последующий проход по одному следу добавлять: к норме 01-02-012-05
01-02-013-01	01-02-013	Уплотнение грунтов катками самоходными грунтовыми вибрационными, массой 18-20 т	УПЛОТНЕНИЕ ГРУНТА	1000 м3	Уплотнение грунтов катками самоходными грунтовыми вибрационными, массой 18-20 т на первый проход по одному следу толщиной: 20 см
01-02-013-02	01-02-013	Уплотнение грунтов катками самоходными грунтовыми вибрационными, массой 18-20 т	УПЛОТНЕНИЕ ГРУНТА	1000 м3	Уплотнение грунтов катками самоходными грунтовыми вибрационными, массой 18-20 т на первый проход по одному следу толщиной: 30 см
01-02-013-03	01-02-013	Уплотнение грунтов катками самоходными грунтовыми вибрационными, массой 18-20 т	УПЛОТНЕНИЕ ГРУНТА	1000 м3	Уплотнение грунтов катками самоходными грунтовыми вибрационными, массой 18-20 т на первый проход по одному следу толщиной: 40 см
01-02-013-04	01-02-013	Уплотнение грунтов катками самоходными грунтовыми вибрационными, массой 18-20 т	УПЛОТНЕНИЕ ГРУНТА	1000 м3	Уплотнение грунтов катками самоходными грунтовыми вибрационными, массой 18-20 т на первый проход по одному следу толщиной: 50 см
01-02-013-05	01-02-013	Уплотнение грунтов катками самоходными грунтовыми вибрационными, массой 18-20 т	УПЛОТНЕНИЕ ГРУНТА	1000 м3	Уплотнение грунтов катками самоходными грунтовыми вибрационными, массой 18-20 т на первый проход по одному следу толщиной: 60 см
01-02-013-06	01-02-013	Уплотнение грунтов катками самоходными грунтовыми вибрационными, массой 18-20 т	УПЛОТНЕНИЕ ГРУНТА	1000 м3	На каждый последующий проход по одному следу добавлять: к норме 01-02-013-01
01-02-013-07	01-02-013	Уплотнение грунтов катками самоходными грунтовыми вибрационными, массой 18-20 т	УПЛОТНЕНИЕ ГРУНТА	1000 м3	На каждый последующий проход по одному следу добавлять: к норме 01-02-013-02
01-02-013-08	01-02-013	Уплотнение грунтов катками самоходными грунтовыми вибрационными, массой 18-20 т	УПЛОТНЕНИЕ ГРУНТА	1000 м3	На каждый последующий проход по одному следу добавлять: к норме 01-02-013-03
01-02-013-09	01-02-013	Уплотнение грунтов катками самоходными грунтовыми вибрационными, массой 18-20 т	УПЛОТНЕНИЕ ГРУНТА	1000 м3	На каждый последующий проход по одному следу добавлять: к норме 01-02-013-04
01-02-013-10	01-02-013	Уплотнение грунтов катками самоходными грунтовыми вибрационными, массой 18-20 т	УПЛОТНЕНИЕ ГРУНТА	1000 м3	На каждый последующий проход по одному следу добавлять: к норме 01-02-013-05
01-02-014-01	01-02-014	Уплотнение грунта вибротрамбовками и виброплитами	УПЛОТНЕНИЕ ГРУНТА	100 м3	Уплотнение грунта вибротрамбовками, группа грунтов: 1-2
01-02-014-02	01-02-014	Уплотнение грунта вибротрамбовками и виброплитами	УПЛОТНЕНИЕ ГРУНТА	100 м3	Уплотнение грунта вибротрамбовками, группа грунтов: 3-4
01-02-014-03	01-02-014	Уплотнение грунта вибротрамбовками и виброплитами	УПЛОТНЕНИЕ ГРУНТА	100 м3	Уплотнение грунта виброплитами, группа грунтов: 1-2
01-02-014-04	01-02-014	Уплотнение грунта вибротрамбовками и виброплитами	УПЛОТНЕНИЕ ГРУНТА	100 м3	Уплотнение грунта виброплитами, группа грунтов: 3-4
01-02-027-01	01-02-027	Планировка площадей, откосов, полотна выемок и насыпей	СОПУТСТВУЮЩИЕ РАБОТЫ	1000 м2	Планировка площадей: механизированным способом, группа грунтов 1
01-02-027-02	01-02-027	Планировка площадей, откосов, полотна выемок и насыпей	СОПУТСТВУЮЩИЕ РАБОТЫ	1000 м2	Планировка площадей: механизированным способом, группа грунтов 2
01-02-027-03	01-02-027	Планировка площадей, откосов, полотна выемок и насыпей	СОПУТСТВУЮЩИЕ РАБОТЫ	1000 м2	Планировка площадей: механизированным способом, группа грунтов 3
01-02-027-04	01-02-027	Планировка площадей, откосов, полотна выемок и насыпей	СОПУТСТВУЮЩИЕ РАБОТЫ	1000 м2	Планировка площадей: ручным способом, группа грунтов 1
01-02-027-05	01-02-027	Планировка площадей, откосов, полотна выемок и насыпей	СОПУТСТВУЮЩИЕ РАБОТЫ	1000 м2	Планировка площадей: ручным способом, группа грунтов 2
01-02-027-06	01-02-027	Планировка площадей, откосов, полотна выемок и насыпей	СОПУТСТВУЮЩИЕ РАБОТЫ	1000 м2	Планировка площадей: ручным способом, группа грунтов 3
01-02-027-07	01-02-027	Планировка площадей, откосов, полотна выемок и насыпей	СОПУТСТВУЮЩИЕ РАБОТЫ	1000 м2	Планировка площадей: ручным способом, группа грунтов 4
01-02-027-08	01-02-027	Планировка площадей, откосов, полотна выемок и насыпей	СОПУТСТВУЮЩИЕ РАБОТЫ	1000 м2	Планировка откосов и полотна: выемок механизированным способом, группа грунтов 1
01-02-027-09	01-02-027	Планировка площадей, откосов, полотна выемок и насыпей	СОПУТСТВУЮЩИЕ РАБОТЫ	1000 м2	Планировка откосов и полотна: выемок механизированным способом, группа грунтов 2
01-02-027-10	01-02-027	Планировка площадей, откосов, полотна выемок и насыпей	СОПУТСТВУЮЩИЕ РАБОТЫ	1000 м2	Планировка откосов и полотна: выемок механизированным способом, группа грунтов 3
01-02-027-11	01-02-027	Планировка площадей, откосов, полотна выемок и насыпей	СОПУТСТВУЮЩИЕ РАБОТЫ	1000 м2	Планировка откосов и полотна: насыпей механизированным способом, группа грунтов 1
01-02-027-12	01-02-027	Планировка площадей, откосов, полотна выемок и насыпей	СОПУТСТВУЮЩИЕ РАБОТЫ	1000 м2	Планировка откосов и полотна: насыпей механизированным способом, группа грунтов 2
01-02-027-13	01-02-027	Планировка площадей, откосов, полотна выемок и насыпей	СОПУТСТВУЮЩИЕ РАБОТЫ	1000 м2	Планировка откосов и полотна: насыпей механизированным способом, группа грунтов 3
01-02-027-14	01-02-027	Планировка площадей, откосов, полотна выемок и насыпей	СОПУТСТВУЮЩИЕ РАБОТЫ	1000 м2	Планировка откосов: выемок экскаватором-планировщиком, группа грунтов 1
01-02-027-15	01-02-027	Планировка площадей, откосов, полотна выемок и насыпей	СОПУТСТВУЮЩИЕ РАБОТЫ	1000 м2	Планировка откосов: выемок экскаватором-планировщиком, группа грунтов 2
01-02-027-16	01-02-027	Планировка площадей, откосов, полотна выемок и насыпей	СОПУТСТВУЮЩИЕ РАБОТЫ	1000 м2	Планировка откосов: выемок экскаватором-планировщиком, группа грунтов 3
01-02-027-17	01-02-027	Планировка площадей, откосов, полотна выемок и насыпей	СОПУТСТВУЮЩИЕ РАБОТЫ	1000 м2	Планировка откосов: насыпей экскаватором-планировщиком, группа грунтов 1
01-02-027-18	01-02-027	Планировка площадей, откосов, полотна выемок и насыпей	СОПУТСТВУЮЩИЕ РАБОТЫ	1000 м2	Планировка откосов: насыпей экскаватором-планировщиком, группа грунтов 2
01-02-027-19	01-02-027	Планировка площадей, откосов, полотна выемок и насыпей	СОПУТСТВУЮЩИЕ РАБОТЫ	1000 м2	Планировка откосов: насыпей экскаватором-планировщиком, группа грунтов 3
01-02-027-20	01-02-027	Планировка площадей, откосов, полотна выемок и насыпей	СОПУТСТВУЮЩИЕ РАБОТЫ	1000 м2	Планировка площадей: средствами малой механизации, группа грунтов 1-3
01-02-055-01	01-02-055	Разработка грунта вручную с креплениями в траншеях шириной до 2 м	РАЗРАБОТКА ГРУНТА ВРУЧНУЮ	100 м3	Разработка грунта вручную с креплениями в траншеях шириной до 2 м, глубиной: до 2 м, группа грунтов 1
01-02-055-02	01-02-055	Разработка грунта вручную с креплениями в траншеях шириной до 2 м	РАЗРАБОТКА ГРУНТА ВРУЧНУЮ	100 м3	Разработка грунта вручную с креплениями в траншеях шириной до 2 м, глубиной: до 2 м, группа грунтов 2
01-02-055-03	01-02-055	Разработка грунта вручную с креплениями в траншеях шириной до 2 м	РАЗРАБОТКА ГРУНТА ВРУЧНУЮ	100 м3	Разработка грунта вручную с креплениями в траншеях шириной до 2 м, глубиной: до 2 м, группа грунтов 3
01-02-055-04	01-02-055	Разработка грунта вручную с креплениями в траншеях шириной до 2 м	РАЗРАБОТКА ГРУНТА ВРУЧНУЮ	100 м3	Разработка грунта вручную с креплениями в траншеях шириной до 2 м, глубиной: до 2 м, группа грунтов 4
01-02-055-05	01-02-055	Разработка грунта вручную с креплениями в траншеях шириной до 2 м	РАЗРАБОТКА ГРУНТА ВРУЧНУЮ	100 м3	Разработка грунта вручную с креплениями в траншеях шириной до 2 м, глубиной: до 2 м, группа грунтов 4р
01-02-055-06	01-02-055	Разработка грунта вручную с креплениями в траншеях шириной до 2 м	РАЗРАБОТКА ГРУНТА ВРУЧНУЮ	100 м3	Разработка грунта вручную с креплениями в траншеях шириной до 2 м, глубиной: до 2 м, группа грунтов 5р
01-02-055-07	01-02-055	Разработка грунта вручную с креплениями в траншеях шириной до 2 м	РАЗРАБОТКА ГРУНТА ВРУЧНУЮ	100 м3	Разработка грунта вручную с креплениями в траншеях шириной до 2 м, глубиной: до 3 м, группа грунтов 1
01-02-055-08	01-02-055	Разработка грунта вручную с креплениями в траншеях шириной до 2 м	РАЗРАБОТКА ГРУНТА ВРУЧНУЮ	100 м3	Разработка грунта вручную с креплениями в траншеях шириной до 2 м, глубиной: до 3 м, группа грунтов 2
01-02-055-09	01-02-055	Разработка грунта вручную с креплениями в траншеях шириной до 2 м	РАЗРАБОТКА ГРУНТА ВРУЧНУЮ	100 м3	Разработка грунта вручную с креплениями в траншеях шириной до 2 м, глубиной: до 3 м, группа грунтов 3
01-02-055-10	01-02-055	Разработка грунта вручную с креплениями в траншеях шириной до 2 м	РАЗРАБОТКА ГРУНТА ВРУЧНУЮ	100 м3	Разработка грунта вручную с креплениями в траншеях шириной до 2 м, глубиной: до 3 м, группа грунтов 4
01-02-055-11	01-02-055	Разработка грунта вручную с креплениями в траншеях шириной до 2 м	РАЗРАБОТКА ГРУНТА ВРУЧНУЮ	100 м3	Разработка грунта вручную с креплениями в траншеях шириной до 2 м, глубиной: до 3 м, группа грунтов 4р
01-02-055-12	01-02-055	Разработка грунта вручную с креплениями в траншеях шириной до 2 м	РАЗРАБОТКА ГРУНТА ВРУЧНУЮ	100 м3	Разработка грунта вручную с креплениями в траншеях шириной до 2 м, глубиной: до 3 м, группа грунтов 5р
01-02-056-01	01-02-056	Разработка грунта вручную в траншеях шириной более 2 м и котлованах площадью сечения до 5 м2 с крепл	РАЗРАБОТКА ГРУНТА ВРУЧНУЮ	100 м3	Разработка грунта вручную в траншеях шириной более 2 м и котлованах площадью сечения до 5 м2 с креплениями, глубина траншей и котлованов: до 2 м, группа грунтов 1
01-02-056-02	01-02-056	Разработка грунта вручную в траншеях шириной более 2 м и котлованах площадью сечения до 5 м2 с крепл	РАЗРАБОТКА ГРУНТА ВРУЧНУЮ	100 м3	Разработка грунта вручную в траншеях шириной более 2 м и котлованах площадью сечения до 5 м2 с креплениями, глубина траншей и котлованов: до 2 м, группа грунтов 2
01-02-056-03	01-02-056	Разработка грунта вручную в траншеях шириной более 2 м и котлованах площадью сечения до 5 м2 с крепл	РАЗРАБОТКА ГРУНТА ВРУЧНУЮ	100 м3	Разработка грунта вручную в траншеях шириной более 2 м и котлованах площадью сечения до 5 м2 с креплениями, глубина траншей и котлованов: до 2 м, группа грунтов 3
01-02-056-04	01-02-056	Разработка грунта вручную в траншеях шириной более 2 м и котлованах площадью сечения до 5 м2 с крепл	РАЗРАБОТКА ГРУНТА ВРУЧНУЮ	100 м3	Разработка грунта вручную в траншеях шириной более 2 м и котлованах площадью сечения до 5 м2 с креплениями, глубина траншей и котлованов: до 2 м, группа грунтов 4
01-02-056-05	01-02-056	Разработка грунта вручную в траншеях шириной более 2 м и котлованах площадью сечения до 5 м2 с крепл	РАЗРАБОТКА ГРУНТА ВРУЧНУЮ	100 м3	Разработка грунта вручную в траншеях шириной более 2 м и котлованах площадью сечения до 5 м2 с креплениями, глубина траншей и котлованов: до 2 м, группа грунтов 4р
01-02-056-06	01-02-056	Разработка грунта вручную в траншеях шириной более 2 м и котлованах площадью сечения до 5 м2 с крепл	РАЗРАБОТКА ГРУНТА ВРУЧНУЮ	100 м3	Разработка грунта вручную в траншеях шириной более 2 м и котлованах площадью сечения до 5 м2 с креплениями, глубина траншей и котлованов: до 2 м, группа грунтов 5р
01-02-056-07	01-02-056	Разработка грунта вручную в траншеях шириной более 2 м и котлованах площадью сечения до 5 м2 с крепл	РАЗРАБОТКА ГРУНТА ВРУЧНУЮ	100 м3	Разработка грунта вручную в траншеях шириной более 2 м и котлованах площадью сечения до 5 м2 с креплениями, глубина траншей и котлованов: до 3 м, группа грунтов 1
01-02-056-08	01-02-056	Разработка грунта вручную в траншеях шириной более 2 м и котлованах площадью сечения до 5 м2 с крепл	РАЗРАБОТКА ГРУНТА ВРУЧНУЮ	100 м3	Разработка грунта вручную в траншеях шириной более 2 м и котлованах площадью сечения до 5 м2 с креплениями, глубина траншей и котлованов: до 3 м, группа грунтов 2
01-02-056-09	01-02-056	Разработка грунта вручную в траншеях шириной более 2 м и котлованах площадью сечения до 5 м2 с крепл	РАЗРАБОТКА ГРУНТА ВРУЧНУЮ	100 м3	Разработка грунта вручную в траншеях шириной более 2 м и котлованах площадью сечения до 5 м2 с креплениями, глубина траншей и котлованов: до 3 м, группа грунтов 3
01-02-056-10	01-02-056	Разработка грунта вручную в траншеях шириной более 2 м и котлованах площадью сечения до 5 м2 с крепл	РАЗРАБОТКА ГРУНТА ВРУЧНУЮ	100 м3	Разработка грунта вручную в траншеях шириной более 2 м и котлованах площадью сечения до 5 м2 с креплениями, глубина траншей и котлованов: до 3 м, группа грунтов 4
01-02-056-11	01-02-056	Разработка грунта вручную в траншеях шириной более 2 м и котлованах площадью сечения до 5 м2 с крепл	РАЗРАБОТКА ГРУНТА ВРУЧНУЮ	100 м3	Разработка грунта вручную в траншеях шириной более 2 м и котлованах площадью сечения до 5 м2 с креплениями, глубина траншей и котлованов: до 3 м, группа грунтов 4р
01-02-056-12	01-02-056	Разработка грунта вручную в траншеях шириной более 2 м и котлованах площадью сечения до 5 м2 с крепл	РАЗРАБОТКА ГРУНТА ВРУЧНУЮ	100 м3	Разработка грунта вручную в траншеях шириной более 2 м и котлованах площадью сечения до 5 м2 с креплениями, глубина траншей и котлованов: до 3 м, группа грунтов 5р
01-02-057-01	01-02-057	Разработка грунта вручную в траншеях глубиной до 2 м без креплений с откосами	РАЗРАБОТКА ГРУНТА ВРУЧНУЮ	100 м3	Разработка грунта вручную в траншеях глубиной до 2 м без креплений с откосами, группа грунтов: 1
01-02-057-02	01-02-057	Разработка грунта вручную в траншеях глубиной до 2 м без креплений с откосами	РАЗРАБОТКА ГРУНТА ВРУЧНУЮ	100 м3	Разработка грунта вручную в траншеях глубиной до 2 м без креплений с откосами, группа грунтов: 2
01-02-057-03	01-02-057	Разработка грунта вручную в траншеях глубиной до 2 м без креплений с откосами	РАЗРАБОТКА ГРУНТА ВРУЧНУЮ	100 м3	Разработка грунта вручную в траншеях глубиной до 2 м без креплений с откосами, группа грунтов: 3
01-02-057-04	01-02-057	Разработка грунта вручную в траншеях глубиной до 2 м без креплений с откосами	РАЗРАБОТКА ГРУНТА ВРУЧНУЮ	100 м3	Разработка грунта вручную в траншеях глубиной до 2 м без креплений с откосами, группа грунтов: 4
01-02-058-01	01-02-058	Копание ям вручную без креплений для стоек и столбов	РАЗРАБОТКА ГРУНТА ВРУЧНУЮ	100 м3	Копание ям вручную без креплений для стоек и столбов: без откосов глубиной до 0,7 м, группа грунтов 1
01-02-058-02	01-02-058	Копание ям вручную без креплений для стоек и столбов	РАЗРАБОТКА ГРУНТА ВРУЧНУЮ	100 м3	Копание ям вручную без креплений для стоек и столбов: без откосов глубиной до 0,7 м, группа грунтов 2
01-02-058-03	01-02-058	Копание ям вручную без креплений для стоек и столбов	РАЗРАБОТКА ГРУНТА ВРУЧНУЮ	100 м3	Копание ям вручную без креплений для стоек и столбов: без откосов глубиной до 0,7 м, группа грунтов 3
01-02-058-04	01-02-058	Копание ям вручную без креплений для стоек и столбов	РАЗРАБОТКА ГРУНТА ВРУЧНУЮ	100 м3	Копание ям вручную без креплений для стоек и столбов: без откосов глубиной до 0,7 м, группа грунтов 4
01-02-058-05	01-02-058	Копание ям вручную без креплений для стоек и столбов	РАЗРАБОТКА ГРУНТА ВРУЧНУЮ	100 м3	Копание ям вручную без креплений для стоек и столбов: с откосами глубиной до 1,5 м, группа грунтов 1
01-02-058-06	01-02-058	Копание ям вручную без креплений для стоек и столбов	РАЗРАБОТКА ГРУНТА ВРУЧНУЮ	100 м3	Копание ям вручную без креплений для стоек и столбов: с откосами глубиной до 1,5 м, группа грунтов 2
01-02-058-07	01-02-058	Копание ям вручную без креплений для стоек и столбов	РАЗРАБОТКА ГРУНТА ВРУЧНУЮ	100 м3	Копание ям вручную без креплений для стоек и столбов: с откосами глубиной до 1,5 м, группа грунтов 3
01-02-058-08	01-02-058	Копание ям вручную без креплений для стоек и столбов	РАЗРАБОТКА ГРУНТА ВРУЧНУЮ	100 м3	Копание ям вручную без креплений для стоек и столбов: с откосами глубиной до 1,5 м, группа грунтов 4
01-02-059-01	01-02-059	Рытье ям вручную глубиной 1,5 м под электрод заземления с обратной засыпкой	РАЗРАБОТКА ГРУНТА ВРУЧНУЮ	шт	Рытье ям вручную глубиной 1,5 м под электрод заземления с обратной засыпкой, группа грунтов: 1
01-02-059-02	01-02-059	Рытье ям вручную глубиной 1,5 м под электрод заземления с обратной засыпкой	РАЗРАБОТКА ГРУНТА ВРУЧНУЮ	шт	Рытье ям вручную глубиной 1,5 м под электрод заземления с обратной засыпкой, группа грунтов: 2
01-02-059-03	01-02-059	Рытье ям вручную глубиной 1,5 м под электрод заземления с обратной засыпкой	РАЗРАБОТКА ГРУНТА ВРУЧНУЮ	шт	Рытье ям вручную глубиной 1,5 м под электрод заземления с обратной засыпкой, группа грунтов: 3
01-02-059-04	01-02-059	Рытье ям вручную глубиной 1,5 м под электрод заземления с обратной засыпкой	РАЗРАБОТКА ГРУНТА ВРУЧНУЮ	шт	Рытье ям вручную глубиной 1,5 м под электрод заземления с обратной засыпкой, группа грунтов: 4
01-02-059-05	01-02-059	Рытье ям вручную глубиной 1,5 м под электрод заземления с обратной засыпкой	РАЗРАБОТКА ГРУНТА ВРУЧНУЮ	шт	При изменении глубины заложения на каждые 0,5 м добавлять или исключать: к норме 01-02-059-01
01-02-059-06	01-02-059	Рытье ям вручную глубиной 1,5 м под электрод заземления с обратной засыпкой	РАЗРАБОТКА ГРУНТА ВРУЧНУЮ	шт	При изменении глубины заложения на каждые 0,5 м добавлять или исключать: к норме 01-02-059-02
01-02-059-07	01-02-059	Рытье ям вручную глубиной 1,5 м под электрод заземления с обратной засыпкой	РАЗРАБОТКА ГРУНТА ВРУЧНУЮ	шт	При изменении глубины заложения на каждые 0,5 м добавлять или исключать: к норме 01-02-059-03
01-02-059-08	01-02-059	Рытье ям вручную глубиной 1,5 м под электрод заземления с обратной засыпкой	РАЗРАБОТКА ГРУНТА ВРУЧНУЮ	шт	При изменении глубины заложения на каждые 0,5 м добавлять или исключать: к норме 01-02-059-04
01-02-060-01	01-02-060	Погрузка вручную неуплотненного грунта в транспортные средства из штабелей и отвалов	РАЗРАБОТКА ГРУНТА ВРУЧНУЮ	100 м3	Погрузка вручную неуплотненного грунта из штабелей и отвалов в транспортные средства, группа грунтов: 1
01-02-060-02	01-02-060	Погрузка вручную неуплотненного грунта в транспортные средства из штабелей и отвалов	РАЗРАБОТКА ГРУНТА ВРУЧНУЮ	100 м3	Погрузка вручную неуплотненного грунта из штабелей и отвалов в транспортные средства, группа грунтов: 2
01-02-060-03	01-02-060	Погрузка вручную неуплотненного грунта в транспортные средства из штабелей и отвалов	РАЗРАБОТКА ГРУНТА ВРУЧНУЮ	100 м3	Погрузка вручную неуплотненного грунта из штабелей и отвалов в транспортные средства, группа грунтов: 3
01-02-060-04	01-02-060	Погрузка вручную неуплотненного грунта в транспортные средства из штабелей и отвалов	РАЗРАБОТКА ГРУНТА ВРУЧНУЮ	100 м3	Погрузка вручную неуплотненного грунта из штабелей и отвалов в транспортные средства, группа грунтов: 4
01-02-060-05	01-02-060	Погрузка вручную неуплотненного грунта в транспортные средства из штабелей и отвалов	РАЗРАБОТКА ГРУНТА ВРУЧНУЮ	100 м3	Погрузка вручную неуплотненного грунта из штабелей и отвалов в транспортные средства, группа грунтов: 4р и 5р
01-02-060-06	01-02-060	Погрузка вручную неуплотненного грунта в транспортные средства из штабелей и отвалов	РАЗРАБОТКА ГРУНТА ВРУЧНУЮ	100 м3	Погрузка вручную неуплотненного грунта из штабелей и отвалов в транспортные средства, группа грунтов: 5 и более
01-02-061-01	01-02-061	Засыпка вручную траншей, пазух котлованов и ям	РАЗРАБОТКА ГРУНТА ВРУЧНУЮ	100 м3	Засыпка вручную траншей, пазух котлованов и ям, группа грунтов: 1
01-02-061-02	01-02-061	Засыпка вручную траншей, пазух котлованов и ям	РАЗРАБОТКА ГРУНТА ВРУЧНУЮ	100 м3	Засыпка вручную траншей, пазух котлованов и ям, группа грунтов: 2
01-02-061-03	01-02-061	Засыпка вручную траншей, пазух котлованов и ям	РАЗРАБОТКА ГРУНТА ВРУЧНУЮ	100 м3	Засыпка вручную траншей, пазух котлованов и ям, группа грунтов: 3
01-02-061-04	01-02-061	Засыпка вручную траншей, пазух котлованов и ям	РАЗРАБОТКА ГРУНТА ВРУЧНУЮ	100 м3	Засыпка вручную траншей, пазух котлованов и ям, группа грунтов: 4
01-02-062-01	01-02-062	Разработка грунта вручную в траншеях на действующей железной дороге	РАЗРАБОТКА ГРУНТА ВРУЧНУЮ	100 м3	Разработка грунта вручную в траншеях на действующей железной дороге: под путями, группа грунтов 1
01-02-062-02	01-02-062	Разработка грунта вручную в траншеях на действующей железной дороге	РАЗРАБОТКА ГРУНТА ВРУЧНУЮ	100 м3	Разработка грунта вручную в траншеях на действующей железной дороге: под путями, группа грунтов 2
01-02-062-03	01-02-062	Разработка грунта вручную в траншеях на действующей железной дороге	РАЗРАБОТКА ГРУНТА ВРУЧНУЮ	100 м3	Разработка грунта вручную в траншеях на действующей железной дороге: под путями, группа грунтов 3
01-02-062-04	01-02-062	Разработка грунта вручную в траншеях на действующей железной дороге	РАЗРАБОТКА ГРУНТА ВРУЧНУЮ	100 м3	Разработка грунта вручную в траншеях на действующей железной дороге: под путями, группа грунтов 4
01-02-062-05	01-02-062	Разработка грунта вручную в траншеях на действующей железной дороге	РАЗРАБОТКА ГРУНТА ВРУЧНУЮ	100 м3	Разработка грунта вручную в траншеях на действующей железной дороге: в междупутье, группа грунтов 1
01-02-062-06	01-02-062	Разработка грунта вручную в траншеях на действующей железной дороге	РАЗРАБОТКА ГРУНТА ВРУЧНУЮ	100 м3	Разработка грунта вручную в траншеях на действующей железной дороге: в междупутье, группа грунтов 2
01-02-062-07	01-02-062	Разработка грунта вручную в траншеях на действующей железной дороге	РАЗРАБОТКА ГРУНТА ВРУЧНУЮ	100 м3	Разработка грунта вручную в траншеях на действующей железной дороге: в междупутье, группа грунтов 3
01-02-062-08	01-02-062	Разработка грунта вручную в траншеях на действующей железной дороге	РАЗРАБОТКА ГРУНТА ВРУЧНУЮ	100 м3	Разработка грунта вручную в траншеях на действующей железной дороге: в междупутье, группа грунтов 4
01-02-062-09	01-02-062	Разработка грунта вручную в траншеях на действующей железной дороге	РАЗРАБОТКА ГРУНТА ВРУЧНУЮ	100 м3	Разработка грунта вручную в траншеях на действующей железной дороге: при прокладке кабеля под путями и в междупутье, группа грунтов 1
01-02-062-10	01-02-062	Разработка грунта вручную в траншеях на действующей железной дороге	РАЗРАБОТКА ГРУНТА ВРУЧНУЮ	100 м3	Разработка грунта вручную в траншеях на действующей железной дороге: при прокладке кабеля под путями и в междупутье, группа грунтов 2
01-02-062-11	01-02-062	Разработка грунта вручную в траншеях на действующей железной дороге	РАЗРАБОТКА ГРУНТА ВРУЧНУЮ	100 м3	Разработка грунта вручную в траншеях на действующей железной дороге: при прокладке кабеля под путями и в междупутье, группа грунтов 3
01-02-062-12	01-02-062	Разработка грунта вручную в траншеях на действующей железной дороге	РАЗРАБОТКА ГРУНТА ВРУЧНУЮ	100 м3	Разработка грунта вручную в траншеях на действующей железной дороге: при прокладке кабеля под путями и в междупутье, группа грунтов 4
01-02-063-01	01-02-063	Разработка грунта в траншеях и котлованах глубиной более 3 м вручную с подъемом краном при наличии к	РАЗРАБОТКА ГРУНТА ВРУЧНУЮ	100 м3	Разработка грунта в траншеях и котлованах глубиной более 3 м вручную с подъемом краном при наличии креплений, группа грунтов: 1
01-02-063-02	01-02-063	Разработка грунта в траншеях и котлованах глубиной более 3 м вручную с подъемом краном при наличии к	РАЗРАБОТКА ГРУНТА ВРУЧНУЮ	100 м3	Разработка грунта в траншеях и котлованах глубиной более 3 м вручную с подъемом краном при наличии креплений, группа грунтов: 2
01-02-063-03	01-02-063	Разработка грунта в траншеях и котлованах глубиной более 3 м вручную с подъемом краном при наличии к	РАЗРАБОТКА ГРУНТА ВРУЧНУЮ	100 м3	Разработка грунта в траншеях и котлованах глубиной более 3 м вручную с подъемом краном при наличии креплений, группа грунтов: 3
01-02-063-04	01-02-063	Разработка грунта в траншеях и котлованах глубиной более 3 м вручную с подъемом краном при наличии к	РАЗРАБОТКА ГРУНТА ВРУЧНУЮ	100 м3	Разработка грунта в траншеях и котлованах глубиной более 3 м вручную с подъемом краном при наличии креплений, группа грунтов: 4
01-02-063-05	01-02-063	Разработка грунта в траншеях и котлованах глубиной более 3 м вручную с подъемом краном при наличии к	РАЗРАБОТКА ГРУНТА ВРУЧНУЮ	100 м3	Разработка грунта в траншеях и котлованах глубиной более 3 м вручную с подъемом краном при наличии креплений, группа грунтов: 4р
01-02-063-06	01-02-063	Разработка грунта в траншеях и котлованах глубиной более 3 м вручную с подъемом краном при наличии к	РАЗРАБОТКА ГРУНТА ВРУЧНУЮ	100 м3	Разработка грунта в траншеях и котлованах глубиной более 3 м вручную с подъемом краном при наличии креплений, группа грунтов: 5р
01-02-066-01	01-02-066	Крепление инвентарными щитами стенок траншей шириной до 2 м	РАЗРАБОТКА ГРУНТА ВРУЧНУЮ	100 м2	Крепление инвентарными щитами стенок траншей шириной до 2 м в грунтах: неустойчивых и мокрых
01-02-066-02	01-02-066	Крепление инвентарными щитами стенок траншей шириной до 2 м	РАЗРАБОТКА ГРУНТА ВРУЧНУЮ	100 м2	Крепление инвентарными щитами стенок траншей шириной до 2 м в грунтах: устойчивых
01-02-067-01	01-02-067	Крепление досками стенок котлованов и траншей шириной более 2 м	РАЗРАБОТКА ГРУНТА ВРУЧНУЮ	100 м2	Крепление досками стенок котлованов и траншей шириной: от 2 до 3 м, глубиной до 3 м в грунтах неустойчивых
01-02-067-02	01-02-067	Крепление досками стенок котлованов и траншей шириной более 2 м	РАЗРАБОТКА ГРУНТА ВРУЧНУЮ	100 м2	Крепление досками стенок котлованов и траншей шириной: от 2 до 3 м, глубиной до 3 м в грунтах устойчивых
01-02-067-03	01-02-067	Крепление досками стенок котлованов и траншей шириной более 2 м	РАЗРАБОТКА ГРУНТА ВРУЧНУЮ	100 м2	Крепление досками стенок котлованов и траншей шириной: от 2 до 3 м, глубиной до 3 м в грунтах мокрых
01-02-067-04	01-02-067	Крепление досками стенок котлованов и траншей шириной более 2 м	РАЗРАБОТКА ГРУНТА ВРУЧНУЮ	100 м2	Крепление досками стенок котлованов и траншей шириной: более 3 м, глубиной до 3 м в грунтах неустойчивых
01-02-067-05	01-02-067	Крепление досками стенок котлованов и траншей шириной более 2 м	РАЗРАБОТКА ГРУНТА ВРУЧНУЮ	100 м2	Крепление досками стенок котлованов и траншей шириной: более 3 м, глубиной до 3 м в грунтах устойчивых
01-02-067-06	01-02-067	Крепление досками стенок котлованов и траншей шириной более 2 м	РАЗРАБОТКА ГРУНТА ВРУЧНУЮ	100 м2	Крепление досками стенок котлованов и траншей шириной: более 3 м, глубиной до 3 м в грунтах мокрых
05-01-001-01	05-01-001	Погружение дизель-молотом копровой установки на базе трактора железобетонных свай	СВАЙНЫЕ РАБОТЫ, ВЫПОЛНЯЕМЫЕ С ЗЕМЛИ	м3	Погружение дизель-молотом копровой установки на базе трактора железобетонных свай длиной: до 6 м в грунты группы 1
05-01-001-02	05-01-001	Погружение дизель-молотом копровой установки на базе трактора железобетонных свай	СВАЙНЫЕ РАБОТЫ, ВЫПОЛНЯЕМЫЕ С ЗЕМЛИ	м3	Погружение дизель-молотом копровой установки на базе трактора железобетонных свай длиной: до 6 м в грунты группы 2
05-01-001-03	05-01-001	Погружение дизель-молотом копровой установки на базе трактора железобетонных свай	СВАЙНЫЕ РАБОТЫ, ВЫПОЛНЯЕМЫЕ С ЗЕМЛИ	м3	Погружение дизель-молотом копровой установки на базе трактора железобетонных свай длиной: до 8 м в грунты группы 1
05-01-001-04	05-01-001	Погружение дизель-молотом копровой установки на базе трактора железобетонных свай	СВАЙНЫЕ РАБОТЫ, ВЫПОЛНЯЕМЫЕ С ЗЕМЛИ	м3	Погружение дизель-молотом копровой установки на базе трактора железобетонных свай длиной: до 8 м в грунты группы 2
05-01-002-01	05-01-002	Погружение дизель-молотом копровой установки на базе экскаватора железобетонных свай	СВАЙНЫЕ РАБОТЫ, ВЫПОЛНЯЕМЫЕ С ЗЕМЛИ	м3	Погружение дизель-молотом копровой установки на базе экскаватора железобетонных свай длиной: до 6 м в грунты группы 1
05-01-002-02	05-01-002	Погружение дизель-молотом копровой установки на базе экскаватора железобетонных свай	СВАЙНЫЕ РАБОТЫ, ВЫПОЛНЯЕМЫЕ С ЗЕМЛИ	м3	Погружение дизель-молотом копровой установки на базе экскаватора железобетонных свай длиной: до 6 м в грунты группы 2
05-01-002-03	05-01-002	Погружение дизель-молотом копровой установки на базе экскаватора железобетонных свай	СВАЙНЫЕ РАБОТЫ, ВЫПОЛНЯЕМЫЕ С ЗЕМЛИ	м3	Погружение дизель-молотом копровой установки на базе экскаватора железобетонных свай длиной: до 8 м в грунты группы 1
05-01-002-04	05-01-002	Погружение дизель-молотом копровой установки на базе экскаватора железобетонных свай	СВАЙНЫЕ РАБОТЫ, ВЫПОЛНЯЕМЫЕ С ЗЕМЛИ	м3	Погружение дизель-молотом копровой установки на базе экскаватора железобетонных свай длиной: до 8 м в грунты группы 2
05-01-002-05	05-01-002	Погружение дизель-молотом копровой установки на базе экскаватора железобетонных свай	СВАЙНЫЕ РАБОТЫ, ВЫПОЛНЯЕМЫЕ С ЗЕМЛИ	м3	Погружение дизель-молотом копровой установки на базе экскаватора железобетонных свай длиной: до 12 м в грунты группы 1
05-01-002-06	05-01-002	Погружение дизель-молотом копровой установки на базе экскаватора железобетонных свай	СВАЙНЫЕ РАБОТЫ, ВЫПОЛНЯЕМЫЕ С ЗЕМЛИ	м3	Погружение дизель-молотом копровой установки на базе экскаватора железобетонных свай длиной: до 12 м в грунты группы 2
05-01-002-07	05-01-002	Погружение дизель-молотом копровой установки на базе экскаватора железобетонных свай	СВАЙНЫЕ РАБОТЫ, ВЫПОЛНЯЕМЫЕ С ЗЕМЛИ	м3	Погружение дизель-молотом копровой установки на базе экскаватора железобетонных свай длиной: до 16 м в грунты группы 1
05-01-002-08	05-01-002	Погружение дизель-молотом копровой установки на базе экскаватора железобетонных свай	СВАЙНЫЕ РАБОТЫ, ВЫПОЛНЯЕМЫЕ С ЗЕМЛИ	м3	Погружение дизель-молотом копровой установки на базе экскаватора железобетонных свай длиной: до 16 м в грунты группы 2
05-01-003-01	05-01-003	Погружение дизель-молотом на гусеничном копре железобетонных свай	СВАЙНЫЕ РАБОТЫ, ВЫПОЛНЯЕМЫЕ С ЗЕМЛИ	м3	Погружение дизель-молотом на гусеничном копре железобетонных свай длиной: до 6 м в грунты группы 1
05-01-003-02	05-01-003	Погружение дизель-молотом на гусеничном копре железобетонных свай	СВАЙНЫЕ РАБОТЫ, ВЫПОЛНЯЕМЫЕ С ЗЕМЛИ	м3	Погружение дизель-молотом на гусеничном копре железобетонных свай длиной: до 6 м в грунты группы 2
05-01-003-03	05-01-003	Погружение дизель-молотом на гусеничном копре железобетонных свай	СВАЙНЫЕ РАБОТЫ, ВЫПОЛНЯЕМЫЕ С ЗЕМЛИ	м3	Погружение дизель-молотом на гусеничном копре железобетонных свай длиной: до 8 м в грунты группы 1
05-01-003-04	05-01-003	Погружение дизель-молотом на гусеничном копре железобетонных свай	СВАЙНЫЕ РАБОТЫ, ВЫПОЛНЯЕМЫЕ С ЗЕМЛИ	м3	Погружение дизель-молотом на гусеничном копре железобетонных свай длиной: до 8 м в грунты группы 2
05-01-003-05	05-01-003	Погружение дизель-молотом на гусеничном копре железобетонных свай	СВАЙНЫЕ РАБОТЫ, ВЫПОЛНЯЕМЫЕ С ЗЕМЛИ	м3	Погружение дизель-молотом на гусеничном копре железобетонных свай длиной: до 12 м в грунты группы 1
05-01-003-06	05-01-003	Погружение дизель-молотом на гусеничном копре железобетонных свай	СВАЙНЫЕ РАБОТЫ, ВЫПОЛНЯЕМЫЕ С ЗЕМЛИ	м3	Погружение дизель-молотом на гусеничном копре железобетонных свай длиной: до 12 м в грунты группы 2
05-01-003-07	05-01-003	Погружение дизель-молотом на гусеничном копре железобетонных свай	СВАЙНЫЕ РАБОТЫ, ВЫПОЛНЯЕМЫЕ С ЗЕМЛИ	м3	Погружение дизель-молотом на гусеничном копре железобетонных свай длиной: до 16 м в грунты группы 1
05-01-003-08	05-01-003	Погружение дизель-молотом на гусеничном копре железобетонных свай	СВАЙНЫЕ РАБОТЫ, ВЫПОЛНЯЕМЫЕ С ЗЕМЛИ	м3	Погружение дизель-молотом на гусеничном копре железобетонных свай длиной: до 16 м в грунты группы 2
05-01-004-01	05-01-004	Погружение рельсовым копром железобетонных свай	СВАЙНЫЕ РАБОТЫ, ВЫПОЛНЯЕМЫЕ С ЗЕМЛИ	м3	Погружение рельсовым копром железобетонных свай длиной: до 12 м в грунты группы 1
05-01-004-02	05-01-004	Погружение рельсовым копром железобетонных свай	СВАЙНЫЕ РАБОТЫ, ВЫПОЛНЯЕМЫЕ С ЗЕМЛИ	м3	Погружение рельсовым копром железобетонных свай длиной: до 12 м в грунты группы 2
05-01-004-05	05-01-004	Погружение рельсовым копром железобетонных свай	СВАЙНЫЕ РАБОТЫ, ВЫПОЛНЯЕМЫЕ С ЗЕМЛИ	м3	Погружение рельсовым копром железобетонных свай длиной: свыше 16 м в грунты группы 1
05-01-005-01	05-01-005	Погружение вибропогружателем железобетонных свай	СВАЙНЫЕ РАБОТЫ, ВЫПОЛНЯЕМЫЕ С ЗЕМЛИ	м3	Погружение вибропогружателем железобетонных свай: сплошных длиной до 10 м
05-01-005-02	05-01-005	Погружение вибропогружателем железобетонных свай	СВАЙНЫЕ РАБОТЫ, ВЫПОЛНЯЕМЫЕ С ЗЕМЛИ	м3	Погружение вибропогружателем железобетонных свай: сплошных длиной свыше 10 м
05-01-005-03	05-01-005	Погружение вибропогружателем железобетонных свай	СВАЙНЫЕ РАБОТЫ, ВЫПОЛНЯЕМЫЕ С ЗЕМЛИ	м3	Погружение вибропогружателем железобетонных свай: полых с закрытым нижним концом диаметром до 0,8 м, длиной до 12 м
05-01-005-04	05-01-005	Погружение вибропогружателем железобетонных свай	СВАЙНЫЕ РАБОТЫ, ВЫПОЛНЯЕМЫЕ С ЗЕМЛИ	м3	Погружение вибропогружателем железобетонных свай: полых с закрытым нижним концом диаметром до 0,8 м, длиной свыше 12 м
05-01-006-01	05-01-006	Наращивание сплошных железобетонных свай квадратного сечения	СВАЙНЫЕ РАБОТЫ, ВЫПОЛНЯЕМЫЕ С ЗЕМЛИ	стык	Наращивание сплошных железобетонных свай квадратного сечения
05-01-007-01	05-01-007	Погружение вибропогружателем железобетонных свай-оболочек с извлечением грунта из полости диаметром 	СВАЙНЫЕ РАБОТЫ, ВЫПОЛНЯЕМЫЕ С ЗЕМЛИ	м3	Погружение вибропогружателем железобетонных свай-оболочек длиной: до 12 м с извлечением грунта из полости сваи-оболочки диаметром до 2 м в грунты несвязные
05-01-007-02	05-01-007	Погружение вибропогружателем железобетонных свай-оболочек с извлечением грунта из полости диаметром 	СВАЙНЫЕ РАБОТЫ, ВЫПОЛНЯЕМЫЕ С ЗЕМЛИ	м3	Погружение вибропогружателем железобетонных свай-оболочек длиной: до 12 м с извлечением грунта из полости сваи-оболочки диаметром до 2 м в грунты связные
05-01-007-03	05-01-007	Погружение вибропогружателем железобетонных свай-оболочек с извлечением грунта из полости диаметром 	СВАЙНЫЕ РАБОТЫ, ВЫПОЛНЯЕМЫЕ С ЗЕМЛИ	м3	Погружение вибропогружателем железобетонных свай-оболочек длиной: свыше 12 м с извлечением грунта из полости сваи-оболочки диаметром до 2 м в грунты несвязные
05-01-007-04	05-01-007	Погружение вибропогружателем железобетонных свай-оболочек с извлечением грунта из полости диаметром 	СВАЙНЫЕ РАБОТЫ, ВЫПОЛНЯЕМЫЕ С ЗЕМЛИ	м3	Погружение вибропогружателем железобетонных свай-оболочек длиной: свыше 12 м с извлечением грунта из полости сваи-оболочки диаметром до 2 м в грунты связные
05-01-007-05	05-01-007	Погружение вибропогружателем железобетонных свай-оболочек с извлечением грунта из полости диаметром 	СВАЙНЫЕ РАБОТЫ, ВЫПОЛНЯЕМЫЕ С ЗЕМЛИ	шт	На каждое дополнительное наращивание в свае добавлять к нормам: 05-01-007-01, 05-01-007-02
05-01-007-06	05-01-007	Погружение вибропогружателем железобетонных свай-оболочек с извлечением грунта из полости диаметром 	СВАЙНЫЕ РАБОТЫ, ВЫПОЛНЯЕМЫЕ С ЗЕМЛИ	шт	На каждое дополнительное наращивание в свае добавлять к нормам: 05-01-007-03, 05-01-007-04
05-01-008-01	05-01-008	Погружение вибропогружателем железобетонных свай-оболочек с извлечением грунта из полости диаметром 	СВАЙНЫЕ РАБОТЫ, ВЫПОЛНЯЕМЫЕ С ЗЕМЛИ	м3	Погружение вибропогружателем железобетонных свай-оболочек с извлечением грунта из полости сваи-оболочки диаметром до 3 м в грунты: несвязные
05-01-008-02	05-01-008	Погружение вибропогружателем железобетонных свай-оболочек с извлечением грунта из полости диаметром 	СВАЙНЫЕ РАБОТЫ, ВЫПОЛНЯЕМЫЕ С ЗЕМЛИ	м3	Погружение вибропогружателем железобетонных свай-оболочек с извлечением грунта из полости сваи-оболочки диаметром до 3 м в грунты: связные
05-01-008-03	05-01-008	Погружение вибропогружателем железобетонных свай-оболочек с извлечением грунта из полости диаметром 	СВАЙНЫЕ РАБОТЫ, ВЫПОЛНЯЕМЫЕ С ЗЕМЛИ	шт	На каждое дополнительное наращивание в свае добавлять к норме: 05-01-008-01
05-01-008-04	05-01-008	Погружение вибропогружателем железобетонных свай-оболочек с извлечением грунта из полости диаметром 	СВАЙНЫЕ РАБОТЫ, ВЫПОЛНЯЕМЫЕ С ЗЕМЛИ	шт	На каждое дополнительное наращивание в свае добавлять к норме: 05-01-008-02
05-01-010-01	05-01-010	Вырубка бетона из арматурного каркаса железобетонных свай	СВАЙНЫЕ РАБОТЫ, ВЫПОЛНЯЕМЫЕ С ЗЕМЛИ	шт	Вырубка бетона из арматурного каркаса железобетонных: свай площадью сечения до 0,1 м2
05-01-010-02	05-01-010	Вырубка бетона из арматурного каркаса железобетонных свай	СВАЙНЫЕ РАБОТЫ, ВЫПОЛНЯЕМЫЕ С ЗЕМЛИ	шт	Вырубка бетона из арматурного каркаса железобетонных: свай площадью сечения свыше 0,1 м2
05-01-010-03	05-01-010	Вырубка бетона из арматурного каркаса железобетонных свай	СВАЙНЫЕ РАБОТЫ, ВЫПОЛНЯЕМЫЕ С ЗЕМЛИ	шт	Вырубка бетона из арматурного каркаса железобетонных: полых свай диаметром до 0,8 м
05-01-010-04	05-01-010	Вырубка бетона из арматурного каркаса железобетонных свай	СВАЙНЫЕ РАБОТЫ, ВЫПОЛНЯЕМЫЕ С ЗЕМЛИ	шт	Вырубка бетона из арматурного каркаса железобетонных: полых свай диаметром свыше 0,8 м
05-01-010-05	05-01-010	Вырубка бетона из арматурного каркаса железобетонных свай	СВАЙНЫЕ РАБОТЫ, ВЫПОЛНЯЕМЫЕ С ЗЕМЛИ	шт	Вырубка бетона из арматурного каркаса железобетонных: свай-оболочек диаметром свыше 2 до 3 м
05-01-011-01	05-01-011	Погружение дизель-молотом копровой установки на базе трактора стальных шпунтовых свай	СВАЙНЫЕ РАБОТЫ, ВЫПОЛНЯЕМЫЕ С ЗЕМЛИ	т	Погружение дизель-молотом копровой установки на базе трактора стальных шпунтовых свай массой 1 м: до 50 кг, длиной до 8 м в грунты группы 1
05-01-011-02	05-01-011	Погружение дизель-молотом копровой установки на базе трактора стальных шпунтовых свай	СВАЙНЫЕ РАБОТЫ, ВЫПОЛНЯЕМЫЕ С ЗЕМЛИ	т	Погружение дизель-молотом копровой установки на базе трактора стальных шпунтовых свай массой 1 м: до 50 кг, длиной до 8 м в грунты группы 2
05-01-011-03	05-01-011	Погружение дизель-молотом копровой установки на базе трактора стальных шпунтовых свай	СВАЙНЫЕ РАБОТЫ, ВЫПОЛНЯЕМЫЕ С ЗЕМЛИ	т	Погружение дизель-молотом копровой установки на базе трактора стальных шпунтовых свай массой 1 м: до 50 кг, длиной свыше 8 м в грунты группы 1
05-01-011-04	05-01-011	Погружение дизель-молотом копровой установки на базе трактора стальных шпунтовых свай	СВАЙНЫЕ РАБОТЫ, ВЫПОЛНЯЕМЫЕ С ЗЕМЛИ	т	Погружение дизель-молотом копровой установки на базе трактора стальных шпунтовых свай массой 1 м: до 50 кг, длиной свыше 8 м в грунты группы 2
05-01-011-05	05-01-011	Погружение дизель-молотом копровой установки на базе трактора стальных шпунтовых свай	СВАЙНЫЕ РАБОТЫ, ВЫПОЛНЯЕМЫЕ С ЗЕМЛИ	т	Погружение дизель-молотом копровой установки на базе трактора стальных шпунтовых свай массой 1 м: свыше 50 до 70 кг, длиной до 8 м в грунты группы 1
05-01-011-06	05-01-011	Погружение дизель-молотом копровой установки на базе трактора стальных шпунтовых свай	СВАЙНЫЕ РАБОТЫ, ВЫПОЛНЯЕМЫЕ С ЗЕМЛИ	т	Погружение дизель-молотом копровой установки на базе трактора стальных шпунтовых свай массой 1 м: свыше 50 до 70 кг, длиной до 8 м в грунты группы 2
05-01-011-07	05-01-011	Погружение дизель-молотом копровой установки на базе трактора стальных шпунтовых свай	СВАЙНЫЕ РАБОТЫ, ВЫПОЛНЯЕМЫЕ С ЗЕМЛИ	т	Погружение дизель-молотом копровой установки на базе трактора стальных шпунтовых свай массой 1 м: свыше 50 до 70 кг, длиной свыше 8 м в грунты группы 1
05-01-011-08	05-01-011	Погружение дизель-молотом копровой установки на базе трактора стальных шпунтовых свай	СВАЙНЫЕ РАБОТЫ, ВЫПОЛНЯЕМЫЕ С ЗЕМЛИ	т	Погружение дизель-молотом копровой установки на базе трактора стальных шпунтовых свай массой 1 м: свыше 50 до 70 кг, длиной свыше 8 м в грунты группы 2
05-01-011-09	05-01-011	Погружение дизель-молотом копровой установки на базе трактора стальных шпунтовых свай	СВАЙНЫЕ РАБОТЫ, ВЫПОЛНЯЕМЫЕ С ЗЕМЛИ	т	Погружение дизель-молотом копровой установки на базе трактора стальных шпунтовых свай массой 1 м: свыше 70 кг, длиной до 8 м в грунты группы 1
05-01-011-10	05-01-011	Погружение дизель-молотом копровой установки на базе трактора стальных шпунтовых свай	СВАЙНЫЕ РАБОТЫ, ВЫПОЛНЯЕМЫЕ С ЗЕМЛИ	т	Погружение дизель-молотом копровой установки на базе трактора стальных шпунтовых свай массой 1 м: свыше 70 кг, длиной до 8 м в грунты группы 2
05-01-011-11	05-01-011	Погружение дизель-молотом копровой установки на базе трактора стальных шпунтовых свай	СВАЙНЫЕ РАБОТЫ, ВЫПОЛНЯЕМЫЕ С ЗЕМЛИ	т	Погружение дизель-молотом копровой установки на базе трактора стальных шпунтовых свай массой 1 м: свыше 70 кг, длиной свыше 8 м в грунты группы 1
05-01-011-12	05-01-011	Погружение дизель-молотом копровой установки на базе трактора стальных шпунтовых свай	СВАЙНЫЕ РАБОТЫ, ВЫПОЛНЯЕМЫЕ С ЗЕМЛИ	т	Погружение дизель-молотом копровой установки на базе трактора стальных шпунтовых свай массой 1 м: свыше 70 кг, длиной свыше 8 м в грунты группы 2
05-01-012-01	05-01-012	Погружение вибропогружателем стальных шпунтовых свай	СВАЙНЫЕ РАБОТЫ, ВЫПОЛНЯЕМЫЕ С ЗЕМЛИ	т	Погружение вибропогружателем стальных шпунтовых свай массой 1 м: до 50 кг на глубину до 5 м
05-01-012-02	05-01-012	Погружение вибропогружателем стальных шпунтовых свай	СВАЙНЫЕ РАБОТЫ, ВЫПОЛНЯЕМЫЕ С ЗЕМЛИ	т	Погружение вибропогружателем стальных шпунтовых свай массой 1 м: до 50 кг на глубину свыше 5 до 10 м
05-01-012-03	05-01-012	Погружение вибропогружателем стальных шпунтовых свай	СВАЙНЫЕ РАБОТЫ, ВЫПОЛНЯЕМЫЕ С ЗЕМЛИ	т	Погружение вибропогружателем стальных шпунтовых свай массой 1 м: до 50 кг на глубину свыше 10 до 15 м
05-01-012-04	05-01-012	Погружение вибропогружателем стальных шпунтовых свай	СВАЙНЫЕ РАБОТЫ, ВЫПОЛНЯЕМЫЕ С ЗЕМЛИ	т	Погружение вибропогружателем стальных шпунтовых свай массой 1 м: свыше 50 до 60 кг на глубину до 5 м
05-01-012-05	05-01-012	Погружение вибропогружателем стальных шпунтовых свай	СВАЙНЫЕ РАБОТЫ, ВЫПОЛНЯЕМЫЕ С ЗЕМЛИ	т	Погружение вибропогружателем стальных шпунтовых свай массой 1 м: свыше 50 до 60 кг на глубину свыше 5 до 10 м
05-01-012-06	05-01-012	Погружение вибропогружателем стальных шпунтовых свай	СВАЙНЫЕ РАБОТЫ, ВЫПОЛНЯЕМЫЕ С ЗЕМЛИ	т	Погружение вибропогружателем стальных шпунтовых свай массой 1 м: свыше 50 до 60 кг на глубину свыше 10 до 15 м
05-01-012-07	05-01-012	Погружение вибропогружателем стальных шпунтовых свай	СВАЙНЫЕ РАБОТЫ, ВЫПОЛНЯЕМЫЕ С ЗЕМЛИ	т	Погружение вибропогружателем стальных шпунтовых свай массой 1 м: свыше 60 до 70 кг на глубину до 5 м
05-01-012-08	05-01-012	Погружение вибропогружателем стальных шпунтовых свай	СВАЙНЫЕ РАБОТЫ, ВЫПОЛНЯЕМЫЕ С ЗЕМЛИ	т	Погружение вибропогружателем стальных шпунтовых свай массой 1 м: свыше 60 до 70 кг на глубину свыше 5 до 10 м
05-01-012-09	05-01-012	Погружение вибропогружателем стальных шпунтовых свай	СВАЙНЫЕ РАБОТЫ, ВЫПОЛНЯЕМЫЕ С ЗЕМЛИ	т	Погружение вибропогружателем стальных шпунтовых свай массой 1 м: свыше 60 до 70 кг на глубину свыше 10 до 15 м
05-01-012-10	05-01-012	Погружение вибропогружателем стальных шпунтовых свай	СВАЙНЫЕ РАБОТЫ, ВЫПОЛНЯЕМЫЕ С ЗЕМЛИ	т	Погружение вибропогружателем стальных шпунтовых свай массой 1 м: свыше 70 кг на глубину до 5 м
05-01-012-11	05-01-012	Погружение вибропогружателем стальных шпунтовых свай	СВАЙНЫЕ РАБОТЫ, ВЫПОЛНЯЕМЫЕ С ЗЕМЛИ	т	Погружение вибропогружателем стальных шпунтовых свай массой 1 м: свыше 70 кг на глубину свыше 5 до 10 м
05-01-012-12	05-01-012	Погружение вибропогружателем стальных шпунтовых свай	СВАЙНЫЕ РАБОТЫ, ВЫПОЛНЯЕМЫЕ С ЗЕМЛИ	т	Погружение вибропогружателем стальных шпунтовых свай массой 1 м: свыше 70 кг на глубину свыше 10 до 15 м
05-01-013-01	05-01-013	Извлечение стальных шпунтовых свай	СВАЙНЫЕ РАБОТЫ, ВЫПОЛНЯЕМЫЕ С ЗЕМЛИ	т	Извлечение стальных шпунтовых свай массой 1 м: до 50 кг, длиной до 10 м из грунтов группы 1
05-01-013-02	05-01-013	Извлечение стальных шпунтовых свай	СВАЙНЫЕ РАБОТЫ, ВЫПОЛНЯЕМЫЕ С ЗЕМЛИ	т	Извлечение стальных шпунтовых свай массой 1 м: до 50 кг, длиной до 10 м из грунтов группы 2
05-01-013-03	05-01-013	Извлечение стальных шпунтовых свай	СВАЙНЫЕ РАБОТЫ, ВЫПОЛНЯЕМЫЕ С ЗЕМЛИ	т	Извлечение стальных шпунтовых свай массой 1 м: до 50 кг, длиной свыше 10 до 15 м из грунтов группы 1
05-01-013-04	05-01-013	Извлечение стальных шпунтовых свай	СВАЙНЫЕ РАБОТЫ, ВЫПОЛНЯЕМЫЕ С ЗЕМЛИ	т	Извлечение стальных шпунтовых свай массой 1 м: до 50 кг, длиной свыше 10 до 15 м из грунтов группы 2
05-01-013-05	05-01-013	Извлечение стальных шпунтовых свай	СВАЙНЫЕ РАБОТЫ, ВЫПОЛНЯЕМЫЕ С ЗЕМЛИ	т	Извлечение стальных шпунтовых свай массой 1 м: до 50 кг, длиной свыше 15 м из грунтов 1 группы
05-01-013-06	05-01-013	Извлечение стальных шпунтовых свай	СВАЙНЫЕ РАБОТЫ, ВЫПОЛНЯЕМЫЕ С ЗЕМЛИ	т	Извлечение стальных шпунтовых свай массой 1 м: свыше 50 до 70 кг, длиной до 10 м из грунтов группы 1
05-01-013-07	05-01-013	Извлечение стальных шпунтовых свай	СВАЙНЫЕ РАБОТЫ, ВЫПОЛНЯЕМЫЕ С ЗЕМЛИ	т	Извлечение стальных шпунтовых свай массой 1 м: свыше 50 до 70 кг, длиной до 10 м из грунтов группы 2
05-01-013-08	05-01-013	Извлечение стальных шпунтовых свай	СВАЙНЫЕ РАБОТЫ, ВЫПОЛНЯЕМЫЕ С ЗЕМЛИ	т	Извлечение стальных шпунтовых свай массой 1 м: свыше 50 до 70 кг, длиной свыше 10 до 15 м из грунтов группы 1
05-01-013-09	05-01-013	Извлечение стальных шпунтовых свай	СВАЙНЫЕ РАБОТЫ, ВЫПОЛНЯЕМЫЕ С ЗЕМЛИ	т	Извлечение стальных шпунтовых свай массой 1 м: свыше 50 до 70 кг, длиной свыше 10 до 15 м из грунтов группы 2
05-01-013-10	05-01-013	Извлечение стальных шпунтовых свай	СВАЙНЫЕ РАБОТЫ, ВЫПОЛНЯЕМЫЕ С ЗЕМЛИ	т	Извлечение стальных шпунтовых свай массой 1 м: свыше 50 до 70 кг, длиной свыше 15 м из грунтов 1 группы
05-01-013-11	05-01-013	Извлечение стальных шпунтовых свай	СВАЙНЫЕ РАБОТЫ, ВЫПОЛНЯЕМЫЕ С ЗЕМЛИ	т	Извлечение стальных шпунтовых свай массой 1 м: свыше 70 кг, длиной до 10 м из грунтов группы 1
05-01-013-12	05-01-013	Извлечение стальных шпунтовых свай	СВАЙНЫЕ РАБОТЫ, ВЫПОЛНЯЕМЫЕ С ЗЕМЛИ	т	Извлечение стальных шпунтовых свай массой 1 м: свыше 70 кг, длиной до 10 м из грунтов группы 2
05-01-013-13	05-01-013	Извлечение стальных шпунтовых свай	СВАЙНЫЕ РАБОТЫ, ВЫПОЛНЯЕМЫЕ С ЗЕМЛИ	т	Извлечение стальных шпунтовых свай массой 1 м: свыше 70 кг, длиной свыше 10 до 15 м из грунтов группы 1
05-01-013-14	05-01-013	Извлечение стальных шпунтовых свай	СВАЙНЫЕ РАБОТЫ, ВЫПОЛНЯЕМЫЕ С ЗЕМЛИ	т	Извлечение стальных шпунтовых свай массой 1 м: свыше 70 кг, длиной свыше 10 до 15 м из грунтов группы 2
05-01-013-15	05-01-013	Извлечение стальных шпунтовых свай	СВАЙНЫЕ РАБОТЫ, ВЫПОЛНЯЕМЫЕ С ЗЕМЛИ	т	Извлечение стальных шпунтовых свай массой 1 м: свыше 70 кг, длиной свыше 15 м из грунтов 1 группы
05-01-014-01	05-01-014	Крепление шпунтового ограждения котлованов под опоры мостов	СВАЙНЫЕ РАБОТЫ, ВЫПОЛНЯЕМЫЕ С ЗЕМЛИ	т	Крепление шпунтового ограждения котлованов под опоры мостов: деревянного
05-01-014-02	05-01-014	Крепление шпунтового ограждения котлованов под опоры мостов	СВАЙНЫЕ РАБОТЫ, ВЫПОЛНЯЕМЫЕ С ЗЕМЛИ	т	Крепление шпунтового ограждения котлованов под опоры мостов: стального
05-01-015-01	05-01-015	Погружение деревянных свай в мостостроении	СВАЙНЫЕ РАБОТЫ, ВЫПОЛНЯЕМЫЕ С ЗЕМЛИ	м3	Погружение в мостостроении в грунты 1-2 групп: одиночных свай из бревен длиной до 8 м
05-01-015-02	05-01-015	Погружение деревянных свай в мостостроении	СВАЙНЫЕ РАБОТЫ, ВЫПОЛНЯЕМЫЕ С ЗЕМЛИ	м3	Погружение в мостостроении в грунты 1-2 групп: пакетных свай длиной до 16 м из брусьев
05-01-015-03	05-01-015	Погружение деревянных свай в мостостроении	СВАЙНЫЕ РАБОТЫ, ВЫПОЛНЯЕМЫЕ С ЗЕМЛИ	м3	Погружение в мостостроении в грунты 1-2 групп: пакетных свай длиной до 16 м из бревен
05-01-015-04	05-01-015	Погружение деревянных свай в мостостроении	СВАЙНЫЕ РАБОТЫ, ВЫПОЛНЯЕМЫЕ С ЗЕМЛИ	м3	Погружение в мостостроении пакетных свай из шпунтовых брусьев длиной: до 4 м в грунты группы 1
05-01-015-05	05-01-015	Погружение деревянных свай в мостостроении	СВАЙНЫЕ РАБОТЫ, ВЫПОЛНЯЕМЫЕ С ЗЕМЛИ	м3	Погружение в мостостроении пакетных свай из шпунтовых брусьев длиной: до 4 м в грунты группы 2
05-01-015-06	05-01-015	Погружение деревянных свай в мостостроении	СВАЙНЫЕ РАБОТЫ, ВЫПОЛНЯЕМЫЕ С ЗЕМЛИ	м3	Погружение в мостостроении пакетных свай из шпунтовых брусьев длиной: свыше 4 до 6 м в грунты группы 1
05-01-015-07	05-01-015	Погружение деревянных свай в мостостроении	СВАЙНЫЕ РАБОТЫ, ВЫПОЛНЯЕМЫЕ С ЗЕМЛИ	м3	Погружение в мостостроении пакетных свай из шпунтовых брусьев длиной: свыше 4 до 6 м в грунты группы 2
05-01-015-08	05-01-015	Погружение деревянных свай в мостостроении	СВАЙНЫЕ РАБОТЫ, ВЫПОЛНЯЕМЫЕ С ЗЕМЛИ	м3	Погружение в мостостроении свай из досок длиной до 13 м в грунты 1-2 группы
05-01-016-01	05-01-016	Обстройка деревянного шпунтового ограждения (шапочный брус и парные схватки на шпунтовой стенке)	СВАЙНЫЕ РАБОТЫ, ВЫПОЛНЯЕМЫЕ С ЗЕМЛИ	м3	Обстройка деревянного шпунтового ограждения (шапочный брус и парные схватки на шпунтовой стенке)
05-01-017-01	05-01-017	Устройство и разборка подмостей под копер	СВАЙНЫЕ РАБОТЫ, ВЫПОЛНЯЕМЫЕ С ЗЕМЛИ	м3	Устройство и разборка подмостей под копер: под опоры мостов на суше
05-01-017-02	05-01-017	Устройство и разборка подмостей под копер	СВАЙНЫЕ РАБОТЫ, ВЫПОЛНЯЕМЫЕ С ЗЕМЛИ	м3	Устройство и разборка подмостей под копер: под опоры мостов на воде
05-01-017-03	05-01-017	Устройство и разборка подмостей под копер	СВАЙНЫЕ РАБОТЫ, ВЫПОЛНЯЕМЫЕ С ЗЕМЛИ	м3	Устройство и разборка подмостей под копер: в котловане при глубине до 3 м
05-01-017-04	05-01-017	Устройство и разборка подмостей под копер	СВАЙНЫЕ РАБОТЫ, ВЫПОЛНЯЕМЫЕ С ЗЕМЛИ	м3	Устройство и разборка подмостей под копер: в котловане при глубине до 5 м
05-01-018-01	05-01-018	Погружение железобетонных свай-колонн длиной до 6 м и до 8 м агрегатами копровыми	СВАЙНЫЕ РАБОТЫ, ВЫПОЛНЯЕМЫЕ С ЗЕМЛИ	м3	Погружение агрегатами копровыми железобетонных свай-колонн длиной: до 6 м на глубину до 3 м в грунты группы 1
05-01-018-02	05-01-018	Погружение железобетонных свай-колонн длиной до 6 м и до 8 м агрегатами копровыми	СВАЙНЫЕ РАБОТЫ, ВЫПОЛНЯЕМЫЕ С ЗЕМЛИ	м3	Погружение агрегатами копровыми железобетонных свай-колонн длиной: до 6 м на глубину до 3 м в грунты группы 2
05-01-018-03	05-01-018	Погружение железобетонных свай-колонн длиной до 6 м и до 8 м агрегатами копровыми	СВАЙНЫЕ РАБОТЫ, ВЫПОЛНЯЕМЫЕ С ЗЕМЛИ	м3	Погружение агрегатами копровыми железобетонных свай-колонн длиной: до 6 м на глубину до 4 м в грунты группы 1
05-01-018-04	05-01-018	Погружение железобетонных свай-колонн длиной до 6 м и до 8 м агрегатами копровыми	СВАЙНЫЕ РАБОТЫ, ВЫПОЛНЯЕМЫЕ С ЗЕМЛИ	м3	Погружение агрегатами копровыми железобетонных свай-колонн длиной: до 6 м на глубину до 4 м в грунты группы 2
05-01-018-05	05-01-018	Погружение железобетонных свай-колонн длиной до 6 м и до 8 м агрегатами копровыми	СВАЙНЫЕ РАБОТЫ, ВЫПОЛНЯЕМЫЕ С ЗЕМЛИ	м3	Погружение агрегатами копровыми железобетонных свай-колонн длиной: до 8 м на глубину до 4 м в грунты группы 1
05-01-018-06	05-01-018	Погружение железобетонных свай-колонн длиной до 6 м и до 8 м агрегатами копровыми	СВАЙНЫЕ РАБОТЫ, ВЫПОЛНЯЕМЫЕ С ЗЕМЛИ	м3	Погружение агрегатами копровыми железобетонных свай-колонн длиной: до 8 м на глубину до 4 м в грунты группы 2
05-01-018-07	05-01-018	Погружение железобетонных свай-колонн длиной до 6 м и до 8 м агрегатами копровыми	СВАЙНЫЕ РАБОТЫ, ВЫПОЛНЯЕМЫЕ С ЗЕМЛИ	м3	Погружение агрегатами копровыми железобетонных свай-колонн длиной: до 8 м на глубину до 6 м в грунты группы 1
05-01-018-08	05-01-018	Погружение железобетонных свай-колонн длиной до 6 м и до 8 м агрегатами копровыми	СВАЙНЫЕ РАБОТЫ, ВЫПОЛНЯЕМЫЕ С ЗЕМЛИ	м3	Погружение агрегатами копровыми железобетонных свай-колонн длиной: до 8 м на глубину до 6 м в грунты группы 2
05-01-019-01	05-01-019	Погружение железобетонных свай-колонн длиной до 6 м и до 8 м копрами гусеничными	СВАЙНЫЕ РАБОТЫ, ВЫПОЛНЯЕМЫЕ С ЗЕМЛИ	м3	Погружение копрами гусеничными железобетонных свай-колонн длиной: до 6 м на глубину до 3 м в грунты группы 1
05-01-019-02	05-01-019	Погружение железобетонных свай-колонн длиной до 6 м и до 8 м копрами гусеничными	СВАЙНЫЕ РАБОТЫ, ВЫПОЛНЯЕМЫЕ С ЗЕМЛИ	м3	Погружение копрами гусеничными железобетонных свай-колонн длиной: до 6 м на глубину до 3 м в грунты группы 2
05-01-019-03	05-01-019	Погружение железобетонных свай-колонн длиной до 6 м и до 8 м копрами гусеничными	СВАЙНЫЕ РАБОТЫ, ВЫПОЛНЯЕМЫЕ С ЗЕМЛИ	м3	Погружение копрами гусеничными железобетонных свай-колонн длиной: до 6 м на глубину до 4 м в грунты группы 1
05-01-019-04	05-01-019	Погружение железобетонных свай-колонн длиной до 6 м и до 8 м копрами гусеничными	СВАЙНЫЕ РАБОТЫ, ВЫПОЛНЯЕМЫЕ С ЗЕМЛИ	м3	Погружение копрами гусеничными железобетонных свай-колонн длиной: до 6 м на глубину до 4 м в грунты группы 2
05-01-019-05	05-01-019	Погружение железобетонных свай-колонн длиной до 6 м и до 8 м копрами гусеничными	СВАЙНЫЕ РАБОТЫ, ВЫПОЛНЯЕМЫЕ С ЗЕМЛИ	м3	Погружение копрами гусеничными железобетонных свай-колонн длиной: до 8 м на глубину до 4 м в грунты группы 1
05-01-019-06	05-01-019	Погружение железобетонных свай-колонн длиной до 6 м и до 8 м копрами гусеничными	СВАЙНЫЕ РАБОТЫ, ВЫПОЛНЯЕМЫЕ С ЗЕМЛИ	м3	Погружение копрами гусеничными железобетонных свай-колонн длиной: до 8 м на глубину до 4 м в грунты группы 2
05-01-019-07	05-01-019	Погружение железобетонных свай-колонн длиной до 6 м и до 8 м копрами гусеничными	СВАЙНЫЕ РАБОТЫ, ВЫПОЛНЯЕМЫЕ С ЗЕМЛИ	м3	Погружение копрами гусеничными железобетонных свай-колонн длиной: до 8 м на глубину до 6 м в грунты группы 1
05-01-019-08	05-01-019	Погружение железобетонных свай-колонн длиной до 6 м и до 8 м копрами гусеничными	СВАЙНЫЕ РАБОТЫ, ВЫПОЛНЯЕМЫЕ С ЗЕМЛИ	м3	Погружение копрами гусеничными железобетонных свай-колонн длиной: до 8 м на глубину до 6 м в грунты группы 2
05-01-020-01	05-01-020	Погружение железобетонных свай-колонн длиной до 10 м и до 12 м агрегатами копровыми	СВАЙНЫЕ РАБОТЫ, ВЫПОЛНЯЕМЫЕ С ЗЕМЛИ	м3	Погружение агрегатами копровыми железобетонных свай-колонн длиной: до 10 м на глубину до 6 м в грунты группы 1
05-01-020-02	05-01-020	Погружение железобетонных свай-колонн длиной до 10 м и до 12 м агрегатами копровыми	СВАЙНЫЕ РАБОТЫ, ВЫПОЛНЯЕМЫЕ С ЗЕМЛИ	м3	Погружение агрегатами копровыми железобетонных свай-колонн длиной: до 10 м на глубину до 6 м в грунты группы 2
05-01-020-03	05-01-020	Погружение железобетонных свай-колонн длиной до 10 м и до 12 м агрегатами копровыми	СВАЙНЫЕ РАБОТЫ, ВЫПОЛНЯЕМЫЕ С ЗЕМЛИ	м3	Погружение агрегатами копровыми железобетонных свай-колонн длиной: до 10 м на глубину до 7 м в грунты группы 1
05-01-020-04	05-01-020	Погружение железобетонных свай-колонн длиной до 10 м и до 12 м агрегатами копровыми	СВАЙНЫЕ РАБОТЫ, ВЫПОЛНЯЕМЫЕ С ЗЕМЛИ	м3	Погружение агрегатами копровыми железобетонных свай-колонн длиной: до 10 м на глубину до 7 м в грунты группы 2
05-01-020-05	05-01-020	Погружение железобетонных свай-колонн длиной до 10 м и до 12 м агрегатами копровыми	СВАЙНЫЕ РАБОТЫ, ВЫПОЛНЯЕМЫЕ С ЗЕМЛИ	м3	Погружение агрегатами копровыми железобетонных свай-колонн длиной: до 10 м на глубину до 8 м в грунты группы 1
05-01-020-06	05-01-020	Погружение железобетонных свай-колонн длиной до 10 м и до 12 м агрегатами копровыми	СВАЙНЫЕ РАБОТЫ, ВЫПОЛНЯЕМЫЕ С ЗЕМЛИ	м3	Погружение агрегатами копровыми железобетонных свай-колонн длиной: до 10 м на глубину до 8 м в грунты группы 2
05-01-020-07	05-01-020	Погружение железобетонных свай-колонн длиной до 10 м и до 12 м агрегатами копровыми	СВАЙНЫЕ РАБОТЫ, ВЫПОЛНЯЕМЫЕ С ЗЕМЛИ	м3	Погружение агрегатами копровыми железобетонных свай-колонн длиной: до 12 м на глубину до 6 м в грунты группы 1
05-01-020-08	05-01-020	Погружение железобетонных свай-колонн длиной до 10 м и до 12 м агрегатами копровыми	СВАЙНЫЕ РАБОТЫ, ВЫПОЛНЯЕМЫЕ С ЗЕМЛИ	м3	Погружение агрегатами копровыми железобетонных свай-колонн длиной: до 12 м на глубину до 6 м в грунты группы 2
05-01-020-09	05-01-020	Погружение железобетонных свай-колонн длиной до 10 м и до 12 м агрегатами копровыми	СВАЙНЫЕ РАБОТЫ, ВЫПОЛНЯЕМЫЕ С ЗЕМЛИ	м3	Погружение агрегатами копровыми железобетонных свай-колонн длиной: до 12 м на глубину до 8 м в грунты группы 1
05-01-020-10	05-01-020	Погружение железобетонных свай-колонн длиной до 10 м и до 12 м агрегатами копровыми	СВАЙНЫЕ РАБОТЫ, ВЫПОЛНЯЕМЫЕ С ЗЕМЛИ	м3	Погружение агрегатами копровыми железобетонных свай-колонн длиной: до 12 м на глубину до 8 м в грунты группы 2
05-01-020-11	05-01-020	Погружение железобетонных свай-колонн длиной до 10 м и до 12 м агрегатами копровыми	СВАЙНЫЕ РАБОТЫ, ВЫПОЛНЯЕМЫЕ С ЗЕМЛИ	м3	Погружение агрегатами копровыми железобетонных свай-колонн длиной: до 12 м на глубину до 10 м в грунты группы 1
05-01-020-12	05-01-020	Погружение железобетонных свай-колонн длиной до 10 м и до 12 м агрегатами копровыми	СВАЙНЫЕ РАБОТЫ, ВЫПОЛНЯЕМЫЕ С ЗЕМЛИ	м3	Погружение агрегатами копровыми железобетонных свай-колонн длиной: до 12 м на глубину до 10 м в грунты группы 2
05-01-021-01	05-01-021	Погружение железобетонных свай-колонн длиной до 10 м и до 12 м копрами гусеничными	СВАЙНЫЕ РАБОТЫ, ВЫПОЛНЯЕМЫЕ С ЗЕМЛИ	м3	Погружение копрами гусеничными железобетонных свай-колонн длиной: до 10 м на глубину до 6 м в грунты группы 1
05-01-021-02	05-01-021	Погружение железобетонных свай-колонн длиной до 10 м и до 12 м копрами гусеничными	СВАЙНЫЕ РАБОТЫ, ВЫПОЛНЯЕМЫЕ С ЗЕМЛИ	м3	Погружение копрами гусеничными железобетонных свай-колонн длиной: до 10 м на глубину до 6 м в грунты группы 2
05-01-021-03	05-01-021	Погружение железобетонных свай-колонн длиной до 10 м и до 12 м копрами гусеничными	СВАЙНЫЕ РАБОТЫ, ВЫПОЛНЯЕМЫЕ С ЗЕМЛИ	м3	Погружение копрами гусеничными железобетонных свай-колонн длиной: до 10 м на глубину до 7 м в грунты группы 1
05-01-021-04	05-01-021	Погружение железобетонных свай-колонн длиной до 10 м и до 12 м копрами гусеничными	СВАЙНЫЕ РАБОТЫ, ВЫПОЛНЯЕМЫЕ С ЗЕМЛИ	м3	Погружение копрами гусеничными железобетонных свай-колонн длиной: до 10 м на глубину до 7 м в грунты группы 2
05-01-021-05	05-01-021	Погружение железобетонных свай-колонн длиной до 10 м и до 12 м копрами гусеничными	СВАЙНЫЕ РАБОТЫ, ВЫПОЛНЯЕМЫЕ С ЗЕМЛИ	м3	Погружение копрами гусеничными железобетонных свай-колонн длиной: до 10 м на глубину до 8 м в грунты группы 1
05-01-021-06	05-01-021	Погружение железобетонных свай-колонн длиной до 10 м и до 12 м копрами гусеничными	СВАЙНЫЕ РАБОТЫ, ВЫПОЛНЯЕМЫЕ С ЗЕМЛИ	м3	Погружение копрами гусеничными железобетонных свай-колонн длиной: до 10 м на глубину до 8 м в грунты группы 2
05-01-021-07	05-01-021	Погружение железобетонных свай-колонн длиной до 10 м и до 12 м копрами гусеничными	СВАЙНЫЕ РАБОТЫ, ВЫПОЛНЯЕМЫЕ С ЗЕМЛИ	м3	Погружение копрами гусеничными железобетонных свай-колонн длиной: до 12 м на глубину до 6 м в грунты группы 1
05-01-021-08	05-01-021	Погружение железобетонных свай-колонн длиной до 10 м и до 12 м копрами гусеничными	СВАЙНЫЕ РАБОТЫ, ВЫПОЛНЯЕМЫЕ С ЗЕМЛИ	м3	Погружение копрами гусеничными железобетонных свай-колонн длиной: до 12 м на глубину до 6 м в грунты группы 2
05-01-021-09	05-01-021	Погружение железобетонных свай-колонн длиной до 10 м и до 12 м копрами гусеничными	СВАЙНЫЕ РАБОТЫ, ВЫПОЛНЯЕМЫЕ С ЗЕМЛИ	м3	Погружение копрами гусеничными железобетонных свай-колонн длиной: до 12 м на глубину до 8 м в грунты группы 1
05-01-021-10	05-01-021	Погружение железобетонных свай-колонн длиной до 10 м и до 12 м копрами гусеничными	СВАЙНЫЕ РАБОТЫ, ВЫПОЛНЯЕМЫЕ С ЗЕМЛИ	м3	Погружение копрами гусеничными железобетонных свай-колонн длиной: до 12 м на глубину до 8 м в грунты группы 2
05-01-021-11	05-01-021	Погружение железобетонных свай-колонн длиной до 10 м и до 12 м копрами гусеничными	СВАЙНЫЕ РАБОТЫ, ВЫПОЛНЯЕМЫЕ С ЗЕМЛИ	м3	Погружение копрами гусеничными железобетонных свай-колонн длиной: до 12 м на глубину до 10 м в грунты группы 1
05-01-021-12	05-01-021	Погружение железобетонных свай-колонн длиной до 10 м и до 12 м копрами гусеничными	СВАЙНЫЕ РАБОТЫ, ВЫПОЛНЯЕМЫЕ С ЗЕМЛИ	м3	Погружение копрами гусеничными железобетонных свай-колонн длиной: до 12 м на глубину до 10 м в грунты группы 2
05-01-022-01	05-01-022	Погружение железобетонных свай-колонн длиной до 14 м и до 16 м агрегатами копровыми	СВАЙНЫЕ РАБОТЫ, ВЫПОЛНЯЕМЫЕ С ЗЕМЛИ	м3	Погружение агрегатами копровыми железобетонных свай-колонн длиной: до 14 м на глубину до 8 м в грунты группы 1
05-01-022-02	05-01-022	Погружение железобетонных свай-колонн длиной до 14 м и до 16 м агрегатами копровыми	СВАЙНЫЕ РАБОТЫ, ВЫПОЛНЯЕМЫЕ С ЗЕМЛИ	м3	Погружение агрегатами копровыми железобетонных свай-колонн длиной: до 14 м на глубину до 8 м в грунты группы 2
05-01-022-03	05-01-022	Погружение железобетонных свай-колонн длиной до 14 м и до 16 м агрегатами копровыми	СВАЙНЫЕ РАБОТЫ, ВЫПОЛНЯЕМЫЕ С ЗЕМЛИ	м3	Погружение агрегатами копровыми железобетонных свай-колонн длиной: до 14 м на глубину до 10 м в грунты группы 1
05-01-022-04	05-01-022	Погружение железобетонных свай-колонн длиной до 14 м и до 16 м агрегатами копровыми	СВАЙНЫЕ РАБОТЫ, ВЫПОЛНЯЕМЫЕ С ЗЕМЛИ	м3	Погружение агрегатами копровыми железобетонных свай-колонн длиной: до 14 м на глубину до 10 м в грунты группы 2
05-01-022-05	05-01-022	Погружение железобетонных свай-колонн длиной до 14 м и до 16 м агрегатами копровыми	СВАЙНЫЕ РАБОТЫ, ВЫПОЛНЯЕМЫЕ С ЗЕМЛИ	м3	Погружение агрегатами копровыми железобетонных свай-колонн длиной: до 14 м на глубину до 12 м в грунты группы 1
05-01-022-06	05-01-022	Погружение железобетонных свай-колонн длиной до 14 м и до 16 м агрегатами копровыми	СВАЙНЫЕ РАБОТЫ, ВЫПОЛНЯЕМЫЕ С ЗЕМЛИ	м3	Погружение агрегатами копровыми железобетонных свай-колонн длиной: до 14 м на глубину до 12 м в грунты группы 2
05-01-022-07	05-01-022	Погружение железобетонных свай-колонн длиной до 14 м и до 16 м агрегатами копровыми	СВАЙНЫЕ РАБОТЫ, ВЫПОЛНЯЕМЫЕ С ЗЕМЛИ	м3	Погружение агрегатами копровыми железобетонных свай-колонн длиной: до 16 м на глубину до 8 м в грунты группы 1
05-01-022-08	05-01-022	Погружение железобетонных свай-колонн длиной до 14 м и до 16 м агрегатами копровыми	СВАЙНЫЕ РАБОТЫ, ВЫПОЛНЯЕМЫЕ С ЗЕМЛИ	м3	Погружение агрегатами копровыми железобетонных свай-колонн длиной: до 16 м на глубину до 8 м в грунты группы 2
05-01-022-09	05-01-022	Погружение железобетонных свай-колонн длиной до 14 м и до 16 м агрегатами копровыми	СВАЙНЫЕ РАБОТЫ, ВЫПОЛНЯЕМЫЕ С ЗЕМЛИ	м3	Погружение агрегатами копровыми железобетонных свай-колонн длиной: до 16 м на глубину до 10 м в грунты группы 1
05-01-022-10	05-01-022	Погружение железобетонных свай-колонн длиной до 14 м и до 16 м агрегатами копровыми	СВАЙНЫЕ РАБОТЫ, ВЫПОЛНЯЕМЫЕ С ЗЕМЛИ	м3	Погружение агрегатами копровыми железобетонных свай-колонн длиной: до 16 м на глубину до 10 м в грунты группы 2
05-01-022-11	05-01-022	Погружение железобетонных свай-колонн длиной до 14 м и до 16 м агрегатами копровыми	СВАЙНЫЕ РАБОТЫ, ВЫПОЛНЯЕМЫЕ С ЗЕМЛИ	м3	Погружение агрегатами копровыми железобетонных свай-колонн длиной: до 16 м на глубину до 12 м в грунты группы 1
05-01-022-12	05-01-022	Погружение железобетонных свай-колонн длиной до 14 м и до 16 м агрегатами копровыми	СВАЙНЫЕ РАБОТЫ, ВЫПОЛНЯЕМЫЕ С ЗЕМЛИ	м3	Погружение агрегатами копровыми железобетонных свай-колонн длиной: до 16 м на глубину до 12 м в грунты группы 2
05-01-022-13	05-01-022	Погружение железобетонных свай-колонн длиной до 14 м и до 16 м агрегатами копровыми	СВАЙНЫЕ РАБОТЫ, ВЫПОЛНЯЕМЫЕ С ЗЕМЛИ	м3	Погружение агрегатами копровыми железобетонных свай-колонн длиной: до 16 м на глубину до 14 м в грунты группы 1
05-01-022-14	05-01-022	Погружение железобетонных свай-колонн длиной до 14 м и до 16 м агрегатами копровыми	СВАЙНЫЕ РАБОТЫ, ВЫПОЛНЯЕМЫЕ С ЗЕМЛИ	м3	Погружение агрегатами копровыми железобетонных свай-колонн длиной: до 16 м на глубину до 14 м в грунты группы 2
05-01-023-01	05-01-023	Погружение железобетонных свай-колонн длиной до 14 м и до 16 м копрами гусеничными	СВАЙНЫЕ РАБОТЫ, ВЫПОЛНЯЕМЫЕ С ЗЕМЛИ	м3	Погружение копрами гусеничными железобетонных свай-колонн длиной: до 14 м на глубину до 8 м в грунты группы 1
05-01-023-02	05-01-023	Погружение железобетонных свай-колонн длиной до 14 м и до 16 м копрами гусеничными	СВАЙНЫЕ РАБОТЫ, ВЫПОЛНЯЕМЫЕ С ЗЕМЛИ	м3	Погружение копрами гусеничными железобетонных свай-колонн длиной: до 14 м на глубину до 8 м в грунты группы 2
05-01-023-03	05-01-023	Погружение железобетонных свай-колонн длиной до 14 м и до 16 м копрами гусеничными	СВАЙНЫЕ РАБОТЫ, ВЫПОЛНЯЕМЫЕ С ЗЕМЛИ	м3	Погружение копрами гусеничными железобетонных свай-колонн длиной: до 14 м на глубину до 10 м в грунты группы 1
05-01-023-04	05-01-023	Погружение железобетонных свай-колонн длиной до 14 м и до 16 м копрами гусеничными	СВАЙНЫЕ РАБОТЫ, ВЫПОЛНЯЕМЫЕ С ЗЕМЛИ	м3	Погружение копрами гусеничными железобетонных свай-колонн длиной: до 14 м на глубину до 10 м в грунты группы 2
05-01-023-05	05-01-023	Погружение железобетонных свай-колонн длиной до 14 м и до 16 м копрами гусеничными	СВАЙНЫЕ РАБОТЫ, ВЫПОЛНЯЕМЫЕ С ЗЕМЛИ	м3	Погружение копрами гусеничными железобетонных свай-колонн длиной: до 14 м на глубину до 12 м в грунты группы 1
05-01-023-06	05-01-023	Погружение железобетонных свай-колонн длиной до 14 м и до 16 м копрами гусеничными	СВАЙНЫЕ РАБОТЫ, ВЫПОЛНЯЕМЫЕ С ЗЕМЛИ	м3	Погружение копрами гусеничными железобетонных свай-колонн длиной: до 14 м на глубину до 12 м в грунты группы 2
05-01-023-07	05-01-023	Погружение железобетонных свай-колонн длиной до 14 м и до 16 м копрами гусеничными	СВАЙНЫЕ РАБОТЫ, ВЫПОЛНЯЕМЫЕ С ЗЕМЛИ	м3	Погружение копрами гусеничными железобетонных свай-колонн длиной: до 16 м на глубину до 8 м в грунты группы 1
05-01-023-08	05-01-023	Погружение железобетонных свай-колонн длиной до 14 м и до 16 м копрами гусеничными	СВАЙНЫЕ РАБОТЫ, ВЫПОЛНЯЕМЫЕ С ЗЕМЛИ	м3	Погружение копрами гусеничными железобетонных свай-колонн длиной: до 16 м на глубину до 8 м в грунты группы 2
05-01-023-09	05-01-023	Погружение железобетонных свай-колонн длиной до 14 м и до 16 м копрами гусеничными	СВАЙНЫЕ РАБОТЫ, ВЫПОЛНЯЕМЫЕ С ЗЕМЛИ	м3	Погружение копрами гусеничными железобетонных свай-колонн длиной: до 16 м на глубину до 10 м в грунты группы 1
05-01-023-10	05-01-023	Погружение железобетонных свай-колонн длиной до 14 м и до 16 м копрами гусеничными	СВАЙНЫЕ РАБОТЫ, ВЫПОЛНЯЕМЫЕ С ЗЕМЛИ	м3	Погружение копрами гусеничными железобетонных свай-колонн длиной: до 16 м на глубину до 10 м в грунты группы 2
05-01-023-11	05-01-023	Погружение железобетонных свай-колонн длиной до 14 м и до 16 м копрами гусеничными	СВАЙНЫЕ РАБОТЫ, ВЫПОЛНЯЕМЫЕ С ЗЕМЛИ	м3	Погружение копрами гусеничными железобетонных свай-колонн длиной: до 16 м на глубину до 12 м в грунты группы 1
05-01-023-12	05-01-023	Погружение железобетонных свай-колонн длиной до 14 м и до 16 м копрами гусеничными	СВАЙНЫЕ РАБОТЫ, ВЫПОЛНЯЕМЫЕ С ЗЕМЛИ	м3	Погружение копрами гусеничными железобетонных свай-колонн длиной: до 16 м на глубину до 12 м в грунты группы 2
05-01-023-13	05-01-023	Погружение железобетонных свай-колонн длиной до 14 м и до 16 м копрами гусеничными	СВАЙНЫЕ РАБОТЫ, ВЫПОЛНЯЕМЫЕ С ЗЕМЛИ	м3	Погружение копрами гусеничными железобетонных свай-колонн длиной: до 16 м на глубину до 14 м в грунты группы 1
05-01-023-14	05-01-023	Погружение железобетонных свай-колонн длиной до 14 м и до 16 м копрами гусеничными	СВАЙНЫЕ РАБОТЫ, ВЫПОЛНЯЕМЫЕ С ЗЕМЛИ	м3	Погружение копрами гусеничными железобетонных свай-колонн длиной: до 16 м на глубину до 14 м в грунты группы 2
05-01-024-01	05-01-024	Погружение безростверковых железобетонных свай агрегатами копровыми	СВАЙНЫЕ РАБОТЫ, ВЫПОЛНЯЕМЫЕ С ЗЕМЛИ	м3	Погружение агрегатами копровыми безростверковых железобетонных свай длиной: до 6 м в грунты группы 1
05-01-024-02	05-01-024	Погружение безростверковых железобетонных свай агрегатами копровыми	СВАЙНЫЕ РАБОТЫ, ВЫПОЛНЯЕМЫЕ С ЗЕМЛИ	м3	Погружение агрегатами копровыми безростверковых железобетонных свай длиной: до 6 м в грунты группы 2
05-01-024-03	05-01-024	Погружение безростверковых железобетонных свай агрегатами копровыми	СВАЙНЫЕ РАБОТЫ, ВЫПОЛНЯЕМЫЕ С ЗЕМЛИ	м3	Погружение агрегатами копровыми безростверковых железобетонных свай длиной: до 8 м в грунты группы 1
05-01-024-04	05-01-024	Погружение безростверковых железобетонных свай агрегатами копровыми	СВАЙНЫЕ РАБОТЫ, ВЫПОЛНЯЕМЫЕ С ЗЕМЛИ	м3	Погружение агрегатами копровыми безростверковых железобетонных свай длиной: до 8 м в грунты группы 2
05-01-024-05	05-01-024	Погружение безростверковых железобетонных свай агрегатами копровыми	СВАЙНЫЕ РАБОТЫ, ВЫПОЛНЯЕМЫЕ С ЗЕМЛИ	м3	Погружение агрегатами копровыми безростверковых железобетонных свай длиной: до 12 м в грунты группы 1
05-01-024-06	05-01-024	Погружение безростверковых железобетонных свай агрегатами копровыми	СВАЙНЫЕ РАБОТЫ, ВЫПОЛНЯЕМЫЕ С ЗЕМЛИ	м3	Погружение агрегатами копровыми безростверковых железобетонных свай длиной: до 12 м в грунты группы 2
05-01-024-07	05-01-024	Погружение безростверковых железобетонных свай агрегатами копровыми	СВАЙНЫЕ РАБОТЫ, ВЫПОЛНЯЕМЫЕ С ЗЕМЛИ	м3	Погружение агрегатами копровыми безростверковых железобетонных свай длиной: до 16 м в грунты группы 1
05-01-024-08	05-01-024	Погружение безростверковых железобетонных свай агрегатами копровыми	СВАЙНЫЕ РАБОТЫ, ВЫПОЛНЯЕМЫЕ С ЗЕМЛИ	м3	Погружение агрегатами копровыми безростверковых железобетонных свай длиной: до 16 м в грунты группы 2
05-01-025-01	05-01-025	Погружение безростверковых железобетонных свай копрами гусеничными	СВАЙНЫЕ РАБОТЫ, ВЫПОЛНЯЕМЫЕ С ЗЕМЛИ	м3	Погружение копрами гусеничными безростверковых железобетонных свай длиной: до 6 м в грунты группы 1
05-01-025-02	05-01-025	Погружение безростверковых железобетонных свай копрами гусеничными	СВАЙНЫЕ РАБОТЫ, ВЫПОЛНЯЕМЫЕ С ЗЕМЛИ	м3	Погружение копрами гусеничными безростверковых железобетонных свай длиной: до 6 м в грунты группы 2
05-01-025-03	05-01-025	Погружение безростверковых железобетонных свай копрами гусеничными	СВАЙНЫЕ РАБОТЫ, ВЫПОЛНЯЕМЫЕ С ЗЕМЛИ	м3	Погружение копрами гусеничными безростверковых железобетонных свай длиной: до 8 м в грунты группы 1
05-01-025-04	05-01-025	Погружение безростверковых железобетонных свай копрами гусеничными	СВАЙНЫЕ РАБОТЫ, ВЫПОЛНЯЕМЫЕ С ЗЕМЛИ	м3	Погружение копрами гусеничными безростверковых железобетонных свай длиной: до 8 м в грунты группы 2
05-01-025-05	05-01-025	Погружение безростверковых железобетонных свай копрами гусеничными	СВАЙНЫЕ РАБОТЫ, ВЫПОЛНЯЕМЫЕ С ЗЕМЛИ	м3	Погружение копрами гусеничными безростверковых железобетонных свай длиной: до 12 м в грунты группы 1
05-01-025-06	05-01-025	Погружение безростверковых железобетонных свай копрами гусеничными	СВАЙНЫЕ РАБОТЫ, ВЫПОЛНЯЕМЫЕ С ЗЕМЛИ	м3	Погружение копрами гусеничными безростверковых железобетонных свай длиной: до 12 м в грунты группы 2
05-01-025-07	05-01-025	Погружение безростверковых железобетонных свай копрами гусеничными	СВАЙНЫЕ РАБОТЫ, ВЫПОЛНЯЕМЫЕ С ЗЕМЛИ	м3	Погружение копрами гусеничными безростверковых железобетонных свай длиной: до 16 м в грунты группы 1
05-01-025-08	05-01-025	Погружение безростверковых железобетонных свай копрами гусеничными	СВАЙНЫЕ РАБОТЫ, ВЫПОЛНЯЕМЫЕ С ЗЕМЛИ	м3	Погружение копрами гусеничными безростверковых железобетонных свай длиной: до 16 м в грунты группы 2
05-01-026-01	05-01-026	Установка железобетонных насадок-стаканов	СВАЙНЫЕ РАБОТЫ, ВЫПОЛНЯЕМЫЕ С ЗЕМЛИ	шт	Установка железобетонных насадок-стаканов
05-01-027-01	05-01-027	Погружение одиночных составных железобетонных свай	СВАЙНЫЕ РАБОТЫ, ВЫПОЛНЯЕМЫЕ С ЗЕМЛИ	м3	Погружение одиночных составных железобетонных свай длиной: до 20 м в грунты группы 1
05-01-027-02	05-01-027	Погружение одиночных составных железобетонных свай	СВАЙНЫЕ РАБОТЫ, ВЫПОЛНЯЕМЫЕ С ЗЕМЛИ	м3	Погружение одиночных составных железобетонных свай длиной: до 20 м в грунты группы 2
05-01-027-03	05-01-027	Погружение одиночных составных железобетонных свай	СВАЙНЫЕ РАБОТЫ, ВЫПОЛНЯЕМЫЕ С ЗЕМЛИ	м3	Погружение одиночных составных железобетонных свай длиной: свыше 20 м в грунты группы 1
05-01-027-04	05-01-027	Погружение одиночных составных железобетонных свай	СВАЙНЫЕ РАБОТЫ, ВЫПОЛНЯЕМЫЕ С ЗЕМЛИ	м3	Погружение одиночных составных железобетонных свай длиной: свыше 20 м в грунты группы 2
05-01-028-01	05-01-028	Устройство буронабивных свай в сухих устойчивых грунтах с бурением скважин вращательным (ковшовым) с	СВАЙНЫЕ РАБОТЫ, ВЫПОЛНЯЕМЫЕ С ЗЕМЛИ	м3	Устройство буронабивных свай в сухих устойчивых грунтах 1-3 групп с бурением скважин вращательным (ковшевым) способом диаметром: до 1000 мм, длина свай до 12 м
05-01-028-02	05-01-028	Устройство буронабивных свай в сухих устойчивых грунтах с бурением скважин вращательным (ковшовым) с	СВАЙНЫЕ РАБОТЫ, ВЫПОЛНЯЕМЫЕ С ЗЕМЛИ	м3	Устройство буронабивных свай в сухих устойчивых грунтах 1-3 групп с бурением скважин вращательным (ковшевым) способом диаметром: до 1000 мм, длина свай свыше 12 до 24 м
05-01-028-03	05-01-028	Устройство буронабивных свай в сухих устойчивых грунтах с бурением скважин вращательным (ковшовым) с	СВАЙНЫЕ РАБОТЫ, ВЫПОЛНЯЕМЫЕ С ЗЕМЛИ	м3	Устройство буронабивных свай в сухих устойчивых грунтах 1-3 групп с бурением скважин вращательным (ковшевым) способом диаметром: свыше 1000 до 1200 мм, длина свай до 12 м
05-01-028-04	05-01-028	Устройство буронабивных свай в сухих устойчивых грунтах с бурением скважин вращательным (ковшовым) с	СВАЙНЫЕ РАБОТЫ, ВЫПОЛНЯЕМЫЕ С ЗЕМЛИ	м3	Устройство буронабивных свай в сухих устойчивых грунтах 1-3 групп с бурением скважин вращательным (ковшевым) способом диаметром: свыше 1000 до 1200 мм, длина свай свыше 12 до 24 м
05-01-029-01	05-01-029	Устройство железобетонных буронабивных свай с бурением скважин вращательным (шнековым) способом	СВАЙНЫЕ РАБОТЫ, ВЫПОЛНЯЕМЫЕ С ЗЕМЛИ	м3	Устройство железобетонных буронабивных свай с бурением скважин вращательным (шнековым) способом в грунтах: 1 группы диаметром до 600 мм, длина свай до 12 м
05-01-029-02	05-01-029	Устройство железобетонных буронабивных свай с бурением скважин вращательным (шнековым) способом	СВАЙНЫЕ РАБОТЫ, ВЫПОЛНЯЕМЫЕ С ЗЕМЛИ	м3	Устройство железобетонных буронабивных свай с бурением скважин вращательным (шнековым) способом в грунтах: 1 группы диаметром до 600 мм, длина свай свыше 12 до 24 м
05-01-029-03	05-01-029	Устройство железобетонных буронабивных свай с бурением скважин вращательным (шнековым) способом	СВАЙНЫЕ РАБОТЫ, ВЫПОЛНЯЕМЫЕ С ЗЕМЛИ	м3	Устройство железобетонных буронабивных свай с бурением скважин вращательным (шнековым) способом в грунтах: 2 группы диаметром до 600 мм, длина свай до 12 м
05-01-029-04	05-01-029	Устройство железобетонных буронабивных свай с бурением скважин вращательным (шнековым) способом	СВАЙНЫЕ РАБОТЫ, ВЫПОЛНЯЕМЫЕ С ЗЕМЛИ	м3	Устройство железобетонных буронабивных свай с бурением скважин вращательным (шнековым) способом в грунтах: 2 группы диаметром до 600 мм, длина свай свыше 12 до 24 м
05-01-029-05	05-01-029	Устройство железобетонных буронабивных свай с бурением скважин вращательным (шнековым) способом	СВАЙНЫЕ РАБОТЫ, ВЫПОЛНЯЕМЫЕ С ЗЕМЛИ	м3	Устройство железобетонных буронабивных свай с бурением скважин вращательным (шнековым) способом в грунтах: 3 группы диаметром до 600 мм, длина свай до 12 м
05-01-029-06	05-01-029	Устройство железобетонных буронабивных свай с бурением скважин вращательным (шнековым) способом	СВАЙНЫЕ РАБОТЫ, ВЫПОЛНЯЕМЫЕ С ЗЕМЛИ	м3	Устройство железобетонных буронабивных свай с бурением скважин вращательным (шнековым) способом в грунтах: 3 группы диаметром до 600 мм, длина свай свыше 12 до 24 м
05-01-029-07	05-01-029	Устройство железобетонных буронабивных свай с бурением скважин вращательным (шнековым) способом	СВАЙНЫЕ РАБОТЫ, ВЫПОЛНЯЕМЫЕ С ЗЕМЛИ	м3	Устройство железобетонных буронабивных свай с бурением скважин вращательным (шнековым) способом в грунтах: 1 группы диаметром до 600/1600 мм, длина свай до 12 м
05-01-029-08	05-01-029	Устройство железобетонных буронабивных свай с бурением скважин вращательным (шнековым) способом	СВАЙНЫЕ РАБОТЫ, ВЫПОЛНЯЕМЫЕ С ЗЕМЛИ	м3	Устройство железобетонных буронабивных свай с бурением скважин вращательным (шнековым) способом в грунтах: 1 группы диаметром до 600/1600 мм, длина свай свыше 12 до 24 м
05-01-029-09	05-01-029	Устройство железобетонных буронабивных свай с бурением скважин вращательным (шнековым) способом	СВАЙНЫЕ РАБОТЫ, ВЫПОЛНЯЕМЫЕ С ЗЕМЛИ	м3	Устройство железобетонных буронабивных свай с бурением скважин вращательным (шнековым) способом в грунтах: 2 группы диаметром до 600/1600 мм, длина свай до 12 м
05-01-029-10	05-01-029	Устройство железобетонных буронабивных свай с бурением скважин вращательным (шнековым) способом	СВАЙНЫЕ РАБОТЫ, ВЫПОЛНЯЕМЫЕ С ЗЕМЛИ	м3	Устройство железобетонных буронабивных свай с бурением скважин вращательным (шнековым) способом в грунтах: 2 группы диаметром до 600/1600 мм, длина свай свыше 12 до 24 м
05-01-029-11	05-01-029	Устройство железобетонных буронабивных свай с бурением скважин вращательным (шнековым) способом	СВАЙНЫЕ РАБОТЫ, ВЫПОЛНЯЕМЫЕ С ЗЕМЛИ	м3	Устройство железобетонных буронабивных свай с бурением скважин вращательным (шнековым) способом в грунтах: 3 группы диаметром до 600/1600 мм, длина свай до 12 м
05-01-029-12	05-01-029	Устройство железобетонных буронабивных свай с бурением скважин вращательным (шнековым) способом	СВАЙНЫЕ РАБОТЫ, ВЫПОЛНЯЕМЫЕ С ЗЕМЛИ	м3	Устройство железобетонных буронабивных свай с бурением скважин вращательным (шнековым) способом в грунтах: 3 группы диаметром до 600/1600 мм, длина свай свыше 12 до 24 м
05-01-030-01	05-01-030	Устройство железобетонных буронабивных свай диаметром до 630 мм с бурением скважин ударно-канатным с	СВАЙНЫЕ РАБОТЫ, ВЫПОЛНЯЕМЫЕ С ЗЕМЛИ	м3	Устройство железобетонных буронабивных свай диаметром до 630 мм с бурением скважин ударно-канатным способом в грунтах группы: 1-2
05-01-030-02	05-01-030	Устройство железобетонных буронабивных свай диаметром до 630 мм с бурением скважин ударно-канатным с	СВАЙНЫЕ РАБОТЫ, ВЫПОЛНЯЕМЫЕ С ЗЕМЛИ	м3	Устройство железобетонных буронабивных свай диаметром до 630 мм с бурением скважин ударно-канатным способом в грунтах группы: 3
05-01-030-03	05-01-030	Устройство железобетонных буронабивных свай диаметром до 630 мм с бурением скважин ударно-канатным с	СВАЙНЫЕ РАБОТЫ, ВЫПОЛНЯЕМЫЕ С ЗЕМЛИ	м3	Устройство железобетонных буронабивных свай диаметром до 630 мм с бурением скважин ударно-канатным способом в грунтах группы: 4
05-01-030-04	05-01-030	Устройство железобетонных буронабивных свай диаметром до 630 мм с бурением скважин ударно-канатным с	СВАЙНЫЕ РАБОТЫ, ВЫПОЛНЯЕМЫЕ С ЗЕМЛИ	м3	Устройство железобетонных буронабивных свай диаметром до 630 мм с бурением скважин ударно-канатным способом в грунтах группы: 5
05-01-030-05	05-01-030	Устройство железобетонных буронабивных свай диаметром до 630 мм с бурением скважин ударно-канатным с	СВАЙНЫЕ РАБОТЫ, ВЫПОЛНЯЕМЫЕ С ЗЕМЛИ	м3	Устройство железобетонных буронабивных свай диаметром до 630 мм с бурением скважин ударно-канатным способом в грунтах группы: 6
05-01-030-06	05-01-030	Устройство железобетонных буронабивных свай диаметром до 630 мм с бурением скважин ударно-канатным с	СВАЙНЫЕ РАБОТЫ, ВЫПОЛНЯЕМЫЕ С ЗЕМЛИ	м3	Устройство железобетонных буронабивных свай диаметром до 630 мм с бурением скважин ударно-канатным способом в грунтах группы: 7
05-01-031-01	05-01-031	Устройство железобетонных буронабивных свай диаметром до 720 мм с бурением скважин ударно-канатным с	СВАЙНЫЕ РАБОТЫ, ВЫПОЛНЯЕМЫЕ С ЗЕМЛИ	м3	Устройство железобетонных буронабивных свай диаметром до 720 мм с бурением скважин ударно-канатным способом в грунтах группы: 1-2
05-01-031-02	05-01-031	Устройство железобетонных буронабивных свай диаметром до 720 мм с бурением скважин ударно-канатным с	СВАЙНЫЕ РАБОТЫ, ВЫПОЛНЯЕМЫЕ С ЗЕМЛИ	м3	Устройство железобетонных буронабивных свай диаметром до 720 мм с бурением скважин ударно-канатным способом в грунтах группы: 3
05-01-031-03	05-01-031	Устройство железобетонных буронабивных свай диаметром до 720 мм с бурением скважин ударно-канатным с	СВАЙНЫЕ РАБОТЫ, ВЫПОЛНЯЕМЫЕ С ЗЕМЛИ	м3	Устройство железобетонных буронабивных свай диаметром до 720 мм с бурением скважин ударно-канатным способом в грунтах группы: 4
05-01-031-04	05-01-031	Устройство железобетонных буронабивных свай диаметром до 720 мм с бурением скважин ударно-канатным с	СВАЙНЫЕ РАБОТЫ, ВЫПОЛНЯЕМЫЕ С ЗЕМЛИ	м3	Устройство железобетонных буронабивных свай диаметром до 720 мм с бурением скважин ударно-канатным способом в грунтах группы: 5
05-01-031-05	05-01-031	Устройство железобетонных буронабивных свай диаметром до 720 мм с бурением скважин ударно-канатным с	СВАЙНЫЕ РАБОТЫ, ВЫПОЛНЯЕМЫЕ С ЗЕМЛИ	м3	Устройство железобетонных буронабивных свай диаметром до 720 мм с бурением скважин ударно-канатным способом в грунтах группы: 6
05-01-031-06	05-01-031	Устройство железобетонных буронабивных свай диаметром до 720 мм с бурением скважин ударно-канатным с	СВАЙНЫЕ РАБОТЫ, ВЫПОЛНЯЕМЫЕ С ЗЕМЛИ	м3	Устройство железобетонных буронабивных свай диаметром до 720 мм с бурением скважин ударно-канатным способом в грунтах группы: 7
05-01-032-01	05-01-032	Устройство железобетонных буронабивных свай диаметром до 820 мм с бурением скважин ударно-канатным с	СВАЙНЫЕ РАБОТЫ, ВЫПОЛНЯЕМЫЕ С ЗЕМЛИ	м3	Устройство железобетонных буронабивных свай диаметром до 820 мм с бурением скважин ударно-канатным способом в грунтах группы: 1-2
05-01-032-02	05-01-032	Устройство железобетонных буронабивных свай диаметром до 820 мм с бурением скважин ударно-канатным с	СВАЙНЫЕ РАБОТЫ, ВЫПОЛНЯЕМЫЕ С ЗЕМЛИ	м3	Устройство железобетонных буронабивных свай диаметром до 820 мм с бурением скважин ударно-канатным способом в грунтах группы: 3
05-01-032-03	05-01-032	Устройство железобетонных буронабивных свай диаметром до 820 мм с бурением скважин ударно-канатным с	СВАЙНЫЕ РАБОТЫ, ВЫПОЛНЯЕМЫЕ С ЗЕМЛИ	м3	Устройство железобетонных буронабивных свай диаметром до 820 мм с бурением скважин ударно-канатным способом в грунтах группы: 4
05-01-032-04	05-01-032	Устройство железобетонных буронабивных свай диаметром до 820 мм с бурением скважин ударно-канатным с	СВАЙНЫЕ РАБОТЫ, ВЫПОЛНЯЕМЫЕ С ЗЕМЛИ	м3	Устройство железобетонных буронабивных свай диаметром до 820 мм с бурением скважин ударно-канатным способом в грунтах группы: 5
05-01-032-05	05-01-032	Устройство железобетонных буронабивных свай диаметром до 820 мм с бурением скважин ударно-канатным с	СВАЙНЫЕ РАБОТЫ, ВЫПОЛНЯЕМЫЕ С ЗЕМЛИ	м3	Устройство железобетонных буронабивных свай диаметром до 820 мм с бурением скважин ударно-канатным способом в грунтах группы: 6
05-01-032-06	05-01-032	Устройство железобетонных буронабивных свай диаметром до 820 мм с бурением скважин ударно-канатным с	СВАЙНЫЕ РАБОТЫ, ВЫПОЛНЯЕМЫЕ С ЗЕМЛИ	м3	Устройство железобетонных буронабивных свай диаметром до 820 мм с бурением скважин ударно-канатным способом в грунтах группы: 7
05-01-033-01	05-01-033	Устройство железобетонных буронабивных свай диаметром до 1020 мм с бурением скважин ударно-канатным 	СВАЙНЫЕ РАБОТЫ, ВЫПОЛНЯЕМЫЕ С ЗЕМЛИ	м3	Устройство железобетонных буронабивных свай диаметром до 1020 мм с бурением скважин ударно-канатным способом в грунтах группы: 1-2
05-01-033-02	05-01-033	Устройство железобетонных буронабивных свай диаметром до 1020 мм с бурением скважин ударно-канатным 	СВАЙНЫЕ РАБОТЫ, ВЫПОЛНЯЕМЫЕ С ЗЕМЛИ	м3	Устройство железобетонных буронабивных свай диаметром до 1020 мм с бурением скважин ударно-канатным способом в грунтах группы: 3
05-01-033-03	05-01-033	Устройство железобетонных буронабивных свай диаметром до 1020 мм с бурением скважин ударно-канатным 	СВАЙНЫЕ РАБОТЫ, ВЫПОЛНЯЕМЫЕ С ЗЕМЛИ	м3	Устройство железобетонных буронабивных свай диаметром до 1020 мм с бурением скважин ударно-канатным способом в грунтах группы: 4
05-01-033-04	05-01-033	Устройство железобетонных буронабивных свай диаметром до 1020 мм с бурением скважин ударно-канатным 	СВАЙНЫЕ РАБОТЫ, ВЫПОЛНЯЕМЫЕ С ЗЕМЛИ	м3	Устройство железобетонных буронабивных свай диаметром до 1020 мм с бурением скважин ударно-канатным способом в грунтах группы: 5
05-01-033-05	05-01-033	Устройство железобетонных буронабивных свай диаметром до 1020 мм с бурением скважин ударно-канатным 	СВАЙНЫЕ РАБОТЫ, ВЫПОЛНЯЕМЫЕ С ЗЕМЛИ	м3	Устройство железобетонных буронабивных свай диаметром до 1020 мм с бурением скважин ударно-канатным способом в грунтах группы: 6
05-01-033-06	05-01-033	Устройство железобетонных буронабивных свай диаметром до 1020 мм с бурением скважин ударно-канатным 	СВАЙНЫЕ РАБОТЫ, ВЫПОЛНЯЕМЫЕ С ЗЕМЛИ	м3	Устройство железобетонных буронабивных свай диаметром до 1020 мм с бурением скважин ударно-канатным способом в грунтах группы: 7
05-01-034-01	05-01-034	Устройство железобетонных буронабивных свай диаметром 500-600 мм в устойчивых грунтах 2 группы устан	СВАЙНЫЕ РАБОТЫ, ВЫПОЛНЯЕМЫЕ С ЗЕМЛИ	м3	Устройство железобетонных буронабивных свай диаметром 500-600 мм в устойчивых грунтах 2 группы установкой СБУ, длина свай: до 12 м
05-01-034-02	05-01-034	Устройство железобетонных буронабивных свай диаметром 500-600 мм в устойчивых грунтах 2 группы устан	СВАЙНЫЕ РАБОТЫ, ВЫПОЛНЯЕМЫЕ С ЗЕМЛИ	м3	Устройство железобетонных буронабивных свай диаметром 500-600 мм в устойчивых грунтах 2 группы установкой СБУ, длина свай: до 25 м
05-01-034-03	05-01-034	Устройство железобетонных буронабивных свай диаметром 500-600 мм в устойчивых грунтах 2 группы устан	СВАЙНЫЕ РАБОТЫ, ВЫПОЛНЯЕМЫЕ С ЗЕМЛИ	м3	Устройство железобетонных буронабивных свай диаметром 500-600 мм в устойчивых грунтах 2 группы установкой СБУ, длина свай: более 25 м
05-01-035-01	05-01-035	Устройство железобетонных буронабивных свай диаметром 700-800 мм в устойчивых грунтах 2 группы устан	СВАЙНЫЕ РАБОТЫ, ВЫПОЛНЯЕМЫЕ С ЗЕМЛИ	м3	Устройство железобетонных буронабивных свай диаметром 700-800 мм в устойчивых грунтах 2 группы установкой СБУ, длина свай: до 12 м
05-01-035-02	05-01-035	Устройство железобетонных буронабивных свай диаметром 700-800 мм в устойчивых грунтах 2 группы устан	СВАЙНЫЕ РАБОТЫ, ВЫПОЛНЯЕМЫЕ С ЗЕМЛИ	м3	Устройство железобетонных буронабивных свай диаметром 700-800 мм в устойчивых грунтах 2 группы установкой СБУ, длина свай: до 25 м
05-01-035-03	05-01-035	Устройство железобетонных буронабивных свай диаметром 700-800 мм в устойчивых грунтах 2 группы устан	СВАЙНЫЕ РАБОТЫ, ВЫПОЛНЯЕМЫЕ С ЗЕМЛИ	м3	Устройство железобетонных буронабивных свай диаметром 700-800 мм в устойчивых грунтах 2 группы установкой СБУ, длина свай: более 25 м
05-01-036-01	05-01-036	Устройство железобетонных буронабивных свай диаметром 900-1000 мм в устойчивых грунтах 2 группы уста	СВАЙНЫЕ РАБОТЫ, ВЫПОЛНЯЕМЫЕ С ЗЕМЛИ	м3	Устройство железобетонных буронабивных свай диаметром 900-1000 мм в устойчивых грунтах 2 группы установкой СБУ, длина свай: до 12 м
05-01-036-02	05-01-036	Устройство железобетонных буронабивных свай диаметром 900-1000 мм в устойчивых грунтах 2 группы уста	СВАЙНЫЕ РАБОТЫ, ВЫПОЛНЯЕМЫЕ С ЗЕМЛИ	м3	Устройство железобетонных буронабивных свай диаметром 900-1000 мм в устойчивых грунтах 2 группы установкой СБУ, длина свай: до 25 м
05-01-036-03	05-01-036	Устройство железобетонных буронабивных свай диаметром 900-1000 мм в устойчивых грунтах 2 группы уста	СВАЙНЫЕ РАБОТЫ, ВЫПОЛНЯЕМЫЕ С ЗЕМЛИ	м3	Устройство железобетонных буронабивных свай диаметром 900-1000 мм в устойчивых грунтах 2 группы установкой СБУ, длина свай: более 25 м
05-01-037-01	05-01-037	Устройство железобетонных буронабивных свай диаметром 500-600 мм с уширением до 1400 мм в устойчивых	СВАЙНЫЕ РАБОТЫ, ВЫПОЛНЯЕМЫЕ С ЗЕМЛИ	м3	Устройство железобетонных буронабивных свай диаметром 500-600 мм с уширением до 1400 мм в устойчивых грунтах 2 группы установкой СБУ, длина свай: до 12 м
05-01-037-02	05-01-037	Устройство железобетонных буронабивных свай диаметром 500-600 мм с уширением до 1400 мм в устойчивых	СВАЙНЫЕ РАБОТЫ, ВЫПОЛНЯЕМЫЕ С ЗЕМЛИ	м3	Устройство железобетонных буронабивных свай диаметром 500-600 мм с уширением до 1400 мм в устойчивых грунтах 2 группы установкой СБУ, длина свай: до 25 м
05-01-037-03	05-01-037	Устройство железобетонных буронабивных свай диаметром 500-600 мм с уширением до 1400 мм в устойчивых	СВАЙНЫЕ РАБОТЫ, ВЫПОЛНЯЕМЫЕ С ЗЕМЛИ	м3	Устройство железобетонных буронабивных свай диаметром 500-600 мм с уширением до 1400 мм в устойчивых грунтах 2 группы установкой СБУ, длина свай: более 25 м
05-01-038-01	05-01-038	Устройство железобетонных буронабивных свай диаметром 700-800 мм с уширением до 1800 мм в устойчивых	СВАЙНЫЕ РАБОТЫ, ВЫПОЛНЯЕМЫЕ С ЗЕМЛИ	м3	Устройство железобетонных буронабивных свай диаметром 700-800 мм с уширением до 1800 мм в устойчивых грунтах 2 группы установкой СБУ, длина свай: до 12 м
05-01-038-02	05-01-038	Устройство железобетонных буронабивных свай диаметром 700-800 мм с уширением до 1800 мм в устойчивых	СВАЙНЫЕ РАБОТЫ, ВЫПОЛНЯЕМЫЕ С ЗЕМЛИ	м3	Устройство железобетонных буронабивных свай диаметром 700-800 мм с уширением до 1800 мм в устойчивых грунтах 2 группы установкой СБУ, длина свай: до 25 м
05-01-038-03	05-01-038	Устройство железобетонных буронабивных свай диаметром 700-800 мм с уширением до 1800 мм в устойчивых	СВАЙНЫЕ РАБОТЫ, ВЫПОЛНЯЕМЫЕ С ЗЕМЛИ	м3	Устройство железобетонных буронабивных свай диаметром 700-800 мм с уширением до 1800 мм в устойчивых грунтах 2 группы установкой СБУ, длина свай: более 25 м
05-01-039-01	05-01-039	Устройство железобетонных буронабивных свай диаметром 900-1000 мм с уширением до 1800 мм в устойчивы	СВАЙНЫЕ РАБОТЫ, ВЫПОЛНЯЕМЫЕ С ЗЕМЛИ	м3	Устройство железобетонных буронабивных свай диаметром 900-1000 мм с уширением до 1800 мм в устойчивых грунтах 2 группы установкой СБУ, длина свай: до 12 м
05-01-039-02	05-01-039	Устройство железобетонных буронабивных свай диаметром 900-1000 мм с уширением до 1800 мм в устойчивы	СВАЙНЫЕ РАБОТЫ, ВЫПОЛНЯЕМЫЕ С ЗЕМЛИ	м3	Устройство железобетонных буронабивных свай диаметром 900-1000 мм с уширением до 1800 мм в устойчивых грунтах 2 группы установкой СБУ, длина свай: до 25 м
05-01-039-03	05-01-039	Устройство железобетонных буронабивных свай диаметром 900-1000 мм с уширением до 1800 мм в устойчивы	СВАЙНЫЕ РАБОТЫ, ВЫПОЛНЯЕМЫЕ С ЗЕМЛИ	м3	Устройство железобетонных буронабивных свай диаметром 900-1000 мм с уширением до 1800 мм в устойчивых грунтах 2 группы установкой СБУ, длина свай: более 25 м
05-01-040-01	05-01-040	Устройство железобетонных буронабивных свай в неустойчивых грунтах вращательным (роторным) способом 	СВАЙНЫЕ РАБОТЫ, ВЫПОЛНЯЕМЫЕ С ЗЕМЛИ	м3	Устройство железобетонных буронабивных свай вращательным (роторным) способом бурения скважин с подачей глинистого раствора диаметром: 600 мм в неустойчивых грунтах группы 1
05-01-040-02	05-01-040	Устройство железобетонных буронабивных свай в неустойчивых грунтах вращательным (роторным) способом 	СВАЙНЫЕ РАБОТЫ, ВЫПОЛНЯЕМЫЕ С ЗЕМЛИ	м3	Устройство железобетонных буронабивных свай вращательным (роторным) способом бурения скважин с подачей глинистого раствора диаметром: 600 мм в неустойчивых грунтах группы 2
05-01-040-03	05-01-040	Устройство железобетонных буронабивных свай в неустойчивых грунтах вращательным (роторным) способом 	СВАЙНЫЕ РАБОТЫ, ВЫПОЛНЯЕМЫЕ С ЗЕМЛИ	м3	Устройство железобетонных буронабивных свай вращательным (роторным) способом бурения скважин с подачей глинистого раствора диаметром: 600 мм в неустойчивых грунтах группы 3
05-01-040-04	05-01-040	Устройство железобетонных буронабивных свай в неустойчивых грунтах вращательным (роторным) способом 	СВАЙНЫЕ РАБОТЫ, ВЫПОЛНЯЕМЫЕ С ЗЕМЛИ	м3	Устройство железобетонных буронабивных свай вращательным (роторным) способом бурения скважин с подачей глинистого раствора диаметром: 800 мм в неустойчивых грунтах группы 1
05-01-040-05	05-01-040	Устройство железобетонных буронабивных свай в неустойчивых грунтах вращательным (роторным) способом 	СВАЙНЫЕ РАБОТЫ, ВЫПОЛНЯЕМЫЕ С ЗЕМЛИ	м3	Устройство железобетонных буронабивных свай вращательным (роторным) способом бурения скважин с подачей глинистого раствора диаметром: 800 мм в неустойчивых грунтах группы 2
05-01-040-06	05-01-040	Устройство железобетонных буронабивных свай в неустойчивых грунтах вращательным (роторным) способом 	СВАЙНЫЕ РАБОТЫ, ВЫПОЛНЯЕМЫЕ С ЗЕМЛИ	м3	Устройство железобетонных буронабивных свай вращательным (роторным) способом бурения скважин с подачей глинистого раствора диаметром: 800 мм в неустойчивых грунтах группы 3
05-01-040-07	05-01-040	Устройство железобетонных буронабивных свай в неустойчивых грунтах вращательным (роторным) способом 	СВАЙНЫЕ РАБОТЫ, ВЫПОЛНЯЕМЫЕ С ЗЕМЛИ	м3	Устройство железобетонных буронабивных свай вращательным (роторным) способом бурения скважин с подачей глинистого раствора диаметром: до 600/1600 мм в неустойчивых грунтах группы 1
05-01-040-08	05-01-040	Устройство железобетонных буронабивных свай в неустойчивых грунтах вращательным (роторным) способом 	СВАЙНЫЕ РАБОТЫ, ВЫПОЛНЯЕМЫЕ С ЗЕМЛИ	м3	Устройство железобетонных буронабивных свай вращательным (роторным) способом бурения скважин с подачей глинистого раствора диаметром: до 600/1600 мм в неустойчивых грунтах группы 2
05-01-040-09	05-01-040	Устройство железобетонных буронабивных свай в неустойчивых грунтах вращательным (роторным) способом 	СВАЙНЫЕ РАБОТЫ, ВЫПОЛНЯЕМЫЕ С ЗЕМЛИ	м3	Устройство железобетонных буронабивных свай вращательным (роторным) способом бурения скважин с подачей глинистого раствора диаметром: до 600/1600 мм в неустойчивых грунтах группы 3
05-01-040-10	05-01-040	Устройство железобетонных буронабивных свай в неустойчивых грунтах вращательным (роторным) способом 	СВАЙНЫЕ РАБОТЫ, ВЫПОЛНЯЕМЫЕ С ЗЕМЛИ	м3	Устройство железобетонных буронабивных свай вращательным (роторным) способом бурения скважин с подачей глинистого раствора диаметром: до 800/1600 мм в неустойчивых грунтах группы 1
05-01-040-11	05-01-040	Устройство железобетонных буронабивных свай в неустойчивых грунтах вращательным (роторным) способом 	СВАЙНЫЕ РАБОТЫ, ВЫПОЛНЯЕМЫЕ С ЗЕМЛИ	м3	Устройство железобетонных буронабивных свай вращательным (роторным) способом бурения скважин с подачей глинистого раствора диаметром: до 800/1600 мм в неустойчивых грунтах группы 2
05-01-040-12	05-01-040	Устройство железобетонных буронабивных свай в неустойчивых грунтах вращательным (роторным) способом 	СВАЙНЫЕ РАБОТЫ, ВЫПОЛНЯЕМЫЕ С ЗЕМЛИ	м3	Устройство железобетонных буронабивных свай вращательным (роторным) способом бурения скважин с подачей глинистого раствора диаметром: до 800/1600 мм в неустойчивых грунтах группы 3
05-01-041-01	05-01-041	Устройство железобетонных буронабивных свай диаметром 500-600 мм в неустойчивых водонасыщенных грунт	СВАЙНЫЕ РАБОТЫ, ВЫПОЛНЯЕМЫЕ С ЗЕМЛИ	м3	Устройство железобетонных буронабивных свай диаметром 500-600 мм в неустойчивых водонасыщенных грунтах 2 группы установкой СБУ, длина свай: до 12 м
05-01-041-02	05-01-041	Устройство железобетонных буронабивных свай диаметром 500-600 мм в неустойчивых водонасыщенных грунт	СВАЙНЫЕ РАБОТЫ, ВЫПОЛНЯЕМЫЕ С ЗЕМЛИ	м3	Устройство железобетонных буронабивных свай диаметром 500-600 мм в неустойчивых водонасыщенных грунтах 2 группы установкой СБУ, длина свай: до 25 м
05-01-041-03	05-01-041	Устройство железобетонных буронабивных свай диаметром 500-600 мм в неустойчивых водонасыщенных грунт	СВАЙНЫЕ РАБОТЫ, ВЫПОЛНЯЕМЫЕ С ЗЕМЛИ	м3	Устройство железобетонных буронабивных свай диаметром 500-600 мм в неустойчивых водонасыщенных грунтах 2 группы установкой СБУ, длина свай: более 25 м
05-01-042-01	05-01-042	Устройство железобетонных буронабивных свай диаметром 700-800 мм в неустойчивых водонасыщенных грунт	СВАЙНЫЕ РАБОТЫ, ВЫПОЛНЯЕМЫЕ С ЗЕМЛИ	м3	Устройство железобетонных буронабивных свай диаметром 700-800 мм в неустойчивых водонасыщенных грунтах 2 группы установкой СБУ, длина свай: до 12 м
05-01-042-02	05-01-042	Устройство железобетонных буронабивных свай диаметром 700-800 мм в неустойчивых водонасыщенных грунт	СВАЙНЫЕ РАБОТЫ, ВЫПОЛНЯЕМЫЕ С ЗЕМЛИ	м3	Устройство железобетонных буронабивных свай диаметром 700-800 мм в неустойчивых водонасыщенных грунтах 2 группы установкой СБУ, длина свай: до 25 м
05-01-042-03	05-01-042	Устройство железобетонных буронабивных свай диаметром 700-800 мм в неустойчивых водонасыщенных грунт	СВАЙНЫЕ РАБОТЫ, ВЫПОЛНЯЕМЫЕ С ЗЕМЛИ	м3	Устройство железобетонных буронабивных свай диаметром 700-800 мм в неустойчивых водонасыщенных грунтах 2 группы установкой СБУ, длина свай: более 25 м
05-01-043-01	05-01-043	Устройство железобетонных буронабивных свай диаметром 900-1000 мм в неустойчивых водонасыщенных грун	СВАЙНЫЕ РАБОТЫ, ВЫПОЛНЯЕМЫЕ С ЗЕМЛИ	м3	Устройство железобетонных буронабивных свай диаметром 900-1000 мм в неустойчивых водонасыщенных грунтах 2 группы установкой СБУ, длина свай: до 12 м
05-01-043-02	05-01-043	Устройство железобетонных буронабивных свай диаметром 900-1000 мм в неустойчивых водонасыщенных грун	СВАЙНЫЕ РАБОТЫ, ВЫПОЛНЯЕМЫЕ С ЗЕМЛИ	м3	Устройство железобетонных буронабивных свай диаметром 900-1000 мм в неустойчивых водонасыщенных грунтах 2 группы установкой СБУ, длина свай: до 25 м
05-01-043-03	05-01-043	Устройство железобетонных буронабивных свай диаметром 900-1000 мм в неустойчивых водонасыщенных грун	СВАЙНЫЕ РАБОТЫ, ВЫПОЛНЯЕМЫЕ С ЗЕМЛИ	м3	Устройство железобетонных буронабивных свай диаметром 900-1000 мм в неустойчивых водонасыщенных грунтах 2 группы установкой СБУ, длина свай: более 25 м
05-01-044-01	05-01-044	Устройство железобетонных буронабивных свай диаметром 500-600 мм с уширением до 1400 мм в неустойчив	СВАЙНЫЕ РАБОТЫ, ВЫПОЛНЯЕМЫЕ С ЗЕМЛИ	м3	Устройство железобетонных буронабивных свай диаметром 500-600 мм с уширением до 1400 мм в неустойчивых водонасыщенных грунтах 2 группы установкой СБУ, длина свай: до 12 м
05-01-044-02	05-01-044	Устройство железобетонных буронабивных свай диаметром 500-600 мм с уширением до 1400 мм в неустойчив	СВАЙНЫЕ РАБОТЫ, ВЫПОЛНЯЕМЫЕ С ЗЕМЛИ	м3	Устройство железобетонных буронабивных свай диаметром 500-600 мм с уширением до 1400 мм в неустойчивых водонасыщенных грунтах 2 группы установкой СБУ, длина свай: до 25 м
05-01-044-03	05-01-044	Устройство железобетонных буронабивных свай диаметром 500-600 мм с уширением до 1400 мм в неустойчив	СВАЙНЫЕ РАБОТЫ, ВЫПОЛНЯЕМЫЕ С ЗЕМЛИ	м3	Устройство железобетонных буронабивных свай диаметром 500-600 мм с уширением до 1400 мм в неустойчивых водонасыщенных грунтах 2 группы установкой СБУ, длина свай: более 25 м
05-01-045-01	05-01-045	Устройство железобетонных буронабивных свай диаметром 700-800 мм с уширением до 1800 мм в неустойчив	СВАЙНЫЕ РАБОТЫ, ВЫПОЛНЯЕМЫЕ С ЗЕМЛИ	м3	Устройство железобетонных буронабивных свай диаметром 700-800 мм с уширением до 1800 мм в неустойчивых водонасыщенных грунтах 2 группы установкой СБУ, длина свай: до 12 м
05-01-045-02	05-01-045	Устройство железобетонных буронабивных свай диаметром 700-800 мм с уширением до 1800 мм в неустойчив	СВАЙНЫЕ РАБОТЫ, ВЫПОЛНЯЕМЫЕ С ЗЕМЛИ	м3	Устройство железобетонных буронабивных свай диаметром 700-800 мм с уширением до 1800 мм в неустойчивых водонасыщенных грунтах 2 группы установкой СБУ, длина свай: до 25 м
05-01-045-03	05-01-045	Устройство железобетонных буронабивных свай диаметром 700-800 мм с уширением до 1800 мм в неустойчив	СВАЙНЫЕ РАБОТЫ, ВЫПОЛНЯЕМЫЕ С ЗЕМЛИ	м3	Устройство железобетонных буронабивных свай диаметром 700-800 мм с уширением до 1800 мм в неустойчивых водонасыщенных грунтах 2 группы установкой СБУ, длина свай: более 25 м
05-01-046-01	05-01-046	Устройство железобетонных буронабивных свай диаметром 900-1000 мм с уширением до 1800 мм в неустойчи	СВАЙНЫЕ РАБОТЫ, ВЫПОЛНЯЕМЫЕ С ЗЕМЛИ	м3	Устройство железобетонных буронабивных свай диаметром 900-1000 мм в неустойчивых водонасыщенных грунтах 2 группы установкой СБУ, длина свай: до 12 м
05-01-046-02	05-01-046	Устройство железобетонных буронабивных свай диаметром 900-1000 мм с уширением до 1800 мм в неустойчи	СВАЙНЫЕ РАБОТЫ, ВЫПОЛНЯЕМЫЕ С ЗЕМЛИ	м3	Устройство железобетонных буронабивных свай диаметром 900-1000 мм в неустойчивых водонасыщенных грунтах 2 группы установкой СБУ, длина свай: до 25 м
05-01-046-03	05-01-046	Устройство железобетонных буронабивных свай диаметром 900-1000 мм с уширением до 1800 мм в неустойчи	СВАЙНЫЕ РАБОТЫ, ВЫПОЛНЯЕМЫЕ С ЗЕМЛИ	м3	Устройство железобетонных буронабивных свай диаметром 900-1000 мм в неустойчивых водонасыщенных грунтах 2 группы установкой СБУ, длина свай: более 25 м
05-01-047-01	05-01-047	Бурение скальных пород 5 группы под основание свай-оболочек	СВАЙНЫЕ РАБОТЫ, ВЫПОЛНЯЕМЫЕ С ЗЕМЛИ	м3	Бурение скальных пород 5 группы под основание свай-оболочек
05-01-048-01	05-01-048	Бурение ударно-канатным способом скважин диаметром 250; 300 мм	СВАЙНЫЕ РАБОТЫ, ВЫПОЛНЯЕМЫЕ С ЗЕМЛИ	м	Бурение ударно-канатным способом скважин диаметром: 250 мм в грунтах группы 1-2
05-01-048-02	05-01-048	Бурение ударно-канатным способом скважин диаметром 250; 300 мм	СВАЙНЫЕ РАБОТЫ, ВЫПОЛНЯЕМЫЕ С ЗЕМЛИ	м	Бурение ударно-канатным способом скважин диаметром: 250 мм в грунтах группы 3
05-01-048-03	05-01-048	Бурение ударно-канатным способом скважин диаметром 250; 300 мм	СВАЙНЫЕ РАБОТЫ, ВЫПОЛНЯЕМЫЕ С ЗЕМЛИ	м	Бурение ударно-канатным способом скважин диаметром: 250 мм в грунтах группы 4
05-01-048-04	05-01-048	Бурение ударно-канатным способом скважин диаметром 250; 300 мм	СВАЙНЫЕ РАБОТЫ, ВЫПОЛНЯЕМЫЕ С ЗЕМЛИ	м	Бурение ударно-канатным способом скважин диаметром: 250 мм в грунтах группы 5
05-01-048-05	05-01-048	Бурение ударно-канатным способом скважин диаметром 250; 300 мм	СВАЙНЫЕ РАБОТЫ, ВЫПОЛНЯЕМЫЕ С ЗЕМЛИ	м	Бурение ударно-канатным способом скважин диаметром: 250 мм в грунтах группы 6
05-01-048-06	05-01-048	Бурение ударно-канатным способом скважин диаметром 250; 300 мм	СВАЙНЫЕ РАБОТЫ, ВЫПОЛНЯЕМЫЕ С ЗЕМЛИ	м	Бурение ударно-канатным способом скважин диаметром: 250 мм в грунтах группы 7
05-01-048-07	05-01-048	Бурение ударно-канатным способом скважин диаметром 250; 300 мм	СВАЙНЫЕ РАБОТЫ, ВЫПОЛНЯЕМЫЕ С ЗЕМЛИ	м	Бурение ударно-канатным способом скважин диаметром: 300 мм в грунтах группы 1-2
05-01-048-08	05-01-048	Бурение ударно-канатным способом скважин диаметром 250; 300 мм	СВАЙНЫЕ РАБОТЫ, ВЫПОЛНЯЕМЫЕ С ЗЕМЛИ	м	Бурение ударно-канатным способом скважин диаметром: 300 мм в грунтах группы 3
05-01-048-09	05-01-048	Бурение ударно-канатным способом скважин диаметром 250; 300 мм	СВАЙНЫЕ РАБОТЫ, ВЫПОЛНЯЕМЫЕ С ЗЕМЛИ	м	Бурение ударно-канатным способом скважин диаметром: 300 мм в грунтах группы 4
05-01-048-10	05-01-048	Бурение ударно-канатным способом скважин диаметром 250; 300 мм	СВАЙНЫЕ РАБОТЫ, ВЫПОЛНЯЕМЫЕ С ЗЕМЛИ	м	Бурение ударно-канатным способом скважин диаметром: 300 мм в грунтах группы 5
05-01-048-11	05-01-048	Бурение ударно-канатным способом скважин диаметром 250; 300 мм	СВАЙНЫЕ РАБОТЫ, ВЫПОЛНЯЕМЫЕ С ЗЕМЛИ	м	Бурение ударно-канатным способом скважин диаметром: 300 мм в грунтах группы 6
05-01-048-12	05-01-048	Бурение ударно-канатным способом скважин диаметром 250; 300 мм	СВАЙНЫЕ РАБОТЫ, ВЫПОЛНЯЕМЫЕ С ЗЕМЛИ	м	Бурение ударно-канатным способом скважин диаметром: 300 мм в грунтах группы 7
05-01-049-01	05-01-049	Бурение ударно-канатным способом скважин диаметром 350; 400; 450 мм	СВАЙНЫЕ РАБОТЫ, ВЫПОЛНЯЕМЫЕ С ЗЕМЛИ	м	Бурение ударно-канатным способом скважин диаметром: 350 мм в грунтах группы 1-2
05-01-049-02	05-01-049	Бурение ударно-канатным способом скважин диаметром 350; 400; 450 мм	СВАЙНЫЕ РАБОТЫ, ВЫПОЛНЯЕМЫЕ С ЗЕМЛИ	м	Бурение ударно-канатным способом скважин диаметром: 350 мм в грунтах группы 3
05-01-049-03	05-01-049	Бурение ударно-канатным способом скважин диаметром 350; 400; 450 мм	СВАЙНЫЕ РАБОТЫ, ВЫПОЛНЯЕМЫЕ С ЗЕМЛИ	м	Бурение ударно-канатным способом скважин диаметром: 350 мм в грунтах группы 4
05-01-049-04	05-01-049	Бурение ударно-канатным способом скважин диаметром 350; 400; 450 мм	СВАЙНЫЕ РАБОТЫ, ВЫПОЛНЯЕМЫЕ С ЗЕМЛИ	м	Бурение ударно-канатным способом скважин диаметром: 350 мм в грунтах группы 5
05-01-049-05	05-01-049	Бурение ударно-канатным способом скважин диаметром 350; 400; 450 мм	СВАЙНЫЕ РАБОТЫ, ВЫПОЛНЯЕМЫЕ С ЗЕМЛИ	м	Бурение ударно-канатным способом скважин диаметром: 350 мм в грунтах группы 6
05-01-049-06	05-01-049	Бурение ударно-канатным способом скважин диаметром 350; 400; 450 мм	СВАЙНЫЕ РАБОТЫ, ВЫПОЛНЯЕМЫЕ С ЗЕМЛИ	м	Бурение ударно-канатным способом скважин диаметром: 350 мм в грунтах группы 7
05-01-049-07	05-01-049	Бурение ударно-канатным способом скважин диаметром 350; 400; 450 мм	СВАЙНЫЕ РАБОТЫ, ВЫПОЛНЯЕМЫЕ С ЗЕМЛИ	м	Бурение ударно-канатным способом скважин диаметром: 400 мм в грунтах группы 1-2
05-01-049-08	05-01-049	Бурение ударно-канатным способом скважин диаметром 350; 400; 450 мм	СВАЙНЫЕ РАБОТЫ, ВЫПОЛНЯЕМЫЕ С ЗЕМЛИ	м	Бурение ударно-канатным способом скважин диаметром: 400 мм в грунтах группы 3
05-01-049-09	05-01-049	Бурение ударно-канатным способом скважин диаметром 350; 400; 450 мм	СВАЙНЫЕ РАБОТЫ, ВЫПОЛНЯЕМЫЕ С ЗЕМЛИ	м	Бурение ударно-канатным способом скважин диаметром: 400 мм в грунтах группы 4
05-01-049-10	05-01-049	Бурение ударно-канатным способом скважин диаметром 350; 400; 450 мм	СВАЙНЫЕ РАБОТЫ, ВЫПОЛНЯЕМЫЕ С ЗЕМЛИ	м	Бурение ударно-канатным способом скважин диаметром: 400 мм в грунтах группы 5
05-01-049-11	05-01-049	Бурение ударно-канатным способом скважин диаметром 350; 400; 450 мм	СВАЙНЫЕ РАБОТЫ, ВЫПОЛНЯЕМЫЕ С ЗЕМЛИ	м	Бурение ударно-канатным способом скважин диаметром: 400 мм в грунтах группы 6
05-01-049-12	05-01-049	Бурение ударно-канатным способом скважин диаметром 350; 400; 450 мм	СВАЙНЫЕ РАБОТЫ, ВЫПОЛНЯЕМЫЕ С ЗЕМЛИ	м	Бурение ударно-канатным способом скважин диаметром: 400 мм в грунтах группы 7
05-01-049-13	05-01-049	Бурение ударно-канатным способом скважин диаметром 350; 400; 450 мм	СВАЙНЫЕ РАБОТЫ, ВЫПОЛНЯЕМЫЕ С ЗЕМЛИ	м	Бурение ударно-канатным способом скважин диаметром: 450 мм в грунтах группы 1-2
05-01-049-14	05-01-049	Бурение ударно-канатным способом скважин диаметром 350; 400; 450 мм	СВАЙНЫЕ РАБОТЫ, ВЫПОЛНЯЕМЫЕ С ЗЕМЛИ	м	Бурение ударно-канатным способом скважин диаметром: 450 мм в грунтах группы 3
05-01-049-15	05-01-049	Бурение ударно-канатным способом скважин диаметром 350; 400; 450 мм	СВАЙНЫЕ РАБОТЫ, ВЫПОЛНЯЕМЫЕ С ЗЕМЛИ	м	Бурение ударно-канатным способом скважин диаметром: 450 мм в грунтах группы 4
05-01-049-16	05-01-049	Бурение ударно-канатным способом скважин диаметром 350; 400; 450 мм	СВАЙНЫЕ РАБОТЫ, ВЫПОЛНЯЕМЫЕ С ЗЕМЛИ	м	Бурение ударно-канатным способом скважин диаметром: 450 мм в грунтах группы 5
05-01-049-17	05-01-049	Бурение ударно-канатным способом скважин диаметром 350; 400; 450 мм	СВАЙНЫЕ РАБОТЫ, ВЫПОЛНЯЕМЫЕ С ЗЕМЛИ	м	Бурение ударно-канатным способом скважин диаметром: 450 мм в грунтах группы 6
05-01-049-18	05-01-049	Бурение ударно-канатным способом скважин диаметром 350; 400; 450 мм	СВАЙНЫЕ РАБОТЫ, ВЫПОЛНЯЕМЫЕ С ЗЕМЛИ	м	Бурение ударно-канатным способом скважин диаметром: 450 мм в грунтах группы 7
05-01-050-01	05-01-050	Бурение ударно-канатным способом скважин диаметром 500; 550; 600 мм	СВАЙНЫЕ РАБОТЫ, ВЫПОЛНЯЕМЫЕ С ЗЕМЛИ	м	Бурение ударно-канатным способом скважин диаметром: 500 мм в грунтах группы 1-2
05-01-050-02	05-01-050	Бурение ударно-канатным способом скважин диаметром 500; 550; 600 мм	СВАЙНЫЕ РАБОТЫ, ВЫПОЛНЯЕМЫЕ С ЗЕМЛИ	м	Бурение ударно-канатным способом скважин диаметром: 500 мм в грунтах группы 3
05-01-050-03	05-01-050	Бурение ударно-канатным способом скважин диаметром 500; 550; 600 мм	СВАЙНЫЕ РАБОТЫ, ВЫПОЛНЯЕМЫЕ С ЗЕМЛИ	м	Бурение ударно-канатным способом скважин диаметром: 500 мм в грунтах группы 4
05-01-050-04	05-01-050	Бурение ударно-канатным способом скважин диаметром 500; 550; 600 мм	СВАЙНЫЕ РАБОТЫ, ВЫПОЛНЯЕМЫЕ С ЗЕМЛИ	м	Бурение ударно-канатным способом скважин диаметром: 500 мм в грунтах группы 5
05-01-050-05	05-01-050	Бурение ударно-канатным способом скважин диаметром 500; 550; 600 мм	СВАЙНЫЕ РАБОТЫ, ВЫПОЛНЯЕМЫЕ С ЗЕМЛИ	м	Бурение ударно-канатным способом скважин диаметром: 500 мм в грунтах группы 6
05-01-050-06	05-01-050	Бурение ударно-канатным способом скважин диаметром 500; 550; 600 мм	СВАЙНЫЕ РАБОТЫ, ВЫПОЛНЯЕМЫЕ С ЗЕМЛИ	м	Бурение ударно-канатным способом скважин диаметром: 500 мм в грунтах группы 7
05-01-050-07	05-01-050	Бурение ударно-канатным способом скважин диаметром 500; 550; 600 мм	СВАЙНЫЕ РАБОТЫ, ВЫПОЛНЯЕМЫЕ С ЗЕМЛИ	м	Бурение ударно-канатным способом скважин диаметром: 550 мм в грунтах группы 1-2
05-01-050-08	05-01-050	Бурение ударно-канатным способом скважин диаметром 500; 550; 600 мм	СВАЙНЫЕ РАБОТЫ, ВЫПОЛНЯЕМЫЕ С ЗЕМЛИ	м	Бурение ударно-канатным способом скважин диаметром: 550 мм в грунтах группы 3
05-01-050-09	05-01-050	Бурение ударно-канатным способом скважин диаметром 500; 550; 600 мм	СВАЙНЫЕ РАБОТЫ, ВЫПОЛНЯЕМЫЕ С ЗЕМЛИ	м	Бурение ударно-канатным способом скважин диаметром: 550 мм в грунтах группы 4
05-01-050-10	05-01-050	Бурение ударно-канатным способом скважин диаметром 500; 550; 600 мм	СВАЙНЫЕ РАБОТЫ, ВЫПОЛНЯЕМЫЕ С ЗЕМЛИ	м	Бурение ударно-канатным способом скважин диаметром: 550 мм в грунтах группы 5
05-01-050-11	05-01-050	Бурение ударно-канатным способом скважин диаметром 500; 550; 600 мм	СВАЙНЫЕ РАБОТЫ, ВЫПОЛНЯЕМЫЕ С ЗЕМЛИ	м	Бурение ударно-канатным способом скважин диаметром: 550 мм в грунтах группы 6
05-01-050-12	05-01-050	Бурение ударно-канатным способом скважин диаметром 500; 550; 600 мм	СВАЙНЫЕ РАБОТЫ, ВЫПОЛНЯЕМЫЕ С ЗЕМЛИ	м	Бурение ударно-канатным способом скважин диаметром: 600 мм в грунтах группы 1-2
05-01-050-13	05-01-050	Бурение ударно-канатным способом скважин диаметром 500; 550; 600 мм	СВАЙНЫЕ РАБОТЫ, ВЫПОЛНЯЕМЫЕ С ЗЕМЛИ	м	Бурение ударно-канатным способом скважин диаметром: 600 мм в грунтах группы 3
05-01-050-14	05-01-050	Бурение ударно-канатным способом скважин диаметром 500; 550; 600 мм	СВАЙНЫЕ РАБОТЫ, ВЫПОЛНЯЕМЫЕ С ЗЕМЛИ	м	Бурение ударно-канатным способом скважин диаметром: 600 мм в грунтах группы 4
05-01-050-15	05-01-050	Бурение ударно-канатным способом скважин диаметром 500; 550; 600 мм	СВАЙНЫЕ РАБОТЫ, ВЫПОЛНЯЕМЫЕ С ЗЕМЛИ	м	Бурение ударно-канатным способом скважин диаметром: 600 мм в грунтах группы 5
05-01-050-16	05-01-050	Бурение ударно-канатным способом скважин диаметром 500; 550; 600 мм	СВАЙНЫЕ РАБОТЫ, ВЫПОЛНЯЕМЫЕ С ЗЕМЛИ	м	Бурение ударно-канатным способом скважин диаметром: 600 мм в грунтах группы 6
05-01-051-01	05-01-051	Бурение ударно-канатным способом скважин диаметром 650; 700 мм	СВАЙНЫЕ РАБОТЫ, ВЫПОЛНЯЕМЫЕ С ЗЕМЛИ	м	Бурение ударно-канатным способом скважин диаметром: 650 мм в грунтах группы 1-2
05-01-051-02	05-01-051	Бурение ударно-канатным способом скважин диаметром 650; 700 мм	СВАЙНЫЕ РАБОТЫ, ВЫПОЛНЯЕМЫЕ С ЗЕМЛИ	м	Бурение ударно-канатным способом скважин диаметром: 650 мм в грунтах группы 3
05-01-051-03	05-01-051	Бурение ударно-канатным способом скважин диаметром 650; 700 мм	СВАЙНЫЕ РАБОТЫ, ВЫПОЛНЯЕМЫЕ С ЗЕМЛИ	м	Бурение ударно-канатным способом скважин диаметром: 650 мм в грунтах группы 4
05-01-051-04	05-01-051	Бурение ударно-канатным способом скважин диаметром 650; 700 мм	СВАЙНЫЕ РАБОТЫ, ВЫПОЛНЯЕМЫЕ С ЗЕМЛИ	м	Бурение ударно-канатным способом скважин диаметром: 650 мм в грунтах группы 5
05-01-051-05	05-01-051	Бурение ударно-канатным способом скважин диаметром 650; 700 мм	СВАЙНЫЕ РАБОТЫ, ВЫПОЛНЯЕМЫЕ С ЗЕМЛИ	м	Бурение ударно-канатным способом скважин диаметром: 650 мм в грунтах группы 6
05-01-051-06	05-01-051	Бурение ударно-канатным способом скважин диаметром 650; 700 мм	СВАЙНЫЕ РАБОТЫ, ВЫПОЛНЯЕМЫЕ С ЗЕМЛИ	м	Бурение ударно-канатным способом скважин диаметром: 700 мм в грунтах группы 1-2
05-01-051-07	05-01-051	Бурение ударно-канатным способом скважин диаметром 650; 700 мм	СВАЙНЫЕ РАБОТЫ, ВЫПОЛНЯЕМЫЕ С ЗЕМЛИ	м	Бурение ударно-канатным способом скважин диаметром: 700 мм в грунтах группы 3
05-01-051-08	05-01-051	Бурение ударно-канатным способом скважин диаметром 650; 700 мм	СВАЙНЫЕ РАБОТЫ, ВЫПОЛНЯЕМЫЕ С ЗЕМЛИ	м	Бурение ударно-канатным способом скважин диаметром: 700 мм в грунтах группы 4
05-01-051-09	05-01-051	Бурение ударно-канатным способом скважин диаметром 650; 700 мм	СВАЙНЫЕ РАБОТЫ, ВЫПОЛНЯЕМЫЕ С ЗЕМЛИ	м	Бурение ударно-канатным способом скважин диаметром: 700 мм в грунтах группы 5
05-01-051-10	05-01-051	Бурение ударно-канатным способом скважин диаметром 650; 700 мм	СВАЙНЫЕ РАБОТЫ, ВЫПОЛНЯЕМЫЕ С ЗЕМЛИ	м	Бурение ударно-канатным способом скважин диаметром: 700 мм в грунтах группы 6
05-01-052-01	05-01-052	Бурение скважин диаметром 250 мм вращательным (роторным) способом	СВАЙНЫЕ РАБОТЫ, ВЫПОЛНЯЕМЫЕ С ЗЕМЛИ	м	Бурение скважин диаметром 250 мм вращательным (роторным) способом в грунтах и породах группы: 1
05-01-052-02	05-01-052	Бурение скважин диаметром 250 мм вращательным (роторным) способом	СВАЙНЫЕ РАБОТЫ, ВЫПОЛНЯЕМЫЕ С ЗЕМЛИ	м	Бурение скважин диаметром 250 мм вращательным (роторным) способом в грунтах и породах группы: 2
05-01-052-03	05-01-052	Бурение скважин диаметром 250 мм вращательным (роторным) способом	СВАЙНЫЕ РАБОТЫ, ВЫПОЛНЯЕМЫЕ С ЗЕМЛИ	м	Бурение скважин диаметром 250 мм вращательным (роторным) способом в грунтах и породах группы: 3
05-01-052-04	05-01-052	Бурение скважин диаметром 250 мм вращательным (роторным) способом	СВАЙНЫЕ РАБОТЫ, ВЫПОЛНЯЕМЫЕ С ЗЕМЛИ	м	Бурение скважин диаметром 250 мм вращательным (роторным) способом в грунтах и породах группы: 4
05-01-052-05	05-01-052	Бурение скважин диаметром 250 мм вращательным (роторным) способом	СВАЙНЫЕ РАБОТЫ, ВЫПОЛНЯЕМЫЕ С ЗЕМЛИ	м	Бурение скважин диаметром 250 мм вращательным (роторным) способом в грунтах и породах группы: 5
05-01-052-06	05-01-052	Бурение скважин диаметром 250 мм вращательным (роторным) способом	СВАЙНЫЕ РАБОТЫ, ВЫПОЛНЯЕМЫЕ С ЗЕМЛИ	м	Бурение скважин диаметром 250 мм вращательным (роторным) способом в грунтах и породах группы: 6
05-01-052-07	05-01-052	Бурение скважин диаметром 250 мм вращательным (роторным) способом	СВАЙНЫЕ РАБОТЫ, ВЫПОЛНЯЕМЫЕ С ЗЕМЛИ	м	Бурение скважин диаметром 250 мм вращательным (роторным) способом в грунтах и породах группы: 7
05-01-052-08	05-01-052	Бурение скважин диаметром 250 мм вращательным (роторным) способом	СВАЙНЫЕ РАБОТЫ, ВЫПОЛНЯЕМЫЕ С ЗЕМЛИ	м	Бурение скважин диаметром 250 мм вращательным (роторным) способом в грунтах и породах группы: 8
05-01-052-09	05-01-052	Бурение скважин диаметром 250 мм вращательным (роторным) способом	СВАЙНЫЕ РАБОТЫ, ВЫПОЛНЯЕМЫЕ С ЗЕМЛИ	м	Бурение скважин диаметром 250 мм вращательным (роторным) способом в грунтах и породах группы: 9
05-01-052-10	05-01-052	Бурение скважин диаметром 250 мм вращательным (роторным) способом	СВАЙНЫЕ РАБОТЫ, ВЫПОЛНЯЕМЫЕ С ЗЕМЛИ	м	Бурение скважин диаметром 250 мм вращательным (роторным) способом в грунтах и породах группы: 10
05-01-053-01	05-01-053	Бурение скважин диаметром 300 мм вращательным (роторным) способом	СВАЙНЫЕ РАБОТЫ, ВЫПОЛНЯЕМЫЕ С ЗЕМЛИ	м	Бурение скважин диаметром 300 мм вращательным (роторным) способом в грунтах и породах группы: 1
05-01-053-02	05-01-053	Бурение скважин диаметром 300 мм вращательным (роторным) способом	СВАЙНЫЕ РАБОТЫ, ВЫПОЛНЯЕМЫЕ С ЗЕМЛИ	м	Бурение скважин диаметром 300 мм вращательным (роторным) способом в грунтах и породах группы: 2
05-01-053-03	05-01-053	Бурение скважин диаметром 300 мм вращательным (роторным) способом	СВАЙНЫЕ РАБОТЫ, ВЫПОЛНЯЕМЫЕ С ЗЕМЛИ	м	Бурение скважин диаметром 300 мм вращательным (роторным) способом в грунтах и породах группы: 3
05-01-053-04	05-01-053	Бурение скважин диаметром 300 мм вращательным (роторным) способом	СВАЙНЫЕ РАБОТЫ, ВЫПОЛНЯЕМЫЕ С ЗЕМЛИ	м	Бурение скважин диаметром 300 мм вращательным (роторным) способом в грунтах и породах группы: 4
05-01-053-05	05-01-053	Бурение скважин диаметром 300 мм вращательным (роторным) способом	СВАЙНЫЕ РАБОТЫ, ВЫПОЛНЯЕМЫЕ С ЗЕМЛИ	м	Бурение скважин диаметром 300 мм вращательным (роторным) способом в грунтах и породах группы: 5
05-01-053-06	05-01-053	Бурение скважин диаметром 300 мм вращательным (роторным) способом	СВАЙНЫЕ РАБОТЫ, ВЫПОЛНЯЕМЫЕ С ЗЕМЛИ	м	Бурение скважин диаметром 300 мм вращательным (роторным) способом в грунтах и породах группы: 6
05-01-053-07	05-01-053	Бурение скважин диаметром 300 мм вращательным (роторным) способом	СВАЙНЫЕ РАБОТЫ, ВЫПОЛНЯЕМЫЕ С ЗЕМЛИ	м	Бурение скважин диаметром 300 мм вращательным (роторным) способом в грунтах и породах группы: 7
05-01-053-08	05-01-053	Бурение скважин диаметром 300 мм вращательным (роторным) способом	СВАЙНЫЕ РАБОТЫ, ВЫПОЛНЯЕМЫЕ С ЗЕМЛИ	м	Бурение скважин диаметром 300 мм вращательным (роторным) способом в грунтах и породах группы: 8
05-01-053-09	05-01-053	Бурение скважин диаметром 300 мм вращательным (роторным) способом	СВАЙНЫЕ РАБОТЫ, ВЫПОЛНЯЕМЫЕ С ЗЕМЛИ	м	Бурение скважин диаметром 300 мм вращательным (роторным) способом в грунтах и породах группы: 9
05-01-053-10	05-01-053	Бурение скважин диаметром 300 мм вращательным (роторным) способом	СВАЙНЫЕ РАБОТЫ, ВЫПОЛНЯЕМЫЕ С ЗЕМЛИ	м	Бурение скважин диаметром 300 мм вращательным (роторным) способом в грунтах и породах группы: 10
05-01-054-01	05-01-054	Бурение скважин диаметром 350 мм вращательным (роторным) способом	СВАЙНЫЕ РАБОТЫ, ВЫПОЛНЯЕМЫЕ С ЗЕМЛИ	м	Бурение скважин диаметром 350 мм вращательным (роторным) способом в грунтах и породах группы: 1
05-01-054-02	05-01-054	Бурение скважин диаметром 350 мм вращательным (роторным) способом	СВАЙНЫЕ РАБОТЫ, ВЫПОЛНЯЕМЫЕ С ЗЕМЛИ	м	Бурение скважин диаметром 350 мм вращательным (роторным) способом в грунтах и породах группы: 2
05-01-054-03	05-01-054	Бурение скважин диаметром 350 мм вращательным (роторным) способом	СВАЙНЫЕ РАБОТЫ, ВЫПОЛНЯЕМЫЕ С ЗЕМЛИ	м	Бурение скважин диаметром 350 мм вращательным (роторным) способом в грунтах и породах группы: 3
05-01-054-04	05-01-054	Бурение скважин диаметром 350 мм вращательным (роторным) способом	СВАЙНЫЕ РАБОТЫ, ВЫПОЛНЯЕМЫЕ С ЗЕМЛИ	м	Бурение скважин диаметром 350 мм вращательным (роторным) способом в грунтах и породах группы: 4
05-01-054-05	05-01-054	Бурение скважин диаметром 350 мм вращательным (роторным) способом	СВАЙНЫЕ РАБОТЫ, ВЫПОЛНЯЕМЫЕ С ЗЕМЛИ	м	Бурение скважин диаметром 350 мм вращательным (роторным) способом в грунтах и породах группы: 5
05-01-054-06	05-01-054	Бурение скважин диаметром 350 мм вращательным (роторным) способом	СВАЙНЫЕ РАБОТЫ, ВЫПОЛНЯЕМЫЕ С ЗЕМЛИ	м	Бурение скважин диаметром 350 мм вращательным (роторным) способом в грунтах и породах группы: 6
05-01-054-07	05-01-054	Бурение скважин диаметром 350 мм вращательным (роторным) способом	СВАЙНЫЕ РАБОТЫ, ВЫПОЛНЯЕМЫЕ С ЗЕМЛИ	м	Бурение скважин диаметром 350 мм вращательным (роторным) способом в грунтах и породах группы: 7
05-01-054-08	05-01-054	Бурение скважин диаметром 350 мм вращательным (роторным) способом	СВАЙНЫЕ РАБОТЫ, ВЫПОЛНЯЕМЫЕ С ЗЕМЛИ	м	Бурение скважин диаметром 350 мм вращательным (роторным) способом в грунтах и породах группы: 8
05-01-054-09	05-01-054	Бурение скважин диаметром 350 мм вращательным (роторным) способом	СВАЙНЫЕ РАБОТЫ, ВЫПОЛНЯЕМЫЕ С ЗЕМЛИ	м	Бурение скважин диаметром 350 мм вращательным (роторным) способом в грунтах и породах группы: 9
05-01-054-10	05-01-054	Бурение скважин диаметром 350 мм вращательным (роторным) способом	СВАЙНЫЕ РАБОТЫ, ВЫПОЛНЯЕМЫЕ С ЗЕМЛИ	м	Бурение скважин диаметром 350 мм вращательным (роторным) способом в грунтах и породах группы: 10
05-01-055-01	05-01-055	Бурение скважин диаметром 450 мм вращательным (роторным) способом	СВАЙНЫЕ РАБОТЫ, ВЫПОЛНЯЕМЫЕ С ЗЕМЛИ	м	Бурение скважин диаметром 450 мм вращательным (роторным) способом в грунтах и породах группы: 1
05-01-055-02	05-01-055	Бурение скважин диаметром 450 мм вращательным (роторным) способом	СВАЙНЫЕ РАБОТЫ, ВЫПОЛНЯЕМЫЕ С ЗЕМЛИ	м	Бурение скважин диаметром 450 мм вращательным (роторным) способом в грунтах и породах группы: 2
05-01-055-03	05-01-055	Бурение скважин диаметром 450 мм вращательным (роторным) способом	СВАЙНЫЕ РАБОТЫ, ВЫПОЛНЯЕМЫЕ С ЗЕМЛИ	м	Бурение скважин диаметром 450 мм вращательным (роторным) способом в грунтах и породах группы: 3
05-01-055-04	05-01-055	Бурение скважин диаметром 450 мм вращательным (роторным) способом	СВАЙНЫЕ РАБОТЫ, ВЫПОЛНЯЕМЫЕ С ЗЕМЛИ	м	Бурение скважин диаметром 450 мм вращательным (роторным) способом в грунтах и породах группы: 4
05-01-055-05	05-01-055	Бурение скважин диаметром 450 мм вращательным (роторным) способом	СВАЙНЫЕ РАБОТЫ, ВЫПОЛНЯЕМЫЕ С ЗЕМЛИ	м	Бурение скважин диаметром 450 мм вращательным (роторным) способом в грунтах и породах группы: 5
05-01-055-06	05-01-055	Бурение скважин диаметром 450 мм вращательным (роторным) способом	СВАЙНЫЕ РАБОТЫ, ВЫПОЛНЯЕМЫЕ С ЗЕМЛИ	м	Бурение скважин диаметром 450 мм вращательным (роторным) способом в грунтах и породах группы: 6
05-01-055-07	05-01-055	Бурение скважин диаметром 450 мм вращательным (роторным) способом	СВАЙНЫЕ РАБОТЫ, ВЫПОЛНЯЕМЫЕ С ЗЕМЛИ	м	Бурение скважин диаметром 450 мм вращательным (роторным) способом в грунтах и породах группы: 7
05-01-055-08	05-01-055	Бурение скважин диаметром 450 мм вращательным (роторным) способом	СВАЙНЫЕ РАБОТЫ, ВЫПОЛНЯЕМЫЕ С ЗЕМЛИ	м	Бурение скважин диаметром 450 мм вращательным (роторным) способом в грунтах и породах группы: 8
05-01-055-09	05-01-055	Бурение скважин диаметром 450 мм вращательным (роторным) способом	СВАЙНЫЕ РАБОТЫ, ВЫПОЛНЯЕМЫЕ С ЗЕМЛИ	м	Бурение скважин диаметром 450 мм вращательным (роторным) способом в грунтах и породах группы: 9
05-01-055-10	05-01-055	Бурение скважин диаметром 450 мм вращательным (роторным) способом	СВАЙНЫЕ РАБОТЫ, ВЫПОЛНЯЕМЫЕ С ЗЕМЛИ	м	Бурение скважин диаметром 450 мм вращательным (роторным) способом в грунтах и породах группы: 10
05-01-056-01	05-01-056	Бурение скважин диаметром 500 мм вращательным (роторным) способом	СВАЙНЫЕ РАБОТЫ, ВЫПОЛНЯЕМЫЕ С ЗЕМЛИ	м	Бурение скважин диаметром 500 мм вращательным (роторным) способом в грунтах и породах группы: 1
05-01-056-02	05-01-056	Бурение скважин диаметром 500 мм вращательным (роторным) способом	СВАЙНЫЕ РАБОТЫ, ВЫПОЛНЯЕМЫЕ С ЗЕМЛИ	м	Бурение скважин диаметром 500 мм вращательным (роторным) способом в грунтах и породах группы: 2
05-01-056-03	05-01-056	Бурение скважин диаметром 500 мм вращательным (роторным) способом	СВАЙНЫЕ РАБОТЫ, ВЫПОЛНЯЕМЫЕ С ЗЕМЛИ	м	Бурение скважин диаметром 500 мм вращательным (роторным) способом в грунтах и породах группы: 3
05-01-056-04	05-01-056	Бурение скважин диаметром 500 мм вращательным (роторным) способом	СВАЙНЫЕ РАБОТЫ, ВЫПОЛНЯЕМЫЕ С ЗЕМЛИ	м	Бурение скважин диаметром 500 мм вращательным (роторным) способом в грунтах и породах группы: 4
05-01-056-05	05-01-056	Бурение скважин диаметром 500 мм вращательным (роторным) способом	СВАЙНЫЕ РАБОТЫ, ВЫПОЛНЯЕМЫЕ С ЗЕМЛИ	м	Бурение скважин диаметром 500 мм вращательным (роторным) способом в грунтах и породах группы: 5
05-01-056-06	05-01-056	Бурение скважин диаметром 500 мм вращательным (роторным) способом	СВАЙНЫЕ РАБОТЫ, ВЫПОЛНЯЕМЫЕ С ЗЕМЛИ	м	Бурение скважин диаметром 500 мм вращательным (роторным) способом в грунтах и породах группы: 6
05-01-056-07	05-01-056	Бурение скважин диаметром 500 мм вращательным (роторным) способом	СВАЙНЫЕ РАБОТЫ, ВЫПОЛНЯЕМЫЕ С ЗЕМЛИ	м	Бурение скважин диаметром 500 мм вращательным (роторным) способом в грунтах и породах группы: 7
05-01-056-08	05-01-056	Бурение скважин диаметром 500 мм вращательным (роторным) способом	СВАЙНЫЕ РАБОТЫ, ВЫПОЛНЯЕМЫЕ С ЗЕМЛИ	м	Бурение скважин диаметром 500 мм вращательным (роторным) способом в грунтах и породах группы: 8
05-01-056-09	05-01-056	Бурение скважин диаметром 500 мм вращательным (роторным) способом	СВАЙНЫЕ РАБОТЫ, ВЫПОЛНЯЕМЫЕ С ЗЕМЛИ	м	Бурение скважин диаметром 500 мм вращательным (роторным) способом в грунтах и породах группы: 9
05-01-056-10	05-01-056	Бурение скважин диаметром 500 мм вращательным (роторным) способом	СВАЙНЫЕ РАБОТЫ, ВЫПОЛНЯЕМЫЕ С ЗЕМЛИ	м	Бурение скважин диаметром 500 мм вращательным (роторным) способом в грунтах и породах группы: 10
05-01-057-01	05-01-057	Бурение скважин диаметром 600 мм вращательным (роторным) способом	СВАЙНЫЕ РАБОТЫ, ВЫПОЛНЯЕМЫЕ С ЗЕМЛИ	м	Бурение скважин диаметром 600 мм вращательным (роторным) способом в грунтах и породах группы: 1
05-01-057-02	05-01-057	Бурение скважин диаметром 600 мм вращательным (роторным) способом	СВАЙНЫЕ РАБОТЫ, ВЫПОЛНЯЕМЫЕ С ЗЕМЛИ	м	Бурение скважин диаметром 600 мм вращательным (роторным) способом в грунтах и породах группы: 2
05-01-057-03	05-01-057	Бурение скважин диаметром 600 мм вращательным (роторным) способом	СВАЙНЫЕ РАБОТЫ, ВЫПОЛНЯЕМЫЕ С ЗЕМЛИ	м	Бурение скважин диаметром 600 мм вращательным (роторным) способом в грунтах и породах группы: 3
05-01-057-04	05-01-057	Бурение скважин диаметром 600 мм вращательным (роторным) способом	СВАЙНЫЕ РАБОТЫ, ВЫПОЛНЯЕМЫЕ С ЗЕМЛИ	м	Бурение скважин диаметром 600 мм вращательным (роторным) способом в грунтах и породах группы: 4
05-01-057-05	05-01-057	Бурение скважин диаметром 600 мм вращательным (роторным) способом	СВАЙНЫЕ РАБОТЫ, ВЫПОЛНЯЕМЫЕ С ЗЕМЛИ	м	Бурение скважин диаметром 600 мм вращательным (роторным) способом в грунтах и породах группы: 5
05-01-057-06	05-01-057	Бурение скважин диаметром 600 мм вращательным (роторным) способом	СВАЙНЫЕ РАБОТЫ, ВЫПОЛНЯЕМЫЕ С ЗЕМЛИ	м	Бурение скважин диаметром 600 мм вращательным (роторным) способом в грунтах и породах группы: 6
05-01-057-07	05-01-057	Бурение скважин диаметром 600 мм вращательным (роторным) способом	СВАЙНЫЕ РАБОТЫ, ВЫПОЛНЯЕМЫЕ С ЗЕМЛИ	м	Бурение скважин диаметром 600 мм вращательным (роторным) способом в грунтах и породах группы: 7
05-01-057-08	05-01-057	Бурение скважин диаметром 600 мм вращательным (роторным) способом	СВАЙНЫЕ РАБОТЫ, ВЫПОЛНЯЕМЫЕ С ЗЕМЛИ	м	Бурение скважин диаметром 600 мм вращательным (роторным) способом в грунтах и породах группы: 8
05-01-057-09	05-01-057	Бурение скважин диаметром 600 мм вращательным (роторным) способом	СВАЙНЫЕ РАБОТЫ, ВЫПОЛНЯЕМЫЕ С ЗЕМЛИ	м	Бурение скважин диаметром 600 мм вращательным (роторным) способом в грунтах и породах группы: 9
05-01-057-10	05-01-057	Бурение скважин диаметром 600 мм вращательным (роторным) способом	СВАЙНЫЕ РАБОТЫ, ВЫПОЛНЯЕМЫЕ С ЗЕМЛИ	м	Бурение скважин диаметром 600 мм вращательным (роторным) способом в грунтах и породах группы: 10
05-01-058-01	05-01-058	Бурение скважин диаметром 700 мм вращательным (роторным) способом	СВАЙНЫЕ РАБОТЫ, ВЫПОЛНЯЕМЫЕ С ЗЕМЛИ	м	Бурение скважин диаметром 700 мм вращательным (роторным) способом в грунтах и породах группы: 1
05-01-058-02	05-01-058	Бурение скважин диаметром 700 мм вращательным (роторным) способом	СВАЙНЫЕ РАБОТЫ, ВЫПОЛНЯЕМЫЕ С ЗЕМЛИ	м	Бурение скважин диаметром 700 мм вращательным (роторным) способом в грунтах и породах группы: 2
05-01-058-03	05-01-058	Бурение скважин диаметром 700 мм вращательным (роторным) способом	СВАЙНЫЕ РАБОТЫ, ВЫПОЛНЯЕМЫЕ С ЗЕМЛИ	м	Бурение скважин диаметром 700 мм вращательным (роторным) способом в грунтах и породах группы: 3
05-01-058-04	05-01-058	Бурение скважин диаметром 700 мм вращательным (роторным) способом	СВАЙНЫЕ РАБОТЫ, ВЫПОЛНЯЕМЫЕ С ЗЕМЛИ	м	Бурение скважин диаметром 700 мм вращательным (роторным) способом в грунтах и породах группы: 4
05-01-058-05	05-01-058	Бурение скважин диаметром 700 мм вращательным (роторным) способом	СВАЙНЫЕ РАБОТЫ, ВЫПОЛНЯЕМЫЕ С ЗЕМЛИ	м	Бурение скважин диаметром 700 мм вращательным (роторным) способом в грунтах и породах группы: 5
05-01-058-06	05-01-058	Бурение скважин диаметром 700 мм вращательным (роторным) способом	СВАЙНЫЕ РАБОТЫ, ВЫПОЛНЯЕМЫЕ С ЗЕМЛИ	м	Бурение скважин диаметром 700 мм вращательным (роторным) способом в грунтах и породах группы: 6
05-01-058-07	05-01-058	Бурение скважин диаметром 700 мм вращательным (роторным) способом	СВАЙНЫЕ РАБОТЫ, ВЫПОЛНЯЕМЫЕ С ЗЕМЛИ	м	Бурение скважин диаметром 700 мм вращательным (роторным) способом в грунтах и породах группы: 7
05-01-058-08	05-01-058	Бурение скважин диаметром 700 мм вращательным (роторным) способом	СВАЙНЫЕ РАБОТЫ, ВЫПОЛНЯЕМЫЕ С ЗЕМЛИ	м	Бурение скважин диаметром 700 мм вращательным (роторным) способом в грунтах и породах группы: 8
05-01-058-09	05-01-058	Бурение скважин диаметром 700 мм вращательным (роторным) способом	СВАЙНЫЕ РАБОТЫ, ВЫПОЛНЯЕМЫЕ С ЗЕМЛИ	м	Бурение скважин диаметром 700 мм вращательным (роторным) способом в грунтах и породах группы: 9
05-01-058-10	05-01-058	Бурение скважин диаметром 700 мм вращательным (роторным) способом	СВАЙНЫЕ РАБОТЫ, ВЫПОЛНЯЕМЫЕ С ЗЕМЛИ	м	Бурение скважин диаметром 700 мм вращательным (роторным) способом в грунтах и породах группы: 10
05-01-059-01	05-01-059	Бурение скважин вращательным (ковшевым) способом	СВАЙНЫЕ РАБОТЫ, ВЫПОЛНЯЕМЫЕ С ЗЕМЛИ	м	Бурение скважин вращательным (ковшовым) способом диаметром: 1000 мм в грунтах группы 1
05-01-059-02	05-01-059	Бурение скважин вращательным (ковшевым) способом	СВАЙНЫЕ РАБОТЫ, ВЫПОЛНЯЕМЫЕ С ЗЕМЛИ	м	Бурение скважин вращательным (ковшовым) способом диаметром: 1000 мм в грунтах группы 2
05-01-059-03	05-01-059	Бурение скважин вращательным (ковшевым) способом	СВАЙНЫЕ РАБОТЫ, ВЫПОЛНЯЕМЫЕ С ЗЕМЛИ	м	Бурение скважин вращательным (ковшовым) способом диаметром: 1000 мм в грунтах группы 3
05-01-059-04	05-01-059	Бурение скважин вращательным (ковшевым) способом	СВАЙНЫЕ РАБОТЫ, ВЫПОЛНЯЕМЫЕ С ЗЕМЛИ	м	Бурение скважин вращательным (ковшовым) способом диаметром: 1200 мм в грунтах группы 1
05-01-059-05	05-01-059	Бурение скважин вращательным (ковшевым) способом	СВАЙНЫЕ РАБОТЫ, ВЫПОЛНЯЕМЫЕ С ЗЕМЛИ	м	Бурение скважин вращательным (ковшовым) способом диаметром: 1200 мм в грунтах группы 2
05-01-059-06	05-01-059	Бурение скважин вращательным (ковшевым) способом	СВАЙНЫЕ РАБОТЫ, ВЫПОЛНЯЕМЫЕ С ЗЕМЛИ	м	Бурение скважин вращательным (ковшовым) способом диаметром: 1200 мм в грунтах группы 3
05-01-060-01	05-01-060	Бурение уширения основания скважины для буронабивных железобетонных свай	СВАЙНЫЕ РАБОТЫ, ВЫПОЛНЯЕМЫЕ С ЗЕМЛИ	шт	Бурение уширения основания скважины для буронабивных железобетонных свай в грунтах группы: 1-2
05-01-060-02	05-01-060	Бурение уширения основания скважины для буронабивных железобетонных свай	СВАЙНЫЕ РАБОТЫ, ВЫПОЛНЯЕМЫЕ С ЗЕМЛИ	шт	Бурение уширения основания скважины для буронабивных железобетонных свай в грунтах группы: 3
05-01-061-01	05-01-061	Установка в скважину арматурного каркаса	СВАЙНЫЕ РАБОТЫ, ВЫПОЛНЯЕМЫЕ С ЗЕМЛИ	шт	Установка в скважину арматурного каркаса
05-01-062-01	05-01-062	Бетонирование свай	СВАЙНЫЕ РАБОТЫ, ВЫПОЛНЯЕМЫЕ С ЗЕМЛИ	м3	Бетонирование свай
05-01-063-01	05-01-063	Заполнение раствором пустот между стенкой скважины и телом сваи	СВАЙНЫЕ РАБОТЫ, ВЫПОЛНЯЕМЫЕ С ЗЕМЛИ	м3	Заполнение раствором пустот между стенкой скважины и телом сваи
05-01-064-01	05-01-064	Разработка траншей глубиной до 10 м установкой с плоским грейфером	СВАЙНЫЕ РАБОТЫ, ВЫПОЛНЯЕМЫЕ С ЗЕМЛИ	м3	Разработка траншей глубиной до 10 м установкой с плоским грейфером при ширине траншеи: 400 мм в грунтах группы 1
05-01-064-02	05-01-064	Разработка траншей глубиной до 10 м установкой с плоским грейфером	СВАЙНЫЕ РАБОТЫ, ВЫПОЛНЯЕМЫЕ С ЗЕМЛИ	м3	Разработка траншей глубиной до 10 м установкой с плоским грейфером при ширине траншеи: 400 мм в грунтах группы 2
05-01-064-03	05-01-064	Разработка траншей глубиной до 10 м установкой с плоским грейфером	СВАЙНЫЕ РАБОТЫ, ВЫПОЛНЯЕМЫЕ С ЗЕМЛИ	м3	Разработка траншей глубиной до 10 м установкой с плоским грейфером при ширине траншеи: 400 мм в грунтах группы 3
05-01-064-04	05-01-064	Разработка траншей глубиной до 10 м установкой с плоским грейфером	СВАЙНЫЕ РАБОТЫ, ВЫПОЛНЯЕМЫЕ С ЗЕМЛИ	м3	Разработка траншей глубиной до 10 м установкой с плоским грейфером при ширине траншеи: 600 мм в грунтах группы 1
05-01-064-05	05-01-064	Разработка траншей глубиной до 10 м установкой с плоским грейфером	СВАЙНЫЕ РАБОТЫ, ВЫПОЛНЯЕМЫЕ С ЗЕМЛИ	м3	Разработка траншей глубиной до 10 м установкой с плоским грейфером при ширине траншеи: 600 мм в грунтах группы 2
05-01-064-06	05-01-064	Разработка траншей глубиной до 10 м установкой с плоским грейфером	СВАЙНЫЕ РАБОТЫ, ВЫПОЛНЯЕМЫЕ С ЗЕМЛИ	м3	Разработка траншей глубиной до 10 м установкой с плоским грейфером при ширине траншеи: 600 мм в грунтах группы 3
05-01-064-07	05-01-064	Разработка траншей глубиной до 10 м установкой с плоским грейфером	СВАЙНЫЕ РАБОТЫ, ВЫПОЛНЯЕМЫЕ С ЗЕМЛИ	м3	Разработка траншей глубиной до 10 м установкой с плоским грейфером при ширине траншеи: 800 мм в грунтах группы 1
05-01-064-08	05-01-064	Разработка траншей глубиной до 10 м установкой с плоским грейфером	СВАЙНЫЕ РАБОТЫ, ВЫПОЛНЯЕМЫЕ С ЗЕМЛИ	м3	Разработка траншей глубиной до 10 м установкой с плоским грейфером при ширине траншеи: 800 мм в грунтах группы 2
05-01-064-09	05-01-064	Разработка траншей глубиной до 10 м установкой с плоским грейфером	СВАЙНЫЕ РАБОТЫ, ВЫПОЛНЯЕМЫЕ С ЗЕМЛИ	м3	Разработка траншей глубиной до 10 м установкой с плоским грейфером при ширине траншеи: 800 мм в грунтах группы 3
05-01-065-01	05-01-065	Разработка траншей глубиной до 15 м установкой с плоским грейфером	СВАЙНЫЕ РАБОТЫ, ВЫПОЛНЯЕМЫЕ С ЗЕМЛИ	м3	Разработка траншей глубиной до 15 м установкой с плоским грейфером при ширине траншеи: 400 мм в грунтах группы 1
05-01-065-02	05-01-065	Разработка траншей глубиной до 15 м установкой с плоским грейфером	СВАЙНЫЕ РАБОТЫ, ВЫПОЛНЯЕМЫЕ С ЗЕМЛИ	м3	Разработка траншей глубиной до 15 м установкой с плоским грейфером при ширине траншеи: 400 мм в грунтах группы 2
05-01-065-03	05-01-065	Разработка траншей глубиной до 15 м установкой с плоским грейфером	СВАЙНЫЕ РАБОТЫ, ВЫПОЛНЯЕМЫЕ С ЗЕМЛИ	м3	Разработка траншей глубиной до 15 м установкой с плоским грейфером при ширине траншеи: 400 мм в грунтах группы 3
05-01-065-04	05-01-065	Разработка траншей глубиной до 15 м установкой с плоским грейфером	СВАЙНЫЕ РАБОТЫ, ВЫПОЛНЯЕМЫЕ С ЗЕМЛИ	м3	Разработка траншей глубиной до 15 м установкой с плоским грейфером при ширине траншеи: 600 мм в грунтах группы 1
05-01-065-05	05-01-065	Разработка траншей глубиной до 15 м установкой с плоским грейфером	СВАЙНЫЕ РАБОТЫ, ВЫПОЛНЯЕМЫЕ С ЗЕМЛИ	м3	Разработка траншей глубиной до 15 м установкой с плоским грейфером при ширине траншеи: 600 мм в грунтах группы 2
05-01-065-06	05-01-065	Разработка траншей глубиной до 15 м установкой с плоским грейфером	СВАЙНЫЕ РАБОТЫ, ВЫПОЛНЯЕМЫЕ С ЗЕМЛИ	м3	Разработка траншей глубиной до 15 м установкой с плоским грейфером при ширине траншеи: 600 мм в грунтах группы 3
05-01-065-07	05-01-065	Разработка траншей глубиной до 15 м установкой с плоским грейфером	СВАЙНЫЕ РАБОТЫ, ВЫПОЛНЯЕМЫЕ С ЗЕМЛИ	м3	Разработка траншей глубиной до 15 м установкой с плоским грейфером при ширине траншеи: 800 мм в грунтах группы 1
05-01-065-08	05-01-065	Разработка траншей глубиной до 15 м установкой с плоским грейфером	СВАЙНЫЕ РАБОТЫ, ВЫПОЛНЯЕМЫЕ С ЗЕМЛИ	м3	Разработка траншей глубиной до 15 м установкой с плоским грейфером при ширине траншеи: 800 мм в грунтах группы 2
05-01-065-09	05-01-065	Разработка траншей глубиной до 15 м установкой с плоским грейфером	СВАЙНЫЕ РАБОТЫ, ВЫПОЛНЯЕМЫЕ С ЗЕМЛИ	м3	Разработка траншей глубиной до 15 м установкой с плоским грейфером при ширине траншеи: 800 мм в грунтах группы 3
05-01-066-01	05-01-066	Разработка траншей глубиной до 7 м экскаватором "обратная лопата"	СВАЙНЫЕ РАБОТЫ, ВЫПОЛНЯЕМЫЕ С ЗЕМЛИ	м3	Разработка траншей глубиной до 7 м экскаватором "обратная лопата" при ширине траншеи: 400 мм в грунтах группы 1
05-01-066-02	05-01-066	Разработка траншей глубиной до 7 м экскаватором "обратная лопата"	СВАЙНЫЕ РАБОТЫ, ВЫПОЛНЯЕМЫЕ С ЗЕМЛИ	м3	Разработка траншей глубиной до 7 м экскаватором "обратная лопата" при ширине траншеи: 400 мм в грунтах группы 2
05-01-066-03	05-01-066	Разработка траншей глубиной до 7 м экскаватором "обратная лопата"	СВАЙНЫЕ РАБОТЫ, ВЫПОЛНЯЕМЫЕ С ЗЕМЛИ	м3	Разработка траншей глубиной до 7 м экскаватором "обратная лопата" при ширине траншеи: 400 мм в грунтах группы 3
05-01-066-04	05-01-066	Разработка траншей глубиной до 7 м экскаватором "обратная лопата"	СВАЙНЫЕ РАБОТЫ, ВЫПОЛНЯЕМЫЕ С ЗЕМЛИ	м3	Разработка траншей глубиной до 7 м экскаватором "обратная лопата" при ширине траншеи: 400 мм в грунтах группы 4
05-01-066-05	05-01-066	Разработка траншей глубиной до 7 м экскаватором "обратная лопата"	СВАЙНЫЕ РАБОТЫ, ВЫПОЛНЯЕМЫЕ С ЗЕМЛИ	м3	Разработка траншей глубиной до 7 м экскаватором "обратная лопата" при ширине траншеи: 600 мм в грунтах группы 1
05-01-066-06	05-01-066	Разработка траншей глубиной до 7 м экскаватором "обратная лопата"	СВАЙНЫЕ РАБОТЫ, ВЫПОЛНЯЕМЫЕ С ЗЕМЛИ	м3	Разработка траншей глубиной до 7 м экскаватором "обратная лопата" при ширине траншеи: 600 мм в грунтах группы 2
05-01-066-07	05-01-066	Разработка траншей глубиной до 7 м экскаватором "обратная лопата"	СВАЙНЫЕ РАБОТЫ, ВЫПОЛНЯЕМЫЕ С ЗЕМЛИ	м3	Разработка траншей глубиной до 7 м экскаватором "обратная лопата" при ширине траншеи: 600 мм в грунтах группы 3
05-01-066-08	05-01-066	Разработка траншей глубиной до 7 м экскаватором "обратная лопата"	СВАЙНЫЕ РАБОТЫ, ВЫПОЛНЯЕМЫЕ С ЗЕМЛИ	м3	Разработка траншей глубиной до 7 м экскаватором "обратная лопата" при ширине траншеи: 600 мм в грунтах группы 4
05-01-066-09	05-01-066	Разработка траншей глубиной до 7 м экскаватором "обратная лопата"	СВАЙНЫЕ РАБОТЫ, ВЫПОЛНЯЕМЫЕ С ЗЕМЛИ	м3	Разработка траншей глубиной до 7 м экскаватором "обратная лопата" при ширине траншеи: 800 мм в грунтах группы 1
05-01-066-10	05-01-066	Разработка траншей глубиной до 7 м экскаватором "обратная лопата"	СВАЙНЫЕ РАБОТЫ, ВЫПОЛНЯЕМЫЕ С ЗЕМЛИ	м3	Разработка траншей глубиной до 7 м экскаватором "обратная лопата" при ширине траншеи: 800 мм в грунтах группы 2
05-01-066-11	05-01-066	Разработка траншей глубиной до 7 м экскаватором "обратная лопата"	СВАЙНЫЕ РАБОТЫ, ВЫПОЛНЯЕМЫЕ С ЗЕМЛИ	м3	Разработка траншей глубиной до 7 м экскаватором "обратная лопата" при ширине траншеи: 800 мм в грунтах группы 3
05-01-066-12	05-01-066	Разработка траншей глубиной до 7 м экскаватором "обратная лопата"	СВАЙНЫЕ РАБОТЫ, ВЫПОЛНЯЕМЫЕ С ЗЕМЛИ	м3	Разработка траншей глубиной до 7 м экскаватором "обратная лопата" при ширине траншеи: 800 мм в грунтах группы 4
05-01-069-01	05-01-069	Укладка в траншею противофильтрационных материалов	СВАЙНЫЕ РАБОТЫ, ВЫПОЛНЯЕМЫЕ С ЗЕМЛИ	м3	Укладка в траншею противофильтрационных материалов: из бетона при ширине траншеи 400 мм
05-01-069-02	05-01-069	Укладка в траншею противофильтрационных материалов	СВАЙНЫЕ РАБОТЫ, ВЫПОЛНЯЕМЫЕ С ЗЕМЛИ	м3	Укладка в траншею противофильтрационных материалов: из бетона при ширине траншеи 600 мм
05-01-069-03	05-01-069	Укладка в траншею противофильтрационных материалов	СВАЙНЫЕ РАБОТЫ, ВЫПОЛНЯЕМЫЕ С ЗЕМЛИ	м3	Укладка в траншею противофильтрационных материалов: из бетона при ширине траншеи 800 мм
05-01-069-04	05-01-069	Укладка в траншею противофильтрационных материалов	СВАЙНЫЕ РАБОТЫ, ВЫПОЛНЯЕМЫЕ С ЗЕМЛИ	м3	Укладка в траншею противофильтрационных материалов: из цементно-глинистого раствора при ширине траншеи 400 мм
05-01-069-05	05-01-069	Укладка в траншею противофильтрационных материалов	СВАЙНЫЕ РАБОТЫ, ВЫПОЛНЯЕМЫЕ С ЗЕМЛИ	м3	Укладка в траншею противофильтрационных материалов: из цементно-глинистого раствора при ширине траншеи 600 мм
05-01-069-06	05-01-069	Укладка в траншею противофильтрационных материалов	СВАЙНЫЕ РАБОТЫ, ВЫПОЛНЯЕМЫЕ С ЗЕМЛИ	м3	Укладка в траншею противофильтрационных материалов: из цементно-глинистого раствора при ширине траншеи 800 мм
05-01-069-07	05-01-069	Укладка в траншею противофильтрационных материалов	СВАЙНЫЕ РАБОТЫ, ВЫПОЛНЯЕМЫЕ С ЗЕМЛИ	м3	Укладка в траншею противофильтрационных материалов: из комовой глины при ширине траншеи 400 мм
05-01-069-08	05-01-069	Укладка в траншею противофильтрационных материалов	СВАЙНЫЕ РАБОТЫ, ВЫПОЛНЯЕМЫЕ С ЗЕМЛИ	м3	Укладка в траншею противофильтрационных материалов: из комовой глины при ширине траншеи 600 мм
05-01-069-09	05-01-069	Укладка в траншею противофильтрационных материалов	СВАЙНЫЕ РАБОТЫ, ВЫПОЛНЯЕМЫЕ С ЗЕМЛИ	м3	Укладка в траншею противофильтрационных материалов: из комовой глины при ширине траншеи 800 мм
05-01-070-01	05-01-070	Устройство завес	СВАЙНЫЕ РАБОТЫ, ВЫПОЛНЯЕМЫЕ С ЗЕМЛИ	м3	Устройство завес из железобетонных: свай, толщина завес до 300 мм
05-01-070-02	05-01-070	Устройство завес	СВАЙНЫЕ РАБОТЫ, ВЫПОЛНЯЕМЫЕ С ЗЕМЛИ	м3	Устройство завес из железобетонных: свай, толщина завес до 500 мм
05-01-070-03	05-01-070	Устройство завес	СВАЙНЫЕ РАБОТЫ, ВЫПОЛНЯЕМЫЕ С ЗЕМЛИ	м3	Устройство завес из железобетонных: свай, толщина завес до 700 мм
05-01-070-04	05-01-070	Устройство завес	СВАЙНЫЕ РАБОТЫ, ВЫПОЛНЯЕМЫЕ С ЗЕМЛИ	м3	Устройство завес из железобетонных: панелей, толщина завес до 400 мм
05-01-070-05	05-01-070	Устройство завес	СВАЙНЫЕ РАБОТЫ, ВЫПОЛНЯЕМЫЕ С ЗЕМЛИ	м3	Устройство завес из железобетонных: панелей, толщина завес более 400 мм
05-01-071-01	05-01-071	Наращивание железобетонных свай и панелей завес	СВАЙНЫЕ РАБОТЫ, ВЫПОЛНЯЕМЫЕ С ЗЕМЛИ	м3	Наращивание железобетонных: свай при толщине завесы до 300 мм
05-01-071-02	05-01-071	Наращивание железобетонных свай и панелей завес	СВАЙНЫЕ РАБОТЫ, ВЫПОЛНЯЕМЫЕ С ЗЕМЛИ	м3	Наращивание железобетонных: свай при толщине завесы до 500 мм
05-01-071-03	05-01-071	Наращивание железобетонных свай и панелей завес	СВАЙНЫЕ РАБОТЫ, ВЫПОЛНЯЕМЫЕ С ЗЕМЛИ	м3	Наращивание железобетонных: свай при толщине завесы до 700 мм
05-01-071-04	05-01-071	Наращивание железобетонных свай и панелей завес	СВАЙНЫЕ РАБОТЫ, ВЫПОЛНЯЕМЫЕ С ЗЕМЛИ	м3	Наращивание железобетонных: панелей при толщине завесы до 400 мм
05-01-071-05	05-01-071	Наращивание железобетонных свай и панелей завес	СВАЙНЫЕ РАБОТЫ, ВЫПОЛНЯЕМЫЕ С ЗЕМЛИ	м3	Наращивание железобетонных: панелей при толщине завесы более 400 мм
05-01-072-01	05-01-072	Установка и извлечение железобетонных ограничителей захваток	СВАЙНЫЕ РАБОТЫ, ВЫПОЛНЯЕМЫЕ С ЗЕМЛИ	шт	Установка и извлечение железобетонных ограничителей захваток при толщине завесы: до 600 мм
05-01-072-02	05-01-072	Установка и извлечение железобетонных ограничителей захваток	СВАЙНЫЕ РАБОТЫ, ВЫПОЛНЯЕМЫЕ С ЗЕМЛИ	шт	Установка и извлечение железобетонных ограничителей захваток при толщине завесы: до 800 мм
05-01-073-01	05-01-073	Установка свай в скважину	СВАЙНЫЕ РАБОТЫ, ВЫПОЛНЯЕМЫЕ С ЗЕМЛИ	шт	Установка в скважину свай массой: до 5 т
05-01-073-02	05-01-073	Установка свай в скважину	СВАЙНЫЕ РАБОТЫ, ВЫПОЛНЯЕМЫЕ С ЗЕМЛИ	шт	Установка в скважину свай массой: свыше 5 т
05-01-075-01	05-01-075	Устройство буронабивных свай	СВАЙНЫЕ РАБОТЫ, ВЫПОЛНЯЕМЫЕ С ЗЕМЛИ	м3	Устройство буронабивных свай диаметром 620 мм под защитой обсадной трубы буровыми установками с крутящим моментом 150-250 кНм: в грунтах 1-2 группы
05-01-075-02	05-01-075	Устройство буронабивных свай	СВАЙНЫЕ РАБОТЫ, ВЫПОЛНЯЕМЫЕ С ЗЕМЛИ	м3	Устройство буронабивных свай диаметром 620 мм под защитой обсадной трубы буровыми установками с крутящим моментом 150-250 кНм: в грунтах 3 группы
05-01-075-03	05-01-075	Устройство буронабивных свай	СВАЙНЫЕ РАБОТЫ, ВЫПОЛНЯЕМЫЕ С ЗЕМЛИ	м3	Устройство буронабивных свай диаметром 620 мм под защитой обсадной трубы буровыми установками с крутящим моментом 150-250 кНм: в грунтах 4 группы
05-01-075-04	05-01-075	Устройство буронабивных свай	СВАЙНЫЕ РАБОТЫ, ВЫПОЛНЯЕМЫЕ С ЗЕМЛИ	м3	Устройство буронабивных свай диаметром 620 мм под защитой обсадной трубы буровыми установками с крутящим моментом 150-250 кНм: в грунтах 5 группы
05-01-075-05	05-01-075	Устройство буронабивных свай	СВАЙНЫЕ РАБОТЫ, ВЫПОЛНЯЕМЫЕ С ЗЕМЛИ	м3	Устройство буронабивных свай диаметром 620 мм под защитой обсадной трубы буровыми установками с крутящим моментом 150-250 кНм: в грунтах 6 группы
05-01-075-06	05-01-075	Устройство буронабивных свай	СВАЙНЫЕ РАБОТЫ, ВЫПОЛНЯЕМЫЕ С ЗЕМЛИ	м3	Устройство буронабивных свай диаметром 750 мм под защитой обсадной трубы буровыми установками с крутящим моментом 150-250 кНм: в грунтах 1-2 группы
05-01-075-07	05-01-075	Устройство буронабивных свай	СВАЙНЫЕ РАБОТЫ, ВЫПОЛНЯЕМЫЕ С ЗЕМЛИ	м3	Устройство буронабивных свай диаметром 750 мм под защитой обсадной трубы буровыми установками с крутящим моментом 150-250 кНм: в грунтах 3 группы
05-01-075-08	05-01-075	Устройство буронабивных свай	СВАЙНЫЕ РАБОТЫ, ВЫПОЛНЯЕМЫЕ С ЗЕМЛИ	м3	Устройство буронабивных свай диаметром 750 мм под защитой обсадной трубы буровыми установками с крутящим моментом 150-250 кНм: в грунтах 4 группы
05-01-075-09	05-01-075	Устройство буронабивных свай	СВАЙНЫЕ РАБОТЫ, ВЫПОЛНЯЕМЫЕ С ЗЕМЛИ	м3	Устройство буронабивных свай диаметром 750 мм под защитой обсадной трубы буровыми установками с крутящим моментом 150-250 кНм: в грунтах 5 группы
05-01-075-10	05-01-075	Устройство буронабивных свай	СВАЙНЫЕ РАБОТЫ, ВЫПОЛНЯЕМЫЕ С ЗЕМЛИ	м3	Устройство буронабивных свай диаметром 750 мм под защитой обсадной трубы буровыми установками с крутящим моментом 150-250 кНм: в грунтах 6 группы
05-01-075-11	05-01-075	Устройство буронабивных свай	СВАЙНЫЕ РАБОТЫ, ВЫПОЛНЯЕМЫЕ С ЗЕМЛИ	м3	Устройство буронабивных свай диаметром 880 мм под защитой обсадной трубы буровыми установками с крутящим моментом 150-250 кНм: в грунтах 1-2 группы
05-01-075-12	05-01-075	Устройство буронабивных свай	СВАЙНЫЕ РАБОТЫ, ВЫПОЛНЯЕМЫЕ С ЗЕМЛИ	м3	Устройство буронабивных свай диаметром 880 мм под защитой обсадной трубы буровыми установками с крутящим моментом 150-250 кНм: в грунтах 3 группы
05-01-075-13	05-01-075	Устройство буронабивных свай	СВАЙНЫЕ РАБОТЫ, ВЫПОЛНЯЕМЫЕ С ЗЕМЛИ	м3	Устройство буронабивных свай диаметром 880 мм под защитой обсадной трубы буровыми установками с крутящим моментом 150-250 кНм: в грунтах 4 группы
05-01-075-14	05-01-075	Устройство буронабивных свай	СВАЙНЫЕ РАБОТЫ, ВЫПОЛНЯЕМЫЕ С ЗЕМЛИ	м3	Устройство буронабивных свай диаметром 880 мм под защитой обсадной трубы буровыми установками с крутящим моментом 150-250 кНм: в грунтах 5 группы
05-01-075-15	05-01-075	Устройство буронабивных свай	СВАЙНЫЕ РАБОТЫ, ВЫПОЛНЯЕМЫЕ С ЗЕМЛИ	м3	Устройство буронабивных свай диаметром 880 мм под защитой обсадной трубы буровыми установками с крутящим моментом 150-250 кНм: в грунтах 6 группы
05-01-075-16	05-01-075	Устройство буронабивных свай	СВАЙНЫЕ РАБОТЫ, ВЫПОЛНЯЕМЫЕ С ЗЕМЛИ	м3	Устройство буронабивных свай диаметром 1000 мм под защитой обсадной трубы буровыми установками с крутящим моментом 150-250 кНм: в грунтах 1-2 группы
05-01-075-17	05-01-075	Устройство буронабивных свай	СВАЙНЫЕ РАБОТЫ, ВЫПОЛНЯЕМЫЕ С ЗЕМЛИ	м3	Устройство буронабивных свай диаметром 1000 мм под защитой обсадной трубы буровыми установками с крутящим моментом 150-250 кНм: в грунтах 3 группы
05-01-075-18	05-01-075	Устройство буронабивных свай	СВАЙНЫЕ РАБОТЫ, ВЫПОЛНЯЕМЫЕ С ЗЕМЛИ	м3	Устройство буронабивных свай диаметром 1000 мм под защитой обсадной трубы буровыми установками с крутящим моментом 150-250 кНм: в грунтах 4 группы
05-01-075-19	05-01-075	Устройство буронабивных свай	СВАЙНЫЕ РАБОТЫ, ВЫПОЛНЯЕМЫЕ С ЗЕМЛИ	м3	Устройство буронабивных свай диаметром 1000 мм под защитой обсадной трубы буровыми установками с крутящим моментом 150-250 кНм: в грунтах 5 группы
05-01-075-20	05-01-075	Устройство буронабивных свай	СВАЙНЫЕ РАБОТЫ, ВЫПОЛНЯЕМЫЕ С ЗЕМЛИ	м3	Устройство буронабивных свай диаметром 1000 мм под защитой обсадной трубы буровыми установками с крутящим моментом 150-250 кНм: в грунтах 6 группы
05-01-075-21	05-01-075	Устройство буронабивных свай	СВАЙНЫЕ РАБОТЫ, ВЫПОЛНЯЕМЫЕ С ЗЕМЛИ	м3	Устройство буронабивных свай диаметром 1200 мм под защитой обсадной трубы буровыми установками с крутящим моментом 250-350 кНм: в грунтах 1-2 группы
05-01-075-22	05-01-075	Устройство буронабивных свай	СВАЙНЫЕ РАБОТЫ, ВЫПОЛНЯЕМЫЕ С ЗЕМЛИ	м3	Устройство буронабивных свай диаметром 1200 мм под защитой обсадной трубы буровыми установками с крутящим моментом 250-350 кНм: в грунтах 3 группы
05-01-075-23	05-01-075	Устройство буронабивных свай	СВАЙНЫЕ РАБОТЫ, ВЫПОЛНЯЕМЫЕ С ЗЕМЛИ	м3	Устройство буронабивных свай диаметром 1200 мм под защитой обсадной трубы буровыми установками с крутящим моментом 250-350 кНм: в грунтах 4 группы
05-01-075-24	05-01-075	Устройство буронабивных свай	СВАЙНЫЕ РАБОТЫ, ВЫПОЛНЯЕМЫЕ С ЗЕМЛИ	м3	Устройство буронабивных свай диаметром 1200 мм под защитой обсадной трубы буровыми установками с крутящим моментом 250-350 кНм: в грунтах 5 группы
05-01-075-25	05-01-075	Устройство буронабивных свай	СВАЙНЫЕ РАБОТЫ, ВЫПОЛНЯЕМЫЕ С ЗЕМЛИ	м3	Устройство буронабивных свай диаметром 1200 мм под защитой обсадной трубы буровыми установками с крутящим моментом 250-350 кНм: в грунтах 6 группы
05-01-075-26	05-01-075	Устройство буронабивных свай	СВАЙНЫЕ РАБОТЫ, ВЫПОЛНЯЕМЫЕ С ЗЕМЛИ	м3	Устройство буронабивных свай диаметром 1500 мм под защитой обсадной трубы буровыми установками с крутящим моментом 250-350 кНм: в грунтах 1-2 группы
05-01-075-27	05-01-075	Устройство буронабивных свай	СВАЙНЫЕ РАБОТЫ, ВЫПОЛНЯЕМЫЕ С ЗЕМЛИ	м3	Устройство буронабивных свай диаметром 1500 мм под защитой обсадной трубы буровыми установками с крутящим моментом 250-350 кНм: в грунтах 3 группы
05-01-075-28	05-01-075	Устройство буронабивных свай	СВАЙНЫЕ РАБОТЫ, ВЫПОЛНЯЕМЫЕ С ЗЕМЛИ	м3	Устройство буронабивных свай диаметром 1500 мм под защитой обсадной трубы буровыми установками с крутящим моментом 250-350 кНм: в грунтах 4 группы
05-01-075-29	05-01-075	Устройство буронабивных свай	СВАЙНЫЕ РАБОТЫ, ВЫПОЛНЯЕМЫЕ С ЗЕМЛИ	м3	Устройство буронабивных свай диаметром 1500 мм под защитой обсадной трубы буровыми установками с крутящим моментом 250-350 кНм: в грунтах 5 группы
05-01-075-30	05-01-075	Устройство буронабивных свай	СВАЙНЫЕ РАБОТЫ, ВЫПОЛНЯЕМЫЕ С ЗЕМЛИ	м3	Устройство буронабивных свай диаметром 1500 мм под защитой обсадной трубы буровыми установками с крутящим моментом 250-350 кНм: в грунтах 6 группы
05-01-076-01	05-01-076	Наращивание секций арматурного каркаса буронабивных свай при помощи сварки	СВАЙНЫЕ РАБОТЫ, ВЫПОЛНЯЕМЫЕ С ЗЕМЛИ	10 соединений	Добавлять к нормам с 05-01-075-01 по 05-01-075-20 при наращивании армокаркаса сваркой на каждое соединение двух арматурных стержней диаметром: 10 мм
05-01-076-02	05-01-076	Наращивание секций арматурного каркаса буронабивных свай при помощи сварки	СВАЙНЫЕ РАБОТЫ, ВЫПОЛНЯЕМЫЕ С ЗЕМЛИ	10 соединений	Добавлять к нормам с 05-01-075-01 по 05-01-075-20 при наращивании армокаркаса сваркой на каждое соединение двух арматурных стержней диаметром: 12 мм
05-01-076-03	05-01-076	Наращивание секций арматурного каркаса буронабивных свай при помощи сварки	СВАЙНЫЕ РАБОТЫ, ВЫПОЛНЯЕМЫЕ С ЗЕМЛИ	10 соединений	Добавлять к нормам с 05-01-075-01 по 05-01-075-20 при наращивании армокаркаса сваркой на каждое соединение двух арматурных стержней диаметром: 14 мм
05-01-076-04	05-01-076	Наращивание секций арматурного каркаса буронабивных свай при помощи сварки	СВАЙНЫЕ РАБОТЫ, ВЫПОЛНЯЕМЫЕ С ЗЕМЛИ	10 соединений	Добавлять к нормам с 05-01-075-01 по 05-01-075-20 при наращивании армокаркаса сваркой на каждое соединение двух арматурных стержней диаметром: 16 мм
05-01-076-05	05-01-076	Наращивание секций арматурного каркаса буронабивных свай при помощи сварки	СВАЙНЫЕ РАБОТЫ, ВЫПОЛНЯЕМЫЕ С ЗЕМЛИ	10 соединений	Добавлять к нормам с 05-01-075-01 по 05-01-075-20 при наращивании армокаркаса сваркой на каждое соединение двух арматурных стержней диаметром: 18 мм
05-01-076-06	05-01-076	Наращивание секций арматурного каркаса буронабивных свай при помощи сварки	СВАЙНЫЕ РАБОТЫ, ВЫПОЛНЯЕМЫЕ С ЗЕМЛИ	10 соединений	Добавлять к нормам с 05-01-075-01 по 05-01-075-20 при наращивании армокаркаса сваркой на каждое соединение двух арматурных стержней диаметром: 20 мм
05-01-076-07	05-01-076	Наращивание секций арматурного каркаса буронабивных свай при помощи сварки	СВАЙНЫЕ РАБОТЫ, ВЫПОЛНЯЕМЫЕ С ЗЕМЛИ	10 соединений	Добавлять к нормам с 05-01-075-01 по 05-01-075-20 при наращивании армокаркаса сваркой на каждое соединение двух арматурных стержней диаметром: 22 мм
05-01-076-08	05-01-076	Наращивание секций арматурного каркаса буронабивных свай при помощи сварки	СВАЙНЫЕ РАБОТЫ, ВЫПОЛНЯЕМЫЕ С ЗЕМЛИ	10 соединений	Добавлять к нормам с 05-01-075-01 по 05-01-075-20 при наращивании армокаркаса сваркой на каждое соединение двух арматурных стержней диаметром: 25 мм
05-01-076-09	05-01-076	Наращивание секций арматурного каркаса буронабивных свай при помощи сварки	СВАЙНЫЕ РАБОТЫ, ВЫПОЛНЯЕМЫЕ С ЗЕМЛИ	10 соединений	Добавлять к нормам с 05-01-075-01 по 05-01-075-20 при наращивании армокаркаса сваркой на каждое соединение двух арматурных стержней диаметром: 28 мм
05-01-076-10	05-01-076	Наращивание секций арматурного каркаса буронабивных свай при помощи сварки	СВАЙНЫЕ РАБОТЫ, ВЫПОЛНЯЕМЫЕ С ЗЕМЛИ	10 соединений	Добавлять к нормам с 05-01-075-01 по 05-01-075-20 при наращивании армокаркаса сваркой на каждое соединение двух арматурных стержней диаметром: 32 мм
05-01-076-11	05-01-076	Наращивание секций арматурного каркаса буронабивных свай при помощи сварки	СВАЙНЫЕ РАБОТЫ, ВЫПОЛНЯЕМЫЕ С ЗЕМЛИ	10 соединений	Добавлять к нормам с 05-01-075-01 по 05-01-075-20 при наращивании армокаркаса сваркой на каждое соединение двух арматурных стержней диаметром: 36 мм
05-01-076-12	05-01-076	Наращивание секций арматурного каркаса буронабивных свай при помощи сварки	СВАЙНЫЕ РАБОТЫ, ВЫПОЛНЯЕМЫЕ С ЗЕМЛИ	10 соединений	Добавлять к нормам с 05-01-075-01 по 05-01-075-20 при наращивании армокаркаса сваркой на каждое соединение двух арматурных стержней диаметром: 40 мм
05-01-076-13	05-01-076	Наращивание секций арматурного каркаса буронабивных свай при помощи сварки	СВАЙНЫЕ РАБОТЫ, ВЫПОЛНЯЕМЫЕ С ЗЕМЛИ	10 соединений	Добавлять к нормам с 05-01-075-21 по 05-01-075-25 при наращивании армокаркаса сваркой на каждое соединение двух арматурных стержней диаметром: 10 мм
05-01-076-14	05-01-076	Наращивание секций арматурного каркаса буронабивных свай при помощи сварки	СВАЙНЫЕ РАБОТЫ, ВЫПОЛНЯЕМЫЕ С ЗЕМЛИ	10 соединений	Добавлять к нормам с 05-01-075-21 по 05-01-075-25 при наращивании армокаркаса сваркой на каждое соединение двух арматурных стержней диаметром: 12 мм
05-01-076-15	05-01-076	Наращивание секций арматурного каркаса буронабивных свай при помощи сварки	СВАЙНЫЕ РАБОТЫ, ВЫПОЛНЯЕМЫЕ С ЗЕМЛИ	10 соединений	Добавлять к нормам с 05-01-075-21 по 05-01-075-25 при наращивании армокаркаса сваркой на каждое соединение двух арматурных стержней диаметром: 14 мм
05-01-076-16	05-01-076	Наращивание секций арматурного каркаса буронабивных свай при помощи сварки	СВАЙНЫЕ РАБОТЫ, ВЫПОЛНЯЕМЫЕ С ЗЕМЛИ	10 соединений	Добавлять к нормам с 05-01-075-21 по 05-01-075-25 при наращивании армокаркаса сваркой на каждое соединение двух арматурных стержней диаметром: 16 мм
05-01-076-17	05-01-076	Наращивание секций арматурного каркаса буронабивных свай при помощи сварки	СВАЙНЫЕ РАБОТЫ, ВЫПОЛНЯЕМЫЕ С ЗЕМЛИ	10 соединений	Добавлять к нормам с 05-01-075-21 по 05-01-075-25 при наращивании армокаркаса сваркой на каждое соединение двух арматурных стержней диаметром: 18 мм
05-01-076-18	05-01-076	Наращивание секций арматурного каркаса буронабивных свай при помощи сварки	СВАЙНЫЕ РАБОТЫ, ВЫПОЛНЯЕМЫЕ С ЗЕМЛИ	10 соединений	Добавлять к нормам с 05-01-075-21 по 05-01-075-25 при наращивании армокаркаса сваркой на каждое соединение двух арматурных стержней диаметром: 20 мм
05-01-076-19	05-01-076	Наращивание секций арматурного каркаса буронабивных свай при помощи сварки	СВАЙНЫЕ РАБОТЫ, ВЫПОЛНЯЕМЫЕ С ЗЕМЛИ	10 соединений	Добавлять к нормам с 05-01-075-21 по 05-01-075-25 при наращивании армокаркаса сваркой на каждое соединение двух арматурных стержней диаметром: 22 мм
05-01-076-20	05-01-076	Наращивание секций арматурного каркаса буронабивных свай при помощи сварки	СВАЙНЫЕ РАБОТЫ, ВЫПОЛНЯЕМЫЕ С ЗЕМЛИ	10 соединений	Добавлять к нормам с 05-01-075-21 по 05-01-075-25 при наращивании армокаркаса сваркой на каждое соединение двух арматурных стержней диаметром: 25 мм
05-01-076-21	05-01-076	Наращивание секций арматурного каркаса буронабивных свай при помощи сварки	СВАЙНЫЕ РАБОТЫ, ВЫПОЛНЯЕМЫЕ С ЗЕМЛИ	10 соединений	Добавлять к нормам с 05-01-075-21 по 05-01-075-25 при наращивании армокаркаса сваркой на каждое соединение двух арматурных стержней диаметром: 28 мм
05-01-076-22	05-01-076	Наращивание секций арматурного каркаса буронабивных свай при помощи сварки	СВАЙНЫЕ РАБОТЫ, ВЫПОЛНЯЕМЫЕ С ЗЕМЛИ	10 соединений	Добавлять к нормам с 05-01-075-21 по 05-01-075-25 при наращивании армокаркаса сваркой на каждое соединение двух арматурных стержней диаметром: 32 мм
05-01-076-23	05-01-076	Наращивание секций арматурного каркаса буронабивных свай при помощи сварки	СВАЙНЫЕ РАБОТЫ, ВЫПОЛНЯЕМЫЕ С ЗЕМЛИ	10 соединений	Добавлять к нормам с 05-01-075-21 по 05-01-075-25 при наращивании армокаркаса сваркой на каждое соединение двух арматурных стержней диаметром: 36 мм
05-01-076-24	05-01-076	Наращивание секций арматурного каркаса буронабивных свай при помощи сварки	СВАЙНЫЕ РАБОТЫ, ВЫПОЛНЯЕМЫЕ С ЗЕМЛИ	10 соединений	Добавлять к нормам с 05-01-075-21 по 05-01-075-25 при наращивании армокаркаса сваркой на каждое соединение двух арматурных стержней диаметром: 40 мм
05-01-076-25	05-01-076	Наращивание секций арматурного каркаса буронабивных свай при помощи сварки	СВАЙНЫЕ РАБОТЫ, ВЫПОЛНЯЕМЫЕ С ЗЕМЛИ	10 соединений	Добавлять к нормам с 05-01-075-26 по 05-01-075-30 при наращивании армокаркаса сваркой на каждое соединение двух арматурных стержней диаметром: 10 мм
05-01-076-26	05-01-076	Наращивание секций арматурного каркаса буронабивных свай при помощи сварки	СВАЙНЫЕ РАБОТЫ, ВЫПОЛНЯЕМЫЕ С ЗЕМЛИ	10 соединений	Добавлять к нормам с 05-01-075-26 по 05-01-075-30 при наращивании армокаркаса сваркой на каждое соединение двух арматурных стержней диаметром: 12 мм
05-01-076-27	05-01-076	Наращивание секций арматурного каркаса буронабивных свай при помощи сварки	СВАЙНЫЕ РАБОТЫ, ВЫПОЛНЯЕМЫЕ С ЗЕМЛИ	10 соединений	Добавлять к нормам с 05-01-075-26 по 05-01-075-30 при наращивании армокаркаса сваркой на каждое соединение двух арматурных стержней диаметром: 14 мм
05-01-076-28	05-01-076	Наращивание секций арматурного каркаса буронабивных свай при помощи сварки	СВАЙНЫЕ РАБОТЫ, ВЫПОЛНЯЕМЫЕ С ЗЕМЛИ	10 соединений	Добавлять к нормам с 05-01-075-26 по 05-01-075-30 при наращивании армокаркаса сваркой на каждое соединение двух арматурных стержней диаметром: 16 мм
05-01-076-29	05-01-076	Наращивание секций арматурного каркаса буронабивных свай при помощи сварки	СВАЙНЫЕ РАБОТЫ, ВЫПОЛНЯЕМЫЕ С ЗЕМЛИ	10 соединений	Добавлять к нормам с 05-01-075-26 по 05-01-075-30 при наращивании армокаркаса сваркой на каждое соединение двух арматурных стержней диаметром: 18 мм
05-01-076-30	05-01-076	Наращивание секций арматурного каркаса буронабивных свай при помощи сварки	СВАЙНЫЕ РАБОТЫ, ВЫПОЛНЯЕМЫЕ С ЗЕМЛИ	10 соединений	Добавлять к нормам с 05-01-075-26 по 05-01-075-30 при наращивании армокаркаса сваркой на каждое соединение двух арматурных стержней диаметром: 20 мм
05-01-076-31	05-01-076	Наращивание секций арматурного каркаса буронабивных свай при помощи сварки	СВАЙНЫЕ РАБОТЫ, ВЫПОЛНЯЕМЫЕ С ЗЕМЛИ	10 соединений	Добавлять к нормам с 05-01-075-26 по 05-01-075-30 при наращивании армокаркаса сваркой на каждое соединение двух арматурных стержней диаметром: 22 мм
05-01-076-32	05-01-076	Наращивание секций арматурного каркаса буронабивных свай при помощи сварки	СВАЙНЫЕ РАБОТЫ, ВЫПОЛНЯЕМЫЕ С ЗЕМЛИ	10 соединений	Добавлять к нормам с 05-01-075-26 по 05-01-075-30 при наращивании армокаркаса сваркой на каждое соединение двух арматурных стержней диаметром: 25 мм
05-01-076-33	05-01-076	Наращивание секций арматурного каркаса буронабивных свай при помощи сварки	СВАЙНЫЕ РАБОТЫ, ВЫПОЛНЯЕМЫЕ С ЗЕМЛИ	10 соединений	Добавлять к нормам с 05-01-075-26 по 05-01-075-30 при наращивании армокаркаса сваркой на каждое соединение двух арматурных стержней диаметром: 28 мм
05-01-076-34	05-01-076	Наращивание секций арматурного каркаса буронабивных свай при помощи сварки	СВАЙНЫЕ РАБОТЫ, ВЫПОЛНЯЕМЫЕ С ЗЕМЛИ	10 соединений	Добавлять к нормам с 05-01-075-26 по 05-01-075-30 при наращивании армокаркаса сваркой на каждое соединение двух арматурных стержней диаметром: 32 мм
05-01-076-35	05-01-076	Наращивание секций арматурного каркаса буронабивных свай при помощи сварки	СВАЙНЫЕ РАБОТЫ, ВЫПОЛНЯЕМЫЕ С ЗЕМЛИ	10 соединений	Добавлять к нормам с 05-01-075-26 по 05-01-075-30 при наращивании армокаркаса сваркой на каждое соединение двух арматурных стержней диаметром: 36 мм
05-01-076-36	05-01-076	Наращивание секций арматурного каркаса буронабивных свай при помощи сварки	СВАЙНЫЕ РАБОТЫ, ВЫПОЛНЯЕМЫЕ С ЗЕМЛИ	10 соединений	Добавлять к нормам с 05-01-075-26 по 05-01-075-30 при наращивании армокаркаса сваркой на каждое соединение двух арматурных стержней диаметром: 40 мм
05-01-079-01	05-01-079	Устройство железобетонных буронабивных свай диаметром до 600 мм по технологии непрерывного полого шн	СВАЙНЫЕ РАБОТЫ, ВЫПОЛНЯЕМЫЕ С ЗЕМЛИ	м3 конструктивного объема свай	Устройство железобетонных буронабивных свай диаметром до 600 мм по технологии непрерывного полого шнека глубиной: до 20 м в грунтах 1 группы
05-01-079-02	05-01-079	Устройство железобетонных буронабивных свай диаметром до 600 мм по технологии непрерывного полого шн	СВАЙНЫЕ РАБОТЫ, ВЫПОЛНЯЕМЫЕ С ЗЕМЛИ	м3 конструктивного объема свай	Устройство железобетонных буронабивных свай диаметром до 600 мм по технологии непрерывного полого шнека глубиной: до 20 м в грунтах 2 группы
05-01-079-03	05-01-079	Устройство железобетонных буронабивных свай диаметром до 600 мм по технологии непрерывного полого шн	СВАЙНЫЕ РАБОТЫ, ВЫПОЛНЯЕМЫЕ С ЗЕМЛИ	м3 конструктивного объема свай	Устройство железобетонных буронабивных свай диаметром до 600 мм по технологии непрерывного полого шнека глубиной: до 20 м в грунтах 3 группы
05-01-079-04	05-01-079	Устройство железобетонных буронабивных свай диаметром до 600 мм по технологии непрерывного полого шн	СВАЙНЫЕ РАБОТЫ, ВЫПОЛНЯЕМЫЕ С ЗЕМЛИ	м3 конструктивного объема свай	Устройство железобетонных буронабивных свай диаметром до 600 мм по технологии непрерывного полого шнека глубиной: свыше 20 до 30 м в грунтах 1 группы
05-01-079-05	05-01-079	Устройство железобетонных буронабивных свай диаметром до 600 мм по технологии непрерывного полого шн	СВАЙНЫЕ РАБОТЫ, ВЫПОЛНЯЕМЫЕ С ЗЕМЛИ	м3 конструктивного объема свай	Устройство железобетонных буронабивных свай диаметром до 600 мм по технологии непрерывного полого шнека глубиной: свыше 20 до 30 м в грунтах 2 группы
05-01-079-06	05-01-079	Устройство железобетонных буронабивных свай диаметром до 600 мм по технологии непрерывного полого шн	СВАЙНЫЕ РАБОТЫ, ВЫПОЛНЯЕМЫЕ С ЗЕМЛИ	м3 конструктивного объема свай	Устройство железобетонных буронабивных свай диаметром до 600 мм по технологии непрерывного полого шнека глубиной: свыше 20 до 30 м в грунтах 3 группы
05-01-082-01	05-01-082	Погружение винтовых свай гидровращателем	СВАЙНЫЕ РАБОТЫ, ВЫПОЛНЯЕМЫЕ С ЗЕМЛИ	шт	Погружение винтовых свай длиной до 6 м, диаметром 89 мм на глубину 3 м гидровращателем на экскаваторе
05-01-082-02	05-01-082	Погружение винтовых свай гидровращателем	СВАЙНЫЕ РАБОТЫ, ВЫПОЛНЯЕМЫЕ С ЗЕМЛИ	м	При изменении глубины погружения свай на 1 м добавлять или исключать к норме 05-01-082-01
05-01-082-03	05-01-082	Погружение винтовых свай гидровращателем	СВАЙНЫЕ РАБОТЫ, ВЫПОЛНЯЕМЫЕ С ЗЕМЛИ	шт	Погружение винтовых свай длиной до 6 м, диаметром 89 мм на глубину 3 м гидровращателем на автомобиле
05-01-082-04	05-01-082	Погружение винтовых свай гидровращателем	СВАЙНЫЕ РАБОТЫ, ВЫПОЛНЯЕМЫЕ С ЗЕМЛИ	м	При изменении глубины погружения свай на 1 м добавлять или исключать к норме 05-01-082-03
05-01-082-05	05-01-082	Погружение винтовых свай гидровращателем	СВАЙНЫЕ РАБОТЫ, ВЫПОЛНЯЕМЫЕ С ЗЕМЛИ	шт	Погружение винтовых свай длиной до 12 м, диаметром 159 мм на глубину 6 м гидровращателем на экскаваторе
05-01-082-06	05-01-082	Погружение винтовых свай гидровращателем	СВАЙНЫЕ РАБОТЫ, ВЫПОЛНЯЕМЫЕ С ЗЕМЛИ	м	При изменении глубины погружения свай на 1 м добавлять или исключать к норме 05-01-082-05
05-01-082-07	05-01-082	Погружение винтовых свай гидровращателем	СВАЙНЫЕ РАБОТЫ, ВЫПОЛНЯЕМЫЕ С ЗЕМЛИ	шт	Погружение винтовых свай длиной до 12 м, диаметром 159 мм на глубину 6 м гидровращателем на автомобиле
05-01-082-08	05-01-082	Погружение винтовых свай гидровращателем	СВАЙНЫЕ РАБОТЫ, ВЫПОЛНЯЕМЫЕ С ЗЕМЛИ	м	При изменении глубины погружения свай на 1 м добавлять или исключать к норме 05-01-082-07
05-01-082-09	05-01-082	Погружение винтовых свай гидровращателем	СВАЙНЫЕ РАБОТЫ, ВЫПОЛНЯЕМЫЕ С ЗЕМЛИ	шт	Погружение винтовых свай длиной до 12 м, диаметром 219 мм на глубину 6 м гидровращателем на экскаваторе
05-01-082-10	05-01-082	Погружение винтовых свай гидровращателем	СВАЙНЫЕ РАБОТЫ, ВЫПОЛНЯЕМЫЕ С ЗЕМЛИ	м	При изменении глубины погружения свай на 1 м добавлять или исключать к норме 05-01-082-09
05-01-082-11	05-01-082	Погружение винтовых свай гидровращателем	СВАЙНЫЕ РАБОТЫ, ВЫПОЛНЯЕМЫЕ С ЗЕМЛИ	шт	Погружение винтовых свай длиной до 12 м, диаметром 219 мм на глубину 6 м гидровращателем на автомобиле
05-01-082-12	05-01-082	Погружение винтовых свай гидровращателем	СВАЙНЫЕ РАБОТЫ, ВЫПОЛНЯЕМЫЕ С ЗЕМЛИ	м	При изменении глубины погружения свай на 1 м добавлять или исключать к норме 05-01-082-11
05-01-082-13	05-01-082	Погружение винтовых свай гидровращателем	СВАЙНЫЕ РАБОТЫ, ВЫПОЛНЯЕМЫЕ С ЗЕМЛИ	шт	Погружение винтовых свай длиной до 12 м, диаметром 325 мм на глубину 6 м гидровращателем на экскаваторе
05-01-082-14	05-01-082	Погружение винтовых свай гидровращателем	СВАЙНЫЕ РАБОТЫ, ВЫПОЛНЯЕМЫЕ С ЗЕМЛИ	м	При изменении глубины погружения свай на 1 м добавлять или исключать к норме 05-01-082-13
05-01-082-15	05-01-082	Погружение винтовых свай гидровращателем	СВАЙНЫЕ РАБОТЫ, ВЫПОЛНЯЕМЫЕ С ЗЕМЛИ	шт	Погружение винтовых свай длиной до 12 м, диаметром 325 мм на глубину 6 м гидровращателем на автомобиле
05-01-082-16	05-01-082	Погружение винтовых свай гидровращателем	СВАЙНЫЕ РАБОТЫ, ВЫПОЛНЯЕМЫЕ С ЗЕМЛИ	м	При изменении глубины погружения свай на 1 м добавлять или исключать к норме 05-01-082-15
05-01-083-01	05-01-083	Устройство буровых свай с использованием технологии "вибростолб"	СВАЙНЫЕ РАБОТЫ, ВЫПОЛНЯЕМЫЕ С ЗЕМЛИ	м сваи	Объемное виброштампование бетонной смеси при устройстве буровых свай диаметром: 750 мм
05-01-083-02	05-01-083	Устройство буровых свай с использованием технологии "вибростолб"	СВАЙНЫЕ РАБОТЫ, ВЫПОЛНЯЕМЫЕ С ЗЕМЛИ	м сваи	Объемное виброштампование бетонной смеси при устройстве буровых свай диаметром: 1000 мм
05-01-083-03	05-01-083	Устройство буровых свай с использованием технологии "вибростолб"	СВАЙНЫЕ РАБОТЫ, ВЫПОЛНЯЕМЫЕ С ЗЕМЛИ	м сваи	Объемное виброштампование бетонной смеси при устройстве буровых свай диаметром: 1500 мм
05-01-083-04	05-01-083	Устройство буровых свай с использованием технологии "вибростолб"	СВАЙНЫЕ РАБОТЫ, ВЫПОЛНЯЕМЫЕ С ЗЕМЛИ	м сваи	Усиление основания скважин вибровтрамбовыванием щебня при устройстве буровых свай диаметром: 750 мм
05-01-083-05	05-01-083	Устройство буровых свай с использованием технологии "вибростолб"	СВАЙНЫЕ РАБОТЫ, ВЫПОЛНЯЕМЫЕ С ЗЕМЛИ	м сваи	Усиление основания скважин вибровтрамбовыванием щебня при устройстве буровых свай диаметром: 1000 мм
05-01-083-06	05-01-083	Устройство буровых свай с использованием технологии "вибростолб"	СВАЙНЫЕ РАБОТЫ, ВЫПОЛНЯЕМЫЕ С ЗЕМЛИ	м сваи	Усиление основания скважин вибровтрамбовыванием щебня при устройстве буровых свай диаметром: 1500 мм
05-01-083-07	05-01-083	Устройство буровых свай с использованием технологии "вибростолб"	СВАЙНЫЕ РАБОТЫ, ВЫПОЛНЯЕМЫЕ С ЗЕМЛИ	м сваи	Устройство щебеночных буровых свай диаметром 1000 мм
05-01-084-01	05-01-084	Устройство шпунтового ограждения из стальных труб диаметром 720 мм длиной до 20 м в грунтах 2-й кате	СВАЙНЫЕ РАБОТЫ, ВЫПОЛНЯЕМЫЕ С ЗЕМЛИ	т	Устройство шпунтового ограждения из стальных труб диаметром 720 мм длиной до 20 м универсальными буровыми комплексами мощностью 350-500 кВт в грунтах 2-й категории на суше
05-01-084-02	05-01-084	Устройство шпунтового ограждения из стальных труб диаметром 720 мм длиной до 20 м в грунтах 2-й кате	СВАЙНЫЕ РАБОТЫ, ВЫПОЛНЯЕМЫЕ С ЗЕМЛИ	т	Устройство шпунтового ограждения из стальных труб диаметром 720 мм длиной 11,6 м в грунтах 2-й категории на суше
05-01-085-01	05-01-085	Устройство шпунтового ограждения из стальных труб диаметром 720 мм длиной до 20 м в грунтах 2-й кате	СВАЙНЫЕ РАБОТЫ, ВЫПОЛНЯЕМЫЕ С ЗЕМЛИ	т	Устройство шпунтового ограждения из стальных труб диаметром 720 мм длиной до 20 м универсальными буровыми комплексами мощностью 350-500 кВт в грунтах 2-й категории в речных условия
05-01-085-02	05-01-085	Устройство шпунтового ограждения из стальных труб диаметром 720 мм длиной до 20 м в грунтах 2-й кате	СВАЙНЫЕ РАБОТЫ, ВЫПОЛНЯЕМЫЕ С ЗЕМЛИ	т	Устройство шпунтового ограждения из стальных труб диаметром 720 мм длиной 11,6 м в грунтах 2-й категории в речных условиях с плавсредств
05-01-087-01	05-01-087	Устройство свай из трубного шпунта диаметром 720 мм установкой ударно-вращательного бурения	СВАЙНЫЕ РАБОТЫ, ВЫПОЛНЯЕМЫЕ С ЗЕМЛИ	м	Устройство свай из трубного шпунта диаметром 720 мм установкой ударно-вращательного бурения, группа грунта: 7
05-01-087-02	05-01-087	Устройство свай из трубного шпунта диаметром 720 мм установкой ударно-вращательного бурения	СВАЙНЫЕ РАБОТЫ, ВЫПОЛНЯЕМЫЕ С ЗЕМЛИ	м	Устройство свай из трубного шпунта диаметром 720 мм установкой ударно-вращательного бурения, группа грунта: 9
05-01-088-01	05-01-088	Устройство свай из трубного шпунта диаметром 1020 мм установкой ударно-вращательного бурения	СВАЙНЫЕ РАБОТЫ, ВЫПОЛНЯЕМЫЕ С ЗЕМЛИ	м	Устройство свай из трубного шпунта диаметром 1020 мм установкой ударно-вращательного бурения, группа грунта: 7
05-01-088-02	05-01-088	Устройство свай из трубного шпунта диаметром 1020 мм установкой ударно-вращательного бурения	СВАЙНЫЕ РАБОТЫ, ВЫПОЛНЯЕМЫЕ С ЗЕМЛИ	м	Устройство свай из трубного шпунта диаметром 1020 мм установкой ударно-вращательного бурения, группа грунта: 9
05-01-090-01	05-01-090	Вытрамбовывание (пробивка) скважин для устройства свай	СВАЙНЫЕ РАБОТЫ, ВЫПОЛНЯЕМЫЕ С ЗЕМЛИ	м3	Вытрамбовывание (пробивка) скважин для устройства свай диаметром до 800 мм в грунтах: устойчивых 2-й категории
05-01-090-02	05-01-090	Вытрамбовывание (пробивка) скважин для устройства свай	СВАЙНЫЕ РАБОТЫ, ВЫПОЛНЯЕМЫЕ С ЗЕМЛИ	м3	Вытрамбовывание (пробивка) скважин для устройства свай диаметром до 800 мм в грунтах: неустойчивых
05-01-091-01	05-01-091	Втрамбовывание щебня для устройства уширения основания скважин под сваи	СВАЙНЫЕ РАБОТЫ, ВЫПОЛНЯЕМЫЕ С ЗЕМЛИ	м3	Втрамбовывание щебня для устройства уширения основания скважин под сваи
05-01-092-01	05-01-092	Задавливание свай при усилении фундаментов	СВАЙНЫЕ РАБОТЫ, ВЫПОЛНЯЕМЫЕ С ЗЕМЛИ	м	Задавливание свай диаметром 219 мм при усилении фундаментов
05-01-093-01	05-01-093	Погружение железобетонных свай вдавливанием статической нагрузкой	СВАЙНЫЕ РАБОТЫ, ВЫПОЛНЯЕМЫЕ С ЗЕМЛИ	м3	Погружение железобетонных свай вдавливанием статической нагрузкой 92 т, длина сваи 12 м
05-01-093-02	05-01-093	Погружение железобетонных свай вдавливанием статической нагрузкой	СВАЙНЫЕ РАБОТЫ, ВЫПОЛНЯЕМЫЕ С ЗЕМЛИ	м3	Погружение железобетонных свай вдавливанием статической нагрузкой 120 т, длина свай: до 10 м
05-01-093-03	05-01-093	Погружение железобетонных свай вдавливанием статической нагрузкой	СВАЙНЫЕ РАБОТЫ, ВЫПОЛНЯЕМЫЕ С ЗЕМЛИ	м3	Погружение железобетонных свай вдавливанием статической нагрузкой 120 т, длина свай: свыше 10 до 16 м
05-01-093-04	05-01-093	Погружение железобетонных свай вдавливанием статической нагрузкой	СВАЙНЫЕ РАБОТЫ, ВЫПОЛНЯЕМЫЕ С ЗЕМЛИ	м3	Погружение железобетонных свай вдавливанием статической нагрузкой 120 т, длина свай: свыше 16 м
05-01-093-05	05-01-093	Погружение железобетонных свай вдавливанием статической нагрузкой	СВАЙНЫЕ РАБОТЫ, ВЫПОЛНЯЕМЫЕ С ЗЕМЛИ	м3	Погружение железобетонных свай вдавливанием статической нагрузкой 240 т, длина свай: до 10 м
05-01-093-06	05-01-093	Погружение железобетонных свай вдавливанием статической нагрузкой	СВАЙНЫЕ РАБОТЫ, ВЫПОЛНЯЕМЫЕ С ЗЕМЛИ	м3	Погружение железобетонных свай вдавливанием статической нагрузкой 240 т, длина свай: свыше 10 до 16 м
05-01-093-07	05-01-093	Погружение железобетонных свай вдавливанием статической нагрузкой	СВАЙНЫЕ РАБОТЫ, ВЫПОЛНЯЕМЫЕ С ЗЕМЛИ	м3	Погружение железобетонных свай вдавливанием статической нагрузкой 240 т, длина свай: свыше 16 м
05-01-093-08	05-01-093	Погружение железобетонных свай вдавливанием статической нагрузкой	СВАЙНЫЕ РАБОТЫ, ВЫПОЛНЯЕМЫЕ С ЗЕМЛИ	м3	Погружение железобетонных свай вдавливанием статической нагрузкой 360 т, длина свай: 6-8 м
05-01-093-09	05-01-093	Погружение железобетонных свай вдавливанием статической нагрузкой	СВАЙНЫЕ РАБОТЫ, ВЫПОЛНЯЕМЫЕ С ЗЕМЛИ	м3	Погружение железобетонных свай вдавливанием статической нагрузкой 360 т, длина свай: 9-10 м
05-01-093-10	05-01-093	Погружение железобетонных свай вдавливанием статической нагрузкой	СВАЙНЫЕ РАБОТЫ, ВЫПОЛНЯЕМЫЕ С ЗЕМЛИ	м3	Погружение железобетонных свай вдавливанием статической нагрузкой 360 т, длина свай: 11-12 м
05-01-094-01	05-01-094	Погружение методом вдавливания статической нагрузкой и извлечение стальных шпунтовых свай	СВАЙНЫЕ РАБОТЫ, ВЫПОЛНЯЕМЫЕ С ЗЕМЛИ	т	Погружение методом вдавливания статической нагрузкой 150 т стальных шпунтовых свай массой 1 м свыше 80 кг на глубину: до 8 м
05-01-094-02	05-01-094	Погружение методом вдавливания статической нагрузкой и извлечение стальных шпунтовых свай	СВАЙНЫЕ РАБОТЫ, ВЫПОЛНЯЕМЫЕ С ЗЕМЛИ	т	Погружение методом вдавливания статической нагрузкой 150 т стальных шпунтовых свай массой 1 м свыше 80 кг на глубину: свыше 8 до 12 м
05-01-094-03	05-01-094	Погружение методом вдавливания статической нагрузкой и извлечение стальных шпунтовых свай	СВАЙНЫЕ РАБОТЫ, ВЫПОЛНЯЕМЫЕ С ЗЕМЛИ	т	Погружение методом вдавливания статической нагрузкой 150 т стальных шпунтовых свай массой 1 м свыше 80 кг на глубину: свыше 12 м
05-01-094-04	05-01-094	Погружение методом вдавливания статической нагрузкой и извлечение стальных шпунтовых свай	СВАЙНЫЕ РАБОТЫ, ВЫПОЛНЯЕМЫЕ С ЗЕМЛИ	т	Извлечение стальных шпунтовых свай статической нагрузкой 150 т массой 1 м свыше 80 кг, длиной: до 8 м
05-01-094-05	05-01-094	Погружение методом вдавливания статической нагрузкой и извлечение стальных шпунтовых свай	СВАЙНЫЕ РАБОТЫ, ВЫПОЛНЯЕМЫЕ С ЗЕМЛИ	т	Извлечение стальных шпунтовых свай статической нагрузкой 150 т массой 1 м свыше 80 кг, длиной: свыше 8 до 12 м
05-01-094-06	05-01-094	Погружение методом вдавливания статической нагрузкой и извлечение стальных шпунтовых свай	СВАЙНЫЕ РАБОТЫ, ВЫПОЛНЯЕМЫЕ С ЗЕМЛИ	т	Извлечение стальных шпунтовых свай статической нагрузкой 150 т массой 1 м свыше 80 кг, длиной: свыше 12 м
05-03-001-01	05-03-001	Цементация грунтов	ЗАКРЕПЛЕНИЕ ГРУНТОВ	100 м	Цементация грунтов нисходящим способом при поглощении цемента и песка: до 200 кг
05-03-001-02	05-03-001	Цементация грунтов	ЗАКРЕПЛЕНИЕ ГРУНТОВ	100 м	Цементация грунтов нисходящим способом при поглощении цемента и песка: свыше 200 до 400 кг
05-03-001-03	05-03-001	Цементация грунтов	ЗАКРЕПЛЕНИЕ ГРУНТОВ	100 м	Цементация грунтов нисходящим способом при поглощении цемента и песка: свыше 400 до 800 кг
05-03-001-04	05-03-001	Цементация грунтов	ЗАКРЕПЛЕНИЕ ГРУНТОВ	100 м	Цементация грунтов нисходящим способом при поглощении цемента и песка: свыше 800 до 1200 кг
05-03-001-05	05-03-001	Цементация грунтов	ЗАКРЕПЛЕНИЕ ГРУНТОВ	100 м	Цементация грунтов нисходящим способом при поглощении цемента и песка: свыше 1200 до 2000 кг
05-03-001-06	05-03-001	Цементация грунтов	ЗАКРЕПЛЕНИЕ ГРУНТОВ	100 м	Цементация грунтов нисходящим способом при поглощении цемента и песка: на каждую 1000 кг свыше 2000 кг добавлять к норме 05-03-001-05
05-03-001-07	05-03-001	Цементация грунтов	ЗАКРЕПЛЕНИЕ ГРУНТОВ	100 м	Цементация грунтов восходящим способом при поглощении цемента и песка: до 200 кг
05-03-001-08	05-03-001	Цементация грунтов	ЗАКРЕПЛЕНИЕ ГРУНТОВ	100 м	Цементация грунтов восходящим способом при поглощении цемента и песка: свыше 200 до 400 кг
05-03-003-01	05-03-003	Забивка и извлечение инъекторов	ЗАКРЕПЛЕНИЕ ГРУНТОВ	100 м	Забивка и извлечение инъекторов в грунтах: 1 группы при глубине до 4 м
05-03-003-02	05-03-003	Забивка и извлечение инъекторов	ЗАКРЕПЛЕНИЕ ГРУНТОВ	100 м	Забивка и извлечение инъекторов в грунтах: 1 группы при глубине свыше 4 до 5 м
05-03-003-03	05-03-003	Забивка и извлечение инъекторов	ЗАКРЕПЛЕНИЕ ГРУНТОВ	100 м	Забивка и извлечение инъекторов в грунтах: 1 группы при глубине свыше 5 до 6 м
05-03-003-04	05-03-003	Забивка и извлечение инъекторов	ЗАКРЕПЛЕНИЕ ГРУНТОВ	100 м	Забивка и извлечение инъекторов в грунтах: 1 группы при глубине свыше 6 до 7 м
05-03-003-05	05-03-003	Забивка и извлечение инъекторов	ЗАКРЕПЛЕНИЕ ГРУНТОВ	100 м	Забивка и извлечение инъекторов в грунтах: 1 группы при глубине свыше 7 до 10 м
05-03-003-06	05-03-003	Забивка и извлечение инъекторов	ЗАКРЕПЛЕНИЕ ГРУНТОВ	100 м	Забивка и извлечение инъекторов в грунтах: 1 группы при глубине свыше 10 до 15 м
05-03-003-07	05-03-003	Забивка и извлечение инъекторов	ЗАКРЕПЛЕНИЕ ГРУНТОВ	100 м	Забивка и извлечение инъекторов в грунтах: 1 группы при глубине свыше 15 до 30 м
05-03-003-08	05-03-003	Забивка и извлечение инъекторов	ЗАКРЕПЛЕНИЕ ГРУНТОВ	100 м	Забивка и извлечение инъекторов в грунтах: 2 группы при глубине до 4 м
05-03-003-09	05-03-003	Забивка и извлечение инъекторов	ЗАКРЕПЛЕНИЕ ГРУНТОВ	100 м	Забивка и извлечение инъекторов в грунтах: 2 группы при глубине свыше 4 до 5 м
05-03-003-10	05-03-003	Забивка и извлечение инъекторов	ЗАКРЕПЛЕНИЕ ГРУНТОВ	100 м	Забивка и извлечение инъекторов в грунтах: 2 группы при глубине свыше 5 до 6 м
05-03-003-11	05-03-003	Забивка и извлечение инъекторов	ЗАКРЕПЛЕНИЕ ГРУНТОВ	100 м	Забивка и извлечение инъекторов в грунтах: 2 группы при глубине свыше 6 до 7 м
05-03-003-12	05-03-003	Забивка и извлечение инъекторов	ЗАКРЕПЛЕНИЕ ГРУНТОВ	100 м	Забивка и извлечение инъекторов в грунтах: 2 группы при глубине свыше 7 до 10 м
05-03-003-13	05-03-003	Забивка и извлечение инъекторов	ЗАКРЕПЛЕНИЕ ГРУНТОВ	100 м	Забивка и извлечение инъекторов в грунтах: 2 группы при глубине свыше 10 до 15 м
05-03-003-14	05-03-003	Забивка и извлечение инъекторов	ЗАКРЕПЛЕНИЕ ГРУНТОВ	100 м	Забивка и извлечение инъекторов в грунтах: 2 группы при глубине свыше 15 до 30 м
05-03-003-15	05-03-003	Забивка и извлечение инъекторов	ЗАКРЕПЛЕНИЕ ГРУНТОВ	100 м	Забивка и извлечение инъекторов в грунтах: 3 группы при глубине до 4 м
05-03-003-16	05-03-003	Забивка и извлечение инъекторов	ЗАКРЕПЛЕНИЕ ГРУНТОВ	100 м	Забивка и извлечение инъекторов в грунтах: 3 группы при глубине свыше 4 до 5 м
05-03-003-17	05-03-003	Забивка и извлечение инъекторов	ЗАКРЕПЛЕНИЕ ГРУНТОВ	100 м	Забивка и извлечение инъекторов в грунтах: 3 группы при глубине свыше 5 до 6 м
05-03-003-18	05-03-003	Забивка и извлечение инъекторов	ЗАКРЕПЛЕНИЕ ГРУНТОВ	100 м	Забивка и извлечение инъекторов в грунтах: 3 группы при глубине свыше 6 до 7 м
05-03-003-19	05-03-003	Забивка и извлечение инъекторов	ЗАКРЕПЛЕНИЕ ГРУНТОВ	100 м	Забивка и извлечение инъекторов в грунтах: 3 группы при глубине свыше 7 до 10 м
05-03-003-20	05-03-003	Забивка и извлечение инъекторов	ЗАКРЕПЛЕНИЕ ГРУНТОВ	100 м	Забивка и извлечение инъекторов в грунтах: 3 группы при глубине свыше 10 до 15 м
05-03-003-21	05-03-003	Забивка и извлечение инъекторов	ЗАКРЕПЛЕНИЕ ГРУНТОВ	100 м	Забивка и извлечение инъекторов в грунтах: 3 группы при глубине свыше 15 до 30 м
05-03-004-01	05-03-004	Силикатизация и смолизация	ЗАКРЕПЛЕНИЕ ГРУНТОВ	м3	Силикатизация: однорастворная без предварительной активизации
05-03-004-02	05-03-004	Силикатизация и смолизация	ЗАКРЕПЛЕНИЕ ГРУНТОВ	м3	Силикатизация: однорастворная с предварительной активизацией
05-03-004-03	05-03-004	Силикатизация и смолизация	ЗАКРЕПЛЕНИЕ ГРУНТОВ	м3	Силикатизация: двухрастворная
05-03-004-04	05-03-004	Силикатизация и смолизация	ЗАКРЕПЛЕНИЕ ГРУНТОВ	м3	Силикатизация: газовая без предварительной активизации
05-03-004-05	05-03-004	Силикатизация и смолизация	ЗАКРЕПЛЕНИЕ ГРУНТОВ	м3	Силикатизация: газовая с предварительной активизацией
05-03-004-06	05-03-004	Силикатизация и смолизация	ЗАКРЕПЛЕНИЕ ГРУНТОВ	м3	Силикатизация: лессовых грунтов
05-03-004-07	05-03-004	Силикатизация и смолизация	ЗАКРЕПЛЕНИЕ ГРУНТОВ	м3	Смолизация: без предварительной активизации
05-03-004-08	05-03-004	Силикатизация и смолизация	ЗАКРЕПЛЕНИЕ ГРУНТОВ	м3	Смолизация: с предварительной активизацией
05-03-007-01	05-03-007	Устройство крепления стен котлована грунтовыми стержневыми инъекционными анкерами (АИ) с расчетной н	ЗАКРЕПЛЕНИЕ ГРУНТОВ	м анкера	Устройство крепления стен котлована грунтовыми стержневыми инъекционными анкерами (АИ) с расчетной несущей способностью анкера по тяге до 42 тс при бурении скважин в грунтах группы
05-03-007-02	05-03-007	Устройство крепления стен котлована грунтовыми стержневыми инъекционными анкерами (АИ) с расчетной н	ЗАКРЕПЛЕНИЕ ГРУНТОВ	м анкера	Устройство крепления стен котлована грунтовыми стержневыми инъекционными анкерами (АИ) с расчетной несущей способностью анкера по тяге до 42 тс при бурении скважин в грунтах группы
05-03-007-03	05-03-007	Устройство крепления стен котлована грунтовыми стержневыми инъекционными анкерами (АИ) с расчетной н	ЗАКРЕПЛЕНИЕ ГРУНТОВ	м анкера	Устройство крепления стен котлована грунтовыми стержневыми инъекционными анкерами (АИ) с расчетной несущей способностью анкера по тяге до 42 тс при бурении скважин в грунтах группы
05-03-007-04	05-03-007	Устройство крепления стен котлована грунтовыми стержневыми инъекционными анкерами (АИ) с расчетной н	ЗАКРЕПЛЕНИЕ ГРУНТОВ	м анкера	Устройство крепления стен котлована грунтовыми стержневыми инъекционными анкерами (АИ) с расчетной несущей способностью анкера по тяге до 42 тс при бурении скважин в грунтах группы
05-03-008-01	05-03-008	Устройство крепления стен котлована грунтовыми четырехпрядевыми анкерами с напрягаемым усилием до 61	ЗАКРЕПЛЕНИЕ ГРУНТОВ	м анкера	Устройство крепления стен котлована грунтовыми четырехпрядевыми анкерами с напрягаемым усилием до 61,7 тс при бурении скважин в грунтах группы: 1
05-03-008-02	05-03-008	Устройство крепления стен котлована грунтовыми четырехпрядевыми анкерами с напрягаемым усилием до 61	ЗАКРЕПЛЕНИЕ ГРУНТОВ	м анкера	Устройство крепления стен котлована грунтовыми четырехпрядевыми анкерами с напрягаемым усилием до 61,7 тс при бурении скважин в грунтах группы: 2
05-03-008-03	05-03-008	Устройство крепления стен котлована грунтовыми четырехпрядевыми анкерами с напрягаемым усилием до 61	ЗАКРЕПЛЕНИЕ ГРУНТОВ	м анкера	Устройство крепления стен котлована грунтовыми четырехпрядевыми анкерами с напрягаемым усилием до 61,7 тс при бурении скважин в грунтах группы: 3
05-03-008-04	05-03-008	Устройство крепления стен котлована грунтовыми четырехпрядевыми анкерами с напрягаемым усилием до 61	ЗАКРЕПЛЕНИЕ ГРУНТОВ	м анкера	Устройство крепления стен котлована грунтовыми четырехпрядевыми анкерами с напрягаемым усилием до 61,7 тс при бурении скважин в грунтах группы: 4
05-03-009-01	05-03-009	Устройство траншеи гидрофрезой для сооружения методом "стена в грунте"	ЗАКРЕПЛЕНИЕ ГРУНТОВ	м3 траншеи	Устройство траншеи гидрофрезой для сооружения методом "стена в грунте" в грунтах группы: 1
05-03-009-02	05-03-009	Устройство траншеи гидрофрезой для сооружения методом "стена в грунте"	ЗАКРЕПЛЕНИЕ ГРУНТОВ	м3 траншеи	Устройство траншеи гидрофрезой для сооружения методом "стена в грунте" в грунтах группы: 2
05-03-009-03	05-03-009	Устройство траншеи гидрофрезой для сооружения методом "стена в грунте"	ЗАКРЕПЛЕНИЕ ГРУНТОВ	м3 траншеи	Устройство траншеи гидрофрезой для сооружения методом "стена в грунте" в грунтах группы: 3
05-03-009-04	05-03-009	Устройство траншеи гидрофрезой для сооружения методом "стена в грунте"	ЗАКРЕПЛЕНИЕ ГРУНТОВ	м3 траншеи	Устройство траншеи гидрофрезой для сооружения методом "стена в грунте" в грунтах группы: 4
05-03-009-05	05-03-009	Устройство траншеи гидрофрезой для сооружения методом "стена в грунте"	ЗАКРЕПЛЕНИЕ ГРУНТОВ	м3 траншеи	Устройство траншеи гидрофрезой для сооружения методом "стена в грунте" в грунтах группы: 5
05-03-009-06	05-03-009	Устройство траншеи гидрофрезой для сооружения методом "стена в грунте"	ЗАКРЕПЛЕНИЕ ГРУНТОВ	м3 траншеи	Устройство траншеи гидрофрезой для сооружения методом "стена в грунте" в грунтах группы: 6
05-03-009-07	05-03-009	Устройство траншеи гидрофрезой для сооружения методом "стена в грунте"	ЗАКРЕПЛЕНИЕ ГРУНТОВ	м3 траншеи	Устройство траншеи гидрофрезой для сооружения методом "стена в грунте" в грунтах группы: 7
05-03-011-01	05-03-011	Устройство укрепительной подпорной стенки из монолитного железобетона в металлической опалубке с под	ЗАКРЕПЛЕНИЕ ГРУНТОВ	м3	Устройство укрепительной подпорной стенки из монолитного железобетона в металлической опалубке с подачей и укладкой бетонной смеси автобетононасосом
05-03-012-01	05-03-012	Преобразование свойств слабонесущих водонасыщенных грунтов методом устройства грунтовых колонн	ЗАКРЕПЛЕНИЕ ГРУНТОВ	10 м	Преобразование свойств слабонесущих водонасыщенных грунтов методом устройства грунтовых колонн: диаметром 540 мм
05-03-013-01	05-03-013	Устройство самораскрывающихся грунтовых анкеров якорного типа на склонах в горной местности	ЗАКРЕПЛЕНИЕ ГРУНТОВ	шт	Устройство самораскрывающихся грунтовых анкеров якорного типа длиной 2 м с разрушающей нагрузкой не менее 45 кН и диаметром стержня 12 мм, при производстве работ с использованием р
05-03-013-02	05-03-013	Устройство самораскрывающихся грунтовых анкеров якорного типа на склонах в горной местности	ЗАКРЕПЛЕНИЕ ГРУНТОВ	шт	Устройство самораскрывающихся грунтовых анкеров якорного типа длиной 2 м с разрушающей нагрузкой не менее 45 кН и диаметром стержня 12 мм, при производстве работ с использованием р
05-03-013-03	05-03-013	Устройство самораскрывающихся грунтовых анкеров якорного типа на склонах в горной местности	ЗАКРЕПЛЕНИЕ ГРУНТОВ	шт	Устройство самораскрывающихся грунтовых анкеров якорного типа длиной 2 м с разрушающей нагрузкой не менее 45 кН и диаметром стержня 12 мм, при производстве работ механизированным с
05-03-013-04	05-03-013	Устройство самораскрывающихся грунтовых анкеров якорного типа на склонах в горной местности	ЗАКРЕПЛЕНИЕ ГРУНТОВ	шт	Устройство самораскрывающихся грунтовых анкеров якорного типа длиной 2 м с разрушающей нагрузкой не менее 45 кН и диаметром стержня 12 мм, при производстве работ механизированным с
05-03-013-05	05-03-013	Устройство самораскрывающихся грунтовых анкеров якорного типа на склонах в горной местности	ЗАКРЕПЛЕНИЕ ГРУНТОВ	шт	Устройство самораскрывающихся грунтовых анкеров якорного типа длиной 2 м с разрушающей нагрузкой не менее 120 кН и диаметром стержня 16 мм, при производстве работ механизированным 
05-03-013-06	05-03-013	Устройство самораскрывающихся грунтовых анкеров якорного типа на склонах в горной местности	ЗАКРЕПЛЕНИЕ ГРУНТОВ	шт	Устройство самораскрывающихся грунтовых анкеров якорного типа длиной 2 м с разрушающей нагрузкой не менее 120 кН и диаметром стержня 16 мм, при производстве работ механизированным 
05-03-013-07	05-03-013	Устройство самораскрывающихся грунтовых анкеров якорного типа на склонах в горной местности	ЗАКРЕПЛЕНИЕ ГРУНТОВ	м	На каждый метр изменения длины самораскрывающегося анкера добавлять или исключать: к норме 05-03-013-01
05-03-013-08	05-03-013	Устройство самораскрывающихся грунтовых анкеров якорного типа на склонах в горной местности	ЗАКРЕПЛЕНИЕ ГРУНТОВ	м	На каждый метр изменения длины самораскрывающегося анкера добавлять или исключать: к норме 05-03-013-02
05-03-013-09	05-03-013	Устройство самораскрывающихся грунтовых анкеров якорного типа на склонах в горной местности	ЗАКРЕПЛЕНИЕ ГРУНТОВ	м	На каждый метр изменения длины самораскрывающегося анкера добавлять или исключать: к норме 05-03-013-03
05-03-013-10	05-03-013	Устройство самораскрывающихся грунтовых анкеров якорного типа на склонах в горной местности	ЗАКРЕПЛЕНИЕ ГРУНТОВ	м	На каждый метр изменения длины самораскрывающегося анкера добавлять или исключать: к норме 05-03-013-04
05-03-013-11	05-03-013	Устройство самораскрывающихся грунтовых анкеров якорного типа на склонах в горной местности	ЗАКРЕПЛЕНИЕ ГРУНТОВ	м	На каждый метр изменения длины самораскрывающегося анкера добавлять или исключать: к норме 05-03-013-05
05-03-013-12	05-03-013	Устройство самораскрывающихся грунтовых анкеров якорного типа на склонах в горной местности	ЗАКРЕПЛЕНИЕ ГРУНТОВ	м	На каждый метр изменения длины самораскрывающегося анкера добавлять или исключать: к норме 05-03-013-06
05-03-020-01	05-03-020	Устройство буроинъекционных свай в готовых скважинах с использованием разрядно-импульсной технологии	ЗАКРЕПЛЕНИЕ ГРУНТОВ	м	Устройство буроинъекционных свай в готовых скважинах с использованием разрядно-импульсной технологии (РИТ), диаметр скважин: до 120 мм
05-03-020-02	05-03-020	Устройство буроинъекционных свай в готовых скважинах с использованием разрядно-импульсной технологии	ЗАКРЕПЛЕНИЕ ГРУНТОВ	м	Устройство буроинъекционных свай в готовых скважинах с использованием разрядно-импульсной технологии (РИТ), диаметр скважин: свыше 120 до 150 мм
05-03-020-03	05-03-020	Устройство буроинъекционных свай в готовых скважинах с использованием разрядно-импульсной технологии	ЗАКРЕПЛЕНИЕ ГРУНТОВ	м	Устройство буроинъекционных свай в готовых скважинах с использованием разрядно-импульсной технологии (РИТ), диаметр скважин: свыше 150 до 200 мм
05-03-020-04	05-03-020	Устройство буроинъекционных свай в готовых скважинах с использованием разрядно-импульсной технологии	ЗАКРЕПЛЕНИЕ ГРУНТОВ	м	Устройство буроинъекционных свай в готовых скважинах с использованием разрядно-импульсной технологии (РИТ), диаметр скважин: свыше 200 до 300 мм
05-03-031-01	05-03-031	Крепление грунта методом струйной цементации вертикальными грунтоцементными сваями	ЗАКРЕПЛЕНИЕ ГРУНТОВ	100 м	Роторное бурение лидерных скважин с прямой промывкой, при однокомпонентной технологии (jet1) в грунтах 1-2 групп глубиной бурения: до 10 м
05-03-031-02	05-03-031	Крепление грунта методом струйной цементации вертикальными грунтоцементными сваями	ЗАКРЕПЛЕНИЕ ГРУНТОВ	100 м	Роторное бурение лидерных скважин с прямой промывкой, при однокомпонентной технологии (jet1) в грунтах 1-2 групп глубиной бурения: свыше 10 до 20 м
05-03-031-03	05-03-031	Крепление грунта методом струйной цементации вертикальными грунтоцементными сваями	ЗАКРЕПЛЕНИЕ ГРУНТОВ	100 м	Роторное бурение лидерных скважин с прямой промывкой, при однокомпонентной технологии (jet1) в грунтах 1-2 групп глубиной бурения: свыше 20 м
05-03-031-04	05-03-031	Крепление грунта методом струйной цементации вертикальными грунтоцементными сваями	ЗАКРЕПЛЕНИЕ ГРУНТОВ	100 м	Роторное бурение лидерных скважин с прямой промывкой, при двухкомпонентной технологии (jet2) в грунтах 1-2 групп глубиной бурения: до 10 м
05-03-031-05	05-03-031	Крепление грунта методом струйной цементации вертикальными грунтоцементными сваями	ЗАКРЕПЛЕНИЕ ГРУНТОВ	100 м	Роторное бурение лидерных скважин с прямой промывкой, при двухкомпонентной технологии (jet2) в грунтах 1-2 групп глубиной бурения: свыше 10 до 20 м
05-03-031-06	05-03-031	Крепление грунта методом струйной цементации вертикальными грунтоцементными сваями	ЗАКРЕПЛЕНИЕ ГРУНТОВ	100 м	Роторное бурение лидерных скважин с прямой промывкой, при двухкомпонентной технологии (jet2) в грунтах 1-2 групп глубиной бурения: свыше 20 м
05-03-031-07	05-03-031	Крепление грунта методом струйной цементации вертикальными грунтоцементными сваями	ЗАКРЕПЛЕНИЕ ГРУНТОВ	100 м	Устройство свай методом струйной цементации по однокомпонентной технологии (jet1) в связных грунтах, длиной до 10 м, диаметром: до 500 мм
05-03-031-08	05-03-031	Крепление грунта методом струйной цементации вертикальными грунтоцементными сваями	ЗАКРЕПЛЕНИЕ ГРУНТОВ	100 м	Устройство свай методом струйной цементации по однокомпонентной технологии (jet1) в связных грунтах, длиной до 10 м, диаметром: свыше 500 до 600 мм
05-03-031-09	05-03-031	Крепление грунта методом струйной цементации вертикальными грунтоцементными сваями	ЗАКРЕПЛЕНИЕ ГРУНТОВ	100 м	Устройство свай методом струйной цементации по однокомпонентной технологии (jet1) в связных грунтах, длиной до 10 м, диаметром: свыше 600 до 700 мм
05-03-031-10	05-03-031	Крепление грунта методом струйной цементации вертикальными грунтоцементными сваями	ЗАКРЕПЛЕНИЕ ГРУНТОВ	100 м	Устройство свай методом струйной цементации по однокомпонентной технологии (jet1) в связных грунтах, длиной до 10 м, диаметром: свыше 700 до 800 мм
05-03-031-11	05-03-031	Крепление грунта методом струйной цементации вертикальными грунтоцементными сваями	ЗАКРЕПЛЕНИЕ ГРУНТОВ	100 м	Устройство свай методом струйной цементации по однокомпонентной технологии (jet1) в связных грунтах, длиной свыше 10 до 20 м, диаметром: до 500 мм
05-03-031-12	05-03-031	Крепление грунта методом струйной цементации вертикальными грунтоцементными сваями	ЗАКРЕПЛЕНИЕ ГРУНТОВ	100 м	Устройство свай методом струйной цементации по однокомпонентной технологии (jet1) в связных грунтах, длиной свыше 10 до 20 м, диаметром: свыше 500 до 600 мм
05-03-031-13	05-03-031	Крепление грунта методом струйной цементации вертикальными грунтоцементными сваями	ЗАКРЕПЛЕНИЕ ГРУНТОВ	100 м	Устройство свай методом струйной цементации по однокомпонентной технологии (jet1) в связных грунтах, длиной свыше 10 до 20 м, диаметром: свыше 600 до 700 мм
05-03-031-14	05-03-031	Крепление грунта методом струйной цементации вертикальными грунтоцементными сваями	ЗАКРЕПЛЕНИЕ ГРУНТОВ	100 м	Устройство свай методом струйной цементации по однокомпонентной технологии (jet1) в связных грунтах, длиной свыше 10 до 20 м, диаметром: свыше 700 до 800 мм
05-03-031-15	05-03-031	Крепление грунта методом струйной цементации вертикальными грунтоцементными сваями	ЗАКРЕПЛЕНИЕ ГРУНТОВ	100 м	Устройство свай методом струйной цементации по однокомпонентной технологии (jet1) в связных грунтах, длиной свыше 20 м, диаметром: до 500 мм
05-03-031-16	05-03-031	Крепление грунта методом струйной цементации вертикальными грунтоцементными сваями	ЗАКРЕПЛЕНИЕ ГРУНТОВ	100 м	Устройство свай методом струйной цементации по однокомпонентной технологии (jet1) в связных грунтах, длиной свыше 20 м, диаметром: свыше 500 до 600 мм
05-03-031-17	05-03-031	Крепление грунта методом струйной цементации вертикальными грунтоцементными сваями	ЗАКРЕПЛЕНИЕ ГРУНТОВ	100 м	Устройство свай методом струйной цементации по однокомпонентной технологии (jet1) в связных грунтах, длиной свыше 20 м, диаметром: свыше 600 до 700 мм
05-03-031-18	05-03-031	Крепление грунта методом струйной цементации вертикальными грунтоцементными сваями	ЗАКРЕПЛЕНИЕ ГРУНТОВ	100 м	Устройство свай методом струйной цементации по однокомпонентной технологии (jet1) в связных грунтах, длиной свыше 20 м, диаметром: свыше 700 до 800 мм
05-03-031-19	05-03-031	Крепление грунта методом струйной цементации вертикальными грунтоцементными сваями	ЗАКРЕПЛЕНИЕ ГРУНТОВ	100 м	Устройство свай методом струйной цементации по однокомпонентной технологии (jet1) в несвязных грунтах, длиной до 10 м, диаметром: до 500 мм
05-03-031-20	05-03-031	Крепление грунта методом струйной цементации вертикальными грунтоцементными сваями	ЗАКРЕПЛЕНИЕ ГРУНТОВ	100 м	Устройство свай методом струйной цементации по однокомпонентной технологии (jet1) в несвязных грунтах, длиной до 10 м, диаметром: свыше 500 до 600 мм
05-03-031-21	05-03-031	Крепление грунта методом струйной цементации вертикальными грунтоцементными сваями	ЗАКРЕПЛЕНИЕ ГРУНТОВ	100 м	Устройство свай методом струйной цементации по однокомпонентной технологии (jet1) в несвязных грунтах, длиной до 10 м, диаметром: свыше 600 до 700 мм
05-03-031-22	05-03-031	Крепление грунта методом струйной цементации вертикальными грунтоцементными сваями	ЗАКРЕПЛЕНИЕ ГРУНТОВ	100 м	Устройство свай методом струйной цементации по однокомпонентной технологии (jet1) в несвязных грунтах, длиной до 10 м, диаметром: свыше 700 до 800 мм
05-03-031-23	05-03-031	Крепление грунта методом струйной цементации вертикальными грунтоцементными сваями	ЗАКРЕПЛЕНИЕ ГРУНТОВ	100 м	Устройство свай методом струйной цементации по однокомпонентной технологии (jet1) в несвязных грунтах, длиной до 10 м, диаметром: свыше 800 до 900 мм
05-03-031-24	05-03-031	Крепление грунта методом струйной цементации вертикальными грунтоцементными сваями	ЗАКРЕПЛЕНИЕ ГРУНТОВ	100 м	Устройство свай методом струйной цементации по однокомпонентной технологии (jet1) в несвязных грунтах, длиной до 10 м, диаметром: свыше 900 до 1000 мм
05-03-031-25	05-03-031	Крепление грунта методом струйной цементации вертикальными грунтоцементными сваями	ЗАКРЕПЛЕНИЕ ГРУНТОВ	100 м	Устройство свай методом струйной цементации по однокомпонентной технологии (jet1) в несвязных грунтах, длиной до 10 м, диаметром: свыше 1000 до 1100 мм
05-03-031-26	05-03-031	Крепление грунта методом струйной цементации вертикальными грунтоцементными сваями	ЗАКРЕПЛЕНИЕ ГРУНТОВ	100 м	Устройство свай методом струйной цементации по однокомпонентной технологии (jet1) в несвязных грунтах, длиной свыше 10 до 20 м, диаметром: до 500 мм
05-03-031-27	05-03-031	Крепление грунта методом струйной цементации вертикальными грунтоцементными сваями	ЗАКРЕПЛЕНИЕ ГРУНТОВ	100 м	Устройство свай методом струйной цементации по однокомпонентной технологии (jet1) в несвязных грунтах, длиной свыше 10 до 20 м, диаметром: свыше 500 до 600 мм
05-03-031-28	05-03-031	Крепление грунта методом струйной цементации вертикальными грунтоцементными сваями	ЗАКРЕПЛЕНИЕ ГРУНТОВ	100 м	Устройство свай методом струйной цементации по однокомпонентной технологии (jet1) в несвязных грунтах, длиной свыше 10 до 20 м, диаметром: свыше 600 до 700 мм
05-03-031-29	05-03-031	Крепление грунта методом струйной цементации вертикальными грунтоцементными сваями	ЗАКРЕПЛЕНИЕ ГРУНТОВ	100 м	Устройство свай методом струйной цементации по однокомпонентной технологии (jet1) в несвязных грунтах, длиной свыше 10 до 20 м, диаметром: свыше 700 до 800 мм
05-03-031-30	05-03-031	Крепление грунта методом струйной цементации вертикальными грунтоцементными сваями	ЗАКРЕПЛЕНИЕ ГРУНТОВ	100 м	Устройство свай методом струйной цементации по однокомпонентной технологии (jet1) в несвязных грунтах, длиной свыше 10 до 20 м, диаметром: свыше 800 до 900 мм
05-03-031-31	05-03-031	Крепление грунта методом струйной цементации вертикальными грунтоцементными сваями	ЗАКРЕПЛЕНИЕ ГРУНТОВ	100 м	Устройство свай методом струйной цементации по однокомпонентной технологии (jet1) в несвязных грунтах, длиной свыше 10 до 20 м, диаметром: свыше 900 до 1000 мм
05-03-031-32	05-03-031	Крепление грунта методом струйной цементации вертикальными грунтоцементными сваями	ЗАКРЕПЛЕНИЕ ГРУНТОВ	100 м	Устройство свай методом струйной цементации по однокомпонентной технологии (jet1) в несвязных грунтах, длиной свыше 10 до 20 м, диаметром: свыше 1000 до 1100 мм
05-03-031-33	05-03-031	Крепление грунта методом струйной цементации вертикальными грунтоцементными сваями	ЗАКРЕПЛЕНИЕ ГРУНТОВ	100 м	Устройство свай методом струйной цементации по однокомпонентной технологии (jet1) в несвязных грунтах, длиной свыше 20 м, диаметром: до 500 мм
05-03-031-34	05-03-031	Крепление грунта методом струйной цементации вертикальными грунтоцементными сваями	ЗАКРЕПЛЕНИЕ ГРУНТОВ	100 м	Устройство свай методом струйной цементации по однокомпонентной технологии (jet1) в несвязных грунтах, длиной свыше 20 м, диаметром: свыше 500 до 600 мм
05-03-031-35	05-03-031	Крепление грунта методом струйной цементации вертикальными грунтоцементными сваями	ЗАКРЕПЛЕНИЕ ГРУНТОВ	100 м	Устройство свай методом струйной цементации по однокомпонентной технологии (jet1) в несвязных грунтах, длиной свыше 20 м, диаметром: свыше 600 до 700 мм
05-03-031-36	05-03-031	Крепление грунта методом струйной цементации вертикальными грунтоцементными сваями	ЗАКРЕПЛЕНИЕ ГРУНТОВ	100 м	Устройство свай методом струйной цементации по однокомпонентной технологии (jet1) в несвязных грунтах, длиной свыше 20 м, диаметром: свыше 700 до 800 мм
05-03-031-37	05-03-031	Крепление грунта методом струйной цементации вертикальными грунтоцементными сваями	ЗАКРЕПЛЕНИЕ ГРУНТОВ	100 м	Устройство свай методом струйной цементации по однокомпонентной технологии (jet1) в несвязных грунтах, длиной свыше 20 м, диаметром: свыше 800 до 900 мм
05-03-031-38	05-03-031	Крепление грунта методом струйной цементации вертикальными грунтоцементными сваями	ЗАКРЕПЛЕНИЕ ГРУНТОВ	100 м	Устройство свай методом струйной цементации по однокомпонентной технологии (jet1) в несвязных грунтах, длиной свыше 20 м, диаметром: свыше 900 до 1000 мм
05-03-031-39	05-03-031	Крепление грунта методом струйной цементации вертикальными грунтоцементными сваями	ЗАКРЕПЛЕНИЕ ГРУНТОВ	100 м	Устройство свай методом струйной цементации по однокомпонентной технологии (jet1) в несвязных грунтах, длиной свыше 20 м, диаметром: свыше 1000 до 1100 мм
05-03-031-40	05-03-031	Крепление грунта методом струйной цементации вертикальными грунтоцементными сваями	ЗАКРЕПЛЕНИЕ ГРУНТОВ	100 м	Устройство свай методом струйной цементации по двухкомпонентной технологии (jet2) в связных грунтах, длиной до 10 м, диаметром: свыше 800 до 900 мм
05-03-031-41	05-03-031	Крепление грунта методом струйной цементации вертикальными грунтоцементными сваями	ЗАКРЕПЛЕНИЕ ГРУНТОВ	100 м	Устройство свай методом струйной цементации по двухкомпонентной технологии (jet2) в связных грунтах, длиной до 10 м, диаметром: свыше 900 до 1000 мм
05-03-031-42	05-03-031	Крепление грунта методом струйной цементации вертикальными грунтоцементными сваями	ЗАКРЕПЛЕНИЕ ГРУНТОВ	100 м	Устройство свай методом струйной цементации по двухкомпонентной технологии (jet2) в связных грунтах, длиной до 10 м, диаметром: свыше 1000 до 1100 мм
05-03-031-43	05-03-031	Крепление грунта методом струйной цементации вертикальными грунтоцементными сваями	ЗАКРЕПЛЕНИЕ ГРУНТОВ	100 м	Устройство свай методом струйной цементации по двухкомпонентной технологии (jet2) в связных грунтах, длиной до 10 м, диаметром: свыше 1100 до 1200 мм
05-03-031-44	05-03-031	Крепление грунта методом струйной цементации вертикальными грунтоцементными сваями	ЗАКРЕПЛЕНИЕ ГРУНТОВ	100 м	Устройство свай методом струйной цементации по двухкомпонентной технологии (jet2) в связных грунтах, длиной до 10 м, диаметром: свыше 1200 до 1300 мм
05-03-031-45	05-03-031	Крепление грунта методом струйной цементации вертикальными грунтоцементными сваями	ЗАКРЕПЛЕНИЕ ГРУНТОВ	100 м	Устройство свай методом струйной цементации по двухкомпонентной технологии (jet2) в связных грунтах, длиной свыше 10 до 20 м, диаметром: свыше 800 до 900 мм
05-03-031-46	05-03-031	Крепление грунта методом струйной цементации вертикальными грунтоцементными сваями	ЗАКРЕПЛЕНИЕ ГРУНТОВ	100 м	Устройство свай методом струйной цементации по двухкомпонентной технологии (jet2) в связных грунтах, длиной свыше 10 до 20 м, диаметром: свыше 900 до 1000 мм
05-03-031-47	05-03-031	Крепление грунта методом струйной цементации вертикальными грунтоцементными сваями	ЗАКРЕПЛЕНИЕ ГРУНТОВ	100 м	Устройство свай методом струйной цементации по двухкомпонентной технологии (jet2) в связных грунтах, длиной свыше 10 до 20 м, диаметром: свыше 1000 до 1100 мм
05-03-031-48	05-03-031	Крепление грунта методом струйной цементации вертикальными грунтоцементными сваями	ЗАКРЕПЛЕНИЕ ГРУНТОВ	100 м	Устройство свай методом струйной цементации по двухкомпонентной технологии (jet2) в связных грунтах, длиной свыше 10 до 20 м, диаметром: свыше 1100 до 1200 мм
05-03-031-49	05-03-031	Крепление грунта методом струйной цементации вертикальными грунтоцементными сваями	ЗАКРЕПЛЕНИЕ ГРУНТОВ	100 м	Устройство свай методом струйной цементации по двухкомпонентной технологии (jet2) в связных грунтах, длиной свыше 10 до 20 м, диаметром: свыше 1200 до 1300 мм
05-03-031-50	05-03-031	Крепление грунта методом струйной цементации вертикальными грунтоцементными сваями	ЗАКРЕПЛЕНИЕ ГРУНТОВ	100 м	Устройство свай методом струйной цементации по двухкомпонентной технологии (jet2) в связных грунтах, длиной свыше 20 м, диаметром: свыше 800 до 900 мм
05-03-031-51	05-03-031	Крепление грунта методом струйной цементации вертикальными грунтоцементными сваями	ЗАКРЕПЛЕНИЕ ГРУНТОВ	100 м	Устройство свай методом струйной цементации по двухкомпонентной технологии (jet2) в связных грунтах, длиной свыше 20 м, диаметром: свыше 900 до 1000 мм
05-03-031-52	05-03-031	Крепление грунта методом струйной цементации вертикальными грунтоцементными сваями	ЗАКРЕПЛЕНИЕ ГРУНТОВ	100 м	Устройство свай методом струйной цементации по двухкомпонентной технологии (jet2) в связных грунтах, длиной свыше 20 м, диаметром: свыше 1000 до 1100 мм
05-03-031-53	05-03-031	Крепление грунта методом струйной цементации вертикальными грунтоцементными сваями	ЗАКРЕПЛЕНИЕ ГРУНТОВ	100 м	Устройство свай методом струйной цементации по двухкомпонентной технологии (jet2) в связных грунтах, длиной свыше 20 м, диаметром: свыше 1100 до 1200 мм
05-03-031-54	05-03-031	Крепление грунта методом струйной цементации вертикальными грунтоцементными сваями	ЗАКРЕПЛЕНИЕ ГРУНТОВ	100 м	Устройство свай методом струйной цементации по двухкомпонентной технологии (jet2) в связных грунтах, длиной свыше 20 м, диаметром: свыше 1200 до 1300 мм
05-03-031-55	05-03-031	Крепление грунта методом струйной цементации вертикальными грунтоцементными сваями	ЗАКРЕПЛЕНИЕ ГРУНТОВ	100 м	Устройство свай методом струйной цементации по двухкомпонентной технологии (jet2) в несвязных грунтах, длиной до 10 м, диаметром: свыше 1100 до 1200 мм
05-03-031-56	05-03-031	Крепление грунта методом струйной цементации вертикальными грунтоцементными сваями	ЗАКРЕПЛЕНИЕ ГРУНТОВ	100 м	Устройство свай методом струйной цементации по двухкомпонентной технологии (jet2) в несвязных грунтах, длиной до 10 м, диаметром: свыше 1200 до 1300 мм
05-03-031-57	05-03-031	Крепление грунта методом струйной цементации вертикальными грунтоцементными сваями	ЗАКРЕПЛЕНИЕ ГРУНТОВ	100 м	Устройство свай методом струйной цементации по двухкомпонентной технологии (jet2) в несвязных грунтах, длиной до 10 м, диаметром: свыше 1300 до 1400 мм
05-03-031-58	05-03-031	Крепление грунта методом струйной цементации вертикальными грунтоцементными сваями	ЗАКРЕПЛЕНИЕ ГРУНТОВ	100 м	Устройство свай методом струйной цементации по двухкомпонентной технологии (jet2) в несвязных грунтах, длиной до 10 м, диаметром: свыше 1400 до 1500 мм
05-03-031-59	05-03-031	Крепление грунта методом струйной цементации вертикальными грунтоцементными сваями	ЗАКРЕПЛЕНИЕ ГРУНТОВ	100 м	Устройство свай методом струйной цементации по двухкомпонентной технологии (jet2) в несвязных грунтах, длиной до 10 м, диаметром: свыше 1500 до 1600 мм
05-03-031-60	05-03-031	Крепление грунта методом струйной цементации вертикальными грунтоцементными сваями	ЗАКРЕПЛЕНИЕ ГРУНТОВ	100 м	Устройство свай методом струйной цементации по двухкомпонентной технологии (jet2) в несвязных грунтах, длиной до 10 м, диаметром: свыше 1600 до 1700 мм
05-03-031-61	05-03-031	Крепление грунта методом струйной цементации вертикальными грунтоцементными сваями	ЗАКРЕПЛЕНИЕ ГРУНТОВ	100 м	Устройство свай методом струйной цементации по двухкомпонентной технологии (jet2) в несвязных грунтах, длиной до 10 м, диаметром: свыше 1700 до 1800 мм
05-03-031-62	05-03-031	Крепление грунта методом струйной цементации вертикальными грунтоцементными сваями	ЗАКРЕПЛЕНИЕ ГРУНТОВ	100 м	Устройство свай методом струйной цементации по двухкомпонентной технологии (jet2) в несвязных грунтах, длиной до 10 м, диаметром: свыше 1800 до 1900 мм
05-03-031-63	05-03-031	Крепление грунта методом струйной цементации вертикальными грунтоцементными сваями	ЗАКРЕПЛЕНИЕ ГРУНТОВ	100 м	Устройство свай методом струйной цементации по двухкомпонентной технологии (jet2) в несвязных грунтах, длиной до 10 м, диаметром: свыше 1900 до 2000 мм
05-03-031-64	05-03-031	Крепление грунта методом струйной цементации вертикальными грунтоцементными сваями	ЗАКРЕПЛЕНИЕ ГРУНТОВ	100 м	Устройство свай методом струйной цементации по двухкомпонентной технологии (jet2) в несвязных грунтах, длиной свыше 10 до 20 м, диаметром: свыше 1100 до 1200 мм
05-03-031-65	05-03-031	Крепление грунта методом струйной цементации вертикальными грунтоцементными сваями	ЗАКРЕПЛЕНИЕ ГРУНТОВ	100 м	Устройство свай методом струйной цементации по двухкомпонентной технологии (jet2) в несвязных грунтах, длиной свыше 10 до 20 м, диаметром: свыше 1200 до 1300 мм
05-03-031-66	05-03-031	Крепление грунта методом струйной цементации вертикальными грунтоцементными сваями	ЗАКРЕПЛЕНИЕ ГРУНТОВ	100 м	Устройство свай методом струйной цементации по двухкомпонентной технологии (jet2) в несвязных грунтах, длиной свыше 10 до 20 м, диаметром: свыше 1300 до 1400 мм
05-03-031-67	05-03-031	Крепление грунта методом струйной цементации вертикальными грунтоцементными сваями	ЗАКРЕПЛЕНИЕ ГРУНТОВ	100 м	Устройство свай методом струйной цементации по двухкомпонентной технологии (jet2) в несвязных грунтах, длиной свыше 10 до 20 м, диаметром: свыше 1400 до 1500 мм
05-03-031-68	05-03-031	Крепление грунта методом струйной цементации вертикальными грунтоцементными сваями	ЗАКРЕПЛЕНИЕ ГРУНТОВ	100 м	Устройство свай методом струйной цементации по двухкомпонентной технологии (jet2) в несвязных грунтах, длиной свыше 10 до 20 м, диаметром: свыше 1500 до 1600 мм
05-03-031-69	05-03-031	Крепление грунта методом струйной цементации вертикальными грунтоцементными сваями	ЗАКРЕПЛЕНИЕ ГРУНТОВ	100 м	Устройство свай методом струйной цементации по двухкомпонентной технологии (jet2) в несвязных грунтах, длиной свыше 10 до 20 м, диаметром: свыше 1600 до 1700 мм
05-03-031-70	05-03-031	Крепление грунта методом струйной цементации вертикальными грунтоцементными сваями	ЗАКРЕПЛЕНИЕ ГРУНТОВ	100 м	Устройство свай методом струйной цементации по двухкомпонентной технологии (jet2) в несвязных грунтах, длиной свыше 10 до 20 м, диаметром: свыше 1700 до 1800 мм
05-03-031-71	05-03-031	Крепление грунта методом струйной цементации вертикальными грунтоцементными сваями	ЗАКРЕПЛЕНИЕ ГРУНТОВ	100 м	Устройство свай методом струйной цементации по двухкомпонентной технологии (jet2) в несвязных грунтах, длиной свыше 10 до 20 м, диаметром: свыше 1800 до 1900 мм
05-03-031-72	05-03-031	Крепление грунта методом струйной цементации вертикальными грунтоцементными сваями	ЗАКРЕПЛЕНИЕ ГРУНТОВ	100 м	Устройство свай методом струйной цементации по двухкомпонентной технологии (jet2) в несвязных грунтах, длиной свыше 10 до 20 м, диаметром: свыше 1900 до 2000 мм
05-03-031-73	05-03-031	Крепление грунта методом струйной цементации вертикальными грунтоцементными сваями	ЗАКРЕПЛЕНИЕ ГРУНТОВ	100 м	Устройство свай методом струйной цементации по двухкомпонентной технологии (jet2) в несвязных грунтах, длиной свыше 20 м, диаметром: свыше 1100 до 1200 мм
05-03-031-74	05-03-031	Крепление грунта методом струйной цементации вертикальными грунтоцементными сваями	ЗАКРЕПЛЕНИЕ ГРУНТОВ	100 м	Устройство свай методом струйной цементации по двухкомпонентной технологии (jet2) в несвязных грунтах, длиной свыше 20 м, диаметром: свыше 1200 до 1300 мм
05-03-031-75	05-03-031	Крепление грунта методом струйной цементации вертикальными грунтоцементными сваями	ЗАКРЕПЛЕНИЕ ГРУНТОВ	100 м	Устройство свай методом струйной цементации по двухкомпонентной технологии (jet2) в несвязных грунтах, длиной свыше 20 м, диаметром: свыше 1300 до 1400 мм
05-03-031-76	05-03-031	Крепление грунта методом струйной цементации вертикальными грунтоцементными сваями	ЗАКРЕПЛЕНИЕ ГРУНТОВ	100 м	Устройство свай методом струйной цементации по двухкомпонентной технологии (jet2) в несвязных грунтах, длиной свыше 20 м, диаметром: свыше 1400 до 1500 мм
05-03-031-77	05-03-031	Крепление грунта методом струйной цементации вертикальными грунтоцементными сваями	ЗАКРЕПЛЕНИЕ ГРУНТОВ	100 м	Устройство свай методом струйной цементации по двухкомпонентной технологии (jet2) в несвязных грунтах, длиной свыше 20 м, диаметром: свыше 1500 до 1600 мм
05-03-031-78	05-03-031	Крепление грунта методом струйной цементации вертикальными грунтоцементными сваями	ЗАКРЕПЛЕНИЕ ГРУНТОВ	100 м	Устройство свай методом струйной цементации по двухкомпонентной технологии (jet2) в несвязных грунтах, длиной свыше 20 м, диаметром: свыше 1600 до 1700 мм
05-03-031-79	05-03-031	Крепление грунта методом струйной цементации вертикальными грунтоцементными сваями	ЗАКРЕПЛЕНИЕ ГРУНТОВ	100 м	Устройство свай методом струйной цементации по двухкомпонентной технологии (jet2) в несвязных грунтах, длиной свыше 20 м, диаметром: свыше 1700 до 1800 мм
05-03-031-80	05-03-031	Крепление грунта методом струйной цементации вертикальными грунтоцементными сваями	ЗАКРЕПЛЕНИЕ ГРУНТОВ	100 м	Устройство свай методом струйной цементации по двухкомпонентной технологии (jet2) в несвязных грунтах, длиной свыше 20 м, диаметром: свыше 1800 до 1900 мм
05-03-031-81	05-03-031	Крепление грунта методом струйной цементации вертикальными грунтоцементными сваями	ЗАКРЕПЛЕНИЕ ГРУНТОВ	100 м	Устройство свай методом струйной цементации по двухкомпонентной технологии (jet2) в несвязных грунтах, длиной свыше 20 м, диаметром: свыше 1900 до 2000 мм
05-03-032-01	05-03-032	Устройство траншей широкозахватным грейфером методом "стена в грунте"	ЗАКРЕПЛЕНИЕ ГРУНТОВ	100 м3	Устройство траншей широкозахватным грейфером методом "стена в грунте" под глинистым раствором шириной 0,6-0,8 м глубиной до 15 м в грунтах группы: 1
05-03-032-02	05-03-032	Устройство траншей широкозахватным грейфером методом "стена в грунте"	ЗАКРЕПЛЕНИЕ ГРУНТОВ	100 м3	Устройство траншей широкозахватным грейфером методом "стена в грунте" под глинистым раствором шириной 0,6-0,8 м глубиной до 15 м в грунтах группы: 2
05-03-032-03	05-03-032	Устройство траншей широкозахватным грейфером методом "стена в грунте"	ЗАКРЕПЛЕНИЕ ГРУНТОВ	100 м3	Устройство траншей широкозахватным грейфером методом "стена в грунте" под глинистым раствором шириной 0,6-0,8 м глубиной до 15 м в грунтах группы: 3
05-03-032-04	05-03-032	Устройство траншей широкозахватным грейфером методом "стена в грунте"	ЗАКРЕПЛЕНИЕ ГРУНТОВ	100 м3	Устройство траншей широкозахватным грейфером методом "стена в грунте" под глинистым раствором шириной 0,6-0,8 м глубиной до 15 м в грунтах группы: 4
05-03-032-05	05-03-032	Устройство траншей широкозахватным грейфером методом "стена в грунте"	ЗАКРЕПЛЕНИЕ ГРУНТОВ	100 м3	Устройство траншей широкозахватным грейфером методом "стена в грунте" под глинистым раствором шириной 0,6-0,8 м глубиной до 15 м в грунтах группы: 5
05-03-032-06	05-03-032	Устройство траншей широкозахватным грейфером методом "стена в грунте"	ЗАКРЕПЛЕНИЕ ГРУНТОВ	100 м3	Устройство траншей широкозахватным грейфером методом "стена в грунте" под глинистым раствором шириной 0,6-0,8 м глубиной свыше 15 м в грунтах группы: 1
05-03-032-07	05-03-032	Устройство траншей широкозахватным грейфером методом "стена в грунте"	ЗАКРЕПЛЕНИЕ ГРУНТОВ	100 м3	Устройство траншей широкозахватным грейфером методом "стена в грунте" под глинистым раствором шириной 0,6-0,8 м глубиной свыше 15 м в грунтах группы: 2
05-03-032-08	05-03-032	Устройство траншей широкозахватным грейфером методом "стена в грунте"	ЗАКРЕПЛЕНИЕ ГРУНТОВ	100 м3	Устройство траншей широкозахватным грейфером методом "стена в грунте" под глинистым раствором шириной 0,6-0,8 м глубиной свыше 15 м в грунтах группы: 3
05-03-032-09	05-03-032	Устройство траншей широкозахватным грейфером методом "стена в грунте"	ЗАКРЕПЛЕНИЕ ГРУНТОВ	100 м3	Устройство траншей широкозахватным грейфером методом "стена в грунте" под глинистым раствором шириной 0,6-0,8 м глубиной свыше 15 м в грунтах группы: 4
05-03-032-10	05-03-032	Устройство траншей широкозахватным грейфером методом "стена в грунте"	ЗАКРЕПЛЕНИЕ ГРУНТОВ	100 м3	Устройство траншей широкозахватным грейфером методом "стена в грунте" под глинистым раствором шириной 0,6-0,8 м глубиной свыше 15 м в грунтах группы: 5
05-03-032-11	05-03-032	Устройство траншей широкозахватным грейфером методом "стена в грунте"	ЗАКРЕПЛЕНИЕ ГРУНТОВ	т	Установка арматурного каркаса в траншею, сооружаемую широкозахватным грейфером методом "стена в грунте" под глинистым раствором, глубиной: до 15 м
05-03-032-12	05-03-032	Устройство траншей широкозахватным грейфером методом "стена в грунте"	ЗАКРЕПЛЕНИЕ ГРУНТОВ	т	Установка арматурного каркаса в траншею, сооружаемую широкозахватным грейфером методом "стена в грунте" под глинистым раствором, глубиной: свыше 15 м
05-03-032-13	05-03-032	Устройство траншей широкозахватным грейфером методом "стена в грунте"	ЗАКРЕПЛЕНИЕ ГРУНТОВ	100 м3	Укладка бетона с применением вертикально-перемещающейся трубы под глинистым раствором
05-03-032-14	05-03-032	Устройство траншей широкозахватным грейфером методом "стена в грунте"	ЗАКРЕПЛЕНИЕ ГРУНТОВ	10 т	Монтаж и демонтаж разделительного элемента