base_type	col	table_code	table_name	norm_code	unit	norm_name
ГЭСН	01	01-01-001	Разработка грунта в отвал экскаваторами "драглайн" одноковшовыми электрическими шагающими при работе на гидроэнергетическом строительстве с ковшом вместимостью 	01-01-001-01	1000 м3	Разработка грунта в отвал экскаваторами "драглайн" одноковшовыми электрическими шагающими при работе на гидроэнергетическом строительстве с ковшом вместимостью: 15 м3, группа грунтов 1
ГЭСН	01	01-01-001	Разработка грунта в отвал экскаваторами "драглайн" одноковшовыми электрическими шагающими при работе на гидроэнергетическом строительстве с ковшом вместимостью 	01-01-001-02	1000 м3	Разработка грунта в отвал экскаваторами "драглайн" одноковшовыми электрическими шагающими при работе на гидроэнергетическом строительстве с ковшом вместимостью: 15 м3, группа грунтов 2
ГЭСН	01	01-01-001	Разработка грунта в отвал экскаваторами "драглайн" одноковшовыми электрическими шагающими при работе на гидроэнергетическом строительстве с ковшом вместимостью 	01-01-001-03	1000 м3	Разработка грунта в отвал экскаваторами "драглайн" одноковшовыми электрическими шагающими при работе на гидроэнергетическом строительстве с ковшом вместимостью: 15 м3, группа грунтов 3
ГЭСН	01	01-01-001	Разработка грунта в отвал экскаваторами "драглайн" одноковшовыми электрическими шагающими при работе на гидроэнергетическом строительстве с ковшом вместимостью 	01-01-001-04	1000 м3	Разработка грунта в отвал экскаваторами "драглайн" одноковшовыми электрическими шагающими при работе на гидроэнергетическом строительстве с ковшом вместимостью: 15 м3, группа грунтов 4
ГЭСН	01	01-01-001	Разработка грунта в отвал экскаваторами "драглайн" одноковшовыми электрическими шагающими при работе на гидроэнергетическом строительстве с ковшом вместимостью 	01-01-001-05	1000 м3	Разработка грунта в отвал экскаваторами "драглайн" одноковшовыми электрическими шагающими при работе на гидроэнергетическом строительстве с ковшом вместимостью: 15 м3, группа грунтов 5
ГЭСН	01	01-01-001	Разработка грунта в отвал экскаваторами "драглайн" одноковшовыми электрическими шагающими при работе на гидроэнергетическом строительстве с ковшом вместимостью 	01-01-001-06	1000 м3	Разработка грунта в отвал экскаваторами "драглайн" одноковшовыми электрическими шагающими при работе на гидроэнергетическом строительстве с ковшом вместимостью: 15 м3, группа грунтов 6
ГЭСН	01	01-01-001	Разработка грунта в отвал экскаваторами "драглайн" одноковшовыми электрическими шагающими при работе на гидроэнергетическом строительстве с ковшом вместимостью 	01-01-001-07	1000 м3	Разработка грунта в отвал экскаваторами "драглайн" одноковшовыми электрическими шагающими при работе на гидроэнергетическом строительстве с ковшом вместимостью: 10 м3, группа грунтов 1
ГЭСН	01	01-01-001	Разработка грунта в отвал экскаваторами "драглайн" одноковшовыми электрическими шагающими при работе на гидроэнергетическом строительстве с ковшом вместимостью 	01-01-001-08	1000 м3	Разработка грунта в отвал экскаваторами "драглайн" одноковшовыми электрическими шагающими при работе на гидроэнергетическом строительстве с ковшом вместимостью: 10 м3, группа грунтов 2
ГЭСН	01	01-01-001	Разработка грунта в отвал экскаваторами "драглайн" одноковшовыми электрическими шагающими при работе на гидроэнергетическом строительстве с ковшом вместимостью 	01-01-001-09	1000 м3	Разработка грунта в отвал экскаваторами "драглайн" одноковшовыми электрическими шагающими при работе на гидроэнергетическом строительстве с ковшом вместимостью: 10 м3, группа грунтов 3
ГЭСН	01	01-01-001	Разработка грунта в отвал экскаваторами "драглайн" одноковшовыми электрическими шагающими при работе на гидроэнергетическом строительстве с ковшом вместимостью 	01-01-001-10	1000 м3	Разработка грунта в отвал экскаваторами "драглайн" одноковшовыми электрическими шагающими при работе на гидроэнергетическом строительстве с ковшом вместимостью: 10 м3, группа грунтов 4
ГЭСН	01	01-01-001	Разработка грунта в отвал экскаваторами "драглайн" одноковшовыми электрическими шагающими при работе на гидроэнергетическом строительстве с ковшом вместимостью 	01-01-001-11	1000 м3	Разработка грунта в отвал экскаваторами "драглайн" одноковшовыми электрическими шагающими при работе на гидроэнергетическом строительстве с ковшом вместимостью: 10 м3, группа грунтов 5
ГЭСН	01	01-01-001	Разработка грунта в отвал экскаваторами "драглайн" одноковшовыми электрическими шагающими при работе на гидроэнергетическом строительстве с ковшом вместимостью 	01-01-001-12	1000 м3	Разработка грунта в отвал экскаваторами "драглайн" одноковшовыми электрическими шагающими при работе на гидроэнергетическом строительстве с ковшом вместимостью: 10 м3, группа грунтов 6
ГЭСН	01	01-01-001	Разработка грунта в отвал экскаваторами "драглайн" одноковшовыми электрическими шагающими при работе на гидроэнергетическом строительстве с ковшом вместимостью 	01-01-001-13	1000 м3	Разработка грунта в отвал экскаваторами "драглайн" одноковшовыми электрическими шагающими при работе на гидроэнергетическом строительстве с ковшом вместимостью: 6,3-6,5 м3, группа грунтов 1
ГЭСН	01	01-01-001	Разработка грунта в отвал экскаваторами "драглайн" одноковшовыми электрическими шагающими при работе на гидроэнергетическом строительстве с ковшом вместимостью 	01-01-001-14	1000 м3	Разработка грунта в отвал экскаваторами "драглайн" одноковшовыми электрическими шагающими при работе на гидроэнергетическом строительстве с ковшом вместимостью: 6,3-6,5 м3, группа грунтов 2
ГЭСН	01	01-01-001	Разработка грунта в отвал экскаваторами "драглайн" одноковшовыми электрическими шагающими при работе на гидроэнергетическом строительстве с ковшом вместимостью 	01-01-001-15	1000 м3	Разработка грунта в отвал экскаваторами "драглайн" одноковшовыми электрическими шагающими при работе на гидроэнергетическом строительстве с ковшом вместимостью: 6,3-6,5 м3, группа грунтов 3
ГЭСН	01	01-01-001	Разработка грунта в отвал экскаваторами "драглайн" одноковшовыми электрическими шагающими при работе на гидроэнергетическом строительстве с ковшом вместимостью 	01-01-001-16	1000 м3	Разработка грунта в отвал экскаваторами "драглайн" одноковшовыми электрическими шагающими при работе на гидроэнергетическом строительстве с ковшом вместимостью: 6,3-6,5 м3, группа грунтов 4
ГЭСН	01	01-01-001	Разработка грунта в отвал экскаваторами "драглайн" одноковшовыми электрическими шагающими при работе на гидроэнергетическом строительстве с ковшом вместимостью 	01-01-001-17	1000 м3	Разработка грунта в отвал экскаваторами "драглайн" одноковшовыми электрическими шагающими при работе на гидроэнергетическом строительстве с ковшом вместимостью: 6,3-6,5 м3, группа грунтов 5
ГЭСН	01	01-01-001	Разработка грунта в отвал экскаваторами "драглайн" одноковшовыми электрическими шагающими при работе на гидроэнергетическом строительстве с ковшом вместимостью 	01-01-001-18	1000 м3	Разработка грунта в отвал экскаваторами "драглайн" одноковшовыми электрическими шагающими при работе на гидроэнергетическом строительстве с ковшом вместимостью: 6,3-6,5 м3, группа грунтов 6
ГЭСН	01	01-01-001	Разработка грунта в отвал экскаваторами "драглайн" одноковшовыми электрическими шагающими при работе на гидроэнергетическом строительстве с ковшом вместимостью 	01-01-001-19	1000 м3	Разработка грунта в отвал экскаваторами "драглайн" одноковшовыми электрическими шагающими при работе на гидроэнергетическом строительстве с ковшом вместимостью: 5-6 м3, группа грунтов 1
ГЭСН	01	01-01-001	Разработка грунта в отвал экскаваторами "драглайн" одноковшовыми электрическими шагающими при работе на гидроэнергетическом строительстве с ковшом вместимостью 	01-01-001-20	1000 м3	Разработка грунта в отвал экскаваторами "драглайн" одноковшовыми электрическими шагающими при работе на гидроэнергетическом строительстве с ковшом вместимостью: 5-6 м3, группа грунтов 2
ГЭСН	01	01-01-001	Разработка грунта в отвал экскаваторами "драглайн" одноковшовыми электрическими шагающими при работе на гидроэнергетическом строительстве с ковшом вместимостью 	01-01-001-21	1000 м3	Разработка грунта в отвал экскаваторами "драглайн" одноковшовыми электрическими шагающими при работе на гидроэнергетическом строительстве с ковшом вместимостью: 5-6 м3, группа грунтов 3
ГЭСН	01	01-01-001	Разработка грунта в отвал экскаваторами "драглайн" одноковшовыми электрическими шагающими при работе на гидроэнергетическом строительстве с ковшом вместимостью 	01-01-001-22	1000 м3	Разработка грунта в отвал экскаваторами "драглайн" одноковшовыми электрическими шагающими при работе на гидроэнергетическом строительстве с ковшом вместимостью: 5-6 м3, группа грунтов 4
ГЭСН	01	01-01-001	Разработка грунта в отвал экскаваторами "драглайн" одноковшовыми электрическими шагающими при работе на гидроэнергетическом строительстве с ковшом вместимостью 	01-01-001-23	1000 м3	Разработка грунта в отвал экскаваторами "драглайн" одноковшовыми электрическими шагающими при работе на гидроэнергетическом строительстве с ковшом вместимостью: 5-6 м3, группа грунтов 5
ГЭСН	01	01-01-001	Разработка грунта в отвал экскаваторами "драглайн" одноковшовыми электрическими шагающими при работе на гидроэнергетическом строительстве с ковшом вместимостью 	01-01-001-24	1000 м3	Разработка грунта в отвал экскаваторами "драглайн" одноковшовыми электрическими шагающими при работе на гидроэнергетическом строительстве с ковшом вместимостью: 5-6 м3, группа грунтов 6
ГЭСН	01	01-01-006	Разработка грунта в отвал в котлованах объемом до 500 м3 экскаваторами с ковшом вместимостью 0,4; 0,25 м3	01-01-006-01	1000 м3	Разработка грунта в котлованах объемом до 500 м3 экскаваторами с ковшом вместимостью 0,4 (0,35-0,45) м3, группа грунтов: 1
ГЭСН	01	01-01-006	Разработка грунта в отвал в котлованах объемом до 500 м3 экскаваторами с ковшом вместимостью 0,4; 0,25 м3	01-01-006-02	1000 м3	Разработка грунта в котлованах объемом до 500 м3 экскаваторами с ковшом вместимостью 0,4 (0,35-0,45) м3, группа грунтов: 2
ГЭСН	01	01-01-006	Разработка грунта в отвал в котлованах объемом до 500 м3 экскаваторами с ковшом вместимостью 0,4; 0,25 м3	01-01-006-03	1000 м3	Разработка грунта в котлованах объемом до 500 м3 экскаваторами с ковшом вместимостью 0,4 (0,35-0,45) м3, группа грунтов: 3
ГЭСН	01	01-01-006	Разработка грунта в отвал в котлованах объемом до 500 м3 экскаваторами с ковшом вместимостью 0,4; 0,25 м3	01-01-006-04	1000 м3	Разработка грунта в котлованах объемом до 500 м3 экскаваторами с ковшом вместимостью 0,25 м3, группа грунтов: 1
ГЭСН	01	01-01-006	Разработка грунта в отвал в котлованах объемом до 500 м3 экскаваторами с ковшом вместимостью 0,4; 0,25 м3	01-01-006-05	1000 м3	Разработка грунта в котлованах объемом до 500 м3 экскаваторами с ковшом вместимостью 0,25 м3, группа грунтов: 2
ГЭСН	01	01-01-006	Разработка грунта в отвал в котлованах объемом до 500 м3 экскаваторами с ковшом вместимостью 0,4; 0,25 м3	01-01-006-06	1000 м3	Разработка грунта в котлованах объемом до 500 м3 экскаваторами с ковшом вместимостью 0,25 м3, группа грунтов: 3
ГЭСН	01	01-01-007	Разработка грунта в отвал в котлованах объемом до 1000 м3 экскаваторами с ковшом вместимостью 0,5; 0,4; 0,25 м3	01-01-007-01	1000 м3	Разработка грунта в отвал в котлованах объемом до 1000 м3 экскаваторами с ковшом вместимостью 0,5 (0,5-0,63) м3, группа грунтов: 1
ГЭСН	01	01-01-007	Разработка грунта в отвал в котлованах объемом до 1000 м3 экскаваторами с ковшом вместимостью 0,5; 0,4; 0,25 м3	01-01-007-02	1000 м3	Разработка грунта в отвал в котлованах объемом до 1000 м3 экскаваторами с ковшом вместимостью 0,5 (0,5-0,63) м3, группа грунтов: 2
ГЭСН	01	01-01-007	Разработка грунта в отвал в котлованах объемом до 1000 м3 экскаваторами с ковшом вместимостью 0,5; 0,4; 0,25 м3	01-01-007-03	1000 м3	Разработка грунта в отвал в котлованах объемом до 1000 м3 экскаваторами с ковшом вместимостью 0,5 (0,5-0,63) м3, группа грунтов: 3
ГЭСН	01	01-01-007	Разработка грунта в отвал в котлованах объемом до 1000 м3 экскаваторами с ковшом вместимостью 0,5; 0,4; 0,25 м3	01-01-007-04	1000 м3	Разработка грунта в отвал в котлованах объемом до 1000 м3 экскаваторами с ковшом вместимостью 0,5 (0,5-0,63) м3, группа грунтов: 4
ГЭСН	01	01-01-007	Разработка грунта в отвал в котлованах объемом до 1000 м3 экскаваторами с ковшом вместимостью 0,5; 0,4; 0,25 м3	01-01-007-05	1000 м3	Разработка грунта в отвал в котлованах объемом до 1000 м3 экскаваторами с ковшом вместимостью 0,5 (0,5-0,63) м3, группа грунтов: 5
ГЭСН	01	01-01-007	Разработка грунта в отвал в котлованах объемом до 1000 м3 экскаваторами с ковшом вместимостью 0,5; 0,4; 0,25 м3	01-01-007-06	1000 м3	Разработка грунта в отвал в котлованах объемом до 1000 м3 экскаваторами с ковшом вместимостью 0,5 (0,5-0,63) м3, группа грунтов: 6
ГЭСН	01	01-01-007	Разработка грунта в отвал в котлованах объемом до 1000 м3 экскаваторами с ковшом вместимостью 0,5; 0,4; 0,25 м3	01-01-007-07	1000 м3	Разработка грунта в отвал в котлованах объемом до 1000 м3 экскаваторами с ковшом вместимостью 0,4 (0,35-0,45) м3, группа грунтов: 1
ГЭСН	01	01-01-007	Разработка грунта в отвал в котлованах объемом до 1000 м3 экскаваторами с ковшом вместимостью 0,5; 0,4; 0,25 м3	01-01-007-08	1000 м3	Разработка грунта в отвал в котлованах объемом до 1000 м3 экскаваторами с ковшом вместимостью 0,4 (0,35-0,45) м3, группа грунтов: 2
ГЭСН	01	01-01-007	Разработка грунта в отвал в котлованах объемом до 1000 м3 экскаваторами с ковшом вместимостью 0,5; 0,4; 0,25 м3	01-01-007-09	1000 м3	Разработка грунта в отвал в котлованах объемом до 1000 м3 экскаваторами с ковшом вместимостью 0,4 (0,35-0,45) м3, группа грунтов: 3
ГЭСН	01	01-01-007	Разработка грунта в отвал в котлованах объемом до 1000 м3 экскаваторами с ковшом вместимостью 0,5; 0,4; 0,25 м3	01-01-007-10	1000 м3	Разработка грунта в отвал в котлованах объемом до 1000 м3 экскаваторами с ковшом вместимостью 0,25 м3, группа грунтов: 1
ГЭСН	01	01-01-007	Разработка грунта в отвал в котлованах объемом до 1000 м3 экскаваторами с ковшом вместимостью 0,5; 0,4; 0,25 м3	01-01-007-11	1000 м3	Разработка грунта в отвал в котлованах объемом до 1000 м3 экскаваторами с ковшом вместимостью 0,25 м3, группа грунтов: 2
ГЭСН	01	01-01-007	Разработка грунта в отвал в котлованах объемом до 1000 м3 экскаваторами с ковшом вместимостью 0,5; 0,4; 0,25 м3	01-01-007-12	1000 м3	Разработка грунта в отвал в котлованах объемом до 1000 м3 экскаваторами с ковшом вместимостью 0,25 м3, группа грунтов: 3
ГЭСН	01	01-01-008	Разработка грунта в отвал в котлованах объемом от 1000 до 3000 м3 экскаваторами с ковшом вместимостью 0,65; 0,5 м3	01-01-008-01	1000 м3	Разработка грунта в отвал в котлованах объемом от 1000 до 3000 м3 экскаваторами с ковшом вместимостью 0,65 м3, группа грунтов: 1
ГЭСН	01	01-01-008	Разработка грунта в отвал в котлованах объемом от 1000 до 3000 м3 экскаваторами с ковшом вместимостью 0,65; 0,5 м3	01-01-008-02	1000 м3	Разработка грунта в отвал в котлованах объемом от 1000 до 3000 м3 экскаваторами с ковшом вместимостью 0,65 м3, группа грунтов: 2
ГЭСН	01	01-01-008	Разработка грунта в отвал в котлованах объемом от 1000 до 3000 м3 экскаваторами с ковшом вместимостью 0,65; 0,5 м3	01-01-008-03	1000 м3	Разработка грунта в отвал в котлованах объемом от 1000 до 3000 м3 экскаваторами с ковшом вместимостью 0,65 м3, группа грунтов: 3
ГЭСН	01	01-01-008	Разработка грунта в отвал в котлованах объемом от 1000 до 3000 м3 экскаваторами с ковшом вместимостью 0,65; 0,5 м3	01-01-008-04	1000 м3	Разработка грунта в отвал в котлованах объемом от 1000 до 3000 м3 экскаваторами с ковшом вместимостью 0,65 м3, группа грунтов: 4
ГЭСН	01	01-01-008	Разработка грунта в отвал в котлованах объемом от 1000 до 3000 м3 экскаваторами с ковшом вместимостью 0,65; 0,5 м3	01-01-008-05	1000 м3	Разработка грунта в отвал в котлованах объемом от 1000 до 3000 м3 экскаваторами с ковшом вместимостью 0,65 м3, группа грунтов: 5
ГЭСН	01	01-01-008	Разработка грунта в отвал в котлованах объемом от 1000 до 3000 м3 экскаваторами с ковшом вместимостью 0,65; 0,5 м3	01-01-008-06	1000 м3	Разработка грунта в отвал в котлованах объемом от 1000 до 3000 м3 экскаваторами с ковшом вместимостью 0,65 м3, группа грунтов: 6
ГЭСН	01	01-01-008	Разработка грунта в отвал в котлованах объемом от 1000 до 3000 м3 экскаваторами с ковшом вместимостью 0,65; 0,5 м3	01-01-008-07	1000 м3	Разработка грунта в отвал в котлованах объемом от 1000 до 3000 м3, экскаваторами с ковшом вместимостью 0,5 м3, группа грунтов: 1
ГЭСН	01	01-01-008	Разработка грунта в отвал в котлованах объемом от 1000 до 3000 м3 экскаваторами с ковшом вместимостью 0,65; 0,5 м3	01-01-008-08	1000 м3	Разработка грунта в отвал в котлованах объемом от 1000 до 3000 м3, экскаваторами с ковшом вместимостью 0,5 м3, группа грунтов: 2
ГЭСН	01	01-01-008	Разработка грунта в отвал в котлованах объемом от 1000 до 3000 м3 экскаваторами с ковшом вместимостью 0,65; 0,5 м3	01-01-008-09	1000 м3	Разработка грунта в отвал в котлованах объемом от 1000 до 3000 м3, экскаваторами с ковшом вместимостью 0,5 м3, группа грунтов: 3
ГЭСН	01	01-01-008	Разработка грунта в отвал в котлованах объемом от 1000 до 3000 м3 экскаваторами с ковшом вместимостью 0,65; 0,5 м3	01-01-008-10	1000 м3	Разработка грунта в отвал в котлованах объемом от 1000 до 3000 м3, экскаваторами с ковшом вместимостью 0,5 м3, группа грунтов: 4
ГЭСН	01	01-01-008	Разработка грунта в отвал в котлованах объемом от 1000 до 3000 м3 экскаваторами с ковшом вместимостью 0,65; 0,5 м3	01-01-008-11	1000 м3	Разработка грунта в отвал в котлованах объемом от 1000 до 3000 м3, экскаваторами с ковшом вместимостью 0,5 м3, группа грунтов: 5
ГЭСН	01	01-01-008	Разработка грунта в отвал в котлованах объемом от 1000 до 3000 м3 экскаваторами с ковшом вместимостью 0,65; 0,5 м3	01-01-008-12	1000 м3	Разработка грунта в отвал в котлованах объемом от 1000 до 3000 м3, экскаваторами с ковшом вместимостью 0,5 м3, группа грунтов: 6
ГЭСН	01	01-01-009	Разработка грунта в траншеях экскаваторами "обратная лопата" с ковшом вместимостью 1; 0,65; 0,5; 0,4; 0,25 м3 в отвал	01-01-009-01	1000 м3	Разработка грунта в траншеях экскаватором «обратная лопата» с ковшом вместимостью 1 (1-1,2) м3, группа грунтов: 1
ГЭСН	01	01-01-009	Разработка грунта в траншеях экскаваторами "обратная лопата" с ковшом вместимостью 1; 0,65; 0,5; 0,4; 0,25 м3 в отвал	01-01-009-02	1000 м3	Разработка грунта в траншеях экскаватором «обратная лопата» с ковшом вместимостью 1 (1-1,2) м3, группа грунтов: 2
ГЭСН	01	01-01-009	Разработка грунта в траншеях экскаваторами "обратная лопата" с ковшом вместимостью 1; 0,65; 0,5; 0,4; 0,25 м3 в отвал	01-01-009-03	1000 м3	Разработка грунта в траншеях экскаватором «обратная лопата» с ковшом вместимостью 1 (1-1,2) м3, группа грунтов: 3
ГЭСН	01	01-01-009	Разработка грунта в траншеях экскаваторами "обратная лопата" с ковшом вместимостью 1; 0,65; 0,5; 0,4; 0,25 м3 в отвал	01-01-009-04	1000 м3	Разработка грунта в траншеях экскаватором «обратная лопата» с ковшом вместимостью 1 (1-1,2) м3, группа грунтов: 4
ГЭСН	01	01-01-009	Разработка грунта в траншеях экскаваторами "обратная лопата" с ковшом вместимостью 1; 0,65; 0,5; 0,4; 0,25 м3 в отвал	01-01-009-05	1000 м3	Разработка грунта в траншеях экскаватором «обратная лопата» с ковшом вместимостью 1 (1-1,2) м3, группа грунтов: 5
ГЭСН	01	01-01-009	Разработка грунта в траншеях экскаваторами "обратная лопата" с ковшом вместимостью 1; 0,65; 0,5; 0,4; 0,25 м3 в отвал	01-01-009-06	1000 м3	Разработка грунта в траншеях экскаватором «обратная лопата» с ковшом вместимостью 1 (1-1,2) м3, группа грунтов: 6
ГЭСН	01	01-01-009	Разработка грунта в траншеях экскаваторами "обратная лопата" с ковшом вместимостью 1; 0,65; 0,5; 0,4; 0,25 м3 в отвал	01-01-009-07	1000 м3	Разработка грунта в траншеях экскаватором «обратная лопата» с ковшом вместимостью 0,65 (0,5-1) м3, группа грунтов: 1
ГЭСН	01	01-01-009	Разработка грунта в траншеях экскаваторами "обратная лопата" с ковшом вместимостью 1; 0,65; 0,5; 0,4; 0,25 м3 в отвал	01-01-009-08	1000 м3	Разработка грунта в траншеях экскаватором «обратная лопата» с ковшом вместимостью 0,65 (0,5-1) м3, группа грунтов: 2
ГЭСН	01	01-01-009	Разработка грунта в траншеях экскаваторами "обратная лопата" с ковшом вместимостью 1; 0,65; 0,5; 0,4; 0,25 м3 в отвал	01-01-009-09	1000 м3	Разработка грунта в траншеях экскаватором «обратная лопата» с ковшом вместимостью 0,65 (0,5-1) м3, группа грунтов: 3
ГЭСН	01	01-01-009	Разработка грунта в траншеях экскаваторами "обратная лопата" с ковшом вместимостью 1; 0,65; 0,5; 0,4; 0,25 м3 в отвал	01-01-009-10	1000 м3	Разработка грунта в траншеях экскаватором «обратная лопата» с ковшом вместимостью 0,65 (0,5-1) м3, группа грунтов: 4
ГЭСН	01	01-01-009	Разработка грунта в траншеях экскаваторами "обратная лопата" с ковшом вместимостью 1; 0,65; 0,5; 0,4; 0,25 м3 в отвал	01-01-009-11	1000 м3	Разработка грунта в траншеях экскаватором «обратная лопата» с ковшом вместимостью 0,65 (0,5-1) м3, группа грунтов: 5
ГЭСН	01	01-01-009	Разработка грунта в траншеях экскаваторами "обратная лопата" с ковшом вместимостью 1; 0,65; 0,5; 0,4; 0,25 м3 в отвал	01-01-009-12	1000 м3	Разработка грунта в траншеях экскаватором «обратная лопата» с ковшом вместимостью 0,65 (0,5-1) м3, группа грунтов: 6
ГЭСН	01	01-01-009	Разработка грунта в траншеях экскаваторами "обратная лопата" с ковшом вместимостью 1; 0,65; 0,5; 0,4; 0,25 м3 в отвал	01-01-009-13	1000 м3	Разработка грунта в траншеях экскаватором «обратная лопата» с ковшом вместимостью 0,5 (0,5-0,63) м3, в отвал группа грунтов: 1
ГЭСН	01	01-01-009	Разработка грунта в траншеях экскаваторами "обратная лопата" с ковшом вместимостью 1; 0,65; 0,5; 0,4; 0,25 м3 в отвал	01-01-009-14	1000 м3	Разработка грунта в траншеях экскаватором «обратная лопата» с ковшом вместимостью 0,5 (0,5-0,63) м3, в отвал группа грунтов: 2
ГЭСН	01	01-01-009	Разработка грунта в траншеях экскаваторами "обратная лопата" с ковшом вместимостью 1; 0,65; 0,5; 0,4; 0,25 м3 в отвал	01-01-009-15	1000 м3	Разработка грунта в траншеях экскаватором «обратная лопата» с ковшом вместимостью 0,5 (0,5-0,63) м3, в отвал группа грунтов: 3
ГЭСН	01	01-01-009	Разработка грунта в траншеях экскаваторами "обратная лопата" с ковшом вместимостью 1; 0,65; 0,5; 0,4; 0,25 м3 в отвал	01-01-009-16	1000 м3	Разработка грунта в траншеях экскаватором «обратная лопата» с ковшом вместимостью 0,5 (0,5-0,63) м3, в отвал группа грунтов: 4
ГЭСН	01	01-01-009	Разработка грунта в траншеях экскаваторами "обратная лопата" с ковшом вместимостью 1; 0,65; 0,5; 0,4; 0,25 м3 в отвал	01-01-009-17	1000 м3	Разработка грунта в траншеях экскаватором «обратная лопата» с ковшом вместимостью 0,5 (0,5-0,63) м3, в отвал группа грунтов: 5
ГЭСН	01	01-01-009	Разработка грунта в траншеях экскаваторами "обратная лопата" с ковшом вместимостью 1; 0,65; 0,5; 0,4; 0,25 м3 в отвал	01-01-009-18	1000 м3	Разработка грунта в траншеях экскаватором «обратная лопата» с ковшом вместимостью 0,5 (0,5-0,63) м3, в отвал группа грунтов: 6
ГЭСН	01	01-01-009	Разработка грунта в траншеях экскаваторами "обратная лопата" с ковшом вместимостью 1; 0,65; 0,5; 0,4; 0,25 м3 в отвал	01-01-009-19	1000 м3	Разработка траншей экскаватором «обратная лопата» с ковшом вместимостью 0,4 м3, группа грунтов: 1
ГЭСН	01	01-01-009	Разработка грунта в траншеях экскаваторами "обратная лопата" с ковшом вместимостью 1; 0,65; 0,5; 0,4; 0,25 м3 в отвал	01-01-009-20	1000 м3	Разработка траншей экскаватором «обратная лопата» с ковшом вместимостью 0,4 м3, группа грунтов: 2
ГЭСН	01	01-01-009	Разработка грунта в траншеях экскаваторами "обратная лопата" с ковшом вместимостью 1; 0,65; 0,5; 0,4; 0,25 м3 в отвал	01-01-009-21	1000 м3	Разработка траншей экскаватором «обратная лопата» с ковшом вместимостью 0,4 м3, группа грунтов: 3
ГЭСН	01	01-01-009	Разработка грунта в траншеях экскаваторами "обратная лопата" с ковшом вместимостью 1; 0,65; 0,5; 0,4; 0,25 м3 в отвал	01-01-009-22	1000 м3	Разработка траншей экскаватором «обратная лопата» с ковшом вместимостью 0,25 м3, группа грунтов: 1
ГЭСН	01	01-01-009	Разработка грунта в траншеях экскаваторами "обратная лопата" с ковшом вместимостью 1; 0,65; 0,5; 0,4; 0,25 м3 в отвал	01-01-009-23	1000 м3	Разработка траншей экскаватором «обратная лопата» с ковшом вместимостью 0,25 м3, группа грунтов: 2
ГЭСН	01	01-01-009	Разработка грунта в траншеях экскаваторами "обратная лопата" с ковшом вместимостью 1; 0,65; 0,5; 0,4; 0,25 м3 в отвал	01-01-009-24	1000 м3	Разработка траншей экскаватором «обратная лопата» с ковшом вместимостью 0,25 м3, группа грунтов: 3
ГЭСН	01	01-01-010	Разработка грунта в отвал	01-01-010-01	1000 м3	Разработка грунта в отвал экскаваторами, вместимость ковша 2,5 (1,5-3) м3, группа грунтов: 1
ГЭСН	01	01-01-010	Разработка грунта в отвал	01-01-010-02	1000 м3	Разработка грунта в отвал экскаваторами, вместимость ковша 2,5 (1,5-3) м3, группа грунтов: 2
ГЭСН	01	01-01-010	Разработка грунта в отвал	01-01-010-03	1000 м3	Разработка грунта в отвал экскаваторами, вместимость ковша 2,5 (1,5-3) м3, группа грунтов: 3
ГЭСН	01	01-01-010	Разработка грунта в отвал	01-01-010-04	1000 м3	Разработка грунта в отвал экскаваторами, вместимость ковша 2,5 (1,5-3) м3, группа грунтов: 4
ГЭСН	01	01-01-010	Разработка грунта в отвал	01-01-010-05	1000 м3	Разработка грунта в отвал экскаваторами, вместимость ковша 2,5 (1,5-3) м3, группа грунтов: 5
ГЭСН	01	01-01-010	Разработка грунта в отвал	01-01-010-06	1000 м3	Разработка грунта в отвал экскаваторами, вместимость ковша 2,5 (1,5-3) м3, группа грунтов: 6
ГЭСН	01	01-01-010	Разработка грунта в отвал	01-01-010-07	1000 м3	Разработка грунта в отвал экскаваторами, вместимость ковша 1,6 (1,25-1,6) м3, группа грунтов: 1
ГЭСН	01	01-01-010	Разработка грунта в отвал	01-01-010-08	1000 м3	Разработка грунта в отвал экскаваторами, вместимость ковша 1,6 (1,25-1,6) м3, группа грунтов: 2
ГЭСН	01	01-01-010	Разработка грунта в отвал	01-01-010-09	1000 м3	Разработка грунта в отвал экскаваторами, вместимость ковша 1,6 (1,25-1,6) м3, группа грунтов: 3
ГЭСН	01	01-01-010	Разработка грунта в отвал	01-01-010-10	1000 м3	Разработка грунта в отвал экскаваторами, вместимость ковша 1,6 (1,25-1,6) м3, группа грунтов: 4
ГЭСН	01	01-01-010	Разработка грунта в отвал	01-01-010-11	1000 м3	Разработка грунта в отвал экскаваторами, вместимость ковша 1,6 (1,25-1,6) м3, группа грунтов: 5
ГЭСН	01	01-01-010	Разработка грунта в отвал	01-01-010-12	1000 м3	Разработка грунта в отвал экскаваторами, вместимость ковша 1,6 (1,25-1,6) м3, группа грунтов: 6
ГЭСН	01	01-01-010	Разработка грунта в отвал	01-01-010-13	1000 м3	Разработка грунта в отвал экскаваторами, вместимость ковша 1,25 (1,4-1,5) м3, группа грунтов: 1
ГЭСН	01	01-01-010	Разработка грунта в отвал	01-01-010-14	1000 м3	Разработка грунта в отвал экскаваторами, вместимость ковша 1,25 (1,4-1,5) м3, группа грунтов: 2
ГЭСН	01	01-01-010	Разработка грунта в отвал	01-01-010-15	1000 м3	Разработка грунта в отвал экскаваторами, вместимость ковша 1,25 (1,4-1,5) м3, группа грунтов: 3
ГЭСН	01	01-01-010	Разработка грунта в отвал	01-01-010-16	1000 м3	Разработка грунта в отвал экскаваторами, вместимость ковша 1,25 (1,4-1,5) м3, группа грунтов: 4
ГЭСН	01	01-01-010	Разработка грунта в отвал	01-01-010-17	1000 м3	Разработка грунта в отвал экскаваторами, вместимость ковша 1,25 (1,4-1,5) м3, группа грунтов: 5
ГЭСН	01	01-01-010	Разработка грунта в отвал	01-01-010-18	1000 м3	Разработка грунта в отвал экскаваторами, вместимость ковша 1,25 (1,4-1,5) м3, группа грунтов: 6
ГЭСН	01	01-01-010	Разработка грунта в отвал	01-01-010-19	1000 м3	Разработка грунта в отвал экскаваторами, вместимость ковша 1 (1-1,2) м3, группа грунтов: 1
ГЭСН	01	01-01-010	Разработка грунта в отвал	01-01-010-20	1000 м3	Разработка грунта в отвал экскаваторами, вместимость ковша 1 (1-1,2) м3, группа грунтов: 2
ГЭСН	01	01-01-010	Разработка грунта в отвал	01-01-010-21	1000 м3	Разработка грунта в отвал экскаваторами, вместимость ковша 1 (1-1,2) м3, группа грунтов: 3
ГЭСН	01	01-01-010	Разработка грунта в отвал	01-01-010-22	1000 м3	Разработка грунта в отвал экскаваторами, вместимость ковша 1 (1-1,2) м3, группа грунтов: 4
ГЭСН	01	01-01-010	Разработка грунта в отвал	01-01-010-23	1000 м3	Разработка грунта в отвал экскаваторами, вместимость ковша 1 (1-1,2) м3, группа грунтов: 5
ГЭСН	01	01-01-010	Разработка грунта в отвал	01-01-010-24	1000 м3	Разработка грунта в отвал экскаваторами, вместимость ковша 1 (1-1,2) м3, группа грунтов: 6
ГЭСН	01	01-01-010	Разработка грунта в отвал	01-01-010-25	1000 м3	Разработка грунта в отвал экскаваторами, вместимость ковша 0,65 (0,5-1) м3, группа грунтов: 1
ГЭСН	01	01-01-010	Разработка грунта в отвал	01-01-010-26	1000 м3	Разработка грунта в отвал экскаваторами, вместимость ковша 0,65 (0,5-1) м3, группа грунтов: 2
ГЭСН	01	01-01-010	Разработка грунта в отвал	01-01-010-27	1000 м3	Разработка грунта в отвал экскаваторами, вместимость ковша 0,65 (0,5-1) м3, группа грунтов: 3
ГЭСН	01	01-01-010	Разработка грунта в отвал	01-01-010-28	1000 м3	Разработка грунта в отвал экскаваторами, вместимость ковша 0,65 (0,5-1) м3, группа грунтов: 4
ГЭСН	01	01-01-010	Разработка грунта в отвал	01-01-010-29	1000 м3	Разработка грунта в отвал экскаваторами, вместимость ковша 0,65 (0,5-1) м3, группа грунтов: 5
ГЭСН	01	01-01-010	Разработка грунта в отвал	01-01-010-30	1000 м3	Разработка грунта в отвал экскаваторами, вместимость ковша 0,65 (0,5-1) м3, группа грунтов: 6
ГЭСН	01	01-01-010	Разработка грунта в отвал	01-01-010-31	1000 м3	Разработка грунта в отвал экскаваторами, вместимость ковша 0,5 (0,5-0,63) м3, группа грунтов: 1
ГЭСН	01	01-01-010	Разработка грунта в отвал	01-01-010-32	1000 м3	Разработка грунта в отвал экскаваторами, вместимость ковша 0,5 (0,5-0,63) м3, группа грунтов: 2
ГЭСН	01	01-01-010	Разработка грунта в отвал	01-01-010-33	1000 м3	Разработка грунта в отвал экскаваторами, вместимость ковша 0,5 (0,5-0,63) м3, группа грунтов: 3
ГЭСН	01	01-01-010	Разработка грунта в отвал	01-01-010-34	1000 м3	Разработка грунта в отвал экскаваторами, вместимость ковша 0,5 (0,5-0,63) м3, группа грунтов: 4
ГЭСН	01	01-01-010	Разработка грунта в отвал	01-01-010-35	1000 м3	Разработка грунта в отвал экскаваторами, вместимость ковша 0,5 (0,5-0,63) м3, группа грунтов: 5
ГЭСН	01	01-01-010	Разработка грунта в отвал	01-01-010-36	1000 м3	Разработка грунта в отвал экскаваторами, вместимость ковша 0,5 (0,5-0,63) м3, группа грунтов: 6
ГЭСН	01	01-01-010	Разработка грунта в отвал	01-01-010-37	1000 м3	Разработка грунта в отвал экскаваторами, вместимость ковша 0,4 (0,3-0,45) м3, группа грунтов: 1
ГЭСН	01	01-01-010	Разработка грунта в отвал	01-01-010-38	1000 м3	Разработка грунта в отвал экскаваторами, вместимость ковша 0,4 (0,3-0,45) м3, группа грунтов: 2
ГЭСН	01	01-01-010	Разработка грунта в отвал	01-01-010-39	1000 м3	Разработка грунта в отвал экскаваторами, вместимость ковша 0,4 (0,3-0,45) м3, группа грунтов: 3
ГЭСН	01	01-01-010	Разработка грунта в отвал	01-01-010-40	1000 м3	Разработка грунта в отвал экскаваторами, вместимость ковша 0,25 м3, группа грунтов: 1
ГЭСН	01	01-01-010	Разработка грунта в отвал	01-01-010-41	1000 м3	Разработка грунта в отвал экскаваторами, вместимость ковша 0,25 м3, группа грунтов: 2
ГЭСН	01	01-01-010	Разработка грунта в отвал	01-01-010-42	1000 м3	Разработка грунта в отвал экскаваторами, вместимость ковша 0,25 м3, группа грунтов: 3
ГЭСН	01	01-01-010	Разработка грунта в отвал	01-01-010-43	1000 м3	Разработка грунта в отвал экскаваторами, вместимость ковша 0,15 м3, группа грунтов: 1
ГЭСН	01	01-01-010	Разработка грунта в отвал	01-01-010-44	1000 м3	Разработка грунта в отвал экскаваторами, вместимость ковша 0,15 м3, группа грунтов: 2
ГЭСН	01	01-01-011	Разработка грунта с погрузкой на автомобили-самосвалы экскаваторами одноковшовыми электрическими карьерными при работе на гидроэнергетическом строительстве с ко	01-01-011-01	1000 м3	Разработка грунта с погрузкой на автомобили-самосвалы экскаваторами одноковшовыми электрическими карьерными при работе на гидроэнергетическом строительстве с ковшом вместимостью: 8 (6,3-10) м3, группа
ГЭСН	01	01-01-011	Разработка грунта с погрузкой на автомобили-самосвалы экскаваторами одноковшовыми электрическими карьерными при работе на гидроэнергетическом строительстве с ко	01-01-011-02	1000 м3	Разработка грунта с погрузкой на автомобили-самосвалы экскаваторами одноковшовыми электрическими карьерными при работе на гидроэнергетическом строительстве с ковшом вместимостью: 8 (6,3-10) м3, группа
ГЭСН	01	01-01-011	Разработка грунта с погрузкой на автомобили-самосвалы экскаваторами одноковшовыми электрическими карьерными при работе на гидроэнергетическом строительстве с ко	01-01-011-03	1000 м3	Разработка грунта с погрузкой на автомобили-самосвалы экскаваторами одноковшовыми электрическими карьерными при работе на гидроэнергетическом строительстве с ковшом вместимостью: 8 (6,3-10) м3, группа
ГЭСН	01	01-01-011	Разработка грунта с погрузкой на автомобили-самосвалы экскаваторами одноковшовыми электрическими карьерными при работе на гидроэнергетическом строительстве с ко	01-01-011-04	1000 м3	Разработка грунта с погрузкой на автомобили-самосвалы экскаваторами одноковшовыми электрическими карьерными при работе на гидроэнергетическом строительстве с ковшом вместимостью: 8 (6,3-10) м3, группа
ГЭСН	01	01-01-011	Разработка грунта с погрузкой на автомобили-самосвалы экскаваторами одноковшовыми электрическими карьерными при работе на гидроэнергетическом строительстве с ко	01-01-011-05	1000 м3	Разработка грунта с погрузкой на автомобили-самосвалы экскаваторами одноковшовыми электрическими карьерными при работе на гидроэнергетическом строительстве с ковшом вместимостью: 8 (6,3-10) м3, группа
ГЭСН	01	01-01-011	Разработка грунта с погрузкой на автомобили-самосвалы экскаваторами одноковшовыми электрическими карьерными при работе на гидроэнергетическом строительстве с ко	01-01-011-06	1000 м3	Разработка грунта с погрузкой на автомобили-самосвалы экскаваторами одноковшовыми электрическими карьерными при работе на гидроэнергетическом строительстве с ковшом вместимостью: 8 (6,3-10) м3, группа
ГЭСН	01	01-01-011	Разработка грунта с погрузкой на автомобили-самосвалы экскаваторами одноковшовыми электрическими карьерными при работе на гидроэнергетическом строительстве с ко	01-01-011-07	1000 м3	Разработка грунта с погрузкой на автомобили-самосвалы экскаваторами одноковшовыми электрическими карьерными при работе на гидроэнергетическом строительстве с ковшом вместимостью: 5 (5-5,2) м3, группа 
ГЭСН	01	01-01-011	Разработка грунта с погрузкой на автомобили-самосвалы экскаваторами одноковшовыми электрическими карьерными при работе на гидроэнергетическом строительстве с ко	01-01-011-08	1000 м3	Разработка грунта с погрузкой на автомобили-самосвалы экскаваторами одноковшовыми электрическими карьерными при работе на гидроэнергетическом строительстве с ковшом вместимостью: 5 (5-5,2) м3, группа 
ГЭСН	01	01-01-011	Разработка грунта с погрузкой на автомобили-самосвалы экскаваторами одноковшовыми электрическими карьерными при работе на гидроэнергетическом строительстве с ко	01-01-011-09	1000 м3	Разработка грунта с погрузкой на автомобили-самосвалы экскаваторами одноковшовыми электрическими карьерными при работе на гидроэнергетическом строительстве с ковшом вместимостью: 5 (5-5,2) м3, группа 
ГЭСН	01	01-01-011	Разработка грунта с погрузкой на автомобили-самосвалы экскаваторами одноковшовыми электрическими карьерными при работе на гидроэнергетическом строительстве с ко	01-01-011-10	1000 м3	Разработка грунта с погрузкой на автомобили-самосвалы экскаваторами одноковшовыми электрическими карьерными при работе на гидроэнергетическом строительстве с ковшом вместимостью: 5 (5-5,2) м3, группа 
ГЭСН	01	01-01-011	Разработка грунта с погрузкой на автомобили-самосвалы экскаваторами одноковшовыми электрическими карьерными при работе на гидроэнергетическом строительстве с ко	01-01-011-11	1000 м3	Разработка грунта с погрузкой на автомобили-самосвалы экскаваторами одноковшовыми электрическими карьерными при работе на гидроэнергетическом строительстве с ковшом вместимостью: 5 (5-5,2) м3, группа 
ГЭСН	01	01-01-011	Разработка грунта с погрузкой на автомобили-самосвалы экскаваторами одноковшовыми электрическими карьерными при работе на гидроэнергетическом строительстве с ко	01-01-011-12	1000 м3	Разработка грунта с погрузкой на автомобили-самосвалы экскаваторами одноковшовыми электрическими карьерными при работе на гидроэнергетическом строительстве с ковшом вместимостью: 5 (5-5,2) м3, группа 
ГЭСН	01	01-01-012	Разработка грунта с погрузкой на автомобили-самосвалы	01-01-012-01	1000 м3	Разработка грунта экскаваторами с погрузкой на автомобили-самосвалы, вместимость ковша 2,5 (1,5-3) м3, группа грунтов: 1
ГЭСН	01	01-01-012	Разработка грунта с погрузкой на автомобили-самосвалы	01-01-012-02	1000 м3	Разработка грунта экскаваторами с погрузкой на автомобили-самосвалы, вместимость ковша 2,5 (1,5-3) м3, группа грунтов: 2
ГЭСН	01	01-01-012	Разработка грунта с погрузкой на автомобили-самосвалы	01-01-012-03	1000 м3	Разработка грунта экскаваторами с погрузкой на автомобили-самосвалы, вместимость ковша 2,5 (1,5-3) м3, группа грунтов: 3
ГЭСН	01	01-01-012	Разработка грунта с погрузкой на автомобили-самосвалы	01-01-012-04	1000 м3	Разработка грунта экскаваторами с погрузкой на автомобили-самосвалы, вместимость ковша 2,5 (1,5-3) м3, группа грунтов: 4
ГЭСН	01	01-01-012	Разработка грунта с погрузкой на автомобили-самосвалы	01-01-012-05	1000 м3	Разработка грунта экскаваторами с погрузкой на автомобили-самосвалы, вместимость ковша 2,5 (1,5-3) м3, группа грунтов: 5
ГЭСН	01	01-01-012	Разработка грунта с погрузкой на автомобили-самосвалы	01-01-012-06	1000 м3	Разработка грунта экскаваторами с погрузкой на автомобили-самосвалы, вместимость ковша 2,5 (1,5-3) м3, группа грунтов: 6
ГЭСН	01	01-01-012	Разработка грунта с погрузкой на автомобили-самосвалы	01-01-012-07	1000 м3	Разработка грунта экскаваторами с погрузкой на автомобили-самосвалы, вместимость ковша 1,6 (1,25-1,6) м3, группа грунтов: 1
ГЭСН	01	01-01-012	Разработка грунта с погрузкой на автомобили-самосвалы	01-01-012-08	1000 м3	Разработка грунта экскаваторами с погрузкой на автомобили-самосвалы, вместимость ковша 1,6 (1,25-1,6) м3, группа грунтов: 2
ГЭСН	01	01-01-012	Разработка грунта с погрузкой на автомобили-самосвалы	01-01-012-09	1000 м3	Разработка грунта экскаваторами с погрузкой на автомобили-самосвалы, вместимость ковша 1,6 (1,25-1,6) м3, группа грунтов: 3
ГЭСН	01	01-01-012	Разработка грунта с погрузкой на автомобили-самосвалы	01-01-012-10	1000 м3	Разработка грунта экскаваторами с погрузкой на автомобили-самосвалы, вместимость ковша 1,6 (1,25-1,6) м3, группа грунтов: 4
ГЭСН	01	01-01-012	Разработка грунта с погрузкой на автомобили-самосвалы	01-01-012-11	1000 м3	Разработка грунта экскаваторами с погрузкой на автомобили-самосвалы, вместимость ковша 1,6 (1,25-1,6) м3, группа грунтов: 5
ГЭСН	01	01-01-012	Разработка грунта с погрузкой на автомобили-самосвалы	01-01-012-12	1000 м3	Разработка грунта экскаваторами с погрузкой на автомобили-самосвалы, вместимость ковша 1,6 (1,25-1,6) м3, группа грунтов: 6
ГЭСН	01	01-01-012	Разработка грунта с погрузкой на автомобили-самосвалы	01-01-012-13	1000 м3	Разработка грунта экскаваторами с погрузкой на автомобили-самосвалы, вместимость ковша 1,25 (1,4-1,5) м3, группа грунтов: 1
ГЭСН	01	01-01-012	Разработка грунта с погрузкой на автомобили-самосвалы	01-01-012-14	1000 м3	Разработка грунта экскаваторами с погрузкой на автомобили-самосвалы, вместимость ковша 1,25 (1,4-1,5) м3, группа грунтов: 2
ГЭСН	01	01-01-012	Разработка грунта с погрузкой на автомобили-самосвалы	01-01-012-15	1000 м3	Разработка грунта экскаваторами с погрузкой на автомобили-самосвалы, вместимость ковша 1,25 (1,4-1,5) м3, группа грунтов: 3
ГЭСН	01	01-01-012	Разработка грунта с погрузкой на автомобили-самосвалы	01-01-012-16	1000 м3	Разработка грунта экскаваторами с погрузкой на автомобили-самосвалы, вместимость ковша 1,25 (1,4-1,5) м3, группа грунтов: 4
ГЭСН	01	01-01-012	Разработка грунта с погрузкой на автомобили-самосвалы	01-01-012-17	1000 м3	Разработка грунта экскаваторами с погрузкой на автомобили-самосвалы, вместимость ковша 1,25 (1,4-1,5) м3, группа грунтов: 5
ГЭСН	01	01-01-012	Разработка грунта с погрузкой на автомобили-самосвалы	01-01-012-18	1000 м3	Разработка грунта экскаваторами с погрузкой на автомобили-самосвалы, вместимость ковша 1,25 (1,4-1,5) м3, группа грунтов: 6
ГЭСН	01	01-01-012	Разработка грунта с погрузкой на автомобили-самосвалы	01-01-012-19	1000 м3	Разработка грунта экскаваторами с погрузкой на автомобили-самосвалы, вместимость ковша 1 (1-1,2) м3, группа грунтов: 1
ГЭСН	01	01-01-012	Разработка грунта с погрузкой на автомобили-самосвалы	01-01-012-20	1000 м3	Разработка грунта экскаваторами с погрузкой на автомобили-самосвалы, вместимость ковша 1 (1-1,2) м3, группа грунтов: 2
ГЭСН	01	01-01-012	Разработка грунта с погрузкой на автомобили-самосвалы	01-01-012-21	1000 м3	Разработка грунта экскаваторами с погрузкой на автомобили-самосвалы, вместимость ковша 1 (1-1,2) м3, группа грунтов: 3
ГЭСН	01	01-01-012	Разработка грунта с погрузкой на автомобили-самосвалы	01-01-012-22	1000 м3	Разработка грунта экскаваторами с погрузкой на автомобили-самосвалы, вместимость ковша 1 (1-1,2) м3, группа грунтов: 4
ГЭСН	01	01-01-012	Разработка грунта с погрузкой на автомобили-самосвалы	01-01-012-23	1000 м3	Разработка грунта экскаваторами с погрузкой на автомобили-самосвалы, вместимость ковша 1 (1-1,2) м3, группа грунтов: 5
ГЭСН	01	01-01-012	Разработка грунта с погрузкой на автомобили-самосвалы	01-01-012-24	1000 м3	Разработка грунта экскаваторами с погрузкой на автомобили-самосвалы, вместимость ковша 1 (1-1,2) м3, группа грунтов: 6
ГЭСН	01	01-01-012	Разработка грунта с погрузкой на автомобили-самосвалы	01-01-012-25	1000 м3	Разработка грунта экскаваторами с погрузкой на автомобили-самосвалы, вместимость ковша 0,65 (0,5-1) м3, группа грунтов: 1
ГЭСН	01	01-01-012	Разработка грунта с погрузкой на автомобили-самосвалы	01-01-012-26	1000 м3	Разработка грунта экскаваторами с погрузкой на автомобили-самосвалы, вместимость ковша 0,65 (0,5-1) м3, группа грунтов: 2
ГЭСН	01	01-01-012	Разработка грунта с погрузкой на автомобили-самосвалы	01-01-012-27	1000 м3	Разработка грунта экскаваторами с погрузкой на автомобили-самосвалы, вместимость ковша 0,65 (0,5-1) м3, группа грунтов: 3
ГЭСН	01	01-01-012	Разработка грунта с погрузкой на автомобили-самосвалы	01-01-012-28	1000 м3	Разработка грунта экскаваторами с погрузкой на автомобили-самосвалы, вместимость ковша 0,65 (0,5-1) м3, группа грунтов: 4
ГЭСН	01	01-01-012	Разработка грунта с погрузкой на автомобили-самосвалы	01-01-012-29	1000 м3	Разработка грунта экскаваторами с погрузкой на автомобили-самосвалы, вместимость ковша 0,65 (0,5-1) м3, группа грунтов: 5
ГЭСН	01	01-01-012	Разработка грунта с погрузкой на автомобили-самосвалы	01-01-012-30	1000 м3	Разработка грунта экскаваторами с погрузкой на автомобили-самосвалы, вместимость ковша 0,65 (0,5-1) м3, группа грунтов: 6
ГЭСН	01	01-01-012	Разработка грунта с погрузкой на автомобили-самосвалы	01-01-012-31	1000 м3	Разработка грунта экскаваторами с погрузкой на автомобили-самосвалы, вместимость ковша 0,5 (0,5-0,63) м3, группа грунтов: 1
ГЭСН	01	01-01-012	Разработка грунта с погрузкой на автомобили-самосвалы	01-01-012-32	1000 м3	Разработка грунта экскаваторами с погрузкой на автомобили-самосвалы, вместимость ковша 0,5 (0,5-0,63) м3, группа грунтов: 2
ГЭСН	01	01-01-012	Разработка грунта с погрузкой на автомобили-самосвалы	01-01-012-33	1000 м3	Разработка грунта экскаваторами с погрузкой на автомобили-самосвалы, вместимость ковша 0,5 (0,5-0,63) м3, группа грунтов: 3
ГЭСН	01	01-01-012	Разработка грунта с погрузкой на автомобили-самосвалы	01-01-012-34	1000 м3	Разработка грунта экскаваторами с погрузкой на автомобили-самосвалы, вместимость ковша 0,5 (0,5-0,63) м3, группа грунтов: 4
ГЭСН	01	01-01-012	Разработка грунта с погрузкой на автомобили-самосвалы	01-01-012-35	1000 м3	Разработка грунта экскаваторами с погрузкой на автомобили-самосвалы, вместимость ковша 0,5 (0,5-0,63) м3, группа грунтов: 5
ГЭСН	01	01-01-012	Разработка грунта с погрузкой на автомобили-самосвалы	01-01-012-36	1000 м3	Разработка грунта экскаваторами с погрузкой на автомобили-самосвалы, вместимость ковша 0,5 (0,5-0,63) м3, группа грунтов: 6
ГЭСН	01	01-01-012	Разработка грунта с погрузкой на автомобили-самосвалы	01-01-012-37	1000 м3	Разработка грунта экскаваторами с погрузкой на автомобили-самосвалы, вместимость ковша 0,4 (0,3-0,45) м3, группа грунтов: 1
ГЭСН	01	01-01-012	Разработка грунта с погрузкой на автомобили-самосвалы	01-01-012-38	1000 м3	Разработка грунта экскаваторами с погрузкой на автомобили-самосвалы, вместимость ковша 0,4 (0,3-0,45) м3, группа грунтов: 2
ГЭСН	01	01-01-012	Разработка грунта с погрузкой на автомобили-самосвалы	01-01-012-39	1000 м3	Разработка грунта экскаваторами с погрузкой на автомобили-самосвалы, вместимость ковша 0,4 (0,3-0,45) м3, группа грунтов: 3
ГЭСН	01	01-01-012	Разработка грунта с погрузкой на автомобили-самосвалы	01-01-012-40	1000 м3	Разработка грунта экскаваторами с погрузкой на автомобили-самосвалы, вместимость ковша 0,25 м3, группа грунтов: 1
ГЭСН	01	01-01-012	Разработка грунта с погрузкой на автомобили-самосвалы	01-01-012-41	1000 м3	Разработка грунта экскаваторами с погрузкой на автомобили-самосвалы, вместимость ковша 0,25 м3, группа грунтов: 2
ГЭСН	01	01-01-012	Разработка грунта с погрузкой на автомобили-самосвалы	01-01-012-42	1000 м3	Разработка грунта экскаваторами с погрузкой на автомобили-самосвалы, вместимость ковша 0,25 м3, группа грунтов: 3
ГЭСН	01	01-01-012	Разработка грунта с погрузкой на автомобили-самосвалы	01-01-012-43	1000 м3	Разработка грунта экскаваторами с погрузкой на автомобили-самосвалы, вместимость ковша 0,15 м3, группа грунтов: 1
ГЭСН	01	01-01-012	Разработка грунта с погрузкой на автомобили-самосвалы	01-01-012-44	1000 м3	Разработка грунта экскаваторами с погрузкой на автомобили-самосвалы, вместимость ковша 0,15 м3, группа грунтов: 2
ГЭСН	01	01-01-018	Разработка грунта в котлованах объемом до 500 м3 с погрузкой в автомобили-самосвалы экскаваторами с ковшом вместимостью 0,25; 0,4 м3	01-01-018-01	1000 м3	Разработка грунта с погрузкой на автомобили-самосвалы в котлованах объемом до 500 м3 экскаваторами с ковшом вместимостью 0,4 (0,35-0,45) м3, группа грунтов: 1
ГЭСН	01	01-01-018	Разработка грунта в котлованах объемом до 500 м3 с погрузкой в автомобили-самосвалы экскаваторами с ковшом вместимостью 0,25; 0,4 м3	01-01-018-02	1000 м3	Разработка грунта с погрузкой на автомобили-самосвалы в котлованах объемом до 500 м3 экскаваторами с ковшом вместимостью 0,4 (0,35-0,45) м3, группа грунтов: 2
ГЭСН	01	01-01-018	Разработка грунта в котлованах объемом до 500 м3 с погрузкой в автомобили-самосвалы экскаваторами с ковшом вместимостью 0,25; 0,4 м3	01-01-018-03	1000 м3	Разработка грунта с погрузкой на автомобили-самосвалы в котлованах объемом до 500 м3 экскаваторами с ковшом вместимостью 0,4 (0,35-0,45) м3, группа грунтов: 3
ГЭСН	01	01-01-018	Разработка грунта в котлованах объемом до 500 м3 с погрузкой в автомобили-самосвалы экскаваторами с ковшом вместимостью 0,25; 0,4 м3	01-01-018-04	1000 м3	Разработка грунта с погрузкой на автомобили-самосвалы в котлованах объемом до 500 м3 экскаваторами с ковшом вместимостью 0,25 м3, группа грунтов: 1
ГЭСН	01	01-01-018	Разработка грунта в котлованах объемом до 500 м3 с погрузкой в автомобили-самосвалы экскаваторами с ковшом вместимостью 0,25; 0,4 м3	01-01-018-05	1000 м3	Разработка грунта с погрузкой на автомобили-самосвалы в котлованах объемом до 500 м3 экскаваторами с ковшом вместимостью 0,25 м3, группа грунтов: 2
ГЭСН	01	01-01-018	Разработка грунта в котлованах объемом до 500 м3 с погрузкой в автомобили-самосвалы экскаваторами с ковшом вместимостью 0,25; 0,4 м3	01-01-018-06	1000 м3	Разработка грунта с погрузкой на автомобили-самосвалы в котлованах объемом до 500 м3 экскаваторами с ковшом вместимостью 0,25 м3, группа грунтов: 3
ГЭСН	01	01-01-019	Разработка грунта с погрузкой на автомобили-самосвалы в котлованах объемом до 1000 м3 экскаваторами с ковшом вместимостью 0,5; 0,4; 0,25 м3	01-01-019-01	1000 м3	Разработка грунта с погрузкой на автомобили-самосвалы в котлованах объемом до 1000 м3 экскаваторами с ковшом вместимостью 0,5 м3, группа грунтов: 1
ГЭСН	01	01-01-019	Разработка грунта с погрузкой на автомобили-самосвалы в котлованах объемом до 1000 м3 экскаваторами с ковшом вместимостью 0,5; 0,4; 0,25 м3	01-01-019-02	1000 м3	Разработка грунта с погрузкой на автомобили-самосвалы в котлованах объемом до 1000 м3 экскаваторами с ковшом вместимостью 0,5 м3, группа грунтов: 2
ГЭСН	01	01-01-019	Разработка грунта с погрузкой на автомобили-самосвалы в котлованах объемом до 1000 м3 экскаваторами с ковшом вместимостью 0,5; 0,4; 0,25 м3	01-01-019-03	1000 м3	Разработка грунта с погрузкой на автомобили-самосвалы в котлованах объемом до 1000 м3 экскаваторами с ковшом вместимостью 0,5 м3, группа грунтов: 3
ГЭСН	01	01-01-019	Разработка грунта с погрузкой на автомобили-самосвалы в котлованах объемом до 1000 м3 экскаваторами с ковшом вместимостью 0,5; 0,4; 0,25 м3	01-01-019-04	1000 м3	Разработка грунта с погрузкой на автомобили-самосвалы в котлованах объемом до 1000 м3 экскаваторами с ковшом вместимостью 0,5 м3, группа грунтов: 4
ГЭСН	01	01-01-019	Разработка грунта с погрузкой на автомобили-самосвалы в котлованах объемом до 1000 м3 экскаваторами с ковшом вместимостью 0,5; 0,4; 0,25 м3	01-01-019-05	1000 м3	Разработка грунта с погрузкой на автомобили-самосвалы в котлованах объемом до 1000 м3 экскаваторами с ковшом вместимостью 0,5 м3, группа грунтов: 5
ГЭСН	01	01-01-019	Разработка грунта с погрузкой на автомобили-самосвалы в котлованах объемом до 1000 м3 экскаваторами с ковшом вместимостью 0,5; 0,4; 0,25 м3	01-01-019-06	1000 м3	Разработка грунта с погрузкой на автомобили-самосвалы в котлованах объемом до 1000 м3 экскаваторами с ковшом вместимостью 0,5 м3, группа грунтов: 6
ГЭСН	01	01-01-019	Разработка грунта с погрузкой на автомобили-самосвалы в котлованах объемом до 1000 м3 экскаваторами с ковшом вместимостью 0,5; 0,4; 0,25 м3	01-01-019-07	1000 м3	Разработка грунта с погрузкой на автомобили-самосвалы в котлованах объемом до 1000 м3 экскаваторами с ковшом вместимостью 0,4 м3, группа грунтов: 1
ГЭСН	01	01-01-019	Разработка грунта с погрузкой на автомобили-самосвалы в котлованах объемом до 1000 м3 экскаваторами с ковшом вместимостью 0,5; 0,4; 0,25 м3	01-01-019-08	1000 м3	Разработка грунта с погрузкой на автомобили-самосвалы в котлованах объемом до 1000 м3 экскаваторами с ковшом вместимостью 0,4 м3, группа грунтов: 2
ГЭСН	01	01-01-019	Разработка грунта с погрузкой на автомобили-самосвалы в котлованах объемом до 1000 м3 экскаваторами с ковшом вместимостью 0,5; 0,4; 0,25 м3	01-01-019-09	1000 м3	Разработка грунта с погрузкой на автомобили-самосвалы в котлованах объемом до 1000 м3 экскаваторами с ковшом вместимостью 0,4 м3, группа грунтов: 3
ГЭСН	01	01-01-019	Разработка грунта с погрузкой на автомобили-самосвалы в котлованах объемом до 1000 м3 экскаваторами с ковшом вместимостью 0,5; 0,4; 0,25 м3	01-01-019-10	1000 м3	Разработка грунта с погрузкой на автомобили-самосвалы в котлованах объемом до 1000 м3 экскаваторами с ковшом вместимостью 0,25 м3, группа грунтов: 1
ГЭСН	01	01-01-019	Разработка грунта с погрузкой на автомобили-самосвалы в котлованах объемом до 1000 м3 экскаваторами с ковшом вместимостью 0,5; 0,4; 0,25 м3	01-01-019-11	1000 м3	Разработка грунта с погрузкой на автомобили-самосвалы в котлованах объемом до 1000 м3 экскаваторами с ковшом вместимостью 0,25 м3, группа грунтов: 2
ГЭСН	01	01-01-019	Разработка грунта с погрузкой на автомобили-самосвалы в котлованах объемом до 1000 м3 экскаваторами с ковшом вместимостью 0,5; 0,4; 0,25 м3	01-01-019-12	1000 м3	Разработка грунта с погрузкой на автомобили-самосвалы в котлованах объемом до 1000 м3 экскаваторами с ковшом вместимостью 0,25 м3, группа грунтов: 3
ГЭСН	01	01-01-020	Разработка грунта с погрузкой на автомобили-самосвалы в котлованах объемом от 1000 до 3000 м3 экскаваторами с ковшом вместимостью 0,65; 0,5 м3	01-01-020-01	1000 м3	Разработка грунта с погрузкой на автомобили-самосвалы в котлованах объемом от 1000 до 3000 м3 экскаваторами с ковшом вместимостью 0,65 м3, группа грунтов: 1
ГЭСН	01	01-01-020	Разработка грунта с погрузкой на автомобили-самосвалы в котлованах объемом от 1000 до 3000 м3 экскаваторами с ковшом вместимостью 0,65; 0,5 м3	01-01-020-02	1000 м3	Разработка грунта с погрузкой на автомобили-самосвалы в котлованах объемом от 1000 до 3000 м3 экскаваторами с ковшом вместимостью 0,65 м3, группа грунтов: 2
ГЭСН	01	01-01-020	Разработка грунта с погрузкой на автомобили-самосвалы в котлованах объемом от 1000 до 3000 м3 экскаваторами с ковшом вместимостью 0,65; 0,5 м3	01-01-020-03	1000 м3	Разработка грунта с погрузкой на автомобили-самосвалы в котлованах объемом от 1000 до 3000 м3 экскаваторами с ковшом вместимостью 0,65 м3, группа грунтов: 3
ГЭСН	01	01-01-020	Разработка грунта с погрузкой на автомобили-самосвалы в котлованах объемом от 1000 до 3000 м3 экскаваторами с ковшом вместимостью 0,65; 0,5 м3	01-01-020-04	1000 м3	Разработка грунта с погрузкой на автомобили-самосвалы в котлованах объемом от 1000 до 3000 м3 экскаваторами с ковшом вместимостью 0,65 м3, группа грунтов: 4
ГЭСН	01	01-01-020	Разработка грунта с погрузкой на автомобили-самосвалы в котлованах объемом от 1000 до 3000 м3 экскаваторами с ковшом вместимостью 0,65; 0,5 м3	01-01-020-05	1000 м3	Разработка грунта с погрузкой на автомобили-самосвалы в котлованах объемом от 1000 до 3000 м3 экскаваторами с ковшом вместимостью 0,65 м3, группа грунтов: 5
ГЭСН	01	01-01-020	Разработка грунта с погрузкой на автомобили-самосвалы в котлованах объемом от 1000 до 3000 м3 экскаваторами с ковшом вместимостью 0,65; 0,5 м3	01-01-020-06	1000 м3	Разработка грунта с погрузкой на автомобили-самосвалы в котлованах объемом от 1000 до 3000 м3 экскаваторами с ковшом вместимостью 0,65 м3, группа грунтов: 6
ГЭСН	01	01-01-020	Разработка грунта с погрузкой на автомобили-самосвалы в котлованах объемом от 1000 до 3000 м3 экскаваторами с ковшом вместимостью 0,65; 0,5 м3	01-01-020-07	1000 м3	Разработка грунта с погрузкой на автомобили-самосвалы в котлованах объемом от 1000 до 3000 м3 экскаваторами с ковшом вместимостью 0,5 м3, группа грунтов: 1
ГЭСН	01	01-01-020	Разработка грунта с погрузкой на автомобили-самосвалы в котлованах объемом от 1000 до 3000 м3 экскаваторами с ковшом вместимостью 0,65; 0,5 м3	01-01-020-08	1000 м3	Разработка грунта с погрузкой на автомобили-самосвалы в котлованах объемом от 1000 до 3000 м3 экскаваторами с ковшом вместимостью 0,5 м3, группа грунтов: 2
ГЭСН	01	01-01-020	Разработка грунта с погрузкой на автомобили-самосвалы в котлованах объемом от 1000 до 3000 м3 экскаваторами с ковшом вместимостью 0,65; 0,5 м3	01-01-020-09	1000 м3	Разработка грунта с погрузкой на автомобили-самосвалы в котлованах объемом от 1000 до 3000 м3 экскаваторами с ковшом вместимостью 0,5 м3, группа грунтов: 3
ГЭСН	01	01-01-020	Разработка грунта с погрузкой на автомобили-самосвалы в котлованах объемом от 1000 до 3000 м3 экскаваторами с ковшом вместимостью 0,65; 0,5 м3	01-01-020-10	1000 м3	Разработка грунта с погрузкой на автомобили-самосвалы в котлованах объемом от 1000 до 3000 м3 экскаваторами с ковшом вместимостью 0,5 м3, группа грунтов: 4
ГЭСН	01	01-01-020	Разработка грунта с погрузкой на автомобили-самосвалы в котлованах объемом от 1000 до 3000 м3 экскаваторами с ковшом вместимостью 0,65; 0,5 м3	01-01-020-11	1000 м3	Разработка грунта с погрузкой на автомобили-самосвалы в котлованах объемом от 1000 до 3000 м3 экскаваторами с ковшом вместимостью 0,5 м3, группа грунтов: 5
ГЭСН	01	01-01-020	Разработка грунта с погрузкой на автомобили-самосвалы в котлованах объемом от 1000 до 3000 м3 экскаваторами с ковшом вместимостью 0,65; 0,5 м3	01-01-020-12	1000 м3	Разработка грунта с погрузкой на автомобили-самосвалы в котлованах объемом от 1000 до 3000 м3 экскаваторами с ковшом вместимостью 0,5 м3, группа грунтов: 6
ГЭСН	01	01-01-021	Разработка грунта в котлованах объемом от 3000 до 7000 м3 с погрузкой на автомобили-самосвалы экскаваторами с ковшом вместимостью 1; 0,65; 0,5 м3	01-01-021-01	1000 м3	Разработка грунта в котлованах объемом от 3000 до 7000 м3 с погрузкой на автомобили-самосвалы экскаватором с ковшом вместимостью 1,0 м3, группа грунтов: 1
ГЭСН	01	01-01-021	Разработка грунта в котлованах объемом от 3000 до 7000 м3 с погрузкой на автомобили-самосвалы экскаваторами с ковшом вместимостью 1; 0,65; 0,5 м3	01-01-021-02	1000 м3	Разработка грунта в котлованах объемом от 3000 до 7000 м3 с погрузкой на автомобили-самосвалы экскаватором с ковшом вместимостью 1,0 м3, группа грунтов: 2
ГЭСН	01	01-01-021	Разработка грунта в котлованах объемом от 3000 до 7000 м3 с погрузкой на автомобили-самосвалы экскаваторами с ковшом вместимостью 1; 0,65; 0,5 м3	01-01-021-03	1000 м3	Разработка грунта в котлованах объемом от 3000 до 7000 м3 с погрузкой на автомобили-самосвалы экскаватором с ковшом вместимостью 1,0 м3, группа грунтов: 3
ГЭСН	01	01-01-021	Разработка грунта в котлованах объемом от 3000 до 7000 м3 с погрузкой на автомобили-самосвалы экскаваторами с ковшом вместимостью 1; 0,65; 0,5 м3	01-01-021-04	1000 м3	Разработка грунта в котлованах объемом от 3000 до 7000 м3 с погрузкой на автомобили-самосвалы экскаватором с ковшом вместимостью 1,0 м3, группа грунтов: 4
ГЭСН	01	01-01-021	Разработка грунта в котлованах объемом от 3000 до 7000 м3 с погрузкой на автомобили-самосвалы экскаваторами с ковшом вместимостью 1; 0,65; 0,5 м3	01-01-021-05	1000 м3	Разработка грунта в котлованах объемом от 3000 до 7000 м3 с погрузкой на автомобили-самосвалы экскаватором с ковшом вместимостью 1,0 м3, группа грунтов: 5
ГЭСН	01	01-01-021	Разработка грунта в котлованах объемом от 3000 до 7000 м3 с погрузкой на автомобили-самосвалы экскаваторами с ковшом вместимостью 1; 0,65; 0,5 м3	01-01-021-06	1000 м3	Разработка грунта в котлованах объемом от 3000 до 7000 м3 с погрузкой на автомобили-самосвалы экскаватором с ковшом вместимостью 1,0 м3, группа грунтов: 6
ГЭСН	01	01-01-021	Разработка грунта в котлованах объемом от 3000 до 7000 м3 с погрузкой на автомобили-самосвалы экскаваторами с ковшом вместимостью 1; 0,65; 0,5 м3	01-01-021-07	1000 м3	Разработка грунта в котлованах объемом от 3000 до 7000 м3 с погрузкой на автомобили-самосвалы экскаватором с ковшом вместимостью 0,65 м3, группа грунтов: 1
ГЭСН	01	01-01-021	Разработка грунта в котлованах объемом от 3000 до 7000 м3 с погрузкой на автомобили-самосвалы экскаваторами с ковшом вместимостью 1; 0,65; 0,5 м3	01-01-021-08	1000 м3	Разработка грунта в котлованах объемом от 3000 до 7000 м3 с погрузкой на автомобили-самосвалы экскаватором с ковшом вместимостью 0,65 м3, группа грунтов: 2
ГЭСН	01	01-01-021	Разработка грунта в котлованах объемом от 3000 до 7000 м3 с погрузкой на автомобили-самосвалы экскаваторами с ковшом вместимостью 1; 0,65; 0,5 м3	01-01-021-09	1000 м3	Разработка грунта в котлованах объемом от 3000 до 7000 м3 с погрузкой на автомобили-самосвалы экскаватором с ковшом вместимостью 0,65 м3, группа грунтов: 3
ГЭСН	01	01-01-021	Разработка грунта в котлованах объемом от 3000 до 7000 м3 с погрузкой на автомобили-самосвалы экскаваторами с ковшом вместимостью 1; 0,65; 0,5 м3	01-01-021-10	1000 м3	Разработка грунта в котлованах объемом от 3000 до 7000 м3 с погрузкой на автомобили-самосвалы экскаватором с ковшом вместимостью 0,65 м3, группа грунтов: 4
ГЭСН	01	01-01-021	Разработка грунта в котлованах объемом от 3000 до 7000 м3 с погрузкой на автомобили-самосвалы экскаваторами с ковшом вместимостью 1; 0,65; 0,5 м3	01-01-021-11	1000 м3	Разработка грунта в котлованах объемом от 3000 до 7000 м3 с погрузкой на автомобили-самосвалы экскаватором с ковшом вместимостью 0,65 м3, группа грунтов: 5
ГЭСН	01	01-01-021	Разработка грунта в котлованах объемом от 3000 до 7000 м3 с погрузкой на автомобили-самосвалы экскаваторами с ковшом вместимостью 1; 0,65; 0,5 м3	01-01-021-12	1000 м3	Разработка грунта в котлованах объемом от 3000 до 7000 м3 с погрузкой на автомобили-самосвалы экскаватором с ковшом вместимостью 0,65 м3, группа грунтов: 6
ГЭСН	01	01-01-021	Разработка грунта в котлованах объемом от 3000 до 7000 м3 с погрузкой на автомобили-самосвалы экскаваторами с ковшом вместимостью 1; 0,65; 0,5 м3	01-01-021-13	1000 м3	Разработка грунта в котлованах объемом от 3000 до 7000 м3 с погрузкой на автомобили-самосвалы экскаватором с ковшом вместимостью 0,5 м3, группа грунтов: 1
ГЭСН	01	01-01-021	Разработка грунта в котлованах объемом от 3000 до 7000 м3 с погрузкой на автомобили-самосвалы экскаваторами с ковшом вместимостью 1; 0,65; 0,5 м3	01-01-021-14	1000 м3	Разработка грунта в котлованах объемом от 3000 до 7000 м3 с погрузкой на автомобили-самосвалы экскаватором с ковшом вместимостью 0,5 м3, группа грунтов: 2
ГЭСН	01	01-01-021	Разработка грунта в котлованах объемом от 3000 до 7000 м3 с погрузкой на автомобили-самосвалы экскаваторами с ковшом вместимостью 1; 0,65; 0,5 м3	01-01-021-15	1000 м3	Разработка грунта в котлованах объемом от 3000 до 7000 м3 с погрузкой на автомобили-самосвалы экскаватором с ковшом вместимостью 0,5 м3, группа грунтов: 3
ГЭСН	01	01-01-021	Разработка грунта в котлованах объемом от 3000 до 7000 м3 с погрузкой на автомобили-самосвалы экскаваторами с ковшом вместимостью 1; 0,65; 0,5 м3	01-01-021-16	1000 м3	Разработка грунта в котлованах объемом от 3000 до 7000 м3 с погрузкой на автомобили-самосвалы экскаватором с ковшом вместимостью 0,5 м3, группа грунтов: 4
ГЭСН	01	01-01-021	Разработка грунта в котлованах объемом от 3000 до 7000 м3 с погрузкой на автомобили-самосвалы экскаваторами с ковшом вместимостью 1; 0,65; 0,5 м3	01-01-021-17	1000 м3	Разработка грунта в котлованах объемом от 3000 до 7000 м3 с погрузкой на автомобили-самосвалы экскаватором с ковшом вместимостью 0,5 м3, группа грунтов: 5
ГЭСН	01	01-01-021	Разработка грунта в котлованах объемом от 3000 до 7000 м3 с погрузкой на автомобили-самосвалы экскаваторами с ковшом вместимостью 1; 0,65; 0,5 м3	01-01-021-18	1000 м3	Разработка грунта в котлованах объемом от 3000 до 7000 м3 с погрузкой на автомобили-самосвалы экскаватором с ковшом вместимостью 0,5 м3, группа грунтов: 6
ГЭСН	01	01-01-022	Разработка грунта в траншеях экскаваторами "обратная лопата" вместимостью 1; 0,65; 0,5; 0,4; 0,25 м3 с погрузкой на автомобили-самосвалы	01-01-022-01	1000 м3	Разработка грунта с погрузкой на автомобили-самосвалы в траншеях экскаватором «обратная лопата» с ковшом вместимостью 1 (1-1,2) м3, группа грунтов: 1
ГЭСН	01	01-01-022	Разработка грунта в траншеях экскаваторами "обратная лопата" вместимостью 1; 0,65; 0,5; 0,4; 0,25 м3 с погрузкой на автомобили-самосвалы	01-01-022-02	1000 м3	Разработка грунта с погрузкой на автомобили-самосвалы в траншеях экскаватором «обратная лопата» с ковшом вместимостью 1 (1-1,2) м3, группа грунтов: 2
ГЭСН	01	01-01-022	Разработка грунта в траншеях экскаваторами "обратная лопата" вместимостью 1; 0,65; 0,5; 0,4; 0,25 м3 с погрузкой на автомобили-самосвалы	01-01-022-03	1000 м3	Разработка грунта с погрузкой на автомобили-самосвалы в траншеях экскаватором «обратная лопата» с ковшом вместимостью 1 (1-1,2) м3, группа грунтов: 3
ГЭСН	01	01-01-022	Разработка грунта в траншеях экскаваторами "обратная лопата" вместимостью 1; 0,65; 0,5; 0,4; 0,25 м3 с погрузкой на автомобили-самосвалы	01-01-022-04	1000 м3	Разработка грунта с погрузкой на автомобили-самосвалы в траншеях экскаватором «обратная лопата» с ковшом вместимостью 1 (1-1,2) м3, группа грунтов: 4
ГЭСН	01	01-01-022	Разработка грунта в траншеях экскаваторами "обратная лопата" вместимостью 1; 0,65; 0,5; 0,4; 0,25 м3 с погрузкой на автомобили-самосвалы	01-01-022-05	1000 м3	Разработка грунта с погрузкой на автомобили-самосвалы в траншеях экскаватором «обратная лопата» с ковшом вместимостью 1 (1-1,2) м3, группа грунтов: 5
ГЭСН	01	01-01-022	Разработка грунта в траншеях экскаваторами "обратная лопата" вместимостью 1; 0,65; 0,5; 0,4; 0,25 м3 с погрузкой на автомобили-самосвалы	01-01-022-06	1000 м3	Разработка грунта с погрузкой на автомобили-самосвалы в траншеях экскаватором «обратная лопата» с ковшом вместимостью 1 (1-1,2) м3, группа грунтов: 6
ГЭСН	01	01-01-022	Разработка грунта в траншеях экскаваторами "обратная лопата" вместимостью 1; 0,65; 0,5; 0,4; 0,25 м3 с погрузкой на автомобили-самосвалы	01-01-022-07	1000 м3	Разработка грунта с погрузкой на автомобили-самосвалы в траншеях экскаватором «обратная лопата» с ковшом вместимостью 0,65 (0,5-1) м3, группа грунтов: 1
ГЭСН	01	01-01-022	Разработка грунта в траншеях экскаваторами "обратная лопата" вместимостью 1; 0,65; 0,5; 0,4; 0,25 м3 с погрузкой на автомобили-самосвалы	01-01-022-08	1000 м3	Разработка грунта с погрузкой на автомобили-самосвалы в траншеях экскаватором «обратная лопата» с ковшом вместимостью 0,65 (0,5-1) м3, группа грунтов: 2
ГЭСН	01	01-01-022	Разработка грунта в траншеях экскаваторами "обратная лопата" вместимостью 1; 0,65; 0,5; 0,4; 0,25 м3 с погрузкой на автомобили-самосвалы	01-01-022-09	1000 м3	Разработка грунта с погрузкой на автомобили-самосвалы в траншеях экскаватором «обратная лопата» с ковшом вместимостью 0,65 (0,5-1) м3, группа грунтов: 3
ГЭСН	01	01-01-022	Разработка грунта в траншеях экскаваторами "обратная лопата" вместимостью 1; 0,65; 0,5; 0,4; 0,25 м3 с погрузкой на автомобили-самосвалы	01-01-022-10	1000 м3	Разработка грунта с погрузкой на автомобили-самосвалы в траншеях экскаватором «обратная лопата» с ковшом вместимостью 0,65 (0,5-1) м3, группа грунтов: 4
ГЭСН	01	01-01-022	Разработка грунта в траншеях экскаваторами "обратная лопата" вместимостью 1; 0,65; 0,5; 0,4; 0,25 м3 с погрузкой на автомобили-самосвалы	01-01-022-11	1000 м3	Разработка грунта с погрузкой на автомобили-самосвалы в траншеях экскаватором «обратная лопата» с ковшом вместимостью 0,65 (0,5-1) м3, группа грунтов: 5
ГЭСН	01	01-01-022	Разработка грунта в траншеях экскаваторами "обратная лопата" вместимостью 1; 0,65; 0,5; 0,4; 0,25 м3 с погрузкой на автомобили-самосвалы	01-01-022-12	1000 м3	Разработка грунта с погрузкой на автомобили-самосвалы в траншеях экскаватором «обратная лопата» с ковшом вместимостью 0,65 (0,5-1) м3, группа грунтов: 6
ГЭСН	01	01-01-022	Разработка грунта в траншеях экскаваторами "обратная лопата" вместимостью 1; 0,65; 0,5; 0,4; 0,25 м3 с погрузкой на автомобили-самосвалы	01-01-022-13	1000 м3	Разработка грунта с погрузкой на автомобили-самосвалы в траншеях экскаватором «обратная лопата» с ковшом вместимостью 0,5 (0,5-0,63) м3, группа грунтов: 1
ГЭСН	01	01-01-022	Разработка грунта в траншеях экскаваторами "обратная лопата" вместимостью 1; 0,65; 0,5; 0,4; 0,25 м3 с погрузкой на автомобили-самосвалы	01-01-022-14	1000 м3	Разработка грунта с погрузкой на автомобили-самосвалы в траншеях экскаватором «обратная лопата» с ковшом вместимостью 0,5 (0,5-0,63) м3, группа грунтов: 2
ГЭСН	01	01-01-022	Разработка грунта в траншеях экскаваторами "обратная лопата" вместимостью 1; 0,65; 0,5; 0,4; 0,25 м3 с погрузкой на автомобили-самосвалы	01-01-022-15	1000 м3	Разработка грунта с погрузкой на автомобили-самосвалы в траншеях экскаватором «обратная лопата» с ковшом вместимостью 0,5 (0,5-0,63) м3, группа грунтов: 3
ГЭСН	01	01-01-022	Разработка грунта в траншеях экскаваторами "обратная лопата" вместимостью 1; 0,65; 0,5; 0,4; 0,25 м3 с погрузкой на автомобили-самосвалы	01-01-022-16	1000 м3	Разработка грунта с погрузкой на автомобили-самосвалы в траншеях экскаватором «обратная лопата» с ковшом вместимостью 0,5 (0,5-0,63) м3, группа грунтов: 4
ГЭСН	01	01-01-022	Разработка грунта в траншеях экскаваторами "обратная лопата" вместимостью 1; 0,65; 0,5; 0,4; 0,25 м3 с погрузкой на автомобили-самосвалы	01-01-022-17	1000 м3	Разработка грунта с погрузкой на автомобили-самосвалы в траншеях экскаватором «обратная лопата» с ковшом вместимостью 0,5 (0,5-0,63) м3, группа грунтов: 5
ГЭСН	01	01-01-022	Разработка грунта в траншеях экскаваторами "обратная лопата" вместимостью 1; 0,65; 0,5; 0,4; 0,25 м3 с погрузкой на автомобили-самосвалы	01-01-022-18	1000 м3	Разработка грунта с погрузкой на автомобили-самосвалы в траншеях экскаватором «обратная лопата» с ковшом вместимостью 0,5 (0,5-0,63) м3, группа грунтов: 6
ГЭСН	01	01-01-022	Разработка грунта в траншеях экскаваторами "обратная лопата" вместимостью 1; 0,65; 0,5; 0,4; 0,25 м3 с погрузкой на автомобили-самосвалы	01-01-022-19	1000 м3	Разработка грунта с погрузкой на автомобили-самосвалы в траншеях экскаватором «обратная лопата» с ковшом вместимостью 0,4 м3, группа грунтов: 1
ГЭСН	01	01-01-022	Разработка грунта в траншеях экскаваторами "обратная лопата" вместимостью 1; 0,65; 0,5; 0,4; 0,25 м3 с погрузкой на автомобили-самосвалы	01-01-022-20	1000 м3	Разработка грунта с погрузкой на автомобили-самосвалы в траншеях экскаватором «обратная лопата» с ковшом вместимостью 0,4 м3, группа грунтов: 2
ГЭСН	01	01-01-022	Разработка грунта в траншеях экскаваторами "обратная лопата" вместимостью 1; 0,65; 0,5; 0,4; 0,25 м3 с погрузкой на автомобили-самосвалы	01-01-022-21	1000 м3	Разработка грунта с погрузкой на автомобили-самосвалы в траншеях экскаватором «обратная лопата» с ковшом вместимостью 0,4 м3, группа грунтов: 3
ГЭСН	01	01-01-022	Разработка грунта в траншеях экскаваторами "обратная лопата" вместимостью 1; 0,65; 0,5; 0,4; 0,25 м3 с погрузкой на автомобили-самосвалы	01-01-022-22	1000 м3	Разработка грунта с погрузкой на автомобили-самосвалы в траншеях экскаватором «обратная лопата» с ковшом вместимостью 0,25 м3, группа грунтов: 1
ГЭСН	01	01-01-022	Разработка грунта в траншеях экскаваторами "обратная лопата" вместимостью 1; 0,65; 0,5; 0,4; 0,25 м3 с погрузкой на автомобили-самосвалы	01-01-022-23	1000 м3	Разработка грунта с погрузкой на автомобили-самосвалы в траншеях экскаватором «обратная лопата» с ковшом вместимостью 0,25 м3, группа грунтов: 2
ГЭСН	01	01-01-022	Разработка грунта в траншеях экскаваторами "обратная лопата" вместимостью 1; 0,65; 0,5; 0,4; 0,25 м3 с погрузкой на автомобили-самосвалы	01-01-022-24	1000 м3	Разработка грунта с погрузкой на автомобили-самосвалы в траншеях экскаватором «обратная лопата» с ковшом вместимостью 0,25 м3, группа грунтов: 3
ГЭСН	01	01-01-030	Разработка грунта бульдозерами мощностью 59; 79 кВт (80; 108 л.с.)	01-01-030-01	1000 м3	Разработка грунта с перемещением до 10 м бульдозерами мощностью: 59 кВт (80 л.с.), группа грунтов 1
ГЭСН	01	01-01-030	Разработка грунта бульдозерами мощностью 59; 79 кВт (80; 108 л.с.)	01-01-030-02	1000 м3	Разработка грунта с перемещением до 10 м бульдозерами мощностью: 59 кВт (80 л.с.), группа грунтов 2
ГЭСН	01	01-01-030	Разработка грунта бульдозерами мощностью 59; 79 кВт (80; 108 л.с.)	01-01-030-03	1000 м3	Разработка грунта с перемещением до 10 м бульдозерами мощностью: 59 кВт (80 л.с.), группа грунтов 3
ГЭСН	01	01-01-030	Разработка грунта бульдозерами мощностью 59; 79 кВт (80; 108 л.с.)	01-01-030-04	1000 м3	Разработка грунта с перемещением до 10 м бульдозерами мощностью: 59 кВт (80 л.с.), группа грунтов 4
ГЭСН	01	01-01-030	Разработка грунта бульдозерами мощностью 59; 79 кВт (80; 108 л.с.)	01-01-030-05	1000 м3	Разработка грунта с перемещением до 10 м бульдозерами мощностью: 79 кВт (108 л.с.), группа грунтов 1
ГЭСН	01	01-01-030	Разработка грунта бульдозерами мощностью 59; 79 кВт (80; 108 л.с.)	01-01-030-06	1000 м3	Разработка грунта с перемещением до 10 м бульдозерами мощностью: 79 кВт (108 л.с.), группа грунтов 2
ГЭСН	01	01-01-030	Разработка грунта бульдозерами мощностью 59; 79 кВт (80; 108 л.с.)	01-01-030-07	1000 м3	Разработка грунта с перемещением до 10 м бульдозерами мощностью: 79 кВт (108 л.с.), группа грунтов 3
ГЭСН	01	01-01-030	Разработка грунта бульдозерами мощностью 59; 79 кВт (80; 108 л.с.)	01-01-030-08	1000 м3	Разработка грунта с перемещением до 10 м бульдозерами мощностью: 79 кВт (108 л.с.), группа грунтов 4
ГЭСН	01	01-01-030	Разработка грунта бульдозерами мощностью 59; 79 кВт (80; 108 л.с.)	01-01-030-09	1000 м3	При перемещении грунта на каждые последующие 10 м добавлять: к норме 01-01-030-01
ГЭСН	01	01-01-030	Разработка грунта бульдозерами мощностью 59; 79 кВт (80; 108 л.с.)	01-01-030-10	1000 м3	При перемещении грунта на каждые последующие 10 м добавлять: к норме 01-01-030-02
ГЭСН	01	01-01-030	Разработка грунта бульдозерами мощностью 59; 79 кВт (80; 108 л.с.)	01-01-030-11	1000 м3	При перемещении грунта на каждые последующие 10 м добавлять: к норме 01-01-030-03
ГЭСН	01	01-01-030	Разработка грунта бульдозерами мощностью 59; 79 кВт (80; 108 л.с.)	01-01-030-12	1000 м3	При перемещении грунта на каждые последующие 10 м добавлять: к норме 01-01-030-04
ГЭСН	01	01-01-030	Разработка грунта бульдозерами мощностью 59; 79 кВт (80; 108 л.с.)	01-01-030-13	1000 м3	При перемещении грунта на каждые последующие 10 м добавлять: к норме 01-01-030-05
ГЭСН	01	01-01-030	Разработка грунта бульдозерами мощностью 59; 79 кВт (80; 108 л.с.)	01-01-030-14	1000 м3	При перемещении грунта на каждые последующие 10 м добавлять: к норме 01-01-030-06
ГЭСН	01	01-01-030	Разработка грунта бульдозерами мощностью 59; 79 кВт (80; 108 л.с.)	01-01-030-15	1000 м3	При перемещении грунта на каждые последующие 10 м добавлять: к норме 01-01-030-07
ГЭСН	01	01-01-030	Разработка грунта бульдозерами мощностью 59; 79 кВт (80; 108 л.с.)	01-01-030-16	1000 м3	При перемещении грунта на каждые последующие 10 м добавлять: к норме 01-01-030-08
ГЭСН	01	01-01-031	Разработка грунта бульдозерами мощностью 96; 121 кВт (130; 165 л.с.)	01-01-031-01	1000 м3	Разработка грунта с перемещением до 10 м бульдозерами мощностью: 96 кВт (130 л.с.), группа грунтов 1
ГЭСН	01	01-01-031	Разработка грунта бульдозерами мощностью 96; 121 кВт (130; 165 л.с.)	01-01-031-02	1000 м3	Разработка грунта с перемещением до 10 м бульдозерами мощностью: 96 кВт (130 л.с.), группа грунтов 2
ГЭСН	01	01-01-031	Разработка грунта бульдозерами мощностью 96; 121 кВт (130; 165 л.с.)	01-01-031-03	1000 м3	Разработка грунта с перемещением до 10 м бульдозерами мощностью: 96 кВт (130 л.с.), группа грунтов 3
ГЭСН	01	01-01-031	Разработка грунта бульдозерами мощностью 96; 121 кВт (130; 165 л.с.)	01-01-031-04	1000 м3	Разработка грунта с перемещением до 10 м бульдозерами мощностью: 96 кВт (130 л.с.), группа грунтов 4
ГЭСН	01	01-01-031	Разработка грунта бульдозерами мощностью 96; 121 кВт (130; 165 л.с.)	01-01-031-05	1000 м3	Разработка грунта с перемещением до 10 м бульдозерами мощностью: 121 кВт (165 л.с.), группа грунтов 1
ГЭСН	01	01-01-031	Разработка грунта бульдозерами мощностью 96; 121 кВт (130; 165 л.с.)	01-01-031-06	1000 м3	Разработка грунта с перемещением до 10 м бульдозерами мощностью: 121 кВт (165 л.с.), группа грунтов 2
ГЭСН	01	01-01-031	Разработка грунта бульдозерами мощностью 96; 121 кВт (130; 165 л.с.)	01-01-031-07	1000 м3	Разработка грунта с перемещением до 10 м бульдозерами мощностью: 121 кВт (165 л.с.), группа грунтов 3
ГЭСН	01	01-01-031	Разработка грунта бульдозерами мощностью 96; 121 кВт (130; 165 л.с.)	01-01-031-08	1000 м3	Разработка грунта с перемещением до 10 м бульдозерами мощностью: 121 кВт (165 л.с.), группа грунтов 4
ГЭСН	01	01-01-031	Разработка грунта бульдозерами мощностью 96; 121 кВт (130; 165 л.с.)	01-01-031-09	1000 м3	При перемещении грунта на каждые последующие 10 м добавлять: к норме 01-01-031-01
ГЭСН	01	01-01-031	Разработка грунта бульдозерами мощностью 96; 121 кВт (130; 165 л.с.)	01-01-031-10	1000 м3	При перемещении грунта на каждые последующие 10 м добавлять: к норме 01-01-031-02
ГЭСН	01	01-01-031	Разработка грунта бульдозерами мощностью 96; 121 кВт (130; 165 л.с.)	01-01-031-11	1000 м3	При перемещении грунта на каждые последующие 10 м добавлять: к норме 01-01-031-03
ГЭСН	01	01-01-031	Разработка грунта бульдозерами мощностью 96; 121 кВт (130; 165 л.с.)	01-01-031-12	1000 м3	При перемещении грунта на каждые последующие 10 м добавлять: к норме 01-01-031-04
ГЭСН	01	01-01-031	Разработка грунта бульдозерами мощностью 96; 121 кВт (130; 165 л.с.)	01-01-031-13	1000 м3	При перемещении грунта на каждые последующие 10 м добавлять: к норме 01-01-031-05
ГЭСН	01	01-01-031	Разработка грунта бульдозерами мощностью 96; 121 кВт (130; 165 л.с.)	01-01-031-14	1000 м3	При перемещении грунта на каждые последующие 10 м добавлять: к норме 01-01-031-06
ГЭСН	01	01-01-031	Разработка грунта бульдозерами мощностью 96; 121 кВт (130; 165 л.с.)	01-01-031-15	1000 м3	При перемещении грунта на каждые последующие 10 м добавлять: к норме 01-01-031-07
ГЭСН	01	01-01-031	Разработка грунта бульдозерами мощностью 96; 121 кВт (130; 165 л.с.)	01-01-031-16	1000 м3	При перемещении грунта на каждые последующие 10 м добавлять: к норме 01-01-031-08
ГЭСН	01	01-01-032	Разработка грунта бульдозерами мощностью 132; 243 кВт (180; 330 л.с.)	01-01-032-01	1000 м3	Разработка грунта с перемещением до 10 м бульдозерами мощностью: 132 кВт (180 л.с.), группа грунтов 1
ГЭСН	01	01-01-032	Разработка грунта бульдозерами мощностью 132; 243 кВт (180; 330 л.с.)	01-01-032-02	1000 м3	Разработка грунта с перемещением до 10 м бульдозерами мощностью: 132 кВт (180 л.с.), группа грунтов 2
ГЭСН	01	01-01-032	Разработка грунта бульдозерами мощностью 132; 243 кВт (180; 330 л.с.)	01-01-032-03	1000 м3	Разработка грунта с перемещением до 10 м бульдозерами мощностью: 132 кВт (180 л.с.), группа грунтов 3
ГЭСН	01	01-01-032	Разработка грунта бульдозерами мощностью 132; 243 кВт (180; 330 л.с.)	01-01-032-04	1000 м3	Разработка грунта с перемещением до 10 м бульдозерами мощностью: 132 кВт (180 л.с.), группа грунтов 4
ГЭСН	01	01-01-032	Разработка грунта бульдозерами мощностью 132; 243 кВт (180; 330 л.с.)	01-01-032-05	1000 м3	Разработка грунта с перемещением до 10 м бульдозерами мощностью: 243 кВт (330 л.с.), группа грунтов 1
ГЭСН	01	01-01-032	Разработка грунта бульдозерами мощностью 132; 243 кВт (180; 330 л.с.)	01-01-032-06	1000 м3	Разработка грунта с перемещением до 10 м бульдозерами мощностью: 243 кВт (330 л.с.), группа грунтов 2
ГЭСН	01	01-01-032	Разработка грунта бульдозерами мощностью 132; 243 кВт (180; 330 л.с.)	01-01-032-07	1000 м3	Разработка грунта с перемещением до 10 м бульдозерами мощностью: 243 кВт (330 л.с.), группа грунтов 3
ГЭСН	01	01-01-032	Разработка грунта бульдозерами мощностью 132; 243 кВт (180; 330 л.с.)	01-01-032-08	1000 м3	Разработка грунта с перемещением до 10 м бульдозерами мощностью: 243 кВт (330 л.с.), группа грунтов 4
ГЭСН	01	01-01-032	Разработка грунта бульдозерами мощностью 132; 243 кВт (180; 330 л.с.)	01-01-032-09	1000 м3	При перемещении грунта на каждые последующие 10 м добавлять: к норме 01-01-032-01
ГЭСН	01	01-01-032	Разработка грунта бульдозерами мощностью 132; 243 кВт (180; 330 л.с.)	01-01-032-10	1000 м3	При перемещении грунта на каждые последующие 10 м добавлять: к норме 01-01-032-02
ГЭСН	01	01-01-032	Разработка грунта бульдозерами мощностью 132; 243 кВт (180; 330 л.с.)	01-01-032-11	1000 м3	При перемещении грунта на каждые последующие 10 м добавлять: к норме 01-01-032-03
ГЭСН	01	01-01-032	Разработка грунта бульдозерами мощностью 132; 243 кВт (180; 330 л.с.)	01-01-032-12	1000 м3	При перемещении грунта на каждые последующие 10 м добавлять: к норме 01-01-032-04
ГЭСН	01	01-01-032	Разработка грунта бульдозерами мощностью 132; 243 кВт (180; 330 л.с.)	01-01-032-13	1000 м3	При перемещении грунта на каждые последующие 10 м добавлять: к норме 01-01-032-05
ГЭСН	01	01-01-032	Разработка грунта бульдозерами мощностью 132; 243 кВт (180; 330 л.с.)	01-01-032-14	1000 м3	При перемещении грунта на каждые последующие 10 м добавлять: к норме 01-01-032-06
ГЭСН	01	01-01-032	Разработка грунта бульдозерами мощностью 132; 243 кВт (180; 330 л.с.)	01-01-032-15	1000 м3	При перемещении грунта на каждые последующие 10 м добавлять: к норме 01-01-032-07
ГЭСН	01	01-01-032	Разработка грунта бульдозерами мощностью 132; 243 кВт (180; 330 л.с.)	01-01-032-16	1000 м3	При перемещении грунта на каждые последующие 10 м добавлять: к норме 01-01-032-08
ГЭСН	01	01-01-033	Засыпка траншей и котлованов бульдозерами мощностью 59; 79 кВт (80; 108 л.с.)	01-01-033-01	1000 м3	Засыпка траншей и котлованов с перемещением грунта до 5 м бульдозерами мощностью: 59 кВт (80 л.с.), группа грунтов 1
ГЭСН	01	01-01-033	Засыпка траншей и котлованов бульдозерами мощностью 59; 79 кВт (80; 108 л.с.)	01-01-033-02	1000 м3	Засыпка траншей и котлованов с перемещением грунта до 5 м бульдозерами мощностью: 59 кВт (80 л.с.), группа грунтов 2
ГЭСН	01	01-01-033	Засыпка траншей и котлованов бульдозерами мощностью 59; 79 кВт (80; 108 л.с.)	01-01-033-03	1000 м3	Засыпка траншей и котлованов с перемещением грунта до 5 м бульдозерами мощностью: 59 кВт (80 л.с.), группа грунтов 3
ГЭСН	01	01-01-033	Засыпка траншей и котлованов бульдозерами мощностью 59; 79 кВт (80; 108 л.с.)	01-01-033-04	1000 м3	Засыпка траншей и котлованов с перемещением грунта до 5 м бульдозерами мощностью: 79 кВт (108 л.с.), группа грунтов 1
ГЭСН	01	01-01-033	Засыпка траншей и котлованов бульдозерами мощностью 59; 79 кВт (80; 108 л.с.)	01-01-033-05	1000 м3	Засыпка траншей и котлованов с перемещением грунта до 5 м бульдозерами мощностью: 79 кВт (108 л.с.), группа грунтов 2
ГЭСН	01	01-01-033	Засыпка траншей и котлованов бульдозерами мощностью 59; 79 кВт (80; 108 л.с.)	01-01-033-06	1000 м3	Засыпка траншей и котлованов с перемещением грунта до 5 м бульдозерами мощностью: 79 кВт (108 л.с.), группа грунтов 3
ГЭСН	01	01-01-033	Засыпка траншей и котлованов бульдозерами мощностью 59; 79 кВт (80; 108 л.с.)	01-01-033-07	1000 м3	При перемещении грунта на каждые последующие 5 м добавлять: к норме 01-01-033-01
ГЭСН	01	01-01-033	Засыпка траншей и котлованов бульдозерами мощностью 59; 79 кВт (80; 108 л.с.)	01-01-033-08	1000 м3	При перемещении грунта на каждые последующие 5 м добавлять: к норме 01-01-033-02
ГЭСН	01	01-01-033	Засыпка траншей и котлованов бульдозерами мощностью 59; 79 кВт (80; 108 л.с.)	01-01-033-09	1000 м3	При перемещении грунта на каждые последующие 5 м добавлять: к норме 01-01-033-03
ГЭСН	01	01-01-033	Засыпка траншей и котлованов бульдозерами мощностью 59; 79 кВт (80; 108 л.с.)	01-01-033-10	1000 м3	При перемещении грунта на каждые последующие 5 м добавлять: к норме 01-01-033-04
ГЭСН	01	01-01-033	Засыпка траншей и котлованов бульдозерами мощностью 59; 79 кВт (80; 108 л.с.)	01-01-033-11	1000 м3	При перемещении грунта на каждые последующие 5 м добавлять: к норме 01-01-033-05
ГЭСН	01	01-01-033	Засыпка траншей и котлованов бульдозерами мощностью 59; 79 кВт (80; 108 л.с.)	01-01-033-12	1000 м3	При перемещении грунта на каждые последующие 5 м добавлять: к норме 01-01-033-06
ГЭСН	01	01-01-034	Засыпка траншей и котлованов бульдозерами мощностью 96; 121 кВт (130; 165 л.с.)	01-01-034-01	1000 м3	Засыпка траншей и котлованов с перемещением грунта до 5 м бульдозерами мощностью: 96 кВт (130 л.с.), группа грунтов 1
ГЭСН	01	01-01-034	Засыпка траншей и котлованов бульдозерами мощностью 96; 121 кВт (130; 165 л.с.)	01-01-034-02	1000 м3	Засыпка траншей и котлованов с перемещением грунта до 5 м бульдозерами мощностью: 96 кВт (130 л.с.), группа грунтов 2
ГЭСН	01	01-01-034	Засыпка траншей и котлованов бульдозерами мощностью 96; 121 кВт (130; 165 л.с.)	01-01-034-03	1000 м3	Засыпка траншей и котлованов с перемещением грунта до 5 м бульдозерами мощностью: 96 кВт (130 л.с.), группа грунтов 3
ГЭСН	01	01-01-034	Засыпка траншей и котлованов бульдозерами мощностью 96; 121 кВт (130; 165 л.с.)	01-01-034-04	1000 м3	Засыпка траншей и котлованов с перемещением грунта до 5 м бульдозерами мощностью: 121 кВт (165 л.с.), группа грунтов 1
ГЭСН	01	01-01-034	Засыпка траншей и котлованов бульдозерами мощностью 96; 121 кВт (130; 165 л.с.)	01-01-034-05	1000 м3	Засыпка траншей и котлованов с перемещением грунта до 5 м бульдозерами мощностью: 121 кВт (165 л.с.), группа грунтов 2
ГЭСН	01	01-01-034	Засыпка траншей и котлованов бульдозерами мощностью 96; 121 кВт (130; 165 л.с.)	01-01-034-06	1000 м3	Засыпка траншей и котлованов с перемещением грунта до 5 м бульдозерами мощностью: 121 кВт (165 л.с.), группа грунтов 3
ГЭСН	01	01-01-034	Засыпка траншей и котлованов бульдозерами мощностью 96; 121 кВт (130; 165 л.с.)	01-01-034-07	1000 м3	При перемещении грунта на каждые последующие 5 м добавлять: к норме 01-01-034-01
ГЭСН	01	01-01-034	Засыпка траншей и котлованов бульдозерами мощностью 96; 121 кВт (130; 165 л.с.)	01-01-034-08	1000 м3	При перемещении грунта на каждые последующие 5 м добавлять: к норме 01-01-034-02
ГЭСН	01	01-01-034	Засыпка траншей и котлованов бульдозерами мощностью 96; 121 кВт (130; 165 л.с.)	01-01-034-09	1000 м3	При перемещении грунта на каждые последующие 5 м добавлять: к норме 01-01-034-03
ГЭСН	01	01-01-034	Засыпка траншей и котлованов бульдозерами мощностью 96; 121 кВт (130; 165 л.с.)	01-01-034-10	1000 м3	При перемещении грунта на каждые последующие 5 м добавлять: к норме 01-01-034-04
ГЭСН	01	01-01-034	Засыпка траншей и котлованов бульдозерами мощностью 96; 121 кВт (130; 165 л.с.)	01-01-034-11	1000 м3	При перемещении грунта на каждые последующие 5 м добавлять: к норме 01-01-034-05
ГЭСН	01	01-01-034	Засыпка траншей и котлованов бульдозерами мощностью 96; 121 кВт (130; 165 л.с.)	01-01-034-12	1000 м3	При перемещении грунта на каждые последующие 5 м добавлять: к норме 01-01-034-06
ГЭСН	01	01-01-035	Засыпка траншей и котлованов бульдозерами мощностью 132; 243 кВт (180; 330 л.с.)	01-01-035-01	1000 м3	Засыпка траншей и котлованов с перемещением грунта до 5 м бульдозерами мощностью: 132 кВт (180 л.с.), группа грунтов 1
ГЭСН	01	01-01-035	Засыпка траншей и котлованов бульдозерами мощностью 132; 243 кВт (180; 330 л.с.)	01-01-035-02	1000 м3	Засыпка траншей и котлованов с перемещением грунта до 5 м бульдозерами мощностью: 132 кВт (180 л.с.), группа грунтов 2
ГЭСН	01	01-01-035	Засыпка траншей и котлованов бульдозерами мощностью 132; 243 кВт (180; 330 л.с.)	01-01-035-03	1000 м3	Засыпка траншей и котлованов с перемещением грунта до 5 м бульдозерами мощностью: 132 кВт (180 л.с.), группа грунтов 3
ГЭСН	01	01-01-035	Засыпка траншей и котлованов бульдозерами мощностью 132; 243 кВт (180; 330 л.с.)	01-01-035-04	1000 м3	Засыпка траншей и котлованов с перемещением грунта до 5 м бульдозерами мощностью: 243 кВт (330 л.с.), группа грунтов 1
ГЭСН	01	01-01-035	Засыпка траншей и котлованов бульдозерами мощностью 132; 243 кВт (180; 330 л.с.)	01-01-035-05	1000 м3	Засыпка траншей и котлованов с перемещением грунта до 5 м бульдозерами мощностью: 243 кВт (330 л.с.), группа грунтов 2
ГЭСН	01	01-01-035	Засыпка траншей и котлованов бульдозерами мощностью 132; 243 кВт (180; 330 л.с.)	01-01-035-06	1000 м3	Засыпка траншей и котлованов с перемещением грунта до 5 м бульдозерами мощностью: 243 кВт (330 л.с.), группа грунтов 3
ГЭСН	01	01-01-035	Засыпка траншей и котлованов бульдозерами мощностью 132; 243 кВт (180; 330 л.с.)	01-01-035-07	1000 м3	При перемещении грунта на каждые последующие 5 м добавлять: к норме 01-01-035-01
ГЭСН	01	01-01-035	Засыпка траншей и котлованов бульдозерами мощностью 132; 243 кВт (180; 330 л.с.)	01-01-035-08	1000 м3	При перемещении грунта на каждые последующие 5 м добавлять: к норме 01-01-035-02
ГЭСН	01	01-01-035	Засыпка траншей и котлованов бульдозерами мощностью 132; 243 кВт (180; 330 л.с.)	01-01-035-09	1000 м3	При перемещении грунта на каждые последующие 5 м добавлять: к норме 01-01-035-03
ГЭСН	01	01-01-035	Засыпка траншей и котлованов бульдозерами мощностью 132; 243 кВт (180; 330 л.с.)	01-01-035-10	1000 м3	При перемещении грунта на каждые последующие 5 м добавлять: к норме 01-01-035-04
ГЭСН	01	01-01-035	Засыпка траншей и котлованов бульдозерами мощностью 132; 243 кВт (180; 330 л.с.)	01-01-035-11	1000 м3	При перемещении грунта на каждые последующие 5 м добавлять: к норме 01-01-035-05
ГЭСН	01	01-01-035	Засыпка траншей и котлованов бульдозерами мощностью 132; 243 кВт (180; 330 л.с.)	01-01-035-12	1000 м3	При перемещении грунта на каждые последующие 5 м добавлять: к норме 01-01-035-06
ГЭСН	01	01-01-036	Планировка площадей бульдозерами мощностью 59; 79; 132; 243 кВт (80; 108;180; 330 л.с.)	01-01-036-01	1000 м2	Планировка площадей бульдозерами мощностью: 59 кВт (80л.с.)
ГЭСН	01	01-01-036	Планировка площадей бульдозерами мощностью 59; 79; 132; 243 кВт (80; 108;180; 330 л.с.)	01-01-036-02	1000 м2	Планировка площадей бульдозерами мощностью: 79 кВт (108 л.с.)
ГЭСН	01	01-01-036	Планировка площадей бульдозерами мощностью 59; 79; 132; 243 кВт (80; 108;180; 330 л.с.)	01-01-036-03	1000 м2	Планировка площадей бульдозерами мощностью: 132 кВт (180 л.с.)
ГЭСН	01	01-01-036	Планировка площадей бульдозерами мощностью 59; 79; 132; 243 кВт (80; 108;180; 330 л.с.)	01-01-036-04	1000 м2	Планировка площадей бульдозерами мощностью: 243 кВт (330 л.с.)
ГЭСН	01	01-01-037	Засыпка траншей и котлованов предварительно разрыхленным скальным грунтом бульдозерами мощностью 79; 132; 243 кВт (108, 180, 330 л.с.)	01-01-037-01	1000 м3	Засыпка траншей и котлованов предварительно разрыхленным скальным грунтом с перемещением до 10 м бульдозерами мощностью: 79 кВт (108 л.с.)
ГЭСН	01	01-01-037	Засыпка траншей и котлованов предварительно разрыхленным скальным грунтом бульдозерами мощностью 79; 132; 243 кВт (108, 180, 330 л.с.)	01-01-037-02	1000 м3	Засыпка траншей и котлованов предварительно разрыхленным скальным грунтом с перемещением до 10 м бульдозерами мощностью: 132 кВт (180 л.с.)
ГЭСН	01	01-01-037	Засыпка траншей и котлованов предварительно разрыхленным скальным грунтом бульдозерами мощностью 79; 132; 243 кВт (108, 180, 330 л.с.)	01-01-037-03	1000 м3	Засыпка траншей и котлованов предварительно разрыхленным скальным грунтом с перемещением до 10 м бульдозерами мощностью: 243 кВт (330 л.с.)
ГЭСН	01	01-01-037	Засыпка траншей и котлованов предварительно разрыхленным скальным грунтом бульдозерами мощностью 79; 132; 243 кВт (108, 180, 330 л.с.)	01-01-037-04	1000 м3	При перемещении грунта на каждые 10 м добавлять: к норме 01-01-037-01
ГЭСН	01	01-01-037	Засыпка траншей и котлованов предварительно разрыхленным скальным грунтом бульдозерами мощностью 79; 132; 243 кВт (108, 180, 330 л.с.)	01-01-037-05	1000 м3	При перемещении грунта на каждые 10 м добавлять: к норме 01-01-037-02
ГЭСН	01	01-01-037	Засыпка траншей и котлованов предварительно разрыхленным скальным грунтом бульдозерами мощностью 79; 132; 243 кВт (108, 180, 330 л.с.)	01-01-037-06	1000 м3	При перемещении грунта на каждые 10 м добавлять: к норме 01-01-037-03
ГЭСН	01	01-01-081	Разработка траншей с разравниванием и уплотнением грунта на полке одноковшовыми экскаваторами	01-01-081-01	1000 м3	Разработка траншей с разравниванием и уплотнением грунта на полке одноковшовыми экскаваторами при продольных уклонах свыше 6 до 15 градусов, группа грунтов: 1
ГЭСН	01	01-01-081	Разработка траншей с разравниванием и уплотнением грунта на полке одноковшовыми экскаваторами	01-01-081-02	1000 м3	Разработка траншей с разравниванием и уплотнением грунта на полке одноковшовыми экскаваторами при продольных уклонах свыше 6 до 15 градусов, группа грунтов: 2
ГЭСН	01	01-01-081	Разработка траншей с разравниванием и уплотнением грунта на полке одноковшовыми экскаваторами	01-01-081-03	1000 м3	Разработка траншей с разравниванием и уплотнением грунта на полке одноковшовыми экскаваторами при продольных уклонах свыше 6 до 15 градусов, группа грунтов: 3
ГЭСН	01	01-01-081	Разработка траншей с разравниванием и уплотнением грунта на полке одноковшовыми экскаваторами	01-01-081-04	1000 м3	Разработка траншей с разравниванием и уплотнением грунта на полке одноковшовыми экскаваторами при продольных уклонах свыше 6 до 15 градусов, группа грунтов: 4
ГЭСН	01	01-01-081	Разработка траншей с разравниванием и уплотнением грунта на полке одноковшовыми экскаваторами	01-01-081-05	1000 м3	Разработка траншей с разравниванием и уплотнением грунта на полке одноковшовыми экскаваторами при продольных уклонах свыше 6 до 15 градусов, группа грунтов: 5
ГЭСН	01	01-01-081	Разработка траншей с разравниванием и уплотнением грунта на полке одноковшовыми экскаваторами	01-01-081-06	1000 м3	Разработка траншей с разравниванием и уплотнением грунта на полке одноковшовыми экскаваторами при продольных уклонах свыше 6 до 15 градусов, группа грунтов: 6
ГЭСН	01	01-01-081	Разработка траншей с разравниванием и уплотнением грунта на полке одноковшовыми экскаваторами	01-01-081-07	1000 м3	При продольных уклонах свыше 15 градусов добавлять к норме: 01-01-081-01
ГЭСН	01	01-01-081	Разработка траншей с разравниванием и уплотнением грунта на полке одноковшовыми экскаваторами	01-01-081-08	1000 м3	При продольных уклонах свыше 15 градусов добавлять к норме: 01-01-081-02
ГЭСН	01	01-01-081	Разработка траншей с разравниванием и уплотнением грунта на полке одноковшовыми экскаваторами	01-01-081-09	1000 м3	При продольных уклонах свыше 15 градусов добавлять к норме: 01-01-081-03
ГЭСН	01	01-01-081	Разработка траншей с разравниванием и уплотнением грунта на полке одноковшовыми экскаваторами	01-01-081-10	1000 м3	При продольных уклонах свыше 15 градусов добавлять к норме: 01-01-081-04
ГЭСН	01	01-01-081	Разработка траншей с разравниванием и уплотнением грунта на полке одноковшовыми экскаваторами	01-01-081-11	1000 м3	При продольных уклонах свыше 15 градусов добавлять к норме: 01-01-081-05
ГЭСН	01	01-01-081	Разработка траншей с разравниванием и уплотнением грунта на полке одноковшовыми экскаваторами	01-01-081-12	1000 м3	При продольных уклонах свыше 15 градусов добавлять к норме: 01-01-081-06
ГЭСН	01	01-01-082	Разработка траншей с вывозкой грунта	01-01-082-01	1000 м3	Разработка траншей с вывозкой грунта при продольных уклонах свыше 6 до 15 градусов, группа грунтов: 1
ГЭСН	01	01-01-082	Разработка траншей с вывозкой грунта	01-01-082-02	1000 м3	Разработка траншей с вывозкой грунта при продольных уклонах свыше 6 до 15 градусов, группа грунтов: 2
ГЭСН	01	01-01-082	Разработка траншей с вывозкой грунта	01-01-082-03	1000 м3	Разработка траншей с вывозкой грунта при продольных уклонах свыше 6 до 15 градусов, группа грунтов: 3
ГЭСН	01	01-01-082	Разработка траншей с вывозкой грунта	01-01-082-04	1000 м3	Разработка траншей с вывозкой грунта при продольных уклонах свыше 6 до 15 градусов, группа грунтов: 4
ГЭСН	01	01-01-082	Разработка траншей с вывозкой грунта	01-01-082-05	1000 м3	Разработка траншей с вывозкой грунта при продольных уклонах свыше 6 до 15 градусов, группа грунтов: 5
ГЭСН	01	01-01-082	Разработка траншей с вывозкой грунта	01-01-082-06	1000 м3	Разработка траншей с вывозкой грунта при продольных уклонах свыше 6 до 15 градусов, группа грунтов: 6
ГЭСН	01	01-01-082	Разработка траншей с вывозкой грунта	01-01-082-07	1000 м3	При продольных уклонах свыше 15 градусов добавлять к норме: 01-01-082-01
ГЭСН	01	01-01-082	Разработка траншей с вывозкой грунта	01-01-082-08	1000 м3	При продольных уклонах свыше 15 градусов добавлять к норме: 01-01-082-02
ГЭСН	01	01-01-082	Разработка траншей с вывозкой грунта	01-01-082-09	1000 м3	При продольных уклонах свыше 15 градусов добавлять к норме: 01-01-082-03
ГЭСН	01	01-01-082	Разработка траншей с вывозкой грунта	01-01-082-10	1000 м3	При продольных уклонах свыше 15 градусов добавлять к норме: 01-01-082-04
ГЭСН	01	01-01-082	Разработка траншей с вывозкой грунта	01-01-082-11	1000 м3	При продольных уклонах свыше 15 градусов добавлять к норме: 01-01-082-05
ГЭСН	01	01-01-082	Разработка траншей с вывозкой грунта	01-01-082-12	1000 м3	При продольных уклонах свыше 15 градусов добавлять к норме: 01-01-082-06
ГЭСН	01	01-01-083	Засыпка траншей на полках бульдозерами грунтом из кавальеров	01-01-083-01	1000 м3	Засыпка траншей на полках бульдозерами грунтом из кавальеров при продольных уклонах свыше 6 до 15 градусов, группа грунтов: 1-3
ГЭСН	01	01-01-083	Засыпка траншей на полках бульдозерами грунтом из кавальеров	01-01-083-02	1000 м3	Засыпка траншей на полках бульдозерами грунтом из кавальеров при продольных уклонах свыше 6 до 15 градусов, группа грунтов: 4-6
ГЭСН	01	01-01-083	Засыпка траншей на полках бульдозерами грунтом из кавальеров	01-01-083-03	1000 м3	При продольных уклонах свыше 15 градусов добавлять к норме: 01-01-083-01
ГЭСН	01	01-01-083	Засыпка траншей на полках бульдозерами грунтом из кавальеров	01-01-083-04	1000 м3	При продольных уклонах свыше 15 градусов добавлять к норме: 01-01-083-02
ГЭСН	01	01-01-084	Устройство полок одноковшовыми экскаваторами с ковшом вместимостью 0,65 м3 на поперечных уклонах свыше 8 градусов с укладкой грунта в отвал	01-01-084-01	1000 м3	Устройство полок одноковшовыми экскаваторами с ковшом вместимостью 0,65 м3 на поперечных уклонах свыше 8 градусов с укладкой грунта в отвал, группа грунтов: 1
ГЭСН	01	01-01-084	Устройство полок одноковшовыми экскаваторами с ковшом вместимостью 0,65 м3 на поперечных уклонах свыше 8 градусов с укладкой грунта в отвал	01-01-084-02	1000 м3	Устройство полок одноковшовыми экскаваторами с ковшом вместимостью 0,65 м3 на поперечных уклонах свыше 8 градусов с укладкой грунта в отвал, группа грунтов: 2
ГЭСН	01	01-01-084	Устройство полок одноковшовыми экскаваторами с ковшом вместимостью 0,65 м3 на поперечных уклонах свыше 8 градусов с укладкой грунта в отвал	01-01-084-03	1000 м3	Устройство полок одноковшовыми экскаваторами с ковшом вместимостью 0,65 м3 на поперечных уклонах свыше 8 градусов с укладкой грунта в отвал, группа грунтов: 3
ГЭСН	01	01-01-084	Устройство полок одноковшовыми экскаваторами с ковшом вместимостью 0,65 м3 на поперечных уклонах свыше 8 градусов с укладкой грунта в отвал	01-01-084-04	1000 м3	Устройство полок одноковшовыми экскаваторами с ковшом вместимостью 0,65 м3 на поперечных уклонах свыше 8 градусов с укладкой грунта в отвал, группа грунтов: 4
ГЭСН	01	01-01-084	Устройство полок одноковшовыми экскаваторами с ковшом вместимостью 0,65 м3 на поперечных уклонах свыше 8 градусов с укладкой грунта в отвал	01-01-084-05	1000 м3	Устройство полок одноковшовыми экскаваторами с ковшом вместимостью 0,65 м3 на поперечных уклонах свыше 8 градусов с укладкой грунта в отвал, группа грунтов: 5
ГЭСН	01	01-01-084	Устройство полок одноковшовыми экскаваторами с ковшом вместимостью 0,65 м3 на поперечных уклонах свыше 8 градусов с укладкой грунта в отвал	01-01-084-06	1000 м3	Устройство полок одноковшовыми экскаваторами с ковшом вместимостью 0,65 м3 на поперечных уклонах свыше 8 градусов с укладкой грунта в отвал, группа грунтов: 6
ГЭСН	01	01-01-084	Устройство полок одноковшовыми экскаваторами с ковшом вместимостью 0,65 м3 на поперечных уклонах свыше 8 градусов с укладкой грунта в отвал	01-01-084-07	1000 м3	При продольных уклонах свыше 15 градусов добавлять к норме: 01-01-084-01
ГЭСН	01	01-01-084	Устройство полок одноковшовыми экскаваторами с ковшом вместимостью 0,65 м3 на поперечных уклонах свыше 8 градусов с укладкой грунта в отвал	01-01-084-08	1000 м3	При продольных уклонах свыше 15 градусов добавлять к норме: 01-01-084-02
ГЭСН	01	01-01-084	Устройство полок одноковшовыми экскаваторами с ковшом вместимостью 0,65 м3 на поперечных уклонах свыше 8 градусов с укладкой грунта в отвал	01-01-084-09	1000 м3	При продольных уклонах свыше 15 градусов добавлять к норме: 01-01-084-03
ГЭСН	01	01-01-084	Устройство полок одноковшовыми экскаваторами с ковшом вместимостью 0,65 м3 на поперечных уклонах свыше 8 градусов с укладкой грунта в отвал	01-01-084-10	1000 м3	При продольных уклонах свыше 15 градусов добавлять к норме: 01-01-084-04
ГЭСН	01	01-01-084	Устройство полок одноковшовыми экскаваторами с ковшом вместимостью 0,65 м3 на поперечных уклонах свыше 8 градусов с укладкой грунта в отвал	01-01-084-11	1000 м3	При продольных уклонах свыше 15 градусов добавлять к норме: 01-01-084-05
ГЭСН	01	01-01-084	Устройство полок одноковшовыми экскаваторами с ковшом вместимостью 0,65 м3 на поперечных уклонах свыше 8 градусов с укладкой грунта в отвал	01-01-084-12	1000 м3	При продольных уклонах свыше 15 градусов добавлять к норме: 01-01-084-06
ГЭСН	01	01-01-085	Устройство полок одноковшовыми экскаваторами с ковшом вместимостью 0,65 м3 на поперечных уклонах свыше 8 градусов с погрузкой грунта на автосамосвалы	01-01-085-01	1000 м3	Устройство полок одноковшовыми экскаваторами с ковшом вместимостью 0,65 м3 на поперечных уклонах свыше 8 градусов с погрузкой грунта на автосамосвалы, группа грунтов: 1
ГЭСН	01	01-01-085	Устройство полок одноковшовыми экскаваторами с ковшом вместимостью 0,65 м3 на поперечных уклонах свыше 8 градусов с погрузкой грунта на автосамосвалы	01-01-085-02	1000 м3	Устройство полок одноковшовыми экскаваторами с ковшом вместимостью 0,65 м3 на поперечных уклонах свыше 8 градусов с погрузкой грунта на автосамосвалы, группа грунтов: 2
ГЭСН	01	01-01-085	Устройство полок одноковшовыми экскаваторами с ковшом вместимостью 0,65 м3 на поперечных уклонах свыше 8 градусов с погрузкой грунта на автосамосвалы	01-01-085-03	1000 м3	Устройство полок одноковшовыми экскаваторами с ковшом вместимостью 0,65 м3 на поперечных уклонах свыше 8 градусов с погрузкой грунта на автосамосвалы, группа грунтов: 3
ГЭСН	01	01-01-085	Устройство полок одноковшовыми экскаваторами с ковшом вместимостью 0,65 м3 на поперечных уклонах свыше 8 градусов с погрузкой грунта на автосамосвалы	01-01-085-04	1000 м3	Устройство полок одноковшовыми экскаваторами с ковшом вместимостью 0,65 м3 на поперечных уклонах свыше 8 градусов с погрузкой грунта на автосамосвалы, группа грунтов: 4
ГЭСН	01	01-01-085	Устройство полок одноковшовыми экскаваторами с ковшом вместимостью 0,65 м3 на поперечных уклонах свыше 8 градусов с погрузкой грунта на автосамосвалы	01-01-085-05	1000 м3	Устройство полок одноковшовыми экскаваторами с ковшом вместимостью 0,65 м3 на поперечных уклонах свыше 8 градусов с погрузкой грунта на автосамосвалы, группа грунтов: 5
ГЭСН	01	01-01-085	Устройство полок одноковшовыми экскаваторами с ковшом вместимостью 0,65 м3 на поперечных уклонах свыше 8 градусов с погрузкой грунта на автосамосвалы	01-01-085-06	1000 м3	Устройство полок одноковшовыми экскаваторами с ковшом вместимостью 0,65 м3 на поперечных уклонах свыше 8 градусов с погрузкой грунта на автосамосвалы, группа грунтов: 6
ГЭСН	01	01-01-085	Устройство полок одноковшовыми экскаваторами с ковшом вместимостью 0,65 м3 на поперечных уклонах свыше 8 градусов с погрузкой грунта на автосамосвалы	01-01-085-07	1000 м3	При продольных уклонах свыше 15 градусов добавлять к норме: 01-01-085-01
ГЭСН	01	01-01-085	Устройство полок одноковшовыми экскаваторами с ковшом вместимостью 0,65 м3 на поперечных уклонах свыше 8 градусов с погрузкой грунта на автосамосвалы	01-01-085-08	1000 м3	При продольных уклонах свыше 15 градусов добавлять к норме: 01-01-085-02
ГЭСН	01	01-01-085	Устройство полок одноковшовыми экскаваторами с ковшом вместимостью 0,65 м3 на поперечных уклонах свыше 8 градусов с погрузкой грунта на автосамосвалы	01-01-085-09	1000 м3	При продольных уклонах свыше 15 градусов добавлять к норме: 01-01-085-03
ГЭСН	01	01-01-085	Устройство полок одноковшовыми экскаваторами с ковшом вместимостью 0,65 м3 на поперечных уклонах свыше 8 градусов с погрузкой грунта на автосамосвалы	01-01-085-10	1000 м3	При продольных уклонах свыше 15 градусов добавлять к норме: 01-01-085-04
ГЭСН	01	01-01-085	Устройство полок одноковшовыми экскаваторами с ковшом вместимостью 0,65 м3 на поперечных уклонах свыше 8 градусов с погрузкой грунта на автосамосвалы	01-01-085-11	1000 м3	При продольных уклонах свыше 15 градусов добавлять к норме: 01-01-085-05
ГЭСН	01	01-01-085	Устройство полок одноковшовыми экскаваторами с ковшом вместимостью 0,65 м3 на поперечных уклонах свыше 8 градусов с погрузкой грунта на автосамосвалы	01-01-085-12	1000 м3	При продольных уклонах свыше 15 градусов добавлять к норме: 01-01-085-06
ГЭСН	01	01-01-086	Разработка грунта бульдозерами мощностью 303; 340 кВт (410; 450 л.с.)	01-01-086-01	1000 м3	Разработка грунта с перемещением грунта до 10 м бульдозерами мощностью: 303 кВт (410 л.с.), группа грунтов 1
ГЭСН	01	01-01-086	Разработка грунта бульдозерами мощностью 303; 340 кВт (410; 450 л.с.)	01-01-086-02	1000 м3	Разработка грунта с перемещением грунта до 10 м бульдозерами мощностью: 303 кВт (410 л.с.), группа грунтов 2
ГЭСН	01	01-01-086	Разработка грунта бульдозерами мощностью 303; 340 кВт (410; 450 л.с.)	01-01-086-03	1000 м3	Разработка грунта с перемещением грунта до 10 м бульдозерами мощностью: 303 кВт (410 л.с.), группа грунтов 3
ГЭСН	01	01-01-086	Разработка грунта бульдозерами мощностью 303; 340 кВт (410; 450 л.с.)	01-01-086-04	1000 м3	Разработка грунта с перемещением грунта до 10 м бульдозерами мощностью: 303 кВт (410 л.с.), группа грунтов 4
ГЭСН	01	01-01-086	Разработка грунта бульдозерами мощностью 303; 340 кВт (410; 450 л.с.)	01-01-086-05	1000 м3	Разработка грунта с перемещением грунта до 10 м бульдозерами мощностью: 340 кВт (450 л.с.), группа грунтов 1
ГЭСН	01	01-01-086	Разработка грунта бульдозерами мощностью 303; 340 кВт (410; 450 л.с.)	01-01-086-06	1000 м3	Разработка грунта с перемещением грунта до 10 м бульдозерами мощностью: 340 кВт (450 л.с.), группа грунтов 2
ГЭСН	01	01-01-086	Разработка грунта бульдозерами мощностью 303; 340 кВт (410; 450 л.с.)	01-01-086-07	1000 м3	Разработка грунта с перемещением грунта до 10 м бульдозерами мощностью: 340 кВт (450 л.с.), группа грунтов 3
ГЭСН	01	01-01-086	Разработка грунта бульдозерами мощностью 303; 340 кВт (410; 450 л.с.)	01-01-086-08	1000 м3	Разработка грунта с перемещением грунта до 10 м бульдозерами мощностью: 340 кВт (450 л.с.), группа грунтов 4
ГЭСН	01	01-01-086	Разработка грунта бульдозерами мощностью 303; 340 кВт (410; 450 л.с.)	01-01-086-09	1000 м3	При перемещении грунта на каждые последующие 10 м добавлять: к норме 01-01-086-01
ГЭСН	01	01-01-086	Разработка грунта бульдозерами мощностью 303; 340 кВт (410; 450 л.с.)	01-01-086-10	1000 м3	При перемещении грунта на каждые последующие 10 м добавлять: к норме 01-01-086-02
ГЭСН	01	01-01-086	Разработка грунта бульдозерами мощностью 303; 340 кВт (410; 450 л.с.)	01-01-086-11	1000 м3	При перемещении грунта на каждые последующие 10 м добавлять: к норме 01-01-086-03
ГЭСН	01	01-01-086	Разработка грунта бульдозерами мощностью 303; 340 кВт (410; 450 л.с.)	01-01-086-12	1000 м3	При перемещении грунта на каждые последующие 10 м добавлять: к норме 01-01-086-04
ГЭСН	01	01-01-086	Разработка грунта бульдозерами мощностью 303; 340 кВт (410; 450 л.с.)	01-01-086-13	1000 м3	При перемещении грунта на каждые последующие 10 м добавлять: к норме 01-01-086-05
ГЭСН	01	01-01-086	Разработка грунта бульдозерами мощностью 303; 340 кВт (410; 450 л.с.)	01-01-086-14	1000 м3	При перемещении грунта на каждые последующие 10 м добавлять: к норме 01-01-086-06
ГЭСН	01	01-01-086	Разработка грунта бульдозерами мощностью 303; 340 кВт (410; 450 л.с.)	01-01-086-15	1000 м3	При перемещении грунта на каждые последующие 10 м добавлять: к норме 01-01-086-07
ГЭСН	01	01-01-086	Разработка грунта бульдозерами мощностью 303; 340 кВт (410; 450 л.с.)	01-01-086-16	1000 м3	При перемещении грунта на каждые последующие 10 м добавлять: к норме 01-01-086-08
ГЭСН	01	01-01-087	Засыпка траншей и котлованов бульдозерами мощностью 303; 340 кВт (410; 450 л.с.)	01-01-087-01	1000 м3	Засыпка траншей и котлованов с перемещением грунта до 5 м бульдозерами мощностью: 303 кВт (410 л.с.), группа грунтов 1
ГЭСН	01	01-01-087	Засыпка траншей и котлованов бульдозерами мощностью 303; 340 кВт (410; 450 л.с.)	01-01-087-02	1000 м3	Засыпка траншей и котлованов с перемещением грунта до 5 м бульдозерами мощностью: 303 кВт (410 л.с.), группа грунтов 2
ГЭСН	01	01-01-087	Засыпка траншей и котлованов бульдозерами мощностью 303; 340 кВт (410; 450 л.с.)	01-01-087-03	1000 м3	Засыпка траншей и котлованов с перемещением грунта до 5 м бульдозерами мощностью: 303 кВт (410 л.с.), группа грунтов 3
ГЭСН	01	01-01-087	Засыпка траншей и котлованов бульдозерами мощностью 303; 340 кВт (410; 450 л.с.)	01-01-087-04	1000 м3	Засыпка траншей и котлованов с перемещением грунта до 5 м бульдозерами мощностью: 340 кВт (450 л.с.), группа грунтов 1
ГЭСН	01	01-01-087	Засыпка траншей и котлованов бульдозерами мощностью 303; 340 кВт (410; 450 л.с.)	01-01-087-05	1000 м3	Засыпка траншей и котлованов с перемещением грунта до 5 м бульдозерами мощностью: 340 кВт (450 л.с.), группа грунтов 2
ГЭСН	01	01-01-087	Засыпка траншей и котлованов бульдозерами мощностью 303; 340 кВт (410; 450 л.с.)	01-01-087-06	1000 м3	Засыпка траншей и котлованов с перемещением грунта до 5 м бульдозерами мощностью: 340 кВт (450 л.с.), группа грунтов 3
ГЭСН	01	01-01-087	Засыпка траншей и котлованов бульдозерами мощностью 303; 340 кВт (410; 450 л.с.)	01-01-087-07	1000 м3	При перемещении грунта на каждые последующие 10 м добавлять: к норме 01-01-087-01
ГЭСН	01	01-01-087	Засыпка траншей и котлованов бульдозерами мощностью 303; 340 кВт (410; 450 л.с.)	01-01-087-08	1000 м3	При перемещении грунта на каждые последующие 10 м добавлять: к норме 01-01-087-02
ГЭСН	01	01-01-087	Засыпка траншей и котлованов бульдозерами мощностью 303; 340 кВт (410; 450 л.с.)	01-01-087-09	1000 м3	При перемещении грунта на каждые последующие 10 м добавлять: к норме 01-01-087-03
ГЭСН	01	01-01-087	Засыпка траншей и котлованов бульдозерами мощностью 303; 340 кВт (410; 450 л.с.)	01-01-087-10	1000 м3	При перемещении грунта на каждые последующие 10 м добавлять: к норме 01-01-087-04
ГЭСН	01	01-01-087	Засыпка траншей и котлованов бульдозерами мощностью 303; 340 кВт (410; 450 л.с.)	01-01-087-11	1000 м3	При перемещении грунта на каждые последующие 10 м добавлять: к норме 01-01-087-05
ГЭСН	01	01-01-087	Засыпка траншей и котлованов бульдозерами мощностью 303; 340 кВт (410; 450 л.с.)	01-01-087-12	1000 м3	При перемещении грунта на каждые последующие 10 м добавлять: к норме 01-01-087-06
ГЭСН	01	01-01-088	Планировка площадей бульдозерами мощностью 303; 340 кВт (410; 450 л.с.)	01-01-088-01	1000 м2	Планировка площадей бульдозерами мощностью: 303 кВт (410 л.с.)
ГЭСН	01	01-01-088	Планировка площадей бульдозерами мощностью 303; 340 кВт (410; 450 л.с.)	01-01-088-02	1000 м2	Планировка площадей бульдозерами мощностью: 340 кВт (450 л.с.)
ГЭСН	01	01-02-001	Уплотнение грунта прицепными катками на пневмоколесном ходу 25 т	01-02-001-01	1000 м3	Уплотнение грунта прицепными катками на пневмоколесном ходу 25 т на первый проход по одному следу при толщине слоя: 25 см
ГЭСН	01	01-02-001	Уплотнение грунта прицепными катками на пневмоколесном ходу 25 т	01-02-001-02	1000 м3	Уплотнение грунта прицепными катками на пневмоколесном ходу 25 т на первый проход по одному следу при толщине слоя: 30 см
ГЭСН	01	01-02-001	Уплотнение грунта прицепными катками на пневмоколесном ходу 25 т	01-02-001-03	1000 м3	Уплотнение грунта прицепными катками на пневмоколесном ходу 25 т на первый проход по одному следу при толщине слоя: 40 см
ГЭСН	01	01-02-001	Уплотнение грунта прицепными катками на пневмоколесном ходу 25 т	01-02-001-04	1000 м3	Уплотнение грунта прицепными катками на пневмоколесном ходу 25 т на первый проход по одному следу при толщине слоя: 45 см
ГЭСН	01	01-02-001	Уплотнение грунта прицепными катками на пневмоколесном ходу 25 т	01-02-001-05	1000 м3	Уплотнение грунта прицепными катками на пневмоколесном ходу 25 т на первый проход по одному следу при толщине слоя: 50 см
ГЭСН	01	01-02-001	Уплотнение грунта прицепными катками на пневмоколесном ходу 25 т	01-02-001-06	1000 м3	Уплотнение грунта прицепными катками на пневмоколесном ходу 25 т на первый проход по одному следу при толщине слоя: 60 см
ГЭСН	01	01-02-001	Уплотнение грунта прицепными катками на пневмоколесном ходу 25 т	01-02-001-07	1000 м3	На каждый последующий проход по одному следу добавлять: к норме 01-02-001-01
ГЭСН	01	01-02-001	Уплотнение грунта прицепными катками на пневмоколесном ходу 25 т	01-02-001-08	1000 м3	На каждый последующий проход по одному следу добавлять: к норме 01-02-001-02
ГЭСН	01	01-02-001	Уплотнение грунта прицепными катками на пневмоколесном ходу 25 т	01-02-001-09	1000 м3	На каждый последующий проход по одному следу добавлять: к норме 01-02-001-03
ГЭСН	01	01-02-001	Уплотнение грунта прицепными катками на пневмоколесном ходу 25 т	01-02-001-10	1000 м3	На каждый последующий проход по одному следу добавлять: к норме 01-02-001-04
ГЭСН	01	01-02-001	Уплотнение грунта прицепными катками на пневмоколесном ходу 25 т	01-02-001-11	1000 м3	На каждый последующий проход по одному следу добавлять: к норме 01-02-001-05
ГЭСН	01	01-02-001	Уплотнение грунта прицепными катками на пневмоколесном ходу 25 т	01-02-001-12	1000 м3	На каждый последующий проход по одному следу добавлять: к норме 01-02-001-06
ГЭСН	01	01-02-002	Уплотнение грунта прицепными кулачковыми катками 8 т	01-02-002-01	1000 м3	Уплотнение грунта прицепными кулачковыми катками 8 т на первый проход по одному следу при толщине слоя: 10 см
ГЭСН	01	01-02-002	Уплотнение грунта прицепными кулачковыми катками 8 т	01-02-002-02	1000 м3	Уплотнение грунта прицепными кулачковыми катками 8 т на первый проход по одному следу при толщине слоя: 15 см
ГЭСН	01	01-02-002	Уплотнение грунта прицепными кулачковыми катками 8 т	01-02-002-03	1000 м3	Уплотнение грунта прицепными кулачковыми катками 8 т на первый проход по одному следу при толщине слоя: 20 см
ГЭСН	01	01-02-002	Уплотнение грунта прицепными кулачковыми катками 8 т	01-02-002-04	1000 м3	На каждый последующий проход по одному следу добавлять: к норме 01-02-002-01
ГЭСН	01	01-02-002	Уплотнение грунта прицепными кулачковыми катками 8 т	01-02-002-05	1000 м3	На каждый последующий проход по одному следу добавлять: к норме 01-02-002-02
ГЭСН	01	01-02-002	Уплотнение грунта прицепными кулачковыми катками 8 т	01-02-002-06	1000 м3	На каждый последующий проход по одному следу добавлять: к норме 01-02-002-03
ГЭСН	01	01-02-003	Уплотнение грунта вибрационными катками 2,2 т	01-02-003-01	1000 м3	Уплотнение грунта вибрационными катками 2,2 т на первый проход по одному следу при толщине слоя: 25 см
ГЭСН	01	01-02-003	Уплотнение грунта вибрационными катками 2,2 т	01-02-003-02	1000 м3	Уплотнение грунта вибрационными катками 2,2 т на первый проход по одному следу при толщине слоя: 30 см
ГЭСН	01	01-02-003	Уплотнение грунта вибрационными катками 2,2 т	01-02-003-03	1000 м3	Уплотнение грунта вибрационными катками 2,2 т на первый проход по одному следу при толщине слоя: 35 см
ГЭСН	01	01-02-003	Уплотнение грунта вибрационными катками 2,2 т	01-02-003-04	1000 м3	Уплотнение грунта вибрационными катками 2,2 т на первый проход по одному следу при толщине слоя: 40 см
ГЭСН	01	01-02-003	Уплотнение грунта вибрационными катками 2,2 т	01-02-003-05	1000 м3	Уплотнение грунта вибрационными катками 2,2 т на первый проход по одному следу при толщине слоя: 50 см
ГЭСН	01	01-02-003	Уплотнение грунта вибрационными катками 2,2 т	01-02-003-06	1000 м3	Уплотнение грунта вибрационными катками 2,2 т на первый проход по одному следу при толщине слоя: 60 см
ГЭСН	01	01-02-003	Уплотнение грунта вибрационными катками 2,2 т	01-02-003-07	1000 м3	На каждый последующий проход по одному следу добавлять: к норме 01-02-003-01
ГЭСН	01	01-02-003	Уплотнение грунта вибрационными катками 2,2 т	01-02-003-08	1000 м3	На каждый последующий проход по одному следу добавлять: к норме 01-02-003-02
ГЭСН	01	01-02-003	Уплотнение грунта вибрационными катками 2,2 т	01-02-003-09	1000 м3	На каждый последующий проход по одному следу добавлять: к норме 01-02-003-03
ГЭСН	01	01-02-003	Уплотнение грунта вибрационными катками 2,2 т	01-02-003-10	1000 м3	На каждый последующий проход по одному следу добавлять: к норме 01-02-003-04
ГЭСН	01	01-02-003	Уплотнение грунта вибрационными катками 2,2 т	01-02-003-11	1000 м3	На каждый последующий проход по одному следу добавлять: к норме 01-02-003-05
ГЭСН	01	01-02-003	Уплотнение грунта вибрационными катками 2,2 т	01-02-003-12	1000 м3	На каждый последующий проход по одному следу добавлять: к норме 01-02-003-06
ГЭСН	01	01-02-003	Уплотнение грунта вибрационными катками 2,2 т	01-02-003-13	1000 м3	Уплотнение грунта вибрационными катками 2,2 т импортного производства на первый проход по одному следу при толщине: 25 см
ГЭСН	01	01-02-003	Уплотнение грунта вибрационными катками 2,2 т	01-02-003-14	1000 м3	Уплотнение грунта вибрационными катками 2,2 т импортного производства на первый проход по одному следу при толщине: 30 см
ГЭСН	01	01-02-003	Уплотнение грунта вибрационными катками 2,2 т	01-02-003-15	1000 м3	Уплотнение грунта вибрационными катками 2,2 т импортного производства на первый проход по одному следу при толщине: 35 см
ГЭСН	01	01-02-003	Уплотнение грунта вибрационными катками 2,2 т	01-02-003-16	1000 м3	Уплотнение грунта вибрационными катками 2,2 т импортного производства на первый проход по одному следу при толщине: 40 см
ГЭСН	01	01-02-003	Уплотнение грунта вибрационными катками 2,2 т	01-02-003-17	1000 м3	Уплотнение грунта вибрационными катками 2,2 т импортного производства на первый проход по одному следу при толщине: 50 см
ГЭСН	01	01-02-003	Уплотнение грунта вибрационными катками 2,2 т	01-02-003-18	1000 м3	Уплотнение грунта вибрационными катками 2,2 т импортного производства на первый проход по одному следу при толщине: 60 см
ГЭСН	01	01-02-003	Уплотнение грунта вибрационными катками 2,2 т	01-02-003-19	1000 м3	На каждый последующий проход по одному следу добавлять: к норме 01-02-003-13
ГЭСН	01	01-02-003	Уплотнение грунта вибрационными катками 2,2 т	01-02-003-20	1000 м3	На каждый последующий проход по одному следу добавлять: к норме 01-02-003-14
ГЭСН	01	01-02-003	Уплотнение грунта вибрационными катками 2,2 т	01-02-003-21	1000 м3	На каждый последующий проход по одному следу добавлять: к норме 01-02-003-15
ГЭСН	01	01-02-003	Уплотнение грунта вибрационными катками 2,2 т	01-02-003-22	1000 м3	На каждый последующий проход по одному следу добавлять: к норме 01-02-003-16
ГЭСН	01	01-02-003	Уплотнение грунта вибрационными катками 2,2 т	01-02-003-23	1000 м3	На каждый последующий проход по одному следу добавлять: к норме 01-02-003-17
ГЭСН	01	01-02-003	Уплотнение грунта вибрационными катками 2,2 т	01-02-003-24	1000 м3	На каждый последующий проход по одному следу добавлять: к норме 01-02-003-18
ГЭСН	01	01-02-004	Уплотнение грунта грунтоуплотняющими машинами со свободно падающими плитами	01-02-004-01	1000 м3	Уплотнение грунта грунтоуплотняющими машинами со свободно падающими плитами при толщине уплотняемого слоя: 30 см
ГЭСН	01	01-02-004	Уплотнение грунта грунтоуплотняющими машинами со свободно падающими плитами	01-02-004-02	1000 м3	Уплотнение грунта грунтоуплотняющими машинами со свободно падающими плитами при толщине уплотняемого слоя: 40 см
ГЭСН	01	01-02-004	Уплотнение грунта грунтоуплотняющими машинами со свободно падающими плитами	01-02-004-03	1000 м3	Уплотнение грунта грунтоуплотняющими машинами со свободно падающими плитами при толщине уплотняемого слоя: 50 см
ГЭСН	01	01-02-004	Уплотнение грунта грунтоуплотняющими машинами со свободно падающими плитами	01-02-004-04	1000 м3	Уплотнение грунта грунтоуплотняющими машинами со свободно падающими плитами при толщине уплотняемого слоя: 60 см
ГЭСН	01	01-02-004	Уплотнение грунта грунтоуплотняющими машинами со свободно падающими плитами	01-02-004-05	1000 м3	Уплотнение грунта грунтоуплотняющими машинами со свободно падающими плитами при толщине уплотняемого слоя: 80 см
ГЭСН	01	01-02-004	Уплотнение грунта грунтоуплотняющими машинами со свободно падающими плитами	01-02-004-06	1000 м3	Уплотнение грунта грунтоуплотняющими машинами со свободно падающими плитами при толщине уплотняемого слоя: 100 см
ГЭСН	01	01-02-005	Уплотнение грунта пневматическими трамбовками	01-02-005-01	100 м3	Уплотнение грунта пневматическими трамбовками, группа грунтов: 1-2
ГЭСН	01	01-02-005	Уплотнение грунта пневматическими трамбовками	01-02-005-02	100 м3	Уплотнение грунта пневматическими трамбовками, группа грунтов: 3-4
ГЭСН	01	01-02-006	Полив водой уплотняемого грунта насыпей	01-02-006-01	1000 м3	Полив водой уплотняемого грунта насыпей
ГЭСН	01	01-02-007	Уплотнение грунта оснований под полы промышленных цехов	01-02-007-01	100 м2	Уплотнение грунта оснований под полы промышленных цехов
ГЭСН	01	01-02-007	Уплотнение грунта оснований под полы промышленных цехов	01-02-007-02	100 м2	Уплотнение грунта оснований под полы промышленных цехов катками дорожными самоходными импортного производства, 8 т
ГЭСН	01	01-02-008	Полив водой основания под полы промышленных цехов	01-02-008-01	100 м2	Полив водой основания под полы промышленных цехов
ГЭСН	01	01-02-009	Уплотнение грунта под основание здания трамбующими плитами	01-02-009-01	1000 м2	Уплотнение грунта под основание здания трамбующими плитами в котлованах с площадью дна: свыше 100 м2 при 6-9 ударах по одному следу, диаметр трамбовки 1,5 м
ГЭСН	01	01-02-009	Уплотнение грунта под основание здания трамбующими плитами	01-02-009-02	1000 м2	Уплотнение грунта под основание здания трамбующими плитами в котлованах с площадью дна: свыше 100 м2 при 6-9 ударах по одному следу, диаметр трамбовки 2 м
ГЭСН	01	01-02-009	Уплотнение грунта под основание здания трамбующими плитами	01-02-009-03	1000 м2	Уплотнение грунта под основание здания трамбующими плитами в котлованах с площадью дна: свыше 100 м2 при 10-14 ударах по одному следу, диаметр трамбовки 1,5 м
ГЭСН	01	01-02-009	Уплотнение грунта под основание здания трамбующими плитами	01-02-009-04	1000 м2	Уплотнение грунта под основание здания трамбующими плитами в котлованах с площадью дна: свыше 100 м2 при 10-14 ударах по одному следу, диаметр трамбовки 2 м
ГЭСН	01	01-02-009	Уплотнение грунта под основание здания трамбующими плитами	01-02-009-05	1000 м2	Уплотнение грунта под основание здания трамбующими плитами в котлованах с площадью дна: менее 100 м2 при 6-9 ударах по одному следу, диаметр трамбовки 1,5 м
ГЭСН	01	01-02-009	Уплотнение грунта под основание здания трамбующими плитами	01-02-009-06	1000 м2	Уплотнение грунта под основание здания трамбующими плитами в котлованах с площадью дна: менее 100 м2 при 6-9 ударах по одному следу, диаметр трамбовки 2 м
ГЭСН	01	01-02-009	Уплотнение грунта под основание здания трамбующими плитами	01-02-009-07	1000 м2	Уплотнение грунта под основание здания трамбующими плитами в котлованах с площадью дна: менее 100 м2 при 10-14 ударах по одному следу, диаметр трамбовки 1,5 м
ГЭСН	01	01-02-009	Уплотнение грунта под основание здания трамбующими плитами	01-02-009-08	1000 м2	Уплотнение грунта под основание здания трамбующими плитами в котлованах с площадью дна: менее 100 м2 при 10-14 ударах по одному следу, диаметр трамбовки 2 м
ГЭСН	01	01-02-010	Устройство грунтовых подушек на просадочных грунтах методом послойной укатки	01-02-010-01	1000 м3	Устройство грунтовых подушек на просадочных грунтах методом послойной укатки
ГЭСН	01	01-02-011	Устройство непросадочного основания из грунтоцементной смеси с послойным трамбованием	01-02-011-01	м3	Устройство непросадочного основания из грунтоцементной смеси с послойным трамбованием
ГЭСН	01	01-02-012	Уплотнение грунтов катками самоходными грунтовыми вибрационными, массой 12-14 т	01-02-012-01	1000 м3	Уплотнение грунтов катками самоходными грунтовыми вибрационными, массой 12-14 т на первый проход по одному следу толщиной: 20 см
ГЭСН	01	01-02-012	Уплотнение грунтов катками самоходными грунтовыми вибрационными, массой 12-14 т	01-02-012-02	1000 м3	Уплотнение грунтов катками самоходными грунтовыми вибрационными, массой 12-14 т на первый проход по одному следу толщиной: 30 см
ГЭСН	01	01-02-012	Уплотнение грунтов катками самоходными грунтовыми вибрационными, массой 12-14 т	01-02-012-03	1000 м3	Уплотнение грунтов катками самоходными грунтовыми вибрационными, массой 12-14 т на первый проход по одному следу толщиной: 40 см
ГЭСН	01	01-02-012	Уплотнение грунтов катками самоходными грунтовыми вибрационными, массой 12-14 т	01-02-012-04	1000 м3	Уплотнение грунтов катками самоходными грунтовыми вибрационными, массой 12-14 т на первый проход по одному следу толщиной: 50 см
ГЭСН	01	01-02-012	Уплотнение грунтов катками самоходными грунтовыми вибрационными, массой 12-14 т	01-02-012-05	1000 м3	Уплотнение грунтов катками самоходными грунтовыми вибрационными, массой 12-14 т на первый проход по одному следу толщиной: 60 см
ГЭСН	01	01-02-012	Уплотнение грунтов катками самоходными грунтовыми вибрационными, массой 12-14 т	01-02-012-06	1000 м3	На каждый последующий проход по одному следу добавлять: к норме 01-02-012-01
ГЭСН	01	01-02-012	Уплотнение грунтов катками самоходными грунтовыми вибрационными, массой 12-14 т	01-02-012-07	1000 м3	На каждый последующий проход по одному следу добавлять: к норме 01-02-012-02
ГЭСН	01	01-02-012	Уплотнение грунтов катками самоходными грунтовыми вибрационными, массой 12-14 т	01-02-012-08	1000 м3	На каждый последующий проход по одному следу добавлять: к норме 01-02-012-03
ГЭСН	01	01-02-012	Уплотнение грунтов катками самоходными грунтовыми вибрационными, массой 12-14 т	01-02-012-09	1000 м3	На каждый последующий проход по одному следу добавлять: к норме 01-02-012-04
ГЭСН	01	01-02-012	Уплотнение грунтов катками самоходными грунтовыми вибрационными, массой 12-14 т	01-02-012-10	1000 м3	На каждый последующий проход по одному следу добавлять: к норме 01-02-012-05
ГЭСН	01	01-02-013	Уплотнение грунтов катками самоходными грунтовыми вибрационными, массой 18-20 т	01-02-013-01	1000 м3	Уплотнение грунтов катками самоходными грунтовыми вибрационными, массой 18-20 т на первый проход по одному следу толщиной: 20 см
ГЭСН	01	01-02-013	Уплотнение грунтов катками самоходными грунтовыми вибрационными, массой 18-20 т	01-02-013-02	1000 м3	Уплотнение грунтов катками самоходными грунтовыми вибрационными, массой 18-20 т на первый проход по одному следу толщиной: 30 см
ГЭСН	01	01-02-013	Уплотнение грунтов катками самоходными грунтовыми вибрационными, массой 18-20 т	01-02-013-03	1000 м3	Уплотнение грунтов катками самоходными грунтовыми вибрационными, массой 18-20 т на первый проход по одному следу толщиной: 40 см
ГЭСН	01	01-02-013	Уплотнение грунтов катками самоходными грунтовыми вибрационными, массой 18-20 т	01-02-013-04	1000 м3	Уплотнение грунтов катками самоходными грунтовыми вибрационными, массой 18-20 т на первый проход по одному следу толщиной: 50 см
ГЭСН	01	01-02-013	Уплотнение грунтов катками самоходными грунтовыми вибрационными, массой 18-20 т	01-02-013-05	1000 м3	Уплотнение грунтов катками самоходными грунтовыми вибрационными, массой 18-20 т на первый проход по одному следу толщиной: 60 см
ГЭСН	01	01-02-013	Уплотнение грунтов катками самоходными грунтовыми вибрационными, массой 18-20 т	01-02-013-06	1000 м3	На каждый последующий проход по одному следу добавлять: к норме 01-02-013-01
ГЭСН	01	01-02-013	Уплотнение грунтов катками самоходными грунтовыми вибрационными, массой 18-20 т	01-02-013-07	1000 м3	На каждый последующий проход по одному следу добавлять: к норме 01-02-013-02
ГЭСН	01	01-02-013	Уплотнение грунтов катками самоходными грунтовыми вибрационными, массой 18-20 т	01-02-013-08	1000 м3	На каждый последующий проход по одному следу добавлять: к норме 01-02-013-03
ГЭСН	01	01-02-013	Уплотнение грунтов катками самоходными грунтовыми вибрационными, массой 18-20 т	01-02-013-09	1000 м3	На каждый последующий проход по одному следу добавлять: к норме 01-02-013-04
ГЭСН	01	01-02-013	Уплотнение грунтов катками самоходными грунтовыми вибрационными, массой 18-20 т	01-02-013-10	1000 м3	На каждый последующий проход по одному следу добавлять: к норме 01-02-013-05
ГЭСН	01	01-02-014	Уплотнение грунта вибротрамбовками и виброплитами	01-02-014-01	100 м3	Уплотнение грунта вибротрамбовками, группа грунтов: 1-2
ГЭСН	01	01-02-014	Уплотнение грунта вибротрамбовками и виброплитами	01-02-014-02	100 м3	Уплотнение грунта вибротрамбовками, группа грунтов: 3-4
ГЭСН	01	01-02-014	Уплотнение грунта вибротрамбовками и виброплитами	01-02-014-03	100 м3	Уплотнение грунта виброплитами, группа грунтов: 1-2
ГЭСН	01	01-02-014	Уплотнение грунта вибротрамбовками и виброплитами	01-02-014-04	100 м3	Уплотнение грунта виброплитами, группа грунтов: 3-4
ГЭСН	01	01-02-027	Планировка площадей, откосов, полотна выемок и насыпей	01-02-027-01	1000 м2	Планировка площадей: механизированным способом, группа грунтов 1
ГЭСН	01	01-02-027	Планировка площадей, откосов, полотна выемок и насыпей	01-02-027-02	1000 м2	Планировка площадей: механизированным способом, группа грунтов 2
ГЭСН	01	01-02-027	Планировка площадей, откосов, полотна выемок и насыпей	01-02-027-03	1000 м2	Планировка площадей: механизированным способом, группа грунтов 3
ГЭСН	01	01-02-027	Планировка площадей, откосов, полотна выемок и насыпей	01-02-027-04	1000 м2	Планировка площадей: ручным способом, группа грунтов 1
ГЭСН	01	01-02-027	Планировка площадей, откосов, полотна выемок и насыпей	01-02-027-05	1000 м2	Планировка площадей: ручным способом, группа грунтов 2
ГЭСН	01	01-02-027	Планировка площадей, откосов, полотна выемок и насыпей	01-02-027-06	1000 м2	Планировка площадей: ручным способом, группа грунтов 3
ГЭСН	01	01-02-027	Планировка площадей, откосов, полотна выемок и насыпей	01-02-027-07	1000 м2	Планировка площадей: ручным способом, группа грунтов 4
ГЭСН	01	01-02-027	Планировка площадей, откосов, полотна выемок и насыпей	01-02-027-08	1000 м2	Планировка откосов и полотна: выемок механизированным способом, группа грунтов 1
ГЭСН	01	01-02-027	Планировка площадей, откосов, полотна выемок и насыпей	01-02-027-09	1000 м2	Планировка откосов и полотна: выемок механизированным способом, группа грунтов 2
ГЭСН	01	01-02-027	Планировка площадей, откосов, полотна выемок и насыпей	01-02-027-10	1000 м2	Планировка откосов и полотна: выемок механизированным способом, группа грунтов 3
ГЭСН	01	01-02-027	Планировка площадей, откосов, полотна выемок и насыпей	01-02-027-11	1000 м2	Планировка откосов и полотна: насыпей механизированным способом, группа грунтов 1
ГЭСН	01	01-02-027	Планировка площадей, откосов, полотна выемок и насыпей	01-02-027-12	1000 м2	Планировка откосов и полотна: насыпей механизированным способом, группа грунтов 2
ГЭСН	01	01-02-027	Планировка площадей, откосов, полотна выемок и насыпей	01-02-027-13	1000 м2	Планировка откосов и полотна: насыпей механизированным способом, группа грунтов 3
ГЭСН	01	01-02-027	Планировка площадей, откосов, полотна выемок и насыпей	01-02-027-14	1000 м2	Планировка откосов: выемок экскаватором-планировщиком, группа грунтов 1
ГЭСН	01	01-02-027	Планировка площадей, откосов, полотна выемок и насыпей	01-02-027-15	1000 м2	Планировка откосов: выемок экскаватором-планировщиком, группа грунтов 2
ГЭСН	01	01-02-027	Планировка площадей, откосов, полотна выемок и насыпей	01-02-027-16	1000 м2	Планировка откосов: выемок экскаватором-планировщиком, группа грунтов 3
ГЭСН	01	01-02-027	Планировка площадей, откосов, полотна выемок и насыпей	01-02-027-17	1000 м2	Планировка откосов: насыпей экскаватором-планировщиком, группа грунтов 1
ГЭСН	01	01-02-027	Планировка площадей, откосов, полотна выемок и насыпей	01-02-027-18	1000 м2	Планировка откосов: насыпей экскаватором-планировщиком, группа грунтов 2
ГЭСН	01	01-02-027	Планировка площадей, откосов, полотна выемок и насыпей	01-02-027-19	1000 м2	Планировка откосов: насыпей экскаватором-планировщиком, группа грунтов 3
ГЭСН	01	01-02-027	Планировка площадей, откосов, полотна выемок и насыпей	01-02-027-20	1000 м2	Планировка площадей: средствами малой механизации, группа грунтов 1-3
ГЭСН	01	01-02-055	Разработка грунта вручную с креплениями в траншеях шириной до 2 м	01-02-055-01	100 м3	Разработка грунта вручную с креплениями в траншеях шириной до 2 м, глубиной: до 2 м, группа грунтов 1
ГЭСН	01	01-02-055	Разработка грунта вручную с креплениями в траншеях шириной до 2 м	01-02-055-02	100 м3	Разработка грунта вручную с креплениями в траншеях шириной до 2 м, глубиной: до 2 м, группа грунтов 2
ГЭСН	01	01-02-055	Разработка грунта вручную с креплениями в траншеях шириной до 2 м	01-02-055-03	100 м3	Разработка грунта вручную с креплениями в траншеях шириной до 2 м, глубиной: до 2 м, группа грунтов 3
ГЭСН	01	01-02-055	Разработка грунта вручную с креплениями в траншеях шириной до 2 м	01-02-055-04	100 м3	Разработка грунта вручную с креплениями в траншеях шириной до 2 м, глубиной: до 2 м, группа грунтов 4
ГЭСН	01	01-02-055	Разработка грунта вручную с креплениями в траншеях шириной до 2 м	01-02-055-05	100 м3	Разработка грунта вручную с креплениями в траншеях шириной до 2 м, глубиной: до 2 м, группа грунтов 4р
ГЭСН	01	01-02-055	Разработка грунта вручную с креплениями в траншеях шириной до 2 м	01-02-055-06	100 м3	Разработка грунта вручную с креплениями в траншеях шириной до 2 м, глубиной: до 2 м, группа грунтов 5р
ГЭСН	01	01-02-055	Разработка грунта вручную с креплениями в траншеях шириной до 2 м	01-02-055-07	100 м3	Разработка грунта вручную с креплениями в траншеях шириной до 2 м, глубиной: до 3 м, группа грунтов 1
ГЭСН	01	01-02-055	Разработка грунта вручную с креплениями в траншеях шириной до 2 м	01-02-055-08	100 м3	Разработка грунта вручную с креплениями в траншеях шириной до 2 м, глубиной: до 3 м, группа грунтов 2
ГЭСН	01	01-02-055	Разработка грунта вручную с креплениями в траншеях шириной до 2 м	01-02-055-09	100 м3	Разработка грунта вручную с креплениями в траншеях шириной до 2 м, глубиной: до 3 м, группа грунтов 3
ГЭСН	01	01-02-055	Разработка грунта вручную с креплениями в траншеях шириной до 2 м	01-02-055-10	100 м3	Разработка грунта вручную с креплениями в траншеях шириной до 2 м, глубиной: до 3 м, группа грунтов 4
ГЭСН	01	01-02-055	Разработка грунта вручную с креплениями в траншеях шириной до 2 м	01-02-055-11	100 м3	Разработка грунта вручную с креплениями в траншеях шириной до 2 м, глубиной: до 3 м, группа грунтов 4р
ГЭСН	01	01-02-055	Разработка грунта вручную с креплениями в траншеях шириной до 2 м	01-02-055-12	100 м3	Разработка грунта вручную с креплениями в траншеях шириной до 2 м, глубиной: до 3 м, группа грунтов 5р
ГЭСН	01	01-02-056	Разработка грунта вручную в траншеях шириной более 2 м и котлованах площадью сечения до 5 м2 с креплениями	01-02-056-01	100 м3	Разработка грунта вручную в траншеях шириной более 2 м и котлованах площадью сечения до 5 м2 с креплениями, глубина траншей и котлованов: до 2 м, группа грунтов 1
ГЭСН	01	01-02-056	Разработка грунта вручную в траншеях шириной более 2 м и котлованах площадью сечения до 5 м2 с креплениями	01-02-056-02	100 м3	Разработка грунта вручную в траншеях шириной более 2 м и котлованах площадью сечения до 5 м2 с креплениями, глубина траншей и котлованов: до 2 м, группа грунтов 2
ГЭСН	01	01-02-056	Разработка грунта вручную в траншеях шириной более 2 м и котлованах площадью сечения до 5 м2 с креплениями	01-02-056-03	100 м3	Разработка грунта вручную в траншеях шириной более 2 м и котлованах площадью сечения до 5 м2 с креплениями, глубина траншей и котлованов: до 2 м, группа грунтов 3
ГЭСН	01	01-02-056	Разработка грунта вручную в траншеях шириной более 2 м и котлованах площадью сечения до 5 м2 с креплениями	01-02-056-04	100 м3	Разработка грунта вручную в траншеях шириной более 2 м и котлованах площадью сечения до 5 м2 с креплениями, глубина траншей и котлованов: до 2 м, группа грунтов 4
ГЭСН	01	01-02-056	Разработка грунта вручную в траншеях шириной более 2 м и котлованах площадью сечения до 5 м2 с креплениями	01-02-056-05	100 м3	Разработка грунта вручную в траншеях шириной более 2 м и котлованах площадью сечения до 5 м2 с креплениями, глубина траншей и котлованов: до 2 м, группа грунтов 4р
ГЭСН	01	01-02-056	Разработка грунта вручную в траншеях шириной более 2 м и котлованах площадью сечения до 5 м2 с креплениями	01-02-056-06	100 м3	Разработка грунта вручную в траншеях шириной более 2 м и котлованах площадью сечения до 5 м2 с креплениями, глубина траншей и котлованов: до 2 м, группа грунтов 5р
ГЭСН	01	01-02-056	Разработка грунта вручную в траншеях шириной более 2 м и котлованах площадью сечения до 5 м2 с креплениями	01-02-056-07	100 м3	Разработка грунта вручную в траншеях шириной более 2 м и котлованах площадью сечения до 5 м2 с креплениями, глубина траншей и котлованов: до 3 м, группа грунтов 1
ГЭСН	01	01-02-056	Разработка грунта вручную в траншеях шириной более 2 м и котлованах площадью сечения до 5 м2 с креплениями	01-02-056-08	100 м3	Разработка грунта вручную в траншеях шириной более 2 м и котлованах площадью сечения до 5 м2 с креплениями, глубина траншей и котлованов: до 3 м, группа грунтов 2
ГЭСН	01	01-02-056	Разработка грунта вручную в траншеях шириной более 2 м и котлованах площадью сечения до 5 м2 с креплениями	01-02-056-09	100 м3	Разработка грунта вручную в траншеях шириной более 2 м и котлованах площадью сечения до 5 м2 с креплениями, глубина траншей и котлованов: до 3 м, группа грунтов 3
ГЭСН	01	01-02-056	Разработка грунта вручную в траншеях шириной более 2 м и котлованах площадью сечения до 5 м2 с креплениями	01-02-056-10	100 м3	Разработка грунта вручную в траншеях шириной более 2 м и котлованах площадью сечения до 5 м2 с креплениями, глубина траншей и котлованов: до 3 м, группа грунтов 4
ГЭСН	01	01-02-056	Разработка грунта вручную в траншеях шириной более 2 м и котлованах площадью сечения до 5 м2 с креплениями	01-02-056-11	100 м3	Разработка грунта вручную в траншеях шириной более 2 м и котлованах площадью сечения до 5 м2 с креплениями, глубина траншей и котлованов: до 3 м, группа грунтов 4р
ГЭСН	01	01-02-056	Разработка грунта вручную в траншеях шириной более 2 м и котлованах площадью сечения до 5 м2 с креплениями	01-02-056-12	100 м3	Разработка грунта вручную в траншеях шириной более 2 м и котлованах площадью сечения до 5 м2 с креплениями, глубина траншей и котлованов: до 3 м, группа грунтов 5р
ГЭСН	01	01-02-057	Разработка грунта вручную в траншеях глубиной до 2 м без креплений с откосами	01-02-057-01	100 м3	Разработка грунта вручную в траншеях глубиной до 2 м без креплений с откосами, группа грунтов: 1
ГЭСН	01	01-02-057	Разработка грунта вручную в траншеях глубиной до 2 м без креплений с откосами	01-02-057-02	100 м3	Разработка грунта вручную в траншеях глубиной до 2 м без креплений с откосами, группа грунтов: 2
ГЭСН	01	01-02-057	Разработка грунта вручную в траншеях глубиной до 2 м без креплений с откосами	01-02-057-03	100 м3	Разработка грунта вручную в траншеях глубиной до 2 м без креплений с откосами, группа грунтов: 3
ГЭСН	01	01-02-057	Разработка грунта вручную в траншеях глубиной до 2 м без креплений с откосами	01-02-057-04	100 м3	Разработка грунта вручную в траншеях глубиной до 2 м без креплений с откосами, группа грунтов: 4
ГЭСН	01	01-02-058	Копание ям вручную без креплений для стоек и столбов	01-02-058-01	100 м3	Копание ям вручную без креплений для стоек и столбов: без откосов глубиной до 0,7 м, группа грунтов 1
ГЭСН	01	01-02-058	Копание ям вручную без креплений для стоек и столбов	01-02-058-02	100 м3	Копание ям вручную без креплений для стоек и столбов: без откосов глубиной до 0,7 м, группа грунтов 2
ГЭСН	01	01-02-058	Копание ям вручную без креплений для стоек и столбов	01-02-058-03	100 м3	Копание ям вручную без креплений для стоек и столбов: без откосов глубиной до 0,7 м, группа грунтов 3
ГЭСН	01	01-02-058	Копание ям вручную без креплений для стоек и столбов	01-02-058-04	100 м3	Копание ям вручную без креплений для стоек и столбов: без откосов глубиной до 0,7 м, группа грунтов 4
ГЭСН	01	01-02-058	Копание ям вручную без креплений для стоек и столбов	01-02-058-05	100 м3	Копание ям вручную без креплений для стоек и столбов: с откосами глубиной до 1,5 м, группа грунтов 1
ГЭСН	01	01-02-058	Копание ям вручную без креплений для стоек и столбов	01-02-058-06	100 м3	Копание ям вручную без креплений для стоек и столбов: с откосами глубиной до 1,5 м, группа грунтов 2
ГЭСН	01	01-02-058	Копание ям вручную без креплений для стоек и столбов	01-02-058-07	100 м3	Копание ям вручную без креплений для стоек и столбов: с откосами глубиной до 1,5 м, группа грунтов 3
ГЭСН	01	01-02-058	Копание ям вручную без креплений для стоек и столбов	01-02-058-08	100 м3	Копание ям вручную без креплений для стоек и столбов: с откосами глубиной до 1,5 м, группа грунтов 4
ГЭСН	01	01-02-059	Рытье ям вручную глубиной 1,5 м под электрод заземления с обратной засыпкой	01-02-059-01	шт	Рытье ям вручную глубиной 1,5 м под электрод заземления с обратной засыпкой, группа грунтов: 1
ГЭСН	01	01-02-059	Рытье ям вручную глубиной 1,5 м под электрод заземления с обратной засыпкой	01-02-059-02	шт	Рытье ям вручную глубиной 1,5 м под электрод заземления с обратной засыпкой, группа грунтов: 2
ГЭСН	01	01-02-059	Рытье ям вручную глубиной 1,5 м под электрод заземления с обратной засыпкой	01-02-059-03	шт	Рытье ям вручную глубиной 1,5 м под электрод заземления с обратной засыпкой, группа грунтов: 3
ГЭСН	01	01-02-059	Рытье ям вручную глубиной 1,5 м под электрод заземления с обратной засыпкой	01-02-059-04	шт	Рытье ям вручную глубиной 1,5 м под электрод заземления с обратной засыпкой, группа грунтов: 4
ГЭСН	01	01-02-059	Рытье ям вручную глубиной 1,5 м под электрод заземления с обратной засыпкой	01-02-059-05	шт	При изменении глубины заложения на каждые 0,5 м добавлять или исключать: к норме 01-02-059-01
ГЭСН	01	01-02-059	Рытье ям вручную глубиной 1,5 м под электрод заземления с обратной засыпкой	01-02-059-06	шт	При изменении глубины заложения на каждые 0,5 м добавлять или исключать: к норме 01-02-059-02
ГЭСН	01	01-02-059	Рытье ям вручную глубиной 1,5 м под электрод заземления с обратной засыпкой	01-02-059-07	шт	При изменении глубины заложения на каждые 0,5 м добавлять или исключать: к норме 01-02-059-03
ГЭСН	01	01-02-059	Рытье ям вручную глубиной 1,5 м под электрод заземления с обратной засыпкой	01-02-059-08	шт	При изменении глубины заложения на каждые 0,5 м добавлять или исключать: к норме 01-02-059-04
ГЭСН	01	01-02-060	Погрузка вручную неуплотненного грунта в транспортные средства из штабелей и отвалов	01-02-060-01	100 м3	Погрузка вручную неуплотненного грунта из штабелей и отвалов в транспортные средства, группа грунтов: 1
ГЭСН	01	01-02-060	Погрузка вручную неуплотненного грунта в транспортные средства из штабелей и отвалов	01-02-060-02	100 м3	Погрузка вручную неуплотненного грунта из штабелей и отвалов в транспортные средства, группа грунтов: 2
ГЭСН	01	01-02-060	Погрузка вручную неуплотненного грунта в транспортные средства из штабелей и отвалов	01-02-060-03	100 м3	Погрузка вручную неуплотненного грунта из штабелей и отвалов в транспортные средства, группа грунтов: 3
ГЭСН	01	01-02-060	Погрузка вручную неуплотненного грунта в транспортные средства из штабелей и отвалов	01-02-060-04	100 м3	Погрузка вручную неуплотненного грунта из штабелей и отвалов в транспортные средства, группа грунтов: 4
ГЭСН	01	01-02-060	Погрузка вручную неуплотненного грунта в транспортные средства из штабелей и отвалов	01-02-060-05	100 м3	Погрузка вручную неуплотненного грунта из штабелей и отвалов в транспортные средства, группа грунтов: 4р и 5р
ГЭСН	01	01-02-060	Погрузка вручную неуплотненного грунта в транспортные средства из штабелей и отвалов	01-02-060-06	100 м3	Погрузка вручную неуплотненного грунта из штабелей и отвалов в транспортные средства, группа грунтов: 5 и более
ГЭСН	01	01-02-061	Засыпка вручную траншей, пазух котлованов и ям	01-02-061-01	100 м3	Засыпка вручную траншей, пазух котлованов и ям, группа грунтов: 1
ГЭСН	01	01-02-061	Засыпка вручную траншей, пазух котлованов и ям	01-02-061-02	100 м3	Засыпка вручную траншей, пазух котлованов и ям, группа грунтов: 2
ГЭСН	01	01-02-061	Засыпка вручную траншей, пазух котлованов и ям	01-02-061-03	100 м3	Засыпка вручную траншей, пазух котлованов и ям, группа грунтов: 3
ГЭСН	01	01-02-061	Засыпка вручную траншей, пазух котлованов и ям	01-02-061-04	100 м3	Засыпка вручную траншей, пазух котлованов и ям, группа грунтов: 4
ГЭСН	01	01-02-062	Разработка грунта вручную в траншеях на действующей железной дороге	01-02-062-01	100 м3	Разработка грунта вручную в траншеях на действующей железной дороге: под путями, группа грунтов 1
ГЭСН	01	01-02-062	Разработка грунта вручную в траншеях на действующей железной дороге	01-02-062-02	100 м3	Разработка грунта вручную в траншеях на действующей железной дороге: под путями, группа грунтов 2
ГЭСН	01	01-02-062	Разработка грунта вручную в траншеях на действующей железной дороге	01-02-062-03	100 м3	Разработка грунта вручную в траншеях на действующей железной дороге: под путями, группа грунтов 3
ГЭСН	01	01-02-062	Разработка грунта вручную в траншеях на действующей железной дороге	01-02-062-04	100 м3	Разработка грунта вручную в траншеях на действующей железной дороге: под путями, группа грунтов 4
ГЭСН	01	01-02-062	Разработка грунта вручную в траншеях на действующей железной дороге	01-02-062-05	100 м3	Разработка грунта вручную в траншеях на действующей железной дороге: в междупутье, группа грунтов 1
ГЭСН	01	01-02-062	Разработка грунта вручную в траншеях на действующей железной дороге	01-02-062-06	100 м3	Разработка грунта вручную в траншеях на действующей железной дороге: в междупутье, группа грунтов 2
ГЭСН	01	01-02-062	Разработка грунта вручную в траншеях на действующей железной дороге	01-02-062-07	100 м3	Разработка грунта вручную в траншеях на действующей железной дороге: в междупутье, группа грунтов 3
ГЭСН	01	01-02-062	Разработка грунта вручную в траншеях на действующей железной дороге	01-02-062-08	100 м3	Разработка грунта вручную в траншеях на действующей железной дороге: в междупутье, группа грунтов 4
ГЭСН	01	01-02-062	Разработка грунта вручную в траншеях на действующей железной дороге	01-02-062-09	100 м3	Разработка грунта вручную в траншеях на действующей железной дороге: при прокладке кабеля под путями и в междупутье, группа грунтов 1
ГЭСН	01	01-02-062	Разработка грунта вручную в траншеях на действующей железной дороге	01-02-062-10	100 м3	Разработка грунта вручную в траншеях на действующей железной дороге: при прокладке кабеля под путями и в междупутье, группа грунтов 2
ГЭСН	01	01-02-062	Разработка грунта вручную в траншеях на действующей железной дороге	01-02-062-11	100 м3	Разработка грунта вручную в траншеях на действующей железной дороге: при прокладке кабеля под путями и в междупутье, группа грунтов 3
ГЭСН	01	01-02-062	Разработка грунта вручную в траншеях на действующей железной дороге	01-02-062-12	100 м3	Разработка грунта вручную в траншеях на действующей железной дороге: при прокладке кабеля под путями и в междупутье, группа грунтов 4
ГЭСН	01	01-02-063	Разработка грунта в траншеях и котлованах глубиной более 3 м вручную с подъемом краном при наличии креплений	01-02-063-01	100 м3	Разработка грунта в траншеях и котлованах глубиной более 3 м вручную с подъемом краном при наличии креплений, группа грунтов: 1
ГЭСН	01	01-02-063	Разработка грунта в траншеях и котлованах глубиной более 3 м вручную с подъемом краном при наличии креплений	01-02-063-02	100 м3	Разработка грунта в траншеях и котлованах глубиной более 3 м вручную с подъемом краном при наличии креплений, группа грунтов: 2
ГЭСН	01	01-02-063	Разработка грунта в траншеях и котлованах глубиной более 3 м вручную с подъемом краном при наличии креплений	01-02-063-03	100 м3	Разработка грунта в траншеях и котлованах глубиной более 3 м вручную с подъемом краном при наличии креплений, группа грунтов: 3
ГЭСН	01	01-02-063	Разработка грунта в траншеях и котлованах глубиной более 3 м вручную с подъемом краном при наличии креплений	01-02-063-04	100 м3	Разработка грунта в траншеях и котлованах глубиной более 3 м вручную с подъемом краном при наличии креплений, группа грунтов: 4
ГЭСН	01	01-02-063	Разработка грунта в траншеях и котлованах глубиной более 3 м вручную с подъемом краном при наличии креплений	01-02-063-05	100 м3	Разработка грунта в траншеях и котлованах глубиной более 3 м вручную с подъемом краном при наличии креплений, группа грунтов: 4р
ГЭСН	01	01-02-063	Разработка грунта в траншеях и котлованах глубиной более 3 м вручную с подъемом краном при наличии креплений	01-02-063-06	100 м3	Разработка грунта в траншеях и котлованах глубиной более 3 м вручную с подъемом краном при наличии креплений, группа грунтов: 5р
ГЭСН	01	01-02-066	Крепление инвентарными щитами стенок траншей шириной до 2 м	01-02-066-01	100 м2	Крепление инвентарными щитами стенок траншей шириной до 2 м в грунтах: неустойчивых и мокрых
ГЭСН	01	01-02-066	Крепление инвентарными щитами стенок траншей шириной до 2 м	01-02-066-02	100 м2	Крепление инвентарными щитами стенок траншей шириной до 2 м в грунтах: устойчивых
ГЭСН	01	01-02-067	Крепление досками стенок котлованов и траншей шириной более 2 м	01-02-067-01	100 м2	Крепление досками стенок котлованов и траншей шириной: от 2 до 3 м, глубиной до 3 м в грунтах неустойчивых
ГЭСН	01	01-02-067	Крепление досками стенок котлованов и траншей шириной более 2 м	01-02-067-02	100 м2	Крепление досками стенок котлованов и траншей шириной: от 2 до 3 м, глубиной до 3 м в грунтах устойчивых
ГЭСН	01	01-02-067	Крепление досками стенок котлованов и траншей шириной более 2 м	01-02-067-03	100 м2	Крепление досками стенок котлованов и траншей шириной: от 2 до 3 м, глубиной до 3 м в грунтах мокрых
ГЭСН	01	01-02-067	Крепление досками стенок котлованов и траншей шириной более 2 м	01-02-067-04	100 м2	Крепление досками стенок котлованов и траншей шириной: более 3 м, глубиной до 3 м в грунтах неустойчивых
ГЭСН	01	01-02-067	Крепление досками стенок котлованов и траншей шириной более 2 м	01-02-067-05	100 м2	Крепление досками стенок котлованов и траншей шириной: более 3 м, глубиной до 3 м в грунтах устойчивых
ГЭСН	01	01-02-067	Крепление досками стенок котлованов и траншей шириной более 2 м	01-02-067-06	100 м2	Крепление досками стенок котлованов и траншей шириной: более 3 м, глубиной до 3 м в грунтах мокрых
ГЭСН	05	05-01-001	Погружение дизель-молотом копровой установки на базе трактора железобетонных свай	05-01-001-01	м3	Погружение дизель-молотом копровой установки на базе трактора железобетонных свай длиной: до 6 м в грунты группы 1
ГЭСН	05	05-01-001	Погружение дизель-молотом копровой установки на базе трактора железобетонных свай	05-01-001-02	м3	Погружение дизель-молотом копровой установки на базе трактора железобетонных свай длиной: до 6 м в грунты группы 2
ГЭСН	05	05-01-001	Погружение дизель-молотом копровой установки на базе трактора железобетонных свай	05-01-001-03	м3	Погружение дизель-молотом копровой установки на базе трактора железобетонных свай длиной: до 8 м в грунты группы 1
ГЭСН	05	05-01-001	Погружение дизель-молотом копровой установки на базе трактора железобетонных свай	05-01-001-04	м3	Погружение дизель-молотом копровой установки на базе трактора железобетонных свай длиной: до 8 м в грунты группы 2
ГЭСН	05	05-01-002	Погружение дизель-молотом копровой установки на базе экскаватора железобетонных свай	05-01-002-01	м3	Погружение дизель-молотом копровой установки на базе экскаватора железобетонных свай длиной: до 6 м в грунты группы 1
ГЭСН	05	05-01-002	Погружение дизель-молотом копровой установки на базе экскаватора железобетонных свай	05-01-002-02	м3	Погружение дизель-молотом копровой установки на базе экскаватора железобетонных свай длиной: до 6 м в грунты группы 2
ГЭСН	05	05-01-002	Погружение дизель-молотом копровой установки на базе экскаватора железобетонных свай	05-01-002-03	м3	Погружение дизель-молотом копровой установки на базе экскаватора железобетонных свай длиной: до 8 м в грунты группы 1
ГЭСН	05	05-01-002	Погружение дизель-молотом копровой установки на базе экскаватора железобетонных свай	05-01-002-04	м3	Погружение дизель-молотом копровой установки на базе экскаватора железобетонных свай длиной: до 8 м в грунты группы 2
ГЭСН	05	05-01-002	Погружение дизель-молотом копровой установки на базе экскаватора железобетонных свай	05-01-002-05	м3	Погружение дизель-молотом копровой установки на базе экскаватора железобетонных свай длиной: до 12 м в грунты группы 1
ГЭСН	05	05-01-002	Погружение дизель-молотом копровой установки на базе экскаватора железобетонных свай	05-01-002-06	м3	Погружение дизель-молотом копровой установки на базе экскаватора железобетонных свай длиной: до 12 м в грунты группы 2
ГЭСН	05	05-01-002	Погружение дизель-молотом копровой установки на базе экскаватора железобетонных свай	05-01-002-07	м3	Погружение дизель-молотом копровой установки на базе экскаватора железобетонных свай длиной: до 16 м в грунты группы 1
ГЭСН	05	05-01-002	Погружение дизель-молотом копровой установки на базе экскаватора железобетонных свай	05-01-002-08	м3	Погружение дизель-молотом копровой установки на базе экскаватора железобетонных свай длиной: до 16 м в грунты группы 2
ГЭСН	05	05-01-003	Погружение дизель-молотом на гусеничном копре железобетонных свай	05-01-003-01	м3	Погружение дизель-молотом на гусеничном копре железобетонных свай длиной: до 6 м в грунты группы 1
ГЭСН	05	05-01-003	Погружение дизель-молотом на гусеничном копре железобетонных свай	05-01-003-02	м3	Погружение дизель-молотом на гусеничном копре железобетонных свай длиной: до 6 м в грунты группы 2
ГЭСН	05	05-01-003	Погружение дизель-молотом на гусеничном копре железобетонных свай	05-01-003-03	м3	Погружение дизель-молотом на гусеничном копре железобетонных свай длиной: до 8 м в грунты группы 1
ГЭСН	05	05-01-003	Погружение дизель-молотом на гусеничном копре железобетонных свай	05-01-003-04	м3	Погружение дизель-молотом на гусеничном копре железобетонных свай длиной: до 8 м в грунты группы 2
ГЭСН	05	05-01-003	Погружение дизель-молотом на гусеничном копре железобетонных свай	05-01-003-05	м3	Погружение дизель-молотом на гусеничном копре железобетонных свай длиной: до 12 м в грунты группы 1
ГЭСН	05	05-01-003	Погружение дизель-молотом на гусеничном копре железобетонных свай	05-01-003-06	м3	Погружение дизель-молотом на гусеничном копре железобетонных свай длиной: до 12 м в грунты группы 2
ГЭСН	05	05-01-003	Погружение дизель-молотом на гусеничном копре железобетонных свай	05-01-003-07	м3	Погружение дизель-молотом на гусеничном копре железобетонных свай длиной: до 16 м в грунты группы 1
ГЭСН	05	05-01-003	Погружение дизель-молотом на гусеничном копре железобетонных свай	05-01-003-08	м3	Погружение дизель-молотом на гусеничном копре железобетонных свай длиной: до 16 м в грунты группы 2
ГЭСН	05	05-01-004	Погружение рельсовым копром железобетонных свай	05-01-004-01	м3	Погружение рельсовым копром железобетонных свай длиной: до 12 м в грунты группы 1
ГЭСН	05	05-01-004	Погружение рельсовым копром железобетонных свай	05-01-004-02	м3	Погружение рельсовым копром железобетонных свай длиной: до 12 м в грунты группы 2
ГЭСН	05	05-01-004	Погружение рельсовым копром железобетонных свай	05-01-004-05	м3	Погружение рельсовым копром железобетонных свай длиной: свыше 16 м в грунты группы 1
ГЭСН	05	05-01-005	Погружение вибропогружателем железобетонных свай	05-01-005-01	м3	Погружение вибропогружателем железобетонных свай: сплошных длиной до 10 м
ГЭСН	05	05-01-005	Погружение вибропогружателем железобетонных свай	05-01-005-02	м3	Погружение вибропогружателем железобетонных свай: сплошных длиной свыше 10 м
ГЭСН	05	05-01-005	Погружение вибропогружателем железобетонных свай	05-01-005-03	м3	Погружение вибропогружателем железобетонных свай: полых с закрытым нижним концом диаметром до 0,8 м, длиной до 12 м
ГЭСН	05	05-01-005	Погружение вибропогружателем железобетонных свай	05-01-005-04	м3	Погружение вибропогружателем железобетонных свай: полых с закрытым нижним концом диаметром до 0,8 м, длиной свыше 12 м
ГЭСН	05	05-01-006	Наращивание сплошных железобетонных свай квадратного сечения	05-01-006-01	стык	Наращивание сплошных железобетонных свай квадратного сечения
ГЭСН	05	05-01-007	Погружение вибропогружателем железобетонных свай-оболочек с извлечением грунта из полости диаметром до 2 м	05-01-007-01	м3	Погружение вибропогружателем железобетонных свай-оболочек длиной: до 12 м с извлечением грунта из полости сваи-оболочки диаметром до 2 м в грунты несвязные
ГЭСН	05	05-01-007	Погружение вибропогружателем железобетонных свай-оболочек с извлечением грунта из полости диаметром до 2 м	05-01-007-02	м3	Погружение вибропогружателем железобетонных свай-оболочек длиной: до 12 м с извлечением грунта из полости сваи-оболочки диаметром до 2 м в грунты связные
ГЭСН	05	05-01-007	Погружение вибропогружателем железобетонных свай-оболочек с извлечением грунта из полости диаметром до 2 м	05-01-007-03	м3	Погружение вибропогружателем железобетонных свай-оболочек длиной: свыше 12 м с извлечением грунта из полости сваи-оболочки диаметром до 2 м в грунты несвязные
ГЭСН	05	05-01-007	Погружение вибропогружателем железобетонных свай-оболочек с извлечением грунта из полости диаметром до 2 м	05-01-007-04	м3	Погружение вибропогружателем железобетонных свай-оболочек длиной: свыше 12 м с извлечением грунта из полости сваи-оболочки диаметром до 2 м в грунты связные
ГЭСН	05	05-01-007	Погружение вибропогружателем железобетонных свай-оболочек с извлечением грунта из полости диаметром до 2 м	05-01-007-05	шт	На каждое дополнительное наращивание в свае добавлять к нормам: 05-01-007-01, 05-01-007-02
ГЭСН	05	05-01-007	Погружение вибропогружателем железобетонных свай-оболочек с извлечением грунта из полости диаметром до 2 м	05-01-007-06	шт	На каждое дополнительное наращивание в свае добавлять к нормам: 05-01-007-03, 05-01-007-04
ГЭСН	05	05-01-008	Погружение вибропогружателем железобетонных свай-оболочек с извлечением грунта из полости диаметром до 3 м	05-01-008-01	м3	Погружение вибропогружателем железобетонных свай-оболочек с извлечением грунта из полости сваи-оболочки диаметром до 3 м в грунты: несвязные
ГЭСН	05	05-01-008	Погружение вибропогружателем железобетонных свай-оболочек с извлечением грунта из полости диаметром до 3 м	05-01-008-02	м3	Погружение вибропогружателем железобетонных свай-оболочек с извлечением грунта из полости сваи-оболочки диаметром до 3 м в грунты: связные
ГЭСН	05	05-01-008	Погружение вибропогружателем железобетонных свай-оболочек с извлечением грунта из полости диаметром до 3 м	05-01-008-03	шт	На каждое дополнительное наращивание в свае добавлять к норме: 05-01-008-01
ГЭСН	05	05-01-008	Погружение вибропогружателем железобетонных свай-оболочек с извлечением грунта из полости диаметром до 3 м	05-01-008-04	шт	На каждое дополнительное наращивание в свае добавлять к норме: 05-01-008-02
ГЭСН	05	05-01-010	Вырубка бетона из арматурного каркаса железобетонных свай	05-01-010-01	шт	Вырубка бетона из арматурного каркаса железобетонных: свай площадью сечения до 0,1 м2
ГЭСН	05	05-01-010	Вырубка бетона из арматурного каркаса железобетонных свай	05-01-010-02	шт	Вырубка бетона из арматурного каркаса железобетонных: свай площадью сечения свыше 0,1 м2
ГЭСН	05	05-01-010	Вырубка бетона из арматурного каркаса железобетонных свай	05-01-010-03	шт	Вырубка бетона из арматурного каркаса железобетонных: полых свай диаметром до 0,8 м
ГЭСН	05	05-01-010	Вырубка бетона из арматурного каркаса железобетонных свай	05-01-010-04	шт	Вырубка бетона из арматурного каркаса железобетонных: полых свай диаметром свыше 0,8 м
ГЭСН	05	05-01-010	Вырубка бетона из арматурного каркаса железобетонных свай	05-01-010-05	шт	Вырубка бетона из арматурного каркаса железобетонных: свай-оболочек диаметром свыше 2 до 3 м
ГЭСН	05	05-01-011	Погружение дизель-молотом копровой установки на базе трактора стальных шпунтовых свай	05-01-011-01	т	Погружение дизель-молотом копровой установки на базе трактора стальных шпунтовых свай массой 1 м: до 50 кг, длиной до 8 м в грунты группы 1
ГЭСН	05	05-01-011	Погружение дизель-молотом копровой установки на базе трактора стальных шпунтовых свай	05-01-011-02	т	Погружение дизель-молотом копровой установки на базе трактора стальных шпунтовых свай массой 1 м: до 50 кг, длиной до 8 м в грунты группы 2
ГЭСН	05	05-01-011	Погружение дизель-молотом копровой установки на базе трактора стальных шпунтовых свай	05-01-011-03	т	Погружение дизель-молотом копровой установки на базе трактора стальных шпунтовых свай массой 1 м: до 50 кг, длиной свыше 8 м в грунты группы 1
ГЭСН	05	05-01-011	Погружение дизель-молотом копровой установки на базе трактора стальных шпунтовых свай	05-01-011-04	т	Погружение дизель-молотом копровой установки на базе трактора стальных шпунтовых свай массой 1 м: до 50 кг, длиной свыше 8 м в грунты группы 2
ГЭСН	05	05-01-011	Погружение дизель-молотом копровой установки на базе трактора стальных шпунтовых свай	05-01-011-05	т	Погружение дизель-молотом копровой установки на базе трактора стальных шпунтовых свай массой 1 м: свыше 50 до 70 кг, длиной до 8 м в грунты группы 1
ГЭСН	05	05-01-011	Погружение дизель-молотом копровой установки на базе трактора стальных шпунтовых свай	05-01-011-06	т	Погружение дизель-молотом копровой установки на базе трактора стальных шпунтовых свай массой 1 м: свыше 50 до 70 кг, длиной до 8 м в грунты группы 2
ГЭСН	05	05-01-011	Погружение дизель-молотом копровой установки на базе трактора стальных шпунтовых свай	05-01-011-07	т	Погружение дизель-молотом копровой установки на базе трактора стальных шпунтовых свай массой 1 м: свыше 50 до 70 кг, длиной свыше 8 м в грунты группы 1
ГЭСН	05	05-01-011	Погружение дизель-молотом копровой установки на базе трактора стальных шпунтовых свай	05-01-011-08	т	Погружение дизель-молотом копровой установки на базе трактора стальных шпунтовых свай массой 1 м: свыше 50 до 70 кг, длиной свыше 8 м в грунты группы 2
ГЭСН	05	05-01-011	Погружение дизель-молотом копровой установки на базе трактора стальных шпунтовых свай	05-01-011-09	т	Погружение дизель-молотом копровой установки на базе трактора стальных шпунтовых свай массой 1 м: свыше 70 кг, длиной до 8 м в грунты группы 1
ГЭСН	05	05-01-011	Погружение дизель-молотом копровой установки на базе трактора стальных шпунтовых свай	05-01-011-10	т	Погружение дизель-молотом копровой установки на базе трактора стальных шпунтовых свай массой 1 м: свыше 70 кг, длиной до 8 м в грунты группы 2
ГЭСН	05	05-01-011	Погружение дизель-молотом копровой установки на базе трактора стальных шпунтовых свай	05-01-011-11	т	Погружение дизель-молотом копровой установки на базе трактора стальных шпунтовых свай массой 1 м: свыше 70 кг, длиной свыше 8 м в грунты группы 1
ГЭСН	05	05-01-011	Погружение дизель-молотом копровой установки на базе трактора стальных шпунтовых свай	05-01-011-12	т	Погружение дизель-молотом копровой установки на базе трактора стальных шпунтовых свай массой 1 м: свыше 70 кг, длиной свыше 8 м в грунты группы 2
ГЭСН	05	05-01-012	Погружение вибропогружателем стальных шпунтовых свай	05-01-012-01	т	Погружение вибропогружателем стальных шпунтовых свай массой 1 м: до 50 кг на глубину до 5 м
ГЭСН	05	05-01-012	Погружение вибропогружателем стальных шпунтовых свай	05-01-012-02	т	Погружение вибропогружателем стальных шпунтовых свай массой 1 м: до 50 кг на глубину свыше 5 до 10 м
ГЭСН	05	05-01-012	Погружение вибропогружателем стальных шпунтовых свай	05-01-012-03	т	Погружение вибропогружателем стальных шпунтовых свай массой 1 м: до 50 кг на глубину свыше 10 до 15 м
ГЭСН	05	05-01-012	Погружение вибропогружателем стальных шпунтовых свай	05-01-012-04	т	Погружение вибропогружателем стальных шпунтовых свай массой 1 м: свыше 50 до 60 кг на глубину до 5 м
ГЭСН	05	05-01-012	Погружение вибропогружателем стальных шпунтовых свай	05-01-012-05	т	Погружение вибропогружателем стальных шпунтовых свай массой 1 м: свыше 50 до 60 кг на глубину свыше 5 до 10 м
ГЭСН	05	05-01-012	Погружение вибропогружателем стальных шпунтовых свай	05-01-012-06	т	Погружение вибропогружателем стальных шпунтовых свай массой 1 м: свыше 50 до 60 кг на глубину свыше 10 до 15 м
ГЭСН	05	05-01-012	Погружение вибропогружателем стальных шпунтовых свай	05-01-012-07	т	Погружение вибропогружателем стальных шпунтовых свай массой 1 м: свыше 60 до 70 кг на глубину до 5 м
ГЭСН	05	05-01-012	Погружение вибропогружателем стальных шпунтовых свай	05-01-012-08	т	Погружение вибропогружателем стальных шпунтовых свай массой 1 м: свыше 60 до 70 кг на глубину свыше 5 до 10 м
ГЭСН	05	05-01-012	Погружение вибропогружателем стальных шпунтовых свай	05-01-012-09	т	Погружение вибропогружателем стальных шпунтовых свай массой 1 м: свыше 60 до 70 кг на глубину свыше 10 до 15 м
ГЭСН	05	05-01-012	Погружение вибропогружателем стальных шпунтовых свай	05-01-012-10	т	Погружение вибропогружателем стальных шпунтовых свай массой 1 м: свыше 70 кг на глубину до 5 м
ГЭСН	05	05-01-012	Погружение вибропогружателем стальных шпунтовых свай	05-01-012-11	т	Погружение вибропогружателем стальных шпунтовых свай массой 1 м: свыше 70 кг на глубину свыше 5 до 10 м
ГЭСН	05	05-01-012	Погружение вибропогружателем стальных шпунтовых свай	05-01-012-12	т	Погружение вибропогружателем стальных шпунтовых свай массой 1 м: свыше 70 кг на глубину свыше 10 до 15 м
ГЭСН	05	05-01-013	Извлечение стальных шпунтовых свай	05-01-013-01	т	Извлечение стальных шпунтовых свай массой 1 м: до 50 кг, длиной до 10 м из грунтов группы 1
ГЭСН	05	05-01-013	Извлечение стальных шпунтовых свай	05-01-013-02	т	Извлечение стальных шпунтовых свай массой 1 м: до 50 кг, длиной до 10 м из грунтов группы 2
ГЭСН	05	05-01-013	Извлечение стальных шпунтовых свай	05-01-013-03	т	Извлечение стальных шпунтовых свай массой 1 м: до 50 кг, длиной свыше 10 до 15 м из грунтов группы 1
ГЭСН	05	05-01-013	Извлечение стальных шпунтовых свай	05-01-013-04	т	Извлечение стальных шпунтовых свай массой 1 м: до 50 кг, длиной свыше 10 до 15 м из грунтов группы 2
ГЭСН	05	05-01-013	Извлечение стальных шпунтовых свай	05-01-013-05	т	Извлечение стальных шпунтовых свай массой 1 м: до 50 кг, длиной свыше 15 м из грунтов 1 группы
ГЭСН	05	05-01-013	Извлечение стальных шпунтовых свай	05-01-013-06	т	Извлечение стальных шпунтовых свай массой 1 м: свыше 50 до 70 кг, длиной до 10 м из грунтов группы 1
ГЭСН	05	05-01-013	Извлечение стальных шпунтовых свай	05-01-013-07	т	Извлечение стальных шпунтовых свай массой 1 м: свыше 50 до 70 кг, длиной до 10 м из грунтов группы 2
ГЭСН	05	05-01-013	Извлечение стальных шпунтовых свай	05-01-013-08	т	Извлечение стальных шпунтовых свай массой 1 м: свыше 50 до 70 кг, длиной свыше 10 до 15 м из грунтов группы 1
ГЭСН	05	05-01-013	Извлечение стальных шпунтовых свай	05-01-013-09	т	Извлечение стальных шпунтовых свай массой 1 м: свыше 50 до 70 кг, длиной свыше 10 до 15 м из грунтов группы 2
ГЭСН	05	05-01-013	Извлечение стальных шпунтовых свай	05-01-013-10	т	Извлечение стальных шпунтовых свай массой 1 м: свыше 50 до 70 кг, длиной свыше 15 м из грунтов 1 группы
ГЭСН	05	05-01-013	Извлечение стальных шпунтовых свай	05-01-013-11	т	Извлечение стальных шпунтовых свай массой 1 м: свыше 70 кг, длиной до 10 м из грунтов группы 1
ГЭСН	05	05-01-013	Извлечение стальных шпунтовых свай	05-01-013-12	т	Извлечение стальных шпунтовых свай массой 1 м: свыше 70 кг, длиной до 10 м из грунтов группы 2
ГЭСН	05	05-01-013	Извлечение стальных шпунтовых свай	05-01-013-13	т	Извлечение стальных шпунтовых свай массой 1 м: свыше 70 кг, длиной свыше 10 до 15 м из грунтов группы 1
ГЭСН	05	05-01-013	Извлечение стальных шпунтовых свай	05-01-013-14	т	Извлечение стальных шпунтовых свай массой 1 м: свыше 70 кг, длиной свыше 10 до 15 м из грунтов группы 2
ГЭСН	05	05-01-013	Извлечение стальных шпунтовых свай	05-01-013-15	т	Извлечение стальных шпунтовых свай массой 1 м: свыше 70 кг, длиной свыше 15 м из грунтов 1 группы
ГЭСН	05	05-01-014	Крепление шпунтового ограждения котлованов под опоры мостов	05-01-014-01	т	Крепление шпунтового ограждения котлованов под опоры мостов: деревянного
ГЭСН	05	05-01-014	Крепление шпунтового ограждения котлованов под опоры мостов	05-01-014-02	т	Крепление шпунтового ограждения котлованов под опоры мостов: стального
ГЭСН	05	05-01-015	Погружение деревянных свай в мостостроении	05-01-015-01	м3	Погружение в мостостроении в грунты 1-2 групп: одиночных свай из бревен длиной до 8 м
ГЭСН	05	05-01-015	Погружение деревянных свай в мостостроении	05-01-015-02	м3	Погружение в мостостроении в грунты 1-2 групп: пакетных свай длиной до 16 м из брусьев
ГЭСН	05	05-01-015	Погружение деревянных свай в мостостроении	05-01-015-03	м3	Погружение в мостостроении в грунты 1-2 групп: пакетных свай длиной до 16 м из бревен
ГЭСН	05	05-01-015	Погружение деревянных свай в мостостроении	05-01-015-04	м3	Погружение в мостостроении пакетных свай из шпунтовых брусьев длиной: до 4 м в грунты группы 1
ГЭСН	05	05-01-015	Погружение деревянных свай в мостостроении	05-01-015-05	м3	Погружение в мостостроении пакетных свай из шпунтовых брусьев длиной: до 4 м в грунты группы 2
ГЭСН	05	05-01-015	Погружение деревянных свай в мостостроении	05-01-015-06	м3	Погружение в мостостроении пакетных свай из шпунтовых брусьев длиной: свыше 4 до 6 м в грунты группы 1
ГЭСН	05	05-01-015	Погружение деревянных свай в мостостроении	05-01-015-07	м3	Погружение в мостостроении пакетных свай из шпунтовых брусьев длиной: свыше 4 до 6 м в грунты группы 2
ГЭСН	05	05-01-015	Погружение деревянных свай в мостостроении	05-01-015-08	м3	Погружение в мостостроении свай из досок длиной до 13 м в грунты 1-2 группы
ГЭСН	05	05-01-016	Обстройка деревянного шпунтового ограждения (шапочный брус и парные схватки на шпунтовой стенке)	05-01-016-01	м3	Обстройка деревянного шпунтового ограждения (шапочный брус и парные схватки на шпунтовой стенке)
ГЭСН	05	05-01-017	Устройство и разборка подмостей под копер	05-01-017-01	м3	Устройство и разборка подмостей под копер: под опоры мостов на суше
ГЭСН	05	05-01-017	Устройство и разборка подмостей под копер	05-01-017-02	м3	Устройство и разборка подмостей под копер: под опоры мостов на воде
ГЭСН	05	05-01-017	Устройство и разборка подмостей под копер	05-01-017-03	м3	Устройство и разборка подмостей под копер: в котловане при глубине до 3 м
ГЭСН	05	05-01-017	Устройство и разборка подмостей под копер	05-01-017-04	м3	Устройство и разборка подмостей под копер: в котловане при глубине до 5 м
ГЭСН	05	05-01-018	Погружение железобетонных свай-колонн длиной до 6 м и до 8 м агрегатами копровыми	05-01-018-01	м3	Погружение агрегатами копровыми железобетонных свай-колонн длиной: до 6 м на глубину до 3 м в грунты группы 1
ГЭСН	05	05-01-018	Погружение железобетонных свай-колонн длиной до 6 м и до 8 м агрегатами копровыми	05-01-018-02	м3	Погружение агрегатами копровыми железобетонных свай-колонн длиной: до 6 м на глубину до 3 м в грунты группы 2
ГЭСН	05	05-01-018	Погружение железобетонных свай-колонн длиной до 6 м и до 8 м агрегатами копровыми	05-01-018-03	м3	Погружение агрегатами копровыми железобетонных свай-колонн длиной: до 6 м на глубину до 4 м в грунты группы 1
ГЭСН	05	05-01-018	Погружение железобетонных свай-колонн длиной до 6 м и до 8 м агрегатами копровыми	05-01-018-04	м3	Погружение агрегатами копровыми железобетонных свай-колонн длиной: до 6 м на глубину до 4 м в грунты группы 2
ГЭСН	05	05-01-018	Погружение железобетонных свай-колонн длиной до 6 м и до 8 м агрегатами копровыми	05-01-018-05	м3	Погружение агрегатами копровыми железобетонных свай-колонн длиной: до 8 м на глубину до 4 м в грунты группы 1
ГЭСН	05	05-01-018	Погружение железобетонных свай-колонн длиной до 6 м и до 8 м агрегатами копровыми	05-01-018-06	м3	Погружение агрегатами копровыми железобетонных свай-колонн длиной: до 8 м на глубину до 4 м в грунты группы 2
ГЭСН	05	05-01-018	Погружение железобетонных свай-колонн длиной до 6 м и до 8 м агрегатами копровыми	05-01-018-07	м3	Погружение агрегатами копровыми железобетонных свай-колонн длиной: до 8 м на глубину до 6 м в грунты группы 1
ГЭСН	05	05-01-018	Погружение железобетонных свай-колонн длиной до 6 м и до 8 м агрегатами копровыми	05-01-018-08	м3	Погружение агрегатами копровыми железобетонных свай-колонн длиной: до 8 м на глубину до 6 м в грунты группы 2
ГЭСН	05	05-01-019	Погружение железобетонных свай-колонн длиной до 6 м и до 8 м копрами гусеничными	05-01-019-01	м3	Погружение копрами гусеничными железобетонных свай-колонн длиной: до 6 м на глубину до 3 м в грунты группы 1
ГЭСН	05	05-01-019	Погружение железобетонных свай-колонн длиной до 6 м и до 8 м копрами гусеничными	05-01-019-02	м3	Погружение копрами гусеничными железобетонных свай-колонн длиной: до 6 м на глубину до 3 м в грунты группы 2
ГЭСН	05	05-01-019	Погружение железобетонных свай-колонн длиной до 6 м и до 8 м копрами гусеничными	05-01-019-03	м3	Погружение копрами гусеничными железобетонных свай-колонн длиной: до 6 м на глубину до 4 м в грунты группы 1
ГЭСН	05	05-01-019	Погружение железобетонных свай-колонн длиной до 6 м и до 8 м копрами гусеничными	05-01-019-04	м3	Погружение копрами гусеничными железобетонных свай-колонн длиной: до 6 м на глубину до 4 м в грунты группы 2
ГЭСН	05	05-01-019	Погружение железобетонных свай-колонн длиной до 6 м и до 8 м копрами гусеничными	05-01-019-05	м3	Погружение копрами гусеничными железобетонных свай-колонн длиной: до 8 м на глубину до 4 м в грунты группы 1
ГЭСН	05	05-01-019	Погружение железобетонных свай-колонн длиной до 6 м и до 8 м копрами гусеничными	05-01-019-06	м3	Погружение копрами гусеничными железобетонных свай-колонн длиной: до 8 м на глубину до 4 м в грунты группы 2
ГЭСН	05	05-01-019	Погружение железобетонных свай-колонн длиной до 6 м и до 8 м копрами гусеничными	05-01-019-07	м3	Погружение копрами гусеничными железобетонных свай-колонн длиной: до 8 м на глубину до 6 м в грунты группы 1
ГЭСН	05	05-01-019	Погружение железобетонных свай-колонн длиной до 6 м и до 8 м копрами гусеничными	05-01-019-08	м3	Погружение копрами гусеничными железобетонных свай-колонн длиной: до 8 м на глубину до 6 м в грунты группы 2
ГЭСН	05	05-01-020	Погружение железобетонных свай-колонн длиной до 10 м и до 12 м агрегатами копровыми	05-01-020-01	м3	Погружение агрегатами копровыми железобетонных свай-колонн длиной: до 10 м на глубину до 6 м в грунты группы 1
ГЭСН	05	05-01-020	Погружение железобетонных свай-колонн длиной до 10 м и до 12 м агрегатами копровыми	05-01-020-02	м3	Погружение агрегатами копровыми железобетонных свай-колонн длиной: до 10 м на глубину до 6 м в грунты группы 2
ГЭСН	05	05-01-020	Погружение железобетонных свай-колонн длиной до 10 м и до 12 м агрегатами копровыми	05-01-020-03	м3	Погружение агрегатами копровыми железобетонных свай-колонн длиной: до 10 м на глубину до 7 м в грунты группы 1
ГЭСН	05	05-01-020	Погружение железобетонных свай-колонн длиной до 10 м и до 12 м агрегатами копровыми	05-01-020-04	м3	Погружение агрегатами копровыми железобетонных свай-колонн длиной: до 10 м на глубину до 7 м в грунты группы 2
ГЭСН	05	05-01-020	Погружение железобетонных свай-колонн длиной до 10 м и до 12 м агрегатами копровыми	05-01-020-05	м3	Погружение агрегатами копровыми железобетонных свай-колонн длиной: до 10 м на глубину до 8 м в грунты группы 1
ГЭСН	05	05-01-020	Погружение железобетонных свай-колонн длиной до 10 м и до 12 м агрегатами копровыми	05-01-020-06	м3	Погружение агрегатами копровыми железобетонных свай-колонн длиной: до 10 м на глубину до 8 м в грунты группы 2
ГЭСН	05	05-01-020	Погружение железобетонных свай-колонн длиной до 10 м и до 12 м агрегатами копровыми	05-01-020-07	м3	Погружение агрегатами копровыми железобетонных свай-колонн длиной: до 12 м на глубину до 6 м в грунты группы 1
ГЭСН	05	05-01-020	Погружение железобетонных свай-колонн длиной до 10 м и до 12 м агрегатами копровыми	05-01-020-08	м3	Погружение агрегатами копровыми железобетонных свай-колонн длиной: до 12 м на глубину до 6 м в грунты группы 2
ГЭСН	05	05-01-020	Погружение железобетонных свай-колонн длиной до 10 м и до 12 м агрегатами копровыми	05-01-020-09	м3	Погружение агрегатами копровыми железобетонных свай-колонн длиной: до 12 м на глубину до 8 м в грунты группы 1
ГЭСН	05	05-01-020	Погружение железобетонных свай-колонн длиной до 10 м и до 12 м агрегатами копровыми	05-01-020-10	м3	Погружение агрегатами копровыми железобетонных свай-колонн длиной: до 12 м на глубину до 8 м в грунты группы 2
ГЭСН	05	05-01-020	Погружение железобетонных свай-колонн длиной до 10 м и до 12 м агрегатами копровыми	05-01-020-11	м3	Погружение агрегатами копровыми железобетонных свай-колонн длиной: до 12 м на глубину до 10 м в грунты группы 1
ГЭСН	05	05-01-020	Погружение железобетонных свай-колонн длиной до 10 м и до 12 м агрегатами копровыми	05-01-020-12	м3	Погружение агрегатами копровыми железобетонных свай-колонн длиной: до 12 м на глубину до 10 м в грунты группы 2
ГЭСН	05	05-01-021	Погружение железобетонных свай-колонн длиной до 10 м и до 12 м копрами гусеничными	05-01-021-01	м3	Погружение копрами гусеничными железобетонных свай-колонн длиной: до 10 м на глубину до 6 м в грунты группы 1
ГЭСН	05	05-01-021	Погружение железобетонных свай-колонн длиной до 10 м и до 12 м копрами гусеничными	05-01-021-02	м3	Погружение копрами гусеничными железобетонных свай-колонн длиной: до 10 м на глубину до 6 м в грунты группы 2
ГЭСН	05	05-01-021	Погружение железобетонных свай-колонн длиной до 10 м и до 12 м копрами гусеничными	05-01-021-03	м3	Погружение копрами гусеничными железобетонных свай-колонн длиной: до 10 м на глубину до 7 м в грунты группы 1
ГЭСН	05	05-01-021	Погружение железобетонных свай-колонн длиной до 10 м и до 12 м копрами гусеничными	05-01-021-04	м3	Погружение копрами гусеничными железобетонных свай-колонн длиной: до 10 м на глубину до 7 м в грунты группы 2
ГЭСН	05	05-01-021	Погружение железобетонных свай-колонн длиной до 10 м и до 12 м копрами гусеничными	05-01-021-05	м3	Погружение копрами гусеничными железобетонных свай-колонн длиной: до 10 м на глубину до 8 м в грунты группы 1
ГЭСН	05	05-01-021	Погружение железобетонных свай-колонн длиной до 10 м и до 12 м копрами гусеничными	05-01-021-06	м3	Погружение копрами гусеничными железобетонных свай-колонн длиной: до 10 м на глубину до 8 м в грунты группы 2
ГЭСН	05	05-01-021	Погружение железобетонных свай-колонн длиной до 10 м и до 12 м копрами гусеничными	05-01-021-07	м3	Погружение копрами гусеничными железобетонных свай-колонн длиной: до 12 м на глубину до 6 м в грунты группы 1
ГЭСН	05	05-01-021	Погружение железобетонных свай-колонн длиной до 10 м и до 12 м копрами гусеничными	05-01-021-08	м3	Погружение копрами гусеничными железобетонных свай-колонн длиной: до 12 м на глубину до 6 м в грунты группы 2
ГЭСН	05	05-01-021	Погружение железобетонных свай-колонн длиной до 10 м и до 12 м копрами гусеничными	05-01-021-09	м3	Погружение копрами гусеничными железобетонных свай-колонн длиной: до 12 м на глубину до 8 м в грунты группы 1
ГЭСН	05	05-01-021	Погружение железобетонных свай-колонн длиной до 10 м и до 12 м копрами гусеничными	05-01-021-10	м3	Погружение копрами гусеничными железобетонных свай-колонн длиной: до 12 м на глубину до 8 м в грунты группы 2
ГЭСН	05	05-01-021	Погружение железобетонных свай-колонн длиной до 10 м и до 12 м копрами гусеничными	05-01-021-11	м3	Погружение копрами гусеничными железобетонных свай-колонн длиной: до 12 м на глубину до 10 м в грунты группы 1
ГЭСН	05	05-01-021	Погружение железобетонных свай-колонн длиной до 10 м и до 12 м копрами гусеничными	05-01-021-12	м3	Погружение копрами гусеничными железобетонных свай-колонн длиной: до 12 м на глубину до 10 м в грунты группы 2
ГЭСН	05	05-01-022	Погружение железобетонных свай-колонн длиной до 14 м и до 16 м агрегатами копровыми	05-01-022-01	м3	Погружение агрегатами копровыми железобетонных свай-колонн длиной: до 14 м на глубину до 8 м в грунты группы 1
ГЭСН	05	05-01-022	Погружение железобетонных свай-колонн длиной до 14 м и до 16 м агрегатами копровыми	05-01-022-02	м3	Погружение агрегатами копровыми железобетонных свай-колонн длиной: до 14 м на глубину до 8 м в грунты группы 2
ГЭСН	05	05-01-022	Погружение железобетонных свай-колонн длиной до 14 м и до 16 м агрегатами копровыми	05-01-022-03	м3	Погружение агрегатами копровыми железобетонных свай-колонн длиной: до 14 м на глубину до 10 м в грунты группы 1
ГЭСН	05	05-01-022	Погружение железобетонных свай-колонн длиной до 14 м и до 16 м агрегатами копровыми	05-01-022-04	м3	Погружение агрегатами копровыми железобетонных свай-колонн длиной: до 14 м на глубину до 10 м в грунты группы 2
ГЭСН	05	05-01-022	Погружение железобетонных свай-колонн длиной до 14 м и до 16 м агрегатами копровыми	05-01-022-05	м3	Погружение агрегатами копровыми железобетонных свай-колонн длиной: до 14 м на глубину до 12 м в грунты группы 1
ГЭСН	05	05-01-022	Погружение железобетонных свай-колонн длиной до 14 м и до 16 м агрегатами копровыми	05-01-022-06	м3	Погружение агрегатами копровыми железобетонных свай-колонн длиной: до 14 м на глубину до 12 м в грунты группы 2
ГЭСН	05	05-01-022	Погружение железобетонных свай-колонн длиной до 14 м и до 16 м агрегатами копровыми	05-01-022-07	м3	Погружение агрегатами копровыми железобетонных свай-колонн длиной: до 16 м на глубину до 8 м в грунты группы 1
ГЭСН	05	05-01-022	Погружение железобетонных свай-колонн длиной до 14 м и до 16 м агрегатами копровыми	05-01-022-08	м3	Погружение агрегатами копровыми железобетонных свай-колонн длиной: до 16 м на глубину до 8 м в грунты группы 2
ГЭСН	05	05-01-022	Погружение железобетонных свай-колонн длиной до 14 м и до 16 м агрегатами копровыми	05-01-022-09	м3	Погружение агрегатами копровыми железобетонных свай-колонн длиной: до 16 м на глубину до 10 м в грунты группы 1
ГЭСН	05	05-01-022	Погружение железобетонных свай-колонн длиной до 14 м и до 16 м агрегатами копровыми	05-01-022-10	м3	Погружение агрегатами копровыми железобетонных свай-колонн длиной: до 16 м на глубину до 10 м в грунты группы 2
ГЭСН	05	05-01-022	Погружение железобетонных свай-колонн длиной до 14 м и до 16 м агрегатами копровыми	05-01-022-11	м3	Погружение агрегатами копровыми железобетонных свай-колонн длиной: до 16 м на глубину до 12 м в грунты группы 1
ГЭСН	05	05-01-022	Погружение железобетонных свай-колонн длиной до 14 м и до 16 м агрегатами копровыми	05-01-022-12	м3	Погружение агрегатами копровыми железобетонных свай-колонн длиной: до 16 м на глубину до 12 м в грунты группы 2
ГЭСН	05	05-01-022	Погружение железобетонных свай-колонн длиной до 14 м и до 16 м агрегатами копровыми	05-01-022-13	м3	Погружение агрегатами копровыми железобетонных свай-колонн длиной: до 16 м на глубину до 14 м в грунты группы 1
ГЭСН	05	05-01-022	Погружение железобетонных свай-колонн длиной до 14 м и до 16 м агрегатами копровыми	05-01-022-14	м3	Погружение агрегатами копровыми железобетонных свай-колонн длиной: до 16 м на глубину до 14 м в грунты группы 2
ГЭСН	05	05-01-023	Погружение железобетонных свай-колонн длиной до 14 м и до 16 м копрами гусеничными	05-01-023-01	м3	Погружение копрами гусеничными железобетонных свай-колонн длиной: до 14 м на глубину до 8 м в грунты группы 1
ГЭСН	05	05-01-023	Погружение железобетонных свай-колонн длиной до 14 м и до 16 м копрами гусеничными	05-01-023-02	м3	Погружение копрами гусеничными железобетонных свай-колонн длиной: до 14 м на глубину до 8 м в грунты группы 2
ГЭСН	05	05-01-023	Погружение железобетонных свай-колонн длиной до 14 м и до 16 м копрами гусеничными	05-01-023-03	м3	Погружение копрами гусеничными железобетонных свай-колонн длиной: до 14 м на глубину до 10 м в грунты группы 1
ГЭСН	05	05-01-023	Погружение железобетонных свай-колонн длиной до 14 м и до 16 м копрами гусеничными	05-01-023-04	м3	Погружение копрами гусеничными железобетонных свай-колонн длиной: до 14 м на глубину до 10 м в грунты группы 2
ГЭСН	05	05-01-023	Погружение железобетонных свай-колонн длиной до 14 м и до 16 м копрами гусеничными	05-01-023-05	м3	Погружение копрами гусеничными железобетонных свай-колонн длиной: до 14 м на глубину до 12 м в грунты группы 1
ГЭСН	05	05-01-023	Погружение железобетонных свай-колонн длиной до 14 м и до 16 м копрами гусеничными	05-01-023-06	м3	Погружение копрами гусеничными железобетонных свай-колонн длиной: до 14 м на глубину до 12 м в грунты группы 2
ГЭСН	05	05-01-023	Погружение железобетонных свай-колонн длиной до 14 м и до 16 м копрами гусеничными	05-01-023-07	м3	Погружение копрами гусеничными железобетонных свай-колонн длиной: до 16 м на глубину до 8 м в грунты группы 1
ГЭСН	05	05-01-023	Погружение железобетонных свай-колонн длиной до 14 м и до 16 м копрами гусеничными	05-01-023-08	м3	Погружение копрами гусеничными железобетонных свай-колонн длиной: до 16 м на глубину до 8 м в грунты группы 2
ГЭСН	05	05-01-023	Погружение железобетонных свай-колонн длиной до 14 м и до 16 м копрами гусеничными	05-01-023-09	м3	Погружение копрами гусеничными железобетонных свай-колонн длиной: до 16 м на глубину до 10 м в грунты группы 1
ГЭСН	05	05-01-023	Погружение железобетонных свай-колонн длиной до 14 м и до 16 м копрами гусеничными	05-01-023-10	м3	Погружение копрами гусеничными железобетонных свай-колонн длиной: до 16 м на глубину до 10 м в грунты группы 2
ГЭСН	05	05-01-023	Погружение железобетонных свай-колонн длиной до 14 м и до 16 м копрами гусеничными	05-01-023-11	м3	Погружение копрами гусеничными железобетонных свай-колонн длиной: до 16 м на глубину до 12 м в грунты группы 1
ГЭСН	05	05-01-023	Погружение железобетонных свай-колонн длиной до 14 м и до 16 м копрами гусеничными	05-01-023-12	м3	Погружение копрами гусеничными железобетонных свай-колонн длиной: до 16 м на глубину до 12 м в грунты группы 2
ГЭСН	05	05-01-023	Погружение железобетонных свай-колонн длиной до 14 м и до 16 м копрами гусеничными	05-01-023-13	м3	Погружение копрами гусеничными железобетонных свай-колонн длиной: до 16 м на глубину до 14 м в грунты группы 1
ГЭСН	05	05-01-023	Погружение железобетонных свай-колонн длиной до 14 м и до 16 м копрами гусеничными	05-01-023-14	м3	Погружение копрами гусеничными железобетонных свай-колонн длиной: до 16 м на глубину до 14 м в грунты группы 2
ГЭСН	05	05-01-024	Погружение безростверковых железобетонных свай агрегатами копровыми	05-01-024-01	м3	Погружение агрегатами копровыми безростверковых железобетонных свай длиной: до 6 м в грунты группы 1
ГЭСН	05	05-01-024	Погружение безростверковых железобетонных свай агрегатами копровыми	05-01-024-02	м3	Погружение агрегатами копровыми безростверковых железобетонных свай длиной: до 6 м в грунты группы 2
ГЭСН	05	05-01-024	Погружение безростверковых железобетонных свай агрегатами копровыми	05-01-024-03	м3	Погружение агрегатами копровыми безростверковых железобетонных свай длиной: до 8 м в грунты группы 1
ГЭСН	05	05-01-024	Погружение безростверковых железобетонных свай агрегатами копровыми	05-01-024-04	м3	Погружение агрегатами копровыми безростверковых железобетонных свай длиной: до 8 м в грунты группы 2
ГЭСН	05	05-01-024	Погружение безростверковых железобетонных свай агрегатами копровыми	05-01-024-05	м3	Погружение агрегатами копровыми безростверковых железобетонных свай длиной: до 12 м в грунты группы 1
ГЭСН	05	05-01-024	Погружение безростверковых железобетонных свай агрегатами копровыми	05-01-024-06	м3	Погружение агрегатами копровыми безростверковых железобетонных свай длиной: до 12 м в грунты группы 2
ГЭСН	05	05-01-024	Погружение безростверковых железобетонных свай агрегатами копровыми	05-01-024-07	м3	Погружение агрегатами копровыми безростверковых железобетонных свай длиной: до 16 м в грунты группы 1
ГЭСН	05	05-01-024	Погружение безростверковых железобетонных свай агрегатами копровыми	05-01-024-08	м3	Погружение агрегатами копровыми безростверковых железобетонных свай длиной: до 16 м в грунты группы 2
ГЭСН	05	05-01-025	Погружение безростверковых железобетонных свай копрами гусеничными	05-01-025-01	м3	Погружение копрами гусеничными безростверковых железобетонных свай длиной: до 6 м в грунты группы 1
ГЭСН	05	05-01-025	Погружение безростверковых железобетонных свай копрами гусеничными	05-01-025-02	м3	Погружение копрами гусеничными безростверковых железобетонных свай длиной: до 6 м в грунты группы 2
ГЭСН	05	05-01-025	Погружение безростверковых железобетонных свай копрами гусеничными	05-01-025-03	м3	Погружение копрами гусеничными безростверковых железобетонных свай длиной: до 8 м в грунты группы 1
ГЭСН	05	05-01-025	Погружение безростверковых железобетонных свай копрами гусеничными	05-01-025-04	м3	Погружение копрами гусеничными безростверковых железобетонных свай длиной: до 8 м в грунты группы 2
ГЭСН	05	05-01-025	Погружение безростверковых железобетонных свай копрами гусеничными	05-01-025-05	м3	Погружение копрами гусеничными безростверковых железобетонных свай длиной: до 12 м в грунты группы 1
ГЭСН	05	05-01-025	Погружение безростверковых железобетонных свай копрами гусеничными	05-01-025-06	м3	Погружение копрами гусеничными безростверковых железобетонных свай длиной: до 12 м в грунты группы 2
ГЭСН	05	05-01-025	Погружение безростверковых железобетонных свай копрами гусеничными	05-01-025-07	м3	Погружение копрами гусеничными безростверковых железобетонных свай длиной: до 16 м в грунты группы 1
ГЭСН	05	05-01-025	Погружение безростверковых железобетонных свай копрами гусеничными	05-01-025-08	м3	Погружение копрами гусеничными безростверковых железобетонных свай длиной: до 16 м в грунты группы 2
ГЭСН	05	05-01-026	Установка железобетонных насадок-стаканов	05-01-026-01	шт	Установка железобетонных насадок-стаканов
ГЭСН	05	05-01-027	Погружение одиночных составных железобетонных свай	05-01-027-01	м3	Погружение одиночных составных железобетонных свай длиной: до 20 м в грунты группы 1
ГЭСН	05	05-01-027	Погружение одиночных составных железобетонных свай	05-01-027-02	м3	Погружение одиночных составных железобетонных свай длиной: до 20 м в грунты группы 2
ГЭСН	05	05-01-027	Погружение одиночных составных железобетонных свай	05-01-027-03	м3	Погружение одиночных составных железобетонных свай длиной: свыше 20 м в грунты группы 1
ГЭСН	05	05-01-027	Погружение одиночных составных железобетонных свай	05-01-027-04	м3	Погружение одиночных составных железобетонных свай длиной: свыше 20 м в грунты группы 2
ГЭСН	05	05-01-028	Устройство буронабивных свай в сухих устойчивых грунтах с бурением скважин вращательным (ковшовым) способом	05-01-028-01	м3	Устройство буронабивных свай в сухих устойчивых грунтах 1-3 групп с бурением скважин вращательным (ковшевым) способом диаметром: до 1000 мм, длина свай до 12 м
ГЭСН	05	05-01-028	Устройство буронабивных свай в сухих устойчивых грунтах с бурением скважин вращательным (ковшовым) способом	05-01-028-02	м3	Устройство буронабивных свай в сухих устойчивых грунтах 1-3 групп с бурением скважин вращательным (ковшевым) способом диаметром: до 1000 мм, длина свай свыше 12 до 24 м
ГЭСН	05	05-01-028	Устройство буронабивных свай в сухих устойчивых грунтах с бурением скважин вращательным (ковшовым) способом	05-01-028-03	м3	Устройство буронабивных свай в сухих устойчивых грунтах 1-3 групп с бурением скважин вращательным (ковшевым) способом диаметром: свыше 1000 до 1200 мм, длина свай до 12 м
ГЭСН	05	05-01-028	Устройство буронабивных свай в сухих устойчивых грунтах с бурением скважин вращательным (ковшовым) способом	05-01-028-04	м3	Устройство буронабивных свай в сухих устойчивых грунтах 1-3 групп с бурением скважин вращательным (ковшевым) способом диаметром: свыше 1000 до 1200 мм, длина свай свыше 12 до 24 м
ГЭСН	05	05-01-029	Устройство железобетонных буронабивных свай с бурением скважин вращательным (шнековым) способом	05-01-029-01	м3	Устройство железобетонных буронабивных свай с бурением скважин вращательным (шнековым) способом в грунтах: 1 группы диаметром до 600 мм, длина свай до 12 м
ГЭСН	05	05-01-029	Устройство железобетонных буронабивных свай с бурением скважин вращательным (шнековым) способом	05-01-029-02	м3	Устройство железобетонных буронабивных свай с бурением скважин вращательным (шнековым) способом в грунтах: 1 группы диаметром до 600 мм, длина свай свыше 12 до 24 м
ГЭСН	05	05-01-029	Устройство железобетонных буронабивных свай с бурением скважин вращательным (шнековым) способом	05-01-029-03	м3	Устройство железобетонных буронабивных свай с бурением скважин вращательным (шнековым) способом в грунтах: 2 группы диаметром до 600 мм, длина свай до 12 м
ГЭСН	05	05-01-029	Устройство железобетонных буронабивных свай с бурением скважин вращательным (шнековым) способом	05-01-029-04	м3	Устройство железобетонных буронабивных свай с бурением скважин вращательным (шнековым) способом в грунтах: 2 группы диаметром до 600 мм, длина свай свыше 12 до 24 м
ГЭСН	05	05-01-029	Устройство железобетонных буронабивных свай с бурением скважин вращательным (шнековым) способом	05-01-029-05	м3	Устройство железобетонных буронабивных свай с бурением скважин вращательным (шнековым) способом в грунтах: 3 группы диаметром до 600 мм, длина свай до 12 м
ГЭСН	05	05-01-029	Устройство железобетонных буронабивных свай с бурением скважин вращательным (шнековым) способом	05-01-029-06	м3	Устройство железобетонных буронабивных свай с бурением скважин вращательным (шнековым) способом в грунтах: 3 группы диаметром до 600 мм, длина свай свыше 12 до 24 м
ГЭСН	05	05-01-029	Устройство железобетонных буронабивных свай с бурением скважин вращательным (шнековым) способом	05-01-029-07	м3	Устройство железобетонных буронабивных свай с бурением скважин вращательным (шнековым) способом в грунтах: 1 группы диаметром до 600/1600 мм, длина свай до 12 м
ГЭСН	05	05-01-029	Устройство железобетонных буронабивных свай с бурением скважин вращательным (шнековым) способом	05-01-029-08	м3	Устройство железобетонных буронабивных свай с бурением скважин вращательным (шнековым) способом в грунтах: 1 группы диаметром до 600/1600 мм, длина свай свыше 12 до 24 м
ГЭСН	05	05-01-029	Устройство железобетонных буронабивных свай с бурением скважин вращательным (шнековым) способом	05-01-029-09	м3	Устройство железобетонных буронабивных свай с бурением скважин вращательным (шнековым) способом в грунтах: 2 группы диаметром до 600/1600 мм, длина свай до 12 м
ГЭСН	05	05-01-029	Устройство железобетонных буронабивных свай с бурением скважин вращательным (шнековым) способом	05-01-029-10	м3	Устройство железобетонных буронабивных свай с бурением скважин вращательным (шнековым) способом в грунтах: 2 группы диаметром до 600/1600 мм, длина свай свыше 12 до 24 м
ГЭСН	05	05-01-029	Устройство железобетонных буронабивных свай с бурением скважин вращательным (шнековым) способом	05-01-029-11	м3	Устройство железобетонных буронабивных свай с бурением скважин вращательным (шнековым) способом в грунтах: 3 группы диаметром до 600/1600 мм, длина свай до 12 м
ГЭСН	05	05-01-029	Устройство железобетонных буронабивных свай с бурением скважин вращательным (шнековым) способом	05-01-029-12	м3	Устройство железобетонных буронабивных свай с бурением скважин вращательным (шнековым) способом в грунтах: 3 группы диаметром до 600/1600 мм, длина свай свыше 12 до 24 м
ГЭСН	05	05-01-030	Устройство железобетонных буронабивных свай диаметром до 630 мм с бурением скважин ударно-канатным способом	05-01-030-01	м3	Устройство железобетонных буронабивных свай диаметром до 630 мм с бурением скважин ударно-канатным способом в грунтах группы: 1-2
ГЭСН	05	05-01-030	Устройство железобетонных буронабивных свай диаметром до 630 мм с бурением скважин ударно-канатным способом	05-01-030-02	м3	Устройство железобетонных буронабивных свай диаметром до 630 мм с бурением скважин ударно-канатным способом в грунтах группы: 3
ГЭСН	05	05-01-030	Устройство железобетонных буронабивных свай диаметром до 630 мм с бурением скважин ударно-канатным способом	05-01-030-03	м3	Устройство железобетонных буронабивных свай диаметром до 630 мм с бурением скважин ударно-канатным способом в грунтах группы: 4
ГЭСН	05	05-01-030	Устройство железобетонных буронабивных свай диаметром до 630 мм с бурением скважин ударно-канатным способом	05-01-030-04	м3	Устройство железобетонных буронабивных свай диаметром до 630 мм с бурением скважин ударно-канатным способом в грунтах группы: 5
ГЭСН	05	05-01-030	Устройство железобетонных буронабивных свай диаметром до 630 мм с бурением скважин ударно-канатным способом	05-01-030-05	м3	Устройство железобетонных буронабивных свай диаметром до 630 мм с бурением скважин ударно-канатным способом в грунтах группы: 6
ГЭСН	05	05-01-030	Устройство железобетонных буронабивных свай диаметром до 630 мм с бурением скважин ударно-канатным способом	05-01-030-06	м3	Устройство железобетонных буронабивных свай диаметром до 630 мм с бурением скважин ударно-канатным способом в грунтах группы: 7
ГЭСН	05	05-01-031	Устройство железобетонных буронабивных свай диаметром до 720 мм с бурением скважин ударно-канатным способом	05-01-031-01	м3	Устройство железобетонных буронабивных свай диаметром до 720 мм с бурением скважин ударно-канатным способом в грунтах группы: 1-2
ГЭСН	05	05-01-031	Устройство железобетонных буронабивных свай диаметром до 720 мм с бурением скважин ударно-канатным способом	05-01-031-02	м3	Устройство железобетонных буронабивных свай диаметром до 720 мм с бурением скважин ударно-канатным способом в грунтах группы: 3
ГЭСН	05	05-01-031	Устройство железобетонных буронабивных свай диаметром до 720 мм с бурением скважин ударно-канатным способом	05-01-031-03	м3	Устройство железобетонных буронабивных свай диаметром до 720 мм с бурением скважин ударно-канатным способом в грунтах группы: 4
ГЭСН	05	05-01-031	Устройство железобетонных буронабивных свай диаметром до 720 мм с бурением скважин ударно-канатным способом	05-01-031-04	м3	Устройство железобетонных буронабивных свай диаметром до 720 мм с бурением скважин ударно-канатным способом в грунтах группы: 5
ГЭСН	05	05-01-031	Устройство железобетонных буронабивных свай диаметром до 720 мм с бурением скважин ударно-канатным способом	05-01-031-05	м3	Устройство железобетонных буронабивных свай диаметром до 720 мм с бурением скважин ударно-канатным способом в грунтах группы: 6
ГЭСН	05	05-01-031	Устройство железобетонных буронабивных свай диаметром до 720 мм с бурением скважин ударно-канатным способом	05-01-031-06	м3	Устройство железобетонных буронабивных свай диаметром до 720 мм с бурением скважин ударно-канатным способом в грунтах группы: 7
ГЭСН	05	05-01-032	Устройство железобетонных буронабивных свай диаметром до 820 мм с бурением скважин ударно-канатным способом	05-01-032-01	м3	Устройство железобетонных буронабивных свай диаметром до 820 мм с бурением скважин ударно-канатным способом в грунтах группы: 1-2
ГЭСН	05	05-01-032	Устройство железобетонных буронабивных свай диаметром до 820 мм с бурением скважин ударно-канатным способом	05-01-032-02	м3	Устройство железобетонных буронабивных свай диаметром до 820 мм с бурением скважин ударно-канатным способом в грунтах группы: 3
ГЭСН	05	05-01-032	Устройство железобетонных буронабивных свай диаметром до 820 мм с бурением скважин ударно-канатным способом	05-01-032-03	м3	Устройство железобетонных буронабивных свай диаметром до 820 мм с бурением скважин ударно-канатным способом в грунтах группы: 4
ГЭСН	05	05-01-032	Устройство железобетонных буронабивных свай диаметром до 820 мм с бурением скважин ударно-канатным способом	05-01-032-04	м3	Устройство железобетонных буронабивных свай диаметром до 820 мм с бурением скважин ударно-канатным способом в грунтах группы: 5
ГЭСН	05	05-01-032	Устройство железобетонных буронабивных свай диаметром до 820 мм с бурением скважин ударно-канатным способом	05-01-032-05	м3	Устройство железобетонных буронабивных свай диаметром до 820 мм с бурением скважин ударно-канатным способом в грунтах группы: 6
ГЭСН	05	05-01-032	Устройство железобетонных буронабивных свай диаметром до 820 мм с бурением скважин ударно-канатным способом	05-01-032-06	м3	Устройство железобетонных буронабивных свай диаметром до 820 мм с бурением скважин ударно-канатным способом в грунтах группы: 7
ГЭСН	05	05-01-033	Устройство железобетонных буронабивных свай диаметром до 1020 мм с бурением скважин ударно-канатным способом	05-01-033-01	м3	Устройство железобетонных буронабивных свай диаметром до 1020 мм с бурением скважин ударно-канатным способом в грунтах группы: 1-2
ГЭСН	05	05-01-033	Устройство железобетонных буронабивных свай диаметром до 1020 мм с бурением скважин ударно-канатным способом	05-01-033-02	м3	Устройство железобетонных буронабивных свай диаметром до 1020 мм с бурением скважин ударно-канатным способом в грунтах группы: 3
ГЭСН	05	05-01-033	Устройство железобетонных буронабивных свай диаметром до 1020 мм с бурением скважин ударно-канатным способом	05-01-033-03	м3	Устройство железобетонных буронабивных свай диаметром до 1020 мм с бурением скважин ударно-канатным способом в грунтах группы: 4
ГЭСН	05	05-01-033	Устройство железобетонных буронабивных свай диаметром до 1020 мм с бурением скважин ударно-канатным способом	05-01-033-04	м3	Устройство железобетонных буронабивных свай диаметром до 1020 мм с бурением скважин ударно-канатным способом в грунтах группы: 5
ГЭСН	05	05-01-033	Устройство железобетонных буронабивных свай диаметром до 1020 мм с бурением скважин ударно-канатным способом	05-01-033-05	м3	Устройство железобетонных буронабивных свай диаметром до 1020 мм с бурением скважин ударно-канатным способом в грунтах группы: 6
ГЭСН	05	05-01-033	Устройство железобетонных буронабивных свай диаметром до 1020 мм с бурением скважин ударно-канатным способом	05-01-033-06	м3	Устройство железобетонных буронабивных свай диаметром до 1020 мм с бурением скважин ударно-канатным способом в грунтах группы: 7
ГЭСН	05	05-01-034	Устройство железобетонных буронабивных свай диаметром 500-600 мм в устойчивых грунтах 2 группы установкой СБУ	05-01-034-01	м3	Устройство железобетонных буронабивных свай диаметром 500-600 мм в устойчивых грунтах 2 группы установкой СБУ, длина свай: до 12 м
ГЭСН	05	05-01-034	Устройство железобетонных буронабивных свай диаметром 500-600 мм в устойчивых грунтах 2 группы установкой СБУ	05-01-034-02	м3	Устройство железобетонных буронабивных свай диаметром 500-600 мм в устойчивых грунтах 2 группы установкой СБУ, длина свай: до 25 м
ГЭСН	05	05-01-034	Устройство железобетонных буронабивных свай диаметром 500-600 мм в устойчивых грунтах 2 группы установкой СБУ	05-01-034-03	м3	Устройство железобетонных буронабивных свай диаметром 500-600 мм в устойчивых грунтах 2 группы установкой СБУ, длина свай: более 25 м
ГЭСН	05	05-01-035	Устройство железобетонных буронабивных свай диаметром 700-800 мм в устойчивых грунтах 2 группы установкой СБУ	05-01-035-01	м3	Устройство железобетонных буронабивных свай диаметром 700-800 мм в устойчивых грунтах 2 группы установкой СБУ, длина свай: до 12 м
ГЭСН	05	05-01-035	Устройство железобетонных буронабивных свай диаметром 700-800 мм в устойчивых грунтах 2 группы установкой СБУ	05-01-035-02	м3	Устройство железобетонных буронабивных свай диаметром 700-800 мм в устойчивых грунтах 2 группы установкой СБУ, длина свай: до 25 м
ГЭСН	05	05-01-035	Устройство железобетонных буронабивных свай диаметром 700-800 мм в устойчивых грунтах 2 группы установкой СБУ	05-01-035-03	м3	Устройство железобетонных буронабивных свай диаметром 700-800 мм в устойчивых грунтах 2 группы установкой СБУ, длина свай: более 25 м
ГЭСН	05	05-01-036	Устройство железобетонных буронабивных свай диаметром 900-1000 мм в устойчивых грунтах 2 группы установкой СБУ	05-01-036-01	м3	Устройство железобетонных буронабивных свай диаметром 900-1000 мм в устойчивых грунтах 2 группы установкой СБУ, длина свай: до 12 м
ГЭСН	05	05-01-036	Устройство железобетонных буронабивных свай диаметром 900-1000 мм в устойчивых грунтах 2 группы установкой СБУ	05-01-036-02	м3	Устройство железобетонных буронабивных свай диаметром 900-1000 мм в устойчивых грунтах 2 группы установкой СБУ, длина свай: до 25 м
ГЭСН	05	05-01-036	Устройство железобетонных буронабивных свай диаметром 900-1000 мм в устойчивых грунтах 2 группы установкой СБУ	05-01-036-03	м3	Устройство железобетонных буронабивных свай диаметром 900-1000 мм в устойчивых грунтах 2 группы установкой СБУ, длина свай: более 25 м
ГЭСН	05	05-01-037	Устройство железобетонных буронабивных свай диаметром 500-600 мм с уширением до 1400 мм в устойчивых грунтах 2 группы установкой СБУ	05-01-037-01	м3	Устройство железобетонных буронабивных свай диаметром 500-600 мм с уширением до 1400 мм в устойчивых грунтах 2 группы установкой СБУ, длина свай: до 12 м
ГЭСН	05	05-01-037	Устройство железобетонных буронабивных свай диаметром 500-600 мм с уширением до 1400 мм в устойчивых грунтах 2 группы установкой СБУ	05-01-037-02	м3	Устройство железобетонных буронабивных свай диаметром 500-600 мм с уширением до 1400 мм в устойчивых грунтах 2 группы установкой СБУ, длина свай: до 25 м
ГЭСН	05	05-01-037	Устройство железобетонных буронабивных свай диаметром 500-600 мм с уширением до 1400 мм в устойчивых грунтах 2 группы установкой СБУ	05-01-037-03	м3	Устройство железобетонных буронабивных свай диаметром 500-600 мм с уширением до 1400 мм в устойчивых грунтах 2 группы установкой СБУ, длина свай: более 25 м
ГЭСН	05	05-01-038	Устройство железобетонных буронабивных свай диаметром 700-800 мм с уширением до 1800 мм в устойчивых грунтах 2 группы установкой СБУ	05-01-038-01	м3	Устройство железобетонных буронабивных свай диаметром 700-800 мм с уширением до 1800 мм в устойчивых грунтах 2 группы установкой СБУ, длина свай: до 12 м
ГЭСН	05	05-01-038	Устройство железобетонных буронабивных свай диаметром 700-800 мм с уширением до 1800 мм в устойчивых грунтах 2 группы установкой СБУ	05-01-038-02	м3	Устройство железобетонных буронабивных свай диаметром 700-800 мм с уширением до 1800 мм в устойчивых грунтах 2 группы установкой СБУ, длина свай: до 25 м
ГЭСН	05	05-01-038	Устройство железобетонных буронабивных свай диаметром 700-800 мм с уширением до 1800 мм в устойчивых грунтах 2 группы установкой СБУ	05-01-038-03	м3	Устройство железобетонных буронабивных свай диаметром 700-800 мм с уширением до 1800 мм в устойчивых грунтах 2 группы установкой СБУ, длина свай: более 25 м
ГЭСН	05	05-01-039	Устройство железобетонных буронабивных свай диаметром 900-1000 мм с уширением до 1800 мм в устойчивых грунтах 2 группы установкой СБУ	05-01-039-01	м3	Устройство железобетонных буронабивных свай диаметром 900-1000 мм с уширением до 1800 мм в устойчивых грунтах 2 группы установкой СБУ, длина свай: до 12 м
ГЭСН	05	05-01-039	Устройство железобетонных буронабивных свай диаметром 900-1000 мм с уширением до 1800 мм в устойчивых грунтах 2 группы установкой СБУ	05-01-039-02	м3	Устройство железобетонных буронабивных свай диаметром 900-1000 мм с уширением до 1800 мм в устойчивых грунтах 2 группы установкой СБУ, длина свай: до 25 м
ГЭСН	05	05-01-039	Устройство железобетонных буронабивных свай диаметром 900-1000 мм с уширением до 1800 мм в устойчивых грунтах 2 группы установкой СБУ	05-01-039-03	м3	Устройство железобетонных буронабивных свай диаметром 900-1000 мм с уширением до 1800 мм в устойчивых грунтах 2 группы установкой СБУ, длина свай: более 25 м
ГЭСН	05	05-01-040	Устройство железобетонных буронабивных свай в неустойчивых грунтах вращательным (роторным) способом бурения скважин с подачей глинистого раствора	05-01-040-01	м3	Устройство железобетонных буронабивных свай вращательным (роторным) способом бурения скважин с подачей глинистого раствора диаметром: 600 мм в неустойчивых грунтах группы 1
ГЭСН	05	05-01-040	Устройство железобетонных буронабивных свай в неустойчивых грунтах вращательным (роторным) способом бурения скважин с подачей глинистого раствора	05-01-040-02	м3	Устройство железобетонных буронабивных свай вращательным (роторным) способом бурения скважин с подачей глинистого раствора диаметром: 600 мм в неустойчивых грунтах группы 2
ГЭСН	05	05-01-040	Устройство железобетонных буронабивных свай в неустойчивых грунтах вращательным (роторным) способом бурения скважин с подачей глинистого раствора	05-01-040-03	м3	Устройство железобетонных буронабивных свай вращательным (роторным) способом бурения скважин с подачей глинистого раствора диаметром: 600 мм в неустойчивых грунтах группы 3
ГЭСН	05	05-01-040	Устройство железобетонных буронабивных свай в неустойчивых грунтах вращательным (роторным) способом бурения скважин с подачей глинистого раствора	05-01-040-04	м3	Устройство железобетонных буронабивных свай вращательным (роторным) способом бурения скважин с подачей глинистого раствора диаметром: 800 мм в неустойчивых грунтах группы 1
ГЭСН	05	05-01-040	Устройство железобетонных буронабивных свай в неустойчивых грунтах вращательным (роторным) способом бурения скважин с подачей глинистого раствора	05-01-040-05	м3	Устройство железобетонных буронабивных свай вращательным (роторным) способом бурения скважин с подачей глинистого раствора диаметром: 800 мм в неустойчивых грунтах группы 2
ГЭСН	05	05-01-040	Устройство железобетонных буронабивных свай в неустойчивых грунтах вращательным (роторным) способом бурения скважин с подачей глинистого раствора	05-01-040-06	м3	Устройство железобетонных буронабивных свай вращательным (роторным) способом бурения скважин с подачей глинистого раствора диаметром: 800 мм в неустойчивых грунтах группы 3
ГЭСН	05	05-01-040	Устройство железобетонных буронабивных свай в неустойчивых грунтах вращательным (роторным) способом бурения скважин с подачей глинистого раствора	05-01-040-07	м3	Устройство железобетонных буронабивных свай вращательным (роторным) способом бурения скважин с подачей глинистого раствора диаметром: до 600/1600 мм в неустойчивых грунтах группы 1
ГЭСН	05	05-01-040	Устройство железобетонных буронабивных свай в неустойчивых грунтах вращательным (роторным) способом бурения скважин с подачей глинистого раствора	05-01-040-08	м3	Устройство железобетонных буронабивных свай вращательным (роторным) способом бурения скважин с подачей глинистого раствора диаметром: до 600/1600 мм в неустойчивых грунтах группы 2
ГЭСН	05	05-01-040	Устройство железобетонных буронабивных свай в неустойчивых грунтах вращательным (роторным) способом бурения скважин с подачей глинистого раствора	05-01-040-09	м3	Устройство железобетонных буронабивных свай вращательным (роторным) способом бурения скважин с подачей глинистого раствора диаметром: до 600/1600 мм в неустойчивых грунтах группы 3
ГЭСН	05	05-01-040	Устройство железобетонных буронабивных свай в неустойчивых грунтах вращательным (роторным) способом бурения скважин с подачей глинистого раствора	05-01-040-10	м3	Устройство железобетонных буронабивных свай вращательным (роторным) способом бурения скважин с подачей глинистого раствора диаметром: до 800/1600 мм в неустойчивых грунтах группы 1
ГЭСН	05	05-01-040	Устройство железобетонных буронабивных свай в неустойчивых грунтах вращательным (роторным) способом бурения скважин с подачей глинистого раствора	05-01-040-11	м3	Устройство железобетонных буронабивных свай вращательным (роторным) способом бурения скважин с подачей глинистого раствора диаметром: до 800/1600 мм в неустойчивых грунтах группы 2
ГЭСН	05	05-01-040	Устройство железобетонных буронабивных свай в неустойчивых грунтах вращательным (роторным) способом бурения скважин с подачей глинистого раствора	05-01-040-12	м3	Устройство железобетонных буронабивных свай вращательным (роторным) способом бурения скважин с подачей глинистого раствора диаметром: до 800/1600 мм в неустойчивых грунтах группы 3
ГЭСН	05	05-01-041	Устройство железобетонных буронабивных свай диаметром 500-600 мм в неустойчивых водонасыщенных грунтах 2 группы установкой СБУ	05-01-041-01	м3	Устройство железобетонных буронабивных свай диаметром 500-600 мм в неустойчивых водонасыщенных грунтах 2 группы установкой СБУ, длина свай: до 12 м
ГЭСН	05	05-01-041	Устройство железобетонных буронабивных свай диаметром 500-600 мм в неустойчивых водонасыщенных грунтах 2 группы установкой СБУ	05-01-041-02	м3	Устройство железобетонных буронабивных свай диаметром 500-600 мм в неустойчивых водонасыщенных грунтах 2 группы установкой СБУ, длина свай: до 25 м
ГЭСН	05	05-01-041	Устройство железобетонных буронабивных свай диаметром 500-600 мм в неустойчивых водонасыщенных грунтах 2 группы установкой СБУ	05-01-041-03	м3	Устройство железобетонных буронабивных свай диаметром 500-600 мм в неустойчивых водонасыщенных грунтах 2 группы установкой СБУ, длина свай: более 25 м
ГЭСН	05	05-01-042	Устройство железобетонных буронабивных свай диаметром 700-800 мм в неустойчивых водонасыщенных грунтах 2 группы установкой СБУ	05-01-042-01	м3	Устройство железобетонных буронабивных свай диаметром 700-800 мм в неустойчивых водонасыщенных грунтах 2 группы установкой СБУ, длина свай: до 12 м
ГЭСН	05	05-01-042	Устройство железобетонных буронабивных свай диаметром 700-800 мм в неустойчивых водонасыщенных грунтах 2 группы установкой СБУ	05-01-042-02	м3	Устройство железобетонных буронабивных свай диаметром 700-800 мм в неустойчивых водонасыщенных грунтах 2 группы установкой СБУ, длина свай: до 25 м
ГЭСН	05	05-01-042	Устройство железобетонных буронабивных свай диаметром 700-800 мм в неустойчивых водонасыщенных грунтах 2 группы установкой СБУ	05-01-042-03	м3	Устройство железобетонных буронабивных свай диаметром 700-800 мм в неустойчивых водонасыщенных грунтах 2 группы установкой СБУ, длина свай: более 25 м
ГЭСН	05	05-01-043	Устройство железобетонных буронабивных свай диаметром 900-1000 мм в неустойчивых водонасыщенных грунтах 2 группы установкой СБУ	05-01-043-01	м3	Устройство железобетонных буронабивных свай диаметром 900-1000 мм в неустойчивых водонасыщенных грунтах 2 группы установкой СБУ, длина свай: до 12 м
ГЭСН	05	05-01-043	Устройство железобетонных буронабивных свай диаметром 900-1000 мм в неустойчивых водонасыщенных грунтах 2 группы установкой СБУ	05-01-043-02	м3	Устройство железобетонных буронабивных свай диаметром 900-1000 мм в неустойчивых водонасыщенных грунтах 2 группы установкой СБУ, длина свай: до 25 м
ГЭСН	05	05-01-043	Устройство железобетонных буронабивных свай диаметром 900-1000 мм в неустойчивых водонасыщенных грунтах 2 группы установкой СБУ	05-01-043-03	м3	Устройство железобетонных буронабивных свай диаметром 900-1000 мм в неустойчивых водонасыщенных грунтах 2 группы установкой СБУ, длина свай: более 25 м
ГЭСН	05	05-01-044	Устройство железобетонных буронабивных свай диаметром 500-600 мм с уширением до 1400 мм в неустойчивых водонасыщенных грунтах 2 группы установкой СБУ	05-01-044-01	м3	Устройство железобетонных буронабивных свай диаметром 500-600 мм с уширением до 1400 мм в неустойчивых водонасыщенных грунтах 2 группы установкой СБУ, длина свай: до 12 м
ГЭСН	05	05-01-044	Устройство железобетонных буронабивных свай диаметром 500-600 мм с уширением до 1400 мм в неустойчивых водонасыщенных грунтах 2 группы установкой СБУ	05-01-044-02	м3	Устройство железобетонных буронабивных свай диаметром 500-600 мм с уширением до 1400 мм в неустойчивых водонасыщенных грунтах 2 группы установкой СБУ, длина свай: до 25 м
ГЭСН	05	05-01-044	Устройство железобетонных буронабивных свай диаметром 500-600 мм с уширением до 1400 мм в неустойчивых водонасыщенных грунтах 2 группы установкой СБУ	05-01-044-03	м3	Устройство железобетонных буронабивных свай диаметром 500-600 мм с уширением до 1400 мм в неустойчивых водонасыщенных грунтах 2 группы установкой СБУ, длина свай: более 25 м
ГЭСН	05	05-01-045	Устройство железобетонных буронабивных свай диаметром 700-800 мм с уширением до 1800 мм в неустойчивых водонасыщенных грунтах 2 группы установкой СБУ	05-01-045-01	м3	Устройство железобетонных буронабивных свай диаметром 700-800 мм с уширением до 1800 мм в неустойчивых водонасыщенных грунтах 2 группы установкой СБУ, длина свай: до 12 м
ГЭСН	05	05-01-045	Устройство железобетонных буронабивных свай диаметром 700-800 мм с уширением до 1800 мм в неустойчивых водонасыщенных грунтах 2 группы установкой СБУ	05-01-045-02	м3	Устройство железобетонных буронабивных свай диаметром 700-800 мм с уширением до 1800 мм в неустойчивых водонасыщенных грунтах 2 группы установкой СБУ, длина свай: до 25 м
ГЭСН	05	05-01-045	Устройство железобетонных буронабивных свай диаметром 700-800 мм с уширением до 1800 мм в неустойчивых водонасыщенных грунтах 2 группы установкой СБУ	05-01-045-03	м3	Устройство железобетонных буронабивных свай диаметром 700-800 мм с уширением до 1800 мм в неустойчивых водонасыщенных грунтах 2 группы установкой СБУ, длина свай: более 25 м
ГЭСН	05	05-01-046	Устройство железобетонных буронабивных свай диаметром 900-1000 мм с уширением до 1800 мм в неустойчивых водонасыщенных грунтах 2 группы установкой СБУ	05-01-046-01	м3	Устройство железобетонных буронабивных свай диаметром 900-1000 мм в неустойчивых водонасыщенных грунтах 2 группы установкой СБУ, длина свай: до 12 м
ГЭСН	05	05-01-046	Устройство железобетонных буронабивных свай диаметром 900-1000 мм с уширением до 1800 мм в неустойчивых водонасыщенных грунтах 2 группы установкой СБУ	05-01-046-02	м3	Устройство железобетонных буронабивных свай диаметром 900-1000 мм в неустойчивых водонасыщенных грунтах 2 группы установкой СБУ, длина свай: до 25 м
ГЭСН	05	05-01-046	Устройство железобетонных буронабивных свай диаметром 900-1000 мм с уширением до 1800 мм в неустойчивых водонасыщенных грунтах 2 группы установкой СБУ	05-01-046-03	м3	Устройство железобетонных буронабивных свай диаметром 900-1000 мм в неустойчивых водонасыщенных грунтах 2 группы установкой СБУ, длина свай: более 25 м
ГЭСН	05	05-01-047	Бурение скальных пород 5 группы под основание свай-оболочек	05-01-047-01	м3	Бурение скальных пород 5 группы под основание свай-оболочек
ГЭСН	05	05-01-048	Бурение ударно-канатным способом скважин диаметром 250; 300 мм	05-01-048-01	м	Бурение ударно-канатным способом скважин диаметром: 250 мм в грунтах группы 1-2
ГЭСН	05	05-01-048	Бурение ударно-канатным способом скважин диаметром 250; 300 мм	05-01-048-02	м	Бурение ударно-канатным способом скважин диаметром: 250 мм в грунтах группы 3
ГЭСН	05	05-01-048	Бурение ударно-канатным способом скважин диаметром 250; 300 мм	05-01-048-03	м	Бурение ударно-канатным способом скважин диаметром: 250 мм в грунтах группы 4
ГЭСН	05	05-01-048	Бурение ударно-канатным способом скважин диаметром 250; 300 мм	05-01-048-04	м	Бурение ударно-канатным способом скважин диаметром: 250 мм в грунтах группы 5
ГЭСН	05	05-01-048	Бурение ударно-канатным способом скважин диаметром 250; 300 мм	05-01-048-05	м	Бурение ударно-канатным способом скважин диаметром: 250 мм в грунтах группы 6
ГЭСН	05	05-01-048	Бурение ударно-канатным способом скважин диаметром 250; 300 мм	05-01-048-06	м	Бурение ударно-канатным способом скважин диаметром: 250 мм в грунтах группы 7
ГЭСН	05	05-01-048	Бурение ударно-канатным способом скважин диаметром 250; 300 мм	05-01-048-07	м	Бурение ударно-канатным способом скважин диаметром: 300 мм в грунтах группы 1-2
ГЭСН	05	05-01-048	Бурение ударно-канатным способом скважин диаметром 250; 300 мм	05-01-048-08	м	Бурение ударно-канатным способом скважин диаметром: 300 мм в грунтах группы 3
ГЭСН	05	05-01-048	Бурение ударно-канатным способом скважин диаметром 250; 300 мм	05-01-048-09	м	Бурение ударно-канатным способом скважин диаметром: 300 мм в грунтах группы 4
ГЭСН	05	05-01-048	Бурение ударно-канатным способом скважин диаметром 250; 300 мм	05-01-048-10	м	Бурение ударно-канатным способом скважин диаметром: 300 мм в грунтах группы 5
ГЭСН	05	05-01-048	Бурение ударно-канатным способом скважин диаметром 250; 300 мм	05-01-048-11	м	Бурение ударно-канатным способом скважин диаметром: 300 мм в грунтах группы 6
ГЭСН	05	05-01-048	Бурение ударно-канатным способом скважин диаметром 250; 300 мм	05-01-048-12	м	Бурение ударно-канатным способом скважин диаметром: 300 мм в грунтах группы 7
ГЭСН	05	05-01-049	Бурение ударно-канатным способом скважин диаметром 350; 400; 450 мм	05-01-049-01	м	Бурение ударно-канатным способом скважин диаметром: 350 мм в грунтах группы 1-2
ГЭСН	05	05-01-049	Бурение ударно-канатным способом скважин диаметром 350; 400; 450 мм	05-01-049-02	м	Бурение ударно-канатным способом скважин диаметром: 350 мм в грунтах группы 3
ГЭСН	05	05-01-049	Бурение ударно-канатным способом скважин диаметром 350; 400; 450 мм	05-01-049-03	м	Бурение ударно-канатным способом скважин диаметром: 350 мм в грунтах группы 4
ГЭСН	05	05-01-049	Бурение ударно-канатным способом скважин диаметром 350; 400; 450 мм	05-01-049-04	м	Бурение ударно-канатным способом скважин диаметром: 350 мм в грунтах группы 5
ГЭСН	05	05-01-049	Бурение ударно-канатным способом скважин диаметром 350; 400; 450 мм	05-01-049-05	м	Бурение ударно-канатным способом скважин диаметром: 350 мм в грунтах группы 6
ГЭСН	05	05-01-049	Бурение ударно-канатным способом скважин диаметром 350; 400; 450 мм	05-01-049-06	м	Бурение ударно-канатным способом скважин диаметром: 350 мм в грунтах группы 7
ГЭСН	05	05-01-049	Бурение ударно-канатным способом скважин диаметром 350; 400; 450 мм	05-01-049-07	м	Бурение ударно-канатным способом скважин диаметром: 400 мм в грунтах группы 1-2
ГЭСН	05	05-01-049	Бурение ударно-канатным способом скважин диаметром 350; 400; 450 мм	05-01-049-08	м	Бурение ударно-канатным способом скважин диаметром: 400 мм в грунтах группы 3
ГЭСН	05	05-01-049	Бурение ударно-канатным способом скважин диаметром 350; 400; 450 мм	05-01-049-09	м	Бурение ударно-канатным способом скважин диаметром: 400 мм в грунтах группы 4
ГЭСН	05	05-01-049	Бурение ударно-канатным способом скважин диаметром 350; 400; 450 мм	05-01-049-10	м	Бурение ударно-канатным способом скважин диаметром: 400 мм в грунтах группы 5
ГЭСН	05	05-01-049	Бурение ударно-канатным способом скважин диаметром 350; 400; 450 мм	05-01-049-11	м	Бурение ударно-канатным способом скважин диаметром: 400 мм в грунтах группы 6
ГЭСН	05	05-01-049	Бурение ударно-канатным способом скважин диаметром 350; 400; 450 мм	05-01-049-12	м	Бурение ударно-канатным способом скважин диаметром: 400 мм в грунтах группы 7
ГЭСН	05	05-01-049	Бурение ударно-канатным способом скважин диаметром 350; 400; 450 мм	05-01-049-13	м	Бурение ударно-канатным способом скважин диаметром: 450 мм в грунтах группы 1-2
ГЭСН	05	05-01-049	Бурение ударно-канатным способом скважин диаметром 350; 400; 450 мм	05-01-049-14	м	Бурение ударно-канатным способом скважин диаметром: 450 мм в грунтах группы 3
ГЭСН	05	05-01-049	Бурение ударно-канатным способом скважин диаметром 350; 400; 450 мм	05-01-049-15	м	Бурение ударно-канатным способом скважин диаметром: 450 мм в грунтах группы 4
ГЭСН	05	05-01-049	Бурение ударно-канатным способом скважин диаметром 350; 400; 450 мм	05-01-049-16	м	Бурение ударно-канатным способом скважин диаметром: 450 мм в грунтах группы 5
ГЭСН	05	05-01-049	Бурение ударно-канатным способом скважин диаметром 350; 400; 450 мм	05-01-049-17	м	Бурение ударно-канатным способом скважин диаметром: 450 мм в грунтах группы 6
ГЭСН	05	05-01-049	Бурение ударно-канатным способом скважин диаметром 350; 400; 450 мм	05-01-049-18	м	Бурение ударно-канатным способом скважин диаметром: 450 мм в грунтах группы 7
ГЭСН	05	05-01-050	Бурение ударно-канатным способом скважин диаметром 500; 550; 600 мм	05-01-050-01	м	Бурение ударно-канатным способом скважин диаметром: 500 мм в грунтах группы 1-2
ГЭСН	05	05-01-050	Бурение ударно-канатным способом скважин диаметром 500; 550; 600 мм	05-01-050-02	м	Бурение ударно-канатным способом скважин диаметром: 500 мм в грунтах группы 3
ГЭСН	05	05-01-050	Бурение ударно-канатным способом скважин диаметром 500; 550; 600 мм	05-01-050-03	м	Бурение ударно-канатным способом скважин диаметром: 500 мм в грунтах группы 4
ГЭСН	05	05-01-050	Бурение ударно-канатным способом скважин диаметром 500; 550; 600 мм	05-01-050-04	м	Бурение ударно-канатным способом скважин диаметром: 500 мм в грунтах группы 5
ГЭСН	05	05-01-050	Бурение ударно-канатным способом скважин диаметром 500; 550; 600 мм	05-01-050-05	м	Бурение ударно-канатным способом скважин диаметром: 500 мм в грунтах группы 6
ГЭСН	05	05-01-050	Бурение ударно-канатным способом скважин диаметром 500; 550; 600 мм	05-01-050-06	м	Бурение ударно-канатным способом скважин диаметром: 500 мм в грунтах группы 7
ГЭСН	05	05-01-050	Бурение ударно-канатным способом скважин диаметром 500; 550; 600 мм	05-01-050-07	м	Бурение ударно-канатным способом скважин диаметром: 550 мм в грунтах группы 1-2
ГЭСН	05	05-01-050	Бурение ударно-канатным способом скважин диаметром 500; 550; 600 мм	05-01-050-08	м	Бурение ударно-канатным способом скважин диаметром: 550 мм в грунтах группы 3
ГЭСН	05	05-01-050	Бурение ударно-канатным способом скважин диаметром 500; 550; 600 мм	05-01-050-09	м	Бурение ударно-канатным способом скважин диаметром: 550 мм в грунтах группы 4
ГЭСН	05	05-01-050	Бурение ударно-канатным способом скважин диаметром 500; 550; 600 мм	05-01-050-10	м	Бурение ударно-канатным способом скважин диаметром: 550 мм в грунтах группы 5
ГЭСН	05	05-01-050	Бурение ударно-канатным способом скважин диаметром 500; 550; 600 мм	05-01-050-11	м	Бурение ударно-канатным способом скважин диаметром: 550 мм в грунтах группы 6
ГЭСН	05	05-01-050	Бурение ударно-канатным способом скважин диаметром 500; 550; 600 мм	05-01-050-12	м	Бурение ударно-канатным способом скважин диаметром: 600 мм в грунтах группы 1-2
ГЭСН	05	05-01-050	Бурение ударно-канатным способом скважин диаметром 500; 550; 600 мм	05-01-050-13	м	Бурение ударно-канатным способом скважин диаметром: 600 мм в грунтах группы 3
ГЭСН	05	05-01-050	Бурение ударно-канатным способом скважин диаметром 500; 550; 600 мм	05-01-050-14	м	Бурение ударно-канатным способом скважин диаметром: 600 мм в грунтах группы 4
ГЭСН	05	05-01-050	Бурение ударно-канатным способом скважин диаметром 500; 550; 600 мм	05-01-050-15	м	Бурение ударно-канатным способом скважин диаметром: 600 мм в грунтах группы 5
ГЭСН	05	05-01-050	Бурение ударно-канатным способом скважин диаметром 500; 550; 600 мм	05-01-050-16	м	Бурение ударно-канатным способом скважин диаметром: 600 мм в грунтах группы 6
ГЭСН	05	05-01-051	Бурение ударно-канатным способом скважин диаметром 650; 700 мм	05-01-051-01	м	Бурение ударно-канатным способом скважин диаметром: 650 мм в грунтах группы 1-2
ГЭСН	05	05-01-051	Бурение ударно-канатным способом скважин диаметром 650; 700 мм	05-01-051-02	м	Бурение ударно-канатным способом скважин диаметром: 650 мм в грунтах группы 3
ГЭСН	05	05-01-051	Бурение ударно-канатным способом скважин диаметром 650; 700 мм	05-01-051-03	м	Бурение ударно-канатным способом скважин диаметром: 650 мм в грунтах группы 4
ГЭСН	05	05-01-051	Бурение ударно-канатным способом скважин диаметром 650; 700 мм	05-01-051-04	м	Бурение ударно-канатным способом скважин диаметром: 650 мм в грунтах группы 5
ГЭСН	05	05-01-051	Бурение ударно-канатным способом скважин диаметром 650; 700 мм	05-01-051-05	м	Бурение ударно-канатным способом скважин диаметром: 650 мм в грунтах группы 6
ГЭСН	05	05-01-051	Бурение ударно-канатным способом скважин диаметром 650; 700 мм	05-01-051-06	м	Бурение ударно-канатным способом скважин диаметром: 700 мм в грунтах группы 1-2
ГЭСН	05	05-01-051	Бурение ударно-канатным способом скважин диаметром 650; 700 мм	05-01-051-07	м	Бурение ударно-канатным способом скважин диаметром: 700 мм в грунтах группы 3
ГЭСН	05	05-01-051	Бурение ударно-канатным способом скважин диаметром 650; 700 мм	05-01-051-08	м	Бурение ударно-канатным способом скважин диаметром: 700 мм в грунтах группы 4
ГЭСН	05	05-01-051	Бурение ударно-канатным способом скважин диаметром 650; 700 мм	05-01-051-09	м	Бурение ударно-канатным способом скважин диаметром: 700 мм в грунтах группы 5
ГЭСН	05	05-01-051	Бурение ударно-канатным способом скважин диаметром 650; 700 мм	05-01-051-10	м	Бурение ударно-канатным способом скважин диаметром: 700 мм в грунтах группы 6
ГЭСН	05	05-01-052	Бурение скважин диаметром 250 мм вращательным (роторным) способом	05-01-052-01	м	Бурение скважин диаметром 250 мм вращательным (роторным) способом в грунтах и породах группы: 1
ГЭСН	05	05-01-052	Бурение скважин диаметром 250 мм вращательным (роторным) способом	05-01-052-02	м	Бурение скважин диаметром 250 мм вращательным (роторным) способом в грунтах и породах группы: 2
ГЭСН	05	05-01-052	Бурение скважин диаметром 250 мм вращательным (роторным) способом	05-01-052-03	м	Бурение скважин диаметром 250 мм вращательным (роторным) способом в грунтах и породах группы: 3
ГЭСН	05	05-01-052	Бурение скважин диаметром 250 мм вращательным (роторным) способом	05-01-052-04	м	Бурение скважин диаметром 250 мм вращательным (роторным) способом в грунтах и породах группы: 4
ГЭСН	05	05-01-052	Бурение скважин диаметром 250 мм вращательным (роторным) способом	05-01-052-05	м	Бурение скважин диаметром 250 мм вращательным (роторным) способом в грунтах и породах группы: 5
ГЭСН	05	05-01-052	Бурение скважин диаметром 250 мм вращательным (роторным) способом	05-01-052-06	м	Бурение скважин диаметром 250 мм вращательным (роторным) способом в грунтах и породах группы: 6
ГЭСН	05	05-01-052	Бурение скважин диаметром 250 мм вращательным (роторным) способом	05-01-052-07	м	Бурение скважин диаметром 250 мм вращательным (роторным) способом в грунтах и породах группы: 7
ГЭСН	05	05-01-052	Бурение скважин диаметром 250 мм вращательным (роторным) способом	05-01-052-08	м	Бурение скважин диаметром 250 мм вращательным (роторным) способом в грунтах и породах группы: 8
ГЭСН	05	05-01-052	Бурение скважин диаметром 250 мм вращательным (роторным) способом	05-01-052-09	м	Бурение скважин диаметром 250 мм вращательным (роторным) способом в грунтах и породах группы: 9
ГЭСН	05	05-01-052	Бурение скважин диаметром 250 мм вращательным (роторным) способом	05-01-052-10	м	Бурение скважин диаметром 250 мм вращательным (роторным) способом в грунтах и породах группы: 10
ГЭСН	05	05-01-053	Бурение скважин диаметром 300 мм вращательным (роторным) способом	05-01-053-01	м	Бурение скважин диаметром 300 мм вращательным (роторным) способом в грунтах и породах группы: 1
ГЭСН	05	05-01-053	Бурение скважин диаметром 300 мм вращательным (роторным) способом	05-01-053-02	м	Бурение скважин диаметром 300 мм вращательным (роторным) способом в грунтах и породах группы: 2
ГЭСН	05	05-01-053	Бурение скважин диаметром 300 мм вращательным (роторным) способом	05-01-053-03	м	Бурение скважин диаметром 300 мм вращательным (роторным) способом в грунтах и породах группы: 3
ГЭСН	05	05-01-053	Бурение скважин диаметром 300 мм вращательным (роторным) способом	05-01-053-04	м	Бурение скважин диаметром 300 мм вращательным (роторным) способом в грунтах и породах группы: 4
ГЭСН	05	05-01-053	Бурение скважин диаметром 300 мм вращательным (роторным) способом	05-01-053-05	м	Бурение скважин диаметром 300 мм вращательным (роторным) способом в грунтах и породах группы: 5
ГЭСН	05	05-01-053	Бурение скважин диаметром 300 мм вращательным (роторным) способом	05-01-053-06	м	Бурение скважин диаметром 300 мм вращательным (роторным) способом в грунтах и породах группы: 6
ГЭСН	05	05-01-053	Бурение скважин диаметром 300 мм вращательным (роторным) способом	05-01-053-07	м	Бурение скважин диаметром 300 мм вращательным (роторным) способом в грунтах и породах группы: 7
ГЭСН	05	05-01-053	Бурение скважин диаметром 300 мм вращательным (роторным) способом	05-01-053-08	м	Бурение скважин диаметром 300 мм вращательным (роторным) способом в грунтах и породах группы: 8
ГЭСН	05	05-01-053	Бурение скважин диаметром 300 мм вращательным (роторным) способом	05-01-053-09	м	Бурение скважин диаметром 300 мм вращательным (роторным) способом в грунтах и породах группы: 9
ГЭСН	05	05-01-053	Бурение скважин диаметром 300 мм вращательным (роторным) способом	05-01-053-10	м	Бурение скважин диаметром 300 мм вращательным (роторным) способом в грунтах и породах группы: 10
ГЭСН	05	05-01-054	Бурение скважин диаметром 350 мм вращательным (роторным) способом	05-01-054-01	м	Бурение скважин диаметром 350 мм вращательным (роторным) способом в грунтах и породах группы: 1
ГЭСН	05	05-01-054	Бурение скважин диаметром 350 мм вращательным (роторным) способом	05-01-054-02	м	Бурение скважин диаметром 350 мм вращательным (роторным) способом в грунтах и породах группы: 2
ГЭСН	05	05-01-054	Бурение скважин диаметром 350 мм вращательным (роторным) способом	05-01-054-03	м	Бурение скважин диаметром 350 мм вращательным (роторным) способом в грунтах и породах группы: 3
ГЭСН	05	05-01-054	Бурение скважин диаметром 350 мм вращательным (роторным) способом	05-01-054-04	м	Бурение скважин диаметром 350 мм вращательным (роторным) способом в грунтах и породах группы: 4
ГЭСН	05	05-01-054	Бурение скважин диаметром 350 мм вращательным (роторным) способом	05-01-054-05	м	Бурение скважин диаметром 350 мм вращательным (роторным) способом в грунтах и породах группы: 5
ГЭСН	05	05-01-054	Бурение скважин диаметром 350 мм вращательным (роторным) способом	05-01-054-06	м	Бурение скважин диаметром 350 мм вращательным (роторным) способом в грунтах и породах группы: 6
ГЭСН	05	05-01-054	Бурение скважин диаметром 350 мм вращательным (роторным) способом	05-01-054-07	м	Бурение скважин диаметром 350 мм вращательным (роторным) способом в грунтах и породах группы: 7
ГЭСН	05	05-01-054	Бурение скважин диаметром 350 мм вращательным (роторным) способом	05-01-054-08	м	Бурение скважин диаметром 350 мм вращательным (роторным) способом в грунтах и породах группы: 8
ГЭСН	05	05-01-054	Бурение скважин диаметром 350 мм вращательным (роторным) способом	05-01-054-09	м	Бурение скважин диаметром 350 мм вращательным (роторным) способом в грунтах и породах группы: 9
ГЭСН	05	05-01-054	Бурение скважин диаметром 350 мм вращательным (роторным) способом	05-01-054-10	м	Бурение скважин диаметром 350 мм вращательным (роторным) способом в грунтах и породах группы: 10
ГЭСН	05	05-01-055	Бурение скважин диаметром 450 мм вращательным (роторным) способом	05-01-055-01	м	Бурение скважин диаметром 450 мм вращательным (роторным) способом в грунтах и породах группы: 1
ГЭСН	05	05-01-055	Бурение скважин диаметром 450 мм вращательным (роторным) способом	05-01-055-02	м	Бурение скважин диаметром 450 мм вращательным (роторным) способом в грунтах и породах группы: 2
ГЭСН	05	05-01-055	Бурение скважин диаметром 450 мм вращательным (роторным) способом	05-01-055-03	м	Бурение скважин диаметром 450 мм вращательным (роторным) способом в грунтах и породах группы: 3
ГЭСН	05	05-01-055	Бурение скважин диаметром 450 мм вращательным (роторным) способом	05-01-055-04	м	Бурение скважин диаметром 450 мм вращательным (роторным) способом в грунтах и породах группы: 4
ГЭСН	05	05-01-055	Бурение скважин диаметром 450 мм вращательным (роторным) способом	05-01-055-05	м	Бурение скважин диаметром 450 мм вращательным (роторным) способом в грунтах и породах группы: 5
ГЭСН	05	05-01-055	Бурение скважин диаметром 450 мм вращательным (роторным) способом	05-01-055-06	м	Бурение скважин диаметром 450 мм вращательным (роторным) способом в грунтах и породах группы: 6
ГЭСН	05	05-01-055	Бурение скважин диаметром 450 мм вращательным (роторным) способом	05-01-055-07	м	Бурение скважин диаметром 450 мм вращательным (роторным) способом в грунтах и породах группы: 7
ГЭСН	05	05-01-055	Бурение скважин диаметром 450 мм вращательным (роторным) способом	05-01-055-08	м	Бурение скважин диаметром 450 мм вращательным (роторным) способом в грунтах и породах группы: 8
ГЭСН	05	05-01-055	Бурение скважин диаметром 450 мм вращательным (роторным) способом	05-01-055-09	м	Бурение скважин диаметром 450 мм вращательным (роторным) способом в грунтах и породах группы: 9
ГЭСН	05	05-01-055	Бурение скважин диаметром 450 мм вращательным (роторным) способом	05-01-055-10	м	Бурение скважин диаметром 450 мм вращательным (роторным) способом в грунтах и породах группы: 10
ГЭСН	05	05-01-056	Бурение скважин диаметром 500 мм вращательным (роторным) способом	05-01-056-01	м	Бурение скважин диаметром 500 мм вращательным (роторным) способом в грунтах и породах группы: 1
ГЭСН	05	05-01-056	Бурение скважин диаметром 500 мм вращательным (роторным) способом	05-01-056-02	м	Бурение скважин диаметром 500 мм вращательным (роторным) способом в грунтах и породах группы: 2
ГЭСН	05	05-01-056	Бурение скважин диаметром 500 мм вращательным (роторным) способом	05-01-056-03	м	Бурение скважин диаметром 500 мм вращательным (роторным) способом в грунтах и породах группы: 3
ГЭСН	05	05-01-056	Бурение скважин диаметром 500 мм вращательным (роторным) способом	05-01-056-04	м	Бурение скважин диаметром 500 мм вращательным (роторным) способом в грунтах и породах группы: 4
ГЭСН	05	05-01-056	Бурение скважин диаметром 500 мм вращательным (роторным) способом	05-01-056-05	м	Бурение скважин диаметром 500 мм вращательным (роторным) способом в грунтах и породах группы: 5
ГЭСН	05	05-01-056	Бурение скважин диаметром 500 мм вращательным (роторным) способом	05-01-056-06	м	Бурение скважин диаметром 500 мм вращательным (роторным) способом в грунтах и породах группы: 6
ГЭСН	05	05-01-056	Бурение скважин диаметром 500 мм вращательным (роторным) способом	05-01-056-07	м	Бурение скважин диаметром 500 мм вращательным (роторным) способом в грунтах и породах группы: 7
ГЭСН	05	05-01-056	Бурение скважин диаметром 500 мм вращательным (роторным) способом	05-01-056-08	м	Бурение скважин диаметром 500 мм вращательным (роторным) способом в грунтах и породах группы: 8
ГЭСН	05	05-01-056	Бурение скважин диаметром 500 мм вращательным (роторным) способом	05-01-056-09	м	Бурение скважин диаметром 500 мм вращательным (роторным) способом в грунтах и породах группы: 9
ГЭСН	05	05-01-056	Бурение скважин диаметром 500 мм вращательным (роторным) способом	05-01-056-10	м	Бурение скважин диаметром 500 мм вращательным (роторным) способом в грунтах и породах группы: 10
ГЭСН	05	05-01-057	Бурение скважин диаметром 600 мм вращательным (роторным) способом	05-01-057-01	м	Бурение скважин диаметром 600 мм вращательным (роторным) способом в грунтах и породах группы: 1
ГЭСН	05	05-01-057	Бурение скважин диаметром 600 мм вращательным (роторным) способом	05-01-057-02	м	Бурение скважин диаметром 600 мм вращательным (роторным) способом в грунтах и породах группы: 2
ГЭСН	05	05-01-057	Бурение скважин диаметром 600 мм вращательным (роторным) способом	05-01-057-03	м	Бурение скважин диаметром 600 мм вращательным (роторным) способом в грунтах и породах группы: 3
ГЭСН	05	05-01-057	Бурение скважин диаметром 600 мм вращательным (роторным) способом	05-01-057-04	м	Бурение скважин диаметром 600 мм вращательным (роторным) способом в грунтах и породах группы: 4
ГЭСН	05	05-01-057	Бурение скважин диаметром 600 мм вращательным (роторным) способом	05-01-057-05	м	Бурение скважин диаметром 600 мм вращательным (роторным) способом в грунтах и породах группы: 5
ГЭСН	05	05-01-057	Бурение скважин диаметром 600 мм вращательным (роторным) способом	05-01-057-06	м	Бурение скважин диаметром 600 мм вращательным (роторным) способом в грунтах и породах группы: 6
ГЭСН	05	05-01-057	Бурение скважин диаметром 600 мм вращательным (роторным) способом	05-01-057-07	м	Бурение скважин диаметром 600 мм вращательным (роторным) способом в грунтах и породах группы: 7
ГЭСН	05	05-01-057	Бурение скважин диаметром 600 мм вращательным (роторным) способом	05-01-057-08	м	Бурение скважин диаметром 600 мм вращательным (роторным) способом в грунтах и породах группы: 8
ГЭСН	05	05-01-057	Бурение скважин диаметром 600 мм вращательным (роторным) способом	05-01-057-09	м	Бурение скважин диаметром 600 мм вращательным (роторным) способом в грунтах и породах группы: 9
ГЭСН	05	05-01-057	Бурение скважин диаметром 600 мм вращательным (роторным) способом	05-01-057-10	м	Бурение скважин диаметром 600 мм вращательным (роторным) способом в грунтах и породах группы: 10
ГЭСН	05	05-01-058	Бурение скважин диаметром 700 мм вращательным (роторным) способом	05-01-058-01	м	Бурение скважин диаметром 700 мм вращательным (роторным) способом в грунтах и породах группы: 1
ГЭСН	05	05-01-058	Бурение скважин диаметром 700 мм вращательным (роторным) способом	05-01-058-02	м	Бурение скважин диаметром 700 мм вращательным (роторным) способом в грунтах и породах группы: 2
ГЭСН	05	05-01-058	Бурение скважин диаметром 700 мм вращательным (роторным) способом	05-01-058-03	м	Бурение скважин диаметром 700 мм вращательным (роторным) способом в грунтах и породах группы: 3
ГЭСН	05	05-01-058	Бурение скважин диаметром 700 мм вращательным (роторным) способом	05-01-058-04	м	Бурение скважин диаметром 700 мм вращательным (роторным) способом в грунтах и породах группы: 4
ГЭСН	05	05-01-058	Бурение скважин диаметром 700 мм вращательным (роторным) способом	05-01-058-05	м	Бурение скважин диаметром 700 мм вращательным (роторным) способом в грунтах и породах группы: 5
ГЭСН	05	05-01-058	Бурение скважин диаметром 700 мм вращательным (роторным) способом	05-01-058-06	м	Бурение скважин диаметром 700 мм вращательным (роторным) способом в грунтах и породах группы: 6
ГЭСН	05	05-01-058	Бурение скважин диаметром 700 мм вращательным (роторным) способом	05-01-058-07	м	Бурение скважин диаметром 700 мм вращательным (роторным) способом в грунтах и породах группы: 7
ГЭСН	05	05-01-058	Бурение скважин диаметром 700 мм вращательным (роторным) способом	05-01-058-08	м	Бурение скважин диаметром 700 мм вращательным (роторным) способом в грунтах и породах группы: 8
ГЭСН	05	05-01-058	Бурение скважин диаметром 700 мм вращательным (роторным) способом	05-01-058-09	м	Бурение скважин диаметром 700 мм вращательным (роторным) способом в грунтах и породах группы: 9
ГЭСН	05	05-01-058	Бурение скважин диаметром 700 мм вращательным (роторным) способом	05-01-058-10	м	Бурение скважин диаметром 700 мм вращательным (роторным) способом в грунтах и породах группы: 10
ГЭСН	05	05-01-059	Бурение скважин вращательным (ковшевым) способом	05-01-059-01	м	Бурение скважин вращательным (ковшовым) способом диаметром: 1000 мм в грунтах группы 1
ГЭСН	05	05-01-059	Бурение скважин вращательным (ковшевым) способом	05-01-059-02	м	Бурение скважин вращательным (ковшовым) способом диаметром: 1000 мм в грунтах группы 2
ГЭСН	05	05-01-059	Бурение скважин вращательным (ковшевым) способом	05-01-059-03	м	Бурение скважин вращательным (ковшовым) способом диаметром: 1000 мм в грунтах группы 3
ГЭСН	05	05-01-059	Бурение скважин вращательным (ковшевым) способом	05-01-059-04	м	Бурение скважин вращательным (ковшовым) способом диаметром: 1200 мм в грунтах группы 1
ГЭСН	05	05-01-059	Бурение скважин вращательным (ковшевым) способом	05-01-059-05	м	Бурение скважин вращательным (ковшовым) способом диаметром: 1200 мм в грунтах группы 2
ГЭСН	05	05-01-059	Бурение скважин вращательным (ковшевым) способом	05-01-059-06	м	Бурение скважин вращательным (ковшовым) способом диаметром: 1200 мм в грунтах группы 3
ГЭСН	05	05-01-060	Бурение уширения основания скважины для буронабивных железобетонных свай	05-01-060-01	шт	Бурение уширения основания скважины для буронабивных железобетонных свай в грунтах группы: 1-2
ГЭСН	05	05-01-060	Бурение уширения основания скважины для буронабивных железобетонных свай	05-01-060-02	шт	Бурение уширения основания скважины для буронабивных железобетонных свай в грунтах группы: 3
ГЭСН	05	05-01-061	Установка в скважину арматурного каркаса	05-01-061-01	шт	Установка в скважину арматурного каркаса
ГЭСН	05	05-01-062	Бетонирование свай	05-01-062-01	м3	Бетонирование свай
ГЭСН	05	05-01-063	Заполнение раствором пустот между стенкой скважины и телом сваи	05-01-063-01	м3	Заполнение раствором пустот между стенкой скважины и телом сваи
ГЭСН	05	05-01-064	Разработка траншей глубиной до 10 м установкой с плоским грейфером	05-01-064-01	м3	Разработка траншей глубиной до 10 м установкой с плоским грейфером при ширине траншеи: 400 мм в грунтах группы 1
ГЭСН	05	05-01-064	Разработка траншей глубиной до 10 м установкой с плоским грейфером	05-01-064-02	м3	Разработка траншей глубиной до 10 м установкой с плоским грейфером при ширине траншеи: 400 мм в грунтах группы 2
ГЭСН	05	05-01-064	Разработка траншей глубиной до 10 м установкой с плоским грейфером	05-01-064-03	м3	Разработка траншей глубиной до 10 м установкой с плоским грейфером при ширине траншеи: 400 мм в грунтах группы 3
ГЭСН	05	05-01-064	Разработка траншей глубиной до 10 м установкой с плоским грейфером	05-01-064-04	м3	Разработка траншей глубиной до 10 м установкой с плоским грейфером при ширине траншеи: 600 мм в грунтах группы 1
ГЭСН	05	05-01-064	Разработка траншей глубиной до 10 м установкой с плоским грейфером	05-01-064-05	м3	Разработка траншей глубиной до 10 м установкой с плоским грейфером при ширине траншеи: 600 мм в грунтах группы 2
ГЭСН	05	05-01-064	Разработка траншей глубиной до 10 м установкой с плоским грейфером	05-01-064-06	м3	Разработка траншей глубиной до 10 м установкой с плоским грейфером при ширине траншеи: 600 мм в грунтах группы 3
ГЭСН	05	05-01-064	Разработка траншей глубиной до 10 м установкой с плоским грейфером	05-01-064-07	м3	Разработка траншей глубиной до 10 м установкой с плоским грейфером при ширине траншеи: 800 мм в грунтах группы 1
ГЭСН	05	05-01-064	Разработка траншей глубиной до 10 м установкой с плоским грейфером	05-01-064-08	м3	Разработка траншей глубиной до 10 м установкой с плоским грейфером при ширине траншеи: 800 мм в грунтах группы 2
ГЭСН	05	05-01-064	Разработка траншей глубиной до 10 м установкой с плоским грейфером	05-01-064-09	м3	Разработка траншей глубиной до 10 м установкой с плоским грейфером при ширине траншеи: 800 мм в грунтах группы 3
ГЭСН	05	05-01-065	Разработка траншей глубиной до 15 м установкой с плоским грейфером	05-01-065-01	м3	Разработка траншей глубиной до 15 м установкой с плоским грейфером при ширине траншеи: 400 мм в грунтах группы 1
ГЭСН	05	05-01-065	Разработка траншей глубиной до 15 м установкой с плоским грейфером	05-01-065-02	м3	Разработка траншей глубиной до 15 м установкой с плоским грейфером при ширине траншеи: 400 мм в грунтах группы 2
ГЭСН	05	05-01-065	Разработка траншей глубиной до 15 м установкой с плоским грейфером	05-01-065-03	м3	Разработка траншей глубиной до 15 м установкой с плоским грейфером при ширине траншеи: 400 мм в грунтах группы 3
ГЭСН	05	05-01-065	Разработка траншей глубиной до 15 м установкой с плоским грейфером	05-01-065-04	м3	Разработка траншей глубиной до 15 м установкой с плоским грейфером при ширине траншеи: 600 мм в грунтах группы 1
ГЭСН	05	05-01-065	Разработка траншей глубиной до 15 м установкой с плоским грейфером	05-01-065-05	м3	Разработка траншей глубиной до 15 м установкой с плоским грейфером при ширине траншеи: 600 мм в грунтах группы 2
ГЭСН	05	05-01-065	Разработка траншей глубиной до 15 м установкой с плоским грейфером	05-01-065-06	м3	Разработка траншей глубиной до 15 м установкой с плоским грейфером при ширине траншеи: 600 мм в грунтах группы 3
ГЭСН	05	05-01-065	Разработка траншей глубиной до 15 м установкой с плоским грейфером	05-01-065-07	м3	Разработка траншей глубиной до 15 м установкой с плоским грейфером при ширине траншеи: 800 мм в грунтах группы 1
ГЭСН	05	05-01-065	Разработка траншей глубиной до 15 м установкой с плоским грейфером	05-01-065-08	м3	Разработка траншей глубиной до 15 м установкой с плоским грейфером при ширине траншеи: 800 мм в грунтах группы 2
ГЭСН	05	05-01-065	Разработка траншей глубиной до 15 м установкой с плоским грейфером	05-01-065-09	м3	Разработка траншей глубиной до 15 м установкой с плоским грейфером при ширине траншеи: 800 мм в грунтах группы 3
ГЭСН	05	05-01-066	Разработка траншей глубиной до 7 м экскаватором "обратная лопата"	05-01-066-01	м3	Разработка траншей глубиной до 7 м экскаватором "обратная лопата" при ширине траншеи: 400 мм в грунтах группы 1
ГЭСН	05	05-01-066	Разработка траншей глубиной до 7 м экскаватором "обратная лопата"	05-01-066-02	м3	Разработка траншей глубиной до 7 м экскаватором "обратная лопата" при ширине траншеи: 400 мм в грунтах группы 2
ГЭСН	05	05-01-066	Разработка траншей глубиной до 7 м экскаватором "обратная лопата"	05-01-066-03	м3	Разработка траншей глубиной до 7 м экскаватором "обратная лопата" при ширине траншеи: 400 мм в грунтах группы 3
ГЭСН	05	05-01-066	Разработка траншей глубиной до 7 м экскаватором "обратная лопата"	05-01-066-04	м3	Разработка траншей глубиной до 7 м экскаватором "обратная лопата" при ширине траншеи: 400 мм в грунтах группы 4
ГЭСН	05	05-01-066	Разработка траншей глубиной до 7 м экскаватором "обратная лопата"	05-01-066-05	м3	Разработка траншей глубиной до 7 м экскаватором "обратная лопата" при ширине траншеи: 600 мм в грунтах группы 1
ГЭСН	05	05-01-066	Разработка траншей глубиной до 7 м экскаватором "обратная лопата"	05-01-066-06	м3	Разработка траншей глубиной до 7 м экскаватором "обратная лопата" при ширине траншеи: 600 мм в грунтах группы 2
ГЭСН	05	05-01-066	Разработка траншей глубиной до 7 м экскаватором "обратная лопата"	05-01-066-07	м3	Разработка траншей глубиной до 7 м экскаватором "обратная лопата" при ширине траншеи: 600 мм в грунтах группы 3
ГЭСН	05	05-01-066	Разработка траншей глубиной до 7 м экскаватором "обратная лопата"	05-01-066-08	м3	Разработка траншей глубиной до 7 м экскаватором "обратная лопата" при ширине траншеи: 600 мм в грунтах группы 4
ГЭСН	05	05-01-066	Разработка траншей глубиной до 7 м экскаватором "обратная лопата"	05-01-066-09	м3	Разработка траншей глубиной до 7 м экскаватором "обратная лопата" при ширине траншеи: 800 мм в грунтах группы 1
ГЭСН	05	05-01-066	Разработка траншей глубиной до 7 м экскаватором "обратная лопата"	05-01-066-10	м3	Разработка траншей глубиной до 7 м экскаватором "обратная лопата" при ширине траншеи: 800 мм в грунтах группы 2
ГЭСН	05	05-01-066	Разработка траншей глубиной до 7 м экскаватором "обратная лопата"	05-01-066-11	м3	Разработка траншей глубиной до 7 м экскаватором "обратная лопата" при ширине траншеи: 800 мм в грунтах группы 3
ГЭСН	05	05-01-066	Разработка траншей глубиной до 7 м экскаватором "обратная лопата"	05-01-066-12	м3	Разработка траншей глубиной до 7 м экскаватором "обратная лопата" при ширине траншеи: 800 мм в грунтах группы 4
ГЭСН	05	05-01-069	Укладка в траншею противофильтрационных материалов	05-01-069-01	м3	Укладка в траншею противофильтрационных материалов: из бетона при ширине траншеи 400 мм
ГЭСН	05	05-01-069	Укладка в траншею противофильтрационных материалов	05-01-069-02	м3	Укладка в траншею противофильтрационных материалов: из бетона при ширине траншеи 600 мм
ГЭСН	05	05-01-069	Укладка в траншею противофильтрационных материалов	05-01-069-03	м3	Укладка в траншею противофильтрационных материалов: из бетона при ширине траншеи 800 мм
ГЭСН	05	05-01-069	Укладка в траншею противофильтрационных материалов	05-01-069-04	м3	Укладка в траншею противофильтрационных материалов: из цементно-глинистого раствора при ширине траншеи 400 мм
ГЭСН	05	05-01-069	Укладка в траншею противофильтрационных материалов	05-01-069-05	м3	Укладка в траншею противофильтрационных материалов: из цементно-глинистого раствора при ширине траншеи 600 мм
ГЭСН	05	05-01-069	Укладка в траншею противофильтрационных материалов	05-01-069-06	м3	Укладка в траншею противофильтрационных материалов: из цементно-глинистого раствора при ширине траншеи 800 мм
ГЭСН	05	05-01-069	Укладка в траншею противофильтрационных материалов	05-01-069-07	м3	Укладка в траншею противофильтрационных материалов: из комовой глины при ширине траншеи 400 мм
ГЭСН	05	05-01-069	Укладка в траншею противофильтрационных материалов	05-01-069-08	м3	Укладка в траншею противофильтрационных материалов: из комовой глины при ширине траншеи 600 мм
ГЭСН	05	05-01-069	Укладка в траншею противофильтрационных материалов	05-01-069-09	м3	Укладка в траншею противофильтрационных материалов: из комовой глины при ширине траншеи 800 мм
ГЭСН	05	05-01-070	Устройство завес	05-01-070-01	м3	Устройство завес из железобетонных: свай, толщина завес до 300 мм
ГЭСН	05	05-01-070	Устройство завес	05-01-070-02	м3	Устройство завес из железобетонных: свай, толщина завес до 500 мм
ГЭСН	05	05-01-070	Устройство завес	05-01-070-03	м3	Устройство завес из железобетонных: свай, толщина завес до 700 мм
ГЭСН	05	05-01-070	Устройство завес	05-01-070-04	м3	Устройство завес из железобетонных: панелей, толщина завес до 400 мм
ГЭСН	05	05-01-070	Устройство завес	05-01-070-05	м3	Устройство завес из железобетонных: панелей, толщина завес более 400 мм
ГЭСН	05	05-01-071	Наращивание железобетонных свай и панелей завес	05-01-071-01	м3	Наращивание железобетонных: свай при толщине завесы до 300 мм
ГЭСН	05	05-01-071	Наращивание железобетонных свай и панелей завес	05-01-071-02	м3	Наращивание железобетонных: свай при толщине завесы до 500 мм
ГЭСН	05	05-01-071	Наращивание железобетонных свай и панелей завес	05-01-071-03	м3	Наращивание железобетонных: свай при толщине завесы до 700 мм
ГЭСН	05	05-01-071	Наращивание железобетонных свай и панелей завес	05-01-071-04	м3	Наращивание железобетонных: панелей при толщине завесы до 400 мм
ГЭСН	05	05-01-071	Наращивание железобетонных свай и панелей завес	05-01-071-05	м3	Наращивание железобетонных: панелей при толщине завесы более 400 мм
ГЭСН	05	05-01-072	Установка и извлечение железобетонных ограничителей захваток	05-01-072-01	шт	Установка и извлечение железобетонных ограничителей захваток при толщине завесы: до 600 мм
ГЭСН	05	05-01-072	Установка и извлечение железобетонных ограничителей захваток	05-01-072-02	шт	Установка и извлечение железобетонных ограничителей захваток при толщине завесы: до 800 мм
ГЭСН	05	05-01-073	Установка свай в скважину	05-01-073-01	шт	Установка в скважину свай массой: до 5 т
ГЭСН	05	05-01-073	Установка свай в скважину	05-01-073-02	шт	Установка в скважину свай массой: свыше 5 т
ГЭСН	05	05-01-075	Устройство буронабивных свай	05-01-075-01	м3	Устройство буронабивных свай диаметром 620 мм под защитой обсадной трубы буровыми установками с крутящим моментом 150-250 кНм: в грунтах 1-2 группы
ГЭСН	05	05-01-075	Устройство буронабивных свай	05-01-075-02	м3	Устройство буронабивных свай диаметром 620 мм под защитой обсадной трубы буровыми установками с крутящим моментом 150-250 кНм: в грунтах 3 группы
ГЭСН	05	05-01-075	Устройство буронабивных свай	05-01-075-03	м3	Устройство буронабивных свай диаметром 620 мм под защитой обсадной трубы буровыми установками с крутящим моментом 150-250 кНм: в грунтах 4 группы
ГЭСН	05	05-01-075	Устройство буронабивных свай	05-01-075-04	м3	Устройство буронабивных свай диаметром 620 мм под защитой обсадной трубы буровыми установками с крутящим моментом 150-250 кНм: в грунтах 5 группы
ГЭСН	05	05-01-075	Устройство буронабивных свай	05-01-075-05	м3	Устройство буронабивных свай диаметром 620 мм под защитой обсадной трубы буровыми установками с крутящим моментом 150-250 кНм: в грунтах 6 группы
ГЭСН	05	05-01-075	Устройство буронабивных свай	05-01-075-06	м3	Устройство буронабивных свай диаметром 750 мм под защитой обсадной трубы буровыми установками с крутящим моментом 150-250 кНм: в грунтах 1-2 группы
ГЭСН	05	05-01-075	Устройство буронабивных свай	05-01-075-07	м3	Устройство буронабивных свай диаметром 750 мм под защитой обсадной трубы буровыми установками с крутящим моментом 150-250 кНм: в грунтах 3 группы
ГЭСН	05	05-01-075	Устройство буронабивных свай	05-01-075-08	м3	Устройство буронабивных свай диаметром 750 мм под защитой обсадной трубы буровыми установками с крутящим моментом 150-250 кНм: в грунтах 4 группы
ГЭСН	05	05-01-075	Устройство буронабивных свай	05-01-075-09	м3	Устройство буронабивных свай диаметром 750 мм под защитой обсадной трубы буровыми установками с крутящим моментом 150-250 кНм: в грунтах 5 группы
ГЭСН	05	05-01-075	Устройство буронабивных свай	05-01-075-10	м3	Устройство буронабивных свай диаметром 750 мм под защитой обсадной трубы буровыми установками с крутящим моментом 150-250 кНм: в грунтах 6 группы
ГЭСН	05	05-01-075	Устройство буронабивных свай	05-01-075-11	м3	Устройство буронабивных свай диаметром 880 мм под защитой обсадной трубы буровыми установками с крутящим моментом 150-250 кНм: в грунтах 1-2 группы
ГЭСН	05	05-01-075	Устройство буронабивных свай	05-01-075-12	м3	Устройство буронабивных свай диаметром 880 мм под защитой обсадной трубы буровыми установками с крутящим моментом 150-250 кНм: в грунтах 3 группы
ГЭСН	05	05-01-075	Устройство буронабивных свай	05-01-075-13	м3	Устройство буронабивных свай диаметром 880 мм под защитой обсадной трубы буровыми установками с крутящим моментом 150-250 кНм: в грунтах 4 группы
ГЭСН	05	05-01-075	Устройство буронабивных свай	05-01-075-14	м3	Устройство буронабивных свай диаметром 880 мм под защитой обсадной трубы буровыми установками с крутящим моментом 150-250 кНм: в грунтах 5 группы
ГЭСН	05	05-01-075	Устройство буронабивных свай	05-01-075-15	м3	Устройство буронабивных свай диаметром 880 мм под защитой обсадной трубы буровыми установками с крутящим моментом 150-250 кНм: в грунтах 6 группы
ГЭСН	05	05-01-075	Устройство буронабивных свай	05-01-075-16	м3	Устройство буронабивных свай диаметром 1000 мм под защитой обсадной трубы буровыми установками с крутящим моментом 150-250 кНм: в грунтах 1-2 группы
ГЭСН	05	05-01-075	Устройство буронабивных свай	05-01-075-17	м3	Устройство буронабивных свай диаметром 1000 мм под защитой обсадной трубы буровыми установками с крутящим моментом 150-250 кНм: в грунтах 3 группы
ГЭСН	05	05-01-075	Устройство буронабивных свай	05-01-075-18	м3	Устройство буронабивных свай диаметром 1000 мм под защитой обсадной трубы буровыми установками с крутящим моментом 150-250 кНм: в грунтах 4 группы
ГЭСН	05	05-01-075	Устройство буронабивных свай	05-01-075-19	м3	Устройство буронабивных свай диаметром 1000 мм под защитой обсадной трубы буровыми установками с крутящим моментом 150-250 кНм: в грунтах 5 группы
ГЭСН	05	05-01-075	Устройство буронабивных свай	05-01-075-20	м3	Устройство буронабивных свай диаметром 1000 мм под защитой обсадной трубы буровыми установками с крутящим моментом 150-250 кНм: в грунтах 6 группы
ГЭСН	05	05-01-075	Устройство буронабивных свай	05-01-075-21	м3	Устройство буронабивных свай диаметром 1200 мм под защитой обсадной трубы буровыми установками с крутящим моментом 250-350 кНм: в грунтах 1-2 группы
ГЭСН	05	05-01-075	Устройство буронабивных свай	05-01-075-22	м3	Устройство буронабивных свай диаметром 1200 мм под защитой обсадной трубы буровыми установками с крутящим моментом 250-350 кНм: в грунтах 3 группы
ГЭСН	05	05-01-075	Устройство буронабивных свай	05-01-075-23	м3	Устройство буронабивных свай диаметром 1200 мм под защитой обсадной трубы буровыми установками с крутящим моментом 250-350 кНм: в грунтах 4 группы
ГЭСН	05	05-01-075	Устройство буронабивных свай	05-01-075-24	м3	Устройство буронабивных свай диаметром 1200 мм под защитой обсадной трубы буровыми установками с крутящим моментом 250-350 кНм: в грунтах 5 группы
ГЭСН	05	05-01-075	Устройство буронабивных свай	05-01-075-25	м3	Устройство буронабивных свай диаметром 1200 мм под защитой обсадной трубы буровыми установками с крутящим моментом 250-350 кНм: в грунтах 6 группы
ГЭСН	05	05-01-075	Устройство буронабивных свай	05-01-075-26	м3	Устройство буронабивных свай диаметром 1500 мм под защитой обсадной трубы буровыми установками с крутящим моментом 250-350 кНм: в грунтах 1-2 группы
ГЭСН	05	05-01-075	Устройство буронабивных свай	05-01-075-27	м3	Устройство буронабивных свай диаметром 1500 мм под защитой обсадной трубы буровыми установками с крутящим моментом 250-350 кНм: в грунтах 3 группы
ГЭСН	05	05-01-075	Устройство буронабивных свай	05-01-075-28	м3	Устройство буронабивных свай диаметром 1500 мм под защитой обсадной трубы буровыми установками с крутящим моментом 250-350 кНм: в грунтах 4 группы
ГЭСН	05	05-01-075	Устройство буронабивных свай	05-01-075-29	м3	Устройство буронабивных свай диаметром 1500 мм под защитой обсадной трубы буровыми установками с крутящим моментом 250-350 кНм: в грунтах 5 группы
ГЭСН	05	05-01-075	Устройство буронабивных свай	05-01-075-30	м3	Устройство буронабивных свай диаметром 1500 мм под защитой обсадной трубы буровыми установками с крутящим моментом 250-350 кНм: в грунтах 6 группы
ГЭСН	05	05-01-076	Наращивание секций арматурного каркаса буронабивных свай при помощи сварки	05-01-076-01	10 соединений	Добавлять к нормам с 05-01-075-01 по 05-01-075-20 при наращивании армокаркаса сваркой на каждое соединение двух арматурных стержней диаметром: 10 мм
ГЭСН	05	05-01-076	Наращивание секций арматурного каркаса буронабивных свай при помощи сварки	05-01-076-02	10 соединений	Добавлять к нормам с 05-01-075-01 по 05-01-075-20 при наращивании армокаркаса сваркой на каждое соединение двух арматурных стержней диаметром: 12 мм
ГЭСН	05	05-01-076	Наращивание секций арматурного каркаса буронабивных свай при помощи сварки	05-01-076-03	10 соединений	Добавлять к нормам с 05-01-075-01 по 05-01-075-20 при наращивании армокаркаса сваркой на каждое соединение двух арматурных стержней диаметром: 14 мм
ГЭСН	05	05-01-076	Наращивание секций арматурного каркаса буронабивных свай при помощи сварки	05-01-076-04	10 соединений	Добавлять к нормам с 05-01-075-01 по 05-01-075-20 при наращивании армокаркаса сваркой на каждое соединение двух арматурных стержней диаметром: 16 мм
ГЭСН	05	05-01-076	Наращивание секций арматурного каркаса буронабивных свай при помощи сварки	05-01-076-05	10 соединений	Добавлять к нормам с 05-01-075-01 по 05-01-075-20 при наращивании армокаркаса сваркой на каждое соединение двух арматурных стержней диаметром: 18 мм
ГЭСН	05	05-01-076	Наращивание секций арматурного каркаса буронабивных свай при помощи сварки	05-01-076-06	10 соединений	Добавлять к нормам с 05-01-075-01 по 05-01-075-20 при наращивании армокаркаса сваркой на каждое соединение двух арматурных стержней диаметром: 20 мм
ГЭСН	05	05-01-076	Наращивание секций арматурного каркаса буронабивных свай при помощи сварки	05-01-076-07	10 соединений	Добавлять к нормам с 05-01-075-01 по 05-01-075-20 при наращивании армокаркаса сваркой на каждое соединение двух арматурных стержней диаметром: 22 мм
ГЭСН	05	05-01-076	Наращивание секций арматурного каркаса буронабивных свай при помощи сварки	05-01-076-08	10 соединений	Добавлять к нормам с 05-01-075-01 по 05-01-075-20 при наращивании армокаркаса сваркой на каждое соединение двух арматурных стержней диаметром: 25 мм
ГЭСН	05	05-01-076	Наращивание секций арматурного каркаса буронабивных свай при помощи сварки	05-01-076-09	10 соединений	Добавлять к нормам с 05-01-075-01 по 05-01-075-20 при наращивании армокаркаса сваркой на каждое соединение двух арматурных стержней диаметром: 28 мм
ГЭСН	05	05-01-076	Наращивание секций арматурного каркаса буронабивных свай при помощи сварки	05-01-076-10	10 соединений	Добавлять к нормам с 05-01-075-01 по 05-01-075-20 при наращивании армокаркаса сваркой на каждое соединение двух арматурных стержней диаметром: 32 мм
ГЭСН	05	05-01-076	Наращивание секций арматурного каркаса буронабивных свай при помощи сварки	05-01-076-11	10 соединений	Добавлять к нормам с 05-01-075-01 по 05-01-075-20 при наращивании армокаркаса сваркой на каждое соединение двух арматурных стержней диаметром: 36 мм
ГЭСН	05	05-01-076	Наращивание секций арматурного каркаса буронабивных свай при помощи сварки	05-01-076-12	10 соединений	Добавлять к нормам с 05-01-075-01 по 05-01-075-20 при наращивании армокаркаса сваркой на каждое соединение двух арматурных стержней диаметром: 40 мм
ГЭСН	05	05-01-076	Наращивание секций арматурного каркаса буронабивных свай при помощи сварки	05-01-076-13	10 соединений	Добавлять к нормам с 05-01-075-21 по 05-01-075-25 при наращивании армокаркаса сваркой на каждое соединение двух арматурных стержней диаметром: 10 мм
ГЭСН	05	05-01-076	Наращивание секций арматурного каркаса буронабивных свай при помощи сварки	05-01-076-14	10 соединений	Добавлять к нормам с 05-01-075-21 по 05-01-075-25 при наращивании армокаркаса сваркой на каждое соединение двух арматурных стержней диаметром: 12 мм
ГЭСН	05	05-01-076	Наращивание секций арматурного каркаса буронабивных свай при помощи сварки	05-01-076-15	10 соединений	Добавлять к нормам с 05-01-075-21 по 05-01-075-25 при наращивании армокаркаса сваркой на каждое соединение двух арматурных стержней диаметром: 14 мм
ГЭСН	05	05-01-076	Наращивание секций арматурного каркаса буронабивных свай при помощи сварки	05-01-076-16	10 соединений	Добавлять к нормам с 05-01-075-21 по 05-01-075-25 при наращивании армокаркаса сваркой на каждое соединение двух арматурных стержней диаметром: 16 мм
ГЭСН	05	05-01-076	Наращивание секций арматурного каркаса буронабивных свай при помощи сварки	05-01-076-17	10 соединений	Добавлять к нормам с 05-01-075-21 по 05-01-075-25 при наращивании армокаркаса сваркой на каждое соединение двух арматурных стержней диаметром: 18 мм
ГЭСН	05	05-01-076	Наращивание секций арматурного каркаса буронабивных свай при помощи сварки	05-01-076-18	10 соединений	Добавлять к нормам с 05-01-075-21 по 05-01-075-25 при наращивании армокаркаса сваркой на каждое соединение двух арматурных стержней диаметром: 20 мм
ГЭСН	05	05-01-076	Наращивание секций арматурного каркаса буронабивных свай при помощи сварки	05-01-076-19	10 соединений	Добавлять к нормам с 05-01-075-21 по 05-01-075-25 при наращивании армокаркаса сваркой на каждое соединение двух арматурных стержней диаметром: 22 мм
ГЭСН	05	05-01-076	Наращивание секций арматурного каркаса буронабивных свай при помощи сварки	05-01-076-20	10 соединений	Добавлять к нормам с 05-01-075-21 по 05-01-075-25 при наращивании армокаркаса сваркой на каждое соединение двух арматурных стержней диаметром: 25 мм
ГЭСН	05	05-01-076	Наращивание секций арматурного каркаса буронабивных свай при помощи сварки	05-01-076-21	10 соединений	Добавлять к нормам с 05-01-075-21 по 05-01-075-25 при наращивании армокаркаса сваркой на каждое соединение двух арматурных стержней диаметром: 28 мм
ГЭСН	05	05-01-076	Наращивание секций арматурного каркаса буронабивных свай при помощи сварки	05-01-076-22	10 соединений	Добавлять к нормам с 05-01-075-21 по 05-01-075-25 при наращивании армокаркаса сваркой на каждое соединение двух арматурных стержней диаметром: 32 мм
ГЭСН	05	05-01-076	Наращивание секций арматурного каркаса буронабивных свай при помощи сварки	05-01-076-23	10 соединений	Добавлять к нормам с 05-01-075-21 по 05-01-075-25 при наращивании армокаркаса сваркой на каждое соединение двух арматурных стержней диаметром: 36 мм
ГЭСН	05	05-01-076	Наращивание секций арматурного каркаса буронабивных свай при помощи сварки	05-01-076-24	10 соединений	Добавлять к нормам с 05-01-075-21 по 05-01-075-25 при наращивании армокаркаса сваркой на каждое соединение двух арматурных стержней диаметром: 40 мм
ГЭСН	05	05-01-076	Наращивание секций арматурного каркаса буронабивных свай при помощи сварки	05-01-076-25	10 соединений	Добавлять к нормам с 05-01-075-26 по 05-01-075-30 при наращивании армокаркаса сваркой на каждое соединение двух арматурных стержней диаметром: 10 мм
ГЭСН	05	05-01-076	Наращивание секций арматурного каркаса буронабивных свай при помощи сварки	05-01-076-26	10 соединений	Добавлять к нормам с 05-01-075-26 по 05-01-075-30 при наращивании армокаркаса сваркой на каждое соединение двух арматурных стержней диаметром: 12 мм
ГЭСН	05	05-01-076	Наращивание секций арматурного каркаса буронабивных свай при помощи сварки	05-01-076-27	10 соединений	Добавлять к нормам с 05-01-075-26 по 05-01-075-30 при наращивании армокаркаса сваркой на каждое соединение двух арматурных стержней диаметром: 14 мм
ГЭСН	05	05-01-076	Наращивание секций арматурного каркаса буронабивных свай при помощи сварки	05-01-076-28	10 соединений	Добавлять к нормам с 05-01-075-26 по 05-01-075-30 при наращивании армокаркаса сваркой на каждое соединение двух арматурных стержней диаметром: 16 мм
ГЭСН	05	05-01-076	Наращивание секций арматурного каркаса буронабивных свай при помощи сварки	05-01-076-29	10 соединений	Добавлять к нормам с 05-01-075-26 по 05-01-075-30 при наращивании армокаркаса сваркой на каждое соединение двух арматурных стержней диаметром: 18 мм
ГЭСН	05	05-01-076	Наращивание секций арматурного каркаса буронабивных свай при помощи сварки	05-01-076-30	10 соединений	Добавлять к нормам с 05-01-075-26 по 05-01-075-30 при наращивании армокаркаса сваркой на каждое соединение двух арматурных стержней диаметром: 20 мм
ГЭСН	05	05-01-076	Наращивание секций арматурного каркаса буронабивных свай при помощи сварки	05-01-076-31	10 соединений	Добавлять к нормам с 05-01-075-26 по 05-01-075-30 при наращивании армокаркаса сваркой на каждое соединение двух арматурных стержней диаметром: 22 мм
ГЭСН	05	05-01-076	Наращивание секций арматурного каркаса буронабивных свай при помощи сварки	05-01-076-32	10 соединений	Добавлять к нормам с 05-01-075-26 по 05-01-075-30 при наращивании армокаркаса сваркой на каждое соединение двух арматурных стержней диаметром: 25 мм
ГЭСН	05	05-01-076	Наращивание секций арматурного каркаса буронабивных свай при помощи сварки	05-01-076-33	10 соединений	Добавлять к нормам с 05-01-075-26 по 05-01-075-30 при наращивании армокаркаса сваркой на каждое соединение двух арматурных стержней диаметром: 28 мм
ГЭСН	05	05-01-076	Наращивание секций арматурного каркаса буронабивных свай при помощи сварки	05-01-076-34	10 соединений	Добавлять к нормам с 05-01-075-26 по 05-01-075-30 при наращивании армокаркаса сваркой на каждое соединение двух арматурных стержней диаметром: 32 мм
ГЭСН	05	05-01-076	Наращивание секций арматурного каркаса буронабивных свай при помощи сварки	05-01-076-35	10 соединений	Добавлять к нормам с 05-01-075-26 по 05-01-075-30 при наращивании армокаркаса сваркой на каждое соединение двух арматурных стержней диаметром: 36 мм
ГЭСН	05	05-01-076	Наращивание секций арматурного каркаса буронабивных свай при помощи сварки	05-01-076-36	10 соединений	Добавлять к нормам с 05-01-075-26 по 05-01-075-30 при наращивании армокаркаса сваркой на каждое соединение двух арматурных стержней диаметром: 40 мм
ГЭСН	05	05-01-079	Устройство железобетонных буронабивных свай диаметром до 600 мм по технологии непрерывного полого шнека	05-01-079-01	м3 конструктивного объема свай	Устройство железобетонных буронабивных свай диаметром до 600 мм по технологии непрерывного полого шнека глубиной: до 20 м в грунтах 1 группы
ГЭСН	05	05-01-079	Устройство железобетонных буронабивных свай диаметром до 600 мм по технологии непрерывного полого шнека	05-01-079-02	м3 конструктивного объема свай	Устройство железобетонных буронабивных свай диаметром до 600 мм по технологии непрерывного полого шнека глубиной: до 20 м в грунтах 2 группы
ГЭСН	05	05-01-079	Устройство железобетонных буронабивных свай диаметром до 600 мм по технологии непрерывного полого шнека	05-01-079-03	м3 конструктивного объема свай	Устройство железобетонных буронабивных свай диаметром до 600 мм по технологии непрерывного полого шнека глубиной: до 20 м в грунтах 3 группы
ГЭСН	05	05-01-079	Устройство железобетонных буронабивных свай диаметром до 600 мм по технологии непрерывного полого шнека	05-01-079-04	м3 конструктивного объема свай	Устройство железобетонных буронабивных свай диаметром до 600 мм по технологии непрерывного полого шнека глубиной: свыше 20 до 30 м в грунтах 1 группы
ГЭСН	05	05-01-079	Устройство железобетонных буронабивных свай диаметром до 600 мм по технологии непрерывного полого шнека	05-01-079-05	м3 конструктивного объема свай	Устройство железобетонных буронабивных свай диаметром до 600 мм по технологии непрерывного полого шнека глубиной: свыше 20 до 30 м в грунтах 2 группы
ГЭСН	05	05-01-079	Устройство железобетонных буронабивных свай диаметром до 600 мм по технологии непрерывного полого шнека	05-01-079-06	м3 конструктивного объема свай	Устройство железобетонных буронабивных свай диаметром до 600 мм по технологии непрерывного полого шнека глубиной: свыше 20 до 30 м в грунтах 3 группы
ГЭСН	05	05-01-082	Погружение винтовых свай гидровращателем	05-01-082-01	шт	Погружение винтовых свай длиной до 6 м, диаметром 89 мм на глубину 3 м гидровращателем на экскаваторе
ГЭСН	05	05-01-082	Погружение винтовых свай гидровращателем	05-01-082-02	м	При изменении глубины погружения свай на 1 м добавлять или исключать к норме 05-01-082-01
ГЭСН	05	05-01-082	Погружение винтовых свай гидровращателем	05-01-082-03	шт	Погружение винтовых свай длиной до 6 м, диаметром 89 мм на глубину 3 м гидровращателем на автомобиле
ГЭСН	05	05-01-082	Погружение винтовых свай гидровращателем	05-01-082-04	м	При изменении глубины погружения свай на 1 м добавлять или исключать к норме 05-01-082-03
ГЭСН	05	05-01-082	Погружение винтовых свай гидровращателем	05-01-082-05	шт	Погружение винтовых свай длиной до 12 м, диаметром 159 мм на глубину 6 м гидровращателем на экскаваторе
ГЭСН	05	05-01-082	Погружение винтовых свай гидровращателем	05-01-082-06	м	При изменении глубины погружения свай на 1 м добавлять или исключать к норме 05-01-082-05
ГЭСН	05	05-01-082	Погружение винтовых свай гидровращателем	05-01-082-07	шт	Погружение винтовых свай длиной до 12 м, диаметром 159 мм на глубину 6 м гидровращателем на автомобиле
ГЭСН	05	05-01-082	Погружение винтовых свай гидровращателем	05-01-082-08	м	При изменении глубины погружения свай на 1 м добавлять или исключать к норме 05-01-082-07
ГЭСН	05	05-01-082	Погружение винтовых свай гидровращателем	05-01-082-09	шт	Погружение винтовых свай длиной до 12 м, диаметром 219 мм на глубину 6 м гидровращателем на экскаваторе
ГЭСН	05	05-01-082	Погружение винтовых свай гидровращателем	05-01-082-10	м	При изменении глубины погружения свай на 1 м добавлять или исключать к норме 05-01-082-09
ГЭСН	05	05-01-082	Погружение винтовых свай гидровращателем	05-01-082-11	шт	Погружение винтовых свай длиной до 12 м, диаметром 219 мм на глубину 6 м гидровращателем на автомобиле
ГЭСН	05	05-01-082	Погружение винтовых свай гидровращателем	05-01-082-12	м	При изменении глубины погружения свай на 1 м добавлять или исключать к норме 05-01-082-11
ГЭСН	05	05-01-082	Погружение винтовых свай гидровращателем	05-01-082-13	шт	Погружение винтовых свай длиной до 12 м, диаметром 325 мм на глубину 6 м гидровращателем на экскаваторе
ГЭСН	05	05-01-082	Погружение винтовых свай гидровращателем	05-01-082-14	м	При изменении глубины погружения свай на 1 м добавлять или исключать к норме 05-01-082-13
ГЭСН	05	05-01-082	Погружение винтовых свай гидровращателем	05-01-082-15	шт	Погружение винтовых свай длиной до 12 м, диаметром 325 мм на глубину 6 м гидровращателем на автомобиле
ГЭСН	05	05-01-082	Погружение винтовых свай гидровращателем	05-01-082-16	м	При изменении глубины погружения свай на 1 м добавлять или исключать к норме 05-01-082-15
ГЭСН	05	05-01-083	Устройство буровых свай с использованием технологии "вибростолб"	05-01-083-01	м сваи	Объемное виброштампование бетонной смеси при устройстве буровых свай диаметром: 750 мм
ГЭСН	05	05-01-083	Устройство буровых свай с использованием технологии "вибростолб"	05-01-083-02	м сваи	Объемное виброштампование бетонной смеси при устройстве буровых свай диаметром: 1000 мм
ГЭСН	05	05-01-083	Устройство буровых свай с использованием технологии "вибростолб"	05-01-083-03	м сваи	Объемное виброштампование бетонной смеси при устройстве буровых свай диаметром: 1500 мм
ГЭСН	05	05-01-083	Устройство буровых свай с использованием технологии "вибростолб"	05-01-083-04	м сваи	Усиление основания скважин вибровтрамбовыванием щебня при устройстве буровых свай диаметром: 750 мм
ГЭСН	05	05-01-083	Устройство буровых свай с использованием технологии "вибростолб"	05-01-083-05	м сваи	Усиление основания скважин вибровтрамбовыванием щебня при устройстве буровых свай диаметром: 1000 мм
ГЭСН	05	05-01-083	Устройство буровых свай с использованием технологии "вибростолб"	05-01-083-06	м сваи	Усиление основания скважин вибровтрамбовыванием щебня при устройстве буровых свай диаметром: 1500 мм
ГЭСН	05	05-01-083	Устройство буровых свай с использованием технологии "вибростолб"	05-01-083-07	м сваи	Устройство щебеночных буровых свай диаметром 1000 мм
ГЭСН	05	05-01-084	Устройство шпунтового ограждения из стальных труб диаметром 720 мм длиной до 20 м в грунтах 2-й категории на суше	05-01-084-01	т	Устройство шпунтового ограждения из стальных труб диаметром 720 мм длиной до 20 м универсальными буровыми комплексами мощностью 350-500 кВт в грунтах 2-й категории на суше
ГЭСН	05	05-01-084	Устройство шпунтового ограждения из стальных труб диаметром 720 мм длиной до 20 м в грунтах 2-й категории на суше	05-01-084-02	т	Устройство шпунтового ограждения из стальных труб диаметром 720 мм длиной 11,6 м в грунтах 2-й категории на суше
ГЭСН	05	05-01-085	Устройство шпунтового ограждения из стальных труб диаметром 720 мм длиной до 20 м в грунтах 2-й категории в речных условиях с плавсредств	05-01-085-01	т	Устройство шпунтового ограждения из стальных труб диаметром 720 мм длиной до 20 м универсальными буровыми комплексами мощностью 350-500 кВт в грунтах 2-й категории в речных условиях с плавсредств
ГЭСН	05	05-01-085	Устройство шпунтового ограждения из стальных труб диаметром 720 мм длиной до 20 м в грунтах 2-й категории в речных условиях с плавсредств	05-01-085-02	т	Устройство шпунтового ограждения из стальных труб диаметром 720 мм длиной 11,6 м в грунтах 2-й категории в речных условиях с плавсредств
ГЭСН	05	05-01-087	Устройство свай из трубного шпунта диаметром 720 мм установкой ударно-вращательного бурения	05-01-087-01	м	Устройство свай из трубного шпунта диаметром 720 мм установкой ударно-вращательного бурения, группа грунта: 7
ГЭСН	05	05-01-087	Устройство свай из трубного шпунта диаметром 720 мм установкой ударно-вращательного бурения	05-01-087-02	м	Устройство свай из трубного шпунта диаметром 720 мм установкой ударно-вращательного бурения, группа грунта: 9
ГЭСН	05	05-01-088	Устройство свай из трубного шпунта диаметром 1020 мм установкой ударно-вращательного бурения	05-01-088-01	м	Устройство свай из трубного шпунта диаметром 1020 мм установкой ударно-вращательного бурения, группа грунта: 7
ГЭСН	05	05-01-088	Устройство свай из трубного шпунта диаметром 1020 мм установкой ударно-вращательного бурения	05-01-088-02	м	Устройство свай из трубного шпунта диаметром 1020 мм установкой ударно-вращательного бурения, группа грунта: 9
ГЭСН	05	05-01-090	Вытрамбовывание (пробивка) скважин для устройства свай	05-01-090-01	м3	Вытрамбовывание (пробивка) скважин для устройства свай диаметром до 800 мм в грунтах: устойчивых 2-й категории
ГЭСН	05	05-01-090	Вытрамбовывание (пробивка) скважин для устройства свай	05-01-090-02	м3	Вытрамбовывание (пробивка) скважин для устройства свай диаметром до 800 мм в грунтах: неустойчивых
ГЭСН	05	05-01-091	Втрамбовывание щебня для устройства уширения основания скважин под сваи	05-01-091-01	м3	Втрамбовывание щебня для устройства уширения основания скважин под сваи
ГЭСН	05	05-01-092	Задавливание свай при усилении фундаментов	05-01-092-01	м	Задавливание свай диаметром 219 мм при усилении фундаментов
ГЭСН	05	05-01-093	Погружение железобетонных свай вдавливанием статической нагрузкой	05-01-093-01	м3	Погружение железобетонных свай вдавливанием статической нагрузкой 92 т, длина сваи 12 м
ГЭСН	05	05-01-093	Погружение железобетонных свай вдавливанием статической нагрузкой	05-01-093-02	м3	Погружение железобетонных свай вдавливанием статической нагрузкой 120 т, длина свай: до 10 м
ГЭСН	05	05-01-093	Погружение железобетонных свай вдавливанием статической нагрузкой	05-01-093-03	м3	Погружение железобетонных свай вдавливанием статической нагрузкой 120 т, длина свай: свыше 10 до 16 м
ГЭСН	05	05-01-093	Погружение железобетонных свай вдавливанием статической нагрузкой	05-01-093-04	м3	Погружение железобетонных свай вдавливанием статической нагрузкой 120 т, длина свай: свыше 16 м
ГЭСН	05	05-01-093	Погружение железобетонных свай вдавливанием статической нагрузкой	05-01-093-05	м3	Погружение железобетонных свай вдавливанием статической нагрузкой 240 т, длина свай: до 10 м
ГЭСН	05	05-01-093	Погружение железобетонных свай вдавливанием статической нагрузкой	05-01-093-06	м3	Погружение железобетонных свай вдавливанием статической нагрузкой 240 т, длина свай: свыше 10 до 16 м
ГЭСН	05	05-01-093	Погружение железобетонных свай вдавливанием статической нагрузкой	05-01-093-07	м3	Погружение железобетонных свай вдавливанием статической нагрузкой 240 т, длина свай: свыше 16 м
ГЭСН	05	05-01-093	Погружение железобетонных свай вдавливанием статической нагрузкой	05-01-093-08	м3	Погружение железобетонных свай вдавливанием статической нагрузкой 360 т, длина свай: 6-8 м
ГЭСН	05	05-01-093	Погружение железобетонных свай вдавливанием статической нагрузкой	05-01-093-09	м3	Погружение железобетонных свай вдавливанием статической нагрузкой 360 т, длина свай: 9-10 м
ГЭСН	05	05-01-093	Погружение железобетонных свай вдавливанием статической нагрузкой	05-01-093-10	м3	Погружение железобетонных свай вдавливанием статической нагрузкой 360 т, длина свай: 11-12 м
ГЭСН	05	05-01-094	Погружение методом вдавливания статической нагрузкой и извлечение стальных шпунтовых свай	05-01-094-01	т	Погружение методом вдавливания статической нагрузкой 150 т стальных шпунтовых свай массой 1 м свыше 80 кг на глубину: до 8 м
ГЭСН	05	05-01-094	Погружение методом вдавливания статической нагрузкой и извлечение стальных шпунтовых свай	05-01-094-02	т	Погружение методом вдавливания статической нагрузкой 150 т стальных шпунтовых свай массой 1 м свыше 80 кг на глубину: свыше 8 до 12 м
ГЭСН	05	05-01-094	Погружение методом вдавливания статической нагрузкой и извлечение стальных шпунтовых свай	05-01-094-03	т	Погружение методом вдавливания статической нагрузкой 150 т стальных шпунтовых свай массой 1 м свыше 80 кг на глубину: свыше 12 м
ГЭСН	05	05-01-094	Погружение методом вдавливания статической нагрузкой и извлечение стальных шпунтовых свай	05-01-094-04	т	Извлечение стальных шпунтовых свай статической нагрузкой 150 т массой 1 м свыше 80 кг, длиной: до 8 м
ГЭСН	05	05-01-094	Погружение методом вдавливания статической нагрузкой и извлечение стальных шпунтовых свай	05-01-094-05	т	Извлечение стальных шпунтовых свай статической нагрузкой 150 т массой 1 м свыше 80 кг, длиной: свыше 8 до 12 м
ГЭСН	05	05-01-094	Погружение методом вдавливания статической нагрузкой и извлечение стальных шпунтовых свай	05-01-094-06	т	Извлечение стальных шпунтовых свай статической нагрузкой 150 т массой 1 м свыше 80 кг, длиной: свыше 12 м
ГЭСН	05	05-03-001	Цементация грунтов	05-03-001-01	100 м	Цементация грунтов нисходящим способом при поглощении цемента и песка: до 200 кг
ГЭСН	05	05-03-001	Цементация грунтов	05-03-001-02	100 м	Цементация грунтов нисходящим способом при поглощении цемента и песка: свыше 200 до 400 кг
ГЭСН	05	05-03-001	Цементация грунтов	05-03-001-03	100 м	Цементация грунтов нисходящим способом при поглощении цемента и песка: свыше 400 до 800 кг
ГЭСН	05	05-03-001	Цементация грунтов	05-03-001-04	100 м	Цементация грунтов нисходящим способом при поглощении цемента и песка: свыше 800 до 1200 кг
ГЭСН	05	05-03-001	Цементация грунтов	05-03-001-05	100 м	Цементация грунтов нисходящим способом при поглощении цемента и песка: свыше 1200 до 2000 кг
ГЭСН	05	05-03-001	Цементация грунтов	05-03-001-06	100 м	Цементация грунтов нисходящим способом при поглощении цемента и песка: на каждую 1000 кг свыше 2000 кг добавлять к норме 05-03-001-05
ГЭСН	05	05-03-001	Цементация грунтов	05-03-001-07	100 м	Цементация грунтов восходящим способом при поглощении цемента и песка: до 200 кг
ГЭСН	05	05-03-001	Цементация грунтов	05-03-001-08	100 м	Цементация грунтов восходящим способом при поглощении цемента и песка: свыше 200 до 400 кг
ГЭСН	05	05-03-003	Забивка и извлечение инъекторов	05-03-003-01	100 м	Забивка и извлечение инъекторов в грунтах: 1 группы при глубине до 4 м
ГЭСН	05	05-03-003	Забивка и извлечение инъекторов	05-03-003-02	100 м	Забивка и извлечение инъекторов в грунтах: 1 группы при глубине свыше 4 до 5 м
ГЭСН	05	05-03-003	Забивка и извлечение инъекторов	05-03-003-03	100 м	Забивка и извлечение инъекторов в грунтах: 1 группы при глубине свыше 5 до 6 м
ГЭСН	05	05-03-003	Забивка и извлечение инъекторов	05-03-003-04	100 м	Забивка и извлечение инъекторов в грунтах: 1 группы при глубине свыше 6 до 7 м
ГЭСН	05	05-03-003	Забивка и извлечение инъекторов	05-03-003-05	100 м	Забивка и извлечение инъекторов в грунтах: 1 группы при глубине свыше 7 до 10 м
ГЭСН	05	05-03-003	Забивка и извлечение инъекторов	05-03-003-06	100 м	Забивка и извлечение инъекторов в грунтах: 1 группы при глубине свыше 10 до 15 м
ГЭСН	05	05-03-003	Забивка и извлечение инъекторов	05-03-003-07	100 м	Забивка и извлечение инъекторов в грунтах: 1 группы при глубине свыше 15 до 30 м
ГЭСН	05	05-03-003	Забивка и извлечение инъекторов	05-03-003-08	100 м	Забивка и извлечение инъекторов в грунтах: 2 группы при глубине до 4 м
ГЭСН	05	05-03-003	Забивка и извлечение инъекторов	05-03-003-09	100 м	Забивка и извлечение инъекторов в грунтах: 2 группы при глубине свыше 4 до 5 м
ГЭСН	05	05-03-003	Забивка и извлечение инъекторов	05-03-003-10	100 м	Забивка и извлечение инъекторов в грунтах: 2 группы при глубине свыше 5 до 6 м
ГЭСН	05	05-03-003	Забивка и извлечение инъекторов	05-03-003-11	100 м	Забивка и извлечение инъекторов в грунтах: 2 группы при глубине свыше 6 до 7 м
ГЭСН	05	05-03-003	Забивка и извлечение инъекторов	05-03-003-12	100 м	Забивка и извлечение инъекторов в грунтах: 2 группы при глубине свыше 7 до 10 м
ГЭСН	05	05-03-003	Забивка и извлечение инъекторов	05-03-003-13	100 м	Забивка и извлечение инъекторов в грунтах: 2 группы при глубине свыше 10 до 15 м
ГЭСН	05	05-03-003	Забивка и извлечение инъекторов	05-03-003-14	100 м	Забивка и извлечение инъекторов в грунтах: 2 группы при глубине свыше 15 до 30 м
ГЭСН	05	05-03-003	Забивка и извлечение инъекторов	05-03-003-15	100 м	Забивка и извлечение инъекторов в грунтах: 3 группы при глубине до 4 м
ГЭСН	05	05-03-003	Забивка и извлечение инъекторов	05-03-003-16	100 м	Забивка и извлечение инъекторов в грунтах: 3 группы при глубине свыше 4 до 5 м
ГЭСН	05	05-03-003	Забивка и извлечение инъекторов	05-03-003-17	100 м	Забивка и извлечение инъекторов в грунтах: 3 группы при глубине свыше 5 до 6 м
ГЭСН	05	05-03-003	Забивка и извлечение инъекторов	05-03-003-18	100 м	Забивка и извлечение инъекторов в грунтах: 3 группы при глубине свыше 6 до 7 м
ГЭСН	05	05-03-003	Забивка и извлечение инъекторов	05-03-003-19	100 м	Забивка и извлечение инъекторов в грунтах: 3 группы при глубине свыше 7 до 10 м
ГЭСН	05	05-03-003	Забивка и извлечение инъекторов	05-03-003-20	100 м	Забивка и извлечение инъекторов в грунтах: 3 группы при глубине свыше 10 до 15 м
ГЭСН	05	05-03-003	Забивка и извлечение инъекторов	05-03-003-21	100 м	Забивка и извлечение инъекторов в грунтах: 3 группы при глубине свыше 15 до 30 м
ГЭСН	05	05-03-004	Силикатизация и смолизация	05-03-004-01	м3	Силикатизация: однорастворная без предварительной активизации
ГЭСН	05	05-03-004	Силикатизация и смолизация	05-03-004-02	м3	Силикатизация: однорастворная с предварительной активизацией
ГЭСН	05	05-03-004	Силикатизация и смолизация	05-03-004-03	м3	Силикатизация: двухрастворная
ГЭСН	05	05-03-004	Силикатизация и смолизация	05-03-004-04	м3	Силикатизация: газовая без предварительной активизации
ГЭСН	05	05-03-004	Силикатизация и смолизация	05-03-004-05	м3	Силикатизация: газовая с предварительной активизацией
ГЭСН	05	05-03-004	Силикатизация и смолизация	05-03-004-06	м3	Силикатизация: лессовых грунтов
ГЭСН	05	05-03-004	Силикатизация и смолизация	05-03-004-07	м3	Смолизация: без предварительной активизации
ГЭСН	05	05-03-004	Силикатизация и смолизация	05-03-004-08	м3	Смолизация: с предварительной активизацией
ГЭСН	05	05-03-007	Устройство крепления стен котлована грунтовыми стержневыми инъекционными анкерами (АИ) с расчетной несущей способностью анкера по тяге до 42 тс	05-03-007-01	м анкера	Устройство крепления стен котлована грунтовыми стержневыми инъекционными анкерами (АИ) с расчетной несущей способностью анкера по тяге до 42 тс при бурении скважин в грунтах группы: 1
ГЭСН	05	05-03-007	Устройство крепления стен котлована грунтовыми стержневыми инъекционными анкерами (АИ) с расчетной несущей способностью анкера по тяге до 42 тс	05-03-007-02	м анкера	Устройство крепления стен котлована грунтовыми стержневыми инъекционными анкерами (АИ) с расчетной несущей способностью анкера по тяге до 42 тс при бурении скважин в грунтах группы: 2
ГЭСН	05	05-03-007	Устройство крепления стен котлована грунтовыми стержневыми инъекционными анкерами (АИ) с расчетной несущей способностью анкера по тяге до 42 тс	05-03-007-03	м анкера	Устройство крепления стен котлована грунтовыми стержневыми инъекционными анкерами (АИ) с расчетной несущей способностью анкера по тяге до 42 тс при бурении скважин в грунтах группы: 3
ГЭСН	05	05-03-007	Устройство крепления стен котлована грунтовыми стержневыми инъекционными анкерами (АИ) с расчетной несущей способностью анкера по тяге до 42 тс	05-03-007-04	м анкера	Устройство крепления стен котлована грунтовыми стержневыми инъекционными анкерами (АИ) с расчетной несущей способностью анкера по тяге до 42 тс при бурении скважин в грунтах группы: 4
ГЭСН	05	05-03-008	Устройство крепления стен котлована грунтовыми четырехпрядевыми анкерами с напрягаемым усилием до 61,7 тс при бурении скважин	05-03-008-01	м анкера	Устройство крепления стен котлована грунтовыми четырехпрядевыми анкерами с напрягаемым усилием до 61,7 тс при бурении скважин в грунтах группы: 1
ГЭСН	05	05-03-008	Устройство крепления стен котлована грунтовыми четырехпрядевыми анкерами с напрягаемым усилием до 61,7 тс при бурении скважин	05-03-008-02	м анкера	Устройство крепления стен котлована грунтовыми четырехпрядевыми анкерами с напрягаемым усилием до 61,7 тс при бурении скважин в грунтах группы: 2
ГЭСН	05	05-03-008	Устройство крепления стен котлована грунтовыми четырехпрядевыми анкерами с напрягаемым усилием до 61,7 тс при бурении скважин	05-03-008-03	м анкера	Устройство крепления стен котлована грунтовыми четырехпрядевыми анкерами с напрягаемым усилием до 61,7 тс при бурении скважин в грунтах группы: 3
ГЭСН	05	05-03-008	Устройство крепления стен котлована грунтовыми четырехпрядевыми анкерами с напрягаемым усилием до 61,7 тс при бурении скважин	05-03-008-04	м анкера	Устройство крепления стен котлована грунтовыми четырехпрядевыми анкерами с напрягаемым усилием до 61,7 тс при бурении скважин в грунтах группы: 4
ГЭСН	05	05-03-009	Устройство траншеи гидрофрезой для сооружения методом "стена в грунте"	05-03-009-01	м3 траншеи	Устройство траншеи гидрофрезой для сооружения методом "стена в грунте" в грунтах группы: 1
ГЭСН	05	05-03-009	Устройство траншеи гидрофрезой для сооружения методом "стена в грунте"	05-03-009-02	м3 траншеи	Устройство траншеи гидрофрезой для сооружения методом "стена в грунте" в грунтах группы: 2
ГЭСН	05	05-03-009	Устройство траншеи гидрофрезой для сооружения методом "стена в грунте"	05-03-009-03	м3 траншеи	Устройство траншеи гидрофрезой для сооружения методом "стена в грунте" в грунтах группы: 3
ГЭСН	05	05-03-009	Устройство траншеи гидрофрезой для сооружения методом "стена в грунте"	05-03-009-04	м3 траншеи	Устройство траншеи гидрофрезой для сооружения методом "стена в грунте" в грунтах группы: 4
ГЭСН	05	05-03-009	Устройство траншеи гидрофрезой для сооружения методом "стена в грунте"	05-03-009-05	м3 траншеи	Устройство траншеи гидрофрезой для сооружения методом "стена в грунте" в грунтах группы: 5
ГЭСН	05	05-03-009	Устройство траншеи гидрофрезой для сооружения методом "стена в грунте"	05-03-009-06	м3 траншеи	Устройство траншеи гидрофрезой для сооружения методом "стена в грунте" в грунтах группы: 6
ГЭСН	05	05-03-009	Устройство траншеи гидрофрезой для сооружения методом "стена в грунте"	05-03-009-07	м3 траншеи	Устройство траншеи гидрофрезой для сооружения методом "стена в грунте" в грунтах группы: 7
ГЭСН	05	05-03-011	Устройство укрепительной подпорной стенки из монолитного железобетона в металлической опалубке с подачей и укладкой бетонной смеси автобетононасосом при строите	05-03-011-01	м3	Устройство укрепительной подпорной стенки из монолитного железобетона в металлической опалубке с подачей и укладкой бетонной смеси автобетононасосом
ГЭСН	05	05-03-012	Преобразование свойств слабонесущих водонасыщенных грунтов методом устройства грунтовых колонн	05-03-012-01	10 м	Преобразование свойств слабонесущих водонасыщенных грунтов методом устройства грунтовых колонн: диаметром 540 мм
ГЭСН	05	05-03-013	Устройство самораскрывающихся грунтовых анкеров якорного типа на склонах в горной местности	05-03-013-01	шт	Устройство самораскрывающихся грунтовых анкеров якорного типа длиной 2 м с разрушающей нагрузкой не менее 45 кН и диаметром стержня 12 мм, при производстве работ с использованием ручных инструментов н
ГЭСН	05	05-03-013	Устройство самораскрывающихся грунтовых анкеров якорного типа на склонах в горной местности	05-03-013-02	шт	Устройство самораскрывающихся грунтовых анкеров якорного типа длиной 2 м с разрушающей нагрузкой не менее 45 кН и диаметром стержня 12 мм, при производстве работ с использованием ручных инструментов н
ГЭСН	05	05-03-013	Устройство самораскрывающихся грунтовых анкеров якорного типа на склонах в горной местности	05-03-013-03	шт	Устройство самораскрывающихся грунтовых анкеров якорного типа длиной 2 м с разрушающей нагрузкой не менее 45 кН и диаметром стержня 12 мм, при производстве работ механизированным способом на склонах: 
ГЭСН	05	05-03-013	Устройство самораскрывающихся грунтовых анкеров якорного типа на склонах в горной местности	05-03-013-04	шт	Устройство самораскрывающихся грунтовых анкеров якорного типа длиной 2 м с разрушающей нагрузкой не менее 45 кН и диаметром стержня 12 мм, при производстве работ механизированным способом на склонах: 
ГЭСН	05	05-03-013	Устройство самораскрывающихся грунтовых анкеров якорного типа на склонах в горной местности	05-03-013-05	шт	Устройство самораскрывающихся грунтовых анкеров якорного типа длиной 2 м с разрушающей нагрузкой не менее 120 кН и диаметром стержня 16 мм, при производстве работ механизированным способом на склонах:
ГЭСН	05	05-03-013	Устройство самораскрывающихся грунтовых анкеров якорного типа на склонах в горной местности	05-03-013-06	шт	Устройство самораскрывающихся грунтовых анкеров якорного типа длиной 2 м с разрушающей нагрузкой не менее 120 кН и диаметром стержня 16 мм, при производстве работ механизированным способом на склонах:
ГЭСН	05	05-03-013	Устройство самораскрывающихся грунтовых анкеров якорного типа на склонах в горной местности	05-03-013-07	м	На каждый метр изменения длины самораскрывающегося анкера добавлять или исключать: к норме 05-03-013-01
ГЭСН	05	05-03-013	Устройство самораскрывающихся грунтовых анкеров якорного типа на склонах в горной местности	05-03-013-08	м	На каждый метр изменения длины самораскрывающегося анкера добавлять или исключать: к норме 05-03-013-02
ГЭСН	05	05-03-013	Устройство самораскрывающихся грунтовых анкеров якорного типа на склонах в горной местности	05-03-013-09	м	На каждый метр изменения длины самораскрывающегося анкера добавлять или исключать: к норме 05-03-013-03
ГЭСН	05	05-03-013	Устройство самораскрывающихся грунтовых анкеров якорного типа на склонах в горной местности	05-03-013-10	м	На каждый метр изменения длины самораскрывающегося анкера добавлять или исключать: к норме 05-03-013-04
ГЭСН	05	05-03-013	Устройство самораскрывающихся грунтовых анкеров якорного типа на склонах в горной местности	05-03-013-11	м	На каждый метр изменения длины самораскрывающегося анкера добавлять или исключать: к норме 05-03-013-05
ГЭСН	05	05-03-013	Устройство самораскрывающихся грунтовых анкеров якорного типа на склонах в горной местности	05-03-013-12	м	На каждый метр изменения длины самораскрывающегося анкера добавлять или исключать: к норме 05-03-013-06
ГЭСН	05	05-03-020	Устройство буроинъекционных свай в готовых скважинах с использованием разрядно-импульсной технологии (РИТ)	05-03-020-01	м	Устройство буроинъекционных свай в готовых скважинах с использованием разрядно-импульсной технологии (РИТ), диаметр скважин: до 120 мм
ГЭСН	05	05-03-020	Устройство буроинъекционных свай в готовых скважинах с использованием разрядно-импульсной технологии (РИТ)	05-03-020-02	м	Устройство буроинъекционных свай в готовых скважинах с использованием разрядно-импульсной технологии (РИТ), диаметр скважин: свыше 120 до 150 мм
ГЭСН	05	05-03-020	Устройство буроинъекционных свай в готовых скважинах с использованием разрядно-импульсной технологии (РИТ)	05-03-020-03	м	Устройство буроинъекционных свай в готовых скважинах с использованием разрядно-импульсной технологии (РИТ), диаметр скважин: свыше 150 до 200 мм
ГЭСН	05	05-03-020	Устройство буроинъекционных свай в готовых скважинах с использованием разрядно-импульсной технологии (РИТ)	05-03-020-04	м	Устройство буроинъекционных свай в готовых скважинах с использованием разрядно-импульсной технологии (РИТ), диаметр скважин: свыше 200 до 300 мм
ГЭСН	05	05-03-031	Крепление грунта методом струйной цементации вертикальными грунтоцементными сваями	05-03-031-01	100 м	Роторное бурение лидерных скважин с прямой промывкой, при однокомпонентной технологии (jet1) в грунтах 1-2 групп глубиной бурения: до 10 м
ГЭСН	05	05-03-031	Крепление грунта методом струйной цементации вертикальными грунтоцементными сваями	05-03-031-02	100 м	Роторное бурение лидерных скважин с прямой промывкой, при однокомпонентной технологии (jet1) в грунтах 1-2 групп глубиной бурения: свыше 10 до 20 м
ГЭСН	05	05-03-031	Крепление грунта методом струйной цементации вертикальными грунтоцементными сваями	05-03-031-03	100 м	Роторное бурение лидерных скважин с прямой промывкой, при однокомпонентной технологии (jet1) в грунтах 1-2 групп глубиной бурения: свыше 20 м
ГЭСН	05	05-03-031	Крепление грунта методом струйной цементации вертикальными грунтоцементными сваями	05-03-031-04	100 м	Роторное бурение лидерных скважин с прямой промывкой, при двухкомпонентной технологии (jet2) в грунтах 1-2 групп глубиной бурения: до 10 м
ГЭСН	05	05-03-031	Крепление грунта методом струйной цементации вертикальными грунтоцементными сваями	05-03-031-05	100 м	Роторное бурение лидерных скважин с прямой промывкой, при двухкомпонентной технологии (jet2) в грунтах 1-2 групп глубиной бурения: свыше 10 до 20 м
ГЭСН	05	05-03-031	Крепление грунта методом струйной цементации вертикальными грунтоцементными сваями	05-03-031-06	100 м	Роторное бурение лидерных скважин с прямой промывкой, при двухкомпонентной технологии (jet2) в грунтах 1-2 групп глубиной бурения: свыше 20 м
ГЭСН	05	05-03-031	Крепление грунта методом струйной цементации вертикальными грунтоцементными сваями	05-03-031-07	100 м	Устройство свай методом струйной цементации по однокомпонентной технологии (jet1) в связных грунтах, длиной до 10 м, диаметром: до 500 мм
ГЭСН	05	05-03-031	Крепление грунта методом струйной цементации вертикальными грунтоцементными сваями	05-03-031-08	100 м	Устройство свай методом струйной цементации по однокомпонентной технологии (jet1) в связных грунтах, длиной до 10 м, диаметром: свыше 500 до 600 мм
ГЭСН	05	05-03-031	Крепление грунта методом струйной цементации вертикальными грунтоцементными сваями	05-03-031-09	100 м	Устройство свай методом струйной цементации по однокомпонентной технологии (jet1) в связных грунтах, длиной до 10 м, диаметром: свыше 600 до 700 мм
ГЭСН	05	05-03-031	Крепление грунта методом струйной цементации вертикальными грунтоцементными сваями	05-03-031-10	100 м	Устройство свай методом струйной цементации по однокомпонентной технологии (jet1) в связных грунтах, длиной до 10 м, диаметром: свыше 700 до 800 мм
ГЭСН	05	05-03-031	Крепление грунта методом струйной цементации вертикальными грунтоцементными сваями	05-03-031-11	100 м	Устройство свай методом струйной цементации по однокомпонентной технологии (jet1) в связных грунтах, длиной свыше 10 до 20 м, диаметром: до 500 мм
ГЭСН	05	05-03-031	Крепление грунта методом струйной цементации вертикальными грунтоцементными сваями	05-03-031-12	100 м	Устройство свай методом струйной цементации по однокомпонентной технологии (jet1) в связных грунтах, длиной свыше 10 до 20 м, диаметром: свыше 500 до 600 мм
ГЭСН	05	05-03-031	Крепление грунта методом струйной цементации вертикальными грунтоцементными сваями	05-03-031-13	100 м	Устройство свай методом струйной цементации по однокомпонентной технологии (jet1) в связных грунтах, длиной свыше 10 до 20 м, диаметром: свыше 600 до 700 мм
ГЭСН	05	05-03-031	Крепление грунта методом струйной цементации вертикальными грунтоцементными сваями	05-03-031-14	100 м	Устройство свай методом струйной цементации по однокомпонентной технологии (jet1) в связных грунтах, длиной свыше 10 до 20 м, диаметром: свыше 700 до 800 мм
ГЭСН	05	05-03-031	Крепление грунта методом струйной цементации вертикальными грунтоцементными сваями	05-03-031-15	100 м	Устройство свай методом струйной цементации по однокомпонентной технологии (jet1) в связных грунтах, длиной свыше 20 м, диаметром: до 500 мм
ГЭСН	05	05-03-031	Крепление грунта методом струйной цементации вертикальными грунтоцементными сваями	05-03-031-16	100 м	Устройство свай методом струйной цементации по однокомпонентной технологии (jet1) в связных грунтах, длиной свыше 20 м, диаметром: свыше 500 до 600 мм
ГЭСН	05	05-03-031	Крепление грунта методом струйной цементации вертикальными грунтоцементными сваями	05-03-031-17	100 м	Устройство свай методом струйной цементации по однокомпонентной технологии (jet1) в связных грунтах, длиной свыше 20 м, диаметром: свыше 600 до 700 мм
ГЭСН	05	05-03-031	Крепление грунта методом струйной цементации вертикальными грунтоцементными сваями	05-03-031-18	100 м	Устройство свай методом струйной цементации по однокомпонентной технологии (jet1) в связных грунтах, длиной свыше 20 м, диаметром: свыше 700 до 800 мм
ГЭСН	05	05-03-031	Крепление грунта методом струйной цементации вертикальными грунтоцементными сваями	05-03-031-19	100 м	Устройство свай методом струйной цементации по однокомпонентной технологии (jet1) в несвязных грунтах, длиной до 10 м, диаметром: до 500 мм
ГЭСН	05	05-03-031	Крепление грунта методом струйной цементации вертикальными грунтоцементными сваями	05-03-031-20	100 м	Устройство свай методом струйной цементации по однокомпонентной технологии (jet1) в несвязных грунтах, длиной до 10 м, диаметром: свыше 500 до 600 мм
ГЭСН	05	05-03-031	Крепление грунта методом струйной цементации вертикальными грунтоцементными сваями	05-03-031-21	100 м	Устройство свай методом струйной цементации по однокомпонентной технологии (jet1) в несвязных грунтах, длиной до 10 м, диаметром: свыше 600 до 700 мм
ГЭСН	05	05-03-031	Крепление грунта методом струйной цементации вертикальными грунтоцементными сваями	05-03-031-22	100 м	Устройство свай методом струйной цементации по однокомпонентной технологии (jet1) в несвязных грунтах, длиной до 10 м, диаметром: свыше 700 до 800 мм
ГЭСН	05	05-03-031	Крепление грунта методом струйной цементации вертикальными грунтоцементными сваями	05-03-031-23	100 м	Устройство свай методом струйной цементации по однокомпонентной технологии (jet1) в несвязных грунтах, длиной до 10 м, диаметром: свыше 800 до 900 мм
ГЭСН	05	05-03-031	Крепление грунта методом струйной цементации вертикальными грунтоцементными сваями	05-03-031-24	100 м	Устройство свай методом струйной цементации по однокомпонентной технологии (jet1) в несвязных грунтах, длиной до 10 м, диаметром: свыше 900 до 1000 мм
ГЭСН	05	05-03-031	Крепление грунта методом струйной цементации вертикальными грунтоцементными сваями	05-03-031-25	100 м	Устройство свай методом струйной цементации по однокомпонентной технологии (jet1) в несвязных грунтах, длиной до 10 м, диаметром: свыше 1000 до 1100 мм
ГЭСН	05	05-03-031	Крепление грунта методом струйной цементации вертикальными грунтоцементными сваями	05-03-031-26	100 м	Устройство свай методом струйной цементации по однокомпонентной технологии (jet1) в несвязных грунтах, длиной свыше 10 до 20 м, диаметром: до 500 мм
ГЭСН	05	05-03-031	Крепление грунта методом струйной цементации вертикальными грунтоцементными сваями	05-03-031-27	100 м	Устройство свай методом струйной цементации по однокомпонентной технологии (jet1) в несвязных грунтах, длиной свыше 10 до 20 м, диаметром: свыше 500 до 600 мм
ГЭСН	05	05-03-031	Крепление грунта методом струйной цементации вертикальными грунтоцементными сваями	05-03-031-28	100 м	Устройство свай методом струйной цементации по однокомпонентной технологии (jet1) в несвязных грунтах, длиной свыше 10 до 20 м, диаметром: свыше 600 до 700 мм
ГЭСН	05	05-03-031	Крепление грунта методом струйной цементации вертикальными грунтоцементными сваями	05-03-031-29	100 м	Устройство свай методом струйной цементации по однокомпонентной технологии (jet1) в несвязных грунтах, длиной свыше 10 до 20 м, диаметром: свыше 700 до 800 мм
ГЭСН	05	05-03-031	Крепление грунта методом струйной цементации вертикальными грунтоцементными сваями	05-03-031-30	100 м	Устройство свай методом струйной цементации по однокомпонентной технологии (jet1) в несвязных грунтах, длиной свыше 10 до 20 м, диаметром: свыше 800 до 900 мм
ГЭСН	05	05-03-031	Крепление грунта методом струйной цементации вертикальными грунтоцементными сваями	05-03-031-31	100 м	Устройство свай методом струйной цементации по однокомпонентной технологии (jet1) в несвязных грунтах, длиной свыше 10 до 20 м, диаметром: свыше 900 до 1000 мм
ГЭСН	05	05-03-031	Крепление грунта методом струйной цементации вертикальными грунтоцементными сваями	05-03-031-32	100 м	Устройство свай методом струйной цементации по однокомпонентной технологии (jet1) в несвязных грунтах, длиной свыше 10 до 20 м, диаметром: свыше 1000 до 1100 мм
ГЭСН	05	05-03-031	Крепление грунта методом струйной цементации вертикальными грунтоцементными сваями	05-03-031-33	100 м	Устройство свай методом струйной цементации по однокомпонентной технологии (jet1) в несвязных грунтах, длиной свыше 20 м, диаметром: до 500 мм
ГЭСН	05	05-03-031	Крепление грунта методом струйной цементации вертикальными грунтоцементными сваями	05-03-031-34	100 м	Устройство свай методом струйной цементации по однокомпонентной технологии (jet1) в несвязных грунтах, длиной свыше 20 м, диаметром: свыше 500 до 600 мм
ГЭСН	05	05-03-031	Крепление грунта методом струйной цементации вертикальными грунтоцементными сваями	05-03-031-35	100 м	Устройство свай методом струйной цементации по однокомпонентной технологии (jet1) в несвязных грунтах, длиной свыше 20 м, диаметром: свыше 600 до 700 мм
ГЭСН	05	05-03-031	Крепление грунта методом струйной цементации вертикальными грунтоцементными сваями	05-03-031-36	100 м	Устройство свай методом струйной цементации по однокомпонентной технологии (jet1) в несвязных грунтах, длиной свыше 20 м, диаметром: свыше 700 до 800 мм
ГЭСН	05	05-03-031	Крепление грунта методом струйной цементации вертикальными грунтоцементными сваями	05-03-031-37	100 м	Устройство свай методом струйной цементации по однокомпонентной технологии (jet1) в несвязных грунтах, длиной свыше 20 м, диаметром: свыше 800 до 900 мм
ГЭСН	05	05-03-031	Крепление грунта методом струйной цементации вертикальными грунтоцементными сваями	05-03-031-38	100 м	Устройство свай методом струйной цементации по однокомпонентной технологии (jet1) в несвязных грунтах, длиной свыше 20 м, диаметром: свыше 900 до 1000 мм
ГЭСН	05	05-03-031	Крепление грунта методом струйной цементации вертикальными грунтоцементными сваями	05-03-031-39	100 м	Устройство свай методом струйной цементации по однокомпонентной технологии (jet1) в несвязных грунтах, длиной свыше 20 м, диаметром: свыше 1000 до 1100 мм
ГЭСН	05	05-03-031	Крепление грунта методом струйной цементации вертикальными грунтоцементными сваями	05-03-031-40	100 м	Устройство свай методом струйной цементации по двухкомпонентной технологии (jet2) в связных грунтах, длиной до 10 м, диаметром: свыше 800 до 900 мм
ГЭСН	05	05-03-031	Крепление грунта методом струйной цементации вертикальными грунтоцементными сваями	05-03-031-41	100 м	Устройство свай методом струйной цементации по двухкомпонентной технологии (jet2) в связных грунтах, длиной до 10 м, диаметром: свыше 900 до 1000 мм
ГЭСН	05	05-03-031	Крепление грунта методом струйной цементации вертикальными грунтоцементными сваями	05-03-031-42	100 м	Устройство свай методом струйной цементации по двухкомпонентной технологии (jet2) в связных грунтах, длиной до 10 м, диаметром: свыше 1000 до 1100 мм
ГЭСН	05	05-03-031	Крепление грунта методом струйной цементации вертикальными грунтоцементными сваями	05-03-031-43	100 м	Устройство свай методом струйной цементации по двухкомпонентной технологии (jet2) в связных грунтах, длиной до 10 м, диаметром: свыше 1100 до 1200 мм
ГЭСН	05	05-03-031	Крепление грунта методом струйной цементации вертикальными грунтоцементными сваями	05-03-031-44	100 м	Устройство свай методом струйной цементации по двухкомпонентной технологии (jet2) в связных грунтах, длиной до 10 м, диаметром: свыше 1200 до 1300 мм
ГЭСН	05	05-03-031	Крепление грунта методом струйной цементации вертикальными грунтоцементными сваями	05-03-031-45	100 м	Устройство свай методом струйной цементации по двухкомпонентной технологии (jet2) в связных грунтах, длиной свыше 10 до 20 м, диаметром: свыше 800 до 900 мм
ГЭСН	05	05-03-031	Крепление грунта методом струйной цементации вертикальными грунтоцементными сваями	05-03-031-46	100 м	Устройство свай методом струйной цементации по двухкомпонентной технологии (jet2) в связных грунтах, длиной свыше 10 до 20 м, диаметром: свыше 900 до 1000 мм
ГЭСН	05	05-03-031	Крепление грунта методом струйной цементации вертикальными грунтоцементными сваями	05-03-031-47	100 м	Устройство свай методом струйной цементации по двухкомпонентной технологии (jet2) в связных грунтах, длиной свыше 10 до 20 м, диаметром: свыше 1000 до 1100 мм
ГЭСН	05	05-03-031	Крепление грунта методом струйной цементации вертикальными грунтоцементными сваями	05-03-031-48	100 м	Устройство свай методом струйной цементации по двухкомпонентной технологии (jet2) в связных грунтах, длиной свыше 10 до 20 м, диаметром: свыше 1100 до 1200 мм
ГЭСН	05	05-03-031	Крепление грунта методом струйной цементации вертикальными грунтоцементными сваями	05-03-031-49	100 м	Устройство свай методом струйной цементации по двухкомпонентной технологии (jet2) в связных грунтах, длиной свыше 10 до 20 м, диаметром: свыше 1200 до 1300 мм
ГЭСН	05	05-03-031	Крепление грунта методом струйной цементации вертикальными грунтоцементными сваями	05-03-031-50	100 м	Устройство свай методом струйной цементации по двухкомпонентной технологии (jet2) в связных грунтах, длиной свыше 20 м, диаметром: свыше 800 до 900 мм
ГЭСН	05	05-03-031	Крепление грунта методом струйной цементации вертикальными грунтоцементными сваями	05-03-031-51	100 м	Устройство свай методом струйной цементации по двухкомпонентной технологии (jet2) в связных грунтах, длиной свыше 20 м, диаметром: свыше 900 до 1000 мм
ГЭСН	05	05-03-031	Крепление грунта методом струйной цементации вертикальными грунтоцементными сваями	05-03-031-52	100 м	Устройство свай методом струйной цементации по двухкомпонентной технологии (jet2) в связных грунтах, длиной свыше 20 м, диаметром: свыше 1000 до 1100 мм
ГЭСН	05	05-03-031	Крепление грунта методом струйной цементации вертикальными грунтоцементными сваями	05-03-031-53	100 м	Устройство свай методом струйной цементации по двухкомпонентной технологии (jet2) в связных грунтах, длиной свыше 20 м, диаметром: свыше 1100 до 1200 мм
ГЭСН	05	05-03-031	Крепление грунта методом струйной цементации вертикальными грунтоцементными сваями	05-03-031-54	100 м	Устройство свай методом струйной цементации по двухкомпонентной технологии (jet2) в связных грунтах, длиной свыше 20 м, диаметром: свыше 1200 до 1300 мм
ГЭСН	05	05-03-031	Крепление грунта методом струйной цементации вертикальными грунтоцементными сваями	05-03-031-55	100 м	Устройство свай методом струйной цементации по двухкомпонентной технологии (jet2) в несвязных грунтах, длиной до 10 м, диаметром: свыше 1100 до 1200 мм
ГЭСН	05	05-03-031	Крепление грунта методом струйной цементации вертикальными грунтоцементными сваями	05-03-031-56	100 м	Устройство свай методом струйной цементации по двухкомпонентной технологии (jet2) в несвязных грунтах, длиной до 10 м, диаметром: свыше 1200 до 1300 мм
ГЭСН	05	05-03-031	Крепление грунта методом струйной цементации вертикальными грунтоцементными сваями	05-03-031-57	100 м	Устройство свай методом струйной цементации по двухкомпонентной технологии (jet2) в несвязных грунтах, длиной до 10 м, диаметром: свыше 1300 до 1400 мм
ГЭСН	05	05-03-031	Крепление грунта методом струйной цементации вертикальными грунтоцементными сваями	05-03-031-58	100 м	Устройство свай методом струйной цементации по двухкомпонентной технологии (jet2) в несвязных грунтах, длиной до 10 м, диаметром: свыше 1400 до 1500 мм
ГЭСН	05	05-03-031	Крепление грунта методом струйной цементации вертикальными грунтоцементными сваями	05-03-031-59	100 м	Устройство свай методом струйной цементации по двухкомпонентной технологии (jet2) в несвязных грунтах, длиной до 10 м, диаметром: свыше 1500 до 1600 мм
ГЭСН	05	05-03-031	Крепление грунта методом струйной цементации вертикальными грунтоцементными сваями	05-03-031-60	100 м	Устройство свай методом струйной цементации по двухкомпонентной технологии (jet2) в несвязных грунтах, длиной до 10 м, диаметром: свыше 1600 до 1700 мм
ГЭСН	05	05-03-031	Крепление грунта методом струйной цементации вертикальными грунтоцементными сваями	05-03-031-61	100 м	Устройство свай методом струйной цементации по двухкомпонентной технологии (jet2) в несвязных грунтах, длиной до 10 м, диаметром: свыше 1700 до 1800 мм
ГЭСН	05	05-03-031	Крепление грунта методом струйной цементации вертикальными грунтоцементными сваями	05-03-031-62	100 м	Устройство свай методом струйной цементации по двухкомпонентной технологии (jet2) в несвязных грунтах, длиной до 10 м, диаметром: свыше 1800 до 1900 мм
ГЭСН	05	05-03-031	Крепление грунта методом струйной цементации вертикальными грунтоцементными сваями	05-03-031-63	100 м	Устройство свай методом струйной цементации по двухкомпонентной технологии (jet2) в несвязных грунтах, длиной до 10 м, диаметром: свыше 1900 до 2000 мм
ГЭСН	05	05-03-031	Крепление грунта методом струйной цементации вертикальными грунтоцементными сваями	05-03-031-64	100 м	Устройство свай методом струйной цементации по двухкомпонентной технологии (jet2) в несвязных грунтах, длиной свыше 10 до 20 м, диаметром: свыше 1100 до 1200 мм
ГЭСН	05	05-03-031	Крепление грунта методом струйной цементации вертикальными грунтоцементными сваями	05-03-031-65	100 м	Устройство свай методом струйной цементации по двухкомпонентной технологии (jet2) в несвязных грунтах, длиной свыше 10 до 20 м, диаметром: свыше 1200 до 1300 мм
ГЭСН	05	05-03-031	Крепление грунта методом струйной цементации вертикальными грунтоцементными сваями	05-03-031-66	100 м	Устройство свай методом струйной цементации по двухкомпонентной технологии (jet2) в несвязных грунтах, длиной свыше 10 до 20 м, диаметром: свыше 1300 до 1400 мм
ГЭСН	05	05-03-031	Крепление грунта методом струйной цементации вертикальными грунтоцементными сваями	05-03-031-67	100 м	Устройство свай методом струйной цементации по двухкомпонентной технологии (jet2) в несвязных грунтах, длиной свыше 10 до 20 м, диаметром: свыше 1400 до 1500 мм
ГЭСН	05	05-03-031	Крепление грунта методом струйной цементации вертикальными грунтоцементными сваями	05-03-031-68	100 м	Устройство свай методом струйной цементации по двухкомпонентной технологии (jet2) в несвязных грунтах, длиной свыше 10 до 20 м, диаметром: свыше 1500 до 1600 мм
ГЭСН	05	05-03-031	Крепление грунта методом струйной цементации вертикальными грунтоцементными сваями	05-03-031-69	100 м	Устройство свай методом струйной цементации по двухкомпонентной технологии (jet2) в несвязных грунтах, длиной свыше 10 до 20 м, диаметром: свыше 1600 до 1700 мм
ГЭСН	05	05-03-031	Крепление грунта методом струйной цементации вертикальными грунтоцементными сваями	05-03-031-70	100 м	Устройство свай методом струйной цементации по двухкомпонентной технологии (jet2) в несвязных грунтах, длиной свыше 10 до 20 м, диаметром: свыше 1700 до 1800 мм
ГЭСН	05	05-03-031	Крепление грунта методом струйной цементации вертикальными грунтоцементными сваями	05-03-031-71	100 м	Устройство свай методом струйной цементации по двухкомпонентной технологии (jet2) в несвязных грунтах, длиной свыше 10 до 20 м, диаметром: свыше 1800 до 1900 мм
ГЭСН	05	05-03-031	Крепление грунта методом струйной цементации вертикальными грунтоцементными сваями	05-03-031-72	100 м	Устройство свай методом струйной цементации по двухкомпонентной технологии (jet2) в несвязных грунтах, длиной свыше 10 до 20 м, диаметром: свыше 1900 до 2000 мм
ГЭСН	05	05-03-031	Крепление грунта методом струйной цементации вертикальными грунтоцементными сваями	05-03-031-73	100 м	Устройство свай методом струйной цементации по двухкомпонентной технологии (jet2) в несвязных грунтах, длиной свыше 20 м, диаметром: свыше 1100 до 1200 мм
ГЭСН	05	05-03-031	Крепление грунта методом струйной цементации вертикальными грунтоцементными сваями	05-03-031-74	100 м	Устройство свай методом струйной цементации по двухкомпонентной технологии (jet2) в несвязных грунтах, длиной свыше 20 м, диаметром: свыше 1200 до 1300 мм
ГЭСН	05	05-03-031	Крепление грунта методом струйной цементации вертикальными грунтоцементными сваями	05-03-031-75	100 м	Устройство свай методом струйной цементации по двухкомпонентной технологии (jet2) в несвязных грунтах, длиной свыше 20 м, диаметром: свыше 1300 до 1400 мм
ГЭСН	05	05-03-031	Крепление грунта методом струйной цементации вертикальными грунтоцементными сваями	05-03-031-76	100 м	Устройство свай методом струйной цементации по двухкомпонентной технологии (jet2) в несвязных грунтах, длиной свыше 20 м, диаметром: свыше 1400 до 1500 мм
ГЭСН	05	05-03-031	Крепление грунта методом струйной цементации вертикальными грунтоцементными сваями	05-03-031-77	100 м	Устройство свай методом струйной цементации по двухкомпонентной технологии (jet2) в несвязных грунтах, длиной свыше 20 м, диаметром: свыше 1500 до 1600 мм
ГЭСН	05	05-03-031	Крепление грунта методом струйной цементации вертикальными грунтоцементными сваями	05-03-031-78	100 м	Устройство свай методом струйной цементации по двухкомпонентной технологии (jet2) в несвязных грунтах, длиной свыше 20 м, диаметром: свыше 1600 до 1700 мм
ГЭСН	05	05-03-031	Крепление грунта методом струйной цементации вертикальными грунтоцементными сваями	05-03-031-79	100 м	Устройство свай методом струйной цементации по двухкомпонентной технологии (jet2) в несвязных грунтах, длиной свыше 20 м, диаметром: свыше 1700 до 1800 мм
ГЭСН	05	05-03-031	Крепление грунта методом струйной цементации вертикальными грунтоцементными сваями	05-03-031-80	100 м	Устройство свай методом струйной цементации по двухкомпонентной технологии (jet2) в несвязных грунтах, длиной свыше 20 м, диаметром: свыше 1800 до 1900 мм
ГЭСН	05	05-03-031	Крепление грунта методом струйной цементации вертикальными грунтоцементными сваями	05-03-031-81	100 м	Устройство свай методом струйной цементации по двухкомпонентной технологии (jet2) в несвязных грунтах, длиной свыше 20 м, диаметром: свыше 1900 до 2000 мм
ГЭСН	05	05-03-032	Устройство траншей широкозахватным грейфером методом "стена в грунте"	05-03-032-01	100 м3	Устройство траншей широкозахватным грейфером методом "стена в грунте" под глинистым раствором шириной 0,6-0,8 м глубиной до 15 м в грунтах группы: 1
ГЭСН	05	05-03-032	Устройство траншей широкозахватным грейфером методом "стена в грунте"	05-03-032-02	100 м3	Устройство траншей широкозахватным грейфером методом "стена в грунте" под глинистым раствором шириной 0,6-0,8 м глубиной до 15 м в грунтах группы: 2
ГЭСН	05	05-03-032	Устройство траншей широкозахватным грейфером методом "стена в грунте"	05-03-032-03	100 м3	Устройство траншей широкозахватным грейфером методом "стена в грунте" под глинистым раствором шириной 0,6-0,8 м глубиной до 15 м в грунтах группы: 3
ГЭСН	05	05-03-032	Устройство траншей широкозахватным грейфером методом "стена в грунте"	05-03-032-04	100 м3	Устройство траншей широкозахватным грейфером методом "стена в грунте" под глинистым раствором шириной 0,6-0,8 м глубиной до 15 м в грунтах группы: 4
ГЭСН	05	05-03-032	Устройство траншей широкозахватным грейфером методом "стена в грунте"	05-03-032-05	100 м3	Устройство траншей широкозахватным грейфером методом "стена в грунте" под глинистым раствором шириной 0,6-0,8 м глубиной до 15 м в грунтах группы: 5
ГЭСН	05	05-03-032	Устройство траншей широкозахватным грейфером методом "стена в грунте"	05-03-032-06	100 м3	Устройство траншей широкозахватным грейфером методом "стена в грунте" под глинистым раствором шириной 0,6-0,8 м глубиной свыше 15 м в грунтах группы: 1
ГЭСН	05	05-03-032	Устройство траншей широкозахватным грейфером методом "стена в грунте"	05-03-032-07	100 м3	Устройство траншей широкозахватным грейфером методом "стена в грунте" под глинистым раствором шириной 0,6-0,8 м глубиной свыше 15 м в грунтах группы: 2
ГЭСН	05	05-03-032	Устройство траншей широкозахватным грейфером методом "стена в грунте"	05-03-032-08	100 м3	Устройство траншей широкозахватным грейфером методом "стена в грунте" под глинистым раствором шириной 0,6-0,8 м глубиной свыше 15 м в грунтах группы: 3
ГЭСН	05	05-03-032	Устройство траншей широкозахватным грейфером методом "стена в грунте"	05-03-032-09	100 м3	Устройство траншей широкозахватным грейфером методом "стена в грунте" под глинистым раствором шириной 0,6-0,8 м глубиной свыше 15 м в грунтах группы: 4
ГЭСН	05	05-03-032	Устройство траншей широкозахватным грейфером методом "стена в грунте"	05-03-032-10	100 м3	Устройство траншей широкозахватным грейфером методом "стена в грунте" под глинистым раствором шириной 0,6-0,8 м глубиной свыше 15 м в грунтах группы: 5
ГЭСН	05	05-03-032	Устройство траншей широкозахватным грейфером методом "стена в грунте"	05-03-032-11	т	Установка арматурного каркаса в траншею, сооружаемую широкозахватным грейфером методом "стена в грунте" под глинистым раствором, глубиной: до 15 м
ГЭСН	05	05-03-032	Устройство траншей широкозахватным грейфером методом "стена в грунте"	05-03-032-12	т	Установка арматурного каркаса в траншею, сооружаемую широкозахватным грейфером методом "стена в грунте" под глинистым раствором, глубиной: свыше 15 м
ГЭСН	05	05-03-032	Устройство траншей широкозахватным грейфером методом "стена в грунте"	05-03-032-13	100 м3	Укладка бетона с применением вертикально-перемещающейся трубы под глинистым раствором
ГЭСН	05	05-03-032	Устройство траншей широкозахватным грейфером методом "стена в грунте"	05-03-032-14	10 т	Монтаж и демонтаж разделительного элемента
ГЭСН	06	06-01-001	Устройство бетонной подготовки и фундаментов общего назначения	06-01-001-01	100 м3	Устройство бетонной подготовки
ГЭСН	06	06-01-001	Устройство бетонной подготовки и фундаментов общего назначения	06-01-001-13	100 м3	Устройство фундаментов-столбов: бетонных
ГЭСН	06	06-01-001	Устройство бетонной подготовки и фундаментов общего назначения	06-01-001-14	100 м3	Устройство фундаментов-столбов: бутобетонных
ГЭСН	06	06-01-001	Устройство бетонной подготовки и фундаментов общего назначения	06-01-001-21	100 м3	Устройство ленточных фундаментов: бутобетонных
ГЭСН	06	06-01-005	Устройство фундаментов общего назначения	06-01-005-01	100 м3	Устройство бетонных фундаментов общего назначения объемом: до 5 м3
ГЭСН	06	06-01-005	Устройство фундаментов общего назначения	06-01-005-02	100 м3	Устройство бетонных фундаментов общего назначения объемом: свыше 5 до 25 м3
ГЭСН	06	06-01-005	Устройство фундаментов общего назначения	06-01-005-03	100 м3	Устройство бетонных фундаментов общего назначения объемом: свыше 25 м3
ГЭСН	06	06-01-005	Устройство фундаментов общего назначения	06-01-005-04	100 м3	Устройство железобетонных фундаментов общего назначения объемом: до 5 м3
ГЭСН	06	06-01-005	Устройство фундаментов общего назначения	06-01-005-05	100 м3	Устройство железобетонных фундаментов общего назначения объемом: свыше 5 до 25 м3
ГЭСН	06	06-01-005	Устройство фундаментов общего назначения	06-01-005-06	100 м3	Устройство железобетонных фундаментов общего назначения объемом: свыше 25 м3
ГЭСН	06	06-01-005	Устройство фундаментов общего назначения	06-01-005-07	100 м3	Дополнительные затраты на устройство: колодцев для анкерных болтов
ГЭСН	06	06-01-005	Устройство фундаментов общего назначения	06-01-005-08	100 м3	Дополнительные затраты на устройство: сложных фундаментов
ГЭСН	06	06-03-001	Устройство опалубки (снизу) и поддерживающих ее конструкций для высоких ростверков	06-03-001-01	100 м2	Устройство опалубки (снизу) и поддерживающих ее конструкций для высоких ростверков
ГЭСН	06	06-03-002	Устройство подливки	06-03-002-01	100 м2	Устройство подливки толщиной 20 мм
ГЭСН	06	06-03-002	Устройство подливки	06-03-002-02	100 м2	На каждые 10 мм изменения толщины добавлять или исключать к норме 06-03-002-01
ГЭСН	06	06-03-003	Укладка бетона по перекрытиям	06-03-003-01	100 м2	Укладка бетона по перекрытиям толщиной 100 мм
ГЭСН	06	06-03-003	Укладка бетона по перекрытиям	06-03-003-02	100 м2	На каждые 10 мм изменения толщины добавлять или исключать к норме 06-03-003-01
ГЭСН	06	06-03-004	Установка анкерных болтов	06-03-004-01	т	Установка анкерных болтов: в готовые гнезда с заделкой длиной до 1 м
ГЭСН	06	06-03-004	Установка анкерных болтов	06-03-004-02	т	Установка анкерных болтов: в готовые гнезда с заделкой длиной свыше 1 м
ГЭСН	06	06-03-004	Установка анкерных болтов	06-03-004-03	т	Установка анкерных болтов: при бетонировании со связями из арматуры
ГЭСН	06	06-03-004	Установка анкерных болтов	06-03-004-04	т	Установка анкерных болтов: при бетонировании на поддерживающие конструкции
ГЭСН	06	06-03-004	Установка анкерных болтов	06-03-004-05	т	Установка анкерных болтов: при бетонировании в виде сваренных каркасов
ГЭСН	06	06-03-004	Установка анкерных болтов	06-03-004-06	100 шт	Установка анкерных болтов: механических с контролем момента затяжки
ГЭСН	06	06-03-004	Установка анкерных болтов	06-03-004-07	100 шт	Установка анкерных болтов: химических клеевых
ГЭСН	06	06-03-004	Установка анкерных болтов	06-03-004-08	100 шт	Установка анкерных болтов: химических анкер-капсул, диаметр отверстия до 18 мм
ГЭСН	06	06-03-004	Установка анкерных болтов	06-03-004-09	100 шт	Установка анкерных болтов: химических анкер-капсул, диаметр отверстия свыше 18 до 30 мм
ГЭСН	06	06-03-004	Установка анкерных болтов	06-03-004-10	т	Установка стальных конструкций, остающихся в теле бетона
ГЭСН	06	06-03-004	Установка анкерных болтов	06-03-004-11	т	Установка закладных деталей весом: до 4 кг
ГЭСН	06	06-03-004	Установка анкерных болтов	06-03-004-12	т	Установка закладных деталей весом: свыше 4 до 20 кг
ГЭСН	06	06-03-004	Установка анкерных болтов	06-03-004-13	т	Установка закладных деталей весом: свыше 20 кг
ГЭСН	06	06-03-004	Установка анкерных болтов	06-03-004-14	т	Армирование подстилающих слоев и набетонок
ГЭСН	06	06-03-005	Сварка арматуры ванным способом	06-03-005-01	100 шт	Сварка арматуры ванным способом при диаметре арматуры: до 25 мм
ГЭСН	06	06-03-005	Сварка арматуры ванным способом	06-03-005-02	100 шт	Сварка арматуры ванным способом при диаметре арматуры: до 32 мм
ГЭСН	06	06-03-005	Сварка арматуры ванным способом	06-03-005-03	100 шт	Сварка арматуры ванным способом при диаметре арматуры: до 40 мм
ГЭСН	06	06-03-006	Технологический электропрогрев бетона	06-03-006-01	м3	Технологический электропрогрев бетона
ГЭСН	06	06-03-007	Устройство деформационного осадочного шва фундаментов под оборудование с заполнением битумом	06-03-007-01	100 м	Устройство деформационного осадочного шва фундаментов под оборудование с заполнением битумом при толщине шва 25 мм, глубине 20 см
ГЭСН	06	06-03-008	Канатная алмазная резка монолитных железобетонных конструкций	06-03-008-01	м2 поверхности резки	Канатная алмазная резка монолитных железобетонных конструкций
ГЭСН	06	06-03-009	Установка арматурных изделий при сооружении композитобетонных конструкций	06-03-009-01	т	Установка стержневой композитной арматуры в опалубку монолитной ж/б обоймы трубы водостока диаметром: 8 мм
ГЭСН	06	06-03-009	Установка арматурных изделий при сооружении композитобетонных конструкций	06-03-009-02	т	Установка стержневой композитной арматуры в опалубку монолитной ж/б обоймы трубы водостока диаметром: 10 мм
ГЭСН	06	06-03-009	Установка арматурных изделий при сооружении композитобетонных конструкций	06-03-009-03	т	Установка стержневой композитной арматуры в опалубку монолитной ж/б обоймы трубы водостока диаметром: 12 мм
ГЭСН	06	06-03-009	Установка арматурных изделий при сооружении композитобетонных конструкций	06-03-009-04	т	Раскладка и вязка композитной арматуры отдельными стержнями при армировании фундаментных плит диаметром: 18 мм
ГЭСН	06	06-03-009	Установка арматурных изделий при сооружении композитобетонных конструкций	06-03-009-05	т	Раскладка и вязка композитной арматуры отдельными стержнями при армировании фундаментных плит диаметром: 20 мм
ГЭСН	06	06-03-009	Установка арматурных изделий при сооружении композитобетонных конструкций	06-03-009-06	т	Раскладка и вязка композитной арматуры отдельными стержнями при армировании фундаментных плит диаметром: 22 мм
ГЭСН	06	06-03-009	Установка арматурных изделий при сооружении композитобетонных конструкций	06-03-009-07	т	Изготовление пространственного каркаса из отдельных стержней композитной арматуры диаметром до 16 мм
ГЭСН	06	06-03-009	Установка арматурных изделий при сооружении композитобетонных конструкций	06-03-009-08	т	Раскладка и вязка композитной арматуры отдельными стержнями при армировании цементобетонного основания дорожного полотна
ГЭСН	06	06-03-010	Изготовление арматурных пространственных каркасов в построечных условиях	06-03-010-01	т	Изготовление арматурных пространственных каркасов в построечных условиях, диаметром: 6 мм
ГЭСН	06	06-03-010	Изготовление арматурных пространственных каркасов в построечных условиях	06-03-010-02	т	Изготовление арматурных пространственных каркасов в построечных условиях, диаметром: 8 мм
ГЭСН	06	06-03-010	Изготовление арматурных пространственных каркасов в построечных условиях	06-03-010-03	т	Изготовление арматурных пространственных каркасов в построечных условиях, диаметром: 10 мм
ГЭСН	06	06-03-010	Изготовление арматурных пространственных каркасов в построечных условиях	06-03-010-04	т	Изготовление арматурных пространственных каркасов в построечных условиях, диаметром: 12 мм
ГЭСН	06	06-03-010	Изготовление арматурных пространственных каркасов в построечных условиях	06-03-010-05	т	Изготовление арматурных пространственных каркасов в построечных условиях, диаметром: 14 мм
ГЭСН	06	06-03-010	Изготовление арматурных пространственных каркасов в построечных условиях	06-03-010-06	т	Изготовление арматурных пространственных каркасов в построечных условиях, диаметром: 16 мм
ГЭСН	06	06-03-010	Изготовление арматурных пространственных каркасов в построечных условиях	06-03-010-07	т	Изготовление арматурных пространственных каркасов в построечных условиях, диаметром: 18 мм
ГЭСН	06	06-03-010	Изготовление арматурных пространственных каркасов в построечных условиях	06-03-010-08	т	Изготовление арматурных пространственных каркасов в построечных условиях, диаметром: 20 мм
ГЭСН	06	06-03-010	Изготовление арматурных пространственных каркасов в построечных условиях	06-03-010-09	т	Изготовление арматурных пространственных каркасов в построечных условиях, диаметром: 22 мм
ГЭСН	06	06-03-010	Изготовление арматурных пространственных каркасов в построечных условиях	06-03-010-10	т	Изготовление арматурных пространственных каркасов в построечных условиях, диаметром: 25 мм
ГЭСН	06	06-03-010	Изготовление арматурных пространственных каркасов в построечных условиях	06-03-010-11	т	Изготовление арматурных пространственных каркасов в построечных условиях, диаметром: 28 мм
ГЭСН	06	06-03-010	Изготовление арматурных пространственных каркасов в построечных условиях	06-03-010-12	т	Изготовление арматурных пространственных каркасов в построечных условиях, диаметром: 32 мм
ГЭСН	06	06-03-010	Изготовление арматурных пространственных каркасов в построечных условиях	06-03-010-13	т	Изготовление арматурных пространственных каркасов в построечных условиях, диаметром: 36 мм
ГЭСН	06	06-03-010	Изготовление арматурных пространственных каркасов в построечных условиях	06-03-010-14	т	Изготовление арматурных пространственных каркасов в построечных условиях, диаметром: 40 мм
ГЭСН	06	06-03-011	Уход за бетоном	06-03-011-01	100 м2	Уход за бетоном
ГЭСН	06	06-03-012	Торкретирование бетонной поверхности	06-03-012-01	100 м2	Торкретирование бетонной поверхности: стен при толщине покрытия 20 мм в 1 слой
ГЭСН	06	06-03-012	Торкретирование бетонной поверхности	06-03-012-02	100 м2	Торкретирование бетонной поверхности: стен при толщине покрытия 30 мм в 2 слоя по арматурной сетке
ГЭСН	06	06-03-012	Торкретирование бетонной поверхности	06-03-012-03	100 м2	Торкретирование бетонной поверхности: стен добавлять к нормам 06-03-012-01, 06-03-012-02 при нанесении последующего слоя толщиной 10 мм
ГЭСН	06	06-03-012	Торкретирование бетонной поверхности	06-03-012-04	100 м2	Торкретирование бетонной поверхности: стен добавлять или исключать к нормам 06-03-012-01, 06-03-012-02, 06-03-012-03 на каждые 5 мм изменения толщины слоя
ГЭСН	06	06-03-012	Торкретирование бетонной поверхности	06-03-012-05	100 м2	Торкретирование бетонной поверхности: потолков при толщине покрытия 15 мм в 1 слой
ГЭСН	06	06-03-012	Торкретирование бетонной поверхности	06-03-012-06	100 м2	Торкретирование бетонной поверхности: потолков при толщине покрытия 30 мм в 2 слоя по арматурной сетке
ГЭСН	06	06-03-012	Торкретирование бетонной поверхности	06-03-012-07	100 м2	Торкретирование бетонной поверхности: потолков добавлять к нормам 06-03-012-05, 06-03-012-06 при нанесении последующего слоя толщиной 10 мм
ГЭСН	06	06-03-012	Торкретирование бетонной поверхности	06-03-012-08	100 м2	Торкретирование бетонной поверхности: потолков добавлять или исключать к нормам 06-03-012-05, 06-03-012-06, 06-03-012-07 на каждые 5 мм изменения толщины слоя
ГЭСН	06	06-03-013	Устройство закладной системы деформационных швов из профильных конструкций	06-03-013-01	100 м	Устройство закладной системы деформационных швов из профильных конструкций: под пешеходные нагрузки до 0,2 МПа
ГЭСН	06	06-03-013	Устройство закладной системы деформационных швов из профильных конструкций	06-03-013-02	100 м	Устройство закладной системы деформационных швов из профильных конструкций: под нагрузку от автотранспорта до 3 МПа
ГЭСН	06	06-03-014	Изготовление деревянных щитов разборно-переставной опалубки в построечных условиях	06-03-014-01	10 м2	Изготовление деревянных щитов разборно-переставной опалубки в построечных условиях, площадь щитов: до 1 м2
ГЭСН	06	06-03-014	Изготовление деревянных щитов разборно-переставной опалубки в построечных условиях	06-03-014-02	10 м2	Изготовление деревянных щитов разборно-переставной опалубки в построечных условиях, площадь щитов: свыше 1 до 2 м2
ГЭСН	06	06-03-014	Изготовление деревянных щитов разборно-переставной опалубки в построечных условиях	06-03-014-03	10 м2	Изготовление деревянных щитов разборно-переставной опалубки в построечных условиях, площадь щитов: свыше 2 м2
ГЭСН	06	06-03-016	Амортизация формообразующих элементов опалубки	06-03-016-01	т	Амортизация формообразующих элементов мелкощитовой опалубки: из стали, опалубка первого класса
ГЭСН	06	06-03-016	Амортизация формообразующих элементов опалубки	06-03-016-02	т	Амортизация формообразующих элементов мелкощитовой опалубки: из стали, опалубка второго и третьего классов
ГЭСН	06	06-03-016	Амортизация формообразующих элементов опалубки	06-03-016-05	м3	Амортизация формообразующих элементов мелкощитовой опалубки: из фанеры для опалубки стен, колонн и фундаментов, опалубка первого класса
ГЭСН	06	06-03-016	Амортизация формообразующих элементов опалубки	06-03-016-06	м3	Амортизация формообразующих элементов мелкощитовой опалубки: из фанеры для опалубки стен, колонн и фундаментов, опалубка второго и третьего классов
ГЭСН	06	06-03-016	Амортизация формообразующих элементов опалубки	06-03-016-07	м3	Амортизация формообразующих элементов мелкощитовой опалубки: из фанеры для опалубки перекрытий, балок и ригелей, опалубка первого класса
ГЭСН	06	06-03-016	Амортизация формообразующих элементов опалубки	06-03-016-08	м3	Амортизация формообразующих элементов мелкощитовой опалубки: из фанеры для опалубки перекрытий, балок и ригелей, опалубка второго и третьего класса
ГЭСН	06	06-03-016	Амортизация формообразующих элементов опалубки	06-03-016-09	т	Амортизация формообразующих элементов крупнощитовой опалубки: из стали, опалубка первого класса
ГЭСН	06	06-03-016	Амортизация формообразующих элементов опалубки	06-03-016-10	т	Амортизация формообразующих элементов крупнощитовой опалубки: из стали, опалубка второго и третьего классов
ГЭСН	06	06-03-016	Амортизация формообразующих элементов опалубки	06-03-016-13	м3	Амортизация формообразующих элементов крупнощитовой опалубки: из фанеры для опалубки стен, колонн и фундаментов, опалубка первого класса
ГЭСН	06	06-03-016	Амортизация формообразующих элементов опалубки	06-03-016-14	м3	Амортизация формообразующих элементов крупнощитовой опалубки: из фанеры для опалубки стен, колонн и фундаментов, опалубка второго и третьего классов
ГЭСН	06	06-03-016	Амортизация формообразующих элементов опалубки	06-03-016-15	т	Амортизация формообразующих элементов блочной опалубки: опалубка первого класса
ГЭСН	06	06-03-016	Амортизация формообразующих элементов опалубки	06-03-016-16	т	Амортизация формообразующих элементов блочной опалубки: опалубка второго и третьего классов
ГЭСН	06	06-03-017	Амортизация поддерживающих и несущих элементов опалубки	06-03-017-01	т	Амортизация поддерживающих и несущих элементов мелкощитовой опалубки: из стали, опалубка первого класса
ГЭСН	06	06-03-017	Амортизация поддерживающих и несущих элементов опалубки	06-03-017-02	т	Амортизация поддерживающих и несущих элементов мелкощитовой опалубки: из стали, опалубка второго и третьего классов
ГЭСН	06	06-03-017	Амортизация поддерживающих и несущих элементов опалубки	06-03-017-03	т	Амортизация поддерживающих и несущих элементов мелкощитовой опалубки: из дерева, опалубка первого класса
ГЭСН	06	06-03-017	Амортизация поддерживающих и несущих элементов опалубки	06-03-017-04	т	Амортизация поддерживающих и несущих элементов мелкощитовой опалубки: из дерева, опалубка второго и третьего классов
ГЭСН	06	06-03-017	Амортизация поддерживающих и несущих элементов опалубки	06-03-017-05	т	Амортизация поддерживающих и несущих элементов крупнощитовой опалубки: из стали, опалубка первого класса
ГЭСН	06	06-03-017	Амортизация поддерживающих и несущих элементов опалубки	06-03-017-06	т	Амортизация поддерживающих и несущих элементов крупнощитовой опалубки: из стали, опалубка второго и третьего классов
ГЭСН	06	06-03-017	Амортизация поддерживающих и несущих элементов опалубки	06-03-017-07	т	Амортизация поддерживающих и несущих элементов крупнощитовой опалубки: из дерева, опалубка первого класса
ГЭСН	06	06-03-017	Амортизация поддерживающих и несущих элементов опалубки	06-03-017-08	т	Амортизация поддерживающих и несущих элементов крупнощитовой опалубки: из дерева, опалубка второго и третьего классов
ГЭСН	06	06-03-017	Амортизация поддерживающих и несущих элементов опалубки	06-03-017-09	т	Амортизация поддерживающих и несущих элементов блочной опалубки: опалубка первого класса
ГЭСН	06	06-03-017	Амортизация поддерживающих и несущих элементов опалубки	06-03-017-10	т	Амортизация поддерживающих и несущих элементов блочной опалубки: опалубка второго и третьего классов
ГЭСН	06	06-03-018	Установка обжимных соединительных муфт для арматуры из отдельных стержней	06-03-018-01	100 шт	Установка обжимных соединительных муфт для арматуры из отдельных стержней, диаметр стержней: до 22 мм
ГЭСН	06	06-03-018	Установка обжимных соединительных муфт для арматуры из отдельных стержней	06-03-018-02	100 шт	Установка обжимных соединительных муфт для арматуры из отдельных стержней, диаметр стержней: свыше 22 до 28 мм
ГЭСН	06	06-03-018	Установка обжимных соединительных муфт для арматуры из отдельных стержней	06-03-018-03	100 шт	Установка обжимных соединительных муфт для арматуры из отдельных стержней, диаметр стержней: 32 мм
ГЭСН	06	06-03-018	Установка обжимных соединительных муфт для арматуры из отдельных стержней	06-03-018-04	100 шт	Установка обжимных соединительных муфт для арматуры из отдельных стержней, диаметр стержней: 36 мм
ГЭСН	06	06-03-018	Установка обжимных соединительных муфт для арматуры из отдельных стержней	06-03-018-05	100 шт	Установка обжимных соединительных муфт для арматуры из отдельных стержней, диаметр стержней: 40 мм
ГЭСН	06	06-03-019	Установка обжимных соединительных муфт для арматуры монолитных железобетонных конструкций с помощью автогидроподъемника	06-03-019-01	100 шт	Установка обжимных соединительных муфт для арматуры монолитных железобетонных конструкций с помощью автогидроподъемника, диаметр стержней: до 22 мм
ГЭСН	06	06-03-019	Установка обжимных соединительных муфт для арматуры монолитных железобетонных конструкций с помощью автогидроподъемника	06-03-019-02	100 шт	Установка обжимных соединительных муфт для арматуры монолитных железобетонных конструкций с помощью автогидроподъемника, диаметр стержней: свыше 22 до 28 мм
ГЭСН	06	06-03-019	Установка обжимных соединительных муфт для арматуры монолитных железобетонных конструкций с помощью автогидроподъемника	06-03-019-03	100 шт	Установка обжимных соединительных муфт для арматуры монолитных железобетонных конструкций с помощью автогидроподъемника, диаметр стержней: 32 мм
ГЭСН	06	06-03-019	Установка обжимных соединительных муфт для арматуры монолитных железобетонных конструкций с помощью автогидроподъемника	06-03-019-04	100 шт	Установка обжимных соединительных муфт для арматуры монолитных железобетонных конструкций с помощью автогидроподъемника, диаметр стержней: 36 мм
ГЭСН	06	06-03-019	Установка обжимных соединительных муфт для арматуры монолитных железобетонных конструкций с помощью автогидроподъемника	06-03-019-05	100 шт	Установка обжимных соединительных муфт для арматуры монолитных железобетонных конструкций с помощью автогидроподъемника, диаметр стержней: 40 мм
ГЭСН	06	06-05-002	Устройство колонн гражданских зданий в металлической опалубке	06-05-002-01	100 м3	Устройство колонн гражданских зданий в металлической опалубке
ГЭСН	06	06-07-001	Устройство балок, перемычек	06-07-001-09	100 м3	Устройство перемычек
ГЭСН	06	06-07-002	Устройство поясов	06-07-002-01	100 м3	Устройство поясов: в опалубке
ГЭСН	06	06-07-002	Устройство поясов	06-07-002-02	100 м3	Устройство поясов: без опалубки
ГЭСН	06	06-07-003	Устройство засыпки фундаментных балок	06-07-003-01	100 м3	Устройство засыпки фундаментных балок: песком
ГЭСН	06	06-07-003	Устройство засыпки фундаментных балок	06-07-003-02	100 м3	Устройство засыпки фундаментных балок: шлаком
ГЭСН	06	06-07-004	Устройство ригелей гражданских зданий в металлической опалубке	06-07-004-01	100 м3	Устройство ригелей гражданских зданий в металлической опалубке
ГЭСН	06	06-08-001	Устройство перекрытий	06-08-001-13	100 м3	Устройство перекрытий каналов
ГЭСН	06	06-12-001	Возведение стен в скользящей опалубке, устройство перекрытий элеваторов, мельниц	06-12-001-01	100 м3	Возведение стен в скользящей опалубке с проемами площадью: до 5% в элеваторах, мельницах и других сооружениях для хранения и переработки зерна
ГЭСН	06	06-12-001	Возведение стен в скользящей опалубке, устройство перекрытий элеваторов, мельниц	06-12-001-02	100 м3	Возведение стен в скользящей опалубке с проемами площадью: более 5% в элеваторах, мельницах и других сооружениях для хранения и переработки зерна
ГЭСН	06	06-12-001	Возведение стен в скользящей опалубке, устройство перекрытий элеваторов, мельниц	06-12-001-03	100 м3	Устройство перекрытий в элеваторах, мельницах и других сооружениях для хранения и переработки зерна
ГЭСН	06	06-12-001	Возведение стен в скользящей опалубке, устройство перекрытий элеваторов, мельниц	06-12-001-04	100 м3	Заполнение откосов из легкого бетона с устройством стяжки и железнения в элеваторах, мельницах и других сооружениях для хранения и переработки зерна
ГЭСН	06	06-12-004	Установка и разборка скользящей опалубки шахтных башенных копров	06-12-004-01	100 м	Установка скользящей опалубки шахтных башенных копров высотой: до 70 м
ГЭСН	06	06-12-004	Установка и разборка скользящей опалубки шахтных башенных копров	06-12-004-02	100 м	Установка скользящей опалубки шахтных башенных копров высотой: более 70 м
ГЭСН	06	06-12-004	Установка и разборка скользящей опалубки шахтных башенных копров	06-12-004-03	100 м	Разборка скользящей опалубки шахтных башенных копров высотой: до 70 м
ГЭСН	06	06-12-004	Установка и разборка скользящей опалубки шахтных башенных копров	06-12-004-04	100 м	Разборка скользящей опалубки шахтных башенных копров высотой: более 70 м
ГЭСН	06	06-12-005	Бетонирование стен шахтных башенных копров	06-12-005-01	100 м3	Бетонирование стен шахтных башенных копров высотой: до 70 м
ГЭСН	06	06-12-005	Бетонирование стен шахтных башенных копров	06-12-005-02	100 м3	Бетонирование стен шахтных башенных копров высотой: более 70 м
ГЭСН	06	06-12-006	Устройство стен и перегородок сооружений	06-12-006-01	100 м3	Устройство прямоугольных стен и перегородок сооружений в горизонтально-скользящей опалубке при толщине стен: до 150 мм
ГЭСН	06	06-12-006	Устройство стен и перегородок сооружений	06-12-006-02	100 м3	Устройство прямоугольных стен и перегородок сооружений в горизонтально-скользящей опалубке при толщине стен: более 150 мм
ГЭСН	06	06-12-006	Устройство стен и перегородок сооружений	06-12-006-03	100 м3	Устройство круглых стен и перегородок сооружений в горизонтально-скользящей опалубке при толщине стен: до 200 мм
ГЭСН	06	06-12-006	Устройство стен и перегородок сооружений	06-12-006-04	100 м3	Устройство круглых стен и перегородок сооружений в горизонтально-скользящей опалубке при толщине стен: более 200 мм
ГЭСН	06	06-12-006	Устройство стен и перегородок сооружений	06-12-006-05	100 м3	Устройство подпорных стен в горизонтально-скользящей опалубке при толщине стен: до 250 мм
ГЭСН	06	06-12-006	Устройство стен и перегородок сооружений	06-12-006-06	100 м3	Устройство подпорных стен в горизонтально-скользящей опалубке при толщине стен: более 250 мм
ГЭСН	06	06-13-001	Устройство стен и плоских днищ	06-13-001-01	100 м3	Устройство стен и плоских днищ при толщине: до 150 мм круглых сооружений
ГЭСН	06	06-13-001	Устройство стен и плоских днищ	06-13-001-02	100 м3	Устройство стен и плоских днищ при толщине: более 150 мм круглых сооружений
ГЭСН	06	06-13-001	Устройство стен и плоских днищ	06-13-001-03	100 м3	Устройство стен и плоских днищ при толщине: до 150 мм прямоугольных сооружений
ГЭСН	06	06-13-001	Устройство стен и плоских днищ	06-13-001-04	100 м3	Устройство стен и плоских днищ при толщине: более 150 мм прямоугольных сооружений
ГЭСН	06	06-13-001	Устройство стен и плоских днищ	06-13-001-05	100 м3	Устройство железобетонных конструкций отстойников, резервуаров и прочих сооружений при днищах бункерного типа
ГЭСН	06	06-13-001	Устройство стен и плоских днищ	06-13-001-06	100 м3	Устройство: фильтров и осветлителей
ГЭСН	06	06-13-001	Устройство стен и плоских днищ	06-13-001-07	100 м3	Устройство: песколовок круглых
ГЭСН	06	06-13-001	Устройство стен и плоских днищ	06-13-001-08	100 м3	Устройство: песколовок прямоугольных
ГЭСН	06	06-13-001	Устройство стен и плоских днищ	06-13-001-09	100 м3	Устройство: метантенков круглых
ГЭСН	06	06-13-002	Строительство подземной части насосных станций	06-13-002-01	100 м3	Строительство подземной части насосных станций: при толщине днищ до 400 мм
ГЭСН	06	06-13-002	Строительство подземной части насосных станций	06-13-002-02	100 м3	Строительство подземной части насосных станций: при толщине днищ более 400 мм
ГЭСН	06	06-13-002	Строительство подземной части насосных станций	06-13-002-03	100 м3	Строительство подземной части насосных станций: стен круглых
ГЭСН	06	06-13-002	Строительство подземной части насосных станций	06-13-002-04	100 м3	Строительство подземной части насосных станций: стен прямоугольных толщиной до 300 мм
ГЭСН	06	06-13-002	Строительство подземной части насосных станций	06-13-002-05	100 м3	Строительство подземной части насосных станций: стен прямоугольных толщиной более 300 мм
ГЭСН	06	06-13-003	Строительство отдельных конструкций емкостных сооружений	06-13-003-01	100 м3	Строительство отдельных конструкций емкостных сооружений, устройство: лотков в сооружениях
ГЭСН	06	06-13-003	Строительство отдельных конструкций емкостных сооружений	06-13-003-02	100 м3	Строительство отдельных конструкций емкостных сооружений, устройство: лотков между сооружениями при толщине стен до 100 мм
ГЭСН	06	06-13-003	Строительство отдельных конструкций емкостных сооружений	06-13-003-03	100 м3	Строительство отдельных конструкций емкостных сооружений, устройство: лотков между сооружениями при толщине стен более 100 мм
ГЭСН	06	06-13-003	Строительство отдельных конструкций емкостных сооружений	06-13-003-04	100 м3	Строительство отдельных конструкций емкостных сооружений, устройство: угловых участков стен в емкостных сооружениях
ГЭСН	06	06-13-003	Строительство отдельных конструкций емкостных сооружений	06-13-003-05	100 м3	Строительство отдельных конструкций емкостных сооружений, устройство: днищ при стенах из сборных железобетонных панелей плоских
ГЭСН	06	06-13-003	Строительство отдельных конструкций емкостных сооружений	06-13-003-06	100 м3	Строительство отдельных конструкций емкостных сооружений, устройство: днищ при стенах из сборных железобетонных панелей бункерного типа круглых
ГЭСН	06	06-13-003	Строительство отдельных конструкций емкостных сооружений	06-13-003-07	100 м3	Строительство отдельных конструкций емкостных сооружений, устройство: днищ при стенах из сборных железобетонных панелей бункерного типа прямоугольных
ГЭСН	06	06-13-003	Строительство отдельных конструкций емкостных сооружений	06-13-003-08	100 м3	Строительство отдельных конструкций емкостных сооружений, устройство: бетонной подготовки под днище бункерного типа
ГЭСН	06	06-13-003	Строительство отдельных конструкций емкостных сооружений	06-13-003-09	100 м3	Строительство отдельных конструкций емкостных сооружений, устройство: плоского железобетонного днища при стенах из сборных железобетонных панелей с опорной плитой
ГЭСН	06	06-13-004	Устройство железобетонной обоймы на трубопроводе	06-13-004-01	100 м3	Устройство железобетонной обоймы на трубопроводе
ГЭСН	06	06-14-001	Обработка поверхности емкостных сооружений	06-14-001-01	100 м2	Обработка поверхности пескоструйным аппаратом
ГЭСН	06	06-14-001	Обработка поверхности емкостных сооружений	06-14-001-02	100 м2	Торкретирование поверхности при толщине слоя до 20 мм
ГЭСН	06	06-14-001	Обработка поверхности емкостных сооружений	06-14-001-03	100 м2	На каждые 5 мм увеличения толщины слоя торкретирования добавлять к норме 06-14-001-02
ГЭСН	06	06-14-001	Обработка поверхности емкостных сооружений	06-14-001-04	100 м2	Железнение поверхности
ГЭСН	06	06-14-002	Устройство деформационных швов в емкостных сооружениях	06-14-002-01	100 м	Устройство деформационных швов в емкостных сооружениях с применением: резиновых прокладок
ГЭСН	06	06-14-002	Устройство деформационных швов в емкостных сооружениях	06-14-002-02	100 м	Устройство деформационных швов в емкостных сооружениях с применением: стальных листов
ГЭСН	06	06-14-002	Устройство деформационных швов в емкостных сооружениях	06-14-002-03	100 м	Устройство деформационных швов в емкостных сооружениях с применением: герметика
ГЭСН	06	06-14-003	Навивка арматурной стали на стены емкостных сооружений	06-14-003-01	т	Навивка арматурной стали на стены емкостных сооружений
ГЭСН	06	06-14-004	Загрузка фильтров в емкостных сооружениях	06-14-004-01	100 м3	Загрузка фильтров в емкостных сооружениях: песком
ГЭСН	06	06-14-004	Загрузка фильтров в емкостных сооружениях	06-14-004-02	100 м3	Загрузка фильтров в емкостных сооружениях: гравием
ГЭСН	06	06-14-004	Загрузка фильтров в емкостных сооружениях	06-14-004-03	100 м3	Загрузка фильтров в емкостных сооружениях: щебнем
ГЭСН	06	06-14-004	Загрузка фильтров в емкостных сооружениях	06-14-004-04	100 м3	Загрузка фильтров в емкостных сооружениях: углем
ГЭСН	06	06-14-005	Испытание и дезинфекция емкостей	06-14-005-01	100 м3	Испытание емкостей на водонепроницаемость
ГЭСН	06	06-14-005	Испытание и дезинфекция емкостей	06-14-005-02	100 м3	Дезинфекция емкостей для питьевой воды
ГЭСН	06	06-15-001	Приготовление тяжелого бетона	06-15-001-01	100 м3	Приготовление тяжелого бетона: на гравии класса В 3,5 - В 5
ГЭСН	06	06-15-001	Приготовление тяжелого бетона	06-15-001-02	100 м3	Приготовление тяжелого бетона: на гравии класса В 7,5
ГЭСН	06	06-15-001	Приготовление тяжелого бетона	06-15-001-03	100 м3	Приготовление тяжелого бетона: на гравии класса В 10
ГЭСН	06	06-15-001	Приготовление тяжелого бетона	06-15-001-04	100 м3	Приготовление тяжелого бетона: на гравии класса В 15
ГЭСН	06	06-15-001	Приготовление тяжелого бетона	06-15-001-05	100 м3	Приготовление тяжелого бетона: на гравии класса В 20
ГЭСН	06	06-15-001	Приготовление тяжелого бетона	06-15-001-06	100 м3	Приготовление тяжелого бетона: на гравии класса В 25
ГЭСН	06	06-15-001	Приготовление тяжелого бетона	06-15-001-07	100 м3	Приготовление тяжелого бетона: на щебне класса В 3,5 - В 5
ГЭСН	06	06-15-001	Приготовление тяжелого бетона	06-15-001-08	100 м3	Приготовление тяжелого бетона: на щебне класса В 7,5
ГЭСН	06	06-15-001	Приготовление тяжелого бетона	06-15-001-09	100 м3	Приготовление тяжелого бетона: на щебне класса В 10
ГЭСН	06	06-15-001	Приготовление тяжелого бетона	06-15-001-10	100 м3	Приготовление тяжелого бетона: на щебне класса В 15
ГЭСН	06	06-15-001	Приготовление тяжелого бетона	06-15-001-11	100 м3	Приготовление тяжелого бетона: на щебне класса В 20
ГЭСН	06	06-15-001	Приготовление тяжелого бетона	06-15-001-12	100 м3	Приготовление тяжелого бетона: на щебне класса В 25
ГЭСН	06	06-15-001	Приготовление тяжелого бетона	06-15-001-13	100 м3	Приготовление тяжелого бетона: на щебне класса В 27,5
ГЭСН	06	06-15-001	Приготовление тяжелого бетона	06-15-001-14	100 м3	Приготовление тяжелого бетона: на щебне класса В 30
ГЭСН	06	06-15-002	Приготовление легкого бетона	06-15-002-01	100 м3	Приготовление легкого бетона: конструкционно-теплоизоляционного класса В 3,5
ГЭСН	06	06-15-002	Приготовление легкого бетона	06-15-002-02	100 м3	Приготовление легкого бетона: конструкционно-теплоизоляционного класса В 5
ГЭСН	06	06-15-002	Приготовление легкого бетона	06-15-002-03	100 м3	Приготовление легкого бетона: конструкционно-теплоизоляционного класса В 7,5
ГЭСН	06	06-15-002	Приготовление легкого бетона	06-15-002-04	100 м3	Приготовление легкого бетона: конструкционно-теплоизоляционного класса В 10
ГЭСН	06	06-15-002	Приготовление легкого бетона	06-15-002-05	100 м3	Приготовление легкого бетона: конструкционно-теплоизоляционного класса В 15
ГЭСН	06	06-15-002	Приготовление легкого бетона	06-15-002-06	100 м3	Приготовление легкого бетона: конструкционного класса В 20
ГЭСН	06	06-15-002	Приготовление легкого бетона	06-15-002-07	100 м3	Приготовление легкого бетона: конструкционного класса В 25
ГЭСН	06	06-15-002	Приготовление легкого бетона	06-15-002-08	100 м3	Приготовление легкого бетона: конструкционного класса В 27,5
ГЭСН	06	06-15-002	Приготовление легкого бетона	06-15-002-09	100 м3	Приготовление легкого бетона: конструкционного класса В 30
ГЭСН	06	06-15-002	Приготовление легкого бетона	06-15-002-10	100 м3	Приготовление легкого бетона: конструкционного класса В 35
ГЭСН	06	06-15-002	Приготовление легкого бетона	06-15-002-11	100 м3	Приготовление легкого бетона: конструкционного класса В 40
ГЭСН	06	06-15-003	Приготовление тяжелых кладочных растворов	06-15-003-01	100 м3	Приготовление тяжелых кладочных растворов: цементно-известковых марки 10
ГЭСН	06	06-15-003	Приготовление тяжелых кладочных растворов	06-15-003-02	100 м3	Приготовление тяжелых кладочных растворов: цементно-известковых марки 25
ГЭСН	06	06-15-003	Приготовление тяжелых кладочных растворов	06-15-003-03	100 м3	Приготовление тяжелых кладочных растворов: цементно-известковых марки 50
ГЭСН	06	06-15-003	Приготовление тяжелых кладочных растворов	06-15-003-04	100 м3	Приготовление тяжелых кладочных растворов: цементно-известковых марки 75
ГЭСН	06	06-15-003	Приготовление тяжелых кладочных растворов	06-15-003-05	100 м3	Приготовление тяжелых кладочных растворов: цементно-известковых марки 100
ГЭСН	06	06-15-003	Приготовление тяжелых кладочных растворов	06-15-003-06	100 м3	Приготовление тяжелых кладочных растворов: цементно-известковых марки 150
ГЭСН	06	06-15-003	Приготовление тяжелых кладочных растворов	06-15-003-07	100 м3	Приготовление тяжелых кладочных растворов: цементно-известковых марки 200
ГЭСН	06	06-15-003	Приготовление тяжелых кладочных растворов	06-15-003-08	100 м3	Приготовление тяжелых кладочных растворов: цементно-глиняных марки 10
ГЭСН	06	06-15-003	Приготовление тяжелых кладочных растворов	06-15-003-09	100 м3	Приготовление тяжелых кладочных растворов: цементно-глиняных марки 25
ГЭСН	06	06-15-003	Приготовление тяжелых кладочных растворов	06-15-003-10	100 м3	Приготовление тяжелых кладочных растворов: цементно-глиняных марки 50
ГЭСН	06	06-15-003	Приготовление тяжелых кладочных растворов	06-15-003-11	100 м3	Приготовление тяжелых кладочных растворов: цементно-глиняных марки 75
ГЭСН	06	06-15-003	Приготовление тяжелых кладочных растворов	06-15-003-12	100 м3	Приготовление тяжелых кладочных растворов: цементно-глиняных марки 100
ГЭСН	06	06-15-003	Приготовление тяжелых кладочных растворов	06-15-003-13	100 м3	Приготовление тяжелых кладочных растворов: цементно-глиняных марки 150
ГЭСН	06	06-15-003	Приготовление тяжелых кладочных растворов	06-15-003-14	100 м3	Приготовление тяжелых кладочных растворов: цементно-глиняных марки 200
ГЭСН	06	06-15-003	Приготовление тяжелых кладочных растворов	06-15-003-15	100 м3	Приготовление тяжелых кладочных растворов: цементных марки 25
ГЭСН	06	06-15-003	Приготовление тяжелых кладочных растворов	06-15-003-16	100 м3	Приготовление тяжелых кладочных растворов: цементных марки 50
ГЭСН	06	06-15-003	Приготовление тяжелых кладочных растворов	06-15-003-17	100 м3	Приготовление тяжелых кладочных растворов: цементных марки 75
ГЭСН	06	06-15-003	Приготовление тяжелых кладочных растворов	06-15-003-18	100 м3	Приготовление тяжелых кладочных растворов: цементных марки 100
ГЭСН	06	06-15-003	Приготовление тяжелых кладочных растворов	06-15-003-19	100 м3	Приготовление тяжелых кладочных растворов: цементных марки 150
ГЭСН	06	06-15-003	Приготовление тяжелых кладочных растворов	06-15-003-20	100 м3	Приготовление тяжелых кладочных растворов: цементных марки 200
ГЭСН	06	06-15-004	Приготовление тяжелых отделочных растворов	06-15-004-01	100 м3	Приготовление тяжелых отделочных растворов: известковых состава 1:2
ГЭСН	06	06-15-004	Приготовление тяжелых отделочных растворов	06-15-004-02	100 м3	Приготовление тяжелых отделочных растворов: известковых состава 1:2,5
ГЭСН	06	06-15-004	Приготовление тяжелых отделочных растворов	06-15-004-03	100 м3	Приготовление тяжелых отделочных растворов: известковых состава 1:3
ГЭСН	06	06-15-004	Приготовление тяжелых отделочных растворов	06-15-004-04	100 м3	Приготовление тяжелых отделочных растворов: цементных состава 1:1
ГЭСН	06	06-15-004	Приготовление тяжелых отделочных растворов	06-15-004-05	100 м3	Приготовление тяжелых отделочных растворов: цементных состава 1:2
ГЭСН	06	06-15-004	Приготовление тяжелых отделочных растворов	06-15-004-06	100 м3	Приготовление тяжелых отделочных растворов: цементных состава 1:3
ГЭСН	06	06-15-004	Приготовление тяжелых отделочных растворов	06-15-004-07	100 м3	Приготовление тяжелых отделочных растворов: цементно-известковых состава 1:1:6
ГЭСН	06	06-15-004	Приготовление тяжелых отделочных растворов	06-15-004-08	100 м3	Приготовление тяжелых отделочных растворов: цементно-известковых состава 1:1:8
ГЭСН	06	06-15-004	Приготовление тяжелых отделочных растворов	06-15-004-09	100 м3	Приготовление тяжелых отделочных растворов: цементно-известковых состава 1:1:9
ГЭСН	06	06-15-004	Приготовление тяжелых отделочных растворов	06-15-004-10	100 м3	Приготовление тяжелых отделочных растворов: цементно-известковых состава 1:3:12
ГЭСН	06	06-15-005	Приготовление легких отделочных растворов	06-15-005-01	100 м3	Приготовление легких отделочных растворов: известковых
ГЭСН	06	06-15-005	Приготовление легких отделочных растворов	06-15-005-02	100 м3	Приготовление легких отделочных растворов: цементно-известковых
ГЭСН	06	06-15-006	Приготовление сухой цементно-песчаной смеси	06-15-006-01	100 м3	Приготовление сухой цементно-песчаной смеси при помощи: стационарного бетоносмесителя
ГЭСН	06	06-15-006	Приготовление сухой цементно-песчаной смеси	06-15-006-02	100 м3	Приготовление сухой цементно-песчаной смеси при помощи: автобетоносмесителя
ГЭСН	06	06-15-007	Приготовление бетона на инвентарных автоматизированных заводах в построечных условиях	06-15-007-01	100 м3	Приготовление бетона в построечных условиях на заводе производительностью: 15-30 м3/ч
ГЭСН	06	06-15-007	Приготовление бетона на инвентарных автоматизированных заводах в построечных условиях	06-15-007-02	100 м3	Приготовление бетона в построечных условиях на заводе производительностью: 60 м3/ч
ГЭСН	06	06-15-007	Приготовление бетона на инвентарных автоматизированных заводах в построечных условиях	06-15-007-03	100 м3	Приготовление бетона в построечных условиях на заводе производительностью: 120 м3/ч
ГЭСН	06	06-15-007	Приготовление бетона на инвентарных автоматизированных заводах в построечных условиях	06-15-007-04	100 м3	Приготовление бетона в построечных условиях на заводе производительностью: 240 м3/ч
ГЭСН	06	06-15-007	Приготовление бетона на инвентарных автоматизированных заводах в построечных условиях	06-15-007-05	100 м3	Перевозка и выгрузка готовой бетонной смеси на месте производства работ на расстояние до 1 км
ГЭСН	06	06-15-007	Приготовление бетона на инвентарных автоматизированных заводах в построечных условиях	06-15-007-06	100 м3	При перемещении готовой бетонной смеси на каждый последующий 1 км добавлять к норме 06-15-007-05
ГЭСН	06	06-16-001	Монтаж и демонтаж крупнощитовой опалубки	06-16-001-01	10 м2	Монтаж и демонтаж: крупнощитовой опалубки стен
ГЭСН	06	06-16-001	Монтаж и демонтаж крупнощитовой опалубки	06-16-001-02	10 м2	Монтаж и демонтаж: крупнощитовой опалубки перекрытий
ГЭСН	06	06-16-002	Монтаж и демонтаж объемно-переставной ("туннельной") опалубки	06-16-002-01	10 м2	Монтаж и демонтаж объемно-переставной ("туннельной") опалубки бетонных конструкций: перекрытий
ГЭСН	06	06-16-002	Монтаж и демонтаж объемно-переставной ("туннельной") опалубки	06-16-002-02	10 м2	Монтаж и демонтаж объемно-переставной ("туннельной") опалубки бетонных конструкций: стен
ГЭСН	06	06-16-003	Монтаж и демонтаж блочной опалубки стен	06-16-003-01	10 м2	Монтаж и демонтаж блочной опалубки стен
ГЭСН	06	06-16-004	Бетонирование конструкций стен	06-16-004-08	10 м2	Бетонирование с помощью автобетононасоса конструкций наружных стен, толщиной: до 16 см
ГЭСН	06	06-16-004	Бетонирование конструкций стен	06-16-004-09	10 м2	Бетонирование с помощью автобетононасоса конструкций наружных стен, толщиной: свыше 16 до 20 см
ГЭСН	06	06-16-004	Бетонирование конструкций стен	06-16-004-10	10 м2	Бетонирование с помощью автобетононасоса конструкций наружных стен, толщиной: свыше 20 до 30 см
ГЭСН	06	06-16-004	Бетонирование конструкций стен	06-16-004-11	10 м2	Бетонирование с помощью автобетононасоса конструкций наружных стен, толщиной: свыше 30 см
ГЭСН	06	06-16-004	Бетонирование конструкций стен	06-16-004-12	10 м2	Бетонирование с помощью автобетононасоса конструкций внутренних стен, толщиной: до 16 см
ГЭСН	06	06-16-004	Бетонирование конструкций стен	06-16-004-13	10 м2	Бетонирование с помощью автобетононасоса конструкций внутренних стен, толщиной: свыше 16 до 20 см
ГЭСН	06	06-16-004	Бетонирование конструкций стен	06-16-004-14	10 м2	Бетонирование с помощью автобетононасоса конструкций внутренних стен, толщиной: свыше 20 до 30 см
ГЭСН	06	06-16-005	Бетонирование перекрытий	06-16-005-05	10 м2	Бетонирование перекрытий с помощью автобетононасоса толщиной: до 12 см
ГЭСН	06	06-16-005	Бетонирование перекрытий	06-16-005-06	10 м2	Бетонирование перекрытий с помощью автобетононасоса толщиной: свыше 12 до 16 см
ГЭСН	06	06-16-005	Бетонирование перекрытий	06-16-005-07	10 м2	Бетонирование перекрытий с помощью автобетононасоса толщиной: свыше 16 до 20 см
ГЭСН	06	06-16-005	Бетонирование перекрытий	06-16-005-08	10 м2	Бетонирование перекрытий с помощью автобетононасоса толщиной: свыше 20 см
ГЭСН	06	06-16-007	Монтаж крупнощитовой разборной опалубки с изготовлением опалубочных щитов на деревянных балках в построечных условиях	06-16-007-01	100 м2	Монтаж крупнощитовой разборной опалубки с изготовлением опалубочных щитов на деревянных балках в построечных условиях: стен
ГЭСН	06	06-16-007	Монтаж крупнощитовой разборной опалубки с изготовлением опалубочных щитов на деревянных балках в построечных условиях	06-16-007-02	100 м2	Монтаж крупнощитовой разборной опалубки с изготовлением опалубочных щитов на деревянных балках в построечных условиях: колонн периметром до 2000 мм
ГЭСН	06	06-16-007	Монтаж крупнощитовой разборной опалубки с изготовлением опалубочных щитов на деревянных балках в построечных условиях	06-16-007-03	100 м2	Монтаж крупнощитовой разборной опалубки с изготовлением опалубочных щитов на деревянных балках в построечных условиях: колонн периметром свыше 2000 мм
ГЭСН	06	06-16-008	Демонтаж крупнощитовой разборной опалубки с изготовлением опалубочных щитов на деревянных балках в построечных условиях	06-16-008-01	100 м2	Демонтаж крупнощитовой разборной опалубки с изготовлением опалубочных щитов на деревянных балках в построечных условиях: стен
ГЭСН	06	06-16-008	Демонтаж крупнощитовой разборной опалубки с изготовлением опалубочных щитов на деревянных балках в построечных условиях	06-16-008-02	100 м2	Демонтаж крупнощитовой разборной опалубки с изготовлением опалубочных щитов на деревянных балках в построечных условиях: колонн периметром до 2000 мм
ГЭСН	06	06-16-008	Демонтаж крупнощитовой разборной опалубки с изготовлением опалубочных щитов на деревянных балках в построечных условиях	06-16-008-03	100 м2	Демонтаж крупнощитовой разборной опалубки с изготовлением опалубочных щитов на деревянных балках в построечных условиях: колонн периметром свыше 2000 мм
ГЭСН	06	06-17-001	Монтаж скользящей опалубки	06-17-001-01	м	Монтаж скользящей опалубки
ГЭСН	06	06-17-002	Установка арматуры	06-17-002-01	т	Установка арматуры
ГЭСН	06	06-17-003	Бетонирование конструкций стен	06-17-003-01	10 м2	Бетонирование (с помощью бадьи) конструкций: наружных стен толщиной до 10 см
ГЭСН	06	06-17-003	Бетонирование конструкций стен	06-17-003-02	10 м2	Бетонирование (с помощью бадьи) конструкций: наружных стен толщиной до 20 см
ГЭСН	06	06-17-003	Бетонирование конструкций стен	06-17-003-03	10 м2	Бетонирование (с помощью бадьи) конструкций: наружных стен толщиной до 30 см
ГЭСН	06	06-17-003	Бетонирование конструкций стен	06-17-003-04	10 м2	Бетонирование (с помощью бадьи) конструкций: наружных стен толщиной свыше 30 см
ГЭСН	06	06-17-003	Бетонирование конструкций стен	06-17-003-05	10 м2	Бетонирование (с помощью бадьи) конструкций: внутренних стен толщиной до 20 см
ГЭСН	06	06-17-003	Бетонирование конструкций стен	06-17-003-06	10 м2	Бетонирование (с помощью бадьи) конструкций: внутренних стен толщиной до 30 см
ГЭСН	06	06-17-003	Бетонирование конструкций стен	06-17-003-07	10 м2	Бетонирование (с помощью автобетононасосов) конструкций: наружных стен толщиной до 10 см
ГЭСН	06	06-17-003	Бетонирование конструкций стен	06-17-003-08	10 м2	Бетонирование (с помощью автобетононасосов) конструкций: наружных стен толщиной до 20 см
ГЭСН	06	06-17-003	Бетонирование конструкций стен	06-17-003-09	10 м2	Бетонирование (с помощью автобетононасосов) конструкций: наружных стен толщиной до 30 см
ГЭСН	06	06-17-003	Бетонирование конструкций стен	06-17-003-10	10 м2	Бетонирование (с помощью автобетононасосов) конструкций: наружных стен толщиной свыше 30 см
ГЭСН	06	06-17-003	Бетонирование конструкций стен	06-17-003-11	10 м2	Бетонирование (с помощью автобетононасосов) конструкций: внутренних стен толщиной до 20 см
ГЭСН	06	06-17-003	Бетонирование конструкций стен	06-17-003-12	10 м2	Бетонирование (с помощью автобетононасосов) конструкций: внутренних стен толщиной до 30 см
ГЭСН	06	06-17-004	Установка плит теплоизоляционного слоя	06-17-004-01	10 м2	Установка плит теплоизоляционного слоя
ГЭСН	06	06-17-005	Демонтаж скользящей опалубки	06-17-005-01	м	Демонтаж скользящей опалубки
ГЭСН	06	06-18-001	Возведение перекрытий в мелкощитовой опалубке	06-18-001-01	10 м2	Возведение перекрытий в мелкощитовой опалубке (с помощью бадьи), толщина перекрытий: до 12 см
ГЭСН	06	06-18-001	Возведение перекрытий в мелкощитовой опалубке	06-18-001-02	10 м2	Возведение перекрытий в мелкощитовой опалубке (с помощью бадьи), толщина перекрытий: свыше 12 до 16 см
ГЭСН	06	06-18-001	Возведение перекрытий в мелкощитовой опалубке	06-18-001-03	10 м2	Возведение перекрытий в мелкощитовой опалубке (с помощью бадьи), толщина перекрытий: свыше 16 до 20 см
ГЭСН	06	06-18-001	Возведение перекрытий в мелкощитовой опалубке	06-18-001-04	10 м2	Возведение перекрытий в мелкощитовой опалубке (с помощью бадьи), толщина перекрытий: свыше 20 см
ГЭСН	06	06-18-001	Возведение перекрытий в мелкощитовой опалубке	06-18-001-05	10 м2	Возведение перекрытий в мелкощитовой опалубке (с помощью автобетононасоса), толщина перекрытий: до 12 см
ГЭСН	06	06-18-001	Возведение перекрытий в мелкощитовой опалубке	06-18-001-06	10 м2	Возведение перекрытий в мелкощитовой опалубке (с помощью автобетононасоса), толщина перекрытий: свыше 12 до 16 см
ГЭСН	06	06-18-001	Возведение перекрытий в мелкощитовой опалубке	06-18-001-07	10 м2	Возведение перекрытий в мелкощитовой опалубке (с помощью автобетононасоса), толщина перекрытий: свыше 16 до 20 см
ГЭСН	06	06-18-001	Возведение перекрытий в мелкощитовой опалубке	06-18-001-08	10 м2	Возведение перекрытий в мелкощитовой опалубке (с помощью автобетононасоса), толщина перекрытий: свыше 20 см
ГЭСН	06	06-18-002	Установка арматуры в мелкощитовую опалубку перекрытий	06-18-002-01	т	Установка арматуры в мелкощитовую опалубку перекрытий
ГЭСН	06	06-19-002	Устройство железобетонных стен	06-19-002-04	100 м3	Устройство железобетонных стен в инвентарной опалубке (подача бетона в бадьях): высотой до 6 м, толщиной 150 мм криволинейных
ГЭСН	06	06-19-002	Устройство железобетонных стен	06-19-002-05	100 м3	Устройство железобетонных стен в инвентарной опалубке (подача бетона в бадьях): высотой до 6 м, толщиной 300 мм криволинейных
ГЭСН	06	06-19-002	Устройство железобетонных стен	06-19-002-06	100 м3	Устройство железобетонных стен в инвентарной опалубке (подача бетона в бадьях): высотой до 6 м, толщиной 600 мм криволинейных
ГЭСН	06	06-19-002	Устройство железобетонных стен	06-19-002-07	100 м3	Устройство железобетонных стен в инвентарной опалубке (подача бетона в бадьях): высотой до 3 м с установкой утеплителя до бетонирования трехслойных
ГЭСН	06	06-19-002	Устройство железобетонных стен	06-19-002-08	100 м3	Устройство железобетонных стен в инвентарной опалубке (подача бетона в бадьях): высотой до 3 м с установкой утеплителя до бетонирования трехслойных криволинейных
ГЭСН	06	06-19-002	Устройство железобетонных стен	06-19-002-09	100 м3	Устройство железобетонных стен в инвентарной опалубке (подача бетона в бадьях): высотой до 3 м с установкой утеплителя до бетонирования трехслойных наклонных криволинейных
ГЭСН	06	06-19-002	Устройство железобетонных стен	06-19-002-10	100 м3	Устройство железобетонных стен в инвентарной опалубке (подача бетона в бадьях): с наклейкой утеплителя и раздельным бетонированием трехслойных
ГЭСН	06	06-19-002	Устройство железобетонных стен	06-19-002-11	100 м3	Устройство железобетонных стен в инвентарной опалубке (подача бетона в бадьях): высотой до 10 м, толщиной до 200 мм, наклонных, с углом наклона до 30 градусов
ГЭСН	06	06-19-003	Устройство железобетонных балок для перекрытий	06-19-003-01	100 м3	Устройство железобетонных балок для перекрытий в инвентарной опалубке (подача бетона в бадьях) на высоте от опорной площадки: до 6 м при высоте балок до 500 мм
ГЭСН	06	06-19-003	Устройство железобетонных балок для перекрытий	06-19-003-02	100 м3	Устройство железобетонных балок для перекрытий в инвентарной опалубке (подача бетона в бадьях) на высоте от опорной площадки: до 6 м при высоте балок до 800 мм
ГЭСН	06	06-19-003	Устройство железобетонных балок для перекрытий	06-19-003-03	100 м3	Устройство железобетонных балок для перекрытий в инвентарной опалубке (подача бетона в бадьях) на высоте от опорной площадки: до 6 м при высоте балок более 800 мм
ГЭСН	06	06-19-003	Устройство железобетонных балок для перекрытий	06-19-003-04	100 м3	Устройство железобетонных балок для перекрытий в инвентарной опалубке (подача бетона в бадьях) на высоте от опорной площадки: более 6 м при высоте балок до 500 мм
ГЭСН	06	06-19-003	Устройство железобетонных балок для перекрытий	06-19-003-05	100 м3	Устройство железобетонных балок для перекрытий в инвентарной опалубке (подача бетона в бадьях) на высоте от опорной площадки: более 6 м при высоте балок до 800 мм
ГЭСН	06	06-19-003	Устройство железобетонных балок для перекрытий	06-19-003-06	100 м3	Устройство железобетонных балок для перекрытий в инвентарной опалубке (подача бетона в бадьях) на высоте от опорной площадки: более 6 м при высоте балок более 800 мм
ГЭСН	06	06-19-003	Устройство железобетонных балок для перекрытий	06-19-003-07	100 м3	Устройство железобетонных балок для перекрытий в инвентарной опалубке (подача бетона в бадьях) на высоте от опорной площадки: до 6 м при высоте балок до 800 мм криволинейного очертания
ГЭСН	06	06-19-003	Устройство железобетонных балок для перекрытий	06-19-003-08	100 м3	Устройство железобетонных балок для перекрытий в инвентарной опалубке (подача бетона в бадьях) на высоте от опорной площадки: до 6 м при высоте балок более 800 мм криволинейного очертания
ГЭСН	06	06-19-003	Устройство железобетонных балок для перекрытий	06-19-003-09	100 м3	Устройство железобетонных балок для перекрытий в инвентарной опалубке (подача бетона в бадьях) на высоте от опорной площадки: более 6 м при высоте балок более 800 мм криволинейного очертания
ГЭСН	06	06-19-003	Устройство железобетонных балок для перекрытий	06-19-003-10	100 м3	Устройство железобетонных балок для перекрытий в инвентарной опалубке (подача бетона в бадьях) на высоте от опорной площадки: до 6 м при высоте балок до 800 мм наклонных
ГЭСН	06	06-19-003	Устройство железобетонных балок для перекрытий	06-19-003-11	100 м3	Устройство железобетонных балок для перекрытий в инвентарной опалубке (подача бетона в бадьях) на высоте от опорной площадки: до 6 м при высоте балок более 800 мм наклонных
ГЭСН	06	06-19-003	Устройство железобетонных балок для перекрытий	06-19-003-12	100 м3	Устройство железобетонных балок для перекрытий в инвентарной опалубке (подача бетона в бадьях) на высоте от опорной площадки: более 6 м при высоте балок до 800 мм наклонных
ГЭСН	06	06-19-003	Устройство железобетонных балок для перекрытий	06-19-003-13	100 м3	Устройство железобетонных балок для перекрытий в инвентарной опалубке (подача бетона в бадьях) на высоте от опорной площадки: более 6 м при высоте балок более 800 мм наклонных
ГЭСН	06	06-19-004	Устройство железобетонных перекрытий и покрытий	06-19-004-02	100 м3	Устройство железобетонных перекрытий и покрытий толщиной до 200 мм в инвентарной опалубке (подача бетона в бадьях) на высоте от опорной площадки: более 6 м
ГЭСН	06	06-19-004	Устройство железобетонных перекрытий и покрытий	06-19-004-03	100 м3	Устройство железобетонных перекрытий и покрытий толщиной до 200 мм в инвентарной опалубке (подача бетона в бадьях) на высоте от опорной площадки: до 6 м криволинейного очертания
ГЭСН	06	06-19-004	Устройство железобетонных перекрытий и покрытий	06-19-004-04	100 м3	Устройство железобетонных перекрытий и покрытий толщиной до 200 мм в инвентарной опалубке (подача бетона в бадьях) на высоте от опорной площадки: более 6 м криволинейного очертания
ГЭСН	06	06-19-004	Устройство железобетонных перекрытий и покрытий	06-19-004-05	100 м3	Устройство железобетонных перекрытий и покрытий толщиной до 200 мм в инвентарной опалубке (подача бетона в бадьях) на высоте от опорной площадки: до 6 м наклонных
ГЭСН	06	06-19-004	Устройство железобетонных перекрытий и покрытий	06-19-004-06	100 м3	Устройство железобетонных перекрытий и покрытий толщиной до 200 мм в инвентарной опалубке (подача бетона в бадьях) на высоте от опорной площадки: до 6 м наклонного и криволинейного очертания
ГЭСН	06	06-19-005	Устройство железобетонных лестничных маршей	06-19-005-02	100 м3	Устройство железобетонных лестничных маршей в инвентарной опалубке (подача бетона в бадьях): криволинейных
ГЭСН	06	06-23-001	Монтаж мелкощитовой опалубки монолитных железобетонных конструкций надземной части зданий, при высоте здания до 30 м	06-23-001-01	100 м2	Монтаж мелкощитовой опалубки монолитных железобетонных конструкций надземной части зданий, при высоте здания до 30 м: стен
ГЭСН	06	06-23-001	Монтаж мелкощитовой опалубки монолитных железобетонных конструкций надземной части зданий, при высоте здания до 30 м	06-23-001-02	100 м2	Монтаж мелкощитовой опалубки монолитных железобетонных конструкций надземной части зданий, при высоте здания до 30 м: колонн периметром до 1200 мм
ГЭСН	06	06-23-001	Монтаж мелкощитовой опалубки монолитных железобетонных конструкций надземной части зданий, при высоте здания до 30 м	06-23-001-03	100 м2	Монтаж мелкощитовой опалубки монолитных железобетонных конструкций надземной части зданий, при высоте здания до 30 м: колонн периметром свыше 1200 мм
ГЭСН	06	06-23-001	Монтаж мелкощитовой опалубки монолитных железобетонных конструкций надземной части зданий, при высоте здания до 30 м	06-23-001-04	100 м2	Монтаж мелкощитовой опалубки монолитных железобетонных конструкций надземной части зданий, при высоте здания до 30 м: перекрытия
ГЭСН	06	06-23-001	Монтаж мелкощитовой опалубки монолитных железобетонных конструкций надземной части зданий, при высоте здания до 30 м	06-23-001-05	100 м2	Монтаж мелкощитовой опалубки монолитных железобетонных конструкций надземной части зданий, при высоте здания до 30 м: лестничных маршей
ГЭСН	06	06-23-002	Демонтаж мелкощитовой опалубки монолитных железобетонных конструкций надземной части зданий, при высоте здания до 30 м	06-23-002-01	100 м2	Демонтаж мелкощитовой опалубки монолитных железобетонных конструкций надземной части зданий, при высоте здания до 30 м: стен
ГЭСН	06	06-23-002	Демонтаж мелкощитовой опалубки монолитных железобетонных конструкций надземной части зданий, при высоте здания до 30 м	06-23-002-02	100 м2	Демонтаж мелкощитовой опалубки монолитных железобетонных конструкций надземной части зданий, при высоте здания до 30 м: колонн периметром до 1200 мм
ГЭСН	06	06-23-002	Демонтаж мелкощитовой опалубки монолитных железобетонных конструкций надземной части зданий, при высоте здания до 30 м	06-23-002-03	100 м2	Демонтаж мелкощитовой опалубки монолитных железобетонных конструкций надземной части зданий, при высоте здания до 30 м: колонн периметром свыше 1200 мм
ГЭСН	06	06-23-002	Демонтаж мелкощитовой опалубки монолитных железобетонных конструкций надземной части зданий, при высоте здания до 30 м	06-23-002-04	100 м2	Демонтаж мелкощитовой опалубки монолитных железобетонных конструкций надземной части зданий, при высоте здания до 30 м: перекрытия
ГЭСН	06	06-23-002	Демонтаж мелкощитовой опалубки монолитных железобетонных конструкций надземной части зданий, при высоте здания до 30 м	06-23-002-05	100 м2	Демонтаж мелкощитовой опалубки монолитных железобетонных конструкций надземной части зданий, при высоте здания до 30 м: лестничных маршей
ГЭСН	06	06-23-003	Армирование монолитных железобетонных конструкций надземной части зданий, при высоте здания до 30 м	06-23-003-01	т	Установка каркасов и сеток в опалубку монолитных железобетонных конструкций надземной части зданий, при высоте здания до 30 м: стен
ГЭСН	06	06-23-003	Армирование монолитных железобетонных конструкций надземной части зданий, при высоте здания до 30 м	06-23-003-02	т	Установка каркасов и сеток в опалубку монолитных железобетонных конструкций надземной части зданий, при высоте здания до 30 м: перекрытий
ГЭСН	06	06-23-003	Армирование монолитных железобетонных конструкций надземной части зданий, при высоте здания до 30 м	06-23-003-03	т	Установка заготовок арматурных в опалубку монолитных железобетонных конструкций надземной части зданий, при высоте здания до 30 м: стен
ГЭСН	06	06-23-003	Армирование монолитных железобетонных конструкций надземной части зданий, при высоте здания до 30 м	06-23-003-04	т	Установка заготовок арматурных в опалубку монолитных железобетонных конструкций надземной части зданий, при высоте здания до 30 м: колонн
ГЭСН	06	06-23-003	Армирование монолитных железобетонных конструкций надземной части зданий, при высоте здания до 30 м	06-23-003-05	т	Установка заготовок арматурных в опалубку монолитных железобетонных конструкций надземной части зданий, при высоте здания до 30 м: перекрытий
ГЭСН	06	06-23-003	Армирование монолитных железобетонных конструкций надземной части зданий, при высоте здания до 30 м	06-23-003-06	т	Установка заготовок арматурных в опалубку монолитных железобетонных конструкций надземной части зданий, при высоте здания до 30 м: лестничных маршей
ГЭСН	06	06-23-003	Армирование монолитных железобетонных конструкций надземной части зданий, при высоте здания до 30 м	06-23-003-07	т	Установка закладных деталей монолитных железобетонных конструкций надземной части зданий, при высоте здания до 30 м
ГЭСН	06	06-23-004	Бетонирование по схеме "кран-бадья" монолитных железобетонных конструкций надземной части зданий, при высоте здания до 30 м	06-23-004-01	100 м3	Бетонирование по схеме "кран-бадья" монолитных железобетонных конструкций надземной части зданий, при высоте здания до 30 м: стен толщиной до 100 мм
ГЭСН	06	06-23-004	Бетонирование по схеме "кран-бадья" монолитных железобетонных конструкций надземной части зданий, при высоте здания до 30 м	06-23-004-02	100 м3	Бетонирование по схеме "кран-бадья" монолитных железобетонных конструкций надземной части зданий, при высоте здания до 30 м: стен толщиной свыше 100 мм до 150 мм
ГЭСН	06	06-23-004	Бетонирование по схеме "кран-бадья" монолитных железобетонных конструкций надземной части зданий, при высоте здания до 30 м	06-23-004-03	100 м3	Бетонирование по схеме "кран-бадья" монолитных железобетонных конструкций надземной части зданий, при высоте здания до 30 м: стен толщиной свыше 150 мм до 200 мм
ГЭСН	06	06-23-004	Бетонирование по схеме "кран-бадья" монолитных железобетонных конструкций надземной части зданий, при высоте здания до 30 м	06-23-004-04	100 м3	Бетонирование по схеме "кран-бадья" монолитных железобетонных конструкций надземной части зданий, при высоте здания до 30 м: стен толщиной свыше 200 мм до 300 мм
ГЭСН	06	06-23-004	Бетонирование по схеме "кран-бадья" монолитных железобетонных конструкций надземной части зданий, при высоте здания до 30 м	06-23-004-05	100 м3	Бетонирование по схеме "кран-бадья" монолитных железобетонных конструкций надземной части зданий, при высоте здания до 30 м: стен толщиной свыше 300 мм
ГЭСН	06	06-23-004	Бетонирование по схеме "кран-бадья" монолитных железобетонных конструкций надземной части зданий, при высоте здания до 30 м	06-23-004-06	100 м3	Бетонирование по схеме "кран-бадья" монолитных железобетонных конструкций надземной части зданий, при высоте здания до 30 м: колонн при наименьшей стороне поперечного сечения до 300 мм
ГЭСН	06	06-23-004	Бетонирование по схеме "кран-бадья" монолитных железобетонных конструкций надземной части зданий, при высоте здания до 30 м	06-23-004-07	100 м3	Бетонирование по схеме "кран-бадья" монолитных железобетонных конструкций надземной части зданий, при высоте здания до 30 м: колонн при наименьшей стороне поперечного сечения свыше 300 мм до 500 мм
ГЭСН	06	06-23-004	Бетонирование по схеме "кран-бадья" монолитных железобетонных конструкций надземной части зданий, при высоте здания до 30 м	06-23-004-08	100 м3	Бетонирование по схеме "кран-бадья" монолитных железобетонных конструкций надземной части зданий, при высоте здания до 30 м: колонн при наименьшей стороне поперечного сечения свыше 500 мм
ГЭСН	06	06-23-004	Бетонирование по схеме "кран-бадья" монолитных железобетонных конструкций надземной части зданий, при высоте здания до 30 м	06-23-004-09	100 м3	Бетонирование по схеме "кран-бадья" монолитных железобетонных конструкций надземной части зданий, при высоте здания до 30 м: перекрытий при площади перекрытия между осями колонн или стен до 10 м2
ГЭСН	06	06-23-004	Бетонирование по схеме "кран-бадья" монолитных железобетонных конструкций надземной части зданий, при высоте здания до 30 м	06-23-004-10	100 м3	Бетонирование по схеме "кран-бадья" монолитных железобетонных конструкций надземной части зданий, при высоте здания до 30 м: перекрытий при площади перекрытия между осями колонн или стен свыше 10 м2 д
ГЭСН	06	06-23-004	Бетонирование по схеме "кран-бадья" монолитных железобетонных конструкций надземной части зданий, при высоте здания до 30 м	06-23-004-11	100 м3	Бетонирование по схеме "кран-бадья" монолитных железобетонных конструкций надземной части зданий, при высоте здания до 30 м: перекрытий при площади перекрытия между осями колонн или стен свыше 20 м2
ГЭСН	06	06-23-004	Бетонирование по схеме "кран-бадья" монолитных железобетонных конструкций надземной части зданий, при высоте здания до 30 м	06-23-004-12	100 м3	Бетонирование по схеме "кран-бадья" монолитных железобетонных конструкций надземной части зданий, при высоте здания до 30 м: лестничных маршей
ГЭСН	06	06-23-004	Бетонирование по схеме "кран-бадья" монолитных железобетонных конструкций надземной части зданий, при высоте здания до 30 м	06-23-004-13	100 м3	Бетонирование по схеме "кран-бадья" монолитных железобетонных конструкций надземной части зданий, при высоте здания до 30 м: лестничных и балконных площадок
ГЭСН	06	06-23-006	Монтаж мелкощитовой опалубки монолитных железобетонных конструкций надземной части зданий, при высоте здания свыше 30 м до 40 м	06-23-006-01	100 м2	Монтаж мелкощитовой опалубки монолитных железобетонных конструкций надземной части зданий, при высоте здания свыше 30 м до 40 м: стен
ГЭСН	06	06-23-006	Монтаж мелкощитовой опалубки монолитных железобетонных конструкций надземной части зданий, при высоте здания свыше 30 м до 40 м	06-23-006-02	100 м2	Монтаж мелкощитовой опалубки монолитных железобетонных конструкций надземной части зданий, при высоте здания свыше 30 м до 40 м: колонн периметром до 1200 мм
ГЭСН	06	06-23-006	Монтаж мелкощитовой опалубки монолитных железобетонных конструкций надземной части зданий, при высоте здания свыше 30 м до 40 м	06-23-006-03	100 м2	Монтаж мелкощитовой опалубки монолитных железобетонных конструкций надземной части зданий, при высоте здания свыше 30 м до 40 м: колонн периметром свыше 1200 мм
ГЭСН	06	06-23-006	Монтаж мелкощитовой опалубки монолитных железобетонных конструкций надземной части зданий, при высоте здания свыше 30 м до 40 м	06-23-006-04	100 м2	Монтаж мелкощитовой опалубки монолитных железобетонных конструкций надземной части зданий, при высоте здания свыше 30 м до 40 м: перекрытия
ГЭСН	06	06-23-006	Монтаж мелкощитовой опалубки монолитных железобетонных конструкций надземной части зданий, при высоте здания свыше 30 м до 40 м	06-23-006-05	100 м2	Монтаж мелкощитовой опалубки монолитных железобетонных конструкций надземной части зданий, при высоте здания свыше 30 м до 40 м: лестничных маршей
ГЭСН	06	06-23-007	Демонтаж мелкощитовой опалубки монолитных железобетонных конструкций надземной части зданий, при высоте здания свыше 30 м до 40 м	06-23-007-01	100 м2	Демонтаж мелкощитовой опалубки монолитных железобетонных конструкций надземной части зданий, при высоте здания свыше 30 м до 40 м: стен
ГЭСН	06	06-23-007	Демонтаж мелкощитовой опалубки монолитных железобетонных конструкций надземной части зданий, при высоте здания свыше 30 м до 40 м	06-23-007-02	100 м2	Демонтаж мелкощитовой опалубки монолитных железобетонных конструкций надземной части зданий, при высоте здания свыше 30 м до 40 м: колонн периметром до 1200 мм
ГЭСН	06	06-23-007	Демонтаж мелкощитовой опалубки монолитных железобетонных конструкций надземной части зданий, при высоте здания свыше 30 м до 40 м	06-23-007-03	100 м2	Демонтаж мелкощитовой опалубки монолитных железобетонных конструкций надземной части зданий, при высоте здания свыше 30 м до 40 м: колонн периметром свыше 1200 мм
ГЭСН	06	06-23-007	Демонтаж мелкощитовой опалубки монолитных железобетонных конструкций надземной части зданий, при высоте здания свыше 30 м до 40 м	06-23-007-04	100 м2	Демонтаж мелкощитовой опалубки монолитных железобетонных конструкций надземной части зданий, при высоте здания свыше 30 м до 40 м: перекрытия
ГЭСН	06	06-23-007	Демонтаж мелкощитовой опалубки монолитных железобетонных конструкций надземной части зданий, при высоте здания свыше 30 м до 40 м	06-23-007-05	100 м2	Демонтаж мелкощитовой опалубки монолитных железобетонных конструкций надземной части зданий, при высоте здания свыше 30 м до 40 м: лестничных маршей
ГЭСН	06	06-23-008	Армирование монолитных железобетонных конструкций надземной части зданий, при высоте здания свыше 30 м до 40 м	06-23-008-01	т	Установка каркасов и сеток в опалубку монолитных железобетонных конструкций надземной части зданий, при высоте здания свыше 30 до 40 м: стен
ГЭСН	06	06-23-008	Армирование монолитных железобетонных конструкций надземной части зданий, при высоте здания свыше 30 м до 40 м	06-23-008-02	т	Установка каркасов и сеток в опалубку монолитных железобетонных конструкций надземной части зданий, при высоте здания свыше 30 до 40 м: перекрытий
ГЭСН	06	06-23-008	Армирование монолитных железобетонных конструкций надземной части зданий, при высоте здания свыше 30 м до 40 м	06-23-008-03	т	Установка заготовок арматурных в опалубку монолитных железобетонных конструкций надземной части зданий, при высоте здания свыше 30 до 40 м: стен
ГЭСН	06	06-23-008	Армирование монолитных железобетонных конструкций надземной части зданий, при высоте здания свыше 30 м до 40 м	06-23-008-04	т	Установка заготовок арматурных в опалубку монолитных железобетонных конструкций надземной части зданий, при высоте здания свыше 30 до 40 м: колонн
ГЭСН	06	06-23-008	Армирование монолитных железобетонных конструкций надземной части зданий, при высоте здания свыше 30 м до 40 м	06-23-008-05	т	Установка заготовок арматурных в опалубку монолитных железобетонных конструкций надземной части зданий, при высоте здания свыше 30 до 40 м: перекрытий
ГЭСН	06	06-23-008	Армирование монолитных железобетонных конструкций надземной части зданий, при высоте здания свыше 30 м до 40 м	06-23-008-06	т	Установка заготовок арматурных в опалубку монолитных железобетонных конструкций надземной части зданий, при высоте здания свыше 30 до 40 м: лестничных маршей
ГЭСН	06	06-23-008	Армирование монолитных железобетонных конструкций надземной части зданий, при высоте здания свыше 30 м до 40 м	06-23-008-07	т	Установка закладных деталей монолитных железобетонных конструкций надземной части зданий при высоте здания свыше 30 до 40 м
ГЭСН	06	06-23-009	Бетонирование по схеме "кран-бадья" монолитных железобетонных конструкций надземной части зданий, при высоте здания свыше 30 м до 40 м	06-23-009-01	100 м3	Бетонирование по схеме "кран-бадья" монолитных железобетонных конструкций надземной части зданий, при высоте здания свыше 30 до 40 м: стен толщиной до 100 мм
ГЭСН	06	06-23-009	Бетонирование по схеме "кран-бадья" монолитных железобетонных конструкций надземной части зданий, при высоте здания свыше 30 м до 40 м	06-23-009-02	100 м3	Бетонирование по схеме "кран-бадья" монолитных железобетонных конструкций надземной части зданий, при высоте здания свыше 30 до 40 м: стен толщиной свыше 100 мм до 150 мм
ГЭСН	06	06-23-009	Бетонирование по схеме "кран-бадья" монолитных железобетонных конструкций надземной части зданий, при высоте здания свыше 30 м до 40 м	06-23-009-03	100 м3	Бетонирование по схеме "кран-бадья" монолитных железобетонных конструкций надземной части зданий, при высоте здания свыше 30 до 40 м: стен толщиной свыше 150 мм до 200 мм
ГЭСН	06	06-23-009	Бетонирование по схеме "кран-бадья" монолитных железобетонных конструкций надземной части зданий, при высоте здания свыше 30 м до 40 м	06-23-009-04	100 м3	Бетонирование по схеме "кран-бадья" монолитных железобетонных конструкций надземной части зданий, при высоте здания свыше 30 до 40 м: стен толщиной свыше 200 мм до 300 мм
ГЭСН	06	06-23-009	Бетонирование по схеме "кран-бадья" монолитных железобетонных конструкций надземной части зданий, при высоте здания свыше 30 м до 40 м	06-23-009-05	100 м3	Бетонирование по схеме "кран-бадья" монолитных железобетонных конструкций надземной части зданий, при высоте здания свыше 30 до 40 м: стен толщиной свыше 300 мм
ГЭСН	06	06-23-009	Бетонирование по схеме "кран-бадья" монолитных железобетонных конструкций надземной части зданий, при высоте здания свыше 30 м до 40 м	06-23-009-06	100 м3	Бетонирование по схеме "кран-бадья" монолитных железобетонных конструкций надземной части зданий, при высоте здания свыше 30 до 40 м: колонн при наименьшей стороне поперечного сечения до 300 мм
ГЭСН	06	06-23-009	Бетонирование по схеме "кран-бадья" монолитных железобетонных конструкций надземной части зданий, при высоте здания свыше 30 м до 40 м	06-23-009-07	100 м3	Бетонирование по схеме "кран-бадья" монолитных железобетонных конструкций надземной части зданий, при высоте здания свыше 30 до 40 м: колонн при наименьшей стороне поперечного сечения свыше 300 мм до 
ГЭСН	06	06-23-009	Бетонирование по схеме "кран-бадья" монолитных железобетонных конструкций надземной части зданий, при высоте здания свыше 30 м до 40 м	06-23-009-08	100 м3	Бетонирование по схеме "кран-бадья" монолитных железобетонных конструкций надземной части зданий, при высоте здания свыше 30 до 40 м: колонн при наименьшей стороне поперечного сечения свыше 500 мм
ГЭСН	06	06-23-009	Бетонирование по схеме "кран-бадья" монолитных железобетонных конструкций надземной части зданий, при высоте здания свыше 30 м до 40 м	06-23-009-09	100 м3	Бетонирование по схеме "кран-бадья" монолитных железобетонных конструкций надземной части зданий, при высоте здания свыше 30 до 40 м: перекрытий при площади перекрытия между осями колонн или стен до 1
ГЭСН	06	06-23-009	Бетонирование по схеме "кран-бадья" монолитных железобетонных конструкций надземной части зданий, при высоте здания свыше 30 м до 40 м	06-23-009-10	100 м3	Бетонирование по схеме "кран-бадья" монолитных железобетонных конструкций надземной части зданий, при высоте здания свыше 30 до 40 м: перекрытий при площади перекрытия между осями колонн или стен свыш
ГЭСН	06	06-23-009	Бетонирование по схеме "кран-бадья" монолитных железобетонных конструкций надземной части зданий, при высоте здания свыше 30 м до 40 м	06-23-009-11	100 м3	Бетонирование по схеме "кран-бадья" монолитных железобетонных конструкций надземной части зданий, при высоте здания свыше 30 до 40 м: перекрытий при площади перекрытия между осями колонн или стен свыш
ГЭСН	06	06-23-009	Бетонирование по схеме "кран-бадья" монолитных железобетонных конструкций надземной части зданий, при высоте здания свыше 30 м до 40 м	06-23-009-12	100 м3	Бетонирование по схеме "кран-бадья" монолитных железобетонных конструкций надземной части зданий, при высоте здания свыше 30 до 40 м: лестничных маршей
ГЭСН	06	06-23-009	Бетонирование по схеме "кран-бадья" монолитных железобетонных конструкций надземной части зданий, при высоте здания свыше 30 м до 40 м	06-23-009-13	100 м3	Бетонирование по схеме "кран-бадья" монолитных железобетонных конструкций надземной части зданий, при высоте здания свыше 30 до 40 м: лестничных и балконных площадок
ГЭСН	06	06-23-011	Монтаж мелкощитовой опалубки монолитных железобетонных конструкций надземной части зданий, при высоте здания свыше 40 м до 57 м	06-23-011-01	100 м2	Монтаж мелкощитовой опалубки монолитных железобетонных конструкций надземной части зданий, при высоте здания свыше 40 м до 57 м: стен
ГЭСН	06	06-23-011	Монтаж мелкощитовой опалубки монолитных железобетонных конструкций надземной части зданий, при высоте здания свыше 40 м до 57 м	06-23-011-02	100 м2	Монтаж мелкощитовой опалубки монолитных железобетонных конструкций надземной части зданий, при высоте здания свыше 40 м до 57 м: колонн периметром до 1200 мм
ГЭСН	06	06-23-011	Монтаж мелкощитовой опалубки монолитных железобетонных конструкций надземной части зданий, при высоте здания свыше 40 м до 57 м	06-23-011-03	100 м2	Монтаж мелкощитовой опалубки монолитных железобетонных конструкций надземной части зданий, при высоте здания свыше 40 м до 57 м: колонн периметром свыше 1200 мм
ГЭСН	06	06-23-011	Монтаж мелкощитовой опалубки монолитных железобетонных конструкций надземной части зданий, при высоте здания свыше 40 м до 57 м	06-23-011-04	100 м2	Монтаж мелкощитовой опалубки монолитных железобетонных конструкций надземной части зданий, при высоте здания свыше 40 м до 57 м: перекрытия
ГЭСН	06	06-23-011	Монтаж мелкощитовой опалубки монолитных железобетонных конструкций надземной части зданий, при высоте здания свыше 40 м до 57 м	06-23-011-05	100 м2	Монтаж мелкощитовой опалубки монолитных железобетонных конструкций надземной части зданий, при высоте здания свыше 40 м до 57 м: лестничных маршей
ГЭСН	06	06-23-012	Демонтаж мелкощитовой опалубки монолитных железобетонных конструкций надземной части зданий, при высоте здания свыше 40 м до 57 м	06-23-012-01	100 м2	Демонтаж мелкощитовой опалубки монолитных железобетонных конструкций надземной части зданий, при высоте здания свыше 40 м до 57 м: стен
ГЭСН	06	06-23-012	Демонтаж мелкощитовой опалубки монолитных железобетонных конструкций надземной части зданий, при высоте здания свыше 40 м до 57 м	06-23-012-02	100 м2	Демонтаж мелкощитовой опалубки монолитных железобетонных конструкций надземной части зданий, при высоте здания свыше 40 м до 57 м: колонн периметром до 1200 мм
ГЭСН	06	06-23-012	Демонтаж мелкощитовой опалубки монолитных железобетонных конструкций надземной части зданий, при высоте здания свыше 40 м до 57 м	06-23-012-03	100 м2	Демонтаж мелкощитовой опалубки монолитных железобетонных конструкций надземной части зданий, при высоте здания свыше 40 м до 57 м: колонн периметром свыше 1200 мм
ГЭСН	06	06-23-012	Демонтаж мелкощитовой опалубки монолитных железобетонных конструкций надземной части зданий, при высоте здания свыше 40 м до 57 м	06-23-012-04	100 м2	Демонтаж мелкощитовой опалубки монолитных железобетонных конструкций надземной части зданий, при высоте здания свыше 40 м до 57 м: перекрытия
ГЭСН	06	06-23-012	Демонтаж мелкощитовой опалубки монолитных железобетонных конструкций надземной части зданий, при высоте здания свыше 40 м до 57 м	06-23-012-05	100 м2	Демонтаж мелкощитовой опалубки монолитных железобетонных конструкций надземной части зданий, при высоте здания свыше 40 м до 57 м: лестничных маршей
ГЭСН	06	06-23-013	Армирование монолитных железобетонных конструкций надземной части зданий, при высоте здания свыше 40 м до 57 м	06-23-013-01	т	Установка каркасов и сеток в опалубку монолитных железобетонных конструкций надземной части зданий, при высоте здания свыше 40 до 57 м: стен
ГЭСН	06	06-23-013	Армирование монолитных железобетонных конструкций надземной части зданий, при высоте здания свыше 40 м до 57 м	06-23-013-02	т	Установка каркасов и сеток в опалубку монолитных железобетонных конструкций надземной части зданий, при высоте здания свыше 40 до 57 м: перекрытий
ГЭСН	06	06-23-013	Армирование монолитных железобетонных конструкций надземной части зданий, при высоте здания свыше 40 м до 57 м	06-23-013-03	т	Установка заготовок арматурных в опалубку монолитных железобетонных конструкций надземной части зданий, при высоте здания свыше 40 до 57 м: стен
ГЭСН	06	06-23-013	Армирование монолитных железобетонных конструкций надземной части зданий, при высоте здания свыше 40 м до 57 м	06-23-013-04	т	Установка заготовок арматурных в опалубку монолитных железобетонных конструкций надземной части зданий, при высоте здания свыше 40 до 57 м: колонн
ГЭСН	06	06-23-013	Армирование монолитных железобетонных конструкций надземной части зданий, при высоте здания свыше 40 м до 57 м	06-23-013-05	т	Установка заготовок арматурных в опалубку монолитных железобетонных конструкций надземной части зданий, при высоте здания свыше 40 до 57 м: перекрытий
ГЭСН	06	06-23-013	Армирование монолитных железобетонных конструкций надземной части зданий, при высоте здания свыше 40 м до 57 м	06-23-013-06	т	Установка заготовок арматурных в опалубку монолитных железобетонных конструкций надземной части зданий, при высоте здания свыше 40 до 57 м: лестничных маршей
ГЭСН	06	06-23-013	Армирование монолитных железобетонных конструкций надземной части зданий, при высоте здания свыше 40 м до 57 м	06-23-013-07	т	Установка закладных деталей монолитных железобетонных конструкций надземной части зданий, при высоте здания свыше 40 до 57 м
ГЭСН	06	06-23-014	Бетонирование по схеме "кран-бадья" монолитных железобетонных конструкций надземной части зданий, при высоте здания свыше 40 м до 57 м	06-23-014-01	100 м3	Бетонирование по схеме "кран-бадья" монолитных железобетонных конструкций надземной части зданий, при высоте здания свыше 40 м до 57 м: стен толщиной до 100 мм
ГЭСН	06	06-23-014	Бетонирование по схеме "кран-бадья" монолитных железобетонных конструкций надземной части зданий, при высоте здания свыше 40 м до 57 м	06-23-014-02	100 м3	Бетонирование по схеме "кран-бадья" монолитных железобетонных конструкций надземной части зданий, при высоте здания свыше 40 м до 57 м: стен толщиной свыше 100 мм до 150 мм
ГЭСН	06	06-23-014	Бетонирование по схеме "кран-бадья" монолитных железобетонных конструкций надземной части зданий, при высоте здания свыше 40 м до 57 м	06-23-014-03	100 м3	Бетонирование по схеме "кран-бадья" монолитных железобетонных конструкций надземной части зданий, при высоте здания свыше 40 м до 57 м: стен толщиной свыше 150 мм до 200 мм
ГЭСН	06	06-23-014	Бетонирование по схеме "кран-бадья" монолитных железобетонных конструкций надземной части зданий, при высоте здания свыше 40 м до 57 м	06-23-014-04	100 м3	Бетонирование по схеме "кран-бадья" монолитных железобетонных конструкций надземной части зданий, при высоте здания свыше 40 м до 57 м: стен толщиной свыше 200 мм до 300 мм
ГЭСН	06	06-23-014	Бетонирование по схеме "кран-бадья" монолитных железобетонных конструкций надземной части зданий, при высоте здания свыше 40 м до 57 м	06-23-014-05	100 м3	Бетонирование по схеме "кран-бадья" монолитных железобетонных конструкций надземной части зданий, при высоте здания свыше 40 м до 57 м: стен толщиной свыше 300 мм
ГЭСН	06	06-23-014	Бетонирование по схеме "кран-бадья" монолитных железобетонных конструкций надземной части зданий, при высоте здания свыше 40 м до 57 м	06-23-014-06	100 м3	Бетонирование по схеме "кран-бадья" монолитных железобетонных конструкций надземной части зданий, при высоте здания свыше 40 м до 57 м: колонн при наименьшей стороне поперечного сечения до 300 мм
ГЭСН	06	06-23-014	Бетонирование по схеме "кран-бадья" монолитных железобетонных конструкций надземной части зданий, при высоте здания свыше 40 м до 57 м	06-23-014-07	100 м3	Бетонирование по схеме "кран-бадья" монолитных железобетонных конструкций надземной части зданий, при высоте здания свыше 40 м до 57 м: колонн при наименьшей стороне поперечного сечения свыше 300 мм д
ГЭСН	06	06-23-014	Бетонирование по схеме "кран-бадья" монолитных железобетонных конструкций надземной части зданий, при высоте здания свыше 40 м до 57 м	06-23-014-08	100 м3	Бетонирование по схеме "кран-бадья" монолитных железобетонных конструкций надземной части зданий, при высоте здания свыше 40 м до 57 м: колонн при наименьшей стороне поперечного сечения свыше 500 мм
ГЭСН	06	06-23-014	Бетонирование по схеме "кран-бадья" монолитных железобетонных конструкций надземной части зданий, при высоте здания свыше 40 м до 57 м	06-23-014-09	100 м3	Бетонирование по схеме "кран-бадья" монолитных железобетонных конструкций надземной части зданий, при высоте здания свыше 40 м до 57 м: перекрытий при площади перекрытия между осями колонн или стен до
ГЭСН	06	06-23-014	Бетонирование по схеме "кран-бадья" монолитных железобетонных конструкций надземной части зданий, при высоте здания свыше 40 м до 57 м	06-23-014-10	100 м3	Бетонирование по схеме "кран-бадья" монолитных железобетонных конструкций надземной части зданий, при высоте здания свыше 40 м до 57 м: перекрытий при площади перекрытия между осями колонн или стен св
ГЭСН	06	06-23-014	Бетонирование по схеме "кран-бадья" монолитных железобетонных конструкций надземной части зданий, при высоте здания свыше 40 м до 57 м	06-23-014-11	100 м3	Бетонирование по схеме "кран-бадья" монолитных железобетонных конструкций надземной части зданий, при высоте здания свыше 40 м до 57 м: перекрытий при площади перекрытия между осями колонн или стен св
ГЭСН	06	06-23-014	Бетонирование по схеме "кран-бадья" монолитных железобетонных конструкций надземной части зданий, при высоте здания свыше 40 м до 57 м	06-23-014-12	100 м3	Бетонирование по схеме "кран-бадья" монолитных железобетонных конструкций надземной части зданий, при высоте здания свыше 40 м до 57 м: лестничных маршей
ГЭСН	06	06-23-014	Бетонирование по схеме "кран-бадья" монолитных железобетонных конструкций надземной части зданий, при высоте здания свыше 40 м до 57 м	06-23-014-13	100 м3	Бетонирование по схеме "кран-бадья" монолитных железобетонных конструкций надземной части зданий, при высоте здания свыше 40 м до 57 м: лестничных и балконных площадок
ГЭСН	06	06-23-016	Монтаж мелкощитовой опалубки монолитных железобетонных конструкций надземной части зданий, при высоте здания свыше 57 м до 75 м	06-23-016-01	100 м2	Монтаж мелкощитовой опалубки монолитных железобетонных конструкций надземной части зданий, при высоте здания свыше 57 м до 75 м: стен
ГЭСН	06	06-23-016	Монтаж мелкощитовой опалубки монолитных железобетонных конструкций надземной части зданий, при высоте здания свыше 57 м до 75 м	06-23-016-02	100 м2	Монтаж мелкощитовой опалубки монолитных железобетонных конструкций надземной части зданий, при высоте здания свыше 57 м до 75 м: колонн периметром до 1200 мм
ГЭСН	06	06-23-016	Монтаж мелкощитовой опалубки монолитных железобетонных конструкций надземной части зданий, при высоте здания свыше 57 м до 75 м	06-23-016-03	100 м2	Монтаж мелкощитовой опалубки монолитных железобетонных конструкций надземной части зданий, при высоте здания свыше 57 м до 75 м: колонн периметром свыше 1200 мм
ГЭСН	06	06-23-016	Монтаж мелкощитовой опалубки монолитных железобетонных конструкций надземной части зданий, при высоте здания свыше 57 м до 75 м	06-23-016-04	100 м2	Монтаж мелкощитовой опалубки монолитных железобетонных конструкций надземной части зданий, при высоте здания свыше 57 м до 75 м: перекрытия
ГЭСН	06	06-23-016	Монтаж мелкощитовой опалубки монолитных железобетонных конструкций надземной части зданий, при высоте здания свыше 57 м до 75 м	06-23-016-05	100 м2	Монтаж мелкощитовой опалубки монолитных железобетонных конструкций надземной части зданий, при высоте здания свыше 57 м до 75 м: лестничных маршей
ГЭСН	06	06-23-017	Демонтаж мелкощитовой опалубки монолитных железобетонных конструкций надземной части зданий, при высоте здания свыше 57 м до 75 м	06-23-017-01	100 м2	Демонтаж мелкощитовой опалубки монолитных железобетонных конструкций надземной части зданий, при высоте здания свыше 57 м до 75 м: стен
ГЭСН	06	06-23-017	Демонтаж мелкощитовой опалубки монолитных железобетонных конструкций надземной части зданий, при высоте здания свыше 57 м до 75 м	06-23-017-02	100 м2	Демонтаж мелкощитовой опалубки монолитных железобетонных конструкций надземной части зданий, при высоте здания свыше 57 м до 75 м: колонн периметром до 1200 мм
ГЭСН	06	06-23-017	Демонтаж мелкощитовой опалубки монолитных железобетонных конструкций надземной части зданий, при высоте здания свыше 57 м до 75 м	06-23-017-03	100 м2	Демонтаж мелкощитовой опалубки монолитных железобетонных конструкций надземной части зданий, при высоте здания свыше 57 м до 75 м: колонн периметром свыше 1200 мм
ГЭСН	06	06-23-017	Демонтаж мелкощитовой опалубки монолитных железобетонных конструкций надземной части зданий, при высоте здания свыше 57 м до 75 м	06-23-017-04	100 м2	Демонтаж мелкощитовой опалубки монолитных железобетонных конструкций надземной части зданий, при высоте здания свыше 57 м до 75 м: перекрытия
ГЭСН	06	06-23-017	Демонтаж мелкощитовой опалубки монолитных железобетонных конструкций надземной части зданий, при высоте здания свыше 57 м до 75 м	06-23-017-05	100 м2	Демонтаж мелкощитовой опалубки монолитных железобетонных конструкций надземной части зданий, при высоте здания свыше 57 м до 75 м: лестничных маршей
ГЭСН	06	06-23-018	Армирование монолитных железобетонных конструкций надземной части зданий, при высоте здания свыше 57 м до 75 м	06-23-018-01	т	Установка каркасов и сеток в опалубку монолитных железобетонных конструкций надземной части зданий, при высоте здания свыше 57 до 75 м: стен
ГЭСН	06	06-23-018	Армирование монолитных железобетонных конструкций надземной части зданий, при высоте здания свыше 57 м до 75 м	06-23-018-02	т	Установка каркасов и сеток в опалубку монолитных железобетонных конструкций надземной части зданий, при высоте здания свыше 57 до 75 м: перекрытий
ГЭСН	06	06-23-018	Армирование монолитных железобетонных конструкций надземной части зданий, при высоте здания свыше 57 м до 75 м	06-23-018-03	т	Установка заготовок арматурных в опалубку монолитных железобетонных конструкций надземной части зданий, при высоте здания свыше 57 до 75 м: стен
ГЭСН	06	06-23-018	Армирование монолитных железобетонных конструкций надземной части зданий, при высоте здания свыше 57 м до 75 м	06-23-018-04	т	Установка заготовок арматурных в опалубку монолитных железобетонных конструкций надземной части зданий, при высоте здания свыше 57 до 75 м: колонн
ГЭСН	06	06-23-018	Армирование монолитных железобетонных конструкций надземной части зданий, при высоте здания свыше 57 м до 75 м	06-23-018-05	т	Установка заготовок арматурных в опалубку монолитных железобетонных конструкций надземной части зданий, при высоте здания свыше 57 до 75 м: перекрытий
ГЭСН	06	06-23-018	Армирование монолитных железобетонных конструкций надземной части зданий, при высоте здания свыше 57 м до 75 м	06-23-018-06	т	Установка заготовок арматурных в опалубку монолитных железобетонных конструкций надземной части зданий, при высоте здания свыше 57 до 75 м: лестничных маршей
ГЭСН	06	06-23-018	Армирование монолитных железобетонных конструкций надземной части зданий, при высоте здания свыше 57 м до 75 м	06-23-018-07	т	Установка закладных деталей монолитных железобетонных конструкций надземной части зданий при высоте здания свыше 57 до 75 м
ГЭСН	06	06-23-019	Бетонирование по схеме "кран-бадья" монолитных железобетонных конструкций надземной части зданий, при высоте здания свыше 57 м до 75 м	06-23-019-01	100 м3	Бетонирование по схеме "кран-бадья" монолитных железобетонных конструкций надземной части зданий, при высоте здания свыше 57 до 75 м: стен толщиной до 100 мм
ГЭСН	06	06-23-019	Бетонирование по схеме "кран-бадья" монолитных железобетонных конструкций надземной части зданий, при высоте здания свыше 57 м до 75 м	06-23-019-02	100 м3	Бетонирование по схеме "кран-бадья" монолитных железобетонных конструкций надземной части зданий, при высоте здания свыше 57 до 75 м: стен толщиной свыше 100 мм до 150 мм
ГЭСН	06	06-23-019	Бетонирование по схеме "кран-бадья" монолитных железобетонных конструкций надземной части зданий, при высоте здания свыше 57 м до 75 м	06-23-019-03	100 м3	Бетонирование по схеме "кран-бадья" монолитных железобетонных конструкций надземной части зданий, при высоте здания свыше 57 до 75 м: стен толщиной свыше 150 мм до 200 мм
ГЭСН	06	06-23-019	Бетонирование по схеме "кран-бадья" монолитных железобетонных конструкций надземной части зданий, при высоте здания свыше 57 м до 75 м	06-23-019-04	100 м3	Бетонирование по схеме "кран-бадья" монолитных железобетонных конструкций надземной части зданий, при высоте здания свыше 57 до 75 м: стен толщиной свыше 200 мм до 300 мм
ГЭСН	06	06-23-019	Бетонирование по схеме "кран-бадья" монолитных железобетонных конструкций надземной части зданий, при высоте здания свыше 57 м до 75 м	06-23-019-05	100 м3	Бетонирование по схеме "кран-бадья" монолитных железобетонных конструкций надземной части зданий, при высоте здания свыше 57 до 75 м: стен толщиной свыше 300 мм
ГЭСН	06	06-23-019	Бетонирование по схеме "кран-бадья" монолитных железобетонных конструкций надземной части зданий, при высоте здания свыше 57 м до 75 м	06-23-019-06	100 м3	Бетонирование по схеме "кран-бадья" монолитных железобетонных конструкций надземной части зданий, при высоте здания свыше 57 до 75 м: колонн при наименьшей стороне поперечного сечения до 300 мм
ГЭСН	06	06-23-019	Бетонирование по схеме "кран-бадья" монолитных железобетонных конструкций надземной части зданий, при высоте здания свыше 57 м до 75 м	06-23-019-07	100 м3	Бетонирование по схеме "кран-бадья" монолитных железобетонных конструкций надземной части зданий, при высоте здания свыше 57 до 75 м: колонн при наименьшей стороне поперечного сечения свыше 300 мм до 
ГЭСН	06	06-23-019	Бетонирование по схеме "кран-бадья" монолитных железобетонных конструкций надземной части зданий, при высоте здания свыше 57 м до 75 м	06-23-019-08	100 м3	Бетонирование по схеме "кран-бадья" монолитных железобетонных конструкций надземной части зданий, при высоте здания свыше 57 до 75 м: колонн при наименьшей стороне поперечного сечения свыше 500 мм
ГЭСН	06	06-23-019	Бетонирование по схеме "кран-бадья" монолитных железобетонных конструкций надземной части зданий, при высоте здания свыше 57 м до 75 м	06-23-019-09	100 м3	Бетонирование по схеме "кран-бадья" монолитных железобетонных конструкций надземной части зданий, при высоте здания свыше 57 до 75 м: перекрытий при площади перекрытия между осями колонн или стен до 1
ГЭСН	06	06-23-019	Бетонирование по схеме "кран-бадья" монолитных железобетонных конструкций надземной части зданий, при высоте здания свыше 57 м до 75 м	06-23-019-10	100 м3	Бетонирование по схеме "кран-бадья" монолитных железобетонных конструкций надземной части зданий, при высоте здания свыше 57 до 75 м: перекрытий при площади перекрытия между осями колонн или стен свыш
ГЭСН	06	06-23-019	Бетонирование по схеме "кран-бадья" монолитных железобетонных конструкций надземной части зданий, при высоте здания свыше 57 м до 75 м	06-23-019-11	100 м3	Бетонирование по схеме "кран-бадья" монолитных железобетонных конструкций надземной части зданий, при высоте здания свыше 57 до 75 м: перекрытий при площади перекрытия между осями колонн или стен свыш
ГЭСН	06	06-23-019	Бетонирование по схеме "кран-бадья" монолитных железобетонных конструкций надземной части зданий, при высоте здания свыше 57 м до 75 м	06-23-019-12	100 м3	Бетонирование по схеме "кран-бадья" монолитных железобетонных конструкций надземной части зданий, при высоте здания свыше 57 до 75 м: лестничных маршей
ГЭСН	06	06-23-019	Бетонирование по схеме "кран-бадья" монолитных железобетонных конструкций надземной части зданий, при высоте здания свыше 57 м до 75 м	06-23-019-13	100 м3	Бетонирование по схеме "кран-бадья" монолитных железобетонных конструкций надземной части зданий, при высоте здания свыше 57 до 75 м: лестничных и балконных площадок
ГЭСН	06	06-23-021	Монтаж мелкощитовой опалубки монолитных железобетонных конструкций надземной части зданий, при высоте здания свыше 75 м до 105 м	06-23-021-01	100 м2	Монтаж мелкощитовой опалубки монолитных железобетонных конструкций надземной части зданий, при высоте здания свыше 75 м до 105 м: стен
ГЭСН	06	06-23-021	Монтаж мелкощитовой опалубки монолитных железобетонных конструкций надземной части зданий, при высоте здания свыше 75 м до 105 м	06-23-021-02	100 м2	Монтаж мелкощитовой опалубки монолитных железобетонных конструкций надземной части зданий, при высоте здания свыше 75 м до 105 м: колонн периметром до 1200 мм
ГЭСН	06	06-23-021	Монтаж мелкощитовой опалубки монолитных железобетонных конструкций надземной части зданий, при высоте здания свыше 75 м до 105 м	06-23-021-03	100 м2	Монтаж мелкощитовой опалубки монолитных железобетонных конструкций надземной части зданий, при высоте здания свыше 75 м до 105 м: колонн периметром свыше 1200 мм
ГЭСН	06	06-23-021	Монтаж мелкощитовой опалубки монолитных железобетонных конструкций надземной части зданий, при высоте здания свыше 75 м до 105 м	06-23-021-04	100 м2	Монтаж мелкощитовой опалубки монолитных железобетонных конструкций надземной части зданий, при высоте здания свыше 75 м до 105 м: перекрытия
ГЭСН	06	06-23-021	Монтаж мелкощитовой опалубки монолитных железобетонных конструкций надземной части зданий, при высоте здания свыше 75 м до 105 м	06-23-021-05	100 м2	Монтаж мелкощитовой опалубки монолитных железобетонных конструкций надземной части зданий, при высоте здания свыше 75 м до 105 м: лестничных маршей
ГЭСН	06	06-23-022	Демонтаж мелкощитовой опалубки монолитных железобетонных конструкций надземной части зданий, при высоте здания свыше 75 м до 105 м	06-23-022-01	100 м2	Демонтаж мелкощитовой опалубки монолитных железобетонных конструкций надземной части зданий, при высоте здания свыше 75 м до 105 м: стен
ГЭСН	06	06-23-022	Демонтаж мелкощитовой опалубки монолитных железобетонных конструкций надземной части зданий, при высоте здания свыше 75 м до 105 м	06-23-022-02	100 м2	Демонтаж мелкощитовой опалубки монолитных железобетонных конструкций надземной части зданий, при высоте здания свыше 75 м до 105 м: колонн периметром до 1200 мм
ГЭСН	06	06-23-022	Демонтаж мелкощитовой опалубки монолитных железобетонных конструкций надземной части зданий, при высоте здания свыше 75 м до 105 м	06-23-022-03	100 м2	Демонтаж мелкощитовой опалубки монолитных железобетонных конструкций надземной части зданий, при высоте здания свыше 75 м до 105 м: колонн периметром свыше 1200 мм
ГЭСН	06	06-23-022	Демонтаж мелкощитовой опалубки монолитных железобетонных конструкций надземной части зданий, при высоте здания свыше 75 м до 105 м	06-23-022-04	100 м2	Демонтаж мелкощитовой опалубки монолитных железобетонных конструкций надземной части зданий, при высоте здания свыше 75 м до 105 м: перекрытия
ГЭСН	06	06-23-022	Демонтаж мелкощитовой опалубки монолитных железобетонных конструкций надземной части зданий, при высоте здания свыше 75 м до 105 м	06-23-022-05	100 м2	Демонтаж мелкощитовой опалубки монолитных железобетонных конструкций надземной части зданий, при высоте здания свыше 75 м до 105 м: лестничных маршей
ГЭСН	06	06-23-023	Армирование монолитных железобетонных конструкций надземной части зданий, при высоте здания свыше 75 м до 105 м	06-23-023-01	т	Установка каркасов и сеток в опалубку монолитных железобетонных конструкций надземной части зданий, при высоте здания свыше 75 до 105 м: стен
ГЭСН	06	06-23-023	Армирование монолитных железобетонных конструкций надземной части зданий, при высоте здания свыше 75 м до 105 м	06-23-023-02	т	Установка каркасов и сеток в опалубку монолитных железобетонных конструкций надземной части зданий, при высоте здания свыше 75 до 105 м: перекрытий
ГЭСН	06	06-23-023	Армирование монолитных железобетонных конструкций надземной части зданий, при высоте здания свыше 75 м до 105 м	06-23-023-03	т	Установка заготовок арматурных в опалубку монолитных железобетонных конструкций надземной части зданий, при высоте здания свыше 75 до 105 м: стен
ГЭСН	06	06-23-023	Армирование монолитных железобетонных конструкций надземной части зданий, при высоте здания свыше 75 м до 105 м	06-23-023-04	т	Установка заготовок арматурных в опалубку монолитных железобетонных конструкций надземной части зданий, при высоте здания свыше 75 до 105 м: колонн
ГЭСН	06	06-23-023	Армирование монолитных железобетонных конструкций надземной части зданий, при высоте здания свыше 75 м до 105 м	06-23-023-05	т	Установка заготовок арматурных в опалубку монолитных железобетонных конструкций надземной части зданий, при высоте здания свыше 75 до 105 м: перекрытий
ГЭСН	06	06-23-023	Армирование монолитных железобетонных конструкций надземной части зданий, при высоте здания свыше 75 м до 105 м	06-23-023-06	т	Установка заготовок арматурных в опалубку монолитных железобетонных конструкций надземной части зданий, при высоте здания свыше 75 до 105 м: лестничных маршей
ГЭСН	06	06-23-023	Армирование монолитных железобетонных конструкций надземной части зданий, при высоте здания свыше 75 м до 105 м	06-23-023-07	т	Установка закладных деталей монолитных железобетонных конструкций надземной части зданий при высоте здания свыше 75 до 105 м
ГЭСН	06	06-23-024	Бетонирование по схеме "кран-бадья" монолитных железобетонных конструкций надземной части зданий, при высоте здания свыше 75 м до 105 м	06-23-024-01	100 м3	Бетонирование по схеме "кран-бадья" монолитных железобетонных конструкций надземной части зданий, при высоте здания свыше 75 до 105 м: стен толщиной до 100 мм
ГЭСН	06	06-23-024	Бетонирование по схеме "кран-бадья" монолитных железобетонных конструкций надземной части зданий, при высоте здания свыше 75 м до 105 м	06-23-024-02	100 м3	Бетонирование по схеме "кран-бадья" монолитных железобетонных конструкций надземной части зданий, при высоте здания свыше 75 до 105 м: стен толщиной свыше 100 мм до 150 мм
ГЭСН	06	06-23-024	Бетонирование по схеме "кран-бадья" монолитных железобетонных конструкций надземной части зданий, при высоте здания свыше 75 м до 105 м	06-23-024-03	100 м3	Бетонирование по схеме "кран-бадья" монолитных железобетонных конструкций надземной части зданий, при высоте здания свыше 75 до 105 м: стен толщиной свыше 150 мм до 200 мм
ГЭСН	06	06-23-024	Бетонирование по схеме "кран-бадья" монолитных железобетонных конструкций надземной части зданий, при высоте здания свыше 75 м до 105 м	06-23-024-04	100 м3	Бетонирование по схеме "кран-бадья" монолитных железобетонных конструкций надземной части зданий, при высоте здания свыше 75 до 105 м: стен толщиной свыше 200 мм до 300 мм
ГЭСН	06	06-23-024	Бетонирование по схеме "кран-бадья" монолитных железобетонных конструкций надземной части зданий, при высоте здания свыше 75 м до 105 м	06-23-024-05	100 м3	Бетонирование по схеме "кран-бадья" монолитных железобетонных конструкций надземной части зданий, при высоте здания свыше 75 до 105 м: стен толщиной свыше 300 мм
ГЭСН	06	06-23-024	Бетонирование по схеме "кран-бадья" монолитных железобетонных конструкций надземной части зданий, при высоте здания свыше 75 м до 105 м	06-23-024-06	100 м3	Бетонирование по схеме "кран-бадья" монолитных железобетонных конструкций надземной части зданий, при высоте здания свыше 75 до 105 м: колонн при наименьшей стороне поперечного сечения до 300 мм
ГЭСН	06	06-23-024	Бетонирование по схеме "кран-бадья" монолитных железобетонных конструкций надземной части зданий, при высоте здания свыше 75 м до 105 м	06-23-024-07	100 м3	Бетонирование по схеме "кран-бадья" монолитных железобетонных конструкций надземной части зданий, при высоте здания свыше 75 до 105 м: колонн при наименьшей стороне поперечного сечения свыше 300 мм до
ГЭСН	06	06-23-024	Бетонирование по схеме "кран-бадья" монолитных железобетонных конструкций надземной части зданий, при высоте здания свыше 75 м до 105 м	06-23-024-08	100 м3	Бетонирование по схеме "кран-бадья" монолитных железобетонных конструкций надземной части зданий, при высоте здания свыше 75 до 105 м: колонн при наименьшей стороне поперечного сечения свыше 500 мм
ГЭСН	06	06-23-024	Бетонирование по схеме "кран-бадья" монолитных железобетонных конструкций надземной части зданий, при высоте здания свыше 75 м до 105 м	06-23-024-09	100 м3	Бетонирование по схеме "кран-бадья" монолитных железобетонных конструкций надземной части зданий, при высоте здания свыше 75 до 105 м: перекрытий при площади перекрытия между осями колонн или стен до 
ГЭСН	06	06-23-024	Бетонирование по схеме "кран-бадья" монолитных железобетонных конструкций надземной части зданий, при высоте здания свыше 75 м до 105 м	06-23-024-10	100 м3	Бетонирование по схеме "кран-бадья" монолитных железобетонных конструкций надземной части зданий, при высоте здания свыше 75 до 105 м: перекрытий при площади перекрытия между осями колонн или стен свы
ГЭСН	06	06-23-024	Бетонирование по схеме "кран-бадья" монолитных железобетонных конструкций надземной части зданий, при высоте здания свыше 75 м до 105 м	06-23-024-11	100 м3	Бетонирование по схеме "кран-бадья" монолитных железобетонных конструкций надземной части зданий, при высоте здания свыше 75 до 105 м: перекрытий при площади перекрытия между осями колонн или стен свы
ГЭСН	06	06-23-024	Бетонирование по схеме "кран-бадья" монолитных железобетонных конструкций надземной части зданий, при высоте здания свыше 75 м до 105 м	06-23-024-12	100 м3	Бетонирование по схеме "кран-бадья" монолитных железобетонных конструкций надземной части зданий, при высоте здания свыше 75 до 105 м: лестничных маршей
ГЭСН	06	06-23-024	Бетонирование по схеме "кран-бадья" монолитных железобетонных конструкций надземной части зданий, при высоте здания свыше 75 м до 105 м	06-23-024-13	100 м3	Бетонирование по схеме "кран-бадья" монолитных железобетонных конструкций надземной части зданий, при высоте здания свыше 75 до 105 м: лестничных и балконных площадок
ГЭСН	06	06-24-001	Монтаж мелкощитовой опалубки монолитных железобетонных конструкций подземной и цокольной частей зданий	06-24-001-01	100 м2	Монтаж мелкощитовой опалубки монолитных железобетонных конструкций: фундаментных плит
ГЭСН	06	06-24-001	Монтаж мелкощитовой опалубки монолитных железобетонных конструкций подземной и цокольной частей зданий	06-24-001-02	100 м2	Монтаж мелкощитовой опалубки монолитных железобетонных конструкций: фундаментов ленточных и низкорасположенных ростверков
ГЭСН	06	06-24-001	Монтаж мелкощитовой опалубки монолитных железобетонных конструкций подземной и цокольной частей зданий	06-24-001-03	100 м2	Монтаж мелкощитовой опалубки монолитных железобетонных конструкций: фундаментных плит с подколонниками
ГЭСН	06	06-24-001	Монтаж мелкощитовой опалубки монолитных железобетонных конструкций подземной и цокольной частей зданий	06-24-001-04	100 м2	Монтаж мелкощитовой опалубки монолитных железобетонных конструкций: фундаментов ленточных с подколонниками
ГЭСН	06	06-24-001	Монтаж мелкощитовой опалубки монолитных железобетонных конструкций подземной и цокольной частей зданий	06-24-001-05	100 м2	Монтаж мелкощитовой опалубки монолитных железобетонных конструкций: фундаментов столбчатых с подколонниками
ГЭСН	06	06-24-001	Монтаж мелкощитовой опалубки монолитных железобетонных конструкций подземной и цокольной частей зданий	06-24-001-06	100 м2	Монтаж мелкощитовой опалубки монолитных железобетонных конструкций подземной и цокольной частей зданий: стен
ГЭСН	06	06-24-001	Монтаж мелкощитовой опалубки монолитных железобетонных конструкций подземной и цокольной частей зданий	06-24-001-07	100 м2	Монтаж мелкощитовой опалубки монолитных железобетонных конструкций подземной и цокольной частей зданий: колонн, периметром до 1200 мм
ГЭСН	06	06-24-001	Монтаж мелкощитовой опалубки монолитных железобетонных конструкций подземной и цокольной частей зданий	06-24-001-08	100 м2	Монтаж мелкощитовой опалубки монолитных железобетонных конструкций подземной и цокольной частей зданий: колонн, периметром свыше 1200 мм
ГЭСН	06	06-24-001	Монтаж мелкощитовой опалубки монолитных железобетонных конструкций подземной и цокольной частей зданий	06-24-001-09	100 м2	Монтаж мелкощитовой опалубки монолитных железобетонных конструкций подземной и цокольной частей зданий: перекрытия
ГЭСН	06	06-24-001	Монтаж мелкощитовой опалубки монолитных железобетонных конструкций подземной и цокольной частей зданий	06-24-001-10	100 м2	Монтаж мелкощитовой опалубки монолитных железобетонных конструкций подземной и цокольной частей зданий: лестничных маршей
ГЭСН	06	06-24-002	Демонтаж мелкощитовой опалубки монолитных железобетонных конструкций подземной и цокольной частей зданий	06-24-002-01	100 м2	Демонтаж мелкощитовой опалубки монолитных железобетонных конструкций: фундаментных плит
ГЭСН	06	06-24-002	Демонтаж мелкощитовой опалубки монолитных железобетонных конструкций подземной и цокольной частей зданий	06-24-002-02	100 м2	Демонтаж мелкощитовой опалубки монолитных железобетонных конструкций: фундаментов ленточных и низкорасположенных ростверков
ГЭСН	06	06-24-002	Демонтаж мелкощитовой опалубки монолитных железобетонных конструкций подземной и цокольной частей зданий	06-24-002-03	100 м2	Демонтаж мелкощитовой опалубки монолитных железобетонных конструкций: фундаментных плит с подколонниками
ГЭСН	06	06-24-002	Демонтаж мелкощитовой опалубки монолитных железобетонных конструкций подземной и цокольной частей зданий	06-24-002-04	100 м2	Демонтаж мелкощитовой опалубки монолитных железобетонных конструкций: фундаментов ленточных с подколонниками
ГЭСН	06	06-24-002	Демонтаж мелкощитовой опалубки монолитных железобетонных конструкций подземной и цокольной частей зданий	06-24-002-05	100 м2	Демонтаж мелкощитовой опалубки монолитных железобетонных конструкций: фундаментов столбчатых с подколонниками
ГЭСН	06	06-24-002	Демонтаж мелкощитовой опалубки монолитных железобетонных конструкций подземной и цокольной частей зданий	06-24-002-06	100 м2	Демонтаж мелкощитовой опалубки монолитных железобетонных конструкций подземной и цокольной частей зданий: стен
ГЭСН	06	06-24-002	Демонтаж мелкощитовой опалубки монолитных железобетонных конструкций подземной и цокольной частей зданий	06-24-002-07	100 м2	Демонтаж мелкощитовой опалубки монолитных железобетонных конструкций подземной и цокольной частей зданий: колонн, периметром до 1200 мм
ГЭСН	06	06-24-002	Демонтаж мелкощитовой опалубки монолитных железобетонных конструкций подземной и цокольной частей зданий	06-24-002-08	100 м2	Демонтаж мелкощитовой опалубки монолитных железобетонных конструкций подземной и цокольной частей зданий: колонн, периметром свыше 1200 мм
ГЭСН	06	06-24-002	Демонтаж мелкощитовой опалубки монолитных железобетонных конструкций подземной и цокольной частей зданий	06-24-002-09	100 м2	Демонтаж мелкощитовой опалубки монолитных железобетонных конструкций подземной и цокольной частей зданий: перекрытия
ГЭСН	06	06-24-002	Демонтаж мелкощитовой опалубки монолитных железобетонных конструкций подземной и цокольной частей зданий	06-24-002-10	100 м2	Демонтаж мелкощитовой опалубки монолитных железобетонных конструкций подземной и цокольной частей зданий: лестничных маршей
ГЭСН	06	06-24-003	Армирование монолитных железобетонных конструкций подземной и цокольной частей зданий	06-24-003-01	т	Установка: каркасов и сеток в опалубку фундаментов
ГЭСН	06	06-24-003	Армирование монолитных железобетонных конструкций подземной и цокольной частей зданий	06-24-003-02	т	Установка: заготовок арматурных в опалубку массивов, отдельных фундаментов и плит
ГЭСН	06	06-24-003	Армирование монолитных железобетонных конструкций подземной и цокольной частей зданий	06-24-003-03	т	Установка: заготовок арматурных в опалубку ленточных фундаментов
ГЭСН	06	06-24-003	Армирование монолитных железобетонных конструкций подземной и цокольной частей зданий	06-24-003-04	т	Установка: закладных деталей фундаментов
ГЭСН	06	06-24-003	Армирование монолитных железобетонных конструкций подземной и цокольной частей зданий	06-24-003-05	т	Установка каркасов и сеток в опалубку подземной и цокольной частей зданий: стен
ГЭСН	06	06-24-003	Армирование монолитных железобетонных конструкций подземной и цокольной частей зданий	06-24-003-06	т	Установка каркасов и сеток в опалубку подземной и цокольной частей зданий: перекрытий
ГЭСН	06	06-24-003	Армирование монолитных железобетонных конструкций подземной и цокольной частей зданий	06-24-003-07	т	Установка заготовок арматурных в опалубку подземной и цокольной частей зданий: стен
ГЭСН	06	06-24-003	Армирование монолитных железобетонных конструкций подземной и цокольной частей зданий	06-24-003-08	т	Установка заготовок арматурных в опалубку подземной и цокольной частей зданий: колонн
ГЭСН	06	06-24-003	Армирование монолитных железобетонных конструкций подземной и цокольной частей зданий	06-24-003-09	т	Установка заготовок арматурных в опалубку подземной и цокольной частей зданий: перекрытий
ГЭСН	06	06-24-003	Армирование монолитных железобетонных конструкций подземной и цокольной частей зданий	06-24-003-10	т	Установка заготовок арматурных в опалубку подземной и цокольной частей зданий: лестничных маршей
ГЭСН	06	06-24-004	Бетонирование монолитных железобетонных конструкций подземной и цокольной частей зданий	06-24-004-01	100 м3	Бетонирование автобетононасосом монолитных железобетонных конструкций фундаментных плит
ГЭСН	06	06-24-004	Бетонирование монолитных железобетонных конструкций подземной и цокольной частей зданий	06-24-004-02	100 м3	Бетонирование автобетононасосом монолитных железобетонных конструкций: фундаментов ленточных и низкорасположенных ростверков шириной до 600 мм
ГЭСН	06	06-24-004	Бетонирование монолитных железобетонных конструкций подземной и цокольной частей зданий	06-24-004-03	100 м3	Бетонирование автобетононасосом монолитных железобетонных конструкций: фундаментов ленточных и низкорасположенных ростверков шириной свыше 600 мм
ГЭСН	06	06-24-004	Бетонирование монолитных железобетонных конструкций подземной и цокольной частей зданий	06-24-004-04	100 м3	Бетонирование по схеме "кран-бадья" монолитных железобетонных конструкций: фундаментов ленточных и низкорасположенных ростверков шириной до 600 мм
ГЭСН	06	06-24-004	Бетонирование монолитных железобетонных конструкций подземной и цокольной частей зданий	06-24-004-05	100 м3	Бетонирование по схеме "кран-бадья" монолитных железобетонных конструкций: фундаментов ленточных и низкорасположенных ростверков шириной свыше 600 мм
ГЭСН	06	06-24-004	Бетонирование монолитных железобетонных конструкций подземной и цокольной частей зданий	06-24-004-06	100 м3	Бетонирование по схеме "кран-бадья" монолитных железобетонных конструкций: фундаментов столбчатых с подколонниками и подколонников
ГЭСН	06	06-24-004	Бетонирование монолитных железобетонных конструкций подземной и цокольной частей зданий	06-24-004-07	100 м3	Бетонирование по схеме "кран-бадья" монолитных железобетонных конструкций подземной и цокольной частей зданий: стен, толщиной до 100 мм
ГЭСН	06	06-24-004	Бетонирование монолитных железобетонных конструкций подземной и цокольной частей зданий	06-24-004-08	100 м3	Бетонирование по схеме "кран-бадья" монолитных железобетонных конструкций подземной и цокольной частей зданий: стен, толщиной свыше 100 до 150 мм
ГЭСН	06	06-24-004	Бетонирование монолитных железобетонных конструкций подземной и цокольной частей зданий	06-24-004-09	100 м3	Бетонирование по схеме "кран-бадья" монолитных железобетонных конструкций подземной и цокольной частей зданий: стен, толщиной свыше 150 до 200 мм
ГЭСН	06	06-24-004	Бетонирование монолитных железобетонных конструкций подземной и цокольной частей зданий	06-24-004-10	100 м3	Бетонирование по схеме "кран-бадья" монолитных железобетонных конструкций подземной и цокольной частей зданий: стен, толщиной свыше 200 до 300 мм
ГЭСН	06	06-24-004	Бетонирование монолитных железобетонных конструкций подземной и цокольной частей зданий	06-24-004-11	100 м3	Бетонирование по схеме "кран-бадья" монолитных железобетонных конструкций подземной и цокольной частей зданий: стен, толщиной свыше 300 мм
ГЭСН	06	06-24-004	Бетонирование монолитных железобетонных конструкций подземной и цокольной частей зданий	06-24-004-12	100 м3	Бетонирование по схеме "кран-бадья" монолитных железобетонных конструкций подземной и цокольной частей зданий: колонн, при наименьшей стороне поперечного сечения до 300 мм
ГЭСН	06	06-24-004	Бетонирование монолитных железобетонных конструкций подземной и цокольной частей зданий	06-24-004-13	100 м3	Бетонирование по схеме "кран-бадья" монолитных железобетонных конструкций подземной и цокольной частей зданий: колонн, при наименьшей стороне поперечного сечения свыше 300 до 500 мм
ГЭСН	06	06-24-004	Бетонирование монолитных железобетонных конструкций подземной и цокольной частей зданий	06-24-004-14	100 м3	Бетонирование по схеме "кран-бадья" монолитных железобетонных конструкций подземной и цокольной частей зданий: колонн, при наименьшей стороне поперечного сечения свыше 500 мм
ГЭСН	06	06-24-004	Бетонирование монолитных железобетонных конструкций подземной и цокольной частей зданий	06-24-004-15	100 м3	Бетонирование по схеме "кран-бадья" монолитных железобетонных конструкций подземной и цокольной частей зданий: перекрытий, при площади перекрытия между осями колонн и стен до 10 м2
ГЭСН	06	06-24-004	Бетонирование монолитных железобетонных конструкций подземной и цокольной частей зданий	06-24-004-16	100 м3	Бетонирование по схеме "кран-бадья" монолитных железобетонных конструкций подземной и цокольной частей зданий: перекрытий, при площади перекрытия между осями колонн и стен свыше 10 до 20 м2
ГЭСН	06	06-24-004	Бетонирование монолитных железобетонных конструкций подземной и цокольной частей зданий	06-24-004-17	100 м3	Бетонирование по схеме "кран-бадья" монолитных железобетонных конструкций подземной и цокольной частей зданий: перекрытий, при площади перекрытия между осями колонн и стен свыше 20 м2
ГЭСН	06	06-24-004	Бетонирование монолитных железобетонных конструкций подземной и цокольной частей зданий	06-24-004-18	100 м3	Бетонирование по схеме "кран-бадья" монолитных железобетонных конструкций подземной и цокольной частей зданий: лестничных маршей
ГЭСН	06	06-24-004	Бетонирование монолитных железобетонных конструкций подземной и цокольной частей зданий	06-24-004-19	100 м3	Бетонирование по схеме "кран-бадья" монолитных железобетонных конструкций подземной и цокольной частей зданий: лестничных площадок
ГЭСН	06	06-25-001	Монтаж мелкощитовой опалубки монолитных железобетонных конструкций инженерных сооружений	06-25-001-01	100 м2	Монтаж мелкощитовой опалубки монолитных железобетонных конструкций: стен
ГЭСН	06	06-25-001	Монтаж мелкощитовой опалубки монолитных железобетонных конструкций инженерных сооружений	06-25-001-02	100 м2	Монтаж мелкощитовой опалубки монолитных железобетонных конструкций: колонн
ГЭСН	06	06-25-001	Монтаж мелкощитовой опалубки монолитных железобетонных конструкций инженерных сооружений	06-25-001-03	100 м2	Монтаж мелкощитовой опалубки монолитных железобетонных конструкций: перекрытий
ГЭСН	06	06-25-002	Демонтаж мелкощитовой опалубки монолитных железобетонных конструкций инженерных сооружений	06-25-002-01	100 м2	Демонтаж мелкощитовой опалубки монолитных железобетонных конструкций: стен
ГЭСН	06	06-25-002	Демонтаж мелкощитовой опалубки монолитных железобетонных конструкций инженерных сооружений	06-25-002-02	100 м2	Демонтаж мелкощитовой опалубки монолитных железобетонных конструкций: колонн
ГЭСН	06	06-25-002	Демонтаж мелкощитовой опалубки монолитных железобетонных конструкций инженерных сооружений	06-25-002-03	100 м2	Демонтаж мелкощитовой опалубки монолитных железобетонных конструкций: перекрытий
ГЭСН	06	06-25-003	Армирование монолитных железобетонных конструкций инженерных сооружений	06-25-003-01	т	Установка каркасов и сеток в опалубку монолитных железобетонных конструкций: стен
ГЭСН	06	06-25-003	Армирование монолитных железобетонных конструкций инженерных сооружений	06-25-003-02	т	Установка каркасов и сеток в опалубку монолитных железобетонных конструкций: перекрытий
ГЭСН	06	06-25-003	Армирование монолитных железобетонных конструкций инженерных сооружений	06-25-003-03	т	Установка заготовок арматурных в опалубку монолитных железобетонных конструкций: стен
ГЭСН	06	06-25-003	Армирование монолитных железобетонных конструкций инженерных сооружений	06-25-003-04	т	Установка заготовок арматурных в опалубку монолитных железобетонных конструкций: колонн
ГЭСН	06	06-25-003	Армирование монолитных железобетонных конструкций инженерных сооружений	06-25-003-05	т	Установка заготовок арматурных в опалубку монолитных железобетонных конструкций: перекрытий
ГЭСН	06	06-25-003	Армирование монолитных железобетонных конструкций инженерных сооружений	06-25-003-06	т	Установка закладных деталей монолитных железобетонных конструкций
ГЭСН	06	06-25-004	Бетонирование по схеме «кран-бадья» монолитных железобетонных конструкций инженерных сооружений	06-25-004-01	100 м3	Бетонирование по схеме «кран-бадья» монолитных железобетонных конструкций: стен, толщиной до 100 мм
ГЭСН	06	06-25-004	Бетонирование по схеме «кран-бадья» монолитных железобетонных конструкций инженерных сооружений	06-25-004-02	100 м3	Бетонирование по схеме «кран-бадья» монолитных железобетонных конструкций: стен, толщиной свыше 100 до 150 мм
ГЭСН	06	06-25-004	Бетонирование по схеме «кран-бадья» монолитных железобетонных конструкций инженерных сооружений	06-25-004-03	100 м3	Бетонирование по схеме «кран-бадья» монолитных железобетонных конструкций: стен, толщиной свыше 150 до 200 мм
ГЭСН	06	06-25-004	Бетонирование по схеме «кран-бадья» монолитных железобетонных конструкций инженерных сооружений	06-25-004-04	100 м3	Бетонирование по схеме «кран-бадья» монолитных железобетонных конструкций: стен, толщиной свыше 200 до 300 мм
ГЭСН	06	06-25-004	Бетонирование по схеме «кран-бадья» монолитных железобетонных конструкций инженерных сооружений	06-25-004-05	100 м3	Бетонирование по схеме «кран-бадья» монолитных железобетонных конструкций: стен, толщиной свыше 300 мм
ГЭСН	06	06-25-004	Бетонирование по схеме «кран-бадья» монолитных железобетонных конструкций инженерных сооружений	06-25-004-06	100 м3	Бетонирование по схеме «кран-бадья» монолитных железобетонных конструкций: колонн, при наименьшей стороне поперечного сечения до 300 мм
ГЭСН	06	06-25-004	Бетонирование по схеме «кран-бадья» монолитных железобетонных конструкций инженерных сооружений	06-25-004-07	100 м3	Бетонирование по схеме «кран-бадья» монолитных железобетонных конструкций: колонн, при наименьшей стороне поперечного сечения свыше 300 до 500 мм
ГЭСН	06	06-25-004	Бетонирование по схеме «кран-бадья» монолитных железобетонных конструкций инженерных сооружений	06-25-004-08	100 м3	Бетонирование по схеме «кран-бадья» монолитных железобетонных конструкций: колонн, при наименьшей стороне поперечного сечения свыше 500 мм
ГЭСН	06	06-25-004	Бетонирование по схеме «кран-бадья» монолитных железобетонных конструкций инженерных сооружений	06-25-004-09	100 м3	Бетонирование по схеме «кран-бадья» монолитных железобетонных конструкций: перекрытий
ГЭСН	06	06-26-001	Монтаж несъемной опалубки сталебетонных перекрытий из стального профилированного настила	06-26-001-01	100 м2	Монтаж несъемной опалубки сталебетонных перекрытий из стального профилированного настила при ширине листа: 1000 мм
ГЭСН	06	06-26-001	Монтаж несъемной опалубки сталебетонных перекрытий из стального профилированного настила	06-26-001-02	100 м2	Монтаж несъемной опалубки сталебетонных перекрытий из стального профилированного настила при ширине листа: 600 мм
ГЭСН	06	06-26-001	Монтаж несъемной опалубки сталебетонных перекрытий из стального профилированного настила	06-26-001-03	100 шт	Устройство вертикальных стержневых анкеров
ГЭСН	06	06-26-001	Монтаж несъемной опалубки сталебетонных перекрытий из стального профилированного настила	06-26-001-04	100 м2	Устройство временных опор на период бетонирования и набора прочности бетона
ГЭСН	06	06-26-002	Устройство сборно-монолитных железобетонных конструкций в несъемной железобетонной опалубке	06-26-002-01	100 м2	Монтаж элементов несъемной железобетонной опалубки сборно-монолитных железобетонных: стен
ГЭСН	06	06-26-002	Устройство сборно-монолитных железобетонных конструкций в несъемной железобетонной опалубке	06-26-002-02	100 м2	Монтаж элементов несъемной железобетонной опалубки сборно-монолитных железобетонных: перекрытий
ГЭСН	06	06-26-003	Устройство каркасно-балочных сборно-монолитных перекрытий	06-26-003-01	100 м2	Устройство каркасно-балочных сборно-монолитных перекрытий толщиной: 200 мм
ГЭСН	06	06-26-003	Устройство каркасно-балочных сборно-монолитных перекрытий	06-26-003-02	100 м2	Устройство каркасно-балочных сборно-монолитных перекрытий толщиной: 250 мм
ГЭСН	06	06-26-003	Устройство каркасно-балочных сборно-монолитных перекрытий	06-26-003-03	100 м2	Устройство каркасно-балочных сборно-монолитных перекрытий толщиной: 300 мм
ГЭСН	07	07-01-001	Укладка фундаментов и фундаментных балок	07-01-001-01	100 шт	Укладка блоков и плит ленточных фундаментов при глубине котлована до 4 м, масса конструкций: до 0,5 т
ГЭСН	07	07-01-001	Укладка фундаментов и фундаментных балок	07-01-001-02	100 шт	Укладка блоков и плит ленточных фундаментов при глубине котлована до 4 м, масса конструкций: до 1,5 т
ГЭСН	07	07-01-001	Укладка фундаментов и фундаментных балок	07-01-001-03	100 шт	Укладка блоков и плит ленточных фундаментов при глубине котлована до 4 м, масса конструкций: до 3,5 т
ГЭСН	07	07-01-001	Укладка фундаментов и фундаментных балок	07-01-001-04	100 шт	Укладка блоков и плит ленточных фундаментов при глубине котлована до 4 м, масса конструкций: более 3,5 т
ГЭСН	07	07-01-001	Укладка фундаментов и фундаментных балок	07-01-001-05	100 шт	Укладка фундаментов под колонны при глубине котлована до 4 м, масса конструкций: до 1,5 т
ГЭСН	07	07-01-001	Укладка фундаментов и фундаментных балок	07-01-001-06	100 шт	Укладка фундаментов под колонны при глубине котлована до 4 м, масса конструкций: до 3,5 т
ГЭСН	07	07-01-001	Укладка фундаментов и фундаментных балок	07-01-001-07	100 шт	Укладка фундаментов под колонны при глубине котлована до 4 м, масса конструкций: более 3,5 т
ГЭСН	07	07-01-001	Укладка фундаментов и фундаментных балок	07-01-001-08	100 шт	Укладка блоков и плит ленточных фундаментов при глубине котлована более 4 м, масса конструкций: до 0,5 т
ГЭСН	07	07-01-001	Укладка фундаментов и фундаментных балок	07-01-001-09	100 шт	Укладка блоков и плит ленточных фундаментов при глубине котлована более 4 м, масса конструкций: до 1,5 т
ГЭСН	07	07-01-001	Укладка фундаментов и фундаментных балок	07-01-001-10	100 шт	Укладка блоков и плит ленточных фундаментов при глубине котлована более 4 м, масса конструкций: до 3,5 т
ГЭСН	07	07-01-001	Укладка фундаментов и фундаментных балок	07-01-001-11	100 шт	Укладка блоков и плит ленточных фундаментов при глубине котлована более 4 м, масса конструкций: более 3,5 т
ГЭСН	07	07-01-001	Укладка фундаментов и фундаментных балок	07-01-001-12	100 шт	Укладка фундаментов под колонны при глубине котлована более 4 м, масса конструкций: до 1,5 т
ГЭСН	07	07-01-001	Укладка фундаментов и фундаментных балок	07-01-001-13	100 шт	Укладка фундаментов под колонны при глубине котлована более 4 м, масса конструкций: до 3,5 т
ГЭСН	07	07-01-001	Укладка фундаментов и фундаментных балок	07-01-001-14	100 шт	Укладка фундаментов под колонны при глубине котлована более 4 м, масса конструкций: более 3,5 т
ГЭСН	07	07-01-001	Укладка фундаментов и фундаментных балок	07-01-001-15	100 шт	Укладка балок фундаментных длиной: до 6 м
ГЭСН	07	07-01-001	Укладка фундаментов и фундаментных балок	07-01-001-16	100 шт	Укладка балок фундаментных длиной: более 6 м
ГЭСН	07	07-01-006	Укладка ригелей, плит перекрытий, установка стеновых панелей	07-01-006-01	100 шт	Укладка ригелей массой: до 5 т при наибольшей массе монтажных элементов в здании до 5 т
ГЭСН	07	07-01-006	Укладка ригелей, плит перекрытий, установка стеновых панелей	07-01-006-02	100 шт	Укладка ригелей массой: до 5 т при наибольшей массе монтажных элементов в здании более 5 т
ГЭСН	07	07-01-006	Укладка ригелей, плит перекрытий, установка стеновых панелей	07-01-006-03	100 шт	Укладка ригелей массой: более 5 т при наибольшей массе монтажных элементов более 5 т
ГЭСН	07	07-01-006	Укладка ригелей, плит перекрытий, установка стеновых панелей	07-01-006-04	100 шт	Укладка плит перекрытий площадью: до 5 м2 при наибольшей массе монтажных элементов до 5 т
ГЭСН	07	07-01-006	Укладка ригелей, плит перекрытий, установка стеновых панелей	07-01-006-05	100 шт	Укладка плит перекрытий площадью: до 5 м2 при наибольшей массе монтажных элементов более 5 т
ГЭСН	07	07-01-006	Укладка ригелей, плит перекрытий, установка стеновых панелей	07-01-006-06	100 шт	Укладка плит перекрытий площадью: более 5 м2 при наибольшей массе монтажных элементов до 5 т
ГЭСН	07	07-01-006	Укладка ригелей, плит перекрытий, установка стеновых панелей	07-01-006-07	100 шт	Укладка плит перекрытий площадью: более 5 м2 при наибольшей массе монтажных элементов более 5 т
ГЭСН	07	07-01-006	Укладка ригелей, плит перекрытий, установка стеновых панелей	07-01-006-08	100 шт	Установка стеновых панелей площадью: до 8 м2 при наибольшей массе монтажных элементов до 5 т
ГЭСН	07	07-01-006	Укладка ригелей, плит перекрытий, установка стеновых панелей	07-01-006-09	100 шт	Установка стеновых панелей площадью: до 8 м2 при наибольшей массе монтажных элементов более 5 т
ГЭСН	07	07-01-006	Укладка ригелей, плит перекрытий, установка стеновых панелей	07-01-006-10	100 шт	Установка стеновых панелей площадью: более 8 м2 при наибольшей массе монтажных элементов до 5 т
ГЭСН	07	07-01-006	Укладка ригелей, плит перекрытий, установка стеновых панелей	07-01-006-11	100 шт	Установка стеновых панелей площадью: более 8 м2 при наибольшей массе монтажных элементов более 5 т
ГЭСН	07	07-01-011	Установка колонн прямоугольного сечения в стаканы фундаментов	07-01-011-01	100 шт	Установка колонн прямоугольного сечения в стаканы фундаментов зданий при глубине заделки колонн: до 0,7 м, масса колонн до 1 т
ГЭСН	07	07-01-011	Установка колонн прямоугольного сечения в стаканы фундаментов	07-01-011-02	100 шт	Установка колонн прямоугольного сечения в стаканы фундаментов зданий при глубине заделки колонн: до 0,7 м, масса колонн до 2 т
ГЭСН	07	07-01-011	Установка колонн прямоугольного сечения в стаканы фундаментов	07-01-011-03	100 шт	Установка колонн прямоугольного сечения в стаканы фундаментов зданий при глубине заделки колонн: до 0,7 м, масса колонн до 3 т
ГЭСН	07	07-01-011	Установка колонн прямоугольного сечения в стаканы фундаментов	07-01-011-04	100 шт	Установка колонн прямоугольного сечения в стаканы фундаментов зданий при глубине заделки колонн: до 0,7 м, масса колонн до 4 т
ГЭСН	07	07-01-011	Установка колонн прямоугольного сечения в стаканы фундаментов	07-01-011-05	100 шт	Установка колонн прямоугольного сечения в стаканы фундаментов зданий при глубине заделки колонн: до 0,7 м, масса колонн до 6 т
ГЭСН	07	07-01-011	Установка колонн прямоугольного сечения в стаканы фундаментов	07-01-011-06	100 шт	Установка колонн прямоугольного сечения в стаканы фундаментов зданий при глубине заделки колонн: до 0,7 м, масса колонн до 8 т
ГЭСН	07	07-01-011	Установка колонн прямоугольного сечения в стаканы фундаментов	07-01-011-07	100 шт	Установка колонн прямоугольного сечения в стаканы фундаментов зданий при глубине заделки колонн: до 0,7 м, масса колонн до 10 т
ГЭСН	07	07-01-011	Установка колонн прямоугольного сечения в стаканы фундаментов	07-01-011-08	100 шт	Установка колонн прямоугольного сечения в стаканы фундаментов зданий при глубине заделки колонн: более 0,7 м, масса колонн до 1 т
ГЭСН	07	07-01-011	Установка колонн прямоугольного сечения в стаканы фундаментов	07-01-011-09	100 шт	Установка колонн прямоугольного сечения в стаканы фундаментов зданий при глубине заделки колонн: более 0,7 м, масса колонн до 2 т
ГЭСН	07	07-01-011	Установка колонн прямоугольного сечения в стаканы фундаментов	07-01-011-10	100 шт	Установка колонн прямоугольного сечения в стаканы фундаментов зданий при глубине заделки колонн: более 0,7 м, масса колонн до 3 т
ГЭСН	07	07-01-011	Установка колонн прямоугольного сечения в стаканы фундаментов	07-01-011-11	100 шт	Установка колонн прямоугольного сечения в стаканы фундаментов зданий при глубине заделки колонн: более 0,7 м, масса колонн до 4 т
ГЭСН	07	07-01-011	Установка колонн прямоугольного сечения в стаканы фундаментов	07-01-011-12	100 шт	Установка колонн прямоугольного сечения в стаканы фундаментов зданий при глубине заделки колонн: более 0,7 м, масса колонн до 6 т
ГЭСН	07	07-01-011	Установка колонн прямоугольного сечения в стаканы фундаментов	07-01-011-13	100 шт	Установка колонн прямоугольного сечения в стаканы фундаментов зданий при глубине заделки колонн: более 0,7 м, масса колонн до 8 т
ГЭСН	07	07-01-011	Установка колонн прямоугольного сечения в стаканы фундаментов	07-01-011-14	100 шт	Установка колонн прямоугольного сечения в стаканы фундаментов зданий при глубине заделки колонн: более 0,7 м, масса колонн до 10 т
ГЭСН	07	07-01-011	Установка колонн прямоугольного сечения в стаканы фундаментов	07-01-011-15	100 шт	Установка колонн прямоугольного сечения в стаканы фундаментов зданий при глубине заделки колонн: более 0,7 м, масса колонн до 15 т
ГЭСН	07	07-01-011	Установка колонн прямоугольного сечения в стаканы фундаментов	07-01-011-16	100 шт	Установка колонн прямоугольного сечения в стаканы фундаментов зданий при глубине заделки колонн: более 0,7 м, масса колонн до 25 т
ГЭСН	07	07-01-011	Установка колонн прямоугольного сечения в стаканы фундаментов	07-01-011-17	100 шт	Установка колонн прямоугольного сечения в стаканы фундаментов сооружений, масса колонн: до 2 т
ГЭСН	07	07-01-011	Установка колонн прямоугольного сечения в стаканы фундаментов	07-01-011-18	100 шт	Установка колонн прямоугольного сечения в стаканы фундаментов сооружений, масса колонн: до 3 т
ГЭСН	07	07-01-011	Установка колонн прямоугольного сечения в стаканы фундаментов	07-01-011-19	100 шт	Установка колонн прямоугольного сечения в стаканы фундаментов сооружений, масса колонн: до 4 т
ГЭСН	07	07-01-011	Установка колонн прямоугольного сечения в стаканы фундаментов	07-01-011-20	100 шт	Установка колонн прямоугольного сечения в стаканы фундаментов сооружений, масса колонн: до 6 т
ГЭСН	07	07-01-011	Установка колонн прямоугольного сечения в стаканы фундаментов	07-01-011-21	100 шт	Установка колонн прямоугольного сечения в стаканы фундаментов сооружений, масса колонн: до 8 т
ГЭСН	07	07-01-011	Установка колонн прямоугольного сечения в стаканы фундаментов	07-01-011-22	100 шт	Установка колонн прямоугольного сечения в стаканы фундаментов сооружений, масса колонн: до 10 т
ГЭСН	07	07-01-011	Установка колонн прямоугольного сечения в стаканы фундаментов	07-01-011-23	100 шт	Установка колонн прямоугольного сечения в стаканы фундаментов сооружений, масса колонн: до 15 т
ГЭСН	07	07-01-011	Установка колонн прямоугольного сечения в стаканы фундаментов	07-01-011-24	100 шт	Установка колонн прямоугольного сечения в стаканы фундаментов сооружений, масса колонн: до 25 т
ГЭСН	07	07-01-012	Установка колонн двухветвевых цельных в стаканы фундаментов	07-01-012-01	100 шт	Установка колонн двухветвевых цельных, оканчивающихся двумя ветвями, в стаканы фундаментов при базе колонн: до 1,1 м, глубине заделки до 0,95 м и массе колонн до 5 т
ГЭСН	07	07-01-012	Установка колонн двухветвевых цельных в стаканы фундаментов	07-01-012-02	100 шт	Установка колонн двухветвевых цельных, оканчивающихся двумя ветвями, в стаканы фундаментов при базе колонн: до 1,1 м, глубине заделки до 0,95 м и массе колонн до 10 т
ГЭСН	07	07-01-012	Установка колонн двухветвевых цельных в стаканы фундаментов	07-01-012-03	100 шт	Установка колонн двухветвевых цельных, оканчивающихся двумя ветвями, в стаканы фундаментов при базе колонн: до 1,1 м, глубине заделки более 0,95 м и массе колонн до 5 т
ГЭСН	07	07-01-012	Установка колонн двухветвевых цельных в стаканы фундаментов	07-01-012-04	100 шт	Установка колонн двухветвевых цельных, оканчивающихся двумя ветвями, в стаканы фундаментов при базе колонн: до 1,1 м, глубине заделки более 0,95 м и массе колонн до 10 т
ГЭСН	07	07-01-012	Установка колонн двухветвевых цельных в стаканы фундаментов	07-01-012-05	100 шт	Установка колонн двухветвевых цельных, оканчивающихся двумя ветвями, в стаканы фундаментов при базе колонн: более 1,1 до 1,5 м, глубине заделки до 0,95 м и массе колонн до 10 т
ГЭСН	07	07-01-012	Установка колонн двухветвевых цельных в стаканы фундаментов	07-01-012-06	100 шт	Установка колонн двухветвевых цельных, оканчивающихся двумя ветвями, в стаканы фундаментов при базе колонн: более 1,1 до 1,5 м, глубине заделки до 0,95 м и массе колонн до 15 т
ГЭСН	07	07-01-012	Установка колонн двухветвевых цельных в стаканы фундаментов	07-01-012-07	100 шт	Установка колонн двухветвевых цельных, оканчивающихся двумя ветвями, в стаканы фундаментов при базе колонн: более 1,1 до 1,5 м, глубине заделки более 0,95 м и массе колонн до 10 т
ГЭСН	07	07-01-012	Установка колонн двухветвевых цельных в стаканы фундаментов	07-01-012-08	100 шт	Установка колонн двухветвевых цельных, оканчивающихся двумя ветвями, в стаканы фундаментов при базе колонн: более 1,1 до 1,5 м, глубине заделки более 0,95 м и массе колонн до 15 т
ГЭСН	07	07-01-012	Установка колонн двухветвевых цельных в стаканы фундаментов	07-01-012-09	100 шт	Установка колонн двухветвевых цельных, оканчивающихся двумя ветвями, в стаканы фундаментов при базе колонн: более 1,1 до 1,5 м, глубине заделки более 0,95 м и массе колонн до 30 т
ГЭСН	07	07-01-012	Установка колонн двухветвевых цельных в стаканы фундаментов	07-01-012-10	100 шт	Установка колонн двухветвевых цельных, оканчивающихся двумя ветвями, в стаканы фундаментов при базе колонн: 1,5 м, глубине заделки более 0,95 м и массе колонн до 15 т
ГЭСН	07	07-01-012	Установка колонн двухветвевых цельных в стаканы фундаментов	07-01-012-11	100 шт	Установка колонн двухветвевых цельных, оканчивающихся двумя ветвями, в стаканы фундаментов при базе колонн: 1,5 м, глубине заделки более 0,95 м и массе колонн до 30 т
ГЭСН	07	07-01-012	Установка колонн двухветвевых цельных в стаканы фундаментов	07-01-012-12	100 шт	Установка колонн двухветвевых цельных, оканчивающихся сплошным сечением, в стаканы фундаментов при базе колонн: более 1,5 до 1,7 м, глубине заделки более 0,95 м и массе колонн до 15 т
ГЭСН	07	07-01-012	Установка колонн двухветвевых цельных в стаканы фундаментов	07-01-012-13	100 шт	Установка колонн двухветвевых цельных, оканчивающихся сплошным сечением, в стаканы фундаментов при базе колонн: более 1,7 м, глубине заделки более 0,95 м и массе колонн до 30 т
ГЭСН	07	07-01-013	Установка колонн двухветвевых составных в стаканы фундаментов	07-01-013-01	100 шт	Установка колонн двухветвевых составных в стаканы фундаментов при отметке верха фундамента: -0,15 м, общей массе колонн до 30 т и наибольшей массе составных частей колонн до 15 т
ГЭСН	07	07-01-013	Установка колонн двухветвевых составных в стаканы фундаментов	07-01-013-02	100 шт	Установка колонн двухветвевых составных в стаканы фундаментов при отметке верха фундамента: -0,15 м, общей массе колонн до 30 т и наибольшей массе составных частей колонн до 20 т
ГЭСН	07	07-01-013	Установка колонн двухветвевых составных в стаканы фундаментов	07-01-013-03	100 шт	Установка колонн двухветвевых составных в стаканы фундаментов при отметке верха фундамента: -0,15 м, общей массе колонн более 30 т и при наибольшей массе составных частей колонн до 20 т
ГЭСН	07	07-01-013	Установка колонн двухветвевых составных в стаканы фундаментов	07-01-013-04	100 шт	Установка колонн двухветвевых составных в стаканы фундаментов при отметке верха фундамента: -0,10 м, общей массе колонн до 30 т и при наибольшей массе составных частей колонн до 20 т
ГЭСН	07	07-01-013	Установка колонн двухветвевых составных в стаканы фундаментов	07-01-013-05	100 шт	Установка колонн двухветвевых составных в стаканы фундаментов при отметке верха фундамента: -0,10 м, общей массе колонн более 30 т и при наибольшей массе составных частей колонн до 20 т
ГЭСН	07	07-01-014	Установка колонн на нижестоящие колонны, установка капителей	07-01-014-01	100 шт	Установка колонн на нижестоящие колонны при наибольшей массе монтажных элементов в здании до 5 т, масса колонн: до 2 т
ГЭСН	07	07-01-014	Установка колонн на нижестоящие колонны, установка капителей	07-01-014-02	100 шт	Установка колонн на нижестоящие колонны при наибольшей массе монтажных элементов в здании до 5 т, масса колонн: до 3 т
ГЭСН	07	07-01-014	Установка колонн на нижестоящие колонны, установка капителей	07-01-014-03	100 шт	Установка колонн на нижестоящие колонны при наибольшей массе монтажных элементов в здании до 5 т, масса колонн: до 5 т
ГЭСН	07	07-01-014	Установка колонн на нижестоящие колонны, установка капителей	07-01-014-04	100 шт	Установка капителей при наибольшей массе монтажных элементов в здании до 5 т, масса капителей: до 4 т
ГЭСН	07	07-01-014	Установка колонн на нижестоящие колонны, установка капителей	07-01-014-05	100 шт	Установка капителей при наибольшей массе монтажных элементов в здании до 5 т, масса капителей: более 4 т
ГЭСН	07	07-01-014	Установка колонн на нижестоящие колонны, установка капителей	07-01-014-06	100 шт	Установка колонн на нижестоящие колонны при наибольшей массе монтажных элементов в здании до 8 т, масса колонн: до 2 т
ГЭСН	07	07-01-014	Установка колонн на нижестоящие колонны, установка капителей	07-01-014-07	100 шт	Установка колонн на нижестоящие колонны при наибольшей массе монтажных элементов в здании до 8 т, масса колонн: до 3 т
ГЭСН	07	07-01-014	Установка колонн на нижестоящие колонны, установка капителей	07-01-014-08	100 шт	Установка колонн на нижестоящие колонны при наибольшей массе монтажных элементов в здании до 8 т, масса колонн: до 5 т
ГЭСН	07	07-01-014	Установка колонн на нижестоящие колонны, установка капителей	07-01-014-09	100 шт	Установка колонн на нижестоящие колонны при наибольшей массе монтажных элементов в здании до 8 т, масса колонн: более 5 т
ГЭСН	07	07-01-014	Установка колонн на нижестоящие колонны, установка капителей	07-01-014-10	100 шт	Установка капителей при наибольшей массе монтажных элементов в здании до 8 т, масса капителей: до 4 т
ГЭСН	07	07-01-014	Установка колонн на нижестоящие колонны, установка капителей	07-01-014-11	100 шт	Установка капителей при наибольшей массе монтажных элементов в здании до 8 т, масса капителей: более 4 т
ГЭСН	07	07-01-014	Установка колонн на нижестоящие колонны, установка капителей	07-01-014-12	100 шт	Установка колонн на нижестоящие колонны при наибольшей массе монтажных элементов в здании более 8 т, масса колонн: до 2 т
ГЭСН	07	07-01-014	Установка колонн на нижестоящие колонны, установка капителей	07-01-014-13	100 шт	Установка колонн на нижестоящие колонны при наибольшей массе монтажных элементов в здании более 8 т, масса колонн: до 3 т
ГЭСН	07	07-01-014	Установка колонн на нижестоящие колонны, установка капителей	07-01-014-14	100 шт	Установка колонн на нижестоящие колонны при наибольшей массе монтажных элементов в здании более 8 т, масса колонн: до 5 т
ГЭСН	07	07-01-014	Установка колонн на нижестоящие колонны, установка капителей	07-01-014-15	100 шт	Установка колонн на нижестоящие колонны при наибольшей массе монтажных элементов в здании более 8 т, масса колонн: более 5 т
ГЭСН	07	07-01-014	Установка колонн на нижестоящие колонны, установка капителей	07-01-014-16	100 шт	Установка капителей при наибольшей массе монтажных элементов в здании более 8 т, масса капителей: до 4 т
ГЭСН	07	07-01-014	Установка колонн на нижестоящие колонны, установка капителей	07-01-014-17	100 шт	Установка капителей при наибольшей массе монтажных элементов в здании более 8 т, масса капителей: более 4 т
ГЭСН	07	07-01-019	Укладка балок в одноэтажных зданиях и сооружениях	07-01-019-01	100 шт	Укладка в одноэтажных зданиях и сооружениях балок перекрытий (при свободном опирании) массой: до 1 т и высоте здания до 15 м
ГЭСН	07	07-01-019	Укладка балок в одноэтажных зданиях и сооружениях	07-01-019-02	100 шт	Укладка в одноэтажных зданиях и сооружениях балок перекрытий (при свободном опирании) массой: до 1 т и высоте здания до 25 м
ГЭСН	07	07-01-019	Укладка балок в одноэтажных зданиях и сооружениях	07-01-019-03	100 шт	Укладка в одноэтажных зданиях и сооружениях балок перекрытий (при свободном опирании) массой: до 1 т и высоте здания до 35 м
ГЭСН	07	07-01-019	Укладка балок в одноэтажных зданиях и сооружениях	07-01-019-04	100 шт	Укладка в одноэтажных зданиях и сооружениях балок перекрытий (при свободном опирании) массой: до 3 т и высоте здания до 25 м
ГЭСН	07	07-01-019	Укладка балок в одноэтажных зданиях и сооружениях	07-01-019-05	100 шт	Укладка в одноэтажных зданиях и сооружениях балок перекрытий (при свободном опирании) массой: до 3 т и высоте здания до 35 м
ГЭСН	07	07-01-019	Укладка балок в одноэтажных зданиях и сооружениях	07-01-019-06	100 шт	Укладка в одноэтажных зданиях и сооружениях балок перекрытий (при свободном опирании) массой: до 5 т и высоте здания до 25 м
ГЭСН	07	07-01-019	Укладка балок в одноэтажных зданиях и сооружениях	07-01-019-07	100 шт	Укладка в одноэтажных зданиях и сооружениях балок перекрытий (при свободном опирании) массой: до 5 т и высоте здания до 35 м
ГЭСН	07	07-01-019	Укладка балок в одноэтажных зданиях и сооружениях	07-01-019-08	100 шт	Укладка в одноэтажных зданиях и сооружениях балок перекрытий (при свободном опирании) массой: до 10 т и высоте здания до 25 м
ГЭСН	07	07-01-019	Укладка балок в одноэтажных зданиях и сооружениях	07-01-019-09	100 шт	Укладка в одноэтажных зданиях и сооружениях балок перекрытий (при свободном опирании) массой: до 10 т и высоте здания до 35 м
ГЭСН	07	07-01-019	Укладка балок в одноэтажных зданиях и сооружениях	07-01-019-10	100 шт	Укладка в одноэтажных зданиях и сооружениях балок подкрановых массой: до 5 т при массе колонн до 10 т и высоте здания до 15 м
ГЭСН	07	07-01-019	Укладка балок в одноэтажных зданиях и сооружениях	07-01-019-11	100 шт	Укладка в одноэтажных зданиях и сооружениях балок подкрановых массой: до 5 т при массе колонн до 10 т и высоте здания до 25 м
ГЭСН	07	07-01-019	Укладка балок в одноэтажных зданиях и сооружениях	07-01-019-12	100 шт	Укладка в одноэтажных зданиях и сооружениях балок подкрановых массой: до 5 т при высоте здания до 25 м и массе колонн до 15 т
ГЭСН	07	07-01-019	Укладка балок в одноэтажных зданиях и сооружениях	07-01-019-13	100 шт	Укладка в одноэтажных зданиях и сооружениях балок подкрановых массой: до 5 т при высоте здания до 25 м и массе колонн более 15 т
ГЭСН	07	07-01-019	Укладка балок в одноэтажных зданиях и сооружениях	07-01-019-14	100 шт	Укладка в одноэтажных зданиях и сооружениях балок подкрановых массой: до 12 т при высоте здания до 25 м и массе колонн до 15 т
ГЭСН	07	07-01-019	Укладка балок в одноэтажных зданиях и сооружениях	07-01-019-15	100 шт	Укладка в одноэтажных зданиях и сооружениях балок подкрановых массой: до 12 т при высоте здания до 25 м и массе колонн более 15 т
ГЭСН	07	07-01-019	Укладка балок в одноэтажных зданиях и сооружениях	07-01-019-16	100 шт	Укладка в одноэтажных зданиях и сооружениях балок обвязочных при высоте здания: до 15 м
ГЭСН	07	07-01-019	Укладка балок в одноэтажных зданиях и сооружениях	07-01-019-17	100 шт	Укладка в одноэтажных зданиях и сооружениях балок обвязочных при высоте здания: до 25 м
ГЭСН	07	07-01-019	Укладка балок в одноэтажных зданиях и сооружениях	07-01-019-18	100 шт	Укладка в одноэтажных зданиях и сооружениях балок обвязочных при высоте здания: до 35 м
ГЭСН	07	07-01-020	Укладка в многоэтажных зданиях ригелей перекрытий и покрытий, балок, стропильных конструкций	07-01-020-01	100 шт	Укладка в многоэтажных зданиях ригелей перекрытий и покрытий при жестких узлах и наибольшей массе монтажных элементов в здании до 5 т: прямоугольных, длиной до 6 м
ГЭСН	07	07-01-020	Укладка в многоэтажных зданиях ригелей перекрытий и покрытий, балок, стропильных конструкций	07-01-020-02	100 шт	Укладка в многоэтажных зданиях ригелей перекрытий и покрытий при жестких узлах и наибольшей массе монтажных элементов в здании до 5 т: с полками, длиной до 6 м
ГЭСН	07	07-01-020	Укладка в многоэтажных зданиях ригелей перекрытий и покрытий, балок, стропильных конструкций	07-01-020-03	100 шт	Укладка в многоэтажных зданиях ригелей перекрытий и покрытий при жестких узлах и наибольшей массе монтажных элементов в здании до 5 т: с полками, длиной до 9 м
ГЭСН	07	07-01-020	Укладка в многоэтажных зданиях ригелей перекрытий и покрытий, балок, стропильных конструкций	07-01-020-04	100 шт	Укладка в многоэтажных зданиях ригелей перекрытий и покрытий при жестких узлах и наибольшей массе монтажных элементов в здании до 5 т: с полками, длиной до 12 м
ГЭСН	07	07-01-020	Укладка в многоэтажных зданиях ригелей перекрытий и покрытий, балок, стропильных конструкций	07-01-020-05	100 шт	Укладка в многоэтажных зданиях балок при свободном опирании (под технологическое оборудование) при наибольшей массе монтажных элементов в здании до 5 т массой: до 2 т
ГЭСН	07	07-01-020	Укладка в многоэтажных зданиях ригелей перекрытий и покрытий, балок, стропильных конструкций	07-01-020-06	100 шт	Укладка в многоэтажных зданиях балок при свободном опирании (под технологическое оборудование) при наибольшей массе монтажных элементов в здании до 5 т массой: до 5 т
ГЭСН	07	07-01-020	Укладка в многоэтажных зданиях ригелей перекрытий и покрытий, балок, стропильных конструкций	07-01-020-07	100 шт	Укладка в многоэтажных зданиях стропильных конструкций при наибольшей массе монтажных элементов в здании до 5 т
ГЭСН	07	07-01-020	Укладка в многоэтажных зданиях ригелей перекрытий и покрытий, балок, стропильных конструкций	07-01-020-08	100 шт	Укладка в многоэтажных зданиях ригелей перекрытий и покрытий при жестких узлах и наибольшей массе монтажных элементов в здании до 8 т: прямоугольных, длиной до 6 м
ГЭСН	07	07-01-020	Укладка в многоэтажных зданиях ригелей перекрытий и покрытий, балок, стропильных конструкций	07-01-020-09	100 шт	Укладка в многоэтажных зданиях ригелей перекрытий и покрытий при жестких узлах и наибольшей массе монтажных элементов в здании до 8 т: с полками, длиной до 6 м
ГЭСН	07	07-01-020	Укладка в многоэтажных зданиях ригелей перекрытий и покрытий, балок, стропильных конструкций	07-01-020-10	100 шт	Укладка в многоэтажных зданиях ригелей перекрытий и покрытий при жестких узлах и наибольшей массе монтажных элементов в здании до 8 т: с полками, длиной до 9 м
ГЭСН	07	07-01-020	Укладка в многоэтажных зданиях ригелей перекрытий и покрытий, балок, стропильных конструкций	07-01-020-11	100 шт	Укладка в многоэтажных зданиях ригелей перекрытий и покрытий при жестких узлах и наибольшей массе монтажных элементов в здании до 8 т: с полками, длиной до 12 м
ГЭСН	07	07-01-020	Укладка в многоэтажных зданиях ригелей перекрытий и покрытий, балок, стропильных конструкций	07-01-020-12	100 шт	Укладка в многоэтажных зданиях балок при свободном опирании (под технологическое оборудование) при наибольшей массе монтажных элементов в здании до 8 т массой: до 2 т
ГЭСН	07	07-01-020	Укладка в многоэтажных зданиях ригелей перекрытий и покрытий, балок, стропильных конструкций	07-01-020-13	100 шт	Укладка в многоэтажных зданиях балок при свободном опирании (под технологическое оборудование) при наибольшей массе монтажных элементов в здании до 8 т массой: до 5 т
ГЭСН	07	07-01-020	Укладка в многоэтажных зданиях ригелей перекрытий и покрытий, балок, стропильных конструкций	07-01-020-14	100 шт	Укладка в многоэтажных зданиях стропильных конструкций при наибольшей массе монтажных элементов в здании до 8 т
ГЭСН	07	07-01-020	Укладка в многоэтажных зданиях ригелей перекрытий и покрытий, балок, стропильных конструкций	07-01-020-15	100 шт	Укладка в многоэтажных зданиях ригелей перекрытий и покрытий при жестких узлах и наибольшей массе монтажных элементов в здании более 8 т: прямоугольных, длиной до 6 м
ГЭСН	07	07-01-020	Укладка в многоэтажных зданиях ригелей перекрытий и покрытий, балок, стропильных конструкций	07-01-020-16	100 шт	Укладка в многоэтажных зданиях ригелей перекрытий и покрытий при жестких узлах и наибольшей массе монтажных элементов в здании более 8 т: с полками, длиной до 6 м
ГЭСН	07	07-01-020	Укладка в многоэтажных зданиях ригелей перекрытий и покрытий, балок, стропильных конструкций	07-01-020-17	100 шт	Укладка в многоэтажных зданиях ригелей перекрытий и покрытий при жестких узлах и наибольшей массе монтажных элементов в здании более 8 т: с полками, длиной до 9 м
ГЭСН	07	07-01-020	Укладка в многоэтажных зданиях ригелей перекрытий и покрытий, балок, стропильных конструкций	07-01-020-18	100 шт	Укладка в многоэтажных зданиях ригелей перекрытий и покрытий при жестких узлах и наибольшей массе монтажных элементов в здании более 8 т: с полками, длиной до 12 м
ГЭСН	07	07-01-020	Укладка в многоэтажных зданиях ригелей перекрытий и покрытий, балок, стропильных конструкций	07-01-020-19	100 шт	Укладка в многоэтажных зданиях балок при свободном опирании (под технологическое оборудование) при наибольшей массе монтажных элементов в здании более 8 т массой: до 2 т
ГЭСН	07	07-01-020	Укладка в многоэтажных зданиях ригелей перекрытий и покрытий, балок, стропильных конструкций	07-01-020-20	100 шт	Укладка в многоэтажных зданиях балок при свободном опирании (под технологическое оборудование) при наибольшей массе монтажных элементов в здании более 8 т массой: до 5 т
ГЭСН	07	07-01-020	Укладка в многоэтажных зданиях ригелей перекрытий и покрытий, балок, стропильных конструкций	07-01-020-21	100 шт	Укладка в многоэтажных зданиях стропильных конструкций при наибольшей массе монтажных элементов в здании более 8 т
ГЭСН	07	07-01-021	Укладка перемычек	07-01-021-01	100 шт	Укладка перемычек при наибольшей массе монтажных элементов в здании: до 5 т, масса перемычки до 0,7 т
ГЭСН	07	07-01-021	Укладка перемычек	07-01-021-02	100 шт	Укладка перемычек при наибольшей массе монтажных элементов в здании: до 5 т, масса перемычки до 1 т
ГЭСН	07	07-01-021	Укладка перемычек	07-01-021-03	100 шт	Укладка перемычек при наибольшей массе монтажных элементов в здании: до 5 т, масса перемычки до 1,5 т
ГЭСН	07	07-01-021	Укладка перемычек	07-01-021-04	100 шт	Укладка перемычек при наибольшей массе монтажных элементов в здании: до 5 т, масса перемычки более 1,5 т
ГЭСН	07	07-01-021	Укладка перемычек	07-01-021-05	100 шт	Укладка перемычек при наибольшей массе монтажных элементов в здании: до 8 т, масса перемычки до 0,7 т
ГЭСН	07	07-01-021	Укладка перемычек	07-01-021-06	100 шт	Укладка перемычек при наибольшей массе монтажных элементов в здании: до 8 т, масса перемычки до 1 т
ГЭСН	07	07-01-021	Укладка перемычек	07-01-021-07	100 шт	Укладка перемычек при наибольшей массе монтажных элементов в здании: до 8 т, масса перемычки до 1,5 т
ГЭСН	07	07-01-021	Укладка перемычек	07-01-021-08	100 шт	Укладка перемычек при наибольшей массе монтажных элементов в здании: до 8 т, масса перемычки более 1,5 т
ГЭСН	07	07-01-021	Укладка перемычек	07-01-021-09	100 шт	Укладка перемычек при наибольшей массе монтажных элементов в здании: более 8 т, масса перемычки до 0,7 т
ГЭСН	07	07-01-021	Укладка перемычек	07-01-021-10	100 шт	Укладка перемычек при наибольшей массе монтажных элементов в здании: более 8 т, масса перемычки до 1 т
ГЭСН	07	07-01-021	Укладка перемычек	07-01-021-11	100 шт	Укладка перемычек при наибольшей массе монтажных элементов в здании: более 8 т, масса перемычки до 1,5 т
ГЭСН	07	07-01-021	Укладка перемычек	07-01-021-12	100 шт	Укладка перемычек при наибольшей массе монтажных элементов в здании: более 8 т, масса перемычки более 1,5 т
ГЭСН	07	07-01-027	Укладка плит покрытий одноэтажных зданий и сооружений, панелей оболочек, плит типа "П"	07-01-027-01	100 шт	Укладка плит покрытий одноэтажных зданий и сооружений длиной до 6 м, площадью: до 10 м2 при массе стропильных и подстропильных конструкций до 10 т и высоте зданий до 25 м
ГЭСН	07	07-01-027	Укладка плит покрытий одноэтажных зданий и сооружений, панелей оболочек, плит типа "П"	07-01-027-02	100 шт	Укладка плит покрытий одноэтажных зданий и сооружений длиной до 6 м, площадью: до 10 м2 при массе стропильных и подстропильных конструкций до 15 т и высоте зданий до 25 м
ГЭСН	07	07-01-027	Укладка плит покрытий одноэтажных зданий и сооружений, панелей оболочек, плит типа "П"	07-01-027-03	100 шт	Укладка плит покрытий одноэтажных зданий и сооружений длиной до 6 м, площадью: до 10 м2 при массе стропильных и подстропильных конструкций до 15 т и высоте зданий до 35 м
ГЭСН	07	07-01-027	Укладка плит покрытий одноэтажных зданий и сооружений, панелей оболочек, плит типа "П"	07-01-027-04	100 шт	Укладка плит покрытий одноэтажных зданий и сооружений длиной до 6 м, площадью: до 10 м2 при массе стропильных и подстропильных конструкций до 20 т и высоте зданий до 15 м
ГЭСН	07	07-01-027	Укладка плит покрытий одноэтажных зданий и сооружений, панелей оболочек, плит типа "П"	07-01-027-05	100 шт	Укладка плит покрытий одноэтажных зданий и сооружений длиной до 6 м, площадью: до 10 м2 при массе стропильных и подстропильных конструкций до 20 т и высоте зданий до 25 м
ГЭСН	07	07-01-027	Укладка плит покрытий одноэтажных зданий и сооружений, панелей оболочек, плит типа "П"	07-01-027-06	100 шт	Укладка плит покрытий одноэтажных зданий и сооружений длиной до 6 м, площадью: до 10 м2 при массе стропильных и подстропильных конструкций до 20 т и высоте зданий до 35 м
ГЭСН	07	07-01-027	Укладка плит покрытий одноэтажных зданий и сооружений, панелей оболочек, плит типа "П"	07-01-027-07	100 шт	Укладка плит покрытий одноэтажных зданий и сооружений длиной до 6 м, площадью: до 20 м2 при массе стропильных и подстропильных конструкций до 10 т и высоте зданий до 25 м
ГЭСН	07	07-01-027	Укладка плит покрытий одноэтажных зданий и сооружений, панелей оболочек, плит типа "П"	07-01-027-08	100 шт	Укладка плит покрытий одноэтажных зданий и сооружений длиной до 6 м, площадью: до 20 м2 при массе стропильных и подстропильных конструкций до 15 т и высоте зданий до 25 м
ГЭСН	07	07-01-027	Укладка плит покрытий одноэтажных зданий и сооружений, панелей оболочек, плит типа "П"	07-01-027-09	100 шт	Укладка плит покрытий одноэтажных зданий и сооружений длиной до 6 м, площадью: до 20 м2 при массе стропильных и подстропильных конструкций до 15 т и высоте зданий до 35 м
ГЭСН	07	07-01-027	Укладка плит покрытий одноэтажных зданий и сооружений, панелей оболочек, плит типа "П"	07-01-027-10	100 шт	Укладка плит покрытий одноэтажных зданий и сооружений длиной до 6 м, площадью: до 20 м2 при массе стропильных и подстропильных конструкций до 20 т и высоте зданий до 15 м
ГЭСН	07	07-01-027	Укладка плит покрытий одноэтажных зданий и сооружений, панелей оболочек, плит типа "П"	07-01-027-11	100 шт	Укладка плит покрытий одноэтажных зданий и сооружений длиной до 6 м, площадью: до 20 м2 при массе стропильных и подстропильных конструкций до 20 т и высоте зданий до 25 м
ГЭСН	07	07-01-027	Укладка плит покрытий одноэтажных зданий и сооружений, панелей оболочек, плит типа "П"	07-01-027-12	100 шт	Укладка плит покрытий одноэтажных зданий и сооружений длиной до 6 м, площадью: до 20 м2 при массе стропильных и подстропильных конструкций до 20 т и высоте зданий до 35 м
ГЭСН	07	07-01-027	Укладка плит покрытий одноэтажных зданий и сооружений, панелей оболочек, плит типа "П"	07-01-027-13	100 шт	Укладка плит покрытий одноэтажных зданий и сооружений длиной до 12 м, площадью: до 20 м2 при массе стропильных и подстропильных конструкций до 10 т и высоте зданий до 25 м
ГЭСН	07	07-01-027	Укладка плит покрытий одноэтажных зданий и сооружений, панелей оболочек, плит типа "П"	07-01-027-14	100 шт	Укладка плит покрытий одноэтажных зданий и сооружений длиной до 12 м, площадью: до 20 м2 при массе стропильных и подстропильных конструкций до 10 т и высоте зданий до 35 м
ГЭСН	07	07-01-027	Укладка плит покрытий одноэтажных зданий и сооружений, панелей оболочек, плит типа "П"	07-01-027-15	100 шт	Укладка плит покрытий одноэтажных зданий и сооружений длиной до 12 м, площадью: до 20 м2 при массе стропильных и подстропильных конструкций до 30 т и высоте зданий до 25 м
ГЭСН	07	07-01-027	Укладка плит покрытий одноэтажных зданий и сооружений, панелей оболочек, плит типа "П"	07-01-027-16	100 шт	Укладка плит покрытий одноэтажных зданий и сооружений длиной до 12 м, площадью: до 20 м2 при массе стропильных и подстропильных конструкций до 30 т и высоте зданий до 35 м
ГЭСН	07	07-01-027	Укладка плит покрытий одноэтажных зданий и сооружений, панелей оболочек, плит типа "П"	07-01-027-17	100 шт	Укладка плит покрытий одноэтажных зданий и сооружений длиной до 12 м, площадью: до 40 м2 при массе стропильных и подстропильных конструкций до 15 т и высоте зданий до 25 м
ГЭСН	07	07-01-027	Укладка плит покрытий одноэтажных зданий и сооружений, панелей оболочек, плит типа "П"	07-01-027-18	100 шт	Укладка плит покрытий одноэтажных зданий и сооружений длиной до 12 м, площадью: до 40 м2 при массе стропильных и подстропильных конструкций до 15 т и высоте зданий до 35 м
ГЭСН	07	07-01-027	Укладка плит покрытий одноэтажных зданий и сооружений, панелей оболочек, плит типа "П"	07-01-027-19	100 шт	Укладка плит покрытий одноэтажных зданий и сооружений длиной до 12 м, площадью: до 40 м2 при массе стропильных и подстропильных конструкций до 30 т и высоте зданий до 25 м
ГЭСН	07	07-01-027	Укладка плит покрытий одноэтажных зданий и сооружений, панелей оболочек, плит типа "П"	07-01-027-20	100 шт	Укладка плит покрытий одноэтажных зданий и сооружений длиной до 12 м, площадью: до 40 м2 при массе стропильных и подстропильных конструкций до 30 т и высоте зданий до 35 м
ГЭСН	07	07-01-027	Укладка плит покрытий одноэтажных зданий и сооружений, панелей оболочек, плит типа "П"	07-01-027-21	100 шт	Укладка панелей оболочек размером 3х18 м при высоте зданий: до 25 м
ГЭСН	07	07-01-027	Укладка плит покрытий одноэтажных зданий и сооружений, панелей оболочек, плит типа "П"	07-01-027-22	100 шт	Укладка панелей оболочек размером 3х18 м при высоте зданий: свыше 25 до 35 м
ГЭСН	07	07-01-027	Укладка плит покрытий одноэтажных зданий и сооружений, панелей оболочек, плит типа "П"	07-01-027-23	100 шт	Укладка плит типа "П" размером 3х18 м при высоте зданий: до 15 м
ГЭСН	07	07-01-027	Укладка плит покрытий одноэтажных зданий и сооружений, панелей оболочек, плит типа "П"	07-01-027-24	100 шт	Укладка плит типа "П" размером 3х18 м при высоте зданий: свыше 15 до 25 м
ГЭСН	07	07-01-027	Укладка плит покрытий одноэтажных зданий и сооружений, панелей оболочек, плит типа "П"	07-01-027-25	100 шт	Укладка плит типа "П" размером 3х18 м при высоте зданий: свыше 25 до 35 м
ГЭСН	07	07-01-028	Укладка плит покрытий, установка опорных стаканов для вентиляционных устройств	07-01-028-01	100 шт	Укладка плит покрытий площадью до 1 м2 при массе стропильных и подстропильных конструкций: до 10 т и высоте зданий до 25 м
ГЭСН	07	07-01-028	Укладка плит покрытий, установка опорных стаканов для вентиляционных устройств	07-01-028-02	100 шт	Укладка плит покрытий площадью до 1 м2 при массе стропильных и подстропильных конструкций: до 15 т и высоте зданий до 25 м
ГЭСН	07	07-01-028	Укладка плит покрытий, установка опорных стаканов для вентиляционных устройств	07-01-028-03	100 шт	Укладка плит покрытий площадью до 1 м2 при массе стропильных и подстропильных конструкций: до 15 т и высоте зданий до 35 м
ГЭСН	07	07-01-028	Укладка плит покрытий, установка опорных стаканов для вентиляционных устройств	07-01-028-04	100 шт	Укладка плит покрытий площадью до 1 м2 при массе стропильных и подстропильных конструкций: до 20 т и высоте зданий до 25 м
ГЭСН	07	07-01-028	Укладка плит покрытий, установка опорных стаканов для вентиляционных устройств	07-01-028-05	100 шт	Укладка плит покрытий площадью до 1 м2 при массе стропильных и подстропильных конструкций: до 20 т и высоте зданий до 35 м
ГЭСН	07	07-01-028	Укладка плит покрытий, установка опорных стаканов для вентиляционных устройств	07-01-028-06	100 шт	Укладка плит покрытий площадью до 2 м2 при массе стропильных и подстропильных конструкций: до 10 т и высоте зданий до 25 м
ГЭСН	07	07-01-028	Укладка плит покрытий, установка опорных стаканов для вентиляционных устройств	07-01-028-07	100 шт	Укладка плит покрытий площадью до 2 м2 при массе стропильных и подстропильных конструкций: до 15 т и высоте зданий до 25 м
ГЭСН	07	07-01-028	Укладка плит покрытий, установка опорных стаканов для вентиляционных устройств	07-01-028-08	100 шт	Укладка плит покрытий площадью до 2 м2 при массе стропильных и подстропильных конструкций: до 15 т и высоте зданий до 35 м
ГЭСН	07	07-01-028	Укладка плит покрытий, установка опорных стаканов для вентиляционных устройств	07-01-028-09	100 шт	Укладка плит покрытий площадью до 2 м2 при массе стропильных и подстропильных конструкций: до 20 т и высоте зданий до 25 м
ГЭСН	07	07-01-028	Укладка плит покрытий, установка опорных стаканов для вентиляционных устройств	07-01-028-10	100 шт	Укладка плит покрытий площадью до 2 м2 при массе стропильных и подстропильных конструкций: до 20 т и высоте зданий до 35 м
ГЭСН	07	07-01-028	Укладка плит покрытий, установка опорных стаканов для вентиляционных устройств	07-01-028-11	100 шт	Установка опорных стаканов для вентиляционных устройств при высоте зданий: до 25 м
ГЭСН	07	07-01-028	Укладка плит покрытий, установка опорных стаканов для вентиляционных устройств	07-01-028-12	100 шт	Установка опорных стаканов для вентиляционных устройств при высоте зданий: до 35 м
ГЭСН	07	07-01-029	Укладка плит перекрытий и покрытий многоэтажных зданий	07-01-029-01	100 шт	Укладка в многоэтажных зданиях плит безбалочных перекрытий: надколонных при наибольшей массе монтажных элементов в здании до 5 т
ГЭСН	07	07-01-029	Укладка плит перекрытий и покрытий многоэтажных зданий	07-01-029-02	100 шт	Укладка в многоэтажных зданиях плит безбалочных перекрытий: пролетных при наибольшей массе монтажных элементов в здании до 5 т
ГЭСН	07	07-01-029	Укладка плит перекрытий и покрытий многоэтажных зданий	07-01-029-03	100 шт	Укладка в многоэтажных зданиях плит перекрытий и покрытий межколонных по ригелям с полками при наибольшей массе монтажных элементов в здании до 5 т, ширина плит: 0,75 м
ГЭСН	07	07-01-029	Укладка плит перекрытий и покрытий многоэтажных зданий	07-01-029-04	100 шт	Укладка в многоэтажных зданиях плит перекрытий и покрытий межколонных по ригелям с полками при наибольшей массе монтажных элементов в здании до 5 т, ширина плит: 1,5 м
ГЭСН	07	07-01-029	Укладка плит перекрытий и покрытий многоэтажных зданий	07-01-029-05	100 шт	Укладка в многоэтажных зданиях плит перекрытий и покрытий межколонных по ригелям с полками при наибольшей массе монтажных элементов в здании до 5 т, ширина плит: 3 м
ГЭСН	07	07-01-029	Укладка плит перекрытий и покрытий многоэтажных зданий	07-01-029-06	100 шт	Укладка в многоэтажных зданиях плит перекрытий и покрытий пролетных по ригелям с полками при наибольшей массе монтажных элементов в здании до 5 т, ширина плит: 1,5 м
ГЭСН	07	07-01-029	Укладка плит перекрытий и покрытий многоэтажных зданий	07-01-029-07	100 шт	Укладка в многоэтажных зданиях плит перекрытий и покрытий пролетных по ригелям с полками при наибольшей массе монтажных элементов в здании до 5 т, ширина плит: 3 м
ГЭСН	07	07-01-029	Укладка плит перекрытий и покрытий многоэтажных зданий	07-01-029-08	100 шт	Укладка в многоэтажных зданиях безбалочных плит перекрытий: надколонных при наибольшей массе монтажных элементов в здании до 8 т
ГЭСН	07	07-01-029	Укладка плит перекрытий и покрытий многоэтажных зданий	07-01-029-09	100 шт	Укладка в многоэтажных зданиях безбалочных плит перекрытий: пролетных при наибольшей массе монтажных элементов в здании до 8 т
ГЭСН	07	07-01-029	Укладка плит перекрытий и покрытий многоэтажных зданий	07-01-029-10	100 шт	Укладка в многоэтажных зданиях плит перекрытий и покрытий межколонных по ригелям с полками при наибольшей массе монтажных элементов в здании до 8 т, ширина плит: 0,75 м
ГЭСН	07	07-01-029	Укладка плит перекрытий и покрытий многоэтажных зданий	07-01-029-11	100 шт	Укладка в многоэтажных зданиях плит перекрытий и покрытий межколонных по ригелям с полками при наибольшей массе монтажных элементов в здании до 8 т, ширина плит: 1,5 м
ГЭСН	07	07-01-029	Укладка плит перекрытий и покрытий многоэтажных зданий	07-01-029-12	100 шт	Укладка в многоэтажных зданиях плит перекрытий и покрытий межколонных по ригелям с полками при наибольшей массе монтажных элементов в здании до 8 т, ширина плит: 3 м
ГЭСН	07	07-01-029	Укладка плит перекрытий и покрытий многоэтажных зданий	07-01-029-13	100 шт	Укладка в многоэтажных зданиях плит перекрытий и покрытий пролетных по ригелям с полками при наибольшей массе монтажных элементов в здании до 8 т, ширина плит: 1,5 м
ГЭСН	07	07-01-029	Укладка плит перекрытий и покрытий многоэтажных зданий	07-01-029-14	100 шт	Укладка в многоэтажных зданиях плит перекрытий и покрытий пролетных по ригелям с полками при наибольшей массе монтажных элементов в здании до 8 т, ширина плит: 3 м
ГЭСН	07	07-01-029	Укладка плит перекрытий и покрытий многоэтажных зданий	07-01-029-15	100 шт	Укладка в многоэтажных зданиях плит перекрытий безбалочных: надколонных при наибольшей массе монтажных элементов в здании более 8 т
ГЭСН	07	07-01-029	Укладка плит перекрытий и покрытий многоэтажных зданий	07-01-029-16	100 шт	Укладка в многоэтажных зданиях плит перекрытий безбалочных: пролетных при наибольшей массе монтажных элементов в здании более 8 т
ГЭСН	07	07-01-029	Укладка плит перекрытий и покрытий многоэтажных зданий	07-01-029-17	100 шт	Укладка в многоэтажных зданиях плит перекрытий и покрытий межколонных по ригелям с полками при наибольшей массе монтажных элементов в здании более 8 т, ширина плит: 0,75 м
ГЭСН	07	07-01-029	Укладка плит перекрытий и покрытий многоэтажных зданий	07-01-029-18	100 шт	Укладка в многоэтажных зданиях плит перекрытий и покрытий межколонных по ригелям с полками при наибольшей массе монтажных элементов в здании более 8 т, ширина плит: 1,5 м
ГЭСН	07	07-01-029	Укладка плит перекрытий и покрытий многоэтажных зданий	07-01-029-19	100 шт	Укладка в многоэтажных зданиях плит перекрытий и покрытий межколонных по ригелям с полками при наибольшей массе монтажных элементов в здании более 8 т, ширина плит: 3 м
ГЭСН	07	07-01-029	Укладка плит перекрытий и покрытий многоэтажных зданий	07-01-029-20	100 шт	Укладка в многоэтажных зданиях плит перекрытий и покрытий пролетных по ригелям с полками при наибольшей массе монтажных элементов в здании более 8 т, ширина плит: 1,5 м
ГЭСН	07	07-01-029	Укладка плит перекрытий и покрытий многоэтажных зданий	07-01-029-21	100 шт	Укладка в многоэтажных зданиях плит перекрытий и покрытий пролетных по ригелям с полками при наибольшей массе монтажных элементов в здании более 8 т, ширина плит: 3 м
ГЭСН	07	07-01-029	Укладка плит перекрытий и покрытий многоэтажных зданий	07-01-029-22	100 шт	Укладка в многоэтажных зданиях плит перекрытий и покрытий межколонных по ригелям прямоугольным при наибольшей массе монтажных элементов в здании до 5 т, ширина плит: 0,75 м
ГЭСН	07	07-01-029	Укладка плит перекрытий и покрытий многоэтажных зданий	07-01-029-23	100 шт	Укладка в многоэтажных зданиях плит перекрытий и покрытий межколонных по ригелям прямоугольным при наибольшей массе монтажных элементов в здании до 5 т, ширина плит: 1,5 м
ГЭСН	07	07-01-029	Укладка плит перекрытий и покрытий многоэтажных зданий	07-01-029-24	100 шт	Укладка в многоэтажных зданиях плит перекрытий и покрытий пролетных по ригелям прямоугольным при наибольшей массе монтажных элементов в здании до 5 т, ширина плит 1,5 м
ГЭСН	07	07-01-029	Укладка плит перекрытий и покрытий многоэтажных зданий	07-01-029-25	100 шт	Укладка в многоэтажных зданиях плит покрытий по стропильным конструкциям площадью: до 10 м2 при наибольшей массе монтажных элементов в здании до 5 т
ГЭСН	07	07-01-029	Укладка плит перекрытий и покрытий многоэтажных зданий	07-01-029-26	100 шт	Укладка в многоэтажных зданиях плит покрытий по стропильным конструкциям площадью: до 20 м2 при наибольшей массе монтажных элементов в здании до 5 т
ГЭСН	07	07-01-029	Укладка плит перекрытий и покрытий многоэтажных зданий	07-01-029-27	100 шт	Укладка в многоэтажных зданиях плит перекрытий и покрытий межколонных по ригелям прямоугольным при наибольшей массе монтажных элементов в здании до 8 т, ширина плит: 0,75 м
ГЭСН	07	07-01-029	Укладка плит перекрытий и покрытий многоэтажных зданий	07-01-029-28	100 шт	Укладка в многоэтажных зданиях плит перекрытий и покрытий межколонных по ригелям прямоугольным при наибольшей массе монтажных элементов в здании до 8 т, ширина плит: 1,5 м
ГЭСН	07	07-01-029	Укладка плит перекрытий и покрытий многоэтажных зданий	07-01-029-29	100 шт	Укладка в многоэтажных зданиях плит перекрытий и покрытий пролетных по ригелям прямоугольным при наибольшей массе монтажных элементов в здании до 8 т, ширина плит 1,5 м
ГЭСН	07	07-01-029	Укладка плит перекрытий и покрытий многоэтажных зданий	07-01-029-30	100 шт	Укладка в многоэтажных зданиях плит покрытий по стропильным конструкциям площадью: до 10 м2 при наибольшей массе монтажных элементов в здании до 8 т
ГЭСН	07	07-01-029	Укладка плит перекрытий и покрытий многоэтажных зданий	07-01-029-31	100 шт	Укладка в многоэтажных зданиях плит покрытий по стропильным конструкциям площадью: до 20 м2 при наибольшей массе монтажных элементов в здании до 8 т
ГЭСН	07	07-01-029	Укладка плит перекрытий и покрытий многоэтажных зданий	07-01-029-32	100 шт	Укладка в многоэтажных зданиях плит перекрытий и покрытий межколонных по ригелям прямоугольным при наибольшей массе монтажных элементов в здании более 8 т, ширина плит: 0,75 м
ГЭСН	07	07-01-029	Укладка плит перекрытий и покрытий многоэтажных зданий	07-01-029-33	100 шт	Укладка в многоэтажных зданиях плит перекрытий и покрытий межколонных по ригелям прямоугольным при наибольшей массе монтажных элементов в здании более 8 т, ширина плит: 1,5 м
ГЭСН	07	07-01-029	Укладка плит перекрытий и покрытий многоэтажных зданий	07-01-029-34	100 шт	Укладка в многоэтажных зданиях плит перекрытий и покрытий пролетных по ригелям прямоугольным при наибольшей массе монтажных элементов в здании более 8 т, ширина плит 1,5 м
ГЭСН	07	07-01-029	Укладка плит перекрытий и покрытий многоэтажных зданий	07-01-029-35	100 шт	Укладка в многоэтажных зданиях плит покрытия по стропильным конструкциям площадью: до 10 м2 при наибольшей массе монтажных элементов в здании более 8 т
ГЭСН	07	07-01-029	Укладка плит перекрытий и покрытий многоэтажных зданий	07-01-029-36	100 шт	Укладка в многоэтажных зданиях плит покрытия по стропильным конструкциям площадью: до 20 м2 при наибольшей массе монтажных элементов в здании более 8 т
ГЭСН	07	07-01-034	Установка панелей наружных стен одноэтажных зданий	07-01-034-01	100 шт	Установка панелей наружных стен одноэтажных зданий длиной: до 7 м, площадью до 10 м2 при высоте здания до 25 м
ГЭСН	07	07-01-034	Установка панелей наружных стен одноэтажных зданий	07-01-034-02	100 шт	Установка панелей наружных стен одноэтажных зданий длиной: до 7 м, площадью до 10 м2 при высоте здания до 35 м
ГЭСН	07	07-01-034	Установка панелей наружных стен одноэтажных зданий	07-01-034-03	100 шт	Установка панелей наружных стен одноэтажных зданий длиной: до 7 м, площадью более 10 м2 при высоте здания до 25 м
ГЭСН	07	07-01-034	Установка панелей наружных стен одноэтажных зданий	07-01-034-04	100 шт	Установка панелей наружных стен одноэтажных зданий длиной: до 7 м, площадью более 10 м2 при высоте здания до 35 м
ГЭСН	07	07-01-034	Установка панелей наружных стен одноэтажных зданий	07-01-034-05	100 шт	Установка панелей наружных стен одноэтажных зданий длиной: более 7 м, площадью до 15 м2 при высоте здания до 25 м
ГЭСН	07	07-01-034	Установка панелей наружных стен одноэтажных зданий	07-01-034-06	100 шт	Установка панелей наружных стен одноэтажных зданий длиной: более 7 м, площадью до 15 м2 при высоте здания до 35 м
ГЭСН	07	07-01-034	Установка панелей наружных стен одноэтажных зданий	07-01-034-07	100 шт	Установка панелей наружных стен одноэтажных зданий длиной: более 7 м, площадью более 15 м2 при высоте здания до 25 м
ГЭСН	07	07-01-034	Установка панелей наружных стен одноэтажных зданий	07-01-034-08	100 шт	Установка панелей наружных стен одноэтажных зданий длиной: более 7 м, площадью более 15 м2 при высоте здания до 35 м
ГЭСН	07	07-01-034	Установка панелей наружных стен одноэтажных зданий	07-01-034-09	100 шт	При установке панелей наружных стен одноэтажных зданий с угловыми блоками добавлять: к нормам 07-01-034-01, 07-01-034-03, 07-01-034-05, 07-01-034-07
ГЭСН	07	07-01-034	Установка панелей наружных стен одноэтажных зданий	07-01-034-10	100 шт	При установке панелей наружных стен одноэтажных зданий с угловыми блоками добавлять: к нормам 07-01-034-02, 07-01-034-04, 07-01-034-06, 07-01-034-08
ГЭСН	07	07-01-034	Установка панелей наружных стен одноэтажных зданий	07-01-034-11	100 шт	При установке панелей наружных стен одноэтажных зданий с карнизными панелями при массе блока: до 3 т добавлять к нормам 07-01-034-01, 07-01-034-03, 07-01-034-05, 07-01-034-07
ГЭСН	07	07-01-034	Установка панелей наружных стен одноэтажных зданий	07-01-034-12	100 шт	При установке панелей наружных стен одноэтажных зданий с карнизными панелями при массе блока: до 3 т добавлять к нормам 07-01-034-02, 07-01-034-04, 07-01-034-06, 07-01-034-08
ГЭСН	07	07-01-034	Установка панелей наружных стен одноэтажных зданий	07-01-034-13	100 шт	При установке панелей наружных стен одноэтажных зданий с карнизными панелями при массе блока: до 6 т добавлять к нормам 07-01-034-01, 07-01-034-03, 07-01-034-05, 07-01-034-07
ГЭСН	07	07-01-034	Установка панелей наружных стен одноэтажных зданий	07-01-034-14	100 шт	При установке панелей наружных стен одноэтажных зданий с карнизными панелями при массе блока: до 6 т добавлять к нормам 07-01-034-02, 07-01-034-04, 07-01-034-06, 07-01-034-08
ГЭСН	07	07-01-034	Установка панелей наружных стен одноэтажных зданий	07-01-034-15	100 шт	Установка простеночных панелей наружных стен одноэтажных зданий площадью: до 5 м2 при высоте здания до 25 м
ГЭСН	07	07-01-034	Установка панелей наружных стен одноэтажных зданий	07-01-034-16	100 шт	Установка простеночных панелей наружных стен одноэтажных зданий площадью: до 5 м2 при высоте здания до 35 м
ГЭСН	07	07-01-034	Установка панелей наружных стен одноэтажных зданий	07-01-034-17	100 шт	Установка простеночных панелей наружных стен одноэтажных зданий площадью: более 5 м2 при высоте здания до 25 м
ГЭСН	07	07-01-034	Установка панелей наружных стен одноэтажных зданий	07-01-034-18	100 шт	Установка простеночных панелей наружных стен одноэтажных зданий площадью: более 5 м2 при высоте здания до 35 м
ГЭСН	07	07-01-034	Установка панелей наружных стен одноэтажных зданий	07-01-034-19	100 шт	Установка угловых блоков одноэтажных зданий при высоте здания: до 25 м
ГЭСН	07	07-01-034	Установка панелей наружных стен одноэтажных зданий	07-01-034-20	100 шт	Установка угловых блоков одноэтажных зданий при высоте здания: до 35 м
ГЭСН	07	07-01-035	Установка панелей наружных стен многоэтажных зданий, карнизных панелей	07-01-035-01	100 шт	Установка панелей наружных стен многоэтажных зданий длиной: до 6 м рядовых при наибольшей массе монтажных элементов в здании до 5 т, площадь панелей до 10 м2
ГЭСН	07	07-01-035	Установка панелей наружных стен многоэтажных зданий, карнизных панелей	07-01-035-02	100 шт	Установка панелей наружных стен многоэтажных зданий длиной: до 6 м рядовых при наибольшей массе монтажных элементов в здании до 5 т, площадь панелей более 10 м2
ГЭСН	07	07-01-035	Установка панелей наружных стен многоэтажных зданий, карнизных панелей	07-01-035-03	100 шт	Установка панелей наружных стен многоэтажных зданий длиной: более 6 м рядовых при наибольшей массе монтажных элементов в здании до 5 т, площадь панелей до 10 м2
ГЭСН	07	07-01-035	Установка панелей наружных стен многоэтажных зданий, карнизных панелей	07-01-035-04	100 шт	Установка панелей наружных стен многоэтажных зданий длиной: более 6 м рядовых при наибольшей массе монтажных элементов в здании до 5 т, площадь панелей более 10 м2
ГЭСН	07	07-01-035	Установка панелей наружных стен многоэтажных зданий, карнизных панелей	07-01-035-05	100 шт	Установка панелей наружных стен многоэтажных зданий простеночных при наибольшей массе монтажных элементов в здании до 5 т, площадь панелей: до 5 м2
ГЭСН	07	07-01-035	Установка панелей наружных стен многоэтажных зданий, карнизных панелей	07-01-035-06	100 шт	Установка панелей наружных стен многоэтажных зданий простеночных при наибольшей массе монтажных элементов в здании до 5 т, площадь панелей: более 5 м2
ГЭСН	07	07-01-035	Установка панелей наружных стен многоэтажных зданий, карнизных панелей	07-01-035-07	100 шт	Установка карнизных панелей многоэтажных зданий при наибольшей массе монтажных элементов в здании до 5 т
ГЭСН	07	07-01-035	Установка панелей наружных стен многоэтажных зданий, карнизных панелей	07-01-035-08	100 шт	Установка панелей наружных стен многоэтажных зданий длиной: до 6 м рядовых при наибольшей массе монтажных элементов в здании до 8 т, площадь панелей до 10 м2
ГЭСН	07	07-01-035	Установка панелей наружных стен многоэтажных зданий, карнизных панелей	07-01-035-09	100 шт	Установка панелей наружных стен многоэтажных зданий длиной: до 6 м рядовых при наибольшей массе монтажных элементов в здании до 8 т, площадь панелей более 10 м2
ГЭСН	07	07-01-035	Установка панелей наружных стен многоэтажных зданий, карнизных панелей	07-01-035-10	100 шт	Установка панелей наружных стен многоэтажных зданий длиной: более 6 м рядовых при наибольшей массе монтажных элементов в здании до 8 т, площадь панелей до 10 м2
ГЭСН	07	07-01-035	Установка панелей наружных стен многоэтажных зданий, карнизных панелей	07-01-035-11	100 шт	Установка панелей наружных стен многоэтажных зданий длиной: более 6 м рядовых при наибольшей массе монтажных элементов в здании до 8 т, площадь панелей более 10 м2
ГЭСН	07	07-01-035	Установка панелей наружных стен многоэтажных зданий, карнизных панелей	07-01-035-12	100 шт	Установка панелей наружных стен многоэтажных зданий простеночных при наибольшей массе монтажных элементов в здании до 8 т, площадь панелей: до 5 м2
ГЭСН	07	07-01-035	Установка панелей наружных стен многоэтажных зданий, карнизных панелей	07-01-035-13	100 шт	Установка панелей наружных стен многоэтажных зданий простеночных при наибольшей массе монтажных элементов в здании до 8 т, площадь панелей: более 5 м2
ГЭСН	07	07-01-035	Установка панелей наружных стен многоэтажных зданий, карнизных панелей	07-01-035-14	100 шт	Установка карнизных панелей многоэтажных зданий при наибольшей массе монтажных элементов в здании до 8 т
ГЭСН	07	07-01-035	Установка панелей наружных стен многоэтажных зданий, карнизных панелей	07-01-035-15	100 шт	Установка панелей наружных стен многоэтажных зданий длиной: до 6 м рядовых при наибольшей массе монтажных элементов в здании более 8 т, площадь панелей до 10 м2
ГЭСН	07	07-01-035	Установка панелей наружных стен многоэтажных зданий, карнизных панелей	07-01-035-16	100 шт	Установка панелей наружных стен многоэтажных зданий длиной: до 6 м рядовых при наибольшей массе монтажных элементов в здании более 8 т, площадь панелей более 10 м2
ГЭСН	07	07-01-035	Установка панелей наружных стен многоэтажных зданий, карнизных панелей	07-01-035-17	100 шт	Установка панелей наружных стен многоэтажных зданий длиной: более 6 м рядовых при наибольшей массе монтажных элементов в здании более 8 т, площадь панелей до 10 м2
ГЭСН	07	07-01-035	Установка панелей наружных стен многоэтажных зданий, карнизных панелей	07-01-035-18	100 шт	Установка панелей наружных стен многоэтажных зданий длиной: более 6 м рядовых при наибольшей массе монтажных элементов в здании более 8 т, площадь панелей более 10 м2
ГЭСН	07	07-01-035	Установка панелей наружных стен многоэтажных зданий, карнизных панелей	07-01-035-19	100 шт	Установка панелей наружных стен многоэтажных зданий простеночных при наибольшей массе монтажных элементов в здании более 8 т, площадь панелей: до 5 м2
ГЭСН	07	07-01-035	Установка панелей наружных стен многоэтажных зданий, карнизных панелей	07-01-035-20	100 шт	Установка панелей наружных стен многоэтажных зданий простеночных при наибольшей массе монтажных элементов в здании более 8 т, площадь панелей: более 5 м2
ГЭСН	07	07-01-035	Установка панелей наружных стен многоэтажных зданий, карнизных панелей	07-01-035-21	100 шт	Установка карнизных панелей многоэтажных зданий при наибольшей массе монтажных элементов в здании более 8 т
ГЭСН	07	07-01-036	Установка панелей перегородок одноэтажных зданий	07-01-036-01	100 шт	Установка панелей перегородок одноэтажных зданий при горизонтальных стыках и заполнении швов: раствором, площадь панелей до 10 м2
ГЭСН	07	07-01-036	Установка панелей перегородок одноэтажных зданий	07-01-036-02	100 шт	Установка панелей перегородок одноэтажных зданий при горизонтальных стыках и заполнении швов: раствором, площадь панелей до 15 м2
ГЭСН	07	07-01-036	Установка панелей перегородок одноэтажных зданий	07-01-036-03	100 шт	Установка панелей перегородок одноэтажных зданий при горизонтальных стыках и заполнении швов: упругими прокладками, площадь панелей до 10 м2
ГЭСН	07	07-01-036	Установка панелей перегородок одноэтажных зданий	07-01-036-04	100 шт	Установка панелей перегородок одноэтажных зданий при горизонтальных стыках и заполнении швов: упругими прокладками, площадь панелей до 15 м2
ГЭСН	07	07-01-036	Установка панелей перегородок одноэтажных зданий	07-01-036-05	100 шт	Установка панелей перегородок одноэтажных зданий при вертикальных стыках и заполнении швов раствором, площадь панелей: до 2 м2
ГЭСН	07	07-01-036	Установка панелей перегородок одноэтажных зданий	07-01-036-06	100 шт	Установка панелей перегородок одноэтажных зданий при вертикальных стыках и заполнении швов раствором, площадь панелей: более 2 м2
ГЭСН	07	07-01-037	Герметизация швов стеновых панелей	07-01-037-01	100 м	Заполнение вертикальных швов стеновых панелей: цементным раствором
ГЭСН	07	07-01-037	Герметизация швов стеновых панелей	07-01-037-02	100 м	Заполнение вертикальных швов стеновых панелей: упругими прокладками
ГЭСН	07	07-01-037	Герметизация швов стеновых панелей	07-01-037-03	100 м	Герметизация мастикой швов: горизонтальных
ГЭСН	07	07-01-037	Герметизация швов стеновых панелей	07-01-037-04	100 м	Герметизация мастикой швов: вертикальных
ГЭСН	07	07-01-037	Герметизация швов стеновых панелей	07-01-037-05	100 м	Добавлять к нормам таблиц 07-01-034, 07-01-035 при заделке горизонтальных швов: цементным раствором
ГЭСН	07	07-01-037	Герметизация швов стеновых панелей	07-01-037-06	100 м	Добавлять к нормам таблиц 07-01-034, 07-01-035 при заделке горизонтальных швов: уплотнительными прокладками
ГЭСН	07	07-01-039	Заделка деформационных швов плит-оболочек цементным раствором	07-01-039-01	100 м	Заделка деформационных швов плит-оболочек цементным раствором 1:3 на глубину 30 мм
ГЭСН	07	07-05-007	Укладка балок, ригелей и перемычек	07-05-007-01	100 шт	Укладка балок ростверка массой: до 1 т
ГЭСН	07	07-05-007	Укладка балок, ригелей и перемычек	07-05-007-02	100 шт	Укладка балок ростверка массой: свыше 1 до 3 т
ГЭСН	07	07-05-007	Укладка балок, ригелей и перемычек	07-05-007-03	100 шт	Укладка балок перекрытий массой: до 1 т
ГЭСН	07	07-05-007	Укладка балок, ригелей и перемычек	07-05-007-04	100 шт	Укладка балок перекрытий массой: свыше 1 до 3 т
ГЭСН	07	07-05-007	Укладка балок, ригелей и перемычек	07-05-007-05	100 шт	Укладка ригелей массой: до 1 т
ГЭСН	07	07-05-007	Укладка балок, ригелей и перемычек	07-05-007-06	100 шт	Укладка ригелей массой: свыше 1 до 2 т
ГЭСН	07	07-05-007	Укладка балок, ригелей и перемычек	07-05-007-07	100 шт	Укладка ригелей массой: свыше 2 до 3 т
ГЭСН	07	07-05-007	Укладка балок, ригелей и перемычек	07-05-007-08	100 шт	Укладка ригелей массой: свыше 3 до 5 т
ГЭСН	07	07-05-007	Укладка балок, ригелей и перемычек	07-05-007-09	100 шт	Укладка ригелей массой: свыше 5 до 6 т
ГЭСН	07	07-05-007	Укладка балок, ригелей и перемычек	07-05-007-10	100 шт	Укладка перемычек массой до 0,3 т
ГЭСН	07	07-05-007	Укладка балок, ригелей и перемычек	07-05-007-11	100 шт	Укладка на растворе из сухой смеси балок ростверка массой: до 1 т
ГЭСН	07	07-05-007	Укладка балок, ригелей и перемычек	07-05-007-12	100 шт	Укладка на растворе из сухой смеси балок ростверка массой: свыше 1 до 3 т
ГЭСН	07	07-05-007	Укладка балок, ригелей и перемычек	07-05-007-13	100 шт	Укладка на растворе из сухой смеси балок перекрытий массой: до 1 т
ГЭСН	07	07-05-007	Укладка балок, ригелей и перемычек	07-05-007-14	100 шт	Укладка на растворе из сухой смеси балок перекрытий массой: свыше 1 до 3 т
ГЭСН	07	07-05-007	Укладка балок, ригелей и перемычек	07-05-007-15	100 шт	Укладка на растворе из сухой смеси ригелей массой: до 1 т
ГЭСН	07	07-05-007	Укладка балок, ригелей и перемычек	07-05-007-16	100 шт	Укладка на растворе из сухой смеси ригелей массой: свыше 1 до 2 т
ГЭСН	07	07-05-007	Укладка балок, ригелей и перемычек	07-05-007-17	100 шт	Укладка на растворе из сухой смеси ригелей массой: свыше 2 до 3 т
ГЭСН	07	07-05-007	Укладка балок, ригелей и перемычек	07-05-007-18	100 шт	Укладка на растворе из сухой смеси ригелей массой: свыше 3 до 5 т
ГЭСН	07	07-05-007	Укладка балок, ригелей и перемычек	07-05-007-19	100 шт	Укладка на растворе из сухой смеси ригелей массой: свыше 5 до 6 т
ГЭСН	07	07-05-007	Укладка балок, ригелей и перемычек	07-05-007-20	100 шт	Укладка на растворе из сухой смеси перемычек массой до 0,3 т
ГЭСН	07	07-05-011	Установка панелей	07-05-011-01	100 шт	Установка панелей перекрытий с опиранием: по контуру площадью до 5 м2
ГЭСН	07	07-05-011	Установка панелей	07-05-011-02	100 шт	Установка панелей перекрытий с опиранием: по контуру площадью свыше 5 до 15 м2
ГЭСН	07	07-05-011	Установка панелей	07-05-011-03	100 шт	Установка панелей перекрытий с опиранием: по контуру площадью свыше 15 до 20 м2
ГЭСН	07	07-05-011	Установка панелей	07-05-011-04	100 шт	Установка панелей перекрытий с опиранием: по контуру площадью свыше 20 до 25 м2
ГЭСН	07	07-05-011	Установка панелей	07-05-011-05	100 шт	Установка панелей перекрытий с опиранием: на 2 стороны площадью до 5 м2
ГЭСН	07	07-05-011	Установка панелей	07-05-011-06	100 шт	Установка панелей перекрытий с опиранием: на 2 стороны площадью свыше 5 до 10 м2
ГЭСН	07	07-05-011	Установка панелей	07-05-011-07	100 шт	Установка панелей ребристых площадью: до 5 м2
ГЭСН	07	07-05-011	Установка панелей	07-05-011-08	100 шт	Установка панелей ребристых площадью: свыше 5 до 10 м2
ГЭСН	07	07-05-011	Установка панелей	07-05-011-09	100 шт	Установка панелей ребристых площадью: свыше 10 до 15 м2
ГЭСН	07	07-05-011	Установка панелей	07-05-011-10	100 шт	Установка панелей типа "ТТ" площадью: до 25 м2
ГЭСН	07	07-05-011	Установка панелей	07-05-011-11	100 шт	Установка панелей типа "ТТ" площадью: свыше 25 до 30 м2
ГЭСН	07	07-05-011	Установка панелей	07-05-011-12	100 шт	Установка панелей типа "ТТ" площадью: свыше 30 до 40 м2
ГЭСН	07	07-05-011	Установка панелей	07-05-011-13	100 шт	Установка панелей перекрытий на растворе из сухой смеси с опиранием: по контуру площадью до 5 м2
ГЭСН	07	07-05-011	Установка панелей	07-05-011-14	100 шт	Установка панелей перекрытий на растворе из сухой смеси с опиранием: по контуру площадью свыше 5 до 15 м2
ГЭСН	07	07-05-011	Установка панелей	07-05-011-15	100 шт	Установка панелей перекрытий на растворе из сухой смеси с опиранием: по контуру площадью свыше 15 до 20 м2
ГЭСН	07	07-05-011	Установка панелей	07-05-011-16	100 шт	Установка панелей перекрытий на растворе из сухой смеси с опиранием: по контуру площадью свыше 20 до 25 м2
ГЭСН	07	07-05-011	Установка панелей	07-05-011-17	100 шт	Установка панелей перекрытий на растворе из сухой смеси с опиранием: на 2 стороны площадью до 5 м2
ГЭСН	07	07-05-011	Установка панелей	07-05-011-18	100 шт	Установка панелей перекрытий на растворе из сухой смеси с опиранием: на 2 стороны площадью свыше 5 до 10 м2
ГЭСН	07	07-05-011	Установка панелей	07-05-011-19	100 шт	Установка панелей ребристых на растворе из сухой смеси площадью: до 5 м2
ГЭСН	07	07-05-011	Установка панелей	07-05-011-20	100 шт	Установка панелей ребристых на растворе из сухой смеси площадью: свыше 5 до 10 м2
ГЭСН	07	07-05-011	Установка панелей	07-05-011-21	100 шт	Установка панелей ребристых на растворе из сухой смеси площадью: свыше 10 до 15 м2
ГЭСН	07	07-05-011	Установка панелей	07-05-011-22	100 шт	Установка панелей типа "ТТ" на растворе из сухой смеси площадью: до 25 м2
ГЭСН	07	07-05-011	Установка панелей	07-05-011-23	100 шт	Установка панелей типа "ТТ" на растворе из сухой смеси площадью: свыше 25 до 30 м2
ГЭСН	07	07-05-011	Установка панелей	07-05-011-24	100 шт	Установка панелей типа "ТТ" на растворе из сухой смеси площадью: свыше 30 до 40 м2
ГЭСН	07	07-05-014	Установка лестничных площадок и маршей	07-05-014-01	100 шт	Установка площадок массой: до 1 т
ГЭСН	07	07-05-014	Установка лестничных площадок и маршей	07-05-014-02	100 шт	Установка площадок массой: свыше 1 т
ГЭСН	07	07-05-014	Установка лестничных площадок и маршей	07-05-014-03	100 шт	Установка маршей: без сварки массой до 1 т
ГЭСН	07	07-05-014	Установка лестничных площадок и маршей	07-05-014-04	100 шт	Установка маршей: без сварки массой свыше 1 т
ГЭСН	07	07-05-014	Установка лестничных площадок и маршей	07-05-014-05	100 шт	Установка маршей: со сваркой массой до 1 т
ГЭСН	07	07-05-014	Установка лестничных площадок и маршей	07-05-014-06	100 шт	Установка маршей-площадок массой свыше 1 т
ГЭСН	07	07-05-014	Установка лестничных площадок и маршей	07-05-014-07	100 шт	Установка площадок на растворе из сухой смеси массой: до 1 т
ГЭСН	07	07-05-014	Установка лестничных площадок и маршей	07-05-014-08	100 шт	Установка площадок на растворе из сухой смеси массой: свыше 1 т
ГЭСН	07	07-05-014	Установка лестничных площадок и маршей	07-05-014-09	100 шт	Установка маршей на растворе из сухой смеси: без сварки массой до 1 т
ГЭСН	07	07-05-014	Установка лестничных площадок и маршей	07-05-014-10	100 шт	Установка маршей на растворе из сухой смеси: без сварки массой свыше 1 т
ГЭСН	07	07-05-014	Установка лестничных площадок и маршей	07-05-014-11	100 шт	Установка маршей на растворе из сухой смеси: со сваркой массой до 1 т
ГЭСН	07	07-05-014	Установка лестничных площадок и маршей	07-05-014-12	100 шт	Установка маршей-площадок на растворе из сухой смеси массой: свыше 1 т
ГЭСН	07	07-05-021	Установка блоков	07-05-021-01	100 шт	Установка цокольных блоков массой: до 1 т
ГЭСН	07	07-05-021	Установка блоков	07-05-021-02	100 шт	Установка цокольных блоков массой: свыше 1 до 2,5 т
ГЭСН	07	07-05-021	Установка блоков	07-05-021-03	100 шт	Установка цокольных блоков массой: свыше 2,5 т
ГЭСН	07	07-05-021	Установка блоков	07-05-021-04	100 шт	Установка блоков наружных стен массой: до 1 т
ГЭСН	07	07-05-021	Установка блоков	07-05-021-05	100 шт	Установка блоков наружных стен массой: свыше 1 до 2,5 т
ГЭСН	07	07-05-021	Установка блоков	07-05-021-06	100 шт	Установка блоков наружных стен массой: свыше 2,5 т
ГЭСН	07	07-05-021	Установка блоков	07-05-021-07	100 шт	Установка блоков внутренних стен массой: до 1 т
ГЭСН	07	07-05-021	Установка блоков	07-05-021-08	100 шт	Установка блоков внутренних стен массой: свыше 1 до 2,5 т
ГЭСН	07	07-05-021	Установка блоков	07-05-021-09	100 шт	Установка блоков внутренних стен массой: свыше 2,5 т
ГЭСН	07	07-05-021	Установка блоков	07-05-021-10	100 шт	Установка парапетных блоков массой: до 1 т
ГЭСН	07	07-05-021	Установка блоков	07-05-021-11	100 шт	Установка парапетных блоков массой: свыше 1 до 2,5 т
ГЭСН	07	07-05-021	Установка блоков	07-05-021-12	100 шт	Установка парапетных блоков массой: свыше 2,5 т
ГЭСН	07	07-05-021	Установка блоков	07-05-021-13	100 шт	Установка блоков перемычечных и подбалконных массой до 1 т
ГЭСН	07	07-05-021	Установка блоков	07-05-021-14	100 шт	Установка цокольных блоков на растворе из сухой смеси массой: до 1 т
ГЭСН	07	07-05-021	Установка блоков	07-05-021-15	100 шт	Установка цокольных блоков на растворе из сухой смеси массой: свыше 1 до 2,5 т
ГЭСН	07	07-05-021	Установка блоков	07-05-021-16	100 шт	Установка цокольных блоков на растворе из сухой смеси массой: свыше 2,5 т
ГЭСН	07	07-05-021	Установка блоков	07-05-021-17	100 шт	Установка блоков наружных стен на растворе из сухой смеси массой: до 1 т
ГЭСН	07	07-05-021	Установка блоков	07-05-021-18	100 шт	Установка блоков наружных стен на растворе из сухой смеси массой: свыше 1 до 2,5 т
ГЭСН	07	07-05-021	Установка блоков	07-05-021-19	100 шт	Установка блоков наружных стен на растворе из сухой смеси массой: свыше 2,5 т
ГЭСН	07	07-05-021	Установка блоков	07-05-021-20	100 шт	Установка блоков внутренних стен на растворе из сухой смеси массой: до 1 т
ГЭСН	07	07-05-021	Установка блоков	07-05-021-21	100 шт	Установка блоков внутренних стен на растворе из сухой смеси массой: свыше 1 до 2,5 т
ГЭСН	07	07-05-021	Установка блоков	07-05-021-22	100 шт	Установка блоков внутренних стен на растворе из сухой смеси массой: свыше 2,5 т
ГЭСН	07	07-05-021	Установка блоков	07-05-021-23	100 шт	Установка парапетных блоков на растворе из сухой смеси массой: до 1 т
ГЭСН	07	07-05-021	Установка блоков	07-05-021-24	100 шт	Установка парапетных блоков на растворе из сухой смеси массой: свыше 1 до 2,5 т
ГЭСН	07	07-05-021	Установка блоков	07-05-021-25	100 шт	Установка парапетных блоков на растворе из сухой смеси массой: свыше 2,5 т
ГЭСН	07	07-05-021	Установка блоков	07-05-021-26	100 шт	Установка блоков перемычечных и подбалконных на растворе из сухой смеси массой: до 1 т
ГЭСН	07	07-05-022	Установка панелей наружных стен	07-05-022-01	100 шт	Установка в цокольных зданиях панелей стеновых наружных площадью: до 12 м2
ГЭСН	07	07-05-022	Установка панелей наружных стен	07-05-022-02	100 шт	Установка в цокольных зданиях панелей стеновых наружных площадью: свыше 12 до 20 м2
ГЭСН	07	07-05-022	Установка панелей наружных стен	07-05-022-03	100 шт	Установка в бескаркасно-панельных зданиях (с разрезкой на этаж) панелей стеновых наружных площадью: до 6 м2
ГЭСН	07	07-05-022	Установка панелей наружных стен	07-05-022-04	100 шт	Установка в бескаркасно-панельных зданиях (с разрезкой на этаж) панелей стеновых наружных площадью: свыше 6 до 15 м2
ГЭСН	07	07-05-022	Установка панелей наружных стен	07-05-022-05	100 шт	Установка в бескаркасно-панельных зданиях (с разрезкой на этаж) панелей стеновых наружных площадью: свыше 15 до 25 м2
ГЭСН	07	07-05-022	Установка панелей наружных стен	07-05-022-06	100 шт	Установка в бескаркасно-панельных зданиях (с разрезкой поясной и пилонной) панелей стеновых наружных площадью: до 6 м2
ГЭСН	07	07-05-022	Установка панелей наружных стен	07-05-022-07	100 шт	Установка в бескаркасно-панельных зданиях (с разрезкой поясной и пилонной) панелей стеновых наружных площадью: свыше 6 до 15 м2
ГЭСН	07	07-05-022	Установка панелей наружных стен	07-05-022-08	100 шт	Установка в каркасно-панельных зданиях панелей стеновых наружных площадью: до 6 м2
ГЭСН	07	07-05-022	Установка панелей наружных стен	07-05-022-09	100 шт	Установка в каркасно-панельных зданиях панелей стеновых наружных площадью: свыше 6 до 10 м2
ГЭСН	07	07-05-022	Установка панелей наружных стен	07-05-022-10	100 шт	Установка в каркасно-панельных зданиях панелей стеновых наружных площадью: свыше 10 до 15 м2
ГЭСН	07	07-05-022	Установка панелей наружных стен	07-05-022-11	100 шт	Установка в цокольных зданиях панелей стеновых наружных на растворе из сухой смеси площадью: до 12 м2
ГЭСН	07	07-05-022	Установка панелей наружных стен	07-05-022-12	100 шт	Установка в цокольных зданиях панелей стеновых наружных на растворе из сухой смеси площадью: свыше 12 до 20 м2
ГЭСН	07	07-05-022	Установка панелей наружных стен	07-05-022-13	100 шт	Установка в бескаркасно-панельных зданиях (с разрезкой на этаж) панелей стеновых наружных на растворе из сухой смеси площадью: до 6 м2
ГЭСН	07	07-05-022	Установка панелей наружных стен	07-05-022-14	100 шт	Установка в бескаркасно-панельных зданиях (с разрезкой на этаж) панелей стеновых наружных на растворе из сухой смеси площадью: свыше 6 до 15 м2
ГЭСН	07	07-05-022	Установка панелей наружных стен	07-05-022-15	100 шт	Установка в бескаркасно-панельных зданиях (с разрезкой на этаж) панелей стеновых наружных на растворе из сухой смеси площадью: свыше 15 до 25 м2
ГЭСН	07	07-05-022	Установка панелей наружных стен	07-05-022-16	100 шт	Установка в бескаркасно-панельных зданиях (с разрезкой поясной и пилонной) панелей стеновых наружных на растворе из сухой смеси площадью: до 6 м2
ГЭСН	07	07-05-022	Установка панелей наружных стен	07-05-022-17	100 шт	Установка в бескаркасно-панельных зданиях (с разрезкой поясной и пилонной) панелей стеновых наружных на растворе из сухой смеси площадью: свыше 6 до 15 м2
ГЭСН	07	07-05-022	Установка панелей наружных стен	07-05-022-18	100 шт	Установка в каркасно-панельных зданиях панелей стеновых наружных на растворе из сухой смеси площадью: до 6 м2
ГЭСН	07	07-05-022	Установка панелей наружных стен	07-05-022-19	100 шт	Установка в каркасно-панельных зданиях панелей стеновых наружных на растворе из сухой смеси площадью: свыше 6 до 10 м2
ГЭСН	07	07-05-022	Установка панелей наружных стен	07-05-022-20	100 шт	Установка в каркасно-панельных зданиях панелей стеновых наружных на растворе из сухой смеси площадью: свыше 10 до 15 м2
ГЭСН	07	07-05-023	Установка стеновых панелей внутренних, диафрагм жесткости	07-05-023-01	100 шт	Установка стеновых панелей внутренних площадью: до 6 м2
ГЭСН	07	07-05-023	Установка стеновых панелей внутренних, диафрагм жесткости	07-05-023-02	100 шт	Установка стеновых панелей внутренних площадью: свыше 6 до 10 м2
ГЭСН	07	07-05-023	Установка стеновых панелей внутренних, диафрагм жесткости	07-05-023-03	100 шт	Установка стеновых панелей внутренних площадью: свыше 10 до 15 м2
ГЭСН	07	07-05-023	Установка стеновых панелей внутренних, диафрагм жесткости	07-05-023-04	100 шт	Установка стеновых панелей внутренних площадью: свыше 15 до 25 м2
ГЭСН	07	07-05-023	Установка стеновых панелей внутренних, диафрагм жесткости	07-05-023-05	100 шт	Установка диафрагм жесткости высотой: до 3,6 м, площадью до 10 м2
ГЭСН	07	07-05-023	Установка стеновых панелей внутренних, диафрагм жесткости	07-05-023-06	100 шт	Установка диафрагм жесткости высотой: до 3,6 м, площадью свыше 10 до 15 м2
ГЭСН	07	07-05-023	Установка стеновых панелей внутренних, диафрагм жесткости	07-05-023-07	100 шт	Установка диафрагм жесткости высотой: свыше 3,6 до 4,8 м, площадью до 10 м2
ГЭСН	07	07-05-023	Установка стеновых панелей внутренних, диафрагм жесткости	07-05-023-08	100 шт	Установка диафрагм жесткости высотой: свыше 3,6 до 4,8 м, площадью свыше 10 до 15 м2
ГЭСН	07	07-05-023	Установка стеновых панелей внутренних, диафрагм жесткости	07-05-023-09	100 шт	Установка диафрагм жесткости высотой: свыше 3,6 до 4,8 м, площадью свыше 15 до 25 м2
ГЭСН	07	07-05-023	Установка стеновых панелей внутренних, диафрагм жесткости	07-05-023-10	100 шт	Установка на растворе из сухой смеси внутренних стеновых панелей площадью: до 6 м2
ГЭСН	07	07-05-023	Установка стеновых панелей внутренних, диафрагм жесткости	07-05-023-11	100 шт	Установка на растворе из сухой смеси внутренних стеновых панелей площадью: свыше 6 до 10 м2
ГЭСН	07	07-05-023	Установка стеновых панелей внутренних, диафрагм жесткости	07-05-023-12	100 шт	Установка на растворе из сухой смеси внутренних стеновых панелей площадью: свыше 10 до 15 м2
ГЭСН	07	07-05-023	Установка стеновых панелей внутренних, диафрагм жесткости	07-05-023-13	100 шт	Установка на растворе из сухой смеси внутренних стеновых панелей площадью: свыше 15 до 25 м2
ГЭСН	07	07-05-023	Установка стеновых панелей внутренних, диафрагм жесткости	07-05-023-14	100 шт	Установка на растворе из сухой смеси диафрагм жесткости высотой: до 3,6 м, площадью до 10 м2
ГЭСН	07	07-05-023	Установка стеновых панелей внутренних, диафрагм жесткости	07-05-023-15	100 шт	Установка на растворе из сухой смеси диафрагм жесткости высотой: до 3,6 м, площадью свыше 10 до 15 м2
ГЭСН	07	07-05-023	Установка стеновых панелей внутренних, диафрагм жесткости	07-05-023-16	100 шт	Установка на растворе из сухой смеси диафрагм жесткости высотой: свыше 3,6 до 4,8 м, площадью до 10 м2
ГЭСН	07	07-05-023	Установка стеновых панелей внутренних, диафрагм жесткости	07-05-023-17	100 шт	Установка на растворе из сухой смеси диафрагм жесткости высотой: свыше 3,6 до 4,8 м, площадью свыше 10 до 15 м2
ГЭСН	07	07-05-023	Установка стеновых панелей внутренних, диафрагм жесткости	07-05-023-18	100 шт	Установка на растворе из сухой смеси диафрагм жесткости высотой: свыше 3,6 до 4,8 м, площадью свыше 15 до 25 м2
ГЭСН	07	07-05-024	Установка крупнопанельных перегородок	07-05-024-01	100 шт	Установка перегородок крупнопанельных: железобетонных площадью до 6 м2
ГЭСН	07	07-05-024	Установка крупнопанельных перегородок	07-05-024-02	100 шт	Установка перегородок крупнопанельных: железобетонных площадью свыше 6 до 10 м2
ГЭСН	07	07-05-024	Установка крупнопанельных перегородок	07-05-024-03	100 шт	Установка перегородок крупнопанельных: гипсобетонных площадью до 6 м2
ГЭСН	07	07-05-024	Установка крупнопанельных перегородок	07-05-024-04	100 шт	Установка перегородок крупнопанельных: гипсобетонных площадью свыше 6 до 10 м2
ГЭСН	07	07-05-024	Установка крупнопанельных перегородок	07-05-024-05	100 шт	Установка перегородок крупнопанельных: гипсобетонных площадью свыше 10 до 15 м2
ГЭСН	07	07-05-024	Установка крупнопанельных перегородок	07-05-024-06	100 шт	Установка на растворе из сухой смеси перегородок крупнопанельных: железобетонных площадью до 6 м2
ГЭСН	07	07-05-024	Установка крупнопанельных перегородок	07-05-024-07	100 шт	Установка на растворе из сухой смеси перегородок крупнопанельных: железобетонных площадью свыше 6 до 10 м2
ГЭСН	07	07-05-024	Установка крупнопанельных перегородок	07-05-024-08	100 шт	Установка на растворе из сухой смеси перегородок крупнопанельных: гипсобетонных площадью до 6 м2
ГЭСН	07	07-05-024	Установка крупнопанельных перегородок	07-05-024-09	100 шт	Установка на растворе из сухой смеси перегородок крупнопанельных: гипсобетонных площадью свыше 6 до 10 м2
ГЭСН	07	07-05-024	Установка крупнопанельных перегородок	07-05-024-10	100 шт	Установка на растворе из сухой смеси перегородок крупнопанельных: гипсобетонных площадью свыше 10 до 15 м2
ГЭСН	07	07-05-025	Установка в сборно-монолитных зданиях наружных однослойных стеновых панелей	07-05-025-01	100 шт	Установка в сборно-монолитных зданиях наружных однослойных стеновых панелей: толщиной 120 мм, площадью до 15 м2
ГЭСН	07	07-05-025	Установка в сборно-монолитных зданиях наружных однослойных стеновых панелей	07-05-025-02	100 шт	Установка в сборно-монолитных зданиях наружных однослойных стеновых панелей: толщиной более 120 до 230 мм, площадью до 15 м2
ГЭСН	07	07-05-025	Установка в сборно-монолитных зданиях наружных однослойных стеновых панелей	07-05-025-03	100 шт	Установка в сборно-монолитных зданиях наружных однослойных стеновых панелей: толщиной более 120 до 230 мм, площадью до 25 м2
ГЭСН	07	07-05-025	Установка в сборно-монолитных зданиях наружных однослойных стеновых панелей	07-05-025-04	100 шт	Установка в сборно-монолитных зданиях наружных однослойных стеновых панелей: толщиной 120 мм, площадью до 15 м2, с помощью выкатной захват-траверсы
ГЭСН	07	07-05-026	Установка в сборно-монолитных зданиях наружных навесных стеновых панелей	07-05-026-01	100 шт	Установка в сборно-монолитных зданиях наружных навесных стеновых панелей площадью: до 12 м2
ГЭСН	07	07-05-026	Установка в сборно-монолитных зданиях наружных навесных стеновых панелей	07-05-026-02	100 шт	Установка в сборно-монолитных зданиях наружных навесных стеновых панелей площадью: до 18 м2
ГЭСН	07	07-05-026	Установка в сборно-монолитных зданиях наружных навесных стеновых панелей	07-05-026-03	100 шт	Установка в сборно-монолитных зданиях наружных навесных стеновых панелей площадью: до 25 м2
ГЭСН	07	07-05-030	Установка плит лоджий, балконов и козырьков, разделительных стенок, экранов ограждений, плит парапета и мелких конструкций	07-05-030-01	100 шт	Установка в панельных зданиях плит лоджий площадью: до 5 м2
ГЭСН	07	07-05-030	Установка плит лоджий, балконов и козырьков, разделительных стенок, экранов ограждений, плит парапета и мелких конструкций	07-05-030-02	100 шт	Установка в панельных зданиях плит лоджий площадью: свыше 5 до 10 м2
ГЭСН	07	07-05-030	Установка плит лоджий, балконов и козырьков, разделительных стенок, экранов ограждений, плит парапета и мелких конструкций	07-05-030-03	100 шт	Установка в кирпичных и блочных зданиях плит лоджий площадью: до 5 м2
ГЭСН	07	07-05-030	Установка плит лоджий, балконов и козырьков, разделительных стенок, экранов ограждений, плит парапета и мелких конструкций	07-05-030-04	100 шт	Установка в кирпичных и блочных зданиях плит лоджий площадью: свыше 5 до 10 м2
ГЭСН	07	07-05-030	Установка плит лоджий, балконов и козырьков, разделительных стенок, экранов ограждений, плит парапета и мелких конструкций	07-05-030-05	100 шт	Установка плит балконов и козырьков площадью до 5 м2 в зданиях: панельных
ГЭСН	07	07-05-030	Установка плит лоджий, балконов и козырьков, разделительных стенок, экранов ограждений, плит парапета и мелких конструкций	07-05-030-06	100 шт	Установка плит балконов и козырьков площадью до 5 м2 в зданиях: кирпичных и блочных
ГЭСН	07	07-05-030	Установка плит лоджий, балконов и козырьков, разделительных стенок, экранов ограждений, плит парапета и мелких конструкций	07-05-030-07	100 шт	Установка разделительных стенок площадью до 5 м2
ГЭСН	07	07-05-030	Установка плит лоджий, балконов и козырьков, разделительных стенок, экранов ограждений, плит парапета и мелких конструкций	07-05-030-08	100 шт	Установка экранов ограждений площадью до 10 м2
ГЭСН	07	07-05-030	Установка плит лоджий, балконов и козырьков, разделительных стенок, экранов ограждений, плит парапета и мелких конструкций	07-05-030-09	100 шт	Установка плит парапета массой: до 0,5 т
ГЭСН	07	07-05-030	Установка плит лоджий, балконов и козырьков, разделительных стенок, экранов ограждений, плит парапета и мелких конструкций	07-05-030-10	100 шт	Установка плит парапета массой: свыше 0,5 т
ГЭСН	07	07-05-030	Установка плит лоджий, балконов и козырьков, разделительных стенок, экранов ограждений, плит парапета и мелких конструкций	07-05-030-11	100 шт	Установка мелких конструкций (подоконников, сливов, парапетов и др.) массой до 0,5 т
ГЭСН	07	07-05-030	Установка плит лоджий, балконов и козырьков, разделительных стенок, экранов ограждений, плит парапета и мелких конструкций	07-05-030-12	100 шт	Установка в панельных зданиях на растворе из сухой смеси плит лоджий площадью: до 5 м2
ГЭСН	07	07-05-030	Установка плит лоджий, балконов и козырьков, разделительных стенок, экранов ограждений, плит парапета и мелких конструкций	07-05-030-13	100 шт	Установка в панельных зданиях на растворе из сухой смеси плит лоджий площадью: свыше 5 до 10 м2
ГЭСН	07	07-05-030	Установка плит лоджий, балконов и козырьков, разделительных стенок, экранов ограждений, плит парапета и мелких конструкций	07-05-030-14	100 шт	Установка в кирпичных и блочных зданиях на растворе из сухой смеси плит лоджий площадью: до 5 м2
ГЭСН	07	07-05-030	Установка плит лоджий, балконов и козырьков, разделительных стенок, экранов ограждений, плит парапета и мелких конструкций	07-05-030-15	100 шт	Установка в кирпичных и блочных зданиях на растворе из сухой смеси плит лоджий площадью: свыше 5 до 10 м2
ГЭСН	07	07-05-030	Установка плит лоджий, балконов и козырьков, разделительных стенок, экранов ограждений, плит парапета и мелких конструкций	07-05-030-16	100 шт	Установка на растворе из сухой смеси плит балконов и козырьков площадью до 5 м2 в зданиях: панельных
ГЭСН	07	07-05-030	Установка плит лоджий, балконов и козырьков, разделительных стенок, экранов ограждений, плит парапета и мелких конструкций	07-05-030-17	100 шт	Установка на растворе из сухой смеси плит балконов и козырьков площадью до 5 м2 в зданиях: кирпичных и блочных
ГЭСН	07	07-05-030	Установка плит лоджий, балконов и козырьков, разделительных стенок, экранов ограждений, плит парапета и мелких конструкций	07-05-030-18	100 шт	Установка на растворе из сухой смеси разделительных стенок площадью: до 5 м2
ГЭСН	07	07-05-030	Установка плит лоджий, балконов и козырьков, разделительных стенок, экранов ограждений, плит парапета и мелких конструкций	07-05-030-19	100 шт	Установка на растворе из сухой смеси экранов ограждений площадью: до 10 м2
ГЭСН	07	07-05-030	Установка плит лоджий, балконов и козырьков, разделительных стенок, экранов ограждений, плит парапета и мелких конструкций	07-05-030-20	100 шт	Установка на растворе из сухой смеси плит парапета массой: до 0,5 т
ГЭСН	07	07-05-030	Установка плит лоджий, балконов и козырьков, разделительных стенок, экранов ограждений, плит парапета и мелких конструкций	07-05-030-21	100 шт	Установка на растворе из сухой смеси плит парапета массой: свыше 0,5 т
ГЭСН	07	07-05-030	Установка плит лоджий, балконов и козырьков, разделительных стенок, экранов ограждений, плит парапета и мелких конструкций	07-05-030-22	100 шт	Установка на растворе из сухой смеси мелких конструкций (подоконников, сливов, парапетов и др.) массой: до 0,5 т
ГЭСН	07	07-05-034	Установка объемных блоков	07-05-034-01	100 шт	Установка объемных: рядовых блоков в зданиях при числе этажей до 5
ГЭСН	07	07-05-034	Установка объемных блоков	07-05-034-02	100 шт	Установка объемных: лестничных блоков в зданиях при числе этажей до 5
ГЭСН	07	07-05-034	Установка объемных блоков	07-05-034-03	100 шт	Установка объемных: рядовых блоков в зданиях при числе этажей 9-12
ГЭСН	07	07-05-034	Установка объемных блоков	07-05-034-04	100 шт	Установка объемных: лестничных блоков в зданиях при числе этажей 9-12
ГЭСН	07	07-05-035	Установка сантехкабин, сантехнических поддонов, шахт лифта, вентиляционных блоков, присоединение и испытание трубопроводов и электропроводок сантехкабин	07-05-035-01	100 шт	Установка сантехкабин
ГЭСН	07	07-05-035	Установка сантехкабин, сантехнических поддонов, шахт лифта, вентиляционных блоков, присоединение и испытание трубопроводов и электропроводок сантехкабин	07-05-035-02	100 шт	Установка сантехподдонов
ГЭСН	07	07-05-035	Установка сантехкабин, сантехнических поддонов, шахт лифта, вентиляционных блоков, присоединение и испытание трубопроводов и электропроводок сантехкабин	07-05-035-03	100 шт	Установка шахт лифта массой: до 2,5 т
ГЭСН	07	07-05-035	Установка сантехкабин, сантехнических поддонов, шахт лифта, вентиляционных блоков, присоединение и испытание трубопроводов и электропроводок сантехкабин	07-05-035-04	100 шт	Установка шахт лифта массой: свыше 2,5 т
ГЭСН	07	07-05-035	Установка сантехкабин, сантехнических поддонов, шахт лифта, вентиляционных блоков, присоединение и испытание трубопроводов и электропроводок сантехкабин	07-05-035-05	100 шт	Установка вентиляционных блоков массой: до 1 т
ГЭСН	07	07-05-035	Установка сантехкабин, сантехнических поддонов, шахт лифта, вентиляционных блоков, присоединение и испытание трубопроводов и электропроводок сантехкабин	07-05-035-06	100 шт	Установка вентиляционных блоков массой: свыше 1 до 2,5 т
ГЭСН	07	07-05-035	Установка сантехкабин, сантехнических поддонов, шахт лифта, вентиляционных блоков, присоединение и испытание трубопроводов и электропроводок сантехкабин	07-05-035-07	100 шт	Установка вентиляционных блоков массой: свыше 2,5 т
ГЭСН	07	07-05-035	Установка сантехкабин, сантехнических поддонов, шахт лифта, вентиляционных блоков, присоединение и испытание трубопроводов и электропроводок сантехкабин	07-05-035-08	100 шт	Присоединение и испытание: трубопроводов в отопительных панелях
ГЭСН	07	07-05-035	Установка сантехкабин, сантехнических поддонов, шахт лифта, вентиляционных блоков, присоединение и испытание трубопроводов и электропроводок сантехкабин	07-05-035-09	100 шт	Присоединение и испытание: трубопроводов в сантехкабинах и блоках
ГЭСН	07	07-05-035	Установка сантехкабин, сантехнических поддонов, шахт лифта, вентиляционных блоков, присоединение и испытание трубопроводов и электропроводок сантехкабин	07-05-035-10	100 шт	Присоединение и испытание: электропроводок сантехкабин
ГЭСН	07	07-05-035	Установка сантехкабин, сантехнических поддонов, шахт лифта, вентиляционных блоков, присоединение и испытание трубопроводов и электропроводок сантехкабин	07-05-035-11	100 шт	Установка на растворе из сухой смеси: сантехподдонов
ГЭСН	07	07-05-035	Установка сантехкабин, сантехнических поддонов, шахт лифта, вентиляционных блоков, присоединение и испытание трубопроводов и электропроводок сантехкабин	07-05-035-12	100 шт	Установка на растворе из сухой смеси шахт лифта массой: до 2,5 т
ГЭСН	07	07-05-035	Установка сантехкабин, сантехнических поддонов, шахт лифта, вентиляционных блоков, присоединение и испытание трубопроводов и электропроводок сантехкабин	07-05-035-13	100 шт	Установка на растворе из сухой смеси шахт лифта массой: свыше 2,5 т
ГЭСН	07	07-05-035	Установка сантехкабин, сантехнических поддонов, шахт лифта, вентиляционных блоков, присоединение и испытание трубопроводов и электропроводок сантехкабин	07-05-035-14	100 шт	Установка на растворе из сухой смеси вентиляционных блоков массой: до 1 т
ГЭСН	07	07-05-035	Установка сантехкабин, сантехнических поддонов, шахт лифта, вентиляционных блоков, присоединение и испытание трубопроводов и электропроводок сантехкабин	07-05-035-15	100 шт	Установка на растворе из сухой смеси вентиляционных блоков массой: свыше 1 до 2,5 т
ГЭСН	07	07-05-035	Установка сантехкабин, сантехнических поддонов, шахт лифта, вентиляционных блоков, присоединение и испытание трубопроводов и электропроводок сантехкабин	07-05-035-16	100 шт	Установка на растворе из сухой смеси вентиляционных блоков массой: свыше 2,5 т
ГЭСН	07	07-05-036	Монтаж быстровозводимых зданий и сооружений	07-05-036-01	100 шт	Установка железобетонных объемных блоков модульных зданий при числе этажей до 3, масса блока до 20 т
ГЭСН	07	07-05-036	Монтаж быстровозводимых зданий и сооружений	07-05-036-02	100 шт	Установка железобетонных панелей пола первого этажа, масса панели до 20 т
ГЭСН	07	07-05-037	Монтаж железобетонных блоков инженерных коммуникаций	07-05-037-01	100 шт	Монтаж стартовых блоков инженерных коммуникаций
ГЭСН	07	07-05-037	Монтаж железобетонных блоков инженерных коммуникаций	07-05-037-02	100 шт	Монтаж рядовых блоков инженерных коммуникаций массой: 1 т
ГЭСН	07	07-05-037	Монтаж железобетонных блоков инженерных коммуникаций	07-05-037-03	100 шт	Монтаж рядовых блоков инженерных коммуникаций массой: 3 т
ГЭСН	07	07-05-037	Монтаж железобетонных блоков инженерных коммуникаций	07-05-037-04	100 отверстий	Установка соединительных фитингов при монтаже блоков инженерных коммуникаций
ГЭСН	07	07-05-038	Устройство деформационных вертикальных швов в здании	07-05-038-01	100 м	Устройство деформационных вертикальных швов в зданиях: крупнопанельных
ГЭСН	07	07-05-038	Устройство деформационных вертикальных швов в здании	07-05-038-02	100 м	Устройство деформационных вертикальных швов в зданиях: кирпичных и крупноблочных
ГЭСН	07	07-05-039	Устройство герметизации стыков наружных стеновых панелей и расшивка швов стеновых панелей и панелей перекрытий	07-05-039-01	100 м	Устройство герметизации горизонтальных и вертикальных стыков стеновых панелей прокладками на клее в один ряд
ГЭСН	07	07-05-039	Устройство герметизации стыков наружных стеновых панелей и расшивка швов стеновых панелей и панелей перекрытий	07-05-039-02	100 м	Устройство герметизации стеновых панелей: минераловатными пакетами, стык горизонтальный
ГЭСН	07	07-05-039	Устройство герметизации стыков наружных стеновых панелей и расшивка швов стеновых панелей и панелей перекрытий	07-05-039-03	100 м	Устройство герметизации стеновых панелей: минераловатными пакетами, стык вертикальный
ГЭСН	07	07-05-039	Устройство герметизации стыков наружных стеновых панелей и расшивка швов стеновых панелей и панелей перекрытий	07-05-039-04	100 м	Устройство герметизации стеновых панелей: пенополистиролом, стык горизонтальный
ГЭСН	07	07-05-039	Устройство герметизации стыков наружных стеновых панелей и расшивка швов стеновых панелей и панелей перекрытий	07-05-039-05	100 м	Устройство герметизации стеновых панелей: пенополистиролом, стык вертикальный
ГЭСН	07	07-05-039	Устройство герметизации стыков наружных стеновых панелей и расшивка швов стеновых панелей и панелей перекрытий	07-05-039-06	100 м	Устройство герметизации горизонтальных и вертикальных стыков стеновых панелей мастикой: вулканизирующейся тиоколовой
ГЭСН	07	07-05-039	Устройство герметизации стыков наружных стеновых панелей и расшивка швов стеновых панелей и панелей перекрытий	07-05-039-07	100 м	Устройство герметизации горизонтальных и вертикальных стыков стеновых панелей мастикой: герметизирующей нетвердеющей
ГЭСН	07	07-05-039	Устройство герметизации стыков наружных стеновых панелей и расшивка швов стеновых панелей и панелей перекрытий	07-05-039-08	100 м	Устройство герметизации коробок окон и балконных дверей мастикой: вулканизирующейся тиоколовой
ГЭСН	07	07-05-039	Устройство герметизации стыков наружных стеновых панелей и расшивка швов стеновых панелей и панелей перекрытий	07-05-039-09	100 м	Устройство герметизации коробок окон и балконных дверей мастикой: герметизирующей нетвердеющей
ГЭСН	07	07-05-039	Устройство герметизации стыков наружных стеновых панелей и расшивка швов стеновых панелей и панелей перекрытий	07-05-039-10	100 м	Устройство вертикального стыка: водоотбойной ленты
ГЭСН	07	07-05-039	Устройство герметизации стыков наружных стеновых панелей и расшивка швов стеновых панелей и панелей перекрытий	07-05-039-11	100 м	Устройство вертикального стыка: водоотводящего фартука
ГЭСН	07	07-05-039	Устройство герметизации стыков наружных стеновых панелей и расшивка швов стеновых панелей и панелей перекрытий	07-05-039-12	100 м	Устройство солнцезащиты: полимерцементным составом
ГЭСН	07	07-05-039	Устройство герметизации стыков наружных стеновых панелей и расшивка швов стеновых панелей и панелей перекрытий	07-05-039-13	100 м	Устройство солнцезащиты: красками ПХВ (бутадионстирольными или кумаронокаучуковыми)
ГЭСН	07	07-05-039	Устройство герметизации стыков наружных стеновых панелей и расшивка швов стеновых панелей и панелей перекрытий	07-05-039-14	100 м	Устройство чеканки и расшивки швов цокольных панелей с внутренней стороны раствором
ГЭСН	07	07-05-039	Устройство герметизации стыков наружных стеновых панелей и расшивка швов стеновых панелей и панелей перекрытий	07-05-039-15	100 м	Устройство промазки и расшивки швов панелей перекрытий раствором снизу
ГЭСН	07	07-05-039	Устройство герметизации стыков наружных стеновых панелей и расшивка швов стеновых панелей и панелей перекрытий	07-05-039-16	100 м	Изоляция шахт лифтов: паклей просмоленной
ГЭСН	07	07-05-039	Устройство герметизации стыков наружных стеновых панелей и расшивка швов стеновых панелей и панелей перекрытий	07-05-039-17	100 м	Изоляция шахт лифтов: прокладками ПРП в 2 слоя
ГЭСН	07	07-05-039	Устройство герметизации стыков наружных стеновых панелей и расшивка швов стеновых панелей и панелей перекрытий	07-05-039-18	100 м	Уплотнение стыков прокладками ПРП в 1 ряд в стенах, оконных, дверных и балконных блоках: насухо
ГЭСН	07	07-05-039	Устройство герметизации стыков наружных стеновых панелей и расшивка швов стеновых панелей и панелей перекрытий	07-05-039-19	100 м	Уплотнение стыков прокладками ПРП в 1 ряд в стенах, оконных, дверных и балконных блоках: на мастике
ГЭСН	07	07-05-039	Устройство герметизации стыков наружных стеновых панелей и расшивка швов стеновых панелей и панелей перекрытий	07-05-039-20	100 м	Укладка утеплителя (теплоизоляционного материала в виде жгутов круглого сечения) на мастике с приготовлением грунтовки вручную
ГЭСН	07	07-05-039	Устройство герметизации стыков наружных стеновых панелей и расшивка швов стеновых панелей и панелей перекрытий	07-05-039-21	100 м	Устройство стыков, облицованных полиэтиленовыми полосами: на горизонтальной поверхности
ГЭСН	07	07-05-039	Устройство герметизации стыков наружных стеновых панелей и расшивка швов стеновых панелей и панелей перекрытий	07-05-039-22	100 м	Устройство стыков, облицованных полиэтиленовыми полосами: на вертикальной поверхности
ГЭСН	07	07-05-039	Устройство герметизации стыков наружных стеновых панелей и расшивка швов стеновых панелей и панелей перекрытий	07-05-039-23	100 м	Устройство стыков, облицованных полиэтиленовыми полосами: на потолочной поверхности
ГЭСН	07	07-05-039	Устройство герметизации стыков наружных стеновых панелей и расшивка швов стеновых панелей и панелей перекрытий	07-05-039-24	100 м	Устройство герметизации горизонтальных и вертикальных стыков панелей наружных стен воздухозащитной самоклеящейся гидроизоляционной лентой
ГЭСН	07	07-05-040	Устройство теплоизоляции стыков наружных стеновых панелей раствором из теплозвукоизолирующей смеси	07-05-040-01	100 м	Устройство теплоизоляции стыков наружных стеновых панелей раствором из теплозвукоизолирующей смеси: вертикальных
ГЭСН	07	07-05-040	Устройство теплоизоляции стыков наружных стеновых панелей раствором из теплозвукоизолирующей смеси	07-05-040-02	100 м	Устройство теплоизоляции стыков наружных стеновых панелей раствором из теплозвукоизолирующей смеси: горизонтальных
ГЭСН	07	07-05-045	Установка панелей перекрытий и покрытий	07-05-045-01	100 шт	Установка панелей перекрытий с опиранием: по контуру площадью до 15 м2
ГЭСН	07	07-05-045	Установка панелей перекрытий и покрытий	07-05-045-02	100 шт	Установка панелей перекрытий с опиранием: по контуру площадью свыше 15 до 20 м2
ГЭСН	07	07-05-045	Установка панелей перекрытий и покрытий	07-05-045-03	100 шт	Установка панелей перекрытий с опиранием: по контуру площадью свыше 20 до 25 м2
ГЭСН	07	07-05-045	Установка панелей перекрытий и покрытий	07-05-045-04	100 шт	Установка панелей перекрытий с опиранием: на две стороны площадью до 5 м2
ГЭСН	07	07-05-045	Установка панелей перекрытий и покрытий	07-05-045-05	100 шт	Установка панелей перекрытий с опиранием: на две стороны площадью свыше 5 до 10 м2
ГЭСН	07	07-05-045	Установка панелей перекрытий и покрытий	07-05-045-06	100 шт	Установка панелей покрытий ребристых площадью: до 5 м2
ГЭСН	07	07-05-045	Установка панелей перекрытий и покрытий	07-05-045-07	100 шт	Установка панелей покрытий ребристых площадью: свыше 5 до 10 м2
ГЭСН	07	07-05-046	Установка стеновых панелей	07-05-046-01	100 шт	Установка в бескаркасно-панельных зданиях (с разрезкой на этаж) панелей стеновых наружных площадью: до 6 м2
ГЭСН	07	07-05-046	Установка стеновых панелей	07-05-046-02	100 шт	Установка в бескаркасно-панельных зданиях (с разрезкой на этаж) панелей стеновых наружных площадью: до 15 м2
ГЭСН	07	07-05-046	Установка стеновых панелей	07-05-046-03	100 шт	Установка в бескаркасно-панельных зданиях (с разрезкой на этаж) панелей стеновых наружных площадью: до 20 м2
ГЭСН	07	07-05-046	Установка стеновых панелей	07-05-046-04	100 шт	Установка в каркасно-панельных зданиях панелей стеновых наружных площадью: до 6 м2
ГЭСН	07	07-05-046	Установка стеновых панелей	07-05-046-05	100 шт	Установка в каркасно-панельных зданиях панелей стеновых наружных площадью: до 10 м2
ГЭСН	07	07-05-046	Установка стеновых панелей	07-05-046-06	100 шт	Установка в каркасно-панельных зданиях панелей стеновых наружных площадью: до 15 м2
ГЭСН	07	07-05-046	Установка стеновых панелей	07-05-046-07	100 шт	Установка панелей стеновых внутренних площадью: до 10 м2
ГЭСН	07	07-05-046	Установка стеновых панелей	07-05-046-08	100 шт	Установка панелей стеновых внутренних площадью: до 15 м2
ГЭСН	08	08-01-001	Устройство фундаментов, кладка стен	08-01-001-01	м3	Устройство из бутового камня фундаментов с применением мастики горячей: ленточных
ГЭСН	08	08-01-001	Устройство фундаментов, кладка стен	08-01-001-02	м3	Устройство из бутового камня фундаментов: столбовых
ГЭСН	08	08-01-001	Устройство фундаментов, кладка стен	08-01-001-03	м3	Устройство из бутового камня фундаментов: массивов шириной более 2 м
ГЭСН	08	08-01-001	Устройство фундаментов, кладка стен	08-01-001-04	м3	Кладка стен из бутового камня без облицовки с применением мастики горячей: при высоте этажа до 4 м
ГЭСН	08	08-01-001	Устройство фундаментов, кладка стен	08-01-001-05	м3	Кладка стен из бутового камня без облицовки с применением мастики горячей: при высоте этажа свыше 4 м
ГЭСН	08	08-01-001	Устройство фундаментов, кладка стен	08-01-001-06	м3	Кладка стен из бутового камня с облицовкой кирпичом с применением мастики горячей: только проемов при высоте этажа до 4 м
ГЭСН	08	08-01-001	Устройство фундаментов, кладка стен	08-01-001-07	м3	Кладка стен из бутового камня с облицовкой кирпичом с применением мастики горячей: только проемов при высоте этажа свыше 4 м
ГЭСН	08	08-01-001	Устройство фундаментов, кладка стен	08-01-001-08	м3	Кладка стен из бутового камня с облицовкой кирпичом с применением мастики горячей: с одной стороны и проемов при высоте этажа до 4 м
ГЭСН	08	08-01-001	Устройство фундаментов, кладка стен	08-01-001-09	м3	Кладка стен из бутового камня с облицовкой кирпичом с применением мастики горячей: с одной стороны и проемов при высоте этажа свыше 4 м
ГЭСН	08	08-01-001	Устройство фундаментов, кладка стен	08-01-001-10	м3	Устройство из бутового камня фундаментов с применением мастики холодной: ленточных
ГЭСН	08	08-01-001	Устройство фундаментов, кладка стен	08-01-001-11	м3	Кладка стен из бутового камня без облицовки с применением мастики холодной: при высоте этажа до 4 м
ГЭСН	08	08-01-001	Устройство фундаментов, кладка стен	08-01-001-12	м3	Кладка стен из бутового камня без облицовки с применением мастики холодной: при высоте этажа свыше 4 м
ГЭСН	08	08-01-001	Устройство фундаментов, кладка стен	08-01-001-13	м3	Кладка стен из бутового камня с облицовкой кирпичом с применением мастики холодной: только проемов при высоте этажа до 4 м
ГЭСН	08	08-01-001	Устройство фундаментов, кладка стен	08-01-001-14	м3	Кладка стен из бутового камня с облицовкой кирпичом с применением мастики холодной: только проемов при высоте этажа свыше 4 м
ГЭСН	08	08-01-001	Устройство фундаментов, кладка стен	08-01-001-15	м3	Кладка стен из бутового камня с облицовкой кирпичом с применением мастики холодной: с одной стороны и проемов при высоте этажа до 4 м
ГЭСН	08	08-01-001	Устройство фундаментов, кладка стен	08-01-001-16	м3	Кладка стен из бутового камня с облицовкой кирпичом с применением мастики холодной: с одной стороны и проемов при высоте этажа свыше 4 м
ГЭСН	08	08-01-002	Устройство основания под фундаменты	08-01-002-01	м3	Устройство основания под фундаменты: песчаного
ГЭСН	08	08-01-002	Устройство основания под фундаменты	08-01-002-02	м3	Устройство основания под фундаменты: щебеночного
ГЭСН	08	08-01-002	Устройство основания под фундаменты	08-01-002-03	м3	Устройство основания под фундаменты: гравийного
ГЭСН	08	08-01-003	Гидроизоляция стен, фундаментов	08-01-003-01	100 м2	Гидроизоляция стен, фундаментов: горизонтальная цементная с жидким стеклом
ГЭСН	08	08-01-003	Гидроизоляция стен, фундаментов	08-01-003-02	100 м2	Гидроизоляция стен, фундаментов: горизонтальная оклеечная в 1 слой
ГЭСН	08	08-01-003	Гидроизоляция стен, фундаментов	08-01-003-03	100 м2	Гидроизоляция стен, фундаментов: горизонтальная оклеечная в 2 слоя
ГЭСН	08	08-01-003	Гидроизоляция стен, фундаментов	08-01-003-04	100 м2	Гидроизоляция стен, фундаментов: боковая цементная с жидким стеклом
ГЭСН	08	08-01-003	Гидроизоляция стен, фундаментов	08-01-003-05	100 м2	Гидроизоляция стен, фундаментов: боковая оклеечная по выровненной поверхности бутовой кладки, кирпичу и бетону в 2 слоя
ГЭСН	08	08-01-003	Гидроизоляция стен, фундаментов	08-01-003-06	100 м2	На каждый слой сверх 2-х добавлять к норме 08-01-003-05
ГЭСН	08	08-01-003	Гидроизоляция стен, фундаментов	08-01-003-07	100 м2	Гидроизоляция боковая обмазочная битумная в 2 слоя по выровненной поверхности бутовой кладки, кирпичу, бетону
ГЭСН	08	08-01-003	Гидроизоляция стен, фундаментов	08-01-003-08	100 м2	Выравнивание поверхности бутовой кладки раствором
ГЭСН	08	08-01-003	Гидроизоляция стен, фундаментов	08-01-003-09	100 м2	Огрунтовка поверхности полимерной мастикой на основе бутилкаучука
ГЭСН	08	08-01-003	Гидроизоляция стен, фундаментов	08-01-003-10	100 м2	Гидроизоляция боковая обмазочная полимерной мастикой на основе бутилкаучука в один слой
ГЭСН	08	08-01-003	Гидроизоляция стен, фундаментов	08-01-003-11	100 м2	Гидроизоляция бетонных и оштукатуренных поверхностей с применением гидроизоляционной проникающей сухой смеси
ГЭСН	08	08-01-003	Гидроизоляция стен, фундаментов	08-01-003-12	100 м	Гидроизоляция швов, стыков, сопряжений бетонных и железобетонных конструкций с применением мелкозернистой гидроизоляционной сухой смеси
ГЭСН	08	08-01-004	Боковая изоляция стен, фундаментов глиной	08-01-004-01	м3	Боковая изоляция стен, фундаментов глиной
ГЭСН	08	08-01-005	Устройство боковой обмазочной изоляции стен, фундаментов из сухих смесей	08-01-005-01	100 м2	Устройство боковой обмазочной изоляции стен, фундаментов ручным способом из сухих смесей: толщиной слоя 2 мм
ГЭСН	08	08-01-005	Устройство боковой обмазочной изоляции стен, фундаментов из сухих смесей	08-01-005-02	100 м2	Устройство боковой обмазочной изоляции стен, фундаментов ручным способом из сухих смесей: толщиной слоя 3 мм, усиленной армирующей сеткой
ГЭСН	08	08-01-005	Устройство боковой обмазочной изоляции стен, фундаментов из сухих смесей	08-01-005-03	100 м2	При изменении толщины покрытия на 0,5 мм добавлять к нормам 08-01-005-01, 08-01-005-02
ГЭСН	08	08-01-006	Устройство штукатурной гидроизоляции механизированным способом из сухих смесей	08-01-006-01	100 м2	Устройство штукатурной гидроизоляции механизированным способом из сухих смесей: толщиной слоя 10 мм
ГЭСН	08	08-01-006	Устройство штукатурной гидроизоляции механизированным способом из сухих смесей	08-01-006-02	100 м2	При изменении толщины покрытия на 5 мм добавлять к норме 08-01-006-01
ГЭСН	08	08-01-007	Устройство прокладочной гидроизоляции фундаментов рулонными материалами в один слой насухо	08-01-007-01	100 м2	Устройство прокладочной гидроизоляции фундаментов рулонными материалами в один слой насухо
ГЭСН	08	08-01-008	Устройство гидроизоляции стен, фундаментов с применением рулонных гидроизоляционных битумно-полимерных СБС-модифицированных материалов	08-01-008-01	100 м	Укладка ленты бандажной рулонной
ГЭСН	08	08-01-008	Устройство гидроизоляции стен, фундаментов с применением рулонных гидроизоляционных битумно-полимерных СБС-модифицированных материалов	08-01-008-02	100 м2	Устройство горизонтальной изоляции: методом свободной укладки
ГЭСН	08	08-01-008	Устройство гидроизоляции стен, фундаментов с применением рулонных гидроизоляционных битумно-полимерных СБС-модифицированных материалов	08-01-008-03	100 м2	Устройство горизонтальной изоляции: методом наплавления
ГЭСН	08	08-01-008	Устройство гидроизоляции стен, фундаментов с применением рулонных гидроизоляционных битумно-полимерных СБС-модифицированных материалов	08-01-008-04	100 м2	Устройство боковой изоляции: методом наплавления
ГЭСН	08	08-01-008	Устройство гидроизоляции стен, фундаментов с применением рулонных гидроизоляционных битумно-полимерных СБС-модифицированных материалов	08-01-008-05	100 м2	Устройство боковой изоляции: методом механического крепления
ГЭСН	08	08-01-008	Устройство гидроизоляции стен, фундаментов с применением рулонных гидроизоляционных битумно-полимерных СБС-модифицированных материалов	08-01-008-06	100 м	Установка прижимной планки
ГЭСН	08	08-01-009	Устройство систем дренажа	08-01-009-01	100 м2	Устройство горизонтального дренажа из профилированных полиэтиленовых полотен
ГЭСН	08	08-01-009	Устройство систем дренажа	08-01-009-02	100 м2	Устройство вертикального защитного слоя гидроизоляции наружных поверхностей стен из профилированных полиэтиленовых полотен
ГЭСН	08	08-01-009	Устройство систем дренажа	08-01-009-03	100 м2	Устройство вертикальной вентилирующей водоотводящей системы дренажа внутренних поверхностей стен из профилированных полиэтиленовых полотен
ГЭСН	08	08-02-001	Кладка стен из кирпича	08-02-001-01	м3	Кладка стен кирпичных наружных: простых при высоте этажа до 4 м
ГЭСН	08	08-02-001	Кладка стен из кирпича	08-02-001-02	м3	Кладка стен кирпичных наружных: простых при высоте этажа свыше 4 м
ГЭСН	08	08-02-001	Кладка стен из кирпича	08-02-001-03	м3	Кладка стен кирпичных наружных: средней сложности при высоте этажа до 4 м
ГЭСН	08	08-02-001	Кладка стен из кирпича	08-02-001-04	м3	Кладка стен кирпичных наружных: средней сложности при высоте этажа свыше 4 м
ГЭСН	08	08-02-001	Кладка стен из кирпича	08-02-001-05	м3	Кладка стен кирпичных наружных: сложных при высоте этажа до 4 м
ГЭСН	08	08-02-001	Кладка стен из кирпича	08-02-001-06	м3	Кладка стен кирпичных наружных: сложных при высоте этажа свыше 4 м
ГЭСН	08	08-02-001	Кладка стен из кирпича	08-02-001-07	м3	Кладка стен кирпичных внутренних: при высоте этажа до 4 м
ГЭСН	08	08-02-001	Кладка стен из кирпича	08-02-001-08	м3	Кладка стен кирпичных внутренних: при высоте этажа свыше 4 м
ГЭСН	08	08-02-001	Кладка стен из кирпича	08-02-001-09	м3	Кладка стен приямков и каналов
ГЭСН	08	08-02-001	Кладка стен из кирпича	08-02-001-10	м3	Заполнение каркасов кирпичом: при высоте этажа до 4 м
ГЭСН	08	08-02-001	Кладка стен из кирпича	08-02-001-11	м3	Заполнение каркасов кирпичом: при высоте этажа свыше 4 м
ГЭСН	08	08-02-002	Кладка перегородок из кирпича	08-02-002-01	100 м2	Кладка перегородок из кирпича: армированных толщиной в 1/4 кирпича при высоте этажа до 4 м
ГЭСН	08	08-02-002	Кладка перегородок из кирпича	08-02-002-02	100 м2	Кладка перегородок из кирпича: армированных толщиной в 1/4 кирпича при высоте этажа свыше 4 м
ГЭСН	08	08-02-002	Кладка перегородок из кирпича	08-02-002-03	100 м2	Кладка перегородок из кирпича: армированных толщиной в 1/2 кирпича при высоте этажа до 4 м
ГЭСН	08	08-02-002	Кладка перегородок из кирпича	08-02-002-04	100 м2	Кладка перегородок из кирпича: армированных толщиной в 1/2 кирпича при высоте этажа свыше 4 м
ГЭСН	08	08-02-002	Кладка перегородок из кирпича	08-02-002-05	100 м2	Кладка перегородок из кирпича: неармированных толщиной в 1/2 кирпича при высоте этажа до 4 м
ГЭСН	08	08-02-002	Кладка перегородок из кирпича	08-02-002-06	100 м2	Кладка перегородок из кирпича: неармированных толщиной в 1/2 кирпича при высоте этажа свыше 4 м
ГЭСН	08	08-02-003	Кладка из кирпича конструкций	08-02-003-01	м3	Кладка из кирпича: столбов прямоугольных армированных при высоте этажа до 4 м
ГЭСН	08	08-02-003	Кладка из кирпича конструкций	08-02-003-02	м3	Кладка из кирпича: столбов прямоугольных армированных при высоте этажа свыше 4 м
ГЭСН	08	08-02-003	Кладка из кирпича конструкций	08-02-003-03	м3	Кладка из кирпича: столбов прямоугольных неармированных при высоте этажа до 4 м
ГЭСН	08	08-02-003	Кладка из кирпича конструкций	08-02-003-04	м3	Кладка из кирпича: столбов прямоугольных неармированных при высоте этажа свыше 4 м
ГЭСН	08	08-02-003	Кладка из кирпича конструкций	08-02-003-05	м3	Кладка из кирпича: столбов круглых армированных при высоте этажа до 4 м
ГЭСН	08	08-02-003	Кладка из кирпича конструкций	08-02-003-06	м3	Кладка из кирпича: столбов круглых армированных при высоте этажа свыше 4 м
ГЭСН	08	08-02-003	Кладка из кирпича конструкций	08-02-003-07	м3	Кладка из кирпича: беседок, портиков и других декоративных конструкций армированных высотой до 4 м
ГЭСН	08	08-02-003	Кладка из кирпича конструкций	08-02-003-08	м3	Кладка из кирпича: беседок, портиков и других декоративных конструкций армированных высотой свыше 4 м
ГЭСН	08	08-02-003	Кладка из кирпича конструкций	08-02-003-09	м3	Кладка из кирпича: сводов и арок над проездами и проемами
ГЭСН	08	08-02-004	Своды цилиндрические толщиной в 1/2 кирпича	08-02-004-01	100 м2	Своды цилиндрические толщиной в 1/2 кирпича
ГЭСН	08	08-02-005	Кладка армированных стен из кирпича в районах с сейсмичностью 7-8 баллов	08-02-005-01	м3	Кладка армированных стен из кирпича в районах с сейсмичностью 7-8 баллов: наружных простых при высоте этажа до 4 м
ГЭСН	08	08-02-005	Кладка армированных стен из кирпича в районах с сейсмичностью 7-8 баллов	08-02-005-02	м3	Кладка армированных стен из кирпича в районах с сейсмичностью 7-8 баллов: наружных простых при высоте этажа свыше 4 м
ГЭСН	08	08-02-005	Кладка армированных стен из кирпича в районах с сейсмичностью 7-8 баллов	08-02-005-03	м3	Кладка армированных стен из кирпича в районах с сейсмичностью 7-8 баллов: наружных средней сложности при высоте этажа до 4 м
ГЭСН	08	08-02-005	Кладка армированных стен из кирпича в районах с сейсмичностью 7-8 баллов	08-02-005-04	м3	Кладка армированных стен из кирпича в районах с сейсмичностью 7-8 баллов: наружных средней сложности при высоте этажа свыше 4 м
ГЭСН	08	08-02-006	Расшивка швов кладки	08-02-006-01	100 м2	Расшивка швов кладки: из кирпича
ГЭСН	08	08-02-006	Расшивка швов кладки	08-02-006-02	100 м2	Расшивка швов кладки: из керамических и мелкоблочных камней
ГЭСН	08	08-02-007	Армирование кладки стен, крепление сводов, установка металлических решеток	08-02-007-01	т	Армирование кладки стен и других конструкций
ГЭСН	08	08-02-007	Армирование кладки стен, крепление сводов, установка металлических решеток	08-02-007-02	т	Крепление сводов стальными затяжками
ГЭСН	08	08-02-007	Армирование кладки стен, крепление сводов, установка металлических решеток	08-02-007-03	т	Установка металлических решеток приямков
ГЭСН	08	08-02-007	Армирование кладки стен, крепление сводов, установка металлических решеток	08-02-007-04	100 м	Армирование кладки стен и других конструкций сеткой из базальтового волокна
ГЭСН	08	08-02-008	Кладка наружных стен из камней керамических или силикатных кладочных	08-02-008-01	м3	Кладка наружных стен из камней керамических или силикатных: простых при высоте этажа до 4 м
ГЭСН	08	08-02-008	Кладка наружных стен из камней керамических или силикатных кладочных	08-02-008-02	м3	Кладка наружных стен из камней керамических или силикатных: простых при высоте этажа свыше 4 м
ГЭСН	08	08-02-008	Кладка наружных стен из камней керамических или силикатных кладочных	08-02-008-03	м3	Кладка наружных стен из камней керамических или силикатных: средней сложности при высоте этажа до 4 м
ГЭСН	08	08-02-008	Кладка наружных стен из камней керамических или силикатных кладочных	08-02-008-04	м3	Кладка наружных стен из камней керамических или силикатных: средней сложности при высоте этажа свыше 4 м
ГЭСН	08	08-02-008	Кладка наружных стен из камней керамических или силикатных кладочных	08-02-008-05	м3	Кладка наружных стен из камней керамических или силикатных: сложных при высоте этажа до 4 м
ГЭСН	08	08-02-008	Кладка наружных стен из камней керамических или силикатных кладочных	08-02-008-06	м3	Кладка наружных стен из камней керамических или силикатных: сложных при высоте этажа свыше 4 м
ГЭСН	08	08-02-009	Кладка перегородок толщиной 120 мм из камней керамических или силикатных кладочных	08-02-009-01	100 м2	Кладка перегородок толщиной 120 мм из камней керамических или силикатных: армированных при высоте этажа до 4 м
ГЭСН	08	08-02-009	Кладка перегородок толщиной 120 мм из камней керамических или силикатных кладочных	08-02-009-02	100 м2	Кладка перегородок толщиной 120 мм из камней керамических или силикатных: армированных при высоте этажа свыше 4 м
ГЭСН	08	08-02-009	Кладка перегородок толщиной 120 мм из камней керамических или силикатных кладочных	08-02-009-03	100 м2	Кладка перегородок толщиной 120 мм из камней керамических или силикатных: неармированных при высоте этажа до 4 м
ГЭСН	08	08-02-009	Кладка перегородок толщиной 120 мм из камней керамических или силикатных кладочных	08-02-009-04	100 м2	Кладка перегородок толщиной 120 мм из камней керамических или силикатных: неармированных при высоте этажа свыше 4 м
ГЭСН	08	08-02-010	Кладка стен наружных из кирпича и камней керамических или силикатных с облицовкой лицевым кирпичом, камнями керамическими или силикатными	08-02-010-01	м3	Кладка наружных стен из кирпича с облицовкой лицевым кирпичом: толщиной 380 мм при высоте этажа до 4 м
ГЭСН	08	08-02-010	Кладка стен наружных из кирпича и камней керамических или силикатных с облицовкой лицевым кирпичом, камнями керамическими или силикатными	08-02-010-02	м3	Кладка наружных стен из кирпича с облицовкой лицевым кирпичом: толщиной 380 мм при высоте этажа свыше 4 м
ГЭСН	08	08-02-010	Кладка стен наружных из кирпича и камней керамических или силикатных с облицовкой лицевым кирпичом, камнями керамическими или силикатными	08-02-010-03	м3	Кладка наружных стен из кирпича с облицовкой лицевым кирпичом: толщиной 510 мм при высоте этажа до 4 м
ГЭСН	08	08-02-010	Кладка стен наружных из кирпича и камней керамических или силикатных с облицовкой лицевым кирпичом, камнями керамическими или силикатными	08-02-010-04	м3	Кладка наружных стен из кирпича с облицовкой лицевым кирпичом: толщиной 510 мм при высоте этажа свыше 4 м
ГЭСН	08	08-02-010	Кладка стен наружных из кирпича и камней керамических или силикатных с облицовкой лицевым кирпичом, камнями керамическими или силикатными	08-02-010-05	м3	Кладка наружных стен из кирпича с облицовкой лицевым кирпичом: толщиной 640 мм при высоте этажа до 4 м
ГЭСН	08	08-02-010	Кладка стен наружных из кирпича и камней керамических или силикатных с облицовкой лицевым кирпичом, камнями керамическими или силикатными	08-02-010-06	м3	Кладка наружных стен из кирпича с облицовкой лицевым кирпичом: толщиной 640 мм при высоте этажа свыше 4 м
ГЭСН	08	08-02-010	Кладка стен наружных из кирпича и камней керамических или силикатных с облицовкой лицевым кирпичом, камнями керамическими или силикатными	08-02-010-07	м3	Кладка наружных стен из камней с облицовкой лицевым кирпичом: толщиной 380 мм при высоте этажа до 4 м
ГЭСН	08	08-02-010	Кладка стен наружных из кирпича и камней керамических или силикатных с облицовкой лицевым кирпичом, камнями керамическими или силикатными	08-02-010-08	м3	Кладка наружных стен из камней с облицовкой лицевым кирпичом: толщиной 380 мм при высоте этажа свыше 4 м
ГЭСН	08	08-02-010	Кладка стен наружных из кирпича и камней керамических или силикатных с облицовкой лицевым кирпичом, камнями керамическими или силикатными	08-02-010-09	м3	Кладка наружных стен из камней с облицовкой лицевым кирпичом: толщиной 510 мм при высоте этажа до 4 м
ГЭСН	08	08-02-010	Кладка стен наружных из кирпича и камней керамических или силикатных с облицовкой лицевым кирпичом, камнями керамическими или силикатными	08-02-010-10	м3	Кладка наружных стен из камней с облицовкой лицевым кирпичом: толщиной 510 мм при высоте этажа свыше 4 м
ГЭСН	08	08-02-010	Кладка стен наружных из кирпича и камней керамических или силикатных с облицовкой лицевым кирпичом, камнями керамическими или силикатными	08-02-010-11	м3	Кладка наружных стен из камней с облицовкой лицевым кирпичом: толщиной 640 мм при высоте этажа до 4 м
ГЭСН	08	08-02-010	Кладка стен наружных из кирпича и камней керамических или силикатных с облицовкой лицевым кирпичом, камнями керамическими или силикатными	08-02-010-12	м3	Кладка наружных стен из камней с облицовкой лицевым кирпичом: толщиной 640 мм при высоте этажа свыше 4 м
ГЭСН	08	08-02-010	Кладка стен наружных из кирпича и камней керамических или силикатных с облицовкой лицевым кирпичом, камнями керамическими или силикатными	08-02-010-13	м3	Кладка наружных стен из камней с облицовкой камнями керамическими лицевыми: толщиной 380 мм при высоте этажа до 4 м
ГЭСН	08	08-02-010	Кладка стен наружных из кирпича и камней керамических или силикатных с облицовкой лицевым кирпичом, камнями керамическими или силикатными	08-02-010-14	м3	Кладка наружных стен из камней с облицовкой камнями керамическими лицевыми: толщиной 380 мм при высоте этажа свыше 4 м
ГЭСН	08	08-02-010	Кладка стен наружных из кирпича и камней керамических или силикатных с облицовкой лицевым кирпичом, камнями керамическими или силикатными	08-02-010-15	м3	Кладка наружных стен из камней с облицовкой камнями керамическими лицевыми: толщиной 510 мм при высоте этажа до 4 м
ГЭСН	08	08-02-010	Кладка стен наружных из кирпича и камней керамических или силикатных с облицовкой лицевым кирпичом, камнями керамическими или силикатными	08-02-010-16	м3	Кладка наружных стен из камней с облицовкой камнями керамическими лицевыми: толщиной 510 мм при высоте этажа свыше 4 м
ГЭСН	08	08-02-010	Кладка стен наружных из кирпича и камней керамических или силикатных с облицовкой лицевым кирпичом, камнями керамическими или силикатными	08-02-010-17	м3	Кладка наружных стен из камней с облицовкой камнями керамическими лицевыми: толщиной 640 мм при высоте этажа до 4 м
ГЭСН	08	08-02-010	Кладка стен наружных из кирпича и камней керамических или силикатных с облицовкой лицевым кирпичом, камнями керамическими или силикатными	08-02-010-18	м3	Кладка наружных стен из камней с облицовкой камнями керамическими лицевыми: толщиной 640 мм при высоте этажа свыше 4 м
ГЭСН	08	08-02-010	Кладка стен наружных из кирпича и камней керамических или силикатных с облицовкой лицевым кирпичом, камнями керамическими или силикатными	08-02-010-19	м3	Кладка наружных стен из лицевого кирпича: толщиной 250 мм при высоте этажа до 4 м
ГЭСН	08	08-02-010	Кладка стен наружных из кирпича и камней керамических или силикатных с облицовкой лицевым кирпичом, камнями керамическими или силикатными	08-02-010-20	м3	Кладка наружных стен из лицевого кирпича: толщиной 250 мм при высоте этажа свыше 4 м
ГЭСН	08	08-02-010	Кладка стен наружных из кирпича и камней керамических или силикатных с облицовкой лицевым кирпичом, камнями керамическими или силикатными	08-02-010-21	м3	Кладка наружных стен из кирпича с цепной перевязкой швов с облицовкой с одной стороны лицевым кирпичом: толщиной 380 мм при высоте этажа до 4 м
ГЭСН	08	08-02-010	Кладка стен наружных из кирпича и камней керамических или силикатных с облицовкой лицевым кирпичом, камнями керамическими или силикатными	08-02-010-22	м3	Кладка наружных стен из кирпича с цепной перевязкой швов с облицовкой с одной стороны лицевым кирпичом: толщиной 380 мм при высоте этажа свыше 4 м
ГЭСН	08	08-02-010	Кладка стен наружных из кирпича и камней керамических или силикатных с облицовкой лицевым кирпичом, камнями керамическими или силикатными	08-02-010-23	м3	Кладка наружных стен из кирпича с цепной перевязкой швов с облицовкой с одной стороны лицевым кирпичом: толщиной 510 мм при высоте этажа до 4 м
ГЭСН	08	08-02-010	Кладка стен наружных из кирпича и камней керамических или силикатных с облицовкой лицевым кирпичом, камнями керамическими или силикатными	08-02-010-24	м3	Кладка наружных стен из кирпича с цепной перевязкой швов с облицовкой с одной стороны лицевым кирпичом: толщиной 510 мм при высоте этажа свыше 4 м
ГЭСН	08	08-02-010	Кладка стен наружных из кирпича и камней керамических или силикатных с облицовкой лицевым кирпичом, камнями керамическими или силикатными	08-02-010-25	м3	Кладка наружных стен из кирпича с цепной перевязкой швов с облицовкой с одной стороны лицевым кирпичом: толщиной 640 мм при высоте этажа до 4 м
ГЭСН	08	08-02-010	Кладка стен наружных из кирпича и камней керамических или силикатных с облицовкой лицевым кирпичом, камнями керамическими или силикатными	08-02-010-26	м3	Кладка наружных стен из кирпича с цепной перевязкой швов с облицовкой с одной стороны лицевым кирпичом: толщиной 640 мм при высоте этажа свыше 4 м
ГЭСН	08	08-02-010	Кладка стен наружных из кирпича и камней керамических или силикатных с облицовкой лицевым кирпичом, камнями керамическими или силикатными	08-02-010-27	м3	Кладка наружных стен из кирпича с цепной перевязкой швов с облицовкой с двух сторон лицевым кирпичом: толщиной 380 мм при высоте этажа до 4 м
ГЭСН	08	08-02-010	Кладка стен наружных из кирпича и камней керамических или силикатных с облицовкой лицевым кирпичом, камнями керамическими или силикатными	08-02-010-28	м3	Кладка наружных стен из кирпича с цепной перевязкой швов с облицовкой с двух сторон лицевым кирпичом: толщиной 380 мм при высоте этажа свыше 4 м
ГЭСН	08	08-02-010	Кладка стен наружных из кирпича и камней керамических или силикатных с облицовкой лицевым кирпичом, камнями керамическими или силикатными	08-02-010-29	м3	Кладка наружных стен из кирпича с цепной перевязкой швов с облицовкой с двух сторон лицевым кирпичом: толщиной 510 мм при высоте этажа до 4 м
ГЭСН	08	08-02-010	Кладка стен наружных из кирпича и камней керамических или силикатных с облицовкой лицевым кирпичом, камнями керамическими или силикатными	08-02-010-30	м3	Кладка наружных стен из кирпича с цепной перевязкой швов с облицовкой с двух сторон лицевым кирпичом: толщиной 510 мм при высоте этажа свыше 4 м
ГЭСН	08	08-02-010	Кладка стен наружных из кирпича и камней керамических или силикатных с облицовкой лицевым кирпичом, камнями керамическими или силикатными	08-02-010-31	м3	Кладка наружных стен из кирпича с цепной перевязкой швов с облицовкой с двух сторон лицевым кирпичом: толщиной 640 мм при высоте этажа до 4 м
ГЭСН	08	08-02-010	Кладка стен наружных из кирпича и камней керамических или силикатных с облицовкой лицевым кирпичом, камнями керамическими или силикатными	08-02-010-32	м3	Кладка наружных стен из кирпича с цепной перевязкой швов с облицовкой с двух сторон лицевым кирпичом: толщиной 640 мм при высоте этажа свыше 4 м
ГЭСН	08	08-02-011	Кладка участков стен (карнизы, пояски и т.п.) из кирпича и камней керамических и силикатных с облицовкой кирпичом лицевым профильным	08-02-011-01	м3	Кладка участков стен из кирпича с облицовкой кирпичом лицевым профильным: толщиной стен 380 мм при высоте этажей до 4 м
ГЭСН	08	08-02-011	Кладка участков стен (карнизы, пояски и т.п.) из кирпича и камней керамических и силикатных с облицовкой кирпичом лицевым профильным	08-02-011-02	м3	Кладка участков стен из кирпича с облицовкой кирпичом лицевым профильным: толщиной стен 380 мм при высоте этажей свыше 4 м
ГЭСН	08	08-02-011	Кладка участков стен (карнизы, пояски и т.п.) из кирпича и камней керамических и силикатных с облицовкой кирпичом лицевым профильным	08-02-011-03	м3	Кладка участков стен из кирпича с облицовкой кирпичом лицевым профильным: толщиной стен 510 мм при высоте этажей до 4 м
ГЭСН	08	08-02-011	Кладка участков стен (карнизы, пояски и т.п.) из кирпича и камней керамических и силикатных с облицовкой кирпичом лицевым профильным	08-02-011-04	м3	Кладка участков стен из кирпича с облицовкой кирпичом лицевым профильным: толщиной стен 510 мм при высоте этажей свыше 4 м
ГЭСН	08	08-02-011	Кладка участков стен (карнизы, пояски и т.п.) из кирпича и камней керамических и силикатных с облицовкой кирпичом лицевым профильным	08-02-011-05	м3	Кладка участков стен из кирпича с облицовкой кирпичом лицевым профильным: толщиной стен 640 мм при высоте этажей до 4 м
ГЭСН	08	08-02-011	Кладка участков стен (карнизы, пояски и т.п.) из кирпича и камней керамических и силикатных с облицовкой кирпичом лицевым профильным	08-02-011-06	м3	Кладка участков стен из кирпича с облицовкой кирпичом лицевым профильным: толщиной стен 640 мм при высоте этажей свыше 4 м
ГЭСН	08	08-02-011	Кладка участков стен (карнизы, пояски и т.п.) из кирпича и камней керамических и силикатных с облицовкой кирпичом лицевым профильным	08-02-011-07	м3	Кладка участков стен из камней с облицовкой кирпичом лицевым профильным: толщиной стен 380 мм при высоте этажей до 4 м
ГЭСН	08	08-02-011	Кладка участков стен (карнизы, пояски и т.п.) из кирпича и камней керамических и силикатных с облицовкой кирпичом лицевым профильным	08-02-011-08	м3	Кладка участков стен из камней с облицовкой кирпичом лицевым профильным: толщиной стен 380 мм при высоте этажей свыше 4 м
ГЭСН	08	08-02-011	Кладка участков стен (карнизы, пояски и т.п.) из кирпича и камней керамических и силикатных с облицовкой кирпичом лицевым профильным	08-02-011-09	м3	Кладка участков стен из камней с облицовкой кирпичом лицевым профильным: толщиной стен 510 мм при высоте этажей до 4 м
ГЭСН	08	08-02-011	Кладка участков стен (карнизы, пояски и т.п.) из кирпича и камней керамических и силикатных с облицовкой кирпичом лицевым профильным	08-02-011-10	м3	Кладка участков стен из камней с облицовкой кирпичом лицевым профильным: толщиной стен 510 мм при высоте этажей свыше 4 м
ГЭСН	08	08-02-011	Кладка участков стен (карнизы, пояски и т.п.) из кирпича и камней керамических и силикатных с облицовкой кирпичом лицевым профильным	08-02-011-11	м3	Кладка участков стен из камней с облицовкой кирпичом лицевым профильным: толщиной стен 640 мм при высоте этажей до 4 м
ГЭСН	08	08-02-011	Кладка участков стен (карнизы, пояски и т.п.) из кирпича и камней керамических и силикатных с облицовкой кирпичом лицевым профильным	08-02-011-12	м3	Кладка участков стен из камней с облицовкой кирпичом лицевым профильным: толщиной стен 640 мм при высоте этажей свыше 4 м
ГЭСН	08	08-02-012	Кладка стен из камней керамических или силикатных с облицовкой камнями керамическими лицевыми профильными	08-02-012-01	м3	Кладка стен из камней с облицовкой камнями лицевыми профильными: толщиной стен 380 мм при высоте этажа до 4 м
ГЭСН	08	08-02-012	Кладка стен из камней керамических или силикатных с облицовкой камнями керамическими лицевыми профильными	08-02-012-02	м3	Кладка стен из камней с облицовкой камнями лицевыми профильными: толщиной стен 380 мм при высоте этажа свыше 4 м
ГЭСН	08	08-02-012	Кладка стен из камней керамических или силикатных с облицовкой камнями керамическими лицевыми профильными	08-02-012-03	м3	Кладка стен из камней с облицовкой камнями лицевыми профильными: толщиной стен 510 мм при высоте этажа до 4 м
ГЭСН	08	08-02-012	Кладка стен из камней керамических или силикатных с облицовкой камнями керамическими лицевыми профильными	08-02-012-04	м3	Кладка стен из камней с облицовкой камнями лицевыми профильными: толщиной стен 510 мм при высоте этажа свыше 4 м
ГЭСН	08	08-02-012	Кладка стен из камней керамических или силикатных с облицовкой камнями керамическими лицевыми профильными	08-02-012-05	м3	Кладка стен из камней с облицовкой камнями лицевыми профильными: толщиной стен 640 мм при высоте этажа до 4 м
ГЭСН	08	08-02-012	Кладка стен из камней керамических или силикатных с облицовкой камнями керамическими лицевыми профильными	08-02-012-06	м3	Кладка стен из камней с облицовкой камнями лицевыми профильными: толщиной стен 640 мм при высоте этажа свыше 4 м
ГЭСН	08	08-02-013	Кладка наружных стен толщиной в 2 кирпича с облицовкой керамической плиткой	08-02-013-01	100 м2	Кладка наружных стен толщиной в 2 кирпича с облицовкой керамической плиткой: при высоте этажа до 4 м
ГЭСН	08	08-02-013	Кладка наружных стен толщиной в 2 кирпича с облицовкой керамической плиткой	08-02-013-02	100 м2	Кладка наружных стен толщиной в 2 кирпича с облицовкой керамической плиткой: при высоте этажа свыше 4 м
ГЭСН	08	08-02-013	Кладка наружных стен толщиной в 2 кирпича с облицовкой керамической плиткой	08-02-013-03	100 м2	На каждые 120 мм изменений толщины кладки добавлять или исключать к норме 08-02-013-01
ГЭСН	08	08-02-013	Кладка наружных стен толщиной в 2 кирпича с облицовкой керамической плиткой	08-02-013-04	100 м2	На каждые 120 мм изменений толщины кладки добавлять или исключать к норме 08-02-013-02
ГЭСН	08	08-02-014	Кладка наружных и внутренних кирпичных стен облегченных конструкций	08-02-014-01	м3	Кладка наружных и внутренних стен кирпично-бетонных с заполнением легким бетоном: толщиной 380 мм при высоте этажа до 4 м
ГЭСН	08	08-02-014	Кладка наружных и внутренних кирпичных стен облегченных конструкций	08-02-014-02	м3	Кладка наружных и внутренних стен кирпично-бетонных с заполнением легким бетоном: толщиной 380 мм при высоте этажа свыше 4 м
ГЭСН	08	08-02-014	Кладка наружных и внутренних кирпичных стен облегченных конструкций	08-02-014-03	м3	Кладка наружных и внутренних стен кирпично-бетонных с заполнением легким бетоном: толщиной 510 мм при высоте этажа до 4 м
ГЭСН	08	08-02-014	Кладка наружных и внутренних кирпичных стен облегченных конструкций	08-02-014-04	м3	Кладка наружных и внутренних стен кирпично-бетонных с заполнением легким бетоном: толщиной 510 мм при высоте этажа свыше 4 м
ГЭСН	08	08-02-014	Кладка наружных и внутренних кирпичных стен облегченных конструкций	08-02-014-05	м3	Кладка наружных и внутренних стен кирпично-бетонных с заполнением легким бетоном: толщиной 640 мм при высоте этажа до 4 м
ГЭСН	08	08-02-014	Кладка наружных и внутренних кирпичных стен облегченных конструкций	08-02-014-06	м3	Кладка наружных и внутренних стен кирпично-бетонных с заполнением легким бетоном: толщиной 640 мм при высоте этажа свыше 4 м
ГЭСН	08	08-02-014	Кладка наружных и внутренних кирпичных стен облегченных конструкций	08-02-014-07	м3	Кладка наружных и внутренних стен кирпичных колодцевых с заполнением засыпными материалами: толщиной 380 мм при высоте этажа до 4 м
ГЭСН	08	08-02-014	Кладка наружных и внутренних кирпичных стен облегченных конструкций	08-02-014-08	м3	Кладка наружных и внутренних стен кирпичных колодцевых с заполнением засыпными материалами: толщиной 380 мм при высоте этажа свыше 4 м
ГЭСН	08	08-02-014	Кладка наружных и внутренних кирпичных стен облегченных конструкций	08-02-014-09	м3	Кладка наружных и внутренних стен кирпичных колодцевых с заполнением засыпными материалами: толщиной 510 мм при высоте этажа до 4 м
ГЭСН	08	08-02-014	Кладка наружных и внутренних кирпичных стен облегченных конструкций	08-02-014-10	м3	Кладка наружных и внутренних стен кирпичных колодцевых с заполнением засыпными материалами: толщиной 510 мм при высоте этажа свыше 4 м
ГЭСН	08	08-02-014	Кладка наружных и внутренних кирпичных стен облегченных конструкций	08-02-014-11	м3	Кладка наружных и внутренних стен кирпичных колодцевых с заполнением засыпными материалами: толщиной 640 мм при высоте этажа до 4 м
ГЭСН	08	08-02-014	Кладка наружных и внутренних кирпичных стен облегченных конструкций	08-02-014-12	м3	Кладка наружных и внутренних стен кирпичных колодцевых с заполнением засыпными материалами: толщиной 640 мм при высоте этажа свыше 4 м
ГЭСН	08	08-02-014	Кладка наружных и внутренних кирпичных стен облегченных конструкций	08-02-014-13	м3	Кладка наружных и внутренних стен кирпичных с вертикальными поперечными стенками и узлами жесткости с заполнением засыпными материалами: толщиной 380 мм при высоте этажа до 4 м
ГЭСН	08	08-02-014	Кладка наружных и внутренних кирпичных стен облегченных конструкций	08-02-014-14	м3	Кладка наружных и внутренних стен кирпичных с вертикальными поперечными стенками и узлами жесткости с заполнением засыпными материалами: толщиной 380 мм при высоте этажа свыше 4 м
ГЭСН	08	08-02-014	Кладка наружных и внутренних кирпичных стен облегченных конструкций	08-02-014-15	м3	Кладка наружных и внутренних стен кирпичных с вертикальными поперечными стенками и узлами жесткости с заполнением засыпными материалами: толщиной 510 мм при высоте этажа до 4 м
ГЭСН	08	08-02-014	Кладка наружных и внутренних кирпичных стен облегченных конструкций	08-02-014-16	м3	Кладка наружных и внутренних стен кирпичных с вертикальными поперечными стенками и узлами жесткости с заполнением засыпными материалами: толщиной 510 мм при высоте этажа свыше 4 м
ГЭСН	08	08-02-014	Кладка наружных и внутренних кирпичных стен облегченных конструкций	08-02-014-17	м3	Кладка наружных и внутренних стен кирпичных с вертикальными поперечными стенками и узлами жесткости с заполнением засыпными материалами: толщиной 640 мм при высоте этажа до 4 м
ГЭСН	08	08-02-014	Кладка наружных и внутренних кирпичных стен облегченных конструкций	08-02-014-18	м3	Кладка наружных и внутренних стен кирпичных с вертикальными поперечными стенками и узлами жесткости с заполнением засыпными материалами: толщиной 640 мм при высоте этажа свыше 4 м
ГЭСН	08	08-02-015	Кладка наружных и внутренних кирпичных стен с воздушной прослойкой и теплоизоляционными плитами	08-02-015-01	м3	Кладка наружных и внутренних кирпичных стен с воздушной прослойкой: при высоте этажа до 4 м
ГЭСН	08	08-02-015	Кладка наружных и внутренних кирпичных стен с воздушной прослойкой и теплоизоляционными плитами	08-02-015-02	м3	Кладка наружных и внутренних кирпичных стен с воздушной прослойкой: при высоте этажа свыше 4 м
ГЭСН	08	08-02-015	Кладка наружных и внутренних кирпичных стен с воздушной прослойкой и теплоизоляционными плитами	08-02-015-03	м3	Кладка наружных и внутренних кирпичных стен с теплоизоляционными плитами: общей толщиной 250 мм при высоте этажа до 4 м
ГЭСН	08	08-02-015	Кладка наружных и внутренних кирпичных стен с воздушной прослойкой и теплоизоляционными плитами	08-02-015-04	м3	Кладка наружных и внутренних кирпичных стен с теплоизоляционными плитами: общей толщиной 250 мм при высоте этажа свыше 4 м
ГЭСН	08	08-02-015	Кладка наружных и внутренних кирпичных стен с воздушной прослойкой и теплоизоляционными плитами	08-02-015-05	м3	Кладка наружных и внутренних кирпичных стен с теплоизоляционными плитами: общей толщиной 380 мм при высоте этажа до 4 м
ГЭСН	08	08-02-015	Кладка наружных и внутренних кирпичных стен с воздушной прослойкой и теплоизоляционными плитами	08-02-015-06	м3	Кладка наружных и внутренних кирпичных стен с теплоизоляционными плитами: общей толщиной 380 мм при высоте этажа свыше 4 м
ГЭСН	08	08-02-015	Кладка наружных и внутренних кирпичных стен с воздушной прослойкой и теплоизоляционными плитами	08-02-015-07	м3	Кладка наружных и внутренних кирпичных стен с теплоизоляционными плитами: общей толщиной 510 мм при высоте этажа до 4 м
ГЭСН	08	08-02-015	Кладка наружных и внутренних кирпичных стен с воздушной прослойкой и теплоизоляционными плитами	08-02-015-08	м3	Кладка наружных и внутренних кирпичных стен с теплоизоляционными плитами: общей толщиной 510 мм при высоте этажа свыше 4 м
ГЭСН	08	08-02-016	Кладка прижимных стенок из кирпича	08-02-016-01	100 м2	Кладка прижимных стенок гидроизоляции в 1/2 кирпича на битумной мастике
ГЭСН	08	08-02-016	Кладка прижимных стенок из кирпича	08-02-016-02	100 м2	Кладка прижимных неармированных стенок в 1/4 кирпича
ГЭСН	08	08-02-017	Облицовка стен по газобетону	08-02-017-01	100 м2	Облицовка стен по газобетону: в 1/2 кирпича при высоте этажа до 4 м
ГЭСН	08	08-02-017	Облицовка стен по газобетону	08-02-017-02	100 м2	Облицовка стен по газобетону: в 1 кирпич при высоте этажа до 4 м
ГЭСН	08	08-02-017	Облицовка стен по газобетону	08-02-017-03	100 м2	Облицовка стен по газобетону: в 1/2 кирпича при высоте этажа свыше 4 м
ГЭСН	08	08-02-017	Облицовка стен по газобетону	08-02-017-04	100 м2	Облицовка стен по газобетону: в 1 кирпич при высоте этажа свыше 4 м
ГЭСН	08	08-02-018	Кладка наружных стен толщиной 770 мм с усложненными частями из обыкновенного кирпича с облицовкой керамическим лицевым кирпичом	08-02-018-01	м3	Кладка наружных стен толщиной 770 мм с усложненными частями из обыкновенного кирпича с облицовкой керамическим лицевым кирпичом
ГЭСН	08	08-02-019	Кладка стен наружных самонесущих из кирпича на перекрытиях в зданиях из монолитного железобетона	08-02-019-01	м3	Кладка стен наружных самонесущих из кирпича на перекрытиях в зданиях из монолитного железобетона: глухих в 1 кирпич
ГЭСН	08	08-02-019	Кладка стен наружных самонесущих из кирпича на перекрытиях в зданиях из монолитного железобетона	08-02-019-02	м3	Кладка стен наружных самонесущих из кирпича на перекрытиях в зданиях из монолитного железобетона: с проемами в 1 кирпич
ГЭСН	08	08-02-019	Кладка стен наружных самонесущих из кирпича на перекрытиях в зданиях из монолитного железобетона	08-02-019-03	м3	Кладка стен наружных самонесущих из кирпича на перекрытиях в зданиях из монолитного железобетона: глухих в 1,5 кирпича
ГЭСН	08	08-02-019	Кладка стен наружных самонесущих из кирпича на перекрытиях в зданиях из монолитного железобетона	08-02-019-04	м3	Кладка стен наружных самонесущих из кирпича на перекрытиях в зданиях из монолитного железобетона: с проемами в 1,5 кирпича
ГЭСН	08	08-02-020	Нормы для корректировки при кладке из кирпича с уширенным внутренним вертикальным швом (по теплотехническим требованиям)	08-02-020-01	м3	При кладке из кирпича с уширенным внутренним вертикальным швом (по теплотехническим требованиям) на каждые 10 мм увеличения толщины кладки: исключать из соответствующих норм
ГЭСН	08	08-02-020	Нормы для корректировки при кладке из кирпича с уширенным внутренним вертикальным швом (по теплотехническим требованиям)	08-02-020-02	м3	При кладке из кирпича с уширенным внутренним вертикальным швом (по теплотехническим требованиям) на каждые 10 мм увеличения толщины кладки: добавлять к соответствующим нормам
ГЭСН	08	08-03-001	Кладка из крупных известняковых блоков	08-03-001-01	м3	Кладка из крупных известняковых блоков: массой до 0,5 т
ГЭСН	08	08-03-001	Кладка из крупных известняковых блоков	08-03-001-02	м3	Кладка из крупных известняковых блоков: массой более 0,5 т
ГЭСН	08	08-03-002	Кладка стен из камней легкобетонных, заполнение проемов и фахверков	08-03-002-01	м3	Кладка стен из легкобетонных камней без облицовки: при высоте этажа до 4 м
ГЭСН	08	08-03-002	Кладка стен из камней легкобетонных, заполнение проемов и фахверков	08-03-002-02	м3	Кладка стен из легкобетонных камней без облицовки: при высоте этажа свыше 4 м
ГЭСН	08	08-03-002	Кладка стен из камней легкобетонных, заполнение проемов и фахверков	08-03-002-03	м3	Кладка стен из легкобетонных камней без облицовки с заполнением каркасов и фахверков: при высоте этажа до 4 м
ГЭСН	08	08-03-002	Кладка стен из камней легкобетонных, заполнение проемов и фахверков	08-03-002-04	м3	Кладка стен из легкобетонных камней без облицовки с заполнением каркасов и фахверков: при высоте этажа свыше 4 м
ГЭСН	08	08-03-002	Кладка стен из камней легкобетонных, заполнение проемов и фахверков	08-03-002-05	м3	Кладка стен наружных из легкобетонных стеновых камней с облицовкой в процессе кладки кирпичом (в 1/2 кирпича): толщиной 320 мм при высоте этажа до 4 м
ГЭСН	08	08-03-002	Кладка стен из камней легкобетонных, заполнение проемов и фахверков	08-03-002-06	м3	Кладка стен наружных из легкобетонных стеновых камней с облицовкой в процессе кладки кирпичом (в 1/2 кирпича): толщиной 320 мм при высоте этажа свыше 4 м
ГЭСН	08	08-03-002	Кладка стен из камней легкобетонных, заполнение проемов и фахверков	08-03-002-07	м3	Кладка стен наружных из легкобетонных стеновых камней с облицовкой в процессе кладки кирпичом (в 1/2 кирпича): толщиной 520 мм при высоте этажа до 4 м
ГЭСН	08	08-03-002	Кладка стен из камней легкобетонных, заполнение проемов и фахверков	08-03-002-08	м3	Кладка стен наружных из легкобетонных стеновых камней с облицовкой в процессе кладки кирпичом (в 1/2 кирпича): толщиной 520 мм при высоте этажа свыше 4 м
ГЭСН	08	08-03-002	Кладка стен из камней легкобетонных, заполнение проемов и фахверков	08-03-002-09	м3	Кладка стен наружных из легкобетонных стеновых камней с облицовкой в процессе кладки кирпичом (в 1/2 кирпича): толщиной 720 мм при высоте этажа до 4 м
ГЭСН	08	08-03-002	Кладка стен из камней легкобетонных, заполнение проемов и фахверков	08-03-002-10	м3	Кладка стен наружных из легкобетонных стеновых камней с облицовкой в процессе кладки кирпичом (в 1/2 кирпича): толщиной 720 мм при высоте этажа свыше 4 м
ГЭСН	08	08-03-002	Кладка стен из камней легкобетонных, заполнение проемов и фахверков	08-03-002-11	м3	Засыпка пустот в камнях
ГЭСН	08	08-03-002	Кладка стен из камней легкобетонных, заполнение проемов и фахверков	08-03-002-12	м3	Кладка стен наружных из легкобетонных стеновых камней с облицовкой в процессе кладки кирпичом (в 1/2 кирпича): толщиной 630 мм при высоте этажа до 4 м
ГЭСН	08	08-03-002	Кладка стен из камней легкобетонных, заполнение проемов и фахверков	08-03-002-13	м3	Кладка стен наружных из легкобетонных стеновых камней с облицовкой в процессе кладки кирпичом (в 1/2 кирпича): толщиной 630 мм при высоте этажа свыше 4 м
ГЭСН	08	08-03-002	Кладка стен из камней легкобетонных, заполнение проемов и фахверков	08-03-002-14	м3	Кладка стен наружных из легкобетонных стеновых камней с воздушной прослойкой и облицовкой в процессе кладки кирпичом (в 1/2 кирпича): толщиной 670 мм при высоте этажа до 4 м
ГЭСН	08	08-03-002	Кладка стен из камней легкобетонных, заполнение проемов и фахверков	08-03-002-15	м3	Кладка стен наружных из легкобетонных стеновых камней с воздушной прослойкой и облицовкой в процессе кладки кирпичом (в 1/2 кирпича): толщиной 670 мм при высоте этажа свыше 4 м
ГЭСН	08	08-03-002	Кладка стен из камней легкобетонных, заполнение проемов и фахверков	08-03-002-16	м3	Кладка стен наружных из легкобетонных камней с утеплением минераловатными плитами и облицовкой в процессе кладки кирпичом (в 1/2 кирпича): толщиной 555 мм при высоте этажа до 4 м
ГЭСН	08	08-03-002	Кладка стен из камней легкобетонных, заполнение проемов и фахверков	08-03-002-17	м3	Кладка стен наружных из легкобетонных камней с утеплением минераловатными плитами и облицовкой в процессе кладки кирпичом (в 1/2 кирпича): толщиной 555 мм при высоте этажа свыше 4 м
ГЭСН	08	08-03-003	Кладка стен и перегородок неармированных из камней известковых	08-03-003-01	м3	Кладка стен из известняка: обычная при высоте этажа до 4 м
ГЭСН	08	08-03-003	Кладка стен и перегородок неармированных из камней известковых	08-03-003-02	м3	Кладка стен из известняка: обычная при высоте этажа свыше 4 м
ГЭСН	08	08-03-003	Кладка стен и перегородок неармированных из камней известковых	08-03-003-03	м3	Кладка стен из известняка: рядовая при высоте этажа до 4 м
ГЭСН	08	08-03-003	Кладка стен и перегородок неармированных из камней известковых	08-03-003-04	м3	Кладка стен из известняка: рядовая при высоте этажа свыше 4 м
ГЭСН	08	08-03-003	Кладка стен и перегородок неармированных из камней известковых	08-03-003-05	м3	Кладка стен из известняка: чистая при высоте этажа до 4 м
ГЭСН	08	08-03-003	Кладка стен и перегородок неармированных из камней известковых	08-03-003-06	м3	Кладка стен из известняка: чистая при высоте этажа свыше 4 м
ГЭСН	08	08-03-003	Кладка стен и перегородок неармированных из камней известковых	08-03-003-07	м3	Кладка из известняка перегородок: неармированных при высоте этажа до 4 м
ГЭСН	08	08-03-003	Кладка стен и перегородок неармированных из камней известковых	08-03-003-08	м3	Кладка из известняка перегородок: неармированных при высоте этажа свыше 4 м
ГЭСН	08	08-03-003	Кладка стен и перегородок неармированных из камней известковых	08-03-003-09	м3	Кладка стен из известняка с облицовкой кирпичом: толщиной 520 мм при высоте этажа до 4 м
ГЭСН	08	08-03-003	Кладка стен и перегородок неармированных из камней известковых	08-03-003-10	м3	Кладка стен из известняка с облицовкой кирпичом: толщиной 520 мм при высоте этажа свыше 4 м
ГЭСН	08	08-03-004	Кладка стен из газобетонных блоков на клее без облицовки	08-03-004-01	м3	Кладка стен из газобетонных блоков на клее без облицовки толщиной: 400 мм при высоте этажа до 4 м
ГЭСН	08	08-03-004	Кладка стен из газобетонных блоков на клее без облицовки	08-03-004-02	м3	Кладка стен из газобетонных блоков на клее без облицовки толщиной: 400 мм при высоте этажа свыше 4 м
ГЭСН	08	08-03-004	Кладка стен из газобетонных блоков на клее без облицовки	08-03-004-03	м3	Кладка стен из газобетонных блоков на клее без облицовки толщиной: 500 мм при высоте этажа до 4 м
ГЭСН	08	08-03-004	Кладка стен из газобетонных блоков на клее без облицовки	08-03-004-04	м3	Кладка стен из газобетонных блоков на клее без облицовки толщиной: 500 мм при высоте этажа свыше 4 м
ГЭСН	08	08-03-005	Кладка стен самонесущих из полистиролбетонных блоков	08-03-005-01	м3	Кладка стен самонесущих из полистиролбетонных блоков по перекрытиям
ГЭСН	08	08-03-007	Укладка полистиролбетонных перемычек	08-03-007-01	м3	Укладка полистиролбетонных перемычек
ГЭСН	08	08-04-001	Установка перегородок из гипсовых и легкобетонных плит	08-04-001-05	100 м2	Установка перегородок из легкобетонных плит: в 1 слой при высоте этажа до 4 м
ГЭСН	08	08-04-001	Установка перегородок из гипсовых и легкобетонных плит	08-04-001-06	100 м2	Установка перегородок из легкобетонных плит: в 1 слой при высоте этажа свыше 4 м
ГЭСН	08	08-04-001	Установка перегородок из гипсовых и легкобетонных плит	08-04-001-07	100 м2	Установка перегородок из легкобетонных плит: в 2 слоя при высоте этажа до 4 м
ГЭСН	08	08-04-001	Установка перегородок из гипсовых и легкобетонных плит	08-04-001-08	100 м2	Установка перегородок из легкобетонных плит: в 2 слоя при высоте этажа свыше 4 м
ГЭСН	08	08-04-001	Установка перегородок из гипсовых и легкобетонных плит	08-04-001-13	100 м2	Установка перегородок из гипсовых пазогребневых плит: при высоте этажа до 4 м в 1 слой толщиной 80 мм пустотелых
ГЭСН	08	08-04-001	Установка перегородок из гипсовых и легкобетонных плит	08-04-001-14	100 м2	Установка перегородок из гипсовых пазогребневых плит: при высоте этажа до 4 м в 1 слой толщиной 80 мм полнотелых
ГЭСН	08	08-04-001	Установка перегородок из гипсовых и легкобетонных плит	08-04-001-15	100 м2	Установка перегородок из гипсовых пазогребневых плит: при высоте этажа до 4 м в 1 слой толщиной 100 мм полнотелых
ГЭСН	08	08-04-001	Установка перегородок из гипсовых и легкобетонных плит	08-04-001-16	100 м2	Установка перегородок из гипсовых пазогребневых плит: при высоте этажа свыше 4 м в 1 слой толщиной 80 мм пустотелых
ГЭСН	08	08-04-001	Установка перегородок из гипсовых и легкобетонных плит	08-04-001-17	100 м2	Установка перегородок из гипсовых пазогребневых плит: при высоте этажа свыше 4 м в 1 слой толщиной 80 мм полнотелых
ГЭСН	08	08-04-001	Установка перегородок из гипсовых и легкобетонных плит	08-04-001-18	100 м2	Установка перегородок из гипсовых пазогребневых плит: при высоте этажа свыше 4 м в 1 слой толщиной 100 мм полнотелых
ГЭСН	08	08-04-001	Установка перегородок из гипсовых и легкобетонных плит	08-04-001-19	100 м2	Установка перегородок из гипсовых пазогребневых плит: при высоте этажа до 4 м в 2 слоя толщиной 80 мм пустотелых
ГЭСН	08	08-04-001	Установка перегородок из гипсовых и легкобетонных плит	08-04-001-20	100 м2	Установка перегородок из гипсовых пазогребневых плит: при высоте этажа до 4 м в 2 слоя толщиной 80 мм полнотелых
ГЭСН	08	08-04-001	Установка перегородок из гипсовых и легкобетонных плит	08-04-001-21	100 м2	Установка перегородок из гипсовых пазогребневых плит: при высоте этажа до 4 м в 2 слоя толщиной 100 мм полнотелых
ГЭСН	08	08-04-001	Установка перегородок из гипсовых и легкобетонных плит	08-04-001-22	100 м2	Установка перегородок из гипсовых пазогребневых плит: при высоте этажа свыше 4 м в 2 слоя толщиной 80 мм пустотелых
ГЭСН	08	08-04-001	Установка перегородок из гипсовых и легкобетонных плит	08-04-001-23	100 м2	Установка перегородок из гипсовых пазогребневых плит: при высоте этажа свыше 4 м в 2 слоя толщиной 80 мм полнотелых
ГЭСН	08	08-04-001	Установка перегородок из гипсовых и легкобетонных плит	08-04-001-24	100 м2	Установка перегородок из гипсовых пазогребневых плит: при высоте этажа свыше 4 м в 2 слой толщиной 100 мм полнотелых
ГЭСН	08	08-04-001	Установка перегородок из гипсовых и легкобетонных плит	08-04-001-25	100 м	При устройстве эластичного примыкания добавлять к нормам с 08-04-001-13 по 08-04-001-24
ГЭСН	08	08-04-001	Установка перегородок из гипсовых и легкобетонных плит	08-04-001-26	м2	При устройстве проемов добавлять к нормам с 08-04-001-13 по 08-04-001-24
ГЭСН	08	08-04-001	Установка перегородок из гипсовых и легкобетонных плит	08-04-001-27	м3	При устройстве изоляции добавлять к нормам с 08-04-001-19 по 08-04-001-21
ГЭСН	08	08-04-001	Установка перегородок из гипсовых и легкобетонных плит	08-04-001-28	м3	При устройстве изоляции добавлять к нормам с 08-04-001-22 по 08-04-001-24
ГЭСН	08	08-04-002	Установка перегородок из стеклянных блоков и заполнение проемов стеклянными блоками	08-04-002-01	100 м2	Установка перегородок из стеклянных блоков: при высоте этажа до 4 м
ГЭСН	08	08-04-002	Установка перегородок из стеклянных блоков и заполнение проемов стеклянными блоками	08-04-002-02	100 м2	Установка перегородок из стеклянных блоков: при высоте этажа свыше 4 м
ГЭСН	08	08-04-002	Установка перегородок из стеклянных блоков и заполнение проемов стеклянными блоками	08-04-002-03	100 м2	Заполнение проемов стеклянными блоками: при высоте этажа до 4 м
ГЭСН	08	08-04-002	Установка перегородок из стеклянных блоков и заполнение проемов стеклянными блоками	08-04-002-04	100 м2	Заполнение проемов стеклянными блоками: при высоте этажа свыше 4 м
ГЭСН	08	08-04-003	Кладка перегородок из газобетонных блоков на клее	08-04-003-01	100 м2	Кладка перегородок из газобетонных блоков на клее толщиной: 100 мм при высоте этажа до 4 м
ГЭСН	08	08-04-003	Кладка перегородок из газобетонных блоков на клее	08-04-003-02	100 м2	Кладка перегородок из газобетонных блоков на клее толщиной: 100 мм при высоте этажа свыше 4 м
ГЭСН	08	08-04-003	Кладка перегородок из газобетонных блоков на клее	08-04-003-03	100 м2	Кладка перегородок из газобетонных блоков на клее толщиной: 200 мм при высоте этажа до 4 м
ГЭСН	08	08-04-003	Кладка перегородок из газобетонных блоков на клее	08-04-003-04	100 м2	Кладка перегородок из газобетонных блоков на клее толщиной: 200 мм при высоте этажа свыше 4 м
ГЭСН	08	08-05-001	Укладка подоконных железобетонных плит	08-05-001-01	100 м2	Укладка подоконных железобетонных плит: с мозаичным покрытием
ГЭСН	08	08-05-001	Укладка подоконных железобетонных плит	08-05-001-02	100 м2	Укладка подоконных железобетонных плит: гладких
ГЭСН	08	08-05-002	Устройство крылец	08-05-002-01	м2	Устройство крылец с покрытием из асфальтобетона: с входной площадкой
ГЭСН	08	08-05-002	Устройство крылец	08-05-002-02	м2	Устройство крылец с покрытием из асфальтобетона: с входом с одной стороны в одну ступень
ГЭСН	08	08-05-002	Устройство крылец	08-05-002-03	м2	Устройство крылец с покрытием из асфальтобетона: с входом с трех сторон в три ступени
ГЭСН	08	08-06-001	Монтаж мусоропровода со стволом из хризотилцементных труб	08-06-001-01	мусоропровод	Монтаж мусоропровода со стволом из хризотилцементных труб в 9-этажных зданиях с пятью клапанами общей высотой 25 м
ГЭСН	08	08-06-001	Монтаж мусоропровода со стволом из хризотилцементных труб	08-06-001-02	этаж	На каждый этаж сверх или менее девяти при монтаже мусоропровода добавлять или исключать к норме 08-06-001-01
ГЭСН	08	08-06-001	Монтаж мусоропровода со стволом из хризотилцементных труб	08-06-001-03	м	На 1 м удлинения ствола мусоропровода при высоте этажа более 2,8 м добавлять или исключать к норме 08-06-001-01
ГЭСН	08	08-06-001	Монтаж мусоропровода со стволом из хризотилцементных труб	08-06-001-04	шт	На один дополнительный приемный клапан при монтаже мусоропровода добавлять к норме 08-06-001-01
ГЭСН	08	08-06-002	Окраска металлических деталей мусоропровода	08-06-002-01	мусоропровод	Окраска металлических деталей мусоропровода в 9-этажных зданиях с пятью клапанами
ГЭСН	08	08-06-002	Окраска металлических деталей мусоропровода	08-06-002-02	мусоропровод	При окраске металлических деталей мусоропровода на каждый этаж сверх или менее девяти добавлять или исключать к норме 08-06-002-01
ГЭСН	08	08-06-002	Окраска металлических деталей мусоропровода	08-06-002-03	мусоропровод	При окраске металлических деталей мусоропровода на один дополнительный клапан добавлять к норме 08-06-002-01
ГЭСН	08	08-06-003	Монтаж мусоропровода со стволом из хризотилцементных труб с системой прочистки и пожаротушения	08-06-003-01	мусоропровод	Монтаж мусоропровода со стволом из хризотилцементных труб с системой прочистки и пожаротушения в 17-этажных зданиях с 16 клапанами, общей высотой здания 48 м
ГЭСН	08	08-06-003	Монтаж мусоропровода со стволом из хризотилцементных труб с системой прочистки и пожаротушения	08-06-003-02	этаж	На каждый этаж сверх или менее семнадцати при монтаже мусоропровода добавлять или исключать к норме 08-06-003-01
ГЭСН	08	08-06-003	Монтаж мусоропровода со стволом из хризотилцементных труб с системой прочистки и пожаротушения	08-06-003-03	м	На 1 м удлинения ствола мусоропровода при высоте этажа более 2,8 м добавлять или исключать к норме 08-06-003-01
ГЭСН	08	08-06-003	Монтаж мусоропровода со стволом из хризотилцементных труб с системой прочистки и пожаротушения	08-06-003-04	шт	На один дополнительный приемный клапан при монтаже мусоропровода добавлять к норме 08-06-003-01
ГЭСН	08	08-06-004	Монтаж мусоропровода со стволом из труб коррозионно-стойкой стали	08-06-004-01	мусоропровод	Монтаж мусоропровода со стволом из труб коррозионно-стойкой стали с системой прочистки и пожаротушения в 17-этажных зданиях с 16 клапанами, общей высотой здания 48 м
ГЭСН	08	08-06-004	Монтаж мусоропровода со стволом из труб коррозионно-стойкой стали	08-06-004-02	этаж	На каждый этаж сверх или менее семнадцати при монтаже мусоропровода добавлять или исключать к норме 08-06-004-01
ГЭСН	08	08-06-004	Монтаж мусоропровода со стволом из труб коррозионно-стойкой стали	08-06-004-03	м	На 1 м удлинения ствола мусоропровода при высоте этажа более 2,8 м добавлять или исключать к норме 08-06-004-01
ГЭСН	08	08-06-004	Монтаж мусоропровода со стволом из труб коррозионно-стойкой стали	08-06-004-04	шт	На один дополнительный приемный клапан при монтаже мусоропровода добавлять к норме 08-06-004-01
ГЭСН	08	08-06-005	Монтаж мусоропровода со стволом из труб нержавеющей стали трехслойных	08-06-005-01	мусоропровод	Монтаж мусоропровода со стволом из труб нержавеющей стали трехслойных с системой прочистки и пожаротушения в 17-этажных зданиях с 16 клапанами, общей высотой здания 48 м
ГЭСН	08	08-06-005	Монтаж мусоропровода со стволом из труб нержавеющей стали трехслойных	08-06-005-02	этаж	На каждый этаж сверх или менее семнадцати при монтаже мусоропровода добавлять или исключать к норме 08-06-005-01
ГЭСН	08	08-06-005	Монтаж мусоропровода со стволом из труб нержавеющей стали трехслойных	08-06-005-03	м	На 1 м удлинения ствола мусоропровода при высоте этажа более 2,8 м добавлять или исключать к норме 08-06-005-01
ГЭСН	08	08-06-005	Монтаж мусоропровода со стволом из труб нержавеющей стали трехслойных	08-06-005-04	10 шт	На один дополнительный приемный клапан при монтаже мусоропровода добавлять к норме 08-06-005-01
ГЭСН	08	08-07-001	Установка и разборка наружных инвентарных лесов	08-07-001-01	100 м2	Установка и разборка наружных инвентарных лесов высотой до 16 м: трубчатых для кладки облицовки
ГЭСН	08	08-07-001	Установка и разборка наружных инвентарных лесов	08-07-001-02	100 м2	Установка и разборка наружных инвентарных лесов высотой до 16 м: трубчатых для прочих отделочных работ
ГЭСН	08	08-07-001	Установка и разборка наружных инвентарных лесов	08-07-001-03	100 м2	Установка и разборка наружных инвентарных лесов высотой до 16 м: подвесных
ГЭСН	08	08-07-001	Установка и разборка наружных инвентарных лесов	08-07-001-04	100 м2	На каждые последующие 4 м высоты наружных инвентарных лесов добавлять: к нормам 08-07-001-01, 08-07-001-02
ГЭСН	08	08-07-001	Установка и разборка наружных инвентарных лесов	08-07-001-05	100 м2	На каждые последующие 4 м высоты наружных инвентарных лесов добавлять: к норме 08-07-001-03
ГЭСН	08	08-07-002	Установка и разборка внутренних инвентарных лесов	08-07-002-01	100 м2 горизонтальной проекции	Установка и разборка внутренних трубчатых инвентарных лесов: при высоте помещений до 6 м
ГЭСН	08	08-07-002	Установка и разборка внутренних инвентарных лесов	08-07-002-02	100 м2 горизонтальной проекции	Установка и разборка внутренних трубчатых инвентарных лесов: на каждые последующие 4 м высоты помещений добавлять к норме 08-07-002-01
ГЭСН	08	08-07-003	Изготовление стальных деталей подвесных лесов	08-07-003-01	т	Изготовление стальных деталей подвесных лесов
ГЭСН	08	08-07-004	Изготовление деревянных деталей подвесных лесов	08-07-004-01	м3	Изготовление деревянных деталей подвесных лесов
ГЭСН	08	08-07-005	Изготовление дощатых щитов настила для подвесных лесов	08-07-005-01	100 м2	Изготовление дощатых щитов настила для подвесных лесов
ГЭСН	08	08-07-006	Устройство защитной декоративной сетки на время ремонта фасада	08-07-006-01	100 м2	Устройство защитной декоративной сетки на время ремонта фасада
ГЭСН	08	08-07-007	Установка и разборка металлических модульных лесов	08-07-007-01	100 м2	Металлические модульные леса фасадного типа высотой до 16 м: установка
ГЭСН	08	08-07-007	Установка и разборка металлических модульных лесов	08-07-007-02	100 м2	Металлические модульные леса фасадного типа высотой до 16 м: разборка
ГЭСН	08	08-07-007	Установка и разборка металлических модульных лесов	08-07-007-03	100 м2	Металлические модульные леса башенного типа высотой до 10 м: установка
ГЭСН	08	08-07-007	Установка и разборка металлических модульных лесов	08-07-007-04	100 м2	Металлические модульные леса башенного типа высотой до 10 м: разборка
ГЭСН	08	08-07-007	Установка и разборка металлических модульных лесов	08-07-007-05	100 м2 горизонтальной проекции	Металлические модульные леса башенного консольно-опорного типа (балконов) на высоте до 16 м: установка
ГЭСН	08	08-07-007	Установка и разборка металлических модульных лесов	08-07-007-06	100 м2 горизонтальной проекции	Металлические модульные леса башенного консольно-опорного типа (балконов) на высоте до 16 м: разборка
ГЭСН	08	08-07-007	Установка и разборка металлических модульных лесов	08-07-007-07	т	Амортизация строительных модульных лесов
ГЭСН	08	08-08-001	Основания под печи, очаги и трубы в нижних этажах зданий	08-08-001-01	м3	Основания под печи, очаги и трубы в нижних этажах: бутовые
ГЭСН	08	08-08-001	Основания под печи, очаги и трубы в нижних этажах зданий	08-08-001-02	м3	Основания под печи, очаги и трубы в нижних этажах: кирпичные
ГЭСН	08	08-08-002	Основания под печи, очаги и трубы в верхних этажах зданий	08-08-002-01	шт	Основания под печи, очаги и трубы в верхних этажах зданий
ГЭСН	08	08-08-003	Кладка печей, очагов	08-08-003-01	м3	Кладка печей, очагов: отопительных с топкой под дрова не облицованных и не оштукатуренных
ГЭСН	08	08-08-003	Кладка печей, очагов	08-08-003-02	м3	Кладка печей, очагов: отопительных с топкой под дрова в стальных футлярах
ГЭСН	08	08-08-003	Кладка печей, очагов	08-08-003-03	м3	Кладка печей, очагов: отопительных с топкой под уголь не облицованных и не оштукатуренных
ГЭСН	08	08-08-003	Кладка печей, очагов	08-08-003-04	м3	Кладка печей, очагов: отопительных с топкой под уголь в стальных футлярах
ГЭСН	08	08-08-003	Кладка печей, очагов	08-08-003-05	м3	Кладка печей, очагов: кухонных с топкой под дрова без щитка
ГЭСН	08	08-08-003	Кладка печей, очагов	08-08-003-06	м3	Кладка печей, очагов: кухонных с топкой под дрова со щитком
ГЭСН	08	08-08-003	Кладка печей, очагов	08-08-003-07	м3	Кладка печей, очагов: кухонных с топкой под уголь без щитка
ГЭСН	08	08-08-003	Кладка печей, очагов	08-08-003-08	м3	Кладка печей, очагов: кухонных с топкой под уголь со щитком
ГЭСН	08	08-08-003	Кладка печей, очагов	08-08-003-09	м3	Кладка печей, очагов: пищеварочных с топкой под дрова
ГЭСН	08	08-08-003	Кладка печей, очагов	08-08-003-10	м3	Кладка печей, очагов: пищеварочных с топкой под уголь
ГЭСН	08	08-08-004	Установка очагов металлических	08-08-004-01	шт	Установка очагов металлических
ГЭСН	08	08-08-005	Кладка дымовых кирпичных труб	08-08-005-01	м3	Кладка дымовых кирпичных труб
ГЭСН	08	08-08-006	Отделка печей	08-08-006-01	100 м2	Отделка печей: изразцами
ГЭСН	08	08-08-006	Отделка печей	08-08-006-02	100 м2	Отделка печей: штукатурным глиняным раствором без сетки
ГЭСН	08	08-08-006	Отделка печей	08-08-006-03	100 м2	Отделка печей: штукатурным глиняным раствором по сетке
ГЭСН	09	09-01-001	Монтаж каркасов одноэтажных производственных зданий одно- и многопролетных без фонарей	09-01-001-01	т	Монтаж каркасов одноэтажных производственных зданий одно- и многопролетных без фонарей пролетом: до 24 м, высотой до 15 м без кранов
ГЭСН	09	09-01-001	Монтаж каркасов одноэтажных производственных зданий одно- и многопролетных без фонарей	09-01-001-02	т	Монтаж каркасов одноэтажных производственных зданий одно- и многопролетных без фонарей пролетом: до 24 м, высотой до 20 м с мостовыми и подвесными кранами грузоподъемностью до 15 т
ГЭСН	09	09-01-001	Монтаж каркасов одноэтажных производственных зданий одно- и многопролетных без фонарей	09-01-001-03	т	Монтаж каркасов одноэтажных производственных зданий одно- и многопролетных без фонарей пролетом: до 36 м, высотой до 25 м с мостовыми и подвесными кранами грузоподъемностью до 200 т
ГЭСН	09	09-01-001	Монтаж каркасов одноэтажных производственных зданий одно- и многопролетных без фонарей	09-01-001-04	т	Монтаж каркасов одноэтажных производственных зданий одно- и многопролетных без фонарей пролетом: до 36 м, высотой до 30 м с мостовыми и подвесными кранами грузоподъемностью до 360 т
ГЭСН	09	09-01-001	Монтаж каркасов одноэтажных производственных зданий одно- и многопролетных без фонарей	09-01-001-05	т	Монтаж каркасов одноэтажных производственных зданий одно- и многопролетных без фонарей пролетом: до 48 м, высотой до 50 м с мостовыми и подвесными кранами грузоподъемностью до 500 т
ГЭСН	09	09-01-001	Монтаж каркасов одноэтажных производственных зданий одно- и многопролетных без фонарей	09-01-001-06	т	Монтаж каркасов одноэтажных производственных зданий одно- и многопролетных без фонарей пролетом: до 60 м, высотой до 60 м с подвесными кранами и без них
ГЭСН	09	09-01-001	Монтаж каркасов одноэтажных производственных зданий одно- и многопролетных без фонарей	09-01-001-07	т	Монтаж каркасов одноэтажных производственных зданий одно- и многопролетных без фонарей пролетом: до 96 м, высотой до 60 м с подвесными кранами и без них
ГЭСН	09	09-01-001	Монтаж каркасов одноэтажных производственных зданий одно- и многопролетных без фонарей	09-01-001-08	т	Монтаж каркасов многоэтажных производственных зданий одно- и многопролетных высотой: до 40 м
ГЭСН	09	09-01-001	Монтаж каркасов одноэтажных производственных зданий одно- и многопролетных без фонарей	09-01-001-09	т	Монтаж каркасов многоэтажных производственных зданий одно- и многопролетных высотой: до 70 м
ГЭСН	09	09-01-001	Монтаж каркасов одноэтажных производственных зданий одно- и многопролетных без фонарей	09-01-001-10	т	Монтаж каркасов многоэтажных производственных зданий одно- и многопролетных высотой: до 50 м этажерочного типа
ГЭСН	09	09-01-001	Монтаж каркасов одноэтажных производственных зданий одно- и многопролетных без фонарей	09-01-001-11	т	Монтаж каркасов многоэтажных производственных зданий одно- и многопролетных высотой: до 100 м этажерочного типа
ГЭСН	09	09-01-001	Монтаж каркасов одноэтажных производственных зданий одно- и многопролетных без фонарей	09-01-001-12	т	Монтаж каркасов многоэтажных гражданских зданий одно- и многоэтажных высотой: до 25 м
ГЭСН	09	09-01-001	Монтаж каркасов одноэтажных производственных зданий одно- и многопролетных без фонарей	09-01-001-13	т	Монтаж каркасов многоэтажных гражданских зданий одно- и многоэтажных высотой: до 70 м
ГЭСН	09	09-01-001	Монтаж каркасов одноэтажных производственных зданий одно- и многопролетных без фонарей	09-01-001-14	т	Монтаж каркасов многоэтажных гражданских зданий одно- и многоэтажных высотой: до 120 м
ГЭСН	09	09-01-001	Монтаж каркасов одноэтажных производственных зданий одно- и многопролетных без фонарей	09-01-001-15	т	При применении высокопрочных болтов в узлах монтажных соединений исключаются затраты на электродуговую сварку: из норм 09-01-001-01, 09-01-001-02, 09-01-001-03
ГЭСН	09	09-01-001	Монтаж каркасов одноэтажных производственных зданий одно- и многопролетных без фонарей	09-01-001-16	т	При применении высокопрочных болтов в узлах монтажных соединений исключаются затраты на электродуговую сварку: из норм 09-01-001-08, 09-01-001-09, 09-01-001-10, 09-01-001-11, 09-01-001-12, 09-01-001-1
ГЭСН	09	09-01-002	Монтаж элементов каркасов быстровозводимых одноэтажных зданий из стальных сварных профилей на болтовых соединениях (без применения сварки)	09-01-002-01	т	Монтаж элементов каркасов быстровозводимых одноэтажных зданий из стальных сварных профилей на болтовых соединениях (без применения сварки): рам основного несущего каркаса
ГЭСН	09	09-01-002	Монтаж элементов каркасов быстровозводимых одноэтажных зданий из стальных сварных профилей на болтовых соединениях (без применения сварки)	09-01-002-02	т	Монтаж элементов каркасов быстровозводимых одноэтажных зданий из стальных сварных профилей на болтовых соединениях (без применения сварки): стеновых прогонов
ГЭСН	09	09-01-002	Монтаж элементов каркасов быстровозводимых одноэтажных зданий из стальных сварных профилей на болтовых соединениях (без применения сварки)	09-01-002-03	т	Монтаж элементов каркасов быстровозводимых одноэтажных зданий из стальных сварных профилей на болтовых соединениях (без применения сварки): кровельных прогонов
ГЭСН	09	09-01-002	Монтаж элементов каркасов быстровозводимых одноэтажных зданий из стальных сварных профилей на болтовых соединениях (без применения сварки)	09-01-002-04	т	Монтаж элементов каркасов быстровозводимых одноэтажных зданий из стальных сварных профилей на болтовых соединениях (без применения сварки): элементов обрамления проемов
ГЭСН	09	09-01-003	Монтаж элементов каркасов быстровозводимых многоэтажных зданий из стальных сварных профилей на болтовых соединениях (без применения сварки)	09-01-003-01	т	Монтаж элементов каркасов быстровозводимых многоэтажных зданий из стальных сварных профилей на болтовых соединениях (без применения сварки): колонн
ГЭСН	09	09-01-003	Монтаж элементов каркасов быстровозводимых многоэтажных зданий из стальных сварных профилей на болтовых соединениях (без применения сварки)	09-01-003-02	т	Монтаж элементов каркасов быстровозводимых многоэтажных зданий из стальных сварных профилей на болтовых соединениях (без применения сварки): балок межэтажных перекрытий
ГЭСН	09	09-01-003	Монтаж элементов каркасов быстровозводимых многоэтажных зданий из стальных сварных профилей на болтовых соединениях (без применения сварки)	09-01-003-03	т	Монтаж элементов каркасов быстровозводимых многоэтажных зданий из стальных сварных профилей на болтовых соединениях (без применения сварки): связей
ГЭСН	09	09-01-015	Монтаж легких металлоконструкций из профильных труб	09-01-015-01	т	Монтаж легких металлоконструкций из профильных труб павильонов при укрупнительной сборке элементов на болтовых соединениях
ГЭСН	09	09-03-001	Монтаж опорных плит с обработанной поверхностью	09-03-001-01	т	Монтаж опорных плит с обработанной поверхностью массой: до 0,1 т
ГЭСН	09	09-03-001	Монтаж опорных плит с обработанной поверхностью	09-03-001-02	т	Монтаж опорных плит с обработанной поверхностью массой: до 0,5 т
ГЭСН	09	09-03-001	Монтаж опорных плит с обработанной поверхностью	09-03-001-03	т	Монтаж опорных плит с обработанной поверхностью массой: до 1,0 т
ГЭСН	09	09-03-001	Монтаж опорных плит с обработанной поверхностью	09-03-001-04	т	Монтаж опорных плит с обработанной поверхностью массой: более 1,0 т
ГЭСН	09	09-03-002	Монтаж колонн одноэтажных и многоэтажных зданий и крановых эстакад	09-03-002-01	т	Монтаж колонн одноэтажных и многоэтажных зданий и крановых эстакад высотой: до 25 м цельного сечения массой до 1,0 т
ГЭСН	09	09-03-002	Монтаж колонн одноэтажных и многоэтажных зданий и крановых эстакад	09-03-002-02	т	Монтаж колонн одноэтажных и многоэтажных зданий и крановых эстакад высотой: до 25 м цельного сечения массой свыше 1,0 до 3,0 т
ГЭСН	09	09-03-002	Монтаж колонн одноэтажных и многоэтажных зданий и крановых эстакад	09-03-002-03	т	Монтаж колонн одноэтажных и многоэтажных зданий и крановых эстакад высотой: до 25 м цельного сечения массой свыше 3,0 до 5,0 т
ГЭСН	09	09-03-002	Монтаж колонн одноэтажных и многоэтажных зданий и крановых эстакад	09-03-002-04	т	Монтаж колонн одноэтажных и многоэтажных зданий и крановых эстакад высотой: до 25 м составного сечения массой до 3,0 т
ГЭСН	09	09-03-002	Монтаж колонн одноэтажных и многоэтажных зданий и крановых эстакад	09-03-002-05	т	Монтаж колонн одноэтажных и многоэтажных зданий и крановых эстакад высотой: до 25 м составного сечения массой свыше 3,0 до 5,0 т
ГЭСН	09	09-03-002	Монтаж колонн одноэтажных и многоэтажных зданий и крановых эстакад	09-03-002-06	т	Монтаж колонн одноэтажных и многоэтажных зданий и крановых эстакад высотой: до 25 м составного сечения массой свыше 5,0 до 15,0 т
ГЭСН	09	09-03-002	Монтаж колонн одноэтажных и многоэтажных зданий и крановых эстакад	09-03-002-07	т	Монтаж колонн одноэтажных и многоэтажных зданий и крановых эстакад высотой: до 25 м составного сечения массой свыше 15,0 т
ГЭСН	09	09-03-002	Монтаж колонн одноэтажных и многоэтажных зданий и крановых эстакад	09-03-002-08	т	Монтаж колонн одноэтажных и многоэтажных зданий и крановых эстакад высотой: свыше 25 до 50 м составного сечения массой до 15,0 т
ГЭСН	09	09-03-002	Монтаж колонн одноэтажных и многоэтажных зданий и крановых эстакад	09-03-002-09	т	Монтаж колонн одноэтажных и многоэтажных зданий и крановых эстакад высотой: свыше 25 до 50 м составного сечения массой свыше 15,0 т
ГЭСН	09	09-03-002	Монтаж колонн одноэтажных и многоэтажных зданий и крановых эстакад	09-03-002-10	т	Монтаж колонн многоэтажных зданий различного назначения при высоте здания: до 25 м
ГЭСН	09	09-03-002	Монтаж колонн одноэтажных и многоэтажных зданий и крановых эстакад	09-03-002-11	т	Монтаж колонн многоэтажных зданий различного назначения при высоте здания: свыше 25 до 50 м
ГЭСН	09	09-03-002	Монтаж колонн одноэтажных и многоэтажных зданий и крановых эстакад	09-03-002-12	т	Монтаж балок, ригелей перекрытия, покрытия и под установку оборудования многоэтажных зданий при высоте здания: до 25 м
ГЭСН	09	09-03-002	Монтаж колонн одноэтажных и многоэтажных зданий и крановых эстакад	09-03-002-13	т	Монтаж балок, ригелей перекрытия, покрытия и под установку оборудования многоэтажных зданий при высоте здания: свыше 25 до 50 м
ГЭСН	09	09-03-003	Монтаж подкрановых балок	09-03-003-01	т	Монтаж одиночных подкрановых балок на отметке до 25 м массой: до 1,0 т
ГЭСН	09	09-03-003	Монтаж подкрановых балок	09-03-003-02	т	Монтаж одиночных подкрановых балок на отметке до 25 м массой: до 2,0 т
ГЭСН	09	09-03-003	Монтаж подкрановых балок	09-03-003-03	т	Монтаж одиночных подкрановых балок на отметке до 25 м массой: более 2,0 т
ГЭСН	09	09-03-003	Монтаж подкрановых балок	09-03-003-04	т	Монтаж блоков подкрановых балок полной заводской готовности на отметке до 25 м пролетом до 12 м массой: до 2,0 т
ГЭСН	09	09-03-003	Монтаж подкрановых балок	09-03-003-05	т	Монтаж блоков подкрановых балок полной заводской готовности на отметке до 25 м пролетом до 12 м массой: до 3,0 т
ГЭСН	09	09-03-003	Монтаж подкрановых балок	09-03-003-06	т	Монтаж блоков подкрановых балок полной заводской готовности на отметке до 25 м пролетом до 12 м массой: более 3,0 т
ГЭСН	09	09-03-003	Монтаж подкрановых балок	09-03-003-07	т	Монтаж блоков подкрановых балок, укрупняемых на монтаже, на отметке: до 25 м пролетом до 12 м массой до 2,0 т
ГЭСН	09	09-03-003	Монтаж подкрановых балок	09-03-003-08	т	Монтаж блоков подкрановых балок, укрупняемых на монтаже, на отметке: до 25 м пролетом до 12 м массой до 3,0 т
ГЭСН	09	09-03-003	Монтаж подкрановых балок	09-03-003-09	т	Монтаж блоков подкрановых балок, укрупняемых на монтаже, на отметке: до 25 м пролетом до 12 м массой более 3,0 т
ГЭСН	09	09-03-003	Монтаж подкрановых балок	09-03-003-10	т	Монтаж блоков подкрановых балок, укрупняемых на монтаже, на отметке: до 25 м пролетом до 24 м
ГЭСН	09	09-03-003	Монтаж подкрановых балок	09-03-003-11	т	Монтаж блоков подкрановых балок, укрупняемых на монтаже, на отметке: до 25 м пролетом до 30 м
ГЭСН	09	09-03-003	Монтаж подкрановых балок	09-03-003-12	т	Монтаж ограждений по подкрановым балкам
ГЭСН	09	09-03-004	Монтаж подкраново-подстропильных ферм пролетом более 30 м при поставке россыпью	09-03-004-01	т	Монтаж подкраново-подстропильных ферм пролетом более 30 м при поставке россыпью
ГЭСН	09	09-03-005	Монтаж подкрановых путей	09-03-005-01	100 м	Монтаж подкрановых путей: по металлическим подкрановым балкам для рельсов типа Р
ГЭСН	09	09-03-005	Монтаж подкрановых путей	09-03-005-02	100 м	Монтаж подкрановых путей: по металлическим подкрановым балкам для рельсов типа КР
ГЭСН	09	09-03-005	Монтаж подкрановых путей	09-03-005-03	100 м	Монтаж подкрановых путей: по железобетонным подкрановым балкам
ГЭСН	09	09-03-005	Монтаж подкрановых путей	09-03-005-04	100 м	Монтаж подкрановых путей: по деревянным полушпалам в одну нить из рельсов типа Р
ГЭСН	09	09-03-006	Монтаж подвесных путей и монорельсов для тельферов на высоте до 25 м	09-03-006-01	100 м	Монтаж подвесных путей и монорельсов для тельферов на высоте до 25 м: прямолинейных по металлическим опорам, номера балок 24 М
ГЭСН	09	09-03-006	Монтаж подвесных путей и монорельсов для тельферов на высоте до 25 м	09-03-006-02	100 м	Монтаж подвесных путей и монорельсов для тельферов на высоте до 25 м: прямолинейных по металлическим опорам, номера балок 36 М
ГЭСН	09	09-03-006	Монтаж подвесных путей и монорельсов для тельферов на высоте до 25 м	09-03-006-03	100 м	Монтаж подвесных путей и монорельсов для тельферов на высоте до 25 м: прямолинейных по металлическим опорам, номера балок 45 М
ГЭСН	09	09-03-006	Монтаж подвесных путей и монорельсов для тельферов на высоте до 25 м	09-03-006-04	100 м	Монтаж подвесных путей и монорельсов для тельферов на высоте до 25 м: прямолинейных по железобетонным опорам, номера балок 24 М
ГЭСН	09	09-03-006	Монтаж подвесных путей и монорельсов для тельферов на высоте до 25 м	09-03-006-05	100 м	Монтаж подвесных путей и монорельсов для тельферов на высоте до 25 м: прямолинейных по железобетонным опорам, номера балок 36 М
ГЭСН	09	09-03-006	Монтаж подвесных путей и монорельсов для тельферов на высоте до 25 м	09-03-006-06	100 м	Монтаж подвесных путей и монорельсов для тельферов на высоте до 25 м: прямолинейных по железобетонным опорам, номера балок 45 М
ГЭСН	09	09-03-006	Монтаж подвесных путей и монорельсов для тельферов на высоте до 25 м	09-03-006-07	100 м	Монтаж подвесных путей и монорельсов для тельферов на высоте до 25 м: криволинейных по металлическим опорам, номера балок 24 М
ГЭСН	09	09-03-006	Монтаж подвесных путей и монорельсов для тельферов на высоте до 25 м	09-03-006-08	100 м	Монтаж подвесных путей и монорельсов для тельферов на высоте до 25 м: криволинейных по металлическим опорам, номера балок 36 М
ГЭСН	09	09-03-006	Монтаж подвесных путей и монорельсов для тельферов на высоте до 25 м	09-03-006-09	100 м	Монтаж подвесных путей и монорельсов для тельферов на высоте до 25 м: криволинейных по металлическим опорам, номера балок 45 М
ГЭСН	09	09-03-006	Монтаж подвесных путей и монорельсов для тельферов на высоте до 25 м	09-03-006-10	100 м	Монтаж подвесных путей и монорельсов для тельферов на высоте до 25 м: криволинейных по железобетонным опорам, номера балок 24 М
ГЭСН	09	09-03-006	Монтаж подвесных путей и монорельсов для тельферов на высоте до 25 м	09-03-006-11	100 м	Монтаж подвесных путей и монорельсов для тельферов на высоте до 25 м: криволинейных по железобетонным опорам, номера балок 36 М
ГЭСН	09	09-03-006	Монтаж подвесных путей и монорельсов для тельферов на высоте до 25 м	09-03-006-12	100 м	Монтаж подвесных путей и монорельсов для тельферов на высоте до 25 м: криволинейных по железобетонным опорам, номера балок 45 М
ГЭСН	09	09-03-012	Монтаж стропильных и подстропильных ферм, опорных стоек	09-03-012-01	т	Монтаж стропильных и подстропильных ферм на высоте до 25 м пролетом: до 24 м массой до 3,0 т
ГЭСН	09	09-03-012	Монтаж стропильных и подстропильных ферм, опорных стоек	09-03-012-02	т	Монтаж стропильных и подстропильных ферм на высоте до 25 м пролетом: до 24 м массой до 5,0 т
ГЭСН	09	09-03-012	Монтаж стропильных и подстропильных ферм, опорных стоек	09-03-012-03	т	Монтаж стропильных и подстропильных ферм на высоте до 25 м пролетом: до 24 м массой более 5,0 т
ГЭСН	09	09-03-012	Монтаж стропильных и подстропильных ферм, опорных стоек	09-03-012-04	т	Монтаж стропильных и подстропильных ферм на высоте до 25 м пролетом: до 36 м массой до 5,0 т
ГЭСН	09	09-03-012	Монтаж стропильных и подстропильных ферм, опорных стоек	09-03-012-05	т	Монтаж стропильных и подстропильных ферм на высоте до 25 м пролетом: до 36 м массой до 8,0 т
ГЭСН	09	09-03-012	Монтаж стропильных и подстропильных ферм, опорных стоек	09-03-012-06	т	Монтаж стропильных и подстропильных ферм на высоте до 25 м пролетом: до 36 м массой до 10,0 т
ГЭСН	09	09-03-012	Монтаж стропильных и подстропильных ферм, опорных стоек	09-03-012-07	т	Монтаж стропильных и подстропильных ферм на высоте до 25 м пролетом: до 36 м массой более 10,0 т
ГЭСН	09	09-03-012	Монтаж стропильных и подстропильных ферм, опорных стоек	09-03-012-08	т	Монтаж стропильных и подстропильных ферм на высоте до 25 м пролетом: до 48 м массой до 8,0 т
ГЭСН	09	09-03-012	Монтаж стропильных и подстропильных ферм, опорных стоек	09-03-012-09	т	Монтаж стропильных и подстропильных ферм на высоте до 25 м пролетом: до 48 м массой до 10,0 т
ГЭСН	09	09-03-012	Монтаж стропильных и подстропильных ферм, опорных стоек	09-03-012-10	т	Монтаж стропильных и подстропильных ферм на высоте до 25 м пролетом: до 48 м массой до 15,0 т
ГЭСН	09	09-03-012	Монтаж стропильных и подстропильных ферм, опорных стоек	09-03-012-11	т	Монтаж стропильных и подстропильных ферм на высоте до 25 м пролетом: до 48 м массой более 15,0 т
ГЭСН	09	09-03-012	Монтаж стропильных и подстропильных ферм, опорных стоек	09-03-012-12	т	Монтаж опорных стоек для пролетов: до 24 м
ГЭСН	09	09-03-012	Монтаж стропильных и подстропильных ферм, опорных стоек	09-03-012-13	т	Монтаж опорных стоек для пролетов: до 48 м
ГЭСН	09	09-03-012	Монтаж стропильных и подстропильных ферм, опорных стоек	09-03-012-14	100 м	Монтаж стропил из спаренного оцинкованного профиля для кровли
ГЭСН	09	09-03-013	Монтаж вертикальных связей в виде ферм	09-03-013-01	т	Монтаж вертикальных связей в виде ферм для пролетов: до 24 м при высоте здания до 25 м
ГЭСН	09	09-03-013	Монтаж вертикальных связей в виде ферм	09-03-013-02	т	Монтаж вертикальных связей в виде ферм для пролетов: до 24 м при высоте здания до 50 м
ГЭСН	09	09-03-013	Монтаж вертикальных связей в виде ферм	09-03-013-03	т	Монтаж вертикальных связей в виде ферм для пролетов: более 24 м при высоте здания до 25 м
ГЭСН	09	09-03-013	Монтаж вертикальных связей в виде ферм	09-03-013-04	т	Монтаж вертикальных связей в виде ферм для пролетов: более 24 м при высоте здания до 50 м
ГЭСН	09	09-03-014	Монтаж связей и распорок из одиночных и парных уголков, гнутосварных профилей	09-03-014-01	т	Монтаж связей и распорок из одиночных и парных уголков, гнутосварных профилей для пролетов: до 24 м при высоте здания до 25 м
ГЭСН	09	09-03-014	Монтаж связей и распорок из одиночных и парных уголков, гнутосварных профилей	09-03-014-02	т	Монтаж связей и распорок из одиночных и парных уголков, гнутосварных профилей для пролетов: до 24 м при высоте здания до 50 м
ГЭСН	09	09-03-014	Монтаж связей и распорок из одиночных и парных уголков, гнутосварных профилей	09-03-014-03	т	Монтаж связей и распорок из одиночных и парных уголков, гнутосварных профилей для пролетов: более 24 м при высоте здания до 25 м
ГЭСН	09	09-03-014	Монтаж связей и распорок из одиночных и парных уголков, гнутосварных профилей	09-03-014-04	т	Монтаж связей и распорок из одиночных и парных уголков, гнутосварных профилей для пролетов: более 24 м при высоте здания до 50 м
ГЭСН	09	09-03-015	Монтаж прогонов при шаге ферм до 12 м	09-03-015-01	т	Монтаж прогонов при шаге ферм до 12 м при высоте здания: до 25 м
ГЭСН	09	09-03-015	Монтаж прогонов при шаге ферм до 12 м	09-03-015-02	т	Монтаж прогонов при шаге ферм до 12 м при высоте здания: до 50 м
ГЭСН	09	09-04-009	Монтаж оконных блоков	09-04-009-01	т	Монтаж оконных блоков: стальных с нащельниками из стали при высоте здания до 50 м
ГЭСН	09	09-04-009	Монтаж оконных блоков	09-04-009-02	т	Монтаж оконных блоков: стальных с нащельниками из алюминиевых сплавов при высоте здания до 50 м
ГЭСН	09	09-04-009	Монтаж оконных блоков	09-04-009-03	т	Монтаж оконных блоков: алюминиевых с нащельниками из алюминия
ГЭСН	09	09-04-009	Монтаж оконных блоков	09-04-009-04	100 м2	Монтаж оконных блоков: из алюминиевых многокамерных профилей с герметичными стеклопакетами
ГЭСН	09	09-04-010	Монтаж витражей, витрин и остекленных панелей фасадов	09-04-010-01	т	Монтаж витражей, витрин: с двойным или одинарным остеклением для высотных зданий
ГЭСН	09	09-04-010	Монтаж витражей, витрин и остекленных панелей фасадов	09-04-010-02	т	Монтаж витражей, витрин: с одинарным остеклением в одноэтажных зданиях
ГЭСН	09	09-04-010	Монтаж витражей, витрин и остекленных панелей фасадов	09-04-010-03	100 м2	Монтаж навесных панелей фасадов из герметичных стеклопакетов в пластиковой или алюминиевой обвязке
ГЭСН	09	09-04-010	Монтаж витражей, витрин и остекленных панелей фасадов	09-04-010-05	100 м2	Заделка стыков при монтаже алюминиевых витражей
ГЭСН	09	09-04-010	Монтаж витражей, витрин и остекленных панелей фасадов	09-04-010-06	м2	Установка конструкций витражей из нержавеющей стали
ГЭСН	09	09-04-010	Монтаж витражей, витрин и остекленных панелей фасадов	09-04-010-07	100 шт	Установка опорных кронштейнов для крепления витражных блоков из алюминиевых профилей
ГЭСН	09	09-04-010	Монтаж витражей, витрин и остекленных панелей фасадов	09-04-010-08	100 м2	Монтаж каркаса витражных блоков из алюминиевых профилей
ГЭСН	09	09-04-010	Монтаж витражей, витрин и остекленных панелей фасадов	09-04-010-09	100 м2	Заполнение каркаса витражных блоков из алюминиевых профилей стеклом
ГЭСН	09	09-04-011	Монтаж каркасов ворот большепролетных зданий, ангаров и др. без механизмов открывания	09-04-011-01	т	Монтаж каркасов ворот большепролетных зданий, ангаров и др. без механизмов открывания
ГЭСН	09	09-04-012	Установка металлических дверных блоков в готовые проемы	09-04-012-01	м2	Установка металлических дверных блоков в готовые проемы
ГЭСН	09	09-04-012	Установка металлических дверных блоков в готовые проемы	09-04-012-02	шт	Установка дверного доводчика к металлическим дверям
ГЭСН	09	09-04-012	Установка металлических дверных блоков в готовые проемы	09-04-012-03	10 шт	Установка устройства экстренного открывания металлических дверей
ГЭСН	09	09-04-013	Установка противопожарных дверей	09-04-013-01	м2	Установка противопожарных дверей: однопольных глухих
ГЭСН	09	09-04-013	Установка противопожарных дверей	09-04-013-02	м2	Установка противопожарных дверей: двупольных глухих
ГЭСН	09	09-04-013	Установка противопожарных дверей	09-04-013-03	м2	Установка противопожарных дверей: однопольных остекленных
ГЭСН	09	09-04-013	Установка противопожарных дверей	09-04-013-04	м2	Установка противопожарных дверей: двупольных остекленных
ГЭСН	09	09-04-013	Установка противопожарных дверей	09-04-013-05	10 шт	Установка на анкера противопожарных дверей: однопольных
ГЭСН	09	09-04-013	Установка противопожарных дверей	09-04-013-06	10 шт	Установка на анкера противопожарных дверей: двупольных
ГЭСН	09	09-04-014	Заделка швов в местах примыкания	09-04-014-01	100 м	Заделка швов в местах примыкания металлических оконных блоков, перегородок, витражей к стенам и между собой: тиоколовой мастикой
ГЭСН	09	09-04-014	Заделка швов в местах примыкания	09-04-014-02	100 м	Заделка швов в местах примыкания металлических оконных блоков, перегородок, витражей к стенам и между собой: смоляной паклей
ГЭСН	09	09-04-015	Установка в жилых и общественных зданиях оконных блоков из алюминиевых профилей	09-04-015-01	100 м2	Установка в жилых и общественных зданиях оконных блоков из алюминиевых профилей: глухих с площадью проема до 2 м2
ГЭСН	09	09-04-015	Установка в жилых и общественных зданиях оконных блоков из алюминиевых профилей	09-04-015-02	100 м2	Установка в жилых и общественных зданиях оконных блоков из алюминиевых профилей: поворотных (откидных, поворотно-откидных) с площадью проема до 2 м2 одностворчатых
ГЭСН	09	09-04-015	Установка в жилых и общественных зданиях оконных блоков из алюминиевых профилей	09-04-015-03	100 м2	Установка в жилых и общественных зданиях оконных блоков из алюминиевых профилей: поворотных (откидных, поворотно-откидных) с площадью проема до 2 м2 двухстворчатых
ГЭСН	09	09-04-015	Установка в жилых и общественных зданиях оконных блоков из алюминиевых профилей	09-04-015-04	100 м2	Установка в жилых и общественных зданиях оконных блоков из алюминиевых профилей: глухих с площадью проема более 2 м2
ГЭСН	09	09-04-015	Установка в жилых и общественных зданиях оконных блоков из алюминиевых профилей	09-04-015-05	100 м2	Установка в жилых и общественных зданиях оконных блоков из алюминиевых профилей: поворотных (откидных, поворотно-откидных) с площадью проема более 2 м2 одностворчатых
ГЭСН	09	09-04-015	Установка в жилых и общественных зданиях оконных блоков из алюминиевых профилей	09-04-015-06	100 м2	Установка в жилых и общественных зданиях оконных блоков из алюминиевых профилей: поворотных (откидных, поворотно-откидных) с площадью проема более 2 м2 двухстворчатых
ГЭСН	09	09-04-015	Установка в жилых и общественных зданиях оконных блоков из алюминиевых профилей	09-04-015-07	100 м2	Установка в жилых и общественных зданиях оконных блоков из алюминиевых профилей: поворотных (откидных, поворотно-откидных) с площадью проема более 2 м2 трехстворчатых
ГЭСН	09	09-04-016	Установка решеток на окна	09-04-016-01	т	Установка решеток на окна массой: до 25 кг/м2
ГЭСН	09	09-04-016	Установка решеток на окна	09-04-016-02	т	Установка решеток на окна массой: свыше 25 до 50 кг/м2
ГЭСН	09	09-04-017	Установка обрамлений проемов шахтных дверей	09-04-017-01	шт	Установка обрамлений проемов шахтных дверей, при ширине дверного проема: до 800 мм
ГЭСН	09	09-04-017	Установка обрамлений проемов шахтных дверей	09-04-017-02	шт	Установка обрамлений проемов шахтных дверей, при ширине дверного проема: свыше 800 до 1000 мм
ГЭСН	09	09-04-017	Установка обрамлений проемов шахтных дверей	09-04-017-03	шт	Установка обрамлений проемов шахтных дверей, при ширине дверного проема: свыше 1000 до 1200 мм
ГЭСН	09	09-04-017	Установка обрамлений проемов шахтных дверей	09-04-017-04	шт	Установка обрамлений проемов шахтных дверей, при ширине дверного проема: свыше 1200 до 1400 мм
ГЭСН	09	09-04-018	Монтаж витражных блоков входных групп из алюминиевых профилей	09-04-018-01	100 шт	Установка опорных кронштейнов для крепления витражных алюминиевых блоков входных групп
ГЭСН	09	09-04-018	Монтаж витражных блоков входных групп из алюминиевых профилей	09-04-018-02	100 м2	Монтаж каркаса витражных блоков из алюминиевых профилей для входных групп, массой конструкции до 43 кг/м2
ГЭСН	09	09-04-018	Монтаж витражных блоков входных групп из алюминиевых профилей	09-04-018-03	100 м2	Заполнение каркаса витражных блоков из алюминиевых профилей: сэндвич панелями площадью до 0,5 м2
ГЭСН	09	09-04-018	Монтаж витражных блоков входных групп из алюминиевых профилей	09-04-018-04	100 м2	Заполнение каркаса витражных блоков из алюминиевых профилей: сэндвич панелями площадью свыше 0,5 до 1 м2
ГЭСН	09	09-04-018	Монтаж витражных блоков входных групп из алюминиевых профилей	09-04-018-05	100 м2	Заполнение каркаса витражных блоков из алюминиевых профилей: сэндвич панелями площадью свыше 1 до 2 м2
ГЭСН	09	09-04-018	Монтаж витражных блоков входных групп из алюминиевых профилей	09-04-018-06	100 м2	Заполнение каркаса витражных блоков из алюминиевых профилей: стеклопакетами площадью до 1 м2
ГЭСН	09	09-04-018	Монтаж витражных блоков входных групп из алюминиевых профилей	09-04-018-07	100 м2	Заполнение каркаса витражных блоков из алюминиевых профилей: стеклопакетами площадью свыше 1 до 2 м2
ГЭСН	09	09-04-018	Монтаж витражных блоков входных групп из алюминиевых профилей	09-04-018-08	100 м2	Заполнение каркаса витражных блоков из алюминиевых профилей: стеклопакетами площадью свыше 2 до 3 м2
ГЭСН	09	09-04-018	Монтаж витражных блоков входных групп из алюминиевых профилей	09-04-018-09	100 м2	Заполнение каркаса витражных блоков из алюминиевых профилей: вентрешетками
ГЭСН	09	09-04-018	Монтаж витражных блоков входных групп из алюминиевых профилей	09-04-018-10	100 м2	Заполнение каркаса витражных блоков из алюминиевых профилей: дверными блоками
ГЭСН	09	09-04-019	Монтаж системы остекления фасадов из габаритных стеклопакетов по стоечно-ригельной присоединительной системе	09-04-019-01	стойка	Установка цельностеклянных стоек из многослойного термоупрочненного стекла
ГЭСН	09	09-04-019	Монтаж системы остекления фасадов из габаритных стеклопакетов по стоечно-ригельной присоединительной системе	09-04-019-02	100 м2	Установка остекления фасада цельностеклянными двухкамерными стеклопакетами площадью свыше 27 до 36 м2
ГЭСН	09	09-05-001	Облицовка ворот стальным профилированным листом	09-05-001-01	100 м2	Облицовка ворот стальным профилированным листом
ГЭСН	09	09-05-002	Электродуговая сварка при монтаже	09-05-002-01	10 т	Электродуговая сварка при монтаже одноэтажных производственных зданий: каркасов в целом
ГЭСН	09	09-05-002	Электродуговая сварка при монтаже	09-05-002-02	10 т	Электродуговая сварка при монтаже одноэтажных производственных зданий: опорных частей каркасов (колонны, подкрановые балки)
ГЭСН	09	09-05-002	Электродуговая сварка при монтаже	09-05-002-03	10 т	Электродуговая сварка при монтаже одноэтажных производственных зданий: ограждений
ГЭСН	09	09-05-002	Электродуговая сварка при монтаже	09-05-002-04	10 т	Электродуговая сварка при монтаже одноэтажных производственных зданий: покрытий (фермы, балки)
ГЭСН	09	09-05-003	Постановка болтов	09-05-003-01	100 шт	Постановка болтов: строительных с гайками и шайбами
ГЭСН	09	09-05-003	Постановка болтов	09-05-003-02	100 шт	Постановка болтов: высокопрочных
ГЭСН	09	09-05-004	Ультразвуковой контроль качества сварных соединений	09-05-004-01	м шва	Ультразвуковой контроль качества сварных соединений, положение шва: нижнее и вертикальное толщиной металла до 10 мм
ГЭСН	09	09-05-004	Ультразвуковой контроль качества сварных соединений	09-05-004-02	м шва	Ультразвуковой контроль качества сварных соединений, положение шва: нижнее и вертикальное толщиной металла до 20 мм
ГЭСН	09	09-05-004	Ультразвуковой контроль качества сварных соединений	09-05-004-03	м шва	Ультразвуковой контроль качества сварных соединений, положение шва: нижнее и вертикальное толщиной металла до 30 мм
ГЭСН	09	09-05-004	Ультразвуковой контроль качества сварных соединений	09-05-004-04	м шва	Ультразвуковой контроль качества сварных соединений, положение шва: нижнее и вертикальное толщиной металла до 40 мм
ГЭСН	09	09-05-004	Ультразвуковой контроль качества сварных соединений	09-05-004-05	м шва	Ультразвуковой контроль качества сварных соединений, положение шва: потолочное толщиной металла до 10 мм
ГЭСН	09	09-05-004	Ультразвуковой контроль качества сварных соединений	09-05-004-06	м шва	Ультразвуковой контроль качества сварных соединений, положение шва: потолочное толщиной металла до 20 мм
ГЭСН	09	09-05-004	Ультразвуковой контроль качества сварных соединений	09-05-004-07	м шва	Ультразвуковой контроль качества сварных соединений, положение шва: потолочное толщиной металла до 30 мм
ГЭСН	09	09-05-004	Ультразвуковой контроль качества сварных соединений	09-05-004-08	м шва	Ультразвуковой контроль качества сварных соединений, положение шва: потолочное толщиной металла до 40 мм
ГЭСН	09	09-05-005	Контроль качества сварных соединений	09-05-005-01	м шва	Контроль качества сварных соединений: рентгеновскими лучами толщиной металла до 5 мм
ГЭСН	09	09-05-005	Контроль качества сварных соединений	09-05-005-02	м шва	Контроль качества сварных соединений: рентгеновскими лучами толщиной металла до 10 мм
ГЭСН	09	09-05-005	Контроль качества сварных соединений	09-05-005-03	м шва	Контроль качества сварных соединений: рентгеновскими лучами толщиной металла до 15 мм
ГЭСН	09	09-05-005	Контроль качества сварных соединений	09-05-005-04	м шва	Контроль качества сварных соединений: рентгеновскими лучами толщиной металла до 20 мм
ГЭСН	09	09-05-005	Контроль качества сварных соединений	09-05-005-05	м шва	Контроль качества сварных соединений: рентгеновскими лучами толщиной металла до 30 мм
ГЭСН	09	09-05-005	Контроль качества сварных соединений	09-05-005-06	м шва	Контроль качества сварных соединений: рентгеновскими лучами толщиной металла до 40 мм
ГЭСН	09	09-05-005	Контроль качества сварных соединений	09-05-005-07	м шва	Контроль качества сварных соединений: гамма-лучами толщиной металла до 5 мм
ГЭСН	09	09-05-005	Контроль качества сварных соединений	09-05-005-08	м шва	Контроль качества сварных соединений: гамма-лучами толщиной металла до 10 мм
ГЭСН	09	09-05-005	Контроль качества сварных соединений	09-05-005-09	м шва	Контроль качества сварных соединений: гамма-лучами толщиной металла до 15 мм
ГЭСН	09	09-05-005	Контроль качества сварных соединений	09-05-005-10	м шва	Контроль качества сварных соединений: гамма-лучами толщиной металла до 20 мм
ГЭСН	09	09-05-005	Контроль качества сварных соединений	09-05-005-11	м шва	Контроль качества сварных соединений: гамма-лучами толщиной металла до 30 мм
ГЭСН	09	09-05-005	Контроль качества сварных соединений	09-05-005-12	м шва	Контроль качества сварных соединений: гамма-лучами толщиной металла до 40 мм
ГЭСН	09	09-05-006	Резка стального профилированного настила	09-05-006-01	м реза	Резка стального профилированного настила
ГЭСН	09	09-05-007	Вырезка отверстий в металлоконструкциях	09-05-007-01	100 м	Вырезка отверстий в металлоконструкциях при толщине стали: до 5 мм
ГЭСН	09	09-05-007	Вырезка отверстий в металлоконструкциях	09-05-007-02	100 м	Вырезка отверстий в металлоконструкциях при толщине стали: от 5 до 10 мм
ГЭСН	09	09-05-007	Вырезка отверстий в металлоконструкциях	09-05-007-03	100 м	Вырезка отверстий в металлоконструкциях при толщине стали: от 10 до 20 мм
ГЭСН	09	09-05-007	Вырезка отверстий в металлоконструкциях	09-05-007-04	100 м	Вырезка отверстий в металлоконструкциях при толщине стали: от 20 до 30 мм
ГЭСН	09	09-05-007	Вырезка отверстий в металлоконструкциях	09-05-007-05	100 м	Вырезка отверстий в металлоконструкциях при толщине стали: от 30 до 40 мм
ГЭСН	09	09-05-007	Вырезка отверстий в металлоконструкциях	09-05-007-06	100 м	Вырезка отверстий в металлоконструкциях при толщине стали: от 40 до 50 мм
ГЭСН	09	09-05-007	Вырезка отверстий в металлоконструкциях	09-05-007-07	100 м	Вырезка отверстий в металлоконструкциях при толщине стали: от 50 до 60 мм
ГЭСН	09	09-05-007	Вырезка отверстий в металлоконструкциях	09-05-007-08	100 м	Вырезка отверстий в металлоконструкциях при толщине стали: более 60 мм
ГЭСН	09	09-05-008	Облицовка заправочного островка	09-05-008-01	100 м	Облицовка заправочного островка
ГЭСН	09	09-05-009	Установка алюминиевых фризов, сливов, нащельников	09-05-009-01	100 м	Установка алюминиевых: фризов
ГЭСН	09	09-05-009	Установка алюминиевых фризов, сливов, нащельников	09-05-009-02	100 м	Установка алюминиевых: сливов
ГЭСН	09	09-05-009	Установка алюминиевых фризов, сливов, нащельников	09-05-009-03	100 м	Установка алюминиевых: нащельников
ГЭСН	09	09-05-010	Подшивка терморазъемов витражей асбестоцементными листами	09-05-010-01	100 м2	Подшивка терморазъемов витражей асбестоцементными листами
ГЭСН	09	09-05-011	Облицовка ограждений балконов и лоджий стальным профилированным листом	09-05-011-01	100 м2	Облицовка ограждений балконов и лоджий стальным профилированным листом
ГЭСН	09	09-05-012	Облицовка алюминиевыми панелями с сотовым заполнением	09-05-012-01	т	Облицовка алюминиевыми панелями с сотовым заполнением: стен
ГЭСН	09	09-05-012	Облицовка алюминиевыми панелями с сотовым заполнением	09-05-012-02	100 м2	Облицовка алюминиевыми панелями с сотовым заполнением: потолков
ГЭСН	09	09-05-013	Контроль качества сварных соединений резервуаров беспроводным комплексом цифровой радиографии	09-05-013-01	м сварного шва	Контроль качества сварных соединений резервуаров беспроводным комплексом цифровой радиографии: толщиной металла до 15 мм
ГЭСН	09	09-05-013	Контроль качества сварных соединений резервуаров беспроводным комплексом цифровой радиографии	09-05-013-02	м сварного шва	Контроль качества сварных соединений резервуаров беспроводным комплексом цифровой радиографии: толщиной металла свыше 15 до 30 мм
ГЭСН	09	09-08-001	Установка металлических столбов для устройства средств физической защиты периметра	09-08-001-01	100 шт	Установка металлических столбов высотой до 4 м: с погружением в бетонное основание
ГЭСН	09	09-08-001	Установка металлических столбов для устройства средств физической защиты периметра	09-08-001-02	100 шт	Установка металлических столбов высотой до 4 м: на винтовых сваях
ГЭСН	09	09-08-001	Установка металлических столбов для устройства средств физической защиты периметра	09-08-001-03	100 шт	Установка металлических столбов высотой до 4 м: на подготовленный бетонный фундамент
ГЭСН	09	09-08-001	Установка металлических столбов для устройства средств физической защиты периметра	09-08-001-04	100 шт	Установка металлических столбов высотой более 4 м: с погружением в бетонное основание
ГЭСН	09	09-08-001	Установка металлических столбов для устройства средств физической защиты периметра	09-08-001-05	100 шт	Установка металлических столбов высотой более 4 м: на винтовых сваях
ГЭСН	09	09-08-001	Установка металлических столбов для устройства средств физической защиты периметра	09-08-001-06	100 шт	Установка металлических столбов высотой более 4 м: на подготовленный бетонный фундамент
ГЭСН	09	09-08-002	Устройство средств физической защиты периметра по металлическим столбам	09-08-002-01	100 м	Устройство барьеров безопасности: плоских
ГЭСН	09	09-08-002	Устройство средств физической защиты периметра по металлическим столбам	09-08-002-02	100 м	Устройство барьеров безопасности: спиральных
ГЭСН	09	09-08-002	Устройство средств физической защиты периметра по металлическим столбам	09-08-002-03	100 м	Устройство барьеров безопасности: плоских с креплением на кронштейнах
ГЭСН	09	09-08-002	Устройство средств физической защиты периметра по металлическим столбам	09-08-002-04	100 м	Устройство барьеров безопасности: спиральных с креплением на кронштейнах
ГЭСН	09	09-08-002	Устройство средств физической защиты периметра по металлическим столбам	09-08-002-05	10 шт	Устройство заграждений из готовых металлических решетчатых панелей: высотой до 2 м
ГЭСН	09	09-08-002	Устройство средств физической защиты периметра по металлическим столбам	09-08-002-06	10 шт	Устройство заграждений из готовых металлических решетчатых панелей: высотой более 2 м
ГЭСН	09	09-08-002	Устройство средств физической защиты периметра по металлическим столбам	09-08-002-07	10 шт	Устройство калиток из готовых металлических решетчатых панелей
ГЭСН	09	09-08-002	Устройство средств физической защиты периметра по металлическим столбам	09-08-002-08	10 шт	Навеска ворот распашных из готовых металлических решетчатых панелей
ГЭСН	09	09-08-003	Монтаж автоматического дорожного шлагбаума для контроля проезда	09-08-003-01	компл	Монтаж автоматического дорожного шлагбаума для контроля проезда шириной до: 4 м
ГЭСН	09	09-08-003	Монтаж автоматического дорожного шлагбаума для контроля проезда	09-08-003-02	компл	Монтаж автоматического дорожного шлагбаума для контроля проезда шириной до: 8 м
ГЭСН	09	09-08-003	Монтаж автоматического дорожного шлагбаума для контроля проезда	09-08-003-03	компл	Монтаж автоматического дорожного шлагбаума для контроля проезда шириной до: 12 м
ГЭСН	09	09-08-004	Установка противотаранного барьера	09-08-004-01	компл	Установка противотаранного барьера: с ручным приводом
ГЭСН	09	09-08-004	Установка противотаранного барьера	09-08-004-02	компл	Установка противотаранного барьера: с автоматическим приводом
ГЭСН	09	09-08-004	Установка противотаранного барьера	09-08-004-03	компл	Установка противотаранного барьера: с полуавтоматическим приводом
ГЭСН	09	09-08-005	Установка и настройка средств принудительной остановки автотранспорта	09-08-005-01	компл	Установка и настройка средств принудительной остановки автотранспорта с автоматическим управлением, подъемная часть шириной: 2,5 м
ГЭСН	09	09-08-005	Установка и настройка средств принудительной остановки автотранспорта	09-08-005-02	компл	Установка и настройка средств принудительной остановки автотранспорта с автоматическим управлением, подъемная часть шириной: 3 м
ГЭСН	09	09-08-006	Установка бронекабин	09-08-006-01	т металлоконструкций	Установка опорных металлоконструкций под бронекабины на готовый фундамент
ГЭСН	09	09-08-006	Установка бронекабин	09-08-006-02	шт	Установка бронекабин: на готовый фундамент
ГЭСН	09	09-08-006	Установка бронекабин	09-08-006-03	шт	Установка бронекабин: на опорную металлоконструкцию высотой до 3 м
ГЭСН	09	09-08-006	Установка бронекабин	09-08-006-04	шт	Установка бронекабин: на опорную металлоконструкцию высотой более 3 м
ГЭСН	09	09-08-007	Монтаж роллетных систем	09-08-007-01	100 м2	Монтаж роллетных систем: подъемных и секционных ворот
ГЭСН	09	09-08-007	Монтаж роллетных систем	09-08-007-02	100 м2	Монтаж роллетных систем: противопожарных штор
ГЭСН	09	09-08-008	Устройство противоподкопных решеток из готовых металлических решетчатых панелей	09-08-008-01	т	Устройство противоподкопных решеток из готовых металлических решетчатых панелей с креплением к металлическим: столбам
ГЭСН	09	09-08-008	Устройство противоподкопных решеток из готовых металлических решетчатых панелей	09-08-008-02	т	Устройство противоподкопных решеток из готовых металлических решетчатых панелей с креплением к металлическим: сваям
ГЭСН	09	09-08-009	Устройство защитных дорожных ограждений для животных	09-08-009-01	100 м	Устройство защитных дорожных ограждений для животных без противоподкопа, шаг стоек: 3 м
ГЭСН	09	09-08-009	Устройство защитных дорожных ограждений для животных	09-08-009-02	100 м	Устройство защитных дорожных ограждений для животных без противоподкопа, шаг стоек: 4 м
ГЭСН	09	09-08-009	Устройство защитных дорожных ограждений для животных	09-08-009-03	100 м	Устройство защитных дорожных ограждений для животных с противоподкопом, шаг стоек: 3 м
ГЭСН	09	09-08-009	Устройство защитных дорожных ограждений для животных	09-08-009-04	100 м	Устройство защитных дорожных ограждений для животных с противоподкопом, шаг стоек: 4 м
ГЭСН	10	10-01-001	Сборка и установка конструкций кровельных покрытий	10-01-001-01	шт	Укрупнительная сборка и установка конструкций арок и ферм сегментных с металлической затяжкой пролетом: 18 м
ГЭСН	10	10-01-001	Сборка и установка конструкций кровельных покрытий	10-01-001-02	шт	Укрупнительная сборка и установка конструкций арок и ферм сегментных с металлической затяжкой пролетом: 24 м
ГЭСН	10	10-01-001	Сборка и установка конструкций кровельных покрытий	10-01-001-03	шт	Установка балок пролетом: 9 м объемом до 0,5 м3
ГЭСН	10	10-01-001	Сборка и установка конструкций кровельных покрытий	10-01-001-04	шт	Установка балок пролетом: 9 м объемом более 0,5 м3
ГЭСН	10	10-01-001	Сборка и установка конструкций кровельных покрытий	10-01-001-05	шт	Установка балок пролетом: 12 м
ГЭСН	10	10-01-001	Сборка и установка конструкций кровельных покрытий	10-01-001-06	шт	Установка балок пролетом: 15 м объемом до 2 м3
ГЭСН	10	10-01-001	Сборка и установка конструкций кровельных покрытий	10-01-001-07	шт	Установка балок пролетом: 15 м объемом более 2 м3
ГЭСН	10	10-01-001	Сборка и установка конструкций кровельных покрытий	10-01-001-08	шт	Установка балок пролетом: 18 м одинарных объемом до 5 м3
ГЭСН	10	10-01-001	Сборка и установка конструкций кровельных покрытий	10-01-001-09	шт	Установка балок пролетом: 18 м спаренных объемом до 10 м3
ГЭСН	10	10-01-001	Сборка и установка конструкций кровельных покрытий	10-01-001-10	шт	Укладка панелей и покрытий длиной 6 м площадью до 10 м2
ГЭСН	10	10-01-002	Установка стропил	10-01-002-01	м3	Установка стропил
ГЭСН	10	10-01-003	Устройство слуховых окон	10-01-003-01	шт	Устройство слуховых окон
ГЭСН	10	10-01-007	Рубка стен	10-01-007-01	100 м2	Рубка стен: из брусьев толщиной 100 мм
ГЭСН	10	10-01-007	Рубка стен	10-01-007-02	100 м2	Рубка стен: из брусьев толщиной 150 мм
ГЭСН	10	10-01-007	Рубка стен	10-01-007-03	100 м2	Рубка стен: из брусьев толщиной 180 мм
ГЭСН	10	10-01-007	Рубка стен	10-01-007-04	100 м2	Рубка стен: из бревен диаметром 20 см
ГЭСН	10	10-01-007	Рубка стен	10-01-007-05	100 м2	Рубка стен: из бревен диаметром 24 см
ГЭСН	10	10-01-007	Рубка стен	10-01-007-06	100 м2	Рубка стен: из бревен диаметром 26 см
ГЭСН	10	10-01-007	Рубка стен	10-01-007-07	100 м2	Рубка стен: из пластин
ГЭСН	10	10-01-008	Дополнительные работы по устройству деревянных стен	10-01-008-01	100 м2	Обшивка стен рубленых
ГЭСН	10	10-01-008	Дополнительные работы по устройству деревянных стен	10-01-008-02	100 м2	Острожка: брусьев
ГЭСН	10	10-01-008	Дополнительные работы по устройству деревянных стен	10-01-008-03	100 м2	Острожка: бревен
ГЭСН	10	10-01-008	Дополнительные работы по устройству деревянных стен	10-01-008-04	100 м2	Устройство: фронтонов
ГЭСН	10	10-01-008	Дополнительные работы по устройству деревянных стен	10-01-008-05	100 м2	Устройство: карнизов
ГЭСН	10	10-01-008	Дополнительные работы по устройству деревянных стен	10-01-008-06	100 м2	Обивка стен кровельной сталью: неоцинкованной по войлоку
ГЭСН	10	10-01-008	Дополнительные работы по устройству деревянных стен	10-01-008-07	100 м2	Обивка стен кровельной сталью: неоцинкованной по хризотилцементу
ГЭСН	10	10-01-008	Дополнительные работы по устройству деревянных стен	10-01-008-08	100 м2	Обивка стен кровельной сталью: оцинкованной по войлоку
ГЭСН	10	10-01-008	Дополнительные работы по устройству деревянных стен	10-01-008-09	100 м2	Обивка стен кровельной сталью: оцинкованной по хризотилцементу
ГЭСН	10	10-01-009	Установка сжимов для рубленых стен	10-01-009-01	100 м	Установка сжимов для рубленых стен
ГЭСН	10	10-01-010	Установка элементов каркаса	10-01-010-01	м3	Установка элементов каркаса: из брусьев
ГЭСН	10	10-01-010	Установка элементов каркаса	10-01-010-02	м3	Установка элементов каркаса: из бревен и пластин
ГЭСН	10	10-01-011	Заполнение каркаса плитами фибролитовыми	10-01-011-01	100 м2	Устройство стен каркасно-плитных с заполнением каркаса плитами фибролитовыми: в 1 слой
ГЭСН	10	10-01-011	Заполнение каркаса плитами фибролитовыми	10-01-011-02	100 м2	Устройство стен каркасно-плитных с заполнением каркаса плитами фибролитовыми: в 2 слоя
ГЭСН	10	10-01-012	Обшивка каркасных стен	10-01-012-01	100 м2	Обшивка каркасных стен: досками обшивки
ГЭСН	10	10-01-012	Обшивка каркасных стен	10-01-012-02	100 м2	Обшивка каркасных стен: плитами древесноволокнистыми твердыми 5 мм
ГЭСН	10	10-01-012	Обшивка каркасных стен	10-01-012-03	100 м2	Обшивка каркасных стен: плитами древесностружечными 16 мм
ГЭСН	10	10-01-012	Обшивка каркасных стен	10-01-012-04	100 м2	Обшивка каркасных стен: досками под штукатурку
ГЭСН	10	10-01-012	Обшивка каркасных стен	10-01-012-05	100 м2	Обшивка каркасных стен: пергамином
ГЭСН	10	10-01-013	Устройство перегородок под штукатурку	10-01-013-01	100 м2	Устройство перегородок под штукатурку: щитовых неодранкованных толщиной 48 мм
ГЭСН	10	10-01-013	Устройство перегородок под штукатурку	10-01-013-02	100 м2	Устройство перегородок под штукатурку: дощатых двухслойных с прокладкой толя
ГЭСН	10	10-01-013	Устройство перегородок под штукатурку	10-01-013-03	100 м2	Устройство перегородок под штукатурку: дощатых однослойных, забранных в обвязки
ГЭСН	10	10-01-013	Устройство перегородок под штукатурку	10-01-013-04	100 м2	Устройство перегородок под штукатурку: каркасных обшитых с двух сторон досками с засыпным утеплителем
ГЭСН	10	10-01-013	Устройство перегородок под штукатурку	10-01-013-05	100 м2	Устройство перегородок под штукатурку: каркасных обшитых с двух сторон досками без утеплителя
ГЭСН	10	10-01-013	Устройство перегородок под штукатурку	10-01-013-06	100 м2	Устройство перегородок под штукатурку: каркасных из фибролитовых плит толщиной 75 мм однослойных
ГЭСН	10	10-01-013	Устройство перегородок под штукатурку	10-01-013-07	100 м2	Устройство перегородок под штукатурку: каркасных из фибролитовых плит толщиной 50 мм двухслойных с воздушной прослойкой
ГЭСН	10	10-01-014	Устройство чистых перегородок	10-01-014-01	100 м2	Устройство чистых перегородок: щитовых (глухих под остекление, с металлической сеткой, филенчатых)
ГЭСН	10	10-01-014	Устройство чистых перегородок	10-01-014-02	100 м2	Устройство чистых перегородок: дощатых однослойных
ГЭСН	10	10-01-014	Устройство чистых перегородок	10-01-014-03	100 м2	Устройство чистых перегородок: каркасных с обшивкой фанерой с двух сторон
ГЭСН	10	10-01-014	Устройство чистых перегородок	10-01-014-04	100 м2	Устройство чистых перегородок: каркасных с обшивкой фанерой с одной стороны
ГЭСН	10	10-01-015	Устройство каркасно-филенчатых перегородок в санузлах и барьеров в гардеробных	10-01-015-01	100 м2	Устройство перегородок каркасно-филенчатых в санузлах
ГЭСН	10	10-01-015	Устройство каркасно-филенчатых перегородок в санузлах и барьеров в гардеробных	10-01-015-02	100 м2	Устройство барьеров в гардеробных
ГЭСН	10	10-01-016	Устройство перегородок из ПВХ профилей	10-01-016-01	100 м2	Устройство перегородок из ПВХ профилей: глухих
ГЭСН	10	10-01-016	Устройство перегородок из ПВХ профилей	10-01-016-02	100 м2	Устройство перегородок из ПВХ профилей: с дверным блоком
ГЭСН	10	10-01-021	Устройство перекрытий с укладкой балок	10-01-021-01	100 м2	Устройство перекрытий с укладкой балок по стенам: каменным с накатом из щитов
ГЭСН	10	10-01-021	Устройство перекрытий с укладкой балок	10-01-021-02	100 м2	Устройство перекрытий с укладкой балок по стенам: каменным с накатом из горбыля
ГЭСН	10	10-01-021	Устройство перекрытий с укладкой балок	10-01-021-03	100 м2	Устройство перекрытий с укладкой балок по стенам: каменным с накатом из досок
ГЭСН	10	10-01-021	Устройство перекрытий с укладкой балок	10-01-021-04	100 м2	Устройство перекрытий с укладкой балок по стенам: каменным с несущей подшивкой из досок
ГЭСН	10	10-01-021	Устройство перекрытий с укладкой балок	10-01-021-05	100 м2	Устройство перекрытий с укладкой балок по стенам: рубленым с накатом из щитов
ГЭСН	10	10-01-021	Устройство перекрытий с укладкой балок	10-01-021-06	100 м2	Устройство перекрытий с укладкой балок по стенам: рубленым с накатом из горбыля
ГЭСН	10	10-01-021	Устройство перекрытий с укладкой балок	10-01-021-07	100 м2	Устройство перекрытий с укладкой балок по стенам: рубленым с накатом из досок
ГЭСН	10	10-01-021	Устройство перекрытий с укладкой балок	10-01-021-08	100 м2	Устройство перекрытий с укладкой балок по стенам: рубленым с несущей подшивкой из досок
ГЭСН	10	10-01-021	Устройство перекрытий с укладкой балок	10-01-021-09	100 м2	Устройство перекрытий с укладкой балок по стенам: нерубленым с накатом из щитов
ГЭСН	10	10-01-021	Устройство перекрытий с укладкой балок	10-01-021-10	100 м2	Устройство перекрытий с укладкой балок по стенам: нерубленым с накатом из горбыля
ГЭСН	10	10-01-021	Устройство перекрытий с укладкой балок	10-01-021-11	100 м2	Устройство перекрытий с укладкой балок по стенам: нерубленым с накатом из досок
ГЭСН	10	10-01-021	Устройство перекрытий с укладкой балок	10-01-021-12	100 м2	Устройство перекрытий с укладкой балок по стенам: нерубленым с несущей подшивкой из досок
ГЭСН	10	10-01-022	Подшивка потолков	10-01-022-01	100 м2	Подшивка потолков: досками обшивки
ГЭСН	10	10-01-022	Подшивка потолков	10-01-022-02	100 м2	Подшивка потолков: под штукатурку
ГЭСН	10	10-01-022	Подшивка потолков	10-01-022-03	100 м2	Подшивка потолков: плитами древесноволокнистыми твердыми толщиной 5 мм
ГЭСН	10	10-01-022	Подшивка потолков	10-01-022-04	100 м2	Подшивка потолков: сталью кровельной неоцинкованной по дереву
ГЭСН	10	10-01-022	Подшивка потолков	10-01-022-05	100 м2	Подшивка потолков: сталью кровельной неоцинкованной по хризотилцементу
ГЭСН	10	10-01-022	Подшивка потолков	10-01-022-06	100 м2	Подшивка потолков: сталью кровельной оцинкованной по дереву
ГЭСН	10	10-01-022	Подшивка потолков	10-01-022-07	100 м2	Подшивка потолков: сталью кровельной оцинкованной по хризотилцементу
ГЭСН	10	10-01-023	Укладка ходовых досок, устройство переходного мостика, ходов по чердаку из щитов	10-01-023-01	100 м	Укладка ходовых досок
ГЭСН	10	10-01-023	Укладка ходовых досок, устройство переходного мостика, ходов по чердаку из щитов	10-01-023-02	100 шт	Устройство переходного мостика через короба на чердаке из нестроганых досок
ГЭСН	10	10-01-023	Укладка ходовых досок, устройство переходного мостика, ходов по чердаку из щитов	10-01-023-03	100 м2	Устройство ходов по чердаку из щитов, изготовленных из нестроганых досок толщиной 40 мм
ГЭСН	10	10-01-027	Установка в жилых и общественных зданиях блоков оконных с переплетами	10-01-027-01	100 м2	Установка в жилых и общественных зданиях блоков оконных с переплетами: спаренными в стенах каменных площадью проема до 2 м2
ГЭСН	10	10-01-027	Установка в жилых и общественных зданиях блоков оконных с переплетами	10-01-027-02	100 м2	Установка в жилых и общественных зданиях блоков оконных с переплетами: спаренными в стенах каменных площадью проема более 2 м2
ГЭСН	10	10-01-027	Установка в жилых и общественных зданиях блоков оконных с переплетами	10-01-027-03	100 м2	Установка в жилых и общественных зданиях блоков оконных с переплетами: раздельными (раздельно-спаренными) в стенах каменных площадью проема до 2 м2
ГЭСН	10	10-01-027	Установка в жилых и общественных зданиях блоков оконных с переплетами	10-01-027-04	100 м2	Установка в жилых и общественных зданиях блоков оконных с переплетами: раздельными (раздельно-спаренными) в стенах каменных площадью проема более 2 м2
ГЭСН	10	10-01-027	Установка в жилых и общественных зданиях блоков оконных с переплетами	10-01-027-05	100 м2	Установка в жилых и общественных зданиях блоков оконных с переплетами: спаренными в стенах деревянных рубленых площадью проема до 2 м2
ГЭСН	10	10-01-027	Установка в жилых и общественных зданиях блоков оконных с переплетами	10-01-027-06	100 м2	Установка в жилых и общественных зданиях блоков оконных с переплетами: спаренными в стенах деревянных рубленых площадью проема более 2 м2
ГЭСН	10	10-01-027	Установка в жилых и общественных зданиях блоков оконных с переплетами	10-01-027-07	100 м2	Установка в жилых и общественных зданиях блоков оконных с переплетами: раздельными (раздельно-спаренными) в стенах деревянных рубленых площадью проема до 2 м2
ГЭСН	10	10-01-027	Установка в жилых и общественных зданиях блоков оконных с переплетами	10-01-027-08	100 м2	Установка в жилых и общественных зданиях блоков оконных с переплетами: раздельными (раздельно-спаренными) в стенах деревянных рубленых площадью проема более 2 м2
ГЭСН	10	10-01-027	Установка в жилых и общественных зданиях блоков оконных с переплетами	10-01-027-09	100 м2	Установка в жилых и общественных зданиях блоков оконных с переплетами: спаренными в стенах деревянных нерубленых площадью проема до 2 м2
ГЭСН	10	10-01-027	Установка в жилых и общественных зданиях блоков оконных с переплетами	10-01-027-10	100 м2	Установка в жилых и общественных зданиях блоков оконных с переплетами: спаренными в стенах деревянных нерубленых площадью проема более 2 м2
ГЭСН	10	10-01-027	Установка в жилых и общественных зданиях блоков оконных с переплетами	10-01-027-11	100 м2	Установка в жилых и общественных зданиях блоков оконных с переплетами: раздельными (раздельно-спаренными) в стенах деревянных нерубленых площадью проема до 2 м2
ГЭСН	10	10-01-027	Установка в жилых и общественных зданиях блоков оконных с переплетами	10-01-027-12	100 м2	Установка в жилых и общественных зданиях блоков оконных с переплетами: раздельными (раздельно-спаренными) в стенах деревянных нерубленых площадью проема более 2 м2
ГЭСН	10	10-01-028	Установка в каменных стенах промышленных зданий блоков оконных с одинарными и спаренными переплетами	10-01-028-01	100 м2	Установка в каменных стенах промышленных зданий блоков оконных с одинарными и спаренными переплетами площадью проема: до 5 м2
ГЭСН	10	10-01-028	Установка в каменных стенах промышленных зданий блоков оконных с одинарными и спаренными переплетами	10-01-028-02	100 м2	Установка в каменных стенах промышленных зданий блоков оконных с одинарными и спаренными переплетами площадью проема: свыше 5 до 10 м2
ГЭСН	10	10-01-028	Установка в каменных стенах промышленных зданий блоков оконных с одинарными и спаренными переплетами	10-01-028-03	100 м2	Установка в каменных стенах промышленных зданий блоков оконных с одинарными и спаренными переплетами площадью проема: свыше 10 м2
ГЭСН	10	10-01-029	Установка приборов	10-01-029-01	100 компл	Установка приборов: фрамужных
ГЭСН	10	10-01-029	Установка приборов	10-01-029-02	100 компл	Установка приборов: оконных
ГЭСН	10	10-01-030	Заполнение ленточных оконных проемов в стенах промышленных зданий	10-01-030-01	100 м2	Заполнение ленточных оконных проемов в стенах промышленных зданий блоками оконными с одинарными и спаренными переплетами, высота проема: 1,215 м
ГЭСН	10	10-01-030	Заполнение ленточных оконных проемов в стенах промышленных зданий	10-01-030-02	100 м2	Заполнение ленточных оконных проемов в стенах промышленных зданий блоками оконными с одинарными и спаренными переплетами, высота проема: 1,815 м
ГЭСН	10	10-01-030	Заполнение ленточных оконных проемов в стенах промышленных зданий	10-01-030-03	100 м2	Заполнение ленточных оконных проемов в стенах промышленных зданий блоками оконными с одинарными и спаренными переплетами, высота проема: 2,415 м
ГЭСН	10	10-01-030	Заполнение ленточных оконных проемов в стенах промышленных зданий	10-01-030-04	100 м2	Заполнение ленточных оконных проемов в стенах промышленных зданий блоками оконными с одинарными и спаренными переплетами, высота проема: 3,615 м
ГЭСН	10	10-01-030	Заполнение ленточных оконных проемов в стенах промышленных зданий	10-01-030-05	100 м2	Заполнение ленточных оконных проемов в стенах промышленных зданий блоками оконными с одинарными и спаренными переплетами, высота проема: 4,215 м
ГЭСН	10	10-01-031	Заполнение оконных проемов отдельными элементами в каменных стенах промышленных зданий	10-01-031-01	100 м2	Заполнение оконных проемов отдельными элементами в каменных стенах промышленных зданий, переплеты одинарные: глухие, площадь проема до 5 м2
ГЭСН	10	10-01-031	Заполнение оконных проемов отдельными элементами в каменных стенах промышленных зданий	10-01-031-02	100 м2	Заполнение оконных проемов отдельными элементами в каменных стенах промышленных зданий, переплеты одинарные: глухие, площадь проема до 10 м2
ГЭСН	10	10-01-031	Заполнение оконных проемов отдельными элементами в каменных стенах промышленных зданий	10-01-031-03	100 м2	Заполнение оконных проемов отдельными элементами в каменных стенах промышленных зданий, переплеты одинарные: открывающиеся, площадь проема до 5 м2
ГЭСН	10	10-01-031	Заполнение оконных проемов отдельными элементами в каменных стенах промышленных зданий	10-01-031-04	100 м2	Заполнение оконных проемов отдельными элементами в каменных стенах промышленных зданий, переплеты одинарные: открывающиеся, площадь проема до 10 м2
ГЭСН	10	10-01-032	Заполнение оконных проемов отдельными элементами в деревянных рубленых стенах	10-01-032-01	100 м2	Заполнение оконных проемов отдельными элементами в деревянных рубленых стенах с конопаткой, переплеты: одинарные, площадь проема до 2 м2
ГЭСН	10	10-01-032	Заполнение оконных проемов отдельными элементами в деревянных рубленых стенах	10-01-032-02	100 м2	Заполнение оконных проемов отдельными элементами в деревянных рубленых стенах с конопаткой, переплеты: одинарные, площадь проема более 2 м2
ГЭСН	10	10-01-032	Заполнение оконных проемов отдельными элементами в деревянных рубленых стенах	10-01-032-03	100 м2	Заполнение оконных проемов отдельными элементами в деревянных рубленых стенах с конопаткой, переплеты: раздельные, площадь проема до 2 м2
ГЭСН	10	10-01-032	Заполнение оконных проемов отдельными элементами в деревянных рубленых стенах	10-01-032-04	100 м2	Заполнение оконных проемов отдельными элементами в деревянных рубленых стенах с конопаткой, переплеты: раздельные, площадь проема более 2 м2
ГЭСН	10	10-01-032	Заполнение оконных проемов отдельными элементами в деревянных рубленых стенах	10-01-032-05	100 м2	Заполнение оконных проемов отдельными элементами в деревянных рубленых стенах с герметизацией пенополиуретановым герметиком, переплеты: одинарные, площадь проема до 2 м2
ГЭСН	10	10-01-032	Заполнение оконных проемов отдельными элементами в деревянных рубленых стенах	10-01-032-06	100 м2	Заполнение оконных проемов отдельными элементами в деревянных рубленых стенах с герметизацией пенополиуретановым герметиком, переплеты: одинарные, площадь проема более 2 м2
ГЭСН	10	10-01-032	Заполнение оконных проемов отдельными элементами в деревянных рубленых стенах	10-01-032-07	100 м2	Заполнение оконных проемов отдельными элементами в деревянных рубленых стенах с герметизацией пенополиуретановым герметиком, переплеты: раздельные, площадь проема до 2 м2
ГЭСН	10	10-01-032	Заполнение оконных проемов отдельными элементами в деревянных рубленых стенах	10-01-032-08	100 м2	Заполнение оконных проемов отдельными элементами в деревянных рубленых стенах с герметизацией пенополиуретановым герметиком, переплеты: раздельные, площадь проема более 2 м2
ГЭСН	10	10-01-033	Установка деревянных подоконных досок в каменных стенах	10-01-033-01	100 м2	Установка деревянных подоконных досок в каменных стенах высотой проема: до 1 м
ГЭСН	10	10-01-033	Установка деревянных подоконных досок в каменных стенах	10-01-033-02	100 м2	Установка деревянных подоконных досок в каменных стенах высотой проема: до 2 м
ГЭСН	10	10-01-033	Установка деревянных подоконных досок в каменных стенах	10-01-033-03	100 м2	Установка деревянных подоконных досок в каменных стенах высотой проема: более 2 м
ГЭСН	10	10-01-034	Установка в жилых и общественных зданиях оконных блоков из ПВХ профилей	10-01-034-01	100 м2	Установка в жилых и общественных зданиях оконных блоков из ПВХ профилей: глухих с площадью проема до 2 м2
ГЭСН	10	10-01-034	Установка в жилых и общественных зданиях оконных блоков из ПВХ профилей	10-01-034-02	100 м2	Установка в жилых и общественных зданиях оконных блоков из ПВХ профилей: глухих с площадью проема более 2 м2
ГЭСН	10	10-01-034	Установка в жилых и общественных зданиях оконных блоков из ПВХ профилей	10-01-034-03	100 м2	Установка в жилых и общественных зданиях оконных блоков из ПВХ профилей: поворотных (откидных, поворотно-откидных) с площадью проема до 2 м2 одностворчатых
ГЭСН	10	10-01-034	Установка в жилых и общественных зданиях оконных блоков из ПВХ профилей	10-01-034-04	100 м2	Установка в жилых и общественных зданиях оконных блоков из ПВХ профилей: поворотных (откидных, поворотно-откидных) с площадью проема более 2 м2 одностворчатых
ГЭСН	10	10-01-034	Установка в жилых и общественных зданиях оконных блоков из ПВХ профилей	10-01-034-05	100 м2	Установка в жилых и общественных зданиях оконных блоков из ПВХ профилей: поворотных (откидных, поворотно-откидных) с площадью проема до 2 м2 двухстворчатых
ГЭСН	10	10-01-034	Установка в жилых и общественных зданиях оконных блоков из ПВХ профилей	10-01-034-06	100 м2	Установка в жилых и общественных зданиях оконных блоков из ПВХ профилей: поворотных (откидных, поворотно-откидных) с площадью проема более 2 м2 двухстворчатых
ГЭСН	10	10-01-034	Установка в жилых и общественных зданиях оконных блоков из ПВХ профилей	10-01-034-07	100 м2	Установка в жилых и общественных зданиях оконных блоков из ПВХ профилей: поворотных (откидных, поворотно-откидных) с площадью проема до 2 м2 трехстворчатых, в том числе при наличии створок глухого ост
ГЭСН	10	10-01-034	Установка в жилых и общественных зданиях оконных блоков из ПВХ профилей	10-01-034-08	100 м2	Установка в жилых и общественных зданиях оконных блоков из ПВХ профилей: поворотных (откидных, поворотно-откидных) с площадью проема более 2 м2 трехстворчатых, в том числе при наличии створок глухого 
ГЭСН	10	10-01-035	Установка подоконных досок из ПВХ	10-01-035-01	100 м	Установка подоконных досок из ПВХ: в каменных стенах толщиной до 0,51 м
ГЭСН	10	10-01-035	Установка подоконных досок из ПВХ	10-01-035-02	100 м	Установка подоконных досок из ПВХ: в панельных стенах
ГЭСН	10	10-01-035	Установка подоконных досок из ПВХ	10-01-035-03	100 м	Установка подоконных досок из ПВХ: в каменных стенах толщиной свыше 0,51 м
ГЭСН	10	10-01-036	Установка уголков ПВХ на клее	10-01-036-01	100 м	Установка уголков ПВХ на клее
ГЭСН	10	10-01-037	Установка противомоскитных сеток	10-01-037-01	100 шт	Установка противомоскитных сеток
ГЭСН	10	10-01-039	Установка блоков	10-01-039-01	100 м2	Установка блоков в наружных и внутренних дверных проемах: в каменных стенах, площадь проема до 3 м2
ГЭСН	10	10-01-039	Установка блоков	10-01-039-02	100 м2	Установка блоков в наружных и внутренних дверных проемах: в каменных стенах, площадь проема более 3 м2
ГЭСН	10	10-01-039	Установка блоков	10-01-039-03	100 м2	Установка блоков в наружных и внутренних дверных проемах с конопаткой: в перегородках и деревянных нерубленых стенах, площадь проема до 3 м2
ГЭСН	10	10-01-039	Установка блоков	10-01-039-04	100 м2	Установка блоков в наружных и внутренних дверных проемах с конопаткой: в перегородках и деревянных нерубленых стенах, площадь проема более 3 м2
ГЭСН	10	10-01-039	Установка блоков	10-01-039-05	100 м2	Установка люков в перекрытиях, площадь проема до 2 м2
ГЭСН	10	10-01-039	Установка блоков	10-01-039-06	100 м2	Установка блоков в наружных и внутренних дверных проемах с герметизацией пенополиуретановым герметиком: в перегородках и деревянных нерубленых стенах, площадь проема до 3 м2
ГЭСН	10	10-01-039	Установка блоков	10-01-039-07	100 м2	Установка блоков в наружных и внутренних дверных проемах с герметизацией пенополиуретановым герметиком: в перегородках и деревянных нерубленых стенах, площадь проема более 3 м2
ГЭСН	10	10-01-040	Заполнение наружных и внутренних дверных проемов отдельными элементами в деревянных рубленых стенах	10-01-040-01	100 м2	Заполнение наружных и внутренних дверных проемов отдельными элементами в деревянных рубленых стенах, площадь проема: до 2 м2
ГЭСН	10	10-01-040	Заполнение наружных и внутренних дверных проемов отдельными элементами в деревянных рубленых стенах	10-01-040-02	100 м2	Заполнение наружных и внутренних дверных проемов отдельными элементами в деревянных рубленых стенах, площадь проема: свыше 2 до 3 м2
ГЭСН	10	10-01-041	Заполнение балконных проемов в каменных стенах жилых и общественных зданий блоками	10-01-041-01	100 м2	Заполнение балконных проемов в каменных стенах жилых и общественных зданий блоками дверными с полотнами: спаренными, площадь проема до 3 м2
ГЭСН	10	10-01-041	Заполнение балконных проемов в каменных стенах жилых и общественных зданий блоками	10-01-041-02	100 м2	Заполнение балконных проемов в каменных стенах жилых и общественных зданий блоками дверными с полотнами: спаренными, площадь проема более 3 м2
ГЭСН	10	10-01-041	Заполнение балконных проемов в каменных стенах жилых и общественных зданий блоками	10-01-041-03	100 м2	Заполнение балконных проемов в каменных стенах жилых и общественных зданий блоками дверными с полотнами: раздельными (раздельно-спаренными), площадь проема до 3 м2
ГЭСН	10	10-01-041	Заполнение балконных проемов в каменных стенах жилых и общественных зданий блоками	10-01-041-04	100 м2	Заполнение балконных проемов в каменных стенах жилых и общественных зданий блоками дверными с полотнами: раздельными (раздельно-спаренными), площадь проема более 3 м2
ГЭСН	10	10-01-042	Заполнение балконных проемов в деревянных рубленых стенах блоками	10-01-042-01	100 м2	Заполнение балконных проемов в деревянных рубленых стенах с конопаткой блоками дверными с полотнами: спаренными, площадь проема до 3 м2
ГЭСН	10	10-01-042	Заполнение балконных проемов в деревянных рубленых стенах блоками	10-01-042-02	100 м2	Заполнение балконных проемов в деревянных рубленых стенах с конопаткой блоками дверными с полотнами: спаренными, площадь проема более 3 м2
ГЭСН	10	10-01-042	Заполнение балконных проемов в деревянных рубленых стенах блоками	10-01-042-03	100 м2	Заполнение балконных проемов в деревянных рубленых стенах с конопаткой блоками дверными с полотнами: раздельными (раздельно-спаренными), площадь проема до 3 м2
ГЭСН	10	10-01-042	Заполнение балконных проемов в деревянных рубленых стенах блоками	10-01-042-04	100 м2	Заполнение балконных проемов в деревянных рубленых стенах с конопаткой блоками дверными с полотнами: раздельными (раздельно-спаренными), площадь проема более 3 м2
ГЭСН	10	10-01-042	Заполнение балконных проемов в деревянных рубленых стенах блоками	10-01-042-05	100 м2	Заполнение балконных проемов в деревянных рубленых стенах с герметизацией пенополиуретановым герметиком блоками дверными с полотнами: спаренными, площадь проема до 3 м2
ГЭСН	10	10-01-042	Заполнение балконных проемов в деревянных рубленых стенах блоками	10-01-042-06	100 м2	Заполнение балконных проемов в деревянных рубленых стенах с герметизацией пенополиуретановым герметиком блоками дверными с полотнами: спаренными, площадь проема более 3 м2
ГЭСН	10	10-01-042	Заполнение балконных проемов в деревянных рубленых стенах блоками	10-01-042-07	100 м2	Заполнение балконных проемов в деревянных рубленых стенах с герметизацией пенополиуретановым герметиком блоками дверными с полотнами: раздельными (раздельно-спаренными), площадь проема до 3 м2
ГЭСН	10	10-01-042	Заполнение балконных проемов в деревянных рубленых стенах блоками	10-01-042-08	100 м2	Заполнение балконных проемов в деревянных рубленых стенах с герметизацией пенополиуретановым герметиком блоками дверными с полотнами: раздельными (раздельно-спаренными), площадь проема более 3 м2
ГЭСН	10	10-01-043	Установка коробок в деревянных стенах	10-01-043-01	100 м2	Установка коробок в деревянных стенах: рубленых в оконных проемах площадью до 2 м2
ГЭСН	10	10-01-043	Установка коробок в деревянных стенах	10-01-043-02	100 м2	Установка коробок в деревянных стенах: рубленых в оконных проемах площадью более 2 м2
ГЭСН	10	10-01-043	Установка коробок в деревянных стенах	10-01-043-03	100 м2	Установка коробок в деревянных стенах: рубленых в дверных проемах площадью до 3 м2
ГЭСН	10	10-01-043	Установка коробок в деревянных стенах	10-01-043-04	100 м2	Установка коробок в деревянных стенах: рубленых в дверных проемах площадью более 3 м2
ГЭСН	10	10-01-043	Установка коробок в деревянных стенах	10-01-043-05	100 м2	Установка коробок в деревянных стенах: нерубленых в оконных проемах площадью до 2 м2
ГЭСН	10	10-01-043	Установка коробок в деревянных стенах	10-01-043-06	100 м2	Установка коробок в деревянных стенах: нерубленых в оконных проемах площадью более 2 м2
ГЭСН	10	10-01-043	Установка коробок в деревянных стенах	10-01-043-07	100 м2	Установка коробок в деревянных стенах: нерубленых в дверных проемах площадью до 3 м2
ГЭСН	10	10-01-043	Установка коробок в деревянных стенах	10-01-043-08	100 м2	Установка коробок в деревянных стенах: нерубленых в дверных проемах площадью более 3 м2
ГЭСН	10	10-01-044	Обивка дверей	10-01-044-01	100 м2	Обивка дверей неоцинкованной кровельной сталью: по войлоку с двух сторон
ГЭСН	10	10-01-044	Обивка дверей	10-01-044-02	100 м2	Обивка дверей неоцинкованной кровельной сталью: по войлоку с одной стороны
ГЭСН	10	10-01-044	Обивка дверей	10-01-044-03	100 м2	Обивка дверей неоцинкованной кровельной сталью: по хризотилцементу с двух сторон
ГЭСН	10	10-01-044	Обивка дверей	10-01-044-04	100 м2	Обивка дверей неоцинкованной кровельной сталью: по хризотилцементу с одной стороны
ГЭСН	10	10-01-044	Обивка дверей	10-01-044-05	100 м2	Обивка дверей неоцинкованной кровельной сталью: по дереву с двух сторон
ГЭСН	10	10-01-044	Обивка дверей	10-01-044-06	100 м2	Обивка дверей неоцинкованной кровельной сталью: по дереву с одной стороны
ГЭСН	10	10-01-044	Обивка дверей	10-01-044-07	100 м2	Обивка дверей оцинкованной кровельной сталью: по войлоку с двух сторон
ГЭСН	10	10-01-044	Обивка дверей	10-01-044-08	100 м2	Обивка дверей оцинкованной кровельной сталью: по войлоку с одной стороны
ГЭСН	10	10-01-044	Обивка дверей	10-01-044-09	100 м2	Обивка дверей оцинкованной кровельной сталью: по хризотилцементу с двух сторон
ГЭСН	10	10-01-044	Обивка дверей	10-01-044-10	100 м2	Обивка дверей оцинкованной кровельной сталью: по хризотилцементу с одной стороны
ГЭСН	10	10-01-044	Обивка дверей	10-01-044-11	100 м2	Обивка дверей оцинкованной кровельной сталью: по дереву с двух сторон
ГЭСН	10	10-01-044	Обивка дверей	10-01-044-12	100 м2	Обивка дверей оцинкованной кровельной сталью: по дереву с одной стороны
ГЭСН	10	10-01-045	Дополнительная конопатка дверных коробок паклей в наружных стенах	10-01-045-01	100 м2	Дополнительная конопатка дверных коробок паклей в наружных стенах: каменных, площадь проема до 3 м2
ГЭСН	10	10-01-045	Дополнительная конопатка дверных коробок паклей в наружных стенах	10-01-045-02	100 м2	Дополнительная конопатка дверных коробок паклей в наружных стенах: каменных, площадь проема более 3 м2
ГЭСН	10	10-01-045	Дополнительная конопатка дверных коробок паклей в наружных стенах	10-01-045-03	100 м2	Дополнительная конопатка дверных коробок паклей в наружных стенах: нерубленых, площадь проема до 3 м2
ГЭСН	10	10-01-045	Дополнительная конопатка дверных коробок паклей в наружных стенах	10-01-045-04	100 м2	Дополнительная конопатка дверных коробок паклей в наружных стенах: нерубленых, площадь проема более 3 м2
ГЭСН	10	10-01-046	Установка ворот	10-01-046-01	100 м2	Установка ворот с коробками стальными, с раздвижными или распахивающимися неутепленными полотнами и калитками
ГЭСН	10	10-01-046	Установка ворот	10-01-046-02	100 м2	Установка ворот с коробками деревянными, утепленными полотнами и калитками
ГЭСН	10	10-01-047	Установка блоков из ПВХ в наружных и внутренних дверных проемах	10-01-047-01	100 м2	Установка блоков из ПВХ в наружных и внутренних дверных проемах: в каменных стенах площадью проема до 3 м2
ГЭСН	10	10-01-047	Установка блоков из ПВХ в наружных и внутренних дверных проемах	10-01-047-02	100 м2	Установка блоков из ПВХ в наружных и внутренних дверных проемах: в каменных стенах площадью проема более 3 м2
ГЭСН	10	10-01-047	Установка блоков из ПВХ в наружных и внутренних дверных проемах	10-01-047-03	100 м2	Установка блоков из ПВХ в наружных и внутренних дверных проемах: балконных в каменных стенах
ГЭСН	10	10-01-047	Установка блоков из ПВХ в наружных и внутренних дверных проемах	10-01-047-04	100 м2	Установка блоков из ПВХ в наружных и внутренних дверных проемах: в перегородках и деревянных нерубленных стенах площадью проема до 3 м2
ГЭСН	10	10-01-047	Установка блоков из ПВХ в наружных и внутренних дверных проемах	10-01-047-05	100 м2	Установка блоков из ПВХ в наружных и внутренних дверных проемах: в перегородках и деревянных нерубленных стенах площадью проема более 3 м2
ГЭСН	10	10-01-048	Установка рейки-добора	10-01-048-01	шт	Установка рейки-добора
ГЭСН	10	10-01-049	Установка дверных приборов	10-01-049-01	100 шт	Установка: вертикальных задвижек
ГЭСН	10	10-01-049	Установка дверных приборов	10-01-049-02	100 шт	Установка: дверного доводчика
ГЭСН	10	10-01-049	Установка дверных приборов	10-01-049-03	10 шт	Установка: в готовые гнезда врезных дверных замков с ручками
ГЭСН	10	10-01-052	Устройство внутриквартирных лестниц, крылец и козырьков	10-01-052-01	м2	Устройство: внутриквартирных лестниц с подшивкой досками обшивки
ГЭСН	10	10-01-052	Устройство внутриквартирных лестниц, крылец и козырьков	10-01-052-02	м2	Устройство: внутриквартирных лестниц без подшивки
ГЭСН	10	10-01-052	Устройство внутриквартирных лестниц, крылец и козырьков	10-01-052-03	м2	Устройство: крылец
ГЭСН	10	10-01-052	Устройство внутриквартирных лестниц, крылец и козырьков	10-01-052-04	м2	Устройство: козырьков
ГЭСН	10	10-01-053	Установка каркаса из брусьев для навесов и крылец	10-01-053-01	м3	Установка каркаса из брусьев для навесов и крылец
ГЭСН	10	10-01-057	Установка по месту встроенных шкафов и антресольных полок	10-01-057-01	100 м2	Установка по месту шкафных и антресольных: стенок
ГЭСН	10	10-01-057	Установка по месту встроенных шкафов и антресольных полок	10-01-057-02	100 м2	Установка по месту шкафных и антресольных: полок
ГЭСН	10	10-01-057	Установка по месту встроенных шкафов и антресольных полок	10-01-057-03	100 м2	Изготовление комплекта деталей встроенных шкафов из панелей ДСП
ГЭСН	10	10-01-058	Установка шкафных и антресольных дверных блоков	10-01-058-01	10 шт	Установка дверных блоков: шкафных
ГЭСН	10	10-01-058	Установка шкафных и антресольных дверных блоков	10-01-058-02	10 шт	Установка дверных блоков: антресольных
ГЭСН	10	10-01-058	Установка шкафных и антресольных дверных блоков	10-01-058-03	10 шт	Установка шкафных врезных замков
ГЭСН	10	10-01-059	Установка штучных изделий	10-01-059-01	100 шт	Установка столов, шкафов под мойки, холодильных шкафов и др.
ГЭСН	10	10-01-060	Установка и крепление наличников, раскладок	10-01-060-01	100 м	Установка и крепление наличников
ГЭСН	10	10-01-060	Установка и крепление наличников, раскладок	10-01-060-02	100 м	Установка раскладок из дерева: хвойных пород по кирпичу и бетону (без окраски)
ГЭСН	10	10-01-060	Установка и крепление наличников, раскладок	10-01-060-03	100 м	Установка раскладок из дерева: хвойных пород по дереву (без окраски)
ГЭСН	10	10-01-060	Установка и крепление наличников, раскладок	10-01-060-04	100 м	Установка раскладок из дерева: твердолиственных пород по кирпичу и бетону (без отделки)
ГЭСН	10	10-01-060	Установка и крепление наличников, раскладок	10-01-060-05	100 м	Установка раскладок из дерева: твердолиственных пород по дереву (без отделки)
ГЭСН	10	10-01-060	Установка и крепление наличников, раскладок	10-01-060-06	100 м	Обделка выступающих углов стен наличниками: из хвойных пород по кирпичу и бетону (без окраски)
ГЭСН	10	10-01-060	Установка и крепление наличников, раскладок	10-01-060-07	100 м	Обделка выступающих углов стен наличниками: из хвойных пород по дереву (без окраски)
ГЭСН	10	10-01-060	Установка и крепление наличников, раскладок	10-01-060-08	100 м	Обделка выступающих углов стен наличниками: из твердолиственных пород по кирпичу и бетону (без отделки)
ГЭСН	10	10-01-060	Установка и крепление наличников, раскладок	10-01-060-09	100 м	Обделка выступающих углов стен наличниками: из твердолиственных пород по дереву (без отделки)
ГЭСН	10	10-01-079	Установка стульев на лежнях	10-01-079-01	м3	Установка стульев на лежнях глубиной заложения: до 1,5 м
ГЭСН	10	10-01-079	Установка стульев на лежнях	10-01-079-02	м3	Установка стульев на лежнях глубиной заложения: более 1,5 м
ГЭСН	10	10-01-080	Устройство ростверков	10-01-080-01	м3	Устройство ростверков из брусьев по деревянным сваям
ГЭСН	10	10-01-081	Устройство цоколей с установкой забирки	10-01-081-01	100 м2	Устройство цоколей с установкой забирки: из горбыля с обшивкой досками и утеплением
ГЭСН	10	10-01-081	Устройство цоколей с установкой забирки	10-01-081-02	100 м2	Устройство цоколей с установкой забирки: из досок
ГЭСН	10	10-01-082	Укладка по фермам прогонов	10-01-082-01	м3	Укладка по фермам прогонов: из досок
ГЭСН	10	10-01-082	Укладка по фермам прогонов	10-01-082-02	м3	Укладка по фермам прогонов: из брусьев
ГЭСН	10	10-01-083	Устройство по фермам настила	10-01-083-01	100 м2	Устройство по фермам настила: из щитов деревянных с плитным утеплителем
ГЭСН	10	10-01-083	Устройство по фермам настила	10-01-083-02	100 м2	Устройство по фермам настила: рабочего толщиной 25 мм разреженного
ГЭСН	10	10-01-083	Устройство по фермам настила	10-01-083-03	100 м2	Устройство по фермам настила: рабочего толщиной 25 мм сплошного
ГЭСН	10	10-01-083	Устройство по фермам настила	10-01-083-04	100 м2	Устройство по фермам настила: рабочего толщиной 40 мм разреженного
ГЭСН	10	10-01-083	Устройство по фермам настила	10-01-083-05	100 м2	Устройство по фермам настила: рабочего толщиной 40 мм сплошного
ГЭСН	10	10-01-083	Устройство по фермам настила	10-01-083-06	100 м2	Устройство по фермам настила: рабочего толщиной 50 мм разреженного
ГЭСН	10	10-01-083	Устройство по фермам настила	10-01-083-07	100 м2	Устройство по фермам настила: рабочего толщиной 50 мм сплошного
ГЭСН	10	10-01-083	Устройство по фермам настила	10-01-083-08	100 м2	Устройство по фермам настила: защитного
ГЭСН	10	10-01-084	Установка карнизов из досок	10-01-084-01	100 м2	Установка карнизов из досок: одноэлементных
ГЭСН	10	10-01-084	Установка карнизов из досок	10-01-084-02	100 м2	Установка карнизов из досок: двухэлементных
ГЭСН	10	10-01-089	Антисептирование водными растворами	10-01-089-01	100 м2	Антисептирование водными растворами: стен
ГЭСН	10	10-01-089	Антисептирование водными растворами	10-01-089-02	100 м2	Антисептирование водными растворами: перегородок
ГЭСН	10	10-01-089	Антисептирование водными растворами	10-01-089-03	100 м2	Антисептирование водными растворами: покрытий по фермам
ГЭСН	10	10-01-090	Антисептирование пастами	10-01-090-01	100 м2	Антисептирование пастами: стен рубленых
ГЭСН	10	10-01-090	Антисептирование пастами	10-01-090-02	100 м2	Антисептирование пастами: перекрытий по открытым прогонам
ГЭСН	10	10-01-090	Антисептирование пастами	10-01-090-03	100 м2	Антисептирование пастами: перекрытий прогонов, балок, накатов
ГЭСН	10	10-01-090	Антисептирование пастами	10-01-090-04	100 м2	Антисептирование пастами: перегородок с двух сторон
ГЭСН	10	10-01-090	Антисептирование пастами	10-01-090-05	100 м2	Антисептирование пастами: покрытий прогонов по фермам
ГЭСН	10	10-01-091	Обработка деревянных конструкций антисептиком-антипиреном	10-01-091-01	100 м2	Обработка деревянных конструкций в 1 слой антисептиком-антипиреном при помощи аппарата аэрозольно-капельного распыления
ГЭСН	10	10-01-092	Обработка каменных, бетонных, кирпичных и деревянных поверхностей биопиреном	10-01-092-01	100 м2	Обработка каменных, бетонных, кирпичных и деревянных поверхностей биопиреном
ГЭСН	10	10-01-093	Обработка каменных, бетонных, кирпичных и деревянных поверхностей антисептиком	10-01-093-01	100 м2	Обработка каменных, бетонных, кирпичных и деревянных поверхностей антисептиком
ГЭСН	10	10-01-094	Отбеливание древесины двухкомпонентным составом	10-01-094-01	100 м2	Отбеливание древесины двухкомпонентным составом
ГЭСН	10	10-01-095	Заполнение наружных и внутренних проемов в монолитных железобетонных стенах	10-01-095-01	100 м2	Заполнение наружных и внутренних проемов в монолитных железобетонных стенах дверными блоками с установкой приборов и наличников с одной стороны при площади проема: до 3 м2
ГЭСН	10	10-01-095	Заполнение наружных и внутренних проемов в монолитных железобетонных стенах	10-01-095-02	100 м2	Заполнение наружных и внутренних проемов в монолитных железобетонных стенах дверными блоками с установкой приборов и наличников с одной стороны при площади проема: более 3 м2
ГЭСН	10	10-01-095	Заполнение наружных и внутренних проемов в монолитных железобетонных стенах	10-01-095-03	100 м2	При заполнении проемов в монолитных железобетонных стенах фрамужными блоками с установкой наличников с двух сторон добавлять к нормам 10-01-095-01, 10-01-095-02
ГЭСН	10	10-05-001	Устройство перегородок из гипсокартонных листов (ГКЛ) с одинарным металлическим каркасом и однослойной обшивкой с обеих сторон	10-05-001-01	100 м2	Устройство перегородок из гипсокартонных листов (ГКЛ) с одинарным металлическим каркасом и однослойной обшивкой с обеих сторон: глухих
ГЭСН	10	10-05-001	Устройство перегородок из гипсокартонных листов (ГКЛ) с одинарным металлическим каркасом и однослойной обшивкой с обеих сторон	10-05-001-02	100 м2	Устройство перегородок из гипсокартонных листов (ГКЛ) с одинарным металлическим каркасом и однослойной обшивкой с обеих сторон: с одним дверным проемом
ГЭСН	10	10-05-001	Устройство перегородок из гипсокартонных листов (ГКЛ) с одинарным металлическим каркасом и однослойной обшивкой с обеих сторон	10-05-001-03	100 м2	Устройство перегородок из гипсокартонных листов (ГКЛ) с одинарным металлическим каркасом и однослойной обшивкой с обеих сторон: с двумя дверными проемами
ГЭСН	10	10-05-001	Устройство перегородок из гипсокартонных листов (ГКЛ) с одинарным металлическим каркасом и однослойной обшивкой с обеих сторон	10-05-001-04	100 м2	Устройство перегородок из гипсокартонных листов (ГКЛ) с одинарным металлическим каркасом и однослойной обшивкой с обеих сторон: с тремя дверными проемами и деформационным швом
ГЭСН	10	10-05-002	Устройство перегородок из гипсокартонных листов (ГКЛ) с одинарным металлическим каркасом и двухслойной обшивкой с обеих сторон	10-05-002-01	100 м2	Устройство перегородок из гипсокартонных листов (ГКЛ) с одинарным металлическим каркасом и двухслойной обшивкой с обеих сторон: глухих
ГЭСН	10	10-05-002	Устройство перегородок из гипсокартонных листов (ГКЛ) с одинарным металлическим каркасом и двухслойной обшивкой с обеих сторон	10-05-002-02	100 м2	Устройство перегородок из гипсокартонных листов (ГКЛ) с одинарным металлическим каркасом и двухслойной обшивкой с обеих сторон: с одним дверным проемом
ГЭСН	10	10-05-002	Устройство перегородок из гипсокартонных листов (ГКЛ) с одинарным металлическим каркасом и двухслойной обшивкой с обеих сторон	10-05-002-03	100 м2	Устройство перегородок из гипсокартонных листов (ГКЛ) с одинарным металлическим каркасом и двухслойной обшивкой с обеих сторон: с двумя дверными проемами
ГЭСН	10	10-05-002	Устройство перегородок из гипсокартонных листов (ГКЛ) с одинарным металлическим каркасом и двухслойной обшивкой с обеих сторон	10-05-002-04	100 м2	Устройство перегородок из гипсокартонных листов (ГКЛ) с одинарным металлическим каркасом и двухслойной обшивкой с обеих сторон: с тремя дверными проемами и деформационным швом
ГЭСН	10	10-05-003	Устройство перегородок из гипсокартонных листов (ГКЛ) с одинарным металлическим каркасом и трехслойной обшивкой с обеих сторон	10-05-003-01	100 м2	Устройство перегородок из гипсокартонных листов (ГКЛ) с одинарным металлическим каркасом и трехслойной обшивкой с обеих сторон: глухих
ГЭСН	10	10-05-003	Устройство перегородок из гипсокартонных листов (ГКЛ) с одинарным металлическим каркасом и трехслойной обшивкой с обеих сторон	10-05-003-02	100 м2	Устройство перегородок из гипсокартонных листов (ГКЛ) с одинарным металлическим каркасом и трехслойной обшивкой с обеих сторон: с одним дверным проемом
ГЭСН	10	10-05-003	Устройство перегородок из гипсокартонных листов (ГКЛ) с одинарным металлическим каркасом и трехслойной обшивкой с обеих сторон	10-05-003-03	100 м2	Устройство перегородок из гипсокартонных листов (ГКЛ) с одинарным металлическим каркасом и трехслойной обшивкой с обеих сторон: с двумя дверными проемами
ГЭСН	10	10-05-004	Устройство перегородок из гипсокартонных листов (ГКЛ) с двойным металлическим каркасом и двухслойной обшивкой с обеих сторон	10-05-004-01	100 м2	Устройство перегородок из гипсокартонных листов (ГКЛ) с двойным металлическим каркасом и двухслойной обшивкой с обеих сторон: глухих
ГЭСН	10	10-05-004	Устройство перегородок из гипсокартонных листов (ГКЛ) с двойным металлическим каркасом и двухслойной обшивкой с обеих сторон	10-05-004-02	100 м2	Устройство перегородок из гипсокартонных листов (ГКЛ) с двойным металлическим каркасом и двухслойной обшивкой с обеих сторон: с одним дверным проемом
ГЭСН	10	10-05-004	Устройство перегородок из гипсокартонных листов (ГКЛ) с двойным металлическим каркасом и двухслойной обшивкой с обеих сторон	10-05-004-03	100 м2	Устройство перегородок из гипсокартонных листов (ГКЛ) с двойным металлическим каркасом и двухслойной обшивкой с обеих сторон: с двумя дверными проемами
ГЭСН	10	10-05-004	Устройство перегородок из гипсокартонных листов (ГКЛ) с двойным металлическим каркасом и двухслойной обшивкой с обеих сторон	10-05-004-04	100 м2	Устройство перегородок из гипсокартонных листов (ГКЛ) с двойным металлическим каркасом и двухслойной обшивкой с обеих сторон: с тремя дверными проемами и деформационным швом
ГЭСН	10	10-05-005	Устройство перегородок из гипсокартонных листов (ГКЛ) с двойным металлическим каркасом и двухслойной обшивкой с обеих сторон и один лист в середине перегородки	10-05-005-01	100 м2	Устройство перегородок из гипсокартонных листов (ГКЛ) с двойным металлическим каркасом и двухслойной обшивкой с обеих сторон и один лист в середине перегородки: глухих
ГЭСН	10	10-05-005	Устройство перегородок из гипсокартонных листов (ГКЛ) с двойным металлическим каркасом и двухслойной обшивкой с обеих сторон и один лист в середине перегородки	10-05-005-02	100 м2	Устройство перегородок из гипсокартонных листов (ГКЛ) с двойным металлическим каркасом и двухслойной обшивкой с обеих сторон и один лист в середине перегородки: с одним дверным проемом
ГЭСН	10	10-05-005	Устройство перегородок из гипсокартонных листов (ГКЛ) с двойным металлическим каркасом и двухслойной обшивкой с обеих сторон и один лист в середине перегородки	10-05-005-03	100 м2	Устройство перегородок из гипсокартонных листов (ГКЛ) с двойным металлическим каркасом и двухслойной обшивкой с обеих сторон и один лист в середине перегородки: с двумя дверными проемами
ГЭСН	10	10-05-005	Устройство перегородок из гипсокартонных листов (ГКЛ) с двойным металлическим каркасом и двухслойной обшивкой с обеих сторон и один лист в середине перегородки	10-05-005-04	100 м2	Устройство перегородок из гипсокартонных листов (ГКЛ) с двойным металлическим каркасом и двухслойной обшивкой с обеих сторон и один лист в середине перегородки: с тремя дверными проемами и деформацион
ГЭСН	10	10-05-006	Устройство перегородок из гипсокартонных листов (ГКЛ) с двойным металлическим каркасом с пространством для пропуска коммуникаций и двухслойной обшивкой с обеих 	10-05-006-01	100 м2	Устройство глухих перегородок из гипсокартонных листов (ГКЛ) с двойным металлическим каркасом с пространством для пропуска коммуникаций и двухслойной обшивкой с обеих сторон
ГЭСН	10	10-05-007	Устройство перегородок с одинарным металлическим каркасом и трехслойной обшивкой с листами оцинкованной стали толщиной 0,5 мм между гипсокартонными листами с об	10-05-007-01	100 м2	Устройство перегородок с одинарным металлическим каркасом и трехслойной обшивкой с листами оцинкованной стали толщиной 0,5 мм между гипсокартонными листами с обеих сторон: глухих
ГЭСН	10	10-05-007	Устройство перегородок с одинарным металлическим каркасом и трехслойной обшивкой с листами оцинкованной стали толщиной 0,5 мм между гипсокартонными листами с об	10-05-007-02	100 м2	Устройство перегородок с одинарным металлическим каркасом и трехслойной обшивкой с листами оцинкованной стали толщиной 0,5 мм между гипсокартонными листами с обеих сторон: с одним дверным проемом
ГЭСН	10	10-05-007	Устройство перегородок с одинарным металлическим каркасом и трехслойной обшивкой с листами оцинкованной стали толщиной 0,5 мм между гипсокартонными листами с об	10-05-007-03	100 м2	Устройство перегородок с одинарным металлическим каркасом и трехслойной обшивкой с листами оцинкованной стали толщиной 0,5 мм между гипсокартонными листами с обеих сторон: с двумя дверными проемами
ГЭСН	10	10-05-008	Облицовка стен по одинарному металлическому каркасу из потолочного профиля одним или двумя слоями гипсокартонных листов	10-05-008-01	100 м2	Облицовка стен по одинарному металлическому каркасу из потолочного профиля гипсокартонными листами: одним слоем с оконным проемом
ГЭСН	10	10-05-008	Облицовка стен по одинарному металлическому каркасу из потолочного профиля одним или двумя слоями гипсокартонных листов	10-05-008-02	100 м2	Облицовка стен по одинарному металлическому каркасу из потолочного профиля гипсокартонными листами: двумя слоями с оконным проемом
ГЭСН	10	10-05-008	Облицовка стен по одинарному металлическому каркасу из потолочного профиля одним или двумя слоями гипсокартонных листов	10-05-008-03	100 м2	Облицовка стен по одинарному металлическому каркасу из потолочного профиля гипсокартонными листами: одним слоем с дверным проемом
ГЭСН	10	10-05-008	Облицовка стен по одинарному металлическому каркасу из потолочного профиля одним или двумя слоями гипсокартонных листов	10-05-008-04	100 м2	Облицовка стен по одинарному металлическому каркасу из потолочного профиля гипсокартонными листами: двумя слоями с дверным проемом
ГЭСН	10	10-05-009	Облицовка стен по одинарному металлическому каркасу из направляющих и стоечных профилей гипсокартонными листами в один слой	10-05-009-01	100 м2	Облицовка стен по одинарному металлическому каркасу из направляющих и стоечных профилей гипсокартонными листами в один слой: с оконным проемом
ГЭСН	10	10-05-009	Облицовка стен по одинарному металлическому каркасу из направляющих и стоечных профилей гипсокартонными листами в один слой	10-05-009-02	100 м2	Облицовка стен по одинарному металлическому каркасу из направляющих и стоечных профилей гипсокартонными листами в один слой: с дверным проемом
ГЭСН	10	10-05-010	Облицовка стен по одинарному металлическому каркасу из направляющих и стоечных профилей гипсокартонными листами в два слоя	10-05-010-01	100 м2	Облицовка стен по одинарному металлическому каркасу из направляющих и стоечных профилей гипсокартонными листами в два слоя: с оконным проемом
ГЭСН	10	10-05-010	Облицовка стен по одинарному металлическому каркасу из направляющих и стоечных профилей гипсокартонными листами в два слоя	10-05-010-02	100 м2	Облицовка стен по одинарному металлическому каркасу из направляющих и стоечных профилей гипсокартонными листами в два слоя: с дверным проемом
ГЭСН	10	10-05-011	Устройство подвесных потолков из гипсокартонных листов (ГКЛ)	10-05-011-01	100 м2	Устройство подвесных потолков из гипсокартонных листов (ГКЛ): двухуровневых
ГЭСН	10	10-05-011	Устройство подвесных потолков из гипсокартонных листов (ГКЛ)	10-05-011-02	100 м2	Устройство подвесных потолков из гипсокартонных листов (ГКЛ): одноуровневых
ГЭСН	10	10-05-012	Облицовка стен глухих (без проемов) по металлическому одинарному каркасу гипсокартонными листами	10-05-012-01	100 м2	Облицовка стен глухих (без проемов) по металлическому одинарному каркасу гипсокартонными листами
ГЭСН	10	10-05-013	Облицовка откосов по готовому металлическому одинарному каркасу гипсокартонными листами	10-05-013-01	100 м2	Облицовка откосов по готовому металлическому одинарному каркасу гипсокартонными листами
ГЭСН	10	10-05-014	Устройство перегородок и облицовка стен из панелей на основе гипсокартонных листов (ГКЛ) с отделочным покрытием	10-05-014-01	100 м2	Устройство перегородок из панелей на основе гипсокартонных листов (ГКЛ) с отделочным покрытием с одинарным металлическим каркасом и однослойной обшивкой с обеих сторон
ГЭСН	10	10-05-014	Устройство перегородок и облицовка стен из панелей на основе гипсокартонных листов (ГКЛ) с отделочным покрытием	10-05-014-02	100 м2	Облицовка стен из панелей на основе гипсокартонных листов (ГКЛ) с отделочным покрытием с одинарным металлическим каркасом
ГЭСН	10	10-05-014	Устройство перегородок и облицовка стен из панелей на основе гипсокартонных листов (ГКЛ) с отделочным покрытием	10-05-014-03	100 м	При устройстве проемов: с усилением деревянным брусом добавлять к норме 10-05-014-01
ГЭСН	10	10-05-014	Устройство перегородок и облицовка стен из панелей на основе гипсокартонных листов (ГКЛ) с отделочным покрытием	10-05-014-04	100 м	При устройстве проемов: без усиления добавлять к норме 10-05-014-01
ГЭСН	10	10-06-031	Устройство перегородок из гипсоволокнистых листов (ГВЛ) или гипсостружечных плит (ГСП) с одинарным металлическим каркасом и однослойной обшивкой с обеих сторон	10-06-031-01	100 м2	Устройство перегородок из гипсоволокнистых листов (ГВЛ) или гипсостружечных плит (ГСП) с одинарным металлическим каркасом и однослойной обшивкой с обеих сторон: глухих
ГЭСН	10	10-06-031	Устройство перегородок из гипсоволокнистых листов (ГВЛ) или гипсостружечных плит (ГСП) с одинарным металлическим каркасом и однослойной обшивкой с обеих сторон	10-06-031-02	100 м2	Устройство перегородок из гипсоволокнистых листов (ГВЛ) или гипсостружечных плит (ГСП) с одинарным металлическим каркасом и однослойной обшивкой с обеих сторон: с одним дверным проемом
ГЭСН	10	10-06-031	Устройство перегородок из гипсоволокнистых листов (ГВЛ) или гипсостружечных плит (ГСП) с одинарным металлическим каркасом и однослойной обшивкой с обеих сторон	10-06-031-03	100 м2	Устройство перегородок из гипсоволокнистых листов (ГВЛ) или гипсостружечных плит (ГСП) с одинарным металлическим каркасом и однослойной обшивкой с обеих сторон: с двумя дверными проемами
ГЭСН	10	10-06-031	Устройство перегородок из гипсоволокнистых листов (ГВЛ) или гипсостружечных плит (ГСП) с одинарным металлическим каркасом и однослойной обшивкой с обеих сторон	10-06-031-04	100 м2	Устройство перегородок из гипсоволокнистых листов (ГВЛ) или гипсостружечных плит (ГСП) с одинарным металлическим каркасом и однослойной обшивкой с обеих сторон: с тремя дверными проемами и деформацион
ГЭСН	10	10-06-032	Устройство перегородок из гипсоволокнистых листов (ГВЛ) или гипсостружечных плит (ГСП) с одинарным металлическим каркасом и двухслойной обшивкой с обеих сторон	10-06-032-01	100 м2	Устройство перегородок из гипсоволокнистых листов (ГВЛ) или гипсостружечных плит (ГСП) с одинарным металлическим каркасом и двухслойной обшивкой с обеих сторон: глухих
ГЭСН	10	10-06-032	Устройство перегородок из гипсоволокнистых листов (ГВЛ) или гипсостружечных плит (ГСП) с одинарным металлическим каркасом и двухслойной обшивкой с обеих сторон	10-06-032-02	100 м2	Устройство перегородок из гипсоволокнистых листов (ГВЛ) или гипсостружечных плит (ГСП) с одинарным металлическим каркасом и двухслойной обшивкой с обеих сторон: с одним дверным проемом
ГЭСН	10	10-06-032	Устройство перегородок из гипсоволокнистых листов (ГВЛ) или гипсостружечных плит (ГСП) с одинарным металлическим каркасом и двухслойной обшивкой с обеих сторон	10-06-032-03	100 м2	Устройство перегородок из гипсоволокнистых листов (ГВЛ) или гипсостружечных плит (ГСП) с одинарным металлическим каркасом и двухслойной обшивкой с обеих сторон: с двумя дверными проемами
ГЭСН	10	10-06-032	Устройство перегородок из гипсоволокнистых листов (ГВЛ) или гипсостружечных плит (ГСП) с одинарным металлическим каркасом и двухслойной обшивкой с обеих сторон	10-06-032-04	100 м2	Устройство перегородок из гипсоволокнистых листов (ГВЛ) или гипсостружечных плит (ГСП) с одинарным металлическим каркасом и двухслойной обшивкой с обеих сторон: с тремя дверными проемами и деформацион
ГЭСН	10	10-06-033	Устройство перегородок из гипсоволокнистых листов (ГВЛ) или гипсостружечных плит (ГСП) с одинарным металлическим каркасом и трехслойной обшивкой с обеих сторон	10-06-033-01	100 м2	Устройство перегородок из гипсоволокнистых листов (ГВЛ) или гипсостружечных плит (ГСП) с одинарным металлическим каркасом и трехслойной обшивкой с обеих сторон: глухих
ГЭСН	10	10-06-033	Устройство перегородок из гипсоволокнистых листов (ГВЛ) или гипсостружечных плит (ГСП) с одинарным металлическим каркасом и трехслойной обшивкой с обеих сторон	10-06-033-02	100 м2	Устройство перегородок из гипсоволокнистых листов (ГВЛ) или гипсостружечных плит (ГСП) с одинарным металлическим каркасом и трехслойной обшивкой с обеих сторон: с одним дверным проемом
ГЭСН	10	10-06-033	Устройство перегородок из гипсоволокнистых листов (ГВЛ) или гипсостружечных плит (ГСП) с одинарным металлическим каркасом и трехслойной обшивкой с обеих сторон	10-06-033-03	100 м2	Устройство перегородок из гипсоволокнистых листов (ГВЛ) или гипсостружечных плит (ГСП) с одинарным металлическим каркасом и трехслойной обшивкой с обеих сторон: с двумя дверными проемами
ГЭСН	10	10-06-034	Устройство перегородок из гипсоволокнистых листов (ГВЛ) или гипсостружечных плит (ГСП) с двойным металлическим каркасом и двухслойной обшивкой с обеих сторон	10-06-034-01	100 м2	Устройство перегородок из гипсоволокнистых листов (ГВЛ) или гипсостружечных плит (ГСП) с двойным металлическим каркасом и двухслойной обшивкой с обеих сторон: глухих
ГЭСН	10	10-06-034	Устройство перегородок из гипсоволокнистых листов (ГВЛ) или гипсостружечных плит (ГСП) с двойным металлическим каркасом и двухслойной обшивкой с обеих сторон	10-06-034-02	100 м2	Устройство перегородок из гипсоволокнистых листов (ГВЛ) или гипсостружечных плит (ГСП) с двойным металлическим каркасом и двухслойной обшивкой с обеих сторон: с одним дверным проемом
ГЭСН	10	10-06-034	Устройство перегородок из гипсоволокнистых листов (ГВЛ) или гипсостружечных плит (ГСП) с двойным металлическим каркасом и двухслойной обшивкой с обеих сторон	10-06-034-03	100 м2	Устройство перегородок из гипсоволокнистых листов (ГВЛ) или гипсостружечных плит (ГСП) с двойным металлическим каркасом и двухслойной обшивкой с обеих сторон: с двумя дверными проемами
ГЭСН	10	10-06-034	Устройство перегородок из гипсоволокнистых листов (ГВЛ) или гипсостружечных плит (ГСП) с двойным металлическим каркасом и двухслойной обшивкой с обеих сторон	10-06-034-04	100 м2	Устройство перегородок из гипсоволокнистых листов (ГВЛ) или гипсостружечных плит (ГСП) с двойным металлическим каркасом и двухслойной обшивкой с обеих сторон: с тремя дверными проемами и деформационны
ГЭСН	10	10-06-035	Устройство перегородок из гипсоволокнистых листов (ГВЛ) или гипсостружечных плит (ГСП) с двойным металлическим каркасом с пространством для пропуска коммуникаци	10-06-035-01	100 м2	Устройство глухих перегородок из гипсоволокнистых листов (ГВЛ) или гипсостружечных плит (ГСП) с двойным металлическим каркасом с пространством для пропуска коммуникаций и двухслойной обшивкой с обеих 
ГЭСН	10	10-06-036	Устройство перегородок с одинарным металлическим каркасом и трехслойной обшивкой с листами оцинкованной стали толщиной 0,5 мм между гипсоволокнистыми листами ил	10-06-036-01	100 м2	Устройство перегородок с одинарным металлическим каркасом и трехслойной обшивкой с листами оцинкованной стали толщиной 0,5 мм между гипсоволокнистыми листами или гипсостружечными плитами с обеих сторо
ГЭСН	10	10-06-036	Устройство перегородок с одинарным металлическим каркасом и трехслойной обшивкой с листами оцинкованной стали толщиной 0,5 мм между гипсоволокнистыми листами ил	10-06-036-02	100 м2	Устройство перегородок с одинарным металлическим каркасом и трехслойной обшивкой с листами оцинкованной стали толщиной 0,5 мм между гипсоволокнистыми листами или гипсостружечными плитами с обеих сторо
ГЭСН	10	10-06-036	Устройство перегородок с одинарным металлическим каркасом и трехслойной обшивкой с листами оцинкованной стали толщиной 0,5 мм между гипсоволокнистыми листами ил	10-06-036-03	100 м2	Устройство перегородок с одинарным металлическим каркасом и трехслойной обшивкой с листами оцинкованной стали толщиной 0,5 мм между гипсоволокнистыми листами или гипсостружечными плитами с обеих сторо
ГЭСН	10	10-06-037	Облицовка стен по одинарному металлическому каркасу из потолочного профиля одним или двумя слоями гипсоволокнистых листов или гипсостружечных плит	10-06-037-01	100 м2	Облицовка стен по одинарному металлическому каркасу из потолочного профиля гипсоволокнистыми листами или гипсостружечными плитами: одним слоем с оконным проемом
ГЭСН	10	10-06-037	Облицовка стен по одинарному металлическому каркасу из потолочного профиля одним или двумя слоями гипсоволокнистых листов или гипсостружечных плит	10-06-037-02	100 м2	Облицовка стен по одинарному металлическому каркасу из потолочного профиля гипсоволокнистыми листами или гипсостружечными плитами: двумя слоями с оконным проемом
ГЭСН	10	10-06-037	Облицовка стен по одинарному металлическому каркасу из потолочного профиля одним или двумя слоями гипсоволокнистых листов или гипсостружечных плит	10-06-037-03	100 м2	Облицовка стен по одинарному металлическому каркасу из потолочного профиля гипсоволокнистыми листами или гипсостружечными плитами: одним слоем с дверным проемом
ГЭСН	10	10-06-037	Облицовка стен по одинарному металлическому каркасу из потолочного профиля одним или двумя слоями гипсоволокнистых листов или гипсостружечных плит	10-06-037-04	100 м2	Облицовка стен по одинарному металлическому каркасу из потолочного профиля гипсоволокнистыми листами или гипсостружечными плитами: двумя слоями с дверным проемом
ГЭСН	10	10-06-038	Облицовка стен по одинарному металлическому каркасу из направляющих и стоечных профилей гипсоволокнистыми листами или гипсостружечными плитами в один слой	10-06-038-01	100 м2	Облицовка стен по одинарному металлическому каркасу из направляющих и стоечных профилей гипсоволокнистыми листами или гипсостружечными плитами в один слой: с оконным проемом
ГЭСН	10	10-06-038	Облицовка стен по одинарному металлическому каркасу из направляющих и стоечных профилей гипсоволокнистыми листами или гипсостружечными плитами в один слой	10-06-038-02	100 м2	Облицовка стен по одинарному металлическому каркасу из направляющих и стоечных профилей гипсоволокнистыми листами или гипсостружечными плитами в один слой: с дверным проемом
ГЭСН	10	10-06-039	Облицовка стен по одинарному металлическому каркасу из направляющих и стоечных профилей гипсоволокнистыми листами или гипсостружечными плитами в два слоя	10-06-039-01	100 м2	Облицовка стен по одинарному металлическому каркасу из направляющих и стоечных профилей гипсоволокнистыми листами или гипсостружечными плитами в два слоя: с оконным проемом
ГЭСН	10	10-06-039	Облицовка стен по одинарному металлическому каркасу из направляющих и стоечных профилей гипсоволокнистыми листами или гипсостружечными плитами в два слоя	10-06-039-02	100 м2	Облицовка стен по одинарному металлическому каркасу из направляющих и стоечных профилей гипсоволокнистыми листами или гипсостружечными плитами в два слоя: с дверным проемом
ГЭСН	10	10-06-040	Устройство подвесных потолков из гипсоволокнистых листов (ГВЛ) или гипсостружечных плит (ГСП)	10-06-040-01	100 м2	Устройство подвесных потолков из гипсоволокнистых листов (ГВЛ) или гипсостружечных плит (ГСП): двухуровневых
ГЭСН	10	10-06-040	Устройство подвесных потолков из гипсоволокнистых листов (ГВЛ) или гипсостружечных плит (ГСП)	10-06-040-02	100 м2	Устройство подвесных потолков из гипсоволокнистых листов (ГВЛ) или гипсостружечных плит (ГСП): одноуровневых
ГЭСН	11	11-01-001	Уплотнение грунта	11-01-001-01	100 м2	Уплотнение грунта: гравием
ГЭСН	11	11-01-001	Уплотнение грунта	11-01-001-02	100 м2	Уплотнение грунта: щебнем
ГЭСН	11	11-01-002	Устройство подстилающих слоев	11-01-002-01	м3	Устройство подстилающих слоев: песчаных
ГЭСН	11	11-01-002	Устройство подстилающих слоев	11-01-002-02	м3	Устройство подстилающих слоев: шлаковых
ГЭСН	11	11-01-002	Устройство подстилающих слоев	11-01-002-03	м3	Устройство подстилающих слоев: гравийных
ГЭСН	11	11-01-002	Устройство подстилающих слоев	11-01-002-04	м3	Устройство подстилающих слоев: щебеночных
ГЭСН	11	11-01-002	Устройство подстилающих слоев	11-01-002-05	м3	Устройство подстилающих слоев: глинобитных без добавок
ГЭСН	11	11-01-002	Устройство подстилающих слоев	11-01-002-06	м3	Устройство подстилающих слоев: глинобитных с маслянистыми добавками
ГЭСН	11	11-01-002	Устройство подстилающих слоев	11-01-002-07	м3	Устройство подстилающих слоев: глинобитных с добавкой щебня
ГЭСН	11	11-01-002	Устройство подстилающих слоев	11-01-002-08	м3	Устройство подстилающих слоев: глинобетонных
ГЭСН	11	11-01-002	Устройство подстилающих слоев	11-01-002-09	м3	Устройство подстилающих слоев: бетонных
ГЭСН	11	11-01-003	Устройство уплотняемых самоходными катками подстилающих слоев	11-01-003-01	м3	Устройство уплотняемых самоходными катками подстилающих слоев: шлаковых
ГЭСН	11	11-01-003	Устройство уплотняемых самоходными катками подстилающих слоев	11-01-003-02	м3	Устройство уплотняемых самоходными катками подстилающих слоев: гравийных
ГЭСН	11	11-01-003	Устройство уплотняемых самоходными катками подстилающих слоев	11-01-003-03	м3	Устройство уплотняемых самоходными катками подстилающих слоев: щебеночных
ГЭСН	11	11-01-004	Устройство гидроизоляции	11-01-004-01	100 м2	Устройство гидроизоляции оклеечной рулонными материалами: на мастике битумной с минеральными кислотоупорными наполнителями и армирующей добавкой, первый слой
ГЭСН	11	11-01-004	Устройство гидроизоляции	11-01-004-02	100 м2	Устройство гидроизоляции оклеечной рулонными материалами: на мастике битумной с минеральными кислотоупорными наполнителями и армирующей добавкой, последующий слой
ГЭСН	11	11-01-004	Устройство гидроизоляции	11-01-004-03	100 м2	Устройство гидроизоляции оклеечной рулонными материалами: на резино-битумной мастике, первый слой
ГЭСН	11	11-01-004	Устройство гидроизоляции	11-01-004-04	100 м2	Устройство гидроизоляции оклеечной рулонными материалами: на резино-битумной мастике, последующий слой
ГЭСН	11	11-01-004	Устройство гидроизоляции	11-01-004-05	100 м2	Устройство гидроизоляции обмазочной: в один слой толщиной 2 мм
ГЭСН	11	11-01-004	Устройство гидроизоляции	11-01-004-06	100 м2	Устройство гидроизоляции обмазочной: на каждый последующий слой толщиной 1 мм добавлять к норме 11-01-004-05
ГЭСН	11	11-01-004	Устройство гидроизоляции	11-01-004-07	100 м2	Устройство гидроизоляции обмазочной: холодной асфальтовой мастикой в один слой толщиной 2 мм
ГЭСН	11	11-01-004	Устройство гидроизоляции	11-01-004-08	100 м2	Устройство гидроизоляции обмазочной: на каждый последующий слой толщиной 1 мм добавлять к норме 11-01-004-07
ГЭСН	11	11-01-004	Устройство гидроизоляции	11-01-004-09	100 м2	Устройство гидроизоляции обмазочной: в один слой праймером
ГЭСН	11	11-01-004	Устройство гидроизоляции	11-01-004-10	100 м2	Гидроизоляция полов полимерной мастикой с устройством армирующего слоя из стеклоткани: в 3 слоя
ГЭСН	11	11-01-004	Устройство гидроизоляции	11-01-004-11	100 м2	Гидроизоляция полов полимерной мастикой с устройством армирующего слоя из стеклоткани: на каждый последующий слой добавлять или исключать к норме 11-01-004-10
ГЭСН	11	11-01-004	Устройство гидроизоляции	11-01-004-12	100 м2	Устройство гидроизоляции из полиэтиленовой пленки на акриловой мастике
ГЭСН	11	11-01-005	Устройство гидроизоляции из полиэтиленовой пленки на бутилкаучуковом клее с защитой рубероидом	11-01-005-01	100 м2	Устройство гидроизоляции из полиэтиленовой пленки на бутилкаучуковом клее с защитой рубероидом: первый слой
ГЭСН	11	11-01-005	Устройство гидроизоляции из полиэтиленовой пленки на бутилкаучуковом клее с защитой рубероидом	11-01-005-02	100 м2	Устройство гидроизоляции из полиэтиленовой пленки на бутилкаучуковом клее с защитой рубероидом: последующий слой
ГЭСН	11	11-01-006	Устройство гидроизоляции полимерцементным составом толщиной слоя 30 мм	11-01-006-01	100 м2	Устройство гидроизоляции полимерцементным составом толщиной слоя 30 мм: на ГКЖ-10
ГЭСН	11	11-01-006	Устройство гидроизоляции полимерцементным составом толщиной слоя 30 мм	11-01-006-02	100 м2	Устройство гидроизоляции полимерцементным составом толщиной слоя 30 мм: на латексе СКС-65-ГП
ГЭСН	11	11-01-007	Затирка поверхности гидроизоляции песком	11-01-007-01	100 м2	Затирка поверхности гидроизоляции песком
ГЭСН	11	11-01-008	Устройство тепло- и звукоизоляции засыпной	11-01-008-01	м3	Устройство тепло- и звукоизоляции засыпной: песчаной
ГЭСН	11	11-01-008	Устройство тепло- и звукоизоляции засыпной	11-01-008-02	м3	Устройство тепло- и звукоизоляции засыпной: шлаковой
ГЭСН	11	11-01-008	Устройство тепло- и звукоизоляции засыпной	11-01-008-03	м3	Устройство тепло- и звукоизоляции засыпной: керамзитовой
ГЭСН	11	11-01-009	Устройство тепло- и звукоизоляции сплошной	11-01-009-01	100 м2	Устройство тепло- и звукоизоляции сплошной из плит: или матов минераловатных или стекловолокнистых
ГЭСН	11	11-01-009	Устройство тепло- и звукоизоляции сплошной	11-01-009-02	100 м2	Устройство тепло- и звукоизоляции сплошной из плит: древесноволокнистых
ГЭСН	11	11-01-009	Устройство тепло- и звукоизоляции сплошной	11-01-009-03	100 м2	Устройство прокладочной тепло- и звукоизоляции из рулонных вспененных материалов с проклейкой стыков самоклеящейся лентой
ГЭСН	11	11-01-009	Устройство тепло- и звукоизоляции сплошной	11-01-009-04	100 м2	Устройство тепло- и звукоизоляции сплошной из плит древесноволокнистых: на битумной мастике, первый слой
ГЭСН	11	11-01-009	Устройство тепло- и звукоизоляции сплошной	11-01-009-05	100 м2	Устройство тепло- и звукоизоляции сплошной из плит древесноволокнистых: на битумной мастике, добавлять на каждый последующий слой к норме 11-01-009-04
ГЭСН	11	11-01-009	Устройство тепло- и звукоизоляции сплошной	11-01-009-06	100 м2	Устройство тепло- и звукоизоляции сплошной из плит древесноволокнистых: на акриловой мастике, первый слой
ГЭСН	11	11-01-009	Устройство тепло- и звукоизоляции сплошной	11-01-009-07	100 м2	Устройство тепло- и звукоизоляции сплошной из плит древесноволокнистых: на акриловой мастике, добавлять на каждый последующий слой к норме 11-01-009-06
ГЭСН	11	11-01-009	Устройство тепло- и звукоизоляции сплошной	11-01-009-08	100 м2	Устройство тепло- и звукоизоляции сплошной из плит: теплоизоляционных из экструзионного пенополистирола
ГЭСН	11	11-01-010	Устройство ленточной тепло- и звукоизоляции под лаги из древесноволокнистых плит	11-01-010-01	100 м2	Устройство ленточной тепло- и звукоизоляции под лаги из древесноволокнистых плит
ГЭСН	11	11-01-011	Устройство стяжек	11-01-011-01	100 м2	Устройство стяжек: цементных толщиной 20 мм
ГЭСН	11	11-01-011	Устройство стяжек	11-01-011-02	100 м2	Устройство стяжек: на каждые 5 мм изменения толщины стяжки добавлять или исключать к норме 11-01-011-01
ГЭСН	11	11-01-011	Устройство стяжек	11-01-011-03	100 м2	Устройство стяжек: бетонных толщиной 20 мм
ГЭСН	11	11-01-011	Устройство стяжек	11-01-011-04	100 м2	Устройство стяжек: на каждые 5 мм изменения толщины стяжки добавлять или исключать к норме 11-01-011-03
ГЭСН	11	11-01-011	Устройство стяжек	11-01-011-05	100 м2	Устройство стяжек: легкобетонных толщиной 20 мм
ГЭСН	11	11-01-011	Устройство стяжек	11-01-011-06	100 м2	Устройство стяжек: на каждые 5 мм изменения толщины стяжки добавлять или исключать к норме 11-01-011-05
ГЭСН	11	11-01-011	Устройство стяжек	11-01-011-07	100 м2	Устройство стяжек: из плит древесноволокнистых
ГЭСН	11	11-01-011	Устройство стяжек	11-01-011-08	100 м2	Устройство стяжек: из быстротвердеющей смеси на цементной основе, толщиной 5 мм
ГЭСН	11	11-01-011	Устройство стяжек	11-01-011-09	100 м2	Устройство стяжек: из самовыравнивающейся смеси на цементной основе, толщиной 3 мм
ГЭСН	11	11-01-011	Устройство стяжек	11-01-011-10	100 м2	Устройство стяжек: на каждый последующий слой толщиной 1 мм добавлять к норме 11-01-011-08
ГЭСН	11	11-01-011	Устройство стяжек	11-01-011-11	100 м2	Устройство стяжек: на каждый последующий слой толщиной 1 мм добавлять к норме 11-01-011-09
ГЭСН	11	11-01-011	Устройство стяжек	11-01-011-12	100 м2	Устройство стяжек: цементно-песчаных из полусухого раствора толщиной 50 мм
ГЭСН	11	11-01-011	Устройство стяжек	11-01-011-13	100 м2	Устройство стяжек: на каждые 5 мм изменения толщины стяжки добавлять или исключать к норме 11-01-011-12
ГЭСН	11	11-01-011	Устройство стяжек	11-01-011-14	100 м2	Для учета агрессии грунта к бетону добавлять к норме: 11-01-011-01
ГЭСН	11	11-01-011	Устройство стяжек	11-01-011-15	100 м2	Для учета агрессии грунта к бетону добавлять к норме: 11-01-011-03
ГЭСН	11	11-01-011	Устройство стяжек	11-01-011-16	100 м2	Для учета агрессии грунта к бетону добавлять к норме: 11-01-011-05
ГЭСН	11	11-01-011	Устройство стяжек	11-01-011-17	100 м2	Устройство стяжек по бетонному основанию из самовыравнивающегося однокомпонентного состава: в два слоя
ГЭСН	11	11-01-011	Устройство стяжек	11-01-011-18	100 м2	Устройство стяжек по бетонному основанию из самовыравнивающегося однокомпонентного состава: на каждый последующий слой добавлять к норме 11-01-011-17
ГЭСН	11	11-01-012	Укладка лаг и устройство настилов	11-01-012-01	100 м2	Укладка лаг: по кирпичным столбикам
ГЭСН	11	11-01-012	Укладка лаг и устройство настилов	11-01-012-02	100 м2	Укладка лаг: по кирпичным подкладкам
ГЭСН	11	11-01-012	Укладка лаг и устройство настилов	11-01-012-03	100 м2	Укладка лаг: по плитам перекрытий
ГЭСН	11	11-01-012	Укладка лаг и устройство настилов	11-01-012-04	100 м2	Устройство по готовому основанию из нестроганых досок с антисептированием настила: прямого
ГЭСН	11	11-01-012	Укладка лаг и устройство настилов	11-01-012-05	100 м2	Устройство по готовому основанию из нестроганых досок с антисептированием настила: диагонального
ГЭСН	11	11-01-013	Устройство покрытий земляных и щебеночных	11-01-013-01	100 м2	Устройство покрытий: земляных без добавок песка
ГЭСН	11	11-01-013	Устройство покрытий земляных и щебеночных	11-01-013-02	100 м2	Устройство покрытий: земляных, улучшенных добавками песка (20%)
ГЭСН	11	11-01-013	Устройство покрытий земляных и щебеночных	11-01-013-03	100 м2	Устройство покрытий: щебеночных с пропиткой битумом
ГЭСН	11	11-01-014	Устройство полов бетонных, выполняемых методом вакуумирования	11-01-014-01	100 м2	Устройство полов бетонных толщиной: 100 мм
ГЭСН	11	11-01-014	Устройство полов бетонных, выполняемых методом вакуумирования	11-01-014-02	100 м2	Устройство полов бетонных толщиной: 150 мм
ГЭСН	11	11-01-014	Устройство полов бетонных, выполняемых методом вакуумирования	11-01-014-03	100 м2	Устройство полов бетонных толщиной: 200 мм
ГЭСН	11	11-01-014	Устройство полов бетонных, выполняемых методом вакуумирования	11-01-014-04	100 м2	Устройство полов бетонных толщиной: 250 мм
ГЭСН	11	11-01-014	Устройство полов бетонных, выполняемых методом вакуумирования	11-01-014-05	100 м2	Устройство полов бетонных методом вакуумирования на гранитном щебне толщиной 100 мм
ГЭСН	11	11-01-015	Устройство покрытий бетонных, цементобетонных и металлоцементных	11-01-015-01	100 м2	Устройство покрытий: бетонных толщиной 30 мм
ГЭСН	11	11-01-015	Устройство покрытий бетонных, цементобетонных и металлоцементных	11-01-015-02	100 м2	Устройство покрытий: на каждые 5 мм изменения толщины покрытия добавлять или исключать к норме 11-01-015-01
ГЭСН	11	11-01-015	Устройство покрытий бетонных, цементобетонных и металлоцементных	11-01-015-03	100 м2	Устройство покрытий: цементных толщиной 20 мм
ГЭСН	11	11-01-015	Устройство покрытий бетонных, цементобетонных и металлоцементных	11-01-015-04	100 м2	Устройство покрытий: на каждые 5 мм изменения толщины покрытия добавлять или исключать к норме 11-01-015-03
ГЭСН	11	11-01-015	Устройство покрытий бетонных, цементобетонных и металлоцементных	11-01-015-05	100 м2	Устройство покрытий: металлоцементных толщиной 15 мм
ГЭСН	11	11-01-015	Устройство покрытий бетонных, цементобетонных и металлоцементных	11-01-015-06	100 м2	Устройство покрытий: на каждые 5 мм изменения толщины покрытия добавлять или исключать к норме 11-01-015-05
ГЭСН	11	11-01-015	Устройство покрытий бетонных, цементобетонных и металлоцементных	11-01-015-07	100 м2	Шлифовка бетонных или металлоцементных покрытий
ГЭСН	11	11-01-015	Устройство покрытий бетонных, цементобетонных и металлоцементных	11-01-015-08	100 м2	Железнение цементных покрытий
ГЭСН	11	11-01-016	Устройство покрытий из бетона кислотоупорного и жароупорного	11-01-016-01	100 м2	Устройство покрытий из бетона: кислотоупорного толщиной 40 мм
ГЭСН	11	11-01-016	Устройство покрытий из бетона кислотоупорного и жароупорного	11-01-016-02	100 м2	Устройство покрытий из бетона: жароупорного толщиной 90 мм
ГЭСН	11	11-01-016	Устройство покрытий из бетона кислотоупорного и жароупорного	11-01-016-03	100 м2	На каждые 10 мм изменения толщины покрытия добавлять или исключать к норме: 11-01-016-01
ГЭСН	11	11-01-016	Устройство покрытий из бетона кислотоупорного и жароупорного	11-01-016-04	100 м2	На каждые 10 мм изменения толщины покрытия добавлять или исключать к норме: 11-01-016-02
ГЭСН	11	11-01-017	Устройство покрытий мозаичных ("Брекчия" и терраццо)	11-01-017-01	100 м2	Устройство покрытий мозаичных: из боя мраморных плит (типа "Брекчия")
ГЭСН	11	11-01-017	Устройство покрытий мозаичных ("Брекчия" и терраццо)	11-01-017-02	100 м2	Устройство покрытий мозаичных: терраццо толщиной 20 мм без рисунка
ГЭСН	11	11-01-017	Устройство покрытий мозаичных ("Брекчия" и терраццо)	11-01-017-03	100 м2	Устройство покрытий мозаичных: терраццо толщиной 20 мм с рисунком
ГЭСН	11	11-01-017	Устройство покрытий мозаичных ("Брекчия" и терраццо)	11-01-017-04	100 м2	Устройство покрытий мозаичных: на каждые 5 мм изменения толщины добавлять сверх 20 мм к нормам 11-01-017-02, 11-01-017-003
ГЭСН	11	11-01-018	Установка жилок	11-01-018-01	100 м	Установка жилок: стеклянных в мозаичные покрытия
ГЭСН	11	11-01-018	Установка жилок	11-01-018-02	100 м	Установка жилок: латунных в мозаичные покрытия
ГЭСН	11	11-01-018	Установка жилок	11-01-018-03	100 м	Установка жилок: алюминиевых в мозаичные покрытия
ГЭСН	11	11-01-018	Установка жилок	11-01-018-04	100 м	Установка жилок: дубовых в паркетные покрытия
ГЭСН	11	11-01-019	Устройство покрытий асфальтобетонных	11-01-019-01	100 м2	Устройство покрытий асфальтобетонных: литых толщиной 25 мм
ГЭСН	11	11-01-019	Устройство покрытий асфальтобетонных	11-01-019-02	100 м2	Устройство покрытий асфальтобетонных: на каждые 5 мм изменения толщины добавлять или исключать к норме 11-01-019-01
ГЭСН	11	11-01-019	Устройство покрытий асфальтобетонных	11-01-019-03	100 м2	Устройство покрытий асфальтобетонных: жестких толщиной 25 мм
ГЭСН	11	11-01-019	Устройство покрытий асфальтобетонных	11-01-019-04	100 м2	Устройство покрытий асфальтобетонных: на каждые 5 мм изменения толщины добавлять или исключать к норме 11-01-019-03
ГЭСН	11	11-01-020	Устройство покрытий ксилолитовых и поливинилацетатных	11-01-020-01	100 м2	Устройство покрытий ксилолитовых: толщиной 15 мм
ГЭСН	11	11-01-020	Устройство покрытий ксилолитовых и поливинилацетатных	11-01-020-02	100 м2	Устройство покрытий ксилолитовых: на каждые 5 мм изменения толщины добавлять или исключать к норме 11-01-020-01
ГЭСН	11	11-01-020	Устройство покрытий ксилолитовых и поливинилацетатных	11-01-020-03	100 м2	Устройство покрытий поливинилацетатных: толщиной 3 мм
ГЭСН	11	11-01-020	Устройство покрытий ксилолитовых и поливинилацетатных	11-01-020-04	100 м2	Устройство покрытий поливинилацетатных: на каждый 1 мм изменения толщины добавлять или исключать к норме 11-01-020-03
ГЭСН	11	11-01-021	Устройство покрытий полимерцементных	11-01-021-01	100 м2	Устройство покрытий полимерцементных: однослойных наливных толщиной 4 мм
ГЭСН	11	11-01-021	Устройство покрытий полимерцементных	11-01-021-02	100 м2	Устройство покрытий полимерцементных: однослойных пластичных толщиной 8 мм
ГЭСН	11	11-01-021	Устройство покрытий полимерцементных	11-01-021-03	100 м2	Устройство покрытий полимерцементных: двухслойных наливных толщиной 12 мм
ГЭСН	11	11-01-022	Устройство покрытий поливинилацетатно-цементобетонных толщиной 20 мм	11-01-022-01	100 м2	Устройство покрытий поливинилацетатно-цементобетонных толщиной 20 мм
ГЭСН	11	11-01-023	Устройство покрытий бесшовных толщиной 5 мм	11-01-023-01	100 м2	Устройство покрытий бесшовных толщиной 5 мм: эпоксидно-полиэфирных
ГЭСН	11	11-01-023	Устройство покрытий бесшовных толщиной 5 мм	11-01-023-02	100 м2	Устройство покрытий бесшовных толщиной 5 мм: эпоксидно-полиамидных
ГЭСН	11	11-01-023	Устройство покрытий бесшовных толщиной 5 мм	11-01-023-03	100 м2	Устройство покрытий бесшовных толщиной 5 мм: эпоксидно-карбамидных
ГЭСН	11	11-01-023	Устройство покрытий бесшовных толщиной 5 мм	11-01-023-05	100 м2	Устройство покрытий бесшовных толщиной 5 мм: эпоксидно-каучуковых
ГЭСН	11	11-01-024	Устройство покрытий толщиной 10 мм из полимерраствора на основе смолы ФАЭД-8	11-01-024-01	100 м2	Устройство покрытий толщиной 10 мм из полимерраствора на основе смолы ФАЭД-8
ГЭСН	11	11-01-025	Устройство покрытий из брусчатки и камня булыжного	11-01-025-01	100 м2	Устройство покрытий: из брусчатки по готовому подстилающему слою с заполнением швов песком
ГЭСН	11	11-01-025	Устройство покрытий из брусчатки и камня булыжного	11-01-025-02	100 м2	Устройство покрытий: из брусчатки на цементном растворе с заполнением швов
ГЭСН	11	11-01-025	Устройство покрытий из брусчатки и камня булыжного	11-01-025-03	100 м2	Устройство покрытий: из камня булыжного по готовому подстилающему слою
ГЭСН	11	11-01-027	Устройство покрытий на цементном растворе из плиток	11-01-027-01	100 м2	Устройство покрытий на цементном растворе из плиток: бетонных, цементных или мозаичных
ГЭСН	11	11-01-027	Устройство покрытий на цементном растворе из плиток	11-01-027-02	100 м2	Устройство покрытий на цементном растворе из плиток: керамических для полов многоцветных
ГЭСН	11	11-01-027	Устройство покрытий на цементном растворе из плиток	11-01-027-03	100 м2	Устройство покрытий на цементном растворе из плиток: керамических для полов одноцветных с красителем
ГЭСН	11	11-01-027	Устройство покрытий на цементном растворе из плиток	11-01-027-04	100 м2	Устройство покрытий на цементном растворе из плиток: ковровых керамических толщиной 4-6 мм
ГЭСН	11	11-01-027	Устройство покрытий на цементном растворе из плиток	11-01-027-05	100 м2	Устройство покрытий на растворе из сухой смеси с приготовлением раствора в построечных условиях из плиток: рельефных глазурованных керамических для полов многоцветных
ГЭСН	11	11-01-027	Устройство покрытий на цементном растворе из плиток	11-01-027-06	100 м2	Устройство покрытий на растворе из сухой смеси с приготовлением раствора в построечных условиях из плиток: гладких неглазурованных керамических для полов одноцветных
ГЭСН	11	11-01-028	Устройство покрытий на битумной мастике из плиток	11-01-028-01	100 м2	Устройство покрытий на битумной мастике из плиток: асфальтобетонных
ГЭСН	11	11-01-028	Устройство покрытий на битумной мастике из плиток	11-01-028-02	100 м2	Устройство покрытий на битумной мастике из плиток: керамических многоцветных для полов
ГЭСН	11	11-01-028	Устройство покрытий на битумной мастике из плиток	11-01-028-03	100 м2	Устройство покрытий на битумной мастике из плиток: керамических одноцветных с красителем для полов
ГЭСН	11	11-01-029	Устройство покрытий из чугунных плит	11-01-029-01	100 м2	Устройство покрытий из чугунных плит на прослойке: из песка
ГЭСН	11	11-01-029	Устройство покрытий из чугунных плит	11-01-029-02	100 м2	Устройство покрытий из чугунных плит на прослойке: из бетона
ГЭСН	11	11-01-030	Устройство покрытий из стальных штампованных перфорированных плит на прослойке из бетона	11-01-030-01	100 м2	Устройство покрытий из стальных штампованных перфорированных плит на прослойке из бетона
ГЭСН	11	11-01-031	Устройство покрытий из плит мраморных и гранитных	11-01-031-01	100 м2	Устройство покрытий из мраморных плит при количестве плит на 1 м2: до 2 шт.
ГЭСН	11	11-01-031	Устройство покрытий из плит мраморных и гранитных	11-01-031-02	100 м2	Устройство покрытий из мраморных плит при количестве плит на 1 м2: свыше 2 до 3 шт.
ГЭСН	11	11-01-031	Устройство покрытий из плит мраморных и гранитных	11-01-031-03	100 м2	Устройство покрытий из мраморных плит при количестве плит на 1 м2: свыше 3 до 4 шт.
ГЭСН	11	11-01-031	Устройство покрытий из плит мраморных и гранитных	11-01-031-04	100 м2	Устройство покрытий из мраморных плит при количестве плит на 1 м2: свыше 4 до 10 шт.
ГЭСН	11	11-01-031	Устройство покрытий из плит мраморных и гранитных	11-01-031-05	100 м2	Устройство покрытий из мраморных плит при количестве плит на 1 м2: свыше 10 до 20 шт.
ГЭСН	11	11-01-031	Устройство покрытий из плит мраморных и гранитных	11-01-031-06	100 м2	Устройство покрытий из мраморных плит при количестве плит на 1 м2: свыше 20 до 30 шт.
ГЭСН	11	11-01-031	Устройство покрытий из плит мраморных и гранитных	11-01-031-07	100 м2	Устройство покрытий из гранитных плит при количестве плит на 1 м2: до 3 шт.
ГЭСН	11	11-01-031	Устройство покрытий из плит мраморных и гранитных	11-01-031-08	100 м2	Устройство покрытий из гранитных плит при количестве плит на 1 м2: свыше 3 до 4 шт.
ГЭСН	11	11-01-031	Устройство покрытий из плит мраморных и гранитных	11-01-031-09	100 м2	Устройство покрытий из гранитных плит при количестве плит на 1 м2: свыше 4 до 10 шт.
ГЭСН	11	11-01-032	Устройство покрытий из торцовой шашки на прослойке из мастики и песка	11-01-032-01	100 м2	Устройство покрытий из торцовой шашки на прослойке: из мастики
ГЭСН	11	11-01-032	Устройство покрытий из торцовой шашки на прослойке из мастики и песка	11-01-032-02	100 м2	Устройство покрытий из торцовой шашки на прослойке: из песка
ГЭСН	11	11-01-033	Устройство покрытий дощатых и из брусков	11-01-033-01	100 м2	Устройство покрытий: дощатых толщиной 28 мм
ГЭСН	11	11-01-033	Устройство покрытий дощатых и из брусков	11-01-033-02	100 м2	Устройство покрытий: дощатых толщиной 36 мм
ГЭСН	11	11-01-034	Устройство покрытий из паркетных досок, паркета мозаичного, паркета штучного без жилок	11-01-034-01	100 м2	Устройство покрытий: из досок паркетных
ГЭСН	11	11-01-034	Устройство покрытий из паркетных досок, паркета мозаичного, паркета штучного без жилок	11-01-034-02	100 м2	Устройство покрытий: из паркета мозаичного
ГЭСН	11	11-01-034	Устройство покрытий из паркетных досок, паркета мозаичного, паркета штучного без жилок	11-01-034-03	100 м2	Устройство покрытий: из паркета штучного без жилок
ГЭСН	11	11-01-034	Устройство покрытий из паркетных досок, паркета мозаичного, паркета штучного без жилок	11-01-034-04	100 м2	Устройство покрытий: из досок ламинированных замковым способом
ГЭСН	11	11-01-035	Устройство покрытий из щитов паркетных, деревянных реечных и из плит древесноволокнистых и древесностружечных	11-01-035-01	100 м2	Устройство покрытий: из щитов паркетных
ГЭСН	11	11-01-035	Устройство покрытий из щитов паркетных, деревянных реечных и из плит древесноволокнистых и древесностружечных	11-01-035-02	100 м2	Устройство покрытий: из щитов деревянных реечных
ГЭСН	11	11-01-035	Устройство покрытий из щитов паркетных, деревянных реечных и из плит древесноволокнистых и древесностружечных	11-01-035-03	100 м2	Устройство покрытий: из плит древесноволокнистых
ГЭСН	11	11-01-035	Устройство покрытий из щитов паркетных, деревянных реечных и из плит древесноволокнистых и древесностружечных	11-01-035-04	100 м2	Устройство покрытий: из плит древесностружечных
ГЭСН	11	11-01-036	Устройство покрытий из линолеума	11-01-036-01	100 м2	Устройство покрытий: из линолеума на клее
ГЭСН	11	11-01-036	Устройство покрытий из линолеума	11-01-036-02	100 м2	Устройство покрытий: из линолеума на клее со свариванием полотнищ в стыках
ГЭСН	11	11-01-036	Устройство покрытий из линолеума	11-01-036-03	100 м2	Устройство покрытий: из линолеума насухо из готовых ковров на комнату
ГЭСН	11	11-01-036	Устройство покрытий из линолеума	11-01-036-04	100 м2	Устройство покрытий: из линолеума насухо со свариванием полотнищ в стыках
ГЭСН	11	11-01-036	Устройство покрытий из линолеума	11-01-036-05	100 м2	Устройство покрытий: из линолеума с заведением на стены на высоту 150 мм на клее со свариванием полотнищ в стыках
ГЭСН	11	11-01-037	Устройство покрытий из релина и ковровых покрытий	11-01-037-01	100 м2	Устройство покрытий: из релина на клее "Бустилат"
ГЭСН	11	11-01-037	Устройство покрытий из релина и ковровых покрытий	11-01-037-02	100 м2	Устройство покрытий: из релина на клее КН-2
ГЭСН	11	11-01-037	Устройство покрытий из релина и ковровых покрытий	11-01-037-03	100 м2	Устройство покрытий: из ковров насухо с проклеиванием на стыках клеем "Бустилат"
ГЭСН	11	11-01-037	Устройство покрытий из релина и ковровых покрытий	11-01-037-04	100 м2	Устройство покрытий: из ковров насухо с проклеиванием на стыках клеем КН-2
ГЭСН	11	11-01-037	Устройство покрытий из релина и ковровых покрытий	11-01-037-05	100 м2	Устройство покрытий: из готовых ковров насухо на комнату
ГЭСН	11	11-01-037	Устройство покрытий из релина и ковровых покрытий	11-01-037-06	100 м2	Устройство покрытий: из готовых ковров на комнату на клее
ГЭСН	11	11-01-037	Устройство покрытий из релина и ковровых покрытий	11-01-037-07	100 м2	Устройство покрытий: из ковров с подложкой на клее
ГЭСН	11	11-01-037	Устройство покрытий из релина и ковровых покрытий	11-01-037-08	100 м2	Устройство подложки под ковровые покрытия насухо
ГЭСН	11	11-01-038	Устройство покрытий из плиток поливинилхлоридных	11-01-038-01	100 м2	Устройство покрытий из плиток поливинилхлоридных: на мастике резинобитумной
ГЭСН	11	11-01-038	Устройство покрытий из плиток поливинилхлоридных	11-01-038-02	100 м2	Устройство покрытий из плиток поливинилхлоридных: на клее КН-2
ГЭСН	11	11-01-038	Устройство покрытий из плиток поливинилхлоридных	11-01-038-03	100 м2	Устройство покрытий из плиток поливинилхлоридных: на мастике КН-3
ГЭСН	11	11-01-038	Устройство покрытий из плиток поливинилхлоридных	11-01-038-04	100 шт	Устройство покрытий из плиток поливинилхлоридных: тактильных размером 300х300 мм на клее
ГЭСН	11	11-01-038	Устройство покрытий из плиток поливинилхлоридных	11-01-038-05	100 шт	Устройство покрытий из плиток поливинилхлоридных: тактильных размером 500х500 мм на клее
ГЭСН	11	11-01-039	Устройство плинтусов	11-01-039-01	100 м	Устройство плинтусов: деревянных
ГЭСН	11	11-01-039	Устройство плинтусов	11-01-039-02	100 м	Устройство плинтусов: цементных
ГЭСН	11	11-01-039	Устройство плинтусов	11-01-039-03	100 м	Устройство плинтусов: из терраццевого раствора
ГЭСН	11	11-01-039	Устройство плинтусов	11-01-039-04	100 м	Устройство плинтусов: из плиток керамических
ГЭСН	11	11-01-039	Устройство плинтусов	11-01-039-05	100 м	Устройство плинтусов: деревянных с креплением к стенам шурупами
ГЭСН	11	11-01-039	Устройство плинтусов	11-01-039-06	100 м	Устройство плинтусов: из плиток керамогранитных
ГЭСН	11	11-01-040	Устройство плинтусов поливинилхлоридных	11-01-040-01	100 м	Устройство плинтусов поливинилхлоридных: на клее КН-2
ГЭСН	11	11-01-040	Устройство плинтусов поливинилхлоридных	11-01-040-02	100 м	Устройство плинтусов поливинилхлоридных: на мастике кумароно-каучуковой КН-3
ГЭСН	11	11-01-040	Устройство плинтусов поливинилхлоридных	11-01-040-03	100 м	Устройство плинтусов поливинилхлоридных: на винтах самонарезающих
ГЭСН	11	11-01-041	Установка плинтусов из мраморных плит	11-01-041-01	м2	Установка плинтусов из мраморных плит
ГЭСН	11	11-01-043	Укладка лаг и подкладок под обогреваемые полы над холодными (проветриваемыми) подпольями зданий, сооружаемых в северной климатической зоне	11-01-043-01	100 м2	Укладка под обогреваемые полы: лаг по деревянным подкладкам
ГЭСН	11	11-01-043	Укладка лаг и подкладок под обогреваемые полы над холодными (проветриваемыми) подпольями зданий, сооружаемых в северной климатической зоне	11-01-043-02	100 м2	Укладка под обогреваемые полы: подкладок из кирпича по прокладкам из минераловатных плит или матов
ГЭСН	11	11-01-044	Нарезка швов в бетоне	11-01-044-01	100 м	Нарезка швов в бетоне: при устройстве полов методом вакуумирования
ГЭСН	11	11-01-044	Нарезка швов в бетоне	11-01-044-02	100 м	Нарезка швов в бетоне: с заполнением швов герметиком при устройстве полимерных наливных полов
ГЭСН	11	11-01-045	Устройство покрытий наливных	11-01-045-01	100 м2	Устройство покрытий наливных составом на эпоксидной смоле толщиной 3 мм и грунтовкой толщиной 0,5 мм
ГЭСН	11	11-01-045	Устройство покрытий наливных	11-01-045-02	100 м2	Устройство покрытий наливных составом на эпоксидной смоле толщиной 2 мм, наполненным кварцевым песком
ГЭСН	11	11-01-045	Устройство покрытий наливных	11-01-045-03	100 м2	На каждые 0,5 мм изменения толщины основного слоя добавлять или исключать к норме 11-01-045-02
ГЭСН	11	11-01-045	Устройство покрытий наливных	11-01-045-04	100 м2	Устройство покрытий противоскользящих антистатических наливных составом на эпоксидной смоле
ГЭСН	11	11-01-047	Устройство покрытий из плит керамогранитных	11-01-047-01	100 м2	Устройство покрытий из плит керамогранитных размером: 40х40 см
ГЭСН	11	11-01-047	Устройство покрытий из плит керамогранитных	11-01-047-02	100 м2	Устройство покрытий из плит керамогранитных размером: 60х60 см
ГЭСН	11	11-01-048	Устройство сборных оснований полов из малоформатных гипсоволокнистых листов (ГВЛ) и элементов пола	11-01-048-01	100 м2	Устройство сборных оснований из элементов полов: на пенополистирольных плитах толщиной слоя до 50 мм
ГЭСН	11	11-01-048	Устройство сборных оснований полов из малоформатных гипсоволокнистых листов (ГВЛ) и элементов пола	11-01-048-02	100 м2	Устройство сборных оснований из элементов полов: на сухой засыпке толщиной слоя 50 мм
ГЭСН	11	11-01-048	Устройство сборных оснований полов из малоформатных гипсоволокнистых листов (ГВЛ) и элементов пола	11-01-048-03	100 м2	Устройство сборных оснований из малоформатных ГВЛ: на пенополистирольных плитах толщиной слоя до 50 мм
ГЭСН	11	11-01-048	Устройство сборных оснований полов из малоформатных гипсоволокнистых листов (ГВЛ) и элементов пола	11-01-048-04	100 м2	Устройство сборных оснований из малоформатных ГВЛ: на сухой засыпке толщиной слоя 50 мм
ГЭСН	11	11-01-049	Укладка металлического накладного профиля (порога)	11-01-049-01	100 м	Укладка металлического накладного профиля (порога)
ГЭСН	11	11-01-050	Устройство пароизоляции из полиэтиленовой пленки в один слой насухо	11-01-050-01	100 м2	Устройство пароизоляции из полиэтиленовой пленки в один слой насухо
ГЭСН	11	11-01-051	Устройство систем электрического отопления полов ("теплый пол") по готовому основанию	11-01-051-01	100 м2	Устройство систем электрического отопления полов ("теплый пол") на основе: нагревательного кабеля по готовому основанию
ГЭСН	11	11-01-051	Устройство систем электрического отопления полов ("теплый пол") по готовому основанию	11-01-051-02	100 м2	Устройство систем электрического отопления полов ("теплый пол") на основе: нагревательного мата по готовому основанию
ГЭСН	11	11-01-051	Устройство систем электрического отопления полов ("теплый пол") по готовому основанию	11-01-051-03	100 м2	Устройство систем электрического отопления полов ("теплый пол") на основе: термопленки по готовому основанию
ГЭСН	11	11-01-051	Устройство систем электрического отопления полов ("теплый пол") по готовому основанию	11-01-051-04	100 м2	Устройство теплоизоляционного слоя из рулонных материалов с отражающим эффектом для систем электрического обогрева полов
ГЭСН	11	11-01-052	Устройство полимерных наливных полов из полиуретана	11-01-052-01	100 м2	Устройство полимерных наливных полов из полиуретана: с толщиной покрытия 2 мм
ГЭСН	11	11-01-052	Устройство полимерных наливных полов из полиуретана	11-01-052-02	100 м2	Устройство полимерных наливных полов из полиуретана: усиленных стеклотканью с толщиной покрытия 3 мм
ГЭСН	11	11-01-052	Устройство полимерных наливных полов из полиуретана	11-01-052-03	100 м2	Устройство полимерных наливных полов из полиуретана: кварценаполненных с толщиной покрытия 4 мм
ГЭСН	11	11-01-052	Устройство полимерных наливных полов из полиуретана	11-01-052-04	100 м2	Устройство полимерных наливных полов из полиуретана: на каждые 0,5 мм изменения толщины покрытия добавлять или исключать к норме 11-01-052-03
ГЭСН	11	11-01-052	Устройство полимерных наливных полов из полиуретана	11-01-052-05	100 м2	Устройство полимерных наливных полов из полиуретана: антискользящих из полиуретановых эмалей
ГЭСН	11	11-01-053	Устройство оснований полов из фанеры	11-01-053-01	100 м2	Устройство оснований полов из фанеры в один слой площадью: до 20 м2
ГЭСН	11	11-01-053	Устройство оснований полов из фанеры	11-01-053-02	100 м2	Устройство оснований полов из фанеры в один слой площадью: свыше 20 м2
ГЭСН	11	11-01-053	Устройство оснований полов из фанеры	11-01-053-03	100 м2	Устройство оснований полов из фанеры в два слоя площадью: до 20 м2
ГЭСН	11	11-01-053	Устройство оснований полов из фанеры	11-01-053-04	100 м2	Устройство оснований полов из фанеры в два слоя площадью: свыше 20 м2
ГЭСН	11	11-01-054	Монтаж сборно-разборных систем фальшполов из ДСП панелей	11-01-054-01	100 м2	Монтаж сборно-разборных систем фальшполов из ДСП панелей: размером 600х600 мм
ГЭСН	11	11-01-054	Монтаж сборно-разборных систем фальшполов из ДСП панелей	11-01-054-02	100 м2	Монтаж сборно-разборных систем фальшполов из ДСП панелей: размером 600х600 мм, с устройством стрингеров
ГЭСН	11	11-01-055	Устройство упрочненных (топпинговых) покрытий бетонных полов	11-01-055-01	100 м2	Устройство упрочненных (топпинговых) покрытий бетонных полов
ГЭСН	11	11-01-057	Устройство гетерогенного и гомогенного покрытия на клее со свариванием полотнищ в стыках	11-01-057-01	100 м2	Устройство гетерогенного и гомогенного покрытия на клее со свариванием полотнищ в стыках
ГЭСН	11	11-01-058	Устройство покрытий лестничной клетки на цементном растворе из плиток	11-01-058-01	100 м	Устройство калошницы лестничных маршей и площадок высотой 10 см из керамической плитки
ГЭСН	11	11-01-058	Устройство покрытий лестничной клетки на цементном растворе из плиток	11-01-058-02	100 м2	Устройство покрытий на цементном растворе в два цвета из керамической плитки: лестничных площадок
ГЭСН	11	11-01-058	Устройство покрытий лестничной клетки на цементном растворе из плиток	11-01-058-03	100 м2	Устройство покрытий на цементном растворе в два цвета из керамической плитки: лестничных маршей
ГЭСН	11	11-01-058	Устройство покрытий лестничной клетки на цементном растворе из плиток	11-01-058-04	100 м	Устройство калошницы лестничных маршей и площадок высотой 15 см из керамической плитки
ГЭСН	11	11-01-059	Укладка антистатической медной ленты	11-01-059-01	100 м	Укладка антистатической медной ленты
ГЭСН	11	11-01-060	Армирование стяжек	11-01-060-01	100 м2	Армирование стяжек сетками сварными
ГЭСН	11	11-01-061	Монтаж сборно-разборных систем фальшполов в чистых помещениях	11-01-061-01	100 шт	Монтаж укосин при устройстве сборно-разборных систем фальшполов в чистых помещениях
ГЭСН	12	12-01-001	Устройство кровель скатных	12-01-001-01	100 м2	Устройство кровель скатных из трех слоев кровельных рулонных материалов: на битумной мастике
ГЭСН	12	12-01-001	Устройство кровель скатных	12-01-001-02	100 м2	Устройство кровель скатных из трех слоев кровельных рулонных материалов: на битумной мастике с защитным слоем из гравия на битумной мастике
ГЭСН	12	12-01-001	Устройство кровель скатных	12-01-001-03	100 м2	Устройство кровель скатных из наплавляемых материалов: в три слоя с защитным слоем из гравия на битумной мастике
ГЭСН	12	12-01-001	Устройство кровель скатных	12-01-001-04	100 м2	Устройство кровель скатных из наплавляемых материалов: в три слоя
ГЭСН	12	12-01-001	Устройство кровель скатных	12-01-001-05	100 м2	Устройство кровель скатных из наплавляемых материалов: в два слоя
ГЭСН	12	12-01-001	Устройство кровель скатных	12-01-001-06	100 м2	Устройство кровель скатных из наплавляемых материалов: в один слой
ГЭСН	12	12-01-001	Устройство кровель скатных	12-01-001-07	100 м2	Защита ковра скатных кровель гравием на битумной мастике
ГЭСН	12	12-01-002	Устройство кровель плоских	12-01-002-01	100 м2	Устройство кровель плоских четырехслойных из рулонных кровельных материалов на битумной мастике: с защитным слоем из гравия на битумной антисептированной мастике
ГЭСН	12	12-01-002	Устройство кровель плоских	12-01-002-02	100 м2	Устройство кровель плоских четырехслойных из рулонных кровельных материалов на битумной мастике: антисептированной с защитным слоем из гравия на битумной антисептированной мастике
ГЭСН	12	12-01-002	Устройство кровель плоских	12-01-002-03	100 м2	Устройство кровель плоских четырехслойных из рулонных кровельных материалов на битумной мастике с последующим нанесением антисептированной битумной мастики толщиной 2 мм с защитным слоем: из раствора 
ГЭСН	12	12-01-002	Устройство кровель плоских	12-01-002-04	100 м2	Устройство кровель плоских четырехслойных из рулонных кровельных материалов на битумной мастике с последующим нанесением антисептированной битумной мастики толщиной 2 мм с защитным слоем: из асфальтоб
ГЭСН	12	12-01-002	Устройство кровель плоских	12-01-002-05	100 м2	Устройство кровель плоских четырехслойных из рулонных кровельных материалов на битумной мастике с последующим нанесением антисептированной битумной мастики толщиной 2 мм с защитным слоем: из плит бето
ГЭСН	12	12-01-002	Устройство кровель плоских	12-01-002-06	100 м2	Устройство кровель плоских четырехслойных из рулонных кровельных материалов на битумной мастике с последующим нанесением антисептированной битумной мастики толщиной 2 мм с защитным слоем: из плит армо
ГЭСН	12	12-01-002	Устройство кровель плоских	12-01-002-07	100 м2	Устройство кровель плоских трехслойных из рулонных кровельных материалов на битумно-полимерной мастике
ГЭСН	12	12-01-002	Устройство кровель плоских	12-01-002-08	100 м2	Устройство кровель плоских из наплавляемых материалов: в три слоя
ГЭСН	12	12-01-002	Устройство кровель плоских	12-01-002-09	100 м2	Устройство кровель плоских из наплавляемых материалов: в два слоя
ГЭСН	12	12-01-002	Устройство кровель плоских	12-01-002-10	100 м2	Устройство кровель плоских из наплавляемых материалов: в один слой
ГЭСН	12	12-01-002	Устройство кровель плоских	12-01-002-11	100 м2	Защита ковра плоских кровель гравием на битумной мастике
ГЭСН	12	12-01-002	Устройство кровель плоских	12-01-002-12	100 м2	Устройство кровель плоских из рулонных кровельных гидроизоляционных самоклеящихся материалов с антиадгезионной пленкой: с прогревом
ГЭСН	12	12-01-002	Устройство кровель плоских	12-01-002-13	100 м2	Устройство кровель плоских из рулонных кровельных гидроизоляционных самоклеящихся материалов с антиадгезионной пленкой: без прогрева
ГЭСН	12	12-01-002	Устройство кровель плоских	12-01-002-14	100 м2	Устройство кровель плоских из рулонных полимерных кровельных материалов на мастике с подготовкой поверхности: в один слой
ГЭСН	12	12-01-002	Устройство кровель плоских	12-01-002-15	100 м2	Устройство кровель плоских из рулонных полимерных кровельных материалов на мастике с подготовкой поверхности: в два слоя
ГЭСН	12	12-01-002	Устройство кровель плоских	12-01-002-16	100 м2	Устройство кровель плоских с применением полимерной мастики на основе бутилкаучука: огрунтовка подготовленных оснований под водоизоляционный кровельный ковер
ГЭСН	12	12-01-002	Устройство кровель плоских	12-01-002-17	100 м2	Устройство кровель плоских с применением полимерной мастики на основе бутилкаучука: нанесение полимерной мастики на основе бутилкаучука на огрунтованную поверхность в один слой
ГЭСН	12	12-01-002	Устройство кровель плоских	12-01-002-18	100 м2	Устройство кровель плоских из рулонных кровельных гидроизоляционных битумно-полимерных СБС-модифицированных материалов в один слой: методом механического крепления
ГЭСН	12	12-01-002	Устройство кровель плоских	12-01-002-19	100 м2	Устройство кровель плоских из рулонных кровельных гидроизоляционных битумно-полимерных СБС-модифицированных материалов в один слой: методом полосовой наклейки (термической активации)
ГЭСН	12	12-01-002	Устройство кровель плоских	12-01-002-20	100 м2	Устройство кровель плоских из рулонных кровельных гидроизоляционных битумно-полимерных СБС-модифицированных материалов в один слой: методом свободной укладки
ГЭСН	12	12-01-002	Устройство кровель плоских	12-01-002-21	100 м2	Устройство плоских кровель из ЭПДМ мембраны: с наклейкой на мастику
ГЭСН	12	12-01-002	Устройство кровель плоских	12-01-002-22	100 м2	Устройство плоских кровель из ЭПДМ мембраны: самоклеящейся
ГЭСН	12	12-01-002	Устройство кровель плоских	12-01-002-23	100 м2	Устройство кровель плоских из рулонных кровельных гидроизоляционных материалов на полимерной мастике с подготовкой поверхности
ГЭСН	12	12-01-002	Устройство кровель плоских	12-01-002-24	100 м2	Устройство защитного антикоррозийного полимерного наливного покрытия
ГЭСН	12	12-01-003	Устройство трехслойных мастичных кровель, армированных двумя слоями стеклосетки	12-01-003-01	100 м2	Устройство трехслойных мастичных кровель, армированных двумя слоями стеклосетки,: из битумной мастики
ГЭСН	12	12-01-003	Устройство трехслойных мастичных кровель, армированных двумя слоями стеклосетки	12-01-003-02	100 м2	Устройство трехслойных мастичных кровель, армированных двумя слоями стеклосетки,: из битумно-резиновой мастики
ГЭСН	12	12-01-004	Устройство примыканий рулонных и мастичных кровель к стенам и парапетам	12-01-004-01	100 м	Устройство примыканий рулонных и мастичных кровель к стенам и парапетам высотой: до 600 мм без фартуков
ГЭСН	12	12-01-004	Устройство примыканий рулонных и мастичных кровель к стенам и парапетам	12-01-004-02	100 м	Устройство примыканий рулонных и мастичных кровель к стенам и парапетам высотой: более 600 мм с одним фартуком
ГЭСН	12	12-01-004	Устройство примыканий рулонных и мастичных кровель к стенам и парапетам	12-01-004-03	100 м	Устройство примыканий рулонных и мастичных кровель к стенам и парапетам высотой: более 600 мм с двумя фартуками
ГЭСН	12	12-01-004	Устройство примыканий рулонных и мастичных кровель к стенам и парапетам	12-01-004-04	100 м	Устройство примыканий кровель из наплавляемых материалов к стенам и парапетам высотой: до 600 мм без фартуков
ГЭСН	12	12-01-004	Устройство примыканий рулонных и мастичных кровель к стенам и парапетам	12-01-004-05	100 м	Устройство примыканий кровель из наплавляемых материалов к стенам и парапетам высотой: более 600 мм с одним фартуком
ГЭСН	12	12-01-004	Устройство примыканий рулонных и мастичных кровель к стенам и парапетам	12-01-004-06	100 м	Устройство примыканий кровель из наплавляемых материалов к стенам и парапетам высотой: более 600 мм с двумя фартуками
ГЭСН	12	12-01-004	Устройство примыканий рулонных и мастичных кровель к стенам и парапетам	12-01-004-07	100 м	Устройство мест выхода коммуникаций и примыканий с применением рулонного кровельного гидроизоляционного самоклеящегося материала с антиадгезионной пленкой: с прогревом
ГЭСН	12	12-01-004	Устройство примыканий рулонных и мастичных кровель к стенам и парапетам	12-01-004-08	100 м	Устройство мест выхода коммуникаций и примыканий с применением рулонного кровельного гидроизоляционного самоклеящегося материала с антиадгезионной пленкой: без прогрева
ГЭСН	12	12-01-004	Устройство примыканий рулонных и мастичных кровель к стенам и парапетам	12-01-004-09	100 м	Установка прижимной планки
ГЭСН	12	12-01-004	Устройство примыканий рулонных и мастичных кровель к стенам и парапетам	12-01-004-10	100 м	Устройство примыканий высотой до 450 мм из: ЭПДМ мембраны с наклейкой на мастику
ГЭСН	12	12-01-004	Устройство примыканий рулонных и мастичных кровель к стенам и парапетам	12-01-004-11	100 м	Устройство примыканий высотой до 450 мм из: самоклеящейся ЭПДМ мембраны
ГЭСН	12	12-01-005	Защита ендов	12-01-005-01	100 м	Защита ендов: дополнительным двухслойным ковром из рулонных материалов на битумной мастике
ГЭСН	12	12-01-005	Защита ендов	12-01-005-02	100 м	Защита ендов: слоем гравия
ГЭСН	12	12-01-005	Защита ендов	12-01-005-03	100 м	Защита ендов: дополнительным двухслойным ковром из рулонных наплавляемых материалов
ГЭСН	12	12-01-005	Защита ендов	12-01-005-04	100 м	Защита ендов: дополнительным одним слоем рулонных наплавляемых материалов
ГЭСН	12	12-01-006	Устройство деформационных швов	12-01-006-01	100 м	Устройство деформационных швов с наклейкой дополнительных слоев рулонного кровельного материала на битумной мастике
ГЭСН	12	12-01-006	Устройство деформационных швов	12-01-006-02	100 м	Устройство деформационных швов с наплавлением дополнительных слоев рулонного кровельного материала
ГЭСН	12	12-01-007	Устройство кровель различных типов	12-01-007-01	100 м2	Устройство кровель из волнистых хризотилцементных листов: с симметричными кромками по деревянной обрешетке с ее устройством
ГЭСН	12	12-01-007	Устройство кровель различных типов	12-01-007-02	100 м2	Устройство кровель из волнистых хризотилцементных листов: с асимметричными кромками по деревянной обрешетке с ее устройством
ГЭСН	12	12-01-007	Устройство кровель различных типов	12-01-007-03	100 м2	Устройство кровель из волнистых хризотилцементных листов: по готовым прогонам
ГЭСН	12	12-01-007	Устройство кровель различных типов	12-01-007-04	100 м2	На герметизацию соединений между хризотилцементными листами добавлять к нормам 12-01-007-01, 12-01-007-02, 12-01-007-03
ГЭСН	12	12-01-007	Устройство кровель различных типов	12-01-007-05	100 м2	Устройство кровель из черепицы: пазовой штампованной или прессованной (керамической и цементно-песчаной (бетонной))
ГЭСН	12	12-01-007	Устройство кровель различных типов	12-01-007-06	100 м2	Устройство кровель из черепицы: полимернаполненной (полимерпесчаной)
ГЭСН	12	12-01-007	Устройство кровель различных типов	12-01-007-07	100 м2	Устройство кровель из черепицы: полосной битумной на скатной кровле по сплошной обшивке без ее устройства
ГЭСН	12	12-01-007	Устройство кровель различных типов	12-01-007-08	100 м2	Устройство кровель из оцинкованной стали: без настенных желобов
ГЭСН	12	12-01-007	Устройство кровель различных типов	12-01-007-09	100 м2	Устройство кровель из оцинкованной стали: с настенными желобами
ГЭСН	12	12-01-007	Устройство кровель различных типов	12-01-007-10	100 м2	Комплекс работ по устройству кровель из наплавляемых рулонных материалов для зданий шириной от 12 до 24 метров: в два слоя
ГЭСН	12	12-01-007	Устройство кровель различных типов	12-01-007-11	100 м2	Комплекс работ по устройству кровель из наплавляемых рулонных материалов для зданий шириной от 12 до 24 метров: в один слой
ГЭСН	12	12-01-007	Устройство кровель различных типов	12-01-007-12	100 м2	Устройство кровель из листов волнистых битумных с устройством деревянной обрешетки при уклоне кровли: до 10 градусов
ГЭСН	12	12-01-007	Устройство кровель различных типов	12-01-007-13	100 м2	Устройство кровель из листов волнистых битумных с устройством деревянной обрешетки при уклоне кровли: свыше 10 градусов
ГЭСН	12	12-01-008	Устройство обделок на фасадах (наружные подоконники, пояски, балконы и др.)	12-01-008-01	100 м2	Устройство обделок на фасадах (наружные подоконники, пояски, балконы и др.): включая водосточные трубы, с изготовлением элементов труб
ГЭСН	12	12-01-008	Устройство обделок на фасадах (наружные подоконники, пояски, балконы и др.)	12-01-008-02	100 м2	Устройство обделок на фасадах (наружные подоконники, пояски, балконы и др.): без водосточных труб
ГЭСН	12	12-01-009	Устройство желобов	12-01-009-01	100 м	Устройство желобов: настенных
ГЭСН	12	12-01-009	Устройство желобов	12-01-009-02	100 м	Устройство желобов: подвесных
ГЭСН	12	12-01-010	Устройство мелких покрытий (брандмауэры, парапеты, свесы и т.п.) из листовой оцинкованной стали	12-01-010-01	100 м2	Устройство мелких покрытий (брандмауэры, парапеты, свесы и т.п.) из листовой оцинкованной стали
ГЭСН	12	12-01-011	Устройство колпаков над шахтами	12-01-011-01	шт	Устройство колпаков над шахтами в два канала
ГЭСН	12	12-01-011	Устройство колпаков над шахтами	12-01-011-02	шт	На каждые последующие два канала сверх двух добавлять к норме 12-01-011-01
ГЭСН	12	12-01-012	Ограждение кровель перилами	12-01-012-01	100 м	Ограждение кровель перилами
ГЭСН	12	12-01-013	Утепление покрытий плитами	12-01-013-01	100 м2	Утепление покрытий плитами: из пенопласта полистирольного на битумной мастике в один слой
ГЭСН	12	12-01-013	Утепление покрытий плитами	12-01-013-02	100 м2	Утепление покрытий плитами: на каждый последующий слой добавлять к норме 12-01-013-01
ГЭСН	12	12-01-013	Утепление покрытий плитами	12-01-013-03	100 м2	Утепление покрытий плитами: из минеральной ваты или перлита на битумной мастике в один слой
ГЭСН	12	12-01-013	Утепление покрытий плитами	12-01-013-04	100 м2	Утепление покрытий плитами: на каждый последующий слой добавлять к норме 12-01-013-03
ГЭСН	12	12-01-013	Утепление покрытий плитами	12-01-013-05	100 м2	Утепление покрытий плитами: из легких (ячеистых) бетонов или фибролита насухо
ГЭСН	12	12-01-013	Утепление покрытий плитами	12-01-013-06	100 м2	Утепление покрытий плитами: из пеностекла на битумной мастике в один слой
ГЭСН	12	12-01-013	Утепление покрытий плитами	12-01-013-07	100 м2	Утепление покрытий плитами: из минеральной ваты насухо
ГЭСН	12	12-01-014	Утепление покрытий	12-01-014-01	м3	Утепление покрытий: легким (ячеистым) бетоном
ГЭСН	12	12-01-014	Утепление покрытий	12-01-014-02	м3	Утепление покрытий: керамзитом
ГЭСН	12	12-01-014	Утепление покрытий	12-01-014-03	м3	Утепление покрытий: шунгизитом
ГЭСН	12	12-01-014	Утепление покрытий	12-01-014-04	м3	Утепление покрытий: перлитом
ГЭСН	12	12-01-014	Утепление покрытий	12-01-014-05	м3	Утепление покрытий: вермикулитом
ГЭСН	12	12-01-014	Утепление покрытий	12-01-014-06	м3	Утепление покрытий пеностекольным щебнем с коэффициентом относительного уплотнения: 1,1, вручную
ГЭСН	12	12-01-014	Утепление покрытий	12-01-014-07	м3	Утепление покрытий пеностекольным щебнем с коэффициентом относительного уплотнения: 1,2, виброплитой
ГЭСН	12	12-01-014	Утепление покрытий	12-01-014-08	м3	Утепление покрытий пеностекольным щебнем с коэффициентом относительного уплотнения: 1,3, виброплитой
ГЭСН	12	12-01-014	Утепление покрытий	12-01-014-09	м3	Утепление покрытий и перекрытий изделиями из волокнистых и зернистых материалов насухо с использованием разрыхлительно-выдувных установок
ГЭСН	12	12-01-015	Устройство пароизоляции	12-01-015-01	100 м2	Устройство пароизоляции: оклеечной в один слой
ГЭСН	12	12-01-015	Устройство пароизоляции	12-01-015-02	100 м2	Устройство пароизоляции: на каждый последующий слой добавлять к норме 12-01-015-01
ГЭСН	12	12-01-015	Устройство пароизоляции	12-01-015-03	100 м2	Устройство пароизоляции: прокладочной в один слой
ГЭСН	12	12-01-015	Устройство пароизоляции	12-01-015-04	100 м2	Устройство пароизоляции: обмазочной в один слой
ГЭСН	12	12-01-015	Устройство пароизоляции	12-01-015-05	100 м2	Устройство пароизоляции: на каждый последующий слой добавлять к норме 12-01-015-04
ГЭСН	12	12-01-016	Огрунтовка оснований из бетона или раствора под водоизоляционный кровельный ковер	12-01-016-01	100 м2	Огрунтовка оснований из бетона или раствора под водоизоляционный кровельный ковер: битумной грунтовкой с ее приготовлением
ГЭСН	12	12-01-016	Огрунтовка оснований из бетона или раствора под водоизоляционный кровельный ковер	12-01-016-02	100 м2	Огрунтовка оснований из бетона или раствора под водоизоляционный кровельный ковер: готовой эмульсией битумной
ГЭСН	12	12-01-017	Устройство выравнивающих стяжек	12-01-017-01	100 м2	Устройство выравнивающих стяжек: цементно-песчаных толщиной 15 мм
ГЭСН	12	12-01-017	Устройство выравнивающих стяжек	12-01-017-02	100 м2	Устройство выравнивающих стяжек: на каждый 1 мм изменения толщины добавлять или исключать к норме 12-01-017-01
ГЭСН	12	12-01-017	Устройство выравнивающих стяжек	12-01-017-03	100 м2	Устройство выравнивающих стяжек: асфальтобетонных толщиной 15 мм
ГЭСН	12	12-01-017	Устройство выравнивающих стяжек	12-01-017-04	100 м2	Устройство выравнивающих стяжек: на каждый 1 мм изменения толщины добавлять или исключать к норме 12-01-017-03
ГЭСН	12	12-01-017	Устройство выравнивающих стяжек	12-01-017-05	100 м2	Устройство выравнивающих стяжек: сборных из плоских хризотилцементных листов
ГЭСН	12	12-01-018	Изоляция стаканов зенитных фонарей с обделкой примыканий кровель к ним	12-01-018-01	100 м	Изоляция по периметру стаканов зенитных фонарей: из органического стекла в зданиях с покрытием из железобетонных плит
ГЭСН	12	12-01-018	Изоляция стаканов зенитных фонарей с обделкой примыканий кровель к ним	12-01-018-02	100 м	Изоляция по периметру стаканов зенитных фонарей: из стеклопакетов или листового стекла в зданиях с покрытием из железобетонных плит
ГЭСН	12	12-01-018	Изоляция стаканов зенитных фонарей с обделкой примыканий кровель к ним	12-01-018-03	100 м	Изоляция по периметру стаканов зенитных фонарей: из органического стекла в зданиях с покрытием из профилированного настила
ГЭСН	12	12-01-018	Изоляция стаканов зенитных фонарей с обделкой примыканий кровель к ним	12-01-018-04	100 м	Изоляция по периметру стаканов зенитных фонарей: из стеклопакетов или листового стекла в зданиях с покрытием из профилированного настила
ГЭСН	12	12-01-019	Приготовление кровельных битумных мастик	12-01-019-01	т	Приготовление кровельных битумных мастик
ГЭСН	12	12-01-020	Устройство кровель различных типов из металлочерепицы	12-01-020-01	100 м2	Устройство кровель различных типов из металлочерепицы
ГЭСН	12	12-01-021	Устройство однослойной кровли из полимерного рулонного материала с установкой прижимных пластин	12-01-021-01	100 м2	Устройство однослойной кровли из полимерного рулонного материала с установкой прижимных пластин
ГЭСН	12	12-01-022	Устройство металлической обрешетки из оцинкованного профиля	12-01-022-01	100 м	Устройство обрешетки из оцинкованного профиля для покрытия кровли
ГЭСН	12	12-01-023	Устройство кровли из металлочерепицы по готовым прогонам	12-01-023-01	100 м2	Устройство кровли из металлочерепицы по готовым прогонам: простая кровля
ГЭСН	12	12-01-023	Устройство кровли из металлочерепицы по готовым прогонам	12-01-023-02	100 м2	Устройство кровли из металлочерепицы по готовым прогонам: средней сложности
ГЭСН	12	12-01-023	Устройство кровли из металлочерепицы по готовым прогонам	12-01-023-03	100 м2	Устройство кровли из металлочерепицы по готовым прогонам: сложная кровля
ГЭСН	12	12-01-024	Устройство кровли с применением мастики с 2-х слойным покрытием	12-01-024-01	м2	Устройство кровли с применением мастики с 2-х слойным покрытием
ГЭСН	12	12-01-025	Устройство примыканий из 2х слоёв битумно-полимерной мастики с армирующими прокладками из стеклоткани и покрытием светозащитным составом	12-01-025-01	м2	Устройство примыканий из 2х слоёв битумно-полимерной мастики с армирующими прокладками из стеклоткани и покрытием светозащитным составом
ГЭСН	12	12-01-026	Устройство кровель из рулонной стали по обрешетке из обрезной доски	12-01-026-01	100 м2	Устройство кровель из рулонной стали по обрешетке из обрезной доски при: простой кровле
ГЭСН	12	12-01-026	Устройство кровель из рулонной стали по обрешетке из обрезной доски	12-01-026-02	100 м2	Устройство кровель из рулонной стали по обрешетке из обрезной доски при: кровле средней сложности
ГЭСН	12	12-01-026	Устройство кровель из рулонной стали по обрешетке из обрезной доски	12-01-026-03	100 м2	Устройство кровель из рулонной стали по обрешетке из обрезной доски при: сложной кровле
ГЭСН	12	12-01-027	Устройство кровель из рулонной стали по основанию из цементно-стружечных плит по металлической обрешетке	12-01-027-01	100 м2	Устройство кровель из рулонной стали по основанию из цементно-стружечных плит по металлической обрешетке при: простой кровле
ГЭСН	12	12-01-027	Устройство кровель из рулонной стали по основанию из цементно-стружечных плит по металлической обрешетке	12-01-027-02	100 м2	Устройство кровель из рулонной стали по основанию из цементно-стружечных плит по металлической обрешетке при: кровле средней сложности
ГЭСН	12	12-01-027	Устройство кровель из рулонной стали по основанию из цементно-стружечных плит по металлической обрешетке	12-01-027-03	100 м2	Устройство кровель из рулонной стали по основанию из цементно-стружечных плит по металлической обрешетке при: сложной кровле
ГЭСН	12	12-01-028	Устройство плоских однослойных кровель из ПВХ мембран по готовому основанию со сваркой стыков	12-01-028-01	100 м2	Устройство плоских однослойных кровель из ПВХ мембран (со сваркой полотен) с укладкой разделительного слоя по утеплителю, несущее основание из: металлического листа
ГЭСН	12	12-01-028	Устройство плоских однослойных кровель из ПВХ мембран по готовому основанию со сваркой стыков	12-01-028-02	100 м2	Устройство плоских однослойных кровель из ПВХ мембран (со сваркой полотен) с укладкой разделительного слоя по утеплителю, несущее основание из: бетона
ГЭСН	12	12-01-028	Устройство плоских однослойных кровель из ПВХ мембран по готовому основанию со сваркой стыков	12-01-028-03	100 м2	Устройство плоских кровель из ПВХ мембран методом свободной укладки
ГЭСН	12	12-01-029	Устройство примыканий из ПВХ мембран к стенам и парапетам	12-01-029-01	100 м	Устройство примыканий из ПВХ мембран к стенам и парапетам: высотой до 450 мм с одним фартуком
ГЭСН	12	12-01-029	Устройство примыканий из ПВХ мембран к стенам и парапетам	12-01-029-02	100 м	Устройство примыканий из ПВХ мембран к стенам и парапетам: высотой до 600 мм без фартука
ГЭСН	12	12-01-029	Устройство примыканий из ПВХ мембран к стенам и парапетам	12-01-029-03	100 м	Устройство примыканий из ПВХ мембран к стенам и парапетам: при изменении высоты на 100 мм добавлять или исключать к норме 12-01-029-02
ГЭСН	12	12-01-030	Устройство примыканий из ПВХ мембран к трубам по готовому основанию	12-01-030-01	10 м2	Устройство примыканий из ПВХ мембран к трубам по готовому основанию
ГЭСН	12	12-01-031	Устройство покрытия из ПВХ мембран к парапетной стойке со сваркой стыков внахлест по готовому основанию	12-01-031-01	10 м2	Устройство покрытия из ПВХ мембран к парапетной стойке со сваркой стыков внахлест по готовому основанию
ГЭСН	12	12-01-032	Монтаж снегозадержателя, устройство системы снеготаяния и антиобледенения кровли	12-01-032-01	100 м	Монтаж снегозадержателя: уголкового
ГЭСН	12	12-01-032	Монтаж снегозадержателя, устройство системы снеготаяния и антиобледенения кровли	12-01-032-02	100 м	Монтаж снегозадержателя: решетчатого и трубчатого
ГЭСН	12	12-01-032	Монтаж снегозадержателя, устройство системы снеготаяния и антиобледенения кровли	12-01-032-03	100 м	Устройство системы снеготаяния и антиобледенения кровли и водосточных желобов с применением электронагревательной ленты шириной: до 100 мм
ГЭСН	12	12-01-032	Монтаж снегозадержателя, устройство системы снеготаяния и антиобледенения кровли	12-01-032-04	100 м	Устройство системы снеготаяния и антиобледенения кровли и водосточных желобов с применением электронагревательной ленты шириной: свыше 100 мм
ГЭСН	12	12-01-032	Монтаж снегозадержателя, устройство системы снеготаяния и антиобледенения кровли	12-01-032-05	100 м	Устройство системы снеготаяния и антиобледенения водосточных труб с применением электронагревательной ленты
ГЭСН	12	12-01-033	Монтаж кровли из профилированного листа для объектов непроизводственного назначения	12-01-033-01	100 м2	Монтаж кровли из профилированного листа для объектов непроизводственного назначения: простой
ГЭСН	12	12-01-033	Монтаж кровли из профилированного листа для объектов непроизводственного назначения	12-01-033-02	100 м2	Монтаж кровли из профилированного листа для объектов непроизводственного назначения: средней сложности
ГЭСН	12	12-01-033	Монтаж кровли из профилированного листа для объектов непроизводственного назначения	12-01-033-03	100 м2	Монтаж кровли из профилированного листа для объектов непроизводственного назначения: сложной
ГЭСН	12	12-01-034	Устройство обрешетки	12-01-034-01	100 м2	Устройство обрешетки: сплошной из досок
ГЭСН	12	12-01-034	Устройство обрешетки	12-01-034-02	100 м2	Устройство обрешетки с прозорами из брусков
ГЭСН	12	12-01-035	Устройство металлической водосточной системы	12-01-035-01	шт	Устройство металлической водосточной системы: колен
ГЭСН	12	12-01-035	Устройство металлической водосточной системы	12-01-035-02	шт	Устройство металлической водосточной системы: воронок
ГЭСН	12	12-01-035	Устройство металлической водосточной системы	12-01-035-03	м	Устройство металлической водосточной системы: прямых звеньев труб
ГЭСН	12	12-01-036	Установка водосточной системы из ПВХ	12-01-036-01	100 м	Установка водосточной системы из ПВХ: желобов
ГЭСН	12	12-01-036	Установка водосточной системы из ПВХ	12-01-036-02	100 м	Установка водосточной системы из ПВХ: труб
ГЭСН	12	12-01-037	Устройство гидроизоляции	12-01-037-01	100 м2	Устройство гидроизоляции с подготовкой поверхности в 2 слоя из рулонных полимерных материалов: на битумной мастике
ГЭСН	12	12-01-037	Устройство гидроизоляции	12-01-037-02	100 м2	Устройство гидроизоляции с подготовкой поверхности в 2 слоя из рулонных полимерных материалов: вертикальной на битумной мастике с устройством защитного слоя из асбестоцементных листов
ГЭСН	12	12-01-037	Устройство гидроизоляции	12-01-037-03	100 м2	Устройство гидроизоляции с подготовкой поверхности в 2 слоя из рулонных полимерных материалов: горизонтальной с наплавляемым материалом в нижнем слое
ГЭСН	12	12-01-037	Устройство гидроизоляции	12-01-037-04	100 м2	Устройство подкровельной пленочной гидроизоляции
ГЭСН	12	12-01-037	Устройство гидроизоляции	12-01-037-05	100 м2	Устройство гидроизоляции плоских кровель из профилированных мембран
ГЭСН	12	12-01-037	Устройство гидроизоляции	12-01-037-06	100 м	На каждые 100 м примыканий к стенам и парапетам добавлять к норме 12-01-037-05
ГЭСН	12	12-01-038	Устройство элементов на скатной кровле из цементно-песчаной черепицы	12-01-038-01	100 м	Устройство на скатной кровле с покрытием из цементно-песчаной черепицы: разжелобков (ендов)
ГЭСН	12	12-01-038	Устройство элементов на скатной кровле из цементно-песчаной черепицы	12-01-038-02	100 м2	Устройство на скатной кровле с покрытием из цементно-песчаной черепицы: скатов
ГЭСН	12	12-01-038	Устройство элементов на скатной кровле из цементно-песчаной черепицы	12-01-038-03	100 м	Устройство на скатной кровле с покрытием из цементно-песчаной черепицы: ребра
ГЭСН	12	12-01-038	Устройство элементов на скатной кровле из цементно-песчаной черепицы	12-01-038-04	100 м	Устройство на скатной кровле с покрытием из цементно-песчаной черепицы: конька
ГЭСН	12	12-01-038	Устройство элементов на скатной кровле из цементно-песчаной черепицы	12-01-038-05	100 м	Устройство с покрытием из цементно-песчаной черепицы: карнизного свеса кровли
ГЭСН	12	12-01-038	Устройство элементов на скатной кровле из цементно-песчаной черепицы	12-01-038-06	100 м	Устройство с покрытием из цементно-песчаной черепицы: фронтонного свеса кровли
ГЭСН	12	12-01-038	Устройство элементов на скатной кровле из цементно-песчаной черепицы	12-01-038-07	100 м	Устройство примыканий к трубе и стенам на кровле с покрытием из цементно-песчаной черепицы
ГЭСН	12	12-01-038	Устройство элементов на скатной кровле из цементно-песчаной черепицы	12-01-038-08	100 м2	Устройство пароизоляции из пленки для кровли из цементно-песчаной черепицы
ГЭСН	12	12-01-039	Устройство кровли из цементно-песчаной черепицы по обрешетке из стального оцинкованного профиля	12-01-039-01	100 м2	Устройство кровли из цементно-песчаной черепицы по обрешетке из стального оцинкованного профиля
ГЭСН	12	12-01-040	Устройство гидроизоляции плоских кровель из полимерных составов методом безвоздушного нанесения	12-01-040-01	100 м2	Устройство гидроизоляции плоских кровель из полимерных составов методом безвоздушного нанесения: в один слой
ГЭСН	12	12-01-040	Устройство гидроизоляции плоских кровель из полимерных составов методом безвоздушного нанесения	12-01-040-02	100 м2	Устройство гидроизоляции плоских кровель из полимерных составов методом безвоздушного нанесения: на каждый последующий слой добавлять к норме 12-01-040-01
ГЭСН	12	12-01-040	Устройство гидроизоляции плоских кровель из полимерных составов методом безвоздушного нанесения	12-01-040-03	100 м2	Устройство гидроизоляции плоских кровель из полимерных составов методом безвоздушного нанесения: в один слой в местах примыканий и на стенах, парапетах, трубах, шахтах и т.п.
ГЭСН	12	12-01-040	Устройство гидроизоляции плоских кровель из полимерных составов методом безвоздушного нанесения	12-01-040-04	100 м2	Устройство гидроизоляции плоских кровель из полимерных составов методом безвоздушного нанесения: на каждый последующий слой добавлять к норме 12-01-040-03
ГЭСН	12	12-01-041	Устройство механического крепления фиксаторами при покрытии кровли рулонным материалом	12-01-041-01	100 шт	Устройство механического крепления фиксаторами при покрытии кровли рулонным материалом
ГЭСН	12	12-01-042	Кровля из битумно-полимерной мастики	12-01-042-01	100 м2	Подготовка поверхности с нанесением грунтовки из мастики битумно- полимерной кровельной гидроизоляционной, холодной
ГЭСН	12	12-01-042	Кровля из битумно-полимерной мастики	12-01-042-02	100 м2	Нанесение первого и каждого последующего слоев толщиной по 0,2 мм мастики битумно-полимерной кровельной гидроизоляционной, холодной
ГЭСН	12	12-01-042	Кровля из битумно-полимерной мастики	12-01-042-03	100 м2	Устройство мест примыканий из минераловатной плиты полосами толщиной 50 мм на мастике битумно-полимерной кровельной гидроизоляционной, холодной
ГЭСН	12	12-01-042	Кровля из битумно-полимерной мастики	12-01-042-04	100 м2	Наклейка стеклоткани на мастике битумно-полимерной кровельной гидроизоляционной, холодной вручную
ГЭСН	12	12-01-042	Кровля из битумно-полимерной мастики	12-01-042-05	100 м2	Нанесение одного слоя гидроизоляционной битумно-наиритовой композиции толщиной 1 мм
ГЭСН	12	12-01-042	Кровля из битумно-полимерной мастики	12-01-042-06	100 м2	Нанесение двух слоев защитно-декоративной мастики битумно-полимерной кровельной гидроизоляционной, холодной с алюминиевой пудрой
ГЭСН	12	12-01-044	Покрытие кровли и примыканий мастикой битумно-бутилкаучуковой	12-01-044-01	100 м2	Покрытие кровли и примыканий мастикой битумно-бутилкаучуковой холодной: вручную
ГЭСН	12	12-01-044	Покрытие кровли и примыканий мастикой битумно-бутилкаучуковой	12-01-044-02	100 м2	Покрытие кровли и примыканий мастикой битумно-бутилкаучуковой холодной: механизированным способом
ГЭСН	12	12-01-045	Устройство козырьков на металлических кронштейнах с покрытием кровельной сталью	12-01-045-01	100 м2	Устройство козырьков на металлических кронштейнах с покрытием кровельной сталью
ГЭСН	13	13-03-001	Огрунтовка бетонных и оштукатуренных поверхностей	13-03-001-01	100 м2	Огрунтовка бетонных и оштукатуренных поверхностей: битумной грунтовкой, первый слой
ГЭСН	13	13-03-001	Огрунтовка бетонных и оштукатуренных поверхностей	13-03-001-02	100 м2	Огрунтовка бетонных и оштукатуренных поверхностей: битумной грунтовкой, последующий слой
ГЭСН	13	13-03-001	Огрунтовка бетонных и оштукатуренных поверхностей	13-03-001-03	100 м2	Огрунтовка бетонных и оштукатуренных поверхностей: лаком БТ-577, первый слой
ГЭСН	13	13-03-001	Огрунтовка бетонных и оштукатуренных поверхностей	13-03-001-04	100 м2	Огрунтовка бетонных и оштукатуренных поверхностей: лаком БТ-577, последующий слой
ГЭСН	13	13-03-001	Огрунтовка бетонных и оштукатуренных поверхностей	13-03-001-05	100 м2	Огрунтовка бетонных и оштукатуренных поверхностей: лаком ХС-76, первый слой
ГЭСН	13	13-03-001	Огрунтовка бетонных и оштукатуренных поверхностей	13-03-001-06	100 м2	Огрунтовка бетонных и оштукатуренных поверхностей: лаком ХС-76, последующий слой
ГЭСН	13	13-03-001	Огрунтовка бетонных и оштукатуренных поверхностей	13-03-001-07	100 м2	Огрунтовка бетонных и оштукатуренных поверхностей: лаком ХВ-784, первый слой
ГЭСН	13	13-03-001	Огрунтовка бетонных и оштукатуренных поверхностей	13-03-001-08	100 м2	Огрунтовка бетонных и оштукатуренных поверхностей: лаком ХВ-784, последующий слой
ГЭСН	13	13-03-001	Огрунтовка бетонных и оштукатуренных поверхностей	13-03-001-09	100 м2	Огрунтовка бетонных и оштукатуренных поверхностей: лаком ХВ-784 с наполнителем, первый слой
ГЭСН	13	13-03-001	Огрунтовка бетонных и оштукатуренных поверхностей	13-03-001-10	100 м2	Огрунтовка бетонных и оштукатуренных поверхностей: лаком ХВ-784 с наполнителем, последующий слой
ГЭСН	13	13-03-001	Огрунтовка бетонных и оштукатуренных поверхностей	13-03-001-11	100 м2	Огрунтовка бетонных и оштукатуренных поверхностей: грунт-шпатлевкой ЭП-0010, первый слой
ГЭСН	13	13-03-001	Огрунтовка бетонных и оштукатуренных поверхностей	13-03-001-12	100 м2	Огрунтовка бетонных и оштукатуренных поверхностей: грунт-шпатлевкой ЭП-0010, последующий слой
ГЭСН	13	13-03-001	Огрунтовка бетонных и оштукатуренных поверхностей	13-03-001-13	100 м2	Огрунтовка бетонных и оштукатуренных поверхностей: компаундом ЭД-20, первый слой
ГЭСН	13	13-03-001	Огрунтовка бетонных и оштукатуренных поверхностей	13-03-001-14	100 м2	Огрунтовка бетонных и оштукатуренных поверхностей: компаундом ЭД-20, последующий слой
ГЭСН	13	13-03-001	Огрунтовка бетонных и оштукатуренных поверхностей	13-03-001-15	100 м2	Огрунтовка бетонных и оштукатуренных поверхностей: органосиликатной композицией ОС-12-01, первый слой
ГЭСН	13	13-03-001	Огрунтовка бетонных и оштукатуренных поверхностей	13-03-001-16	100 м2	Огрунтовка бетонных и оштукатуренных поверхностей: органосиликатной композицией ОС-12-01, последующий слой
ГЭСН	13	13-03-001	Огрунтовка бетонных и оштукатуренных поверхностей	13-03-001-17	100 м2	Огрунтовка бетонных и оштукатуренных поверхностей: органосиликатной композицией ОС-12-03, первый слой
ГЭСН	13	13-03-001	Огрунтовка бетонных и оштукатуренных поверхностей	13-03-001-18	100 м2	Огрунтовка бетонных и оштукатуренных поверхностей: органосиликатной композицией ОС-12-03, последующий слой
ГЭСН	13	13-03-001	Огрунтовка бетонных и оштукатуренных поверхностей	13-03-001-19	100 м2	Огрунтовка бетонных и оштукатуренных поверхностей: органосиликатной композицией ОС-51-03, первый слой
ГЭСН	13	13-03-001	Огрунтовка бетонных и оштукатуренных поверхностей	13-03-001-20	100 м2	Огрунтовка бетонных и оштукатуренных поверхностей: органосиликатной композицией ОС-51-03, последующий слой
ГЭСН	13	13-03-002	Огрунтовка металлических поверхностей	13-03-002-01	100 м2	Огрунтовка металлических поверхностей за один раз: грунтовкой ХС-068
ГЭСН	13	13-03-002	Огрунтовка металлических поверхностей	13-03-002-02	100 м2	Огрунтовка металлических поверхностей за один раз: грунтовкой ФЛ-03К
ГЭСН	13	13-03-002	Огрунтовка металлических поверхностей	13-03-002-03	100 м2	Огрунтовка металлических поверхностей за один раз: грунтовкой ХС-059
ГЭСН	13	13-03-002	Огрунтовка металлических поверхностей	13-03-002-04	100 м2	Огрунтовка металлических поверхностей за один раз: грунтовкой ГФ-021
ГЭСН	13	13-03-002	Огрунтовка металлических поверхностей	13-03-002-05	100 м2	Огрунтовка металлических поверхностей за один раз: грунтовкой ГФ-0119
ГЭСН	13	13-03-002	Огрунтовка металлических поверхностей	13-03-002-06	100 м2	Огрунтовка металлических поверхностей за один раз: грунтовкой ГФ-0163
ГЭСН	13	13-03-002	Огрунтовка металлических поверхностей	13-03-002-07	100 м2	Огрунтовка металлических поверхностей за один раз: грунтовкой ВЛ-02
ГЭСН	13	13-03-002	Огрунтовка металлических поверхностей	13-03-002-08	100 м2	Огрунтовка металлических поверхностей за один раз: грунтовкой ВЛ-023
ГЭСН	13	13-03-002	Огрунтовка металлических поверхностей	13-03-002-09	100 м2	Огрунтовка металлических поверхностей за один раз: грунтовкой АК-070
ГЭСН	13	13-03-002	Огрунтовка металлических поверхностей	13-03-002-10	100 м2	Огрунтовка металлических поверхностей за один раз: грунтовкой ЭП-057
ГЭСН	13	13-03-002	Огрунтовка металлических поверхностей	13-03-002-11	100 м2	Огрунтовка металлических поверхностей за один раз: грунт-шпатлевкой ЭП-0010
ГЭСН	13	13-03-002	Огрунтовка металлических поверхностей	13-03-002-12	100 м2	Огрунтовка металлических поверхностей за один раз: грунтовкой ЭП-0259
ГЭСН	13	13-03-002	Огрунтовка металлических поверхностей	13-03-002-13	100 м2	Огрунтовка металлических поверхностей за один раз: грунтовкой ЭП-0199
ГЭСН	13	13-03-002	Огрунтовка металлических поверхностей	13-03-002-14	100 м2	Огрунтовка металлических поверхностей за один раз: грунтовкой ЭД-20
ГЭСН	13	13-03-002	Огрунтовка металлических поверхностей	13-03-002-15	100 м2	Огрунтовка металлических поверхностей за один раз: лаком БТ-577
ГЭСН	13	13-03-002	Огрунтовка металлических поверхностей	13-03-002-16	100 м2	Огрунтовка металлических поверхностей за один раз: грунтовкой на основе эпоксидной смолы
ГЭСН	13	13-03-002	Огрунтовка металлических поверхностей	13-03-002-17	100 м2	Огрунтовка металлических поверхностей за один раз: грунтовкой цинконаполненной
ГЭСН	13	13-03-003	Окраска огрунтованных бетонных и оштукатуренных поверхностей	13-03-003-01	100 м2	Окраска огрунтованных бетонных и оштукатуренных поверхностей: лаком ХВ-784
ГЭСН	13	13-03-003	Окраска огрунтованных бетонных и оштукатуренных поверхностей	13-03-003-02	100 м2	Окраска огрунтованных бетонных и оштукатуренных поверхностей: лаком БТ-577
ГЭСН	13	13-03-003	Окраска огрунтованных бетонных и оштукатуренных поверхностей	13-03-003-03	100 м2	Окраска огрунтованных бетонных и оштукатуренных поверхностей: краской БТ-177 серебристой
ГЭСН	13	13-03-003	Окраска огрунтованных бетонных и оштукатуренных поверхностей	13-03-003-04	100 м2	Окраска огрунтованных бетонных и оштукатуренных поверхностей: эмалью ХС-759
ГЭСН	13	13-03-003	Окраска огрунтованных бетонных и оштукатуренных поверхностей	13-03-003-05	100 м2	Окраска огрунтованных бетонных и оштукатуренных поверхностей: эмалью ХВ-785
ГЭСН	13	13-03-003	Окраска огрунтованных бетонных и оштукатуренных поверхностей	13-03-003-06	100 м2	Окраска огрунтованных бетонных и оштукатуренных поверхностей: эмалью ХВ-124
ГЭСН	13	13-03-003	Окраска огрунтованных бетонных и оштукатуренных поверхностей	13-03-003-07	100 м2	Окраска огрунтованных бетонных и оштукатуренных поверхностей: эмалью ХВ-125
ГЭСН	13	13-03-003	Окраска огрунтованных бетонных и оштукатуренных поверхностей	13-03-003-08	100 м2	Окраска огрунтованных бетонных и оштукатуренных поверхностей: эмалью ЭП-773
ГЭСН	13	13-03-003	Окраска огрунтованных бетонных и оштукатуренных поверхностей	13-03-003-09	100 м2	Окраска огрунтованных бетонных и оштукатуренных поверхностей: эмалью ЭП-1236
ГЭСН	13	13-03-003	Окраска огрунтованных бетонных и оштукатуренных поверхностей	13-03-003-10	100 м2	Окраска огрунтованных бетонных и оштукатуренных поверхностей: эмалью ЭП-1294
ГЭСН	13	13-03-003	Окраска огрунтованных бетонных и оштукатуренных поверхностей	13-03-003-11	100 м2	Окраска огрунтованных бетонных и оштукатуренных поверхностей: грунт-шпатлевкой ЭП-0010
ГЭСН	13	13-03-003	Окраска огрунтованных бетонных и оштукатуренных поверхностей	13-03-003-12	100 м2	Окраска огрунтованных бетонных и оштукатуренных поверхностей: органосиликатной композицией ОС-51-03
ГЭСН	13	13-03-003	Окраска огрунтованных бетонных и оштукатуренных поверхностей	13-03-003-13	100 м2	Окраска огрунтованных бетонных и оштукатуренных поверхностей: органосиликатной композицией ОС-12-03
ГЭСН	13	13-03-003	Окраска огрунтованных бетонных и оштукатуренных поверхностей	13-03-003-14	100 м2	Окраска огрунтованных бетонных и оштукатуренных поверхностей: лаком ХП-734
ГЭСН	13	13-03-003	Окраска огрунтованных бетонных и оштукатуренных поверхностей	13-03-003-15	100 м2	Окраска огрунтованных бетонных и оштукатуренных поверхностей: эмалью двухкомпонентной битумно-полимерной с содержанием хлорсульфированного полиэтилена
ГЭСН	13	13-03-003	Окраска огрунтованных бетонных и оштукатуренных поверхностей	13-03-003-16	100 м2	Окраска огрунтованных бетонных и оштукатуренных поверхностей: эмалью ХП-7120
ГЭСН	13	13-03-003	Окраска огрунтованных бетонных и оштукатуренных поверхностей	13-03-003-17	100 м2	Окраска огрунтованных бетонных и оштукатуренных поверхностей: эмалью ФЛ-412
ГЭСН	13	13-03-003	Окраска огрунтованных бетонных и оштукатуренных поверхностей	13-03-003-18	100 м2	Окраска огрунтованных бетонных и оштукатуренных поверхностей эмалью: эпоксидной, не содержащей растворитель
ГЭСН	13	13-03-003	Окраска огрунтованных бетонных и оштукатуренных поверхностей	13-03-003-19	100 м2	Окраска огрунтованных бетонных и оштукатуренных поверхностей: эмалью ХС-436
ГЭСН	13	13-03-003	Окраска огрунтованных бетонных и оштукатуренных поверхностей	13-03-003-20	100 м2	Окраска огрунтованных бетонных и оштукатуренных поверхностей: эмалью ХВ-7141
ГЭСН	13	13-03-003	Окраска огрунтованных бетонных и оштукатуренных поверхностей	13-03-003-21	100 м2	Окраска огрунтованных бетонных и оштукатуренных поверхностей: эмалью ПФ-133
ГЭСН	13	13-03-004	Окраска металлических огрунтованных поверхностей	13-03-004-01	100 м2	Окраска металлических огрунтованных поверхностей: эмалью ХС-436
ГЭСН	13	13-03-004	Окраска металлических огрунтованных поверхностей	13-03-004-02	100 м2	Окраска металлических огрунтованных поверхностей: эмалью ХС-759
ГЭСН	13	13-03-004	Окраска металлических огрунтованных поверхностей	13-03-004-03	100 м2	Окраска металлических огрунтованных поверхностей: эмалью ХВ-7141
ГЭСН	13	13-03-004	Окраска металлических огрунтованных поверхностей	13-03-004-04	100 м2	Окраска металлических огрунтованных поверхностей: эмалью ХВ-1120
ГЭСН	13	13-03-004	Окраска металлических огрунтованных поверхностей	13-03-004-05	100 м2	Окраска металлических огрунтованных поверхностей: эмалью ХВ-785
ГЭСН	13	13-03-004	Окраска металлических огрунтованных поверхностей	13-03-004-06	100 м2	Окраска металлических огрунтованных поверхностей: эмалью ХВ-124
ГЭСН	13	13-03-004	Окраска металлических огрунтованных поверхностей	13-03-004-07	100 м2	Окраска металлических огрунтованных поверхностей: эмалью ХВ-125
ГЭСН	13	13-03-004	Окраска металлических огрунтованных поверхностей	13-03-004-08	100 м2	Окраска металлических огрунтованных поверхностей: лаком ХВ-784
ГЭСН	13	13-03-004	Окраска металлических огрунтованных поверхностей	13-03-004-09	100 м2	Окраска металлических огрунтованных поверхностей: эмалью ЭП-773
ГЭСН	13	13-03-004	Окраска металлических огрунтованных поверхностей	13-03-004-10	100 м2	Окраска металлических огрунтованных поверхностей: эмалью ЭП-1236
ГЭСН	13	13-03-004	Окраска металлических огрунтованных поверхностей	13-03-004-11	100 м2	Окраска металлических огрунтованных поверхностей: эмалью ЭП-1294
ГЭСН	13	13-03-004	Окраска металлических огрунтованных поверхностей	13-03-004-12	100 м2	Окраска металлических огрунтованных поверхностей: грунт-шпатлевкой ЭП-0010
ГЭСН	13	13-03-004	Окраска металлических огрунтованных поверхностей	13-03-004-13	100 м2	Окраска металлических огрунтованных поверхностей: эмалью ЭП-5116
ГЭСН	13	13-03-004	Окраска металлических огрунтованных поверхностей	13-03-004-14	100 м2	Окраска металлических огрунтованных поверхностей: эмалью ЭП-140
ГЭСН	13	13-03-004	Окраска металлических огрунтованных поверхностей	13-03-004-15	100 м2	Окраска металлических огрунтованных поверхностей: органосиликатной композицией ОС-51-03
ГЭСН	13	13-03-004	Окраска металлических огрунтованных поверхностей	13-03-004-16	100 м2	Окраска металлических огрунтованных поверхностей: органосиликатной композицией ОС-12-01
ГЭСН	13	13-03-004	Окраска металлических огрунтованных поверхностей	13-03-004-17	100 м2	Окраска металлических огрунтованных поверхностей: органосиликатной композицией ОС-12-03
ГЭСН	13	13-03-004	Окраска металлических огрунтованных поверхностей	13-03-004-18	100 м2	Окраска металлических огрунтованных поверхностей: эмалью ВЛ-515
ГЭСН	13	13-03-004	Окраска металлических огрунтованных поверхностей	13-03-004-19	100 м2	Окраска металлических огрунтованных поверхностей: эмалью ХП-7120
ГЭСН	13	13-03-004	Окраска металлических огрунтованных поверхностей	13-03-004-20	100 м2	Окраска металлических огрунтованных поверхностей: эмалью двухкомпонентной битумно-полимерной с содержанием хлорсульфированного полиэтилена
ГЭСН	13	13-03-004	Окраска металлических огрунтованных поверхностей	13-03-004-21	100 м2	Окраска металлических огрунтованных поверхностей: эмалью КО-811
ГЭСН	13	13-03-004	Окраска металлических огрунтованных поверхностей	13-03-004-22	100 м2	Окраска металлических огрунтованных поверхностей: эмалью КО-88
ГЭСН	13	13-03-004	Окраска металлических огрунтованных поверхностей	13-03-004-23	100 м2	Окраска металлических огрунтованных поверхностей: краской БТ-177 серебристой
ГЭСН	13	13-03-004	Окраска металлических огрунтованных поверхностей	13-03-004-24	100 м2	Окраска металлических огрунтованных поверхностей: пастой огнезащитной ВПМ-2
ГЭСН	13	13-03-004	Окраска металлических огрунтованных поверхностей	13-03-004-25	100 м2	Окраска металлических огрунтованных поверхностей: эмалью ФЛ-412
ГЭСН	13	13-03-004	Окраска металлических огрунтованных поверхностей	13-03-004-26	100 м2	Окраска металлических огрунтованных поверхностей: эмалью ПФ-115
ГЭСН	13	13-03-004	Окраска металлических огрунтованных поверхностей	13-03-004-27	100 м2	Окраска металлических огрунтованных поверхностей: краской ЦХСК-1467
ГЭСН	13	13-03-004	Окраска металлических огрунтованных поверхностей	13-03-004-28	100 м2	Окраска металлических огрунтованных поверхностей: грунт-краской цинконаполненной однокомпонентной полиуретановой
ГЭСН	13	13-03-005	Шпатлевка поверхностей	13-03-005-01	100 м2	Шпатлевка поверхностей: силикатной шпатлевкой, толщина слоя 3 мм
ГЭСН	13	13-03-005	Шпатлевка поверхностей	13-03-005-02	100 м2	Шпатлевка поверхностей: на каждый последующий слой толщиной 1 мм добавлять к норме 13-03-005-01
ГЭСН	13	13-03-005	Шпатлевка поверхностей	13-03-005-03	100 м2	Шпатлевка поверхностей: силикатной шпатлевкой толщиной слоя 30 мм по арматурной сетке
ГЭСН	13	13-03-005	Шпатлевка поверхностей	13-03-005-04	100 м2	Шпатлевка поверхностей: составом на основе смолы ЭД-20 (ЭД-16) толщиной слоя 1 мм
ГЭСН	13	13-03-005	Шпатлевка поверхностей	13-03-005-05	100 м2	Шпатлевка поверхностей: эпоксидной шпатлевкой ЭП-0010 толщиной слоя 2 мм
ГЭСН	13	13-03-005	Шпатлевка поверхностей	13-03-005-06	100 м2	Шпатлевка поверхностей: химическистойкой теплопроводной водонепроницаемой замазкой
ГЭСН	13	13-03-006	Гидроизоляция поверхности бетонных и железобетонных конструкций защитными эластичными покрытиями на цементной основе	13-03-006-01	100 м2	Гидроизоляция поверхности бетонных и железобетонных конструкций в два слоя защитными эластичными покрытиями на цементной основе: вертикальной
ГЭСН	13	13-03-006	Гидроизоляция поверхности бетонных и железобетонных конструкций защитными эластичными покрытиями на цементной основе	13-03-006-02	100 м2	Гидроизоляция поверхности бетонных и железобетонных конструкций в два слоя защитными эластичными покрытиями на цементной основе: горизонтальной
ГЭСН	13	13-03-007	Антикоррозийное покрытие арматуры однокомпонентным цементным составом	13-03-007-01	100 м2	Антикоррозийное покрытие арматуры однокомпонентным цементным составом
ГЭСН	13	13-03-008	Гидроизоляция поверхности бетонных и железобетонных конструкций защитными эластичными покрытиями на цементной основе методом безвоздушного нанесения	13-03-008-01	100 м2	Гидроизоляция поверхности бетонных и железобетонных конструкций защитными эластичными покрытиями на цементной основе методом безвоздушного нанесения: вертикальной
ГЭСН	13	13-03-008	Гидроизоляция поверхности бетонных и железобетонных конструкций защитными эластичными покрытиями на цементной основе методом безвоздушного нанесения	13-03-008-02	100 м2	Гидроизоляция поверхности бетонных и железобетонных конструкций защитными эластичными покрытиями на цементной основе методом безвоздушного нанесения: горизонтальной
ГЭСН	13	13-06-001	Очистка металлическим песком внутренней поверхности оборудования и труб	13-06-001-01	м2	Очистка металлическим песком внутренней поверхности оборудования и труб: диаметром более 500 мм
ГЭСН	13	13-06-001	Очистка металлическим песком внутренней поверхности оборудования и труб	13-06-001-02	м2	Очистка металлическим песком внутренней поверхности оборудования и труб: диаметром менее 500 мм и мелких изделий
ГЭСН	13	13-06-001	Очистка металлическим песком внутренней поверхности оборудования и труб	13-06-001-03	м2	Очистка металлическим песком внутренней поверхности оборудования и труб: диаметром более 500 мм со снятием окалины площадью до 50% очищаемой поверхности
ГЭСН	13	13-06-001	Очистка металлическим песком внутренней поверхности оборудования и труб	13-06-001-04	м2	Очистка металлическим песком внутренней поверхности оборудования и труб: диаметром более 500 мм со снятием окалины площадью более 50% очищаемой поверхности
ГЭСН	13	13-06-002	Очистка кварцевым песком	13-06-002-01	м2	Очистка кварцевым песком: сплошных наружных поверхностей
ГЭСН	13	13-06-002	Очистка кварцевым песком	13-06-002-02	м2	Очистка кварцевым песком: решетчатых поверхностей
ГЭСН	13	13-06-003	Очистка поверхности щетками	13-06-003-01	м2	Очистка поверхности щетками
ГЭСН	13	13-06-004	Обеспыливание поверхности	13-06-004-01	м2	Обеспыливание поверхности
ГЭСН	13	13-06-005	Гидроструйная очистка поверхностей	13-06-005-01	м2	Гидроструйная очистка бетонных поверхностей
ГЭСН	13	13-06-005	Гидроструйная очистка поверхностей	13-06-005-02	м2	Гидроструйная очистка в колодцах поверхностей: бетонных
ГЭСН	13	13-06-005	Гидроструйная очистка поверхностей	13-06-005-03	м2	Гидроструйная очистка в колодцах поверхностей: кирпичных
ГЭСН	13	13-06-006	Придание шероховатости для обеспечения адгезии ранее огрунтованным или окрашенным поверхностям	13-06-006-01	100 м2	Придание шероховатости для обеспечения адгезии ранее огрунтованным или окрашенным поверхностям металлических конструкций: сплошных
ГЭСН	13	13-06-006	Придание шероховатости для обеспечения адгезии ранее огрунтованным или окрашенным поверхностям	13-06-006-02	100 м2	Придание шероховатости для обеспечения адгезии ранее огрунтованным или окрашенным поверхностям металлических конструкций: решетчатых
ГЭСН	13	13-06-007	Очистка купрошлаком наружных поверхностей трубопроводов из стали	13-06-007-01	100 м2	Очистка купрошлаком наружных поверхностей трубопроводов из стали диаметром: свыше 500 мм до степени очистки 3
ГЭСН	13	13-06-007	Очистка купрошлаком наружных поверхностей трубопроводов из стали	13-06-007-02	100 м2	Очистка купрошлаком наружных поверхностей трубопроводов из стали диаметром: свыше 500 мм до степени очистки 2
ГЭСН	13	13-06-007	Очистка купрошлаком наружных поверхностей трубопроводов из стали	13-06-007-03	100 м2	Очистка купрошлаком наружных поверхностей трубопроводов из стали диаметром: свыше 500 мм до степени очистки 1
ГЭСН	13	13-06-007	Очистка купрошлаком наружных поверхностей трубопроводов из стали	13-06-007-04	100 м2	Очистка купрошлаком наружных поверхностей трубопроводов из стали диаметром: до 500 мм до степени очистки 3
ГЭСН	13	13-06-007	Очистка купрошлаком наружных поверхностей трубопроводов из стали	13-06-007-05	100 м2	Очистка купрошлаком наружных поверхностей трубопроводов из стали диаметром: до 500 мм до степени очистки 2
ГЭСН	13	13-06-007	Очистка купрошлаком наружных поверхностей трубопроводов из стали	13-06-007-06	100 м2	Очистка купрошлаком наружных поверхностей трубопроводов из стали диаметром: до 500 мм до степени очистки 1
ГЭСН	13	13-06-008	Очистка поверхности купрошлаком	13-06-008-01	м2	Очистка поверхности купрошлаком: решетчатые конструкции
ГЭСН	13	13-06-009	Очистка поверхности металлоконструкций средствами малой механизации	13-06-009-02	100 м2	Очистка поверхности металлоконструкций средствами малой механизации: на монтажной площадке
ГЭСН	13	13-09-001	Металлизация при производстве работ на строительно-монтажной площадке и в мастерских алюминиевой проволокой диаметром до 1,8 мм	13-09-001-01	м2	Металлизация при производстве работ на строительно-монтажной площадке алюминиевой проволокой диаметром до 1,8 мм: плоских наружных поверхностей
ГЭСН	13	13-09-001	Металлизация при производстве работ на строительно-монтажной площадке и в мастерских алюминиевой проволокой диаметром до 1,8 мм	13-09-001-02	м2	Металлизация при производстве работ на строительно-монтажной площадке алюминиевой проволокой диаметром до 1,8 мм: криволинейных наружных поверхностей
ГЭСН	13	13-09-001	Металлизация при производстве работ на строительно-монтажной площадке и в мастерских алюминиевой проволокой диаметром до 1,8 мм	13-09-001-03	м2	Металлизация при производстве работ на строительно-монтажной площадке алюминиевой проволокой диаметром до 1,8 мм: металлоконструкций решетчатых
ГЭСН	13	13-09-001	Металлизация при производстве работ на строительно-монтажной площадке и в мастерских алюминиевой проволокой диаметром до 1,8 мм	13-09-001-04	м2	Металлизация при производстве работ на строительно-монтажной площадке алюминиевой проволокой диаметром до 1,8 мм: внутренних поверхностей емкостей
ГЭСН	13	13-09-001	Металлизация при производстве работ на строительно-монтажной площадке и в мастерских алюминиевой проволокой диаметром до 1,8 мм	13-09-001-05	м2	Металлизация при производстве работ на строительно-монтажной площадке алюминиевой проволокой диаметром до 1,8 мм: наружных сварных монтажных швов
ГЭСН	13	13-09-001	Металлизация при производстве работ на строительно-монтажной площадке и в мастерских алюминиевой проволокой диаметром до 1,8 мм	13-09-001-06	м2	Металлизация при производстве работ на строительно-монтажной площадке алюминиевой проволокой диаметром до 1,8 мм: внутренних сварных монтажных швов
ГЭСН	13	13-09-001	Металлизация при производстве работ на строительно-монтажной площадке и в мастерских алюминиевой проволокой диаметром до 1,8 мм	13-09-001-07	м2	Металлизация при производстве работ на строительно-монтажной площадке алюминиевой проволокой диаметром до 1,8 мм: мелких деталей
ГЭСН	13	13-09-001	Металлизация при производстве работ на строительно-монтажной площадке и в мастерских алюминиевой проволокой диаметром до 1,8 мм	13-09-001-08	м2	Металлизация при производстве работ на строительно-монтажной площадке алюминиевой проволокой диаметром до 1,8 мм: трубопроводов (поворотное положение) диаметром до 100 мм
ГЭСН	13	13-09-001	Металлизация при производстве работ на строительно-монтажной площадке и в мастерских алюминиевой проволокой диаметром до 1,8 мм	13-09-001-09	м2	Металлизация при производстве работ на строительно-монтажной площадке алюминиевой проволокой диаметром до 1,8 мм: трубопроводов (поворотное положение) диаметром свыше 100 до 500 мм
ГЭСН	13	13-09-001	Металлизация при производстве работ на строительно-монтажной площадке и в мастерских алюминиевой проволокой диаметром до 1,8 мм	13-09-001-10	м2	Металлизация при производстве работ на строительно-монтажной площадке алюминиевой проволокой диаметром до 1,8 мм: трубопроводов (поворотное положение) диаметром свыше 500 мм
ГЭСН	13	13-09-001	Металлизация при производстве работ на строительно-монтажной площадке и в мастерских алюминиевой проволокой диаметром до 1,8 мм	13-09-001-11	м2	Металлизация при производстве работ на строительно-монтажной площадке алюминиевой проволокой диаметром до 1,8 мм: стыков сварных трубопроводов диаметром до 100 мм
ГЭСН	13	13-09-001	Металлизация при производстве работ на строительно-монтажной площадке и в мастерских алюминиевой проволокой диаметром до 1,8 мм	13-09-001-12	м2	Металлизация при производстве работ на строительно-монтажной площадке алюминиевой проволокой диаметром до 1,8 мм: стыков сварных трубопроводов диаметром свыше 100 до 500 мм
ГЭСН	13	13-09-001	Металлизация при производстве работ на строительно-монтажной площадке и в мастерских алюминиевой проволокой диаметром до 1,8 мм	13-09-001-13	м2	Металлизация при производстве работ на строительно-монтажной площадке алюминиевой проволокой диаметром до 1,8 мм: стыков сварных трубопроводов диаметром свыше 500 мм
ГЭСН	13	13-09-001	Металлизация при производстве работ на строительно-монтажной площадке и в мастерских алюминиевой проволокой диаметром до 1,8 мм	13-09-001-14	м2	Металлизация плоских поверхностей при производстве работ в мастерской алюминиевой проволокой диаметром до 1,8 мм
ГЭСН	13	13-09-001	Металлизация при производстве работ на строительно-монтажной площадке и в мастерских алюминиевой проволокой диаметром до 1,8 мм	13-09-001-15	м2	Металлизация мелких деталей при производстве работ в мастерской алюминиевой проволокой диаметром до 1,8 мм
ГЭСН	13	13-09-002	Нанесение антикоррозионного защитного покрытия методом электродугового напыления алюминиевой проволокой	13-09-002-01	100 м2	Нанесение антикоррозионного защитного покрытия методом электродугового напыления алюминиевой проволокой при толщине слоя 100 мкм на внутреннюю поверхность емкостей
ГЭСН	13	13-09-002	Нанесение антикоррозионного защитного покрытия методом электродугового напыления алюминиевой проволокой	13-09-002-02	100 м2	Добавлять или исключать на каждые 50 мкм изменения толщины слоя к норме 13-09-002-01
ГЭСН	13	13-11-001	Антикоррозионная защита технологических трубопроводов модифицированными эпоксидно-алкидными составами	13-11-001-01	м2	Антикоррозионная защита технологических трубопроводов: двухкомпонентным абразиво-устойчивым эпоксидным покрытием изолированных трубопроводов с температурой рабочей среды до 120° С
ГЭСН	13	13-11-001	Антикоррозионная защита технологических трубопроводов модифицированными эпоксидно-алкидными составами	13-11-001-02	м2	Антикоррозионная защита технологических трубопроводов: двухкомпонентным феноловым эпоксидным покрытием изолированных трубопроводов с температурой рабочей среды до 200° С
ГЭСН	13	13-11-001	Антикоррозионная защита технологических трубопроводов модифицированными эпоксидно-алкидными составами	13-11-001-03	м2	Антикоррозионная защита технологических трубопроводов: высокомолекулярным однокомпонентным покрытием на основе инертной мультиполимерной матрицы изолированных трубопроводов с температурой рабочей сред
ГЭСН	13	13-11-001	Антикоррозионная защита технологических трубопроводов модифицированными эпоксидно-алкидными составами	13-11-001-04	м2	Антикоррозионная защита технологических трубопроводов: двухкомпонентным алифатическим полиуретановым покрытием неизолированных трубопроводов
ГЭСН	13	13-11-005	Антикоррозионная защита металлических конструкций и технологических трубопроводов нитроцеллюлозными лакокрасочными материалами	13-11-005-01	м2	Антикоррозионная защита металлических конструкций и технологических трубопроводов нитроцеллюлозными лакокрасочными материалами
ГЭСН	13	13-11-006	Антикоррозионная защита металлических конструкций зданий и сооружений производственного и общественного назначения	13-11-006-01	100 м2	Антикоррозионная защита металлических конструкций зданий и сооружений производственного и общественного назначения: эпоксидными составами на высоте более 3 м с перестановкой подмостей
ГЭСН	13	13-11-006	Антикоррозионная защита металлических конструкций зданий и сооружений производственного и общественного назначения	13-11-006-02	100 м2	Антикоррозионная защита металлических конструкций зданий и сооружений производственного и общественного назначения: эпоксидными составами на высоте до 3 м
ГЭСН	13	13-11-006	Антикоррозионная защита металлических конструкций зданий и сооружений производственного и общественного назначения	13-11-006-03	100 м2	Антикоррозионная защита металлических конструкций зданий и сооружений производственного и общественного назначения: полиуретановыми составами на высоте более 3 м с перестановкой подмостей
ГЭСН	13	13-11-006	Антикоррозионная защита металлических конструкций зданий и сооружений производственного и общественного назначения	13-11-006-04	100 м2	Антикоррозионная защита металлических конструкций зданий и сооружений производственного и общественного назначения: полиуретановыми составами на высоте до 3 м
ГЭСН	13	13-11-007	Антикоррозионная защита металлоконструкций и трубопроводов мастиками на основе синтетических смол	13-11-007-01	100 м2	Огрунтовка металлических поверхностей по подготовленной поверхности мастикой на основе синтетических смол, вручную
ГЭСН	13	13-11-007	Антикоррозионная защита металлоконструкций и трубопроводов мастиками на основе синтетических смол	13-11-007-02	100 м2	Окраска металлических огрунтованных поверхностей мастикой на основе синтетических смол, вручную
ГЭСН	13	13-11-008	Антикоррозионная защита металлических конструкций объектов нефтегазовой отрасли	13-11-008-01	100 м2	Антикоррозионная защита металлических конструкций объектов нефтегазовой отрасли: грунтовкой цинкноаполненной полиуретановой толщиной слоя 80 мкм
ГЭСН	13	13-11-008	Антикоррозионная защита металлических конструкций объектов нефтегазовой отрасли	13-11-008-02	100 м2	Антикоррозионная защита металлических конструкций объектов нефтегазовой отрасли: на каждые 10 мкм изменения толщины слоя добавлять или исключать к норме 13-11-008-01
ГЭСН	13	13-11-011	Антикоррозионная защита металлических конструкций межцеховых коммуникаций	13-11-011-01	10 м2	Антикоррозионная защита металлических конструкций межцеховых коммуникаций: в окрасочно-сушильной камере
ГЭСН	13	13-11-011	Антикоррозионная защита металлических конструкций межцеховых коммуникаций	13-11-011-02	10 м2	Антикоррозионная защита металлических конструкций межцеховых коммуникаций: на месте монтажа
ГЭСН	13	13-11-021	Подготовка поверхностей резервуара под антикоррозионное покрытие	13-11-021-01	100 м2	Подготовка поверхности резервуара под антикоррозионное покрытие: внутренней
ГЭСН	13	13-11-021	Подготовка поверхностей резервуара под антикоррозионное покрытие	13-11-021-02	100 м2	Подготовка поверхности резервуара под антикоррозионное покрытие: наружной
ГЭСН	13	13-11-022	Нанесение антикоррозионного покрытия на поверхности резервуара	13-11-022-01	100 м2	Нанесение на внутреннюю поверхность резервуара антикоррозионного покрытия: нормальный тип
ГЭСН	13	13-11-022	Нанесение антикоррозионного покрытия на поверхности резервуара	13-11-022-02	100 м2	Нанесение на внутреннюю поверхность резервуара антикоррозионного покрытия: усиленный тип
ГЭСН	13	13-11-022	Нанесение антикоррозионного покрытия на поверхности резервуара	13-11-022-03	100 м2	Нанесение на наружную поверхность резервуара антикоррозионного покрытия: тип С-3, С-4
ГЭСН	13	13-11-022	Нанесение антикоррозионного покрытия на поверхности резервуара	13-11-022-04	100 м2	Нанесение на наружную поверхность резервуара антикоррозионного покрытия: тип С-5
ГЭСН	13	13-11-023	Нанесение битумной мастики на сваи из стальных труб	13-11-023-01	100 м2	Нанесение горячей битумной мастики толщиной 1 мм на сваи из стальных труб
ГЭСН	13	13-11-023	Нанесение битумной мастики на сваи из стальных труб	13-11-023-02	100 м2	На каждый последующий слой толщиной 1 мм добавлять к норме 13-11-023-01
ГЭСН	13	13-11-023	Нанесение битумной мастики на сваи из стальных труб	13-11-023-03	100 м2	Нанесение холодной битумной мастики толщиной 1 мм на сваи из стальных труб
ГЭСН	13	13-11-023	Нанесение битумной мастики на сваи из стальных труб	13-11-023-04	100 м2	На каждый последующий слой толщиной 1 мм добавлять к норме 13-11-023-03
ГЭСН	26	26-01-001	Изоляция трубопроводов конструкциями теплоизоляционными комплектными на основе цилиндров минераловатных на синтетическом связующем	26-01-001-01	м3	Изоляция трубопроводов конструкциями теплоизоляционными комплектными на основе цилиндров минераловатных на синтетическом связующем
ГЭСН	26	26-01-002	Изоляция трубопроводов цилиндрами, полуцилиндрами и сегментами из пенопласта	26-01-002-01	м3	Изоляция трубопроводов цилиндрами, полуцилиндрами и сегментами из пенопласта, номинальный диаметр трубопровода: до 350 мм
ГЭСН	26	26-01-002	Изоляция трубопроводов цилиндрами, полуцилиндрами и сегментами из пенопласта	26-01-002-02	м3	Изоляция трубопроводов цилиндрами, полуцилиндрами и сегментами из пенопласта, номинальный диаметр трубопровода: свыше 350 до 800 мм
ГЭСН	26	26-01-003	Изоляция трубопроводов цилиндрами и полуцилиндрами из минеральной ваты на синтетическом связующем	26-01-003-01	м3	Изоляция трубопроводов цилиндрами и полуцилиндрами из минеральной ваты на синтетическом связующем
ГЭСН	26	26-01-004	Изоляция трубопроводов изделиями (сегментами) минераловатными на битумном связующем	26-01-004-01	м3	Изоляция трубопроводов изделиями (сегментами) минераловатными на битумном связующем
ГЭСН	26	26-01-005	Изоляция поверхностей штучными теплоизоляционными изделиями: перлитоцементными, перлитовыми, вермикулитовыми, известково-кремнеземистыми	26-01-005-01	м3	Изоляция трубопроводов штучными теплоизоляционными изделиями (перлитоцементными, перлитовыми, вермикулитовыми, известково-кремнеземистыми): сегментами
ГЭСН	26	26-01-005	Изоляция поверхностей штучными теплоизоляционными изделиями: перлитоцементными, перлитовыми, вермикулитовыми, известково-кремнеземистыми	26-01-005-02	м3	Изоляция трубопроводов штучными теплоизоляционными изделиями (перлитоцементными, перлитовыми, вермикулитовыми, известково-кремнеземистыми): полуцилиндрами
ГЭСН	26	26-01-005	Изоляция поверхностей штучными теплоизоляционными изделиями: перлитоцементными, перлитовыми, вермикулитовыми, известково-кремнеземистыми	26-01-005-03	м3	Изоляция трубопроводов штучными теплоизоляционными изделиями (перлитоцементными, перлитовыми, вермикулитовыми, известково-кремнеземистыми): сегментами из плит
ГЭСН	26	26-01-005	Изоляция поверхностей штучными теплоизоляционными изделиями: перлитоцементными, перлитовыми, вермикулитовыми, известково-кремнеземистыми	26-01-005-04	м3	Изоляция плоских и криволинейных поверхностей плитами
ГЭСН	26	26-01-006	Изоляция трубопроводов холстами стекловолокнистыми, полотном холстопрошивным стекловолокнистым марки ПХС-Т, полотном иглопробивным стеклянным марки ИПС-Т	26-01-006-01	м3	Изоляция трубопроводов холстами стекловолокнистыми, полотном холстопрошивным стекловолокнистым марки ПХС-Т, полотном иглопробивным стеклянным марки ИПС-Т
ГЭСН	26	26-01-007	Изоляция трубопроводов шнурами	26-01-007-01	м3	Изоляция трубопроводов шнурами: хризотилцементными
ГЭСН	26	26-01-007	Изоляция трубопроводов шнурами	26-01-007-02	м3	Изоляция трубопроводов шнурами: хризотилцементными пуховыми
ГЭСН	26	26-01-008	Изоляция трубопроводов матами и холстами из супертонкого волокна (стеклянного и базальтового), матами звукопоглощающими	26-01-008-01	м3	Изоляция трубопроводов матами и холстами из супертонкого волокна (стеклянного и базальтового), матами звукопоглощающими
ГЭСН	26	26-01-009	Изоляция трубопроводов матами минераловатными, плитами минераловатными, плитами из стеклянного штапельного волокна	26-01-009-01	м3	Изоляция трубопроводов: матами минераловатными, плитами минераловатными на синтетическом связующем
ГЭСН	26	26-01-009	Изоляция трубопроводов матами минераловатными, плитами минераловатными, плитами из стеклянного штапельного волокна	26-01-009-02	м3	Изоляция трубопроводов: плитами из стеклянного штапельного волокна
ГЭСН	26	26-01-010	Изоляция трубопроводов матами минераловатными прошивными безобкладочными и в обкладках, изделиями минераловатными с гофрированной структурой, матами из стеклянн	26-01-010-01	м3	Изоляция трубопроводов: матами минераловатными прошивными безобкладочными и в обкладках, изделиями минераловатными с гофрированной структурой
ГЭСН	26	26-01-010	Изоляция трубопроводов матами минераловатными прошивными безобкладочными и в обкладках, изделиями минераловатными с гофрированной структурой, матами из стеклянн	26-01-010-02	м3	Изоляция трубопроводов: матами из стеклянного штапельного волокна
ГЭСН	26	26-01-011	Изоляция плоских, криволинейных и фасонных поверхностей изделиями минераловатными и стекловатными	26-01-011-01	м3	Изоляция плоских и криволинейных поверхностей матами минераловатными прошивными безобкладочными и в обкладках, плитами минераловатными на синтетическом связующем, плитами из стеклянного штапельного во
ГЭСН	26	26-01-011	Изоляция плоских, криволинейных и фасонных поверхностей изделиями минераловатными и стекловатными	26-01-011-02	м3	Изоляция фасонных поверхностей матами минераловатными прошивными безобкладочными и в обкладках, плитами минераловатными на синтетическом связующем, плитами из стеклянного штапельного волокна
ГЭСН	26	26-01-012	Изоляция арматуры и фланцевых соединений съемными полуфутлярами из матов минераловатных прошивных и листов алюминиевых сплавов	26-01-012-01	10 шт	Изоляция арматуры и фланцевых соединений съемными полуфутлярами из матов минераловатных прошивных и листов алюминиевых сплавов, номинальный диаметр трубопроводов: до 200 мм
ГЭСН	26	26-01-012	Изоляция арматуры и фланцевых соединений съемными полуфутлярами из матов минераловатных прошивных и листов алюминиевых сплавов	26-01-012-02	10 шт	Изоляция арматуры и фланцевых соединений съемными полуфутлярами из матов минераловатных прошивных и листов алюминиевых сплавов, номинальный диаметр трубопроводов: свыше 200 до 800 мм
ГЭСН	26	26-01-013	Изоляция арматуры и фланцевых соединений съемными полуфутлярами из матов минераловатных прошивных и листов оцинкованной стали	26-01-013-01	10 шт	Изоляция арматуры и фланцевых соединений съемными полуфутлярами из матов минераловатных прошивных и листов оцинкованной стали, номинальный диаметр трубопроводов: до 200 мм
ГЭСН	26	26-01-013	Изоляция арматуры и фланцевых соединений съемными полуфутлярами из матов минераловатных прошивных и листов оцинкованной стали	26-01-013-02	10 шт	Изоляция арматуры и фланцевых соединений съемными полуфутлярами из матов минераловатных прошивных и листов оцинкованной стали, номинальный диаметр трубопроводов: свыше 200 до 800 мм
ГЭСН	26	26-01-014	Изоляция арматуры и фланцевых соединений съемными полуфутлярами из матрацев минераловатных и листов алюминиевых сплавов, оцинкованной стали	26-01-014-01	10 шт	Изоляция арматуры и фланцевых соединений: съемными полуфутлярами из матрацев минераловатных и листов алюминиевых сплавов
ГЭСН	26	26-01-014	Изоляция арматуры и фланцевых соединений съемными полуфутлярами из матрацев минераловатных и листов алюминиевых сплавов, оцинкованной стали	26-01-014-02	10 шт	Изоляция арматуры и фланцевых соединений: съемными полуфутлярами из матрацев минераловатных и листов оцинкованной стали
ГЭСН	26	26-01-015	Изоляция трубопроводов изготавливаемыми в процессе изоляции конструкциями полносборными с покрытием из листов алюминиевых сплавов	26-01-015-02	м3	Изоляция трубопроводов изготавливаемыми в процессе изоляции конструкциями полносборными с покрытием из листов алюминиевых сплавов на основе: матов минераловатных прошивных и плит минераловатных
ГЭСН	26	26-01-015	Изоляция трубопроводов изготавливаемыми в процессе изоляции конструкциями полносборными с покрытием из листов алюминиевых сплавов	26-01-015-03	м3	Изоляция трубопроводов изготавливаемыми в процессе изоляции конструкциями полносборными с покрытием из листов алюминиевых сплавов на основе: матов из стеклянного штапельного волокна
ГЭСН	26	26-01-016	Изоляция трубопроводов изготавливаемыми в процессе изоляции конструкциями полносборными с покрытием сталью оцинкованной	26-01-016-02	м3	Изоляция трубопроводов изготавливаемыми в процессе изоляции конструкциями полносборными с покрытием сталью оцинкованной на основе: матов минераловатных прошивных и плит минераловатных
ГЭСН	26	26-01-016	Изоляция трубопроводов изготавливаемыми в процессе изоляции конструкциями полносборными с покрытием сталью оцинкованной	26-01-016-03	м3	Изоляция трубопроводов изготавливаемыми в процессе изоляции конструкциями полносборными с покрытием сталью оцинкованной на основе: матов из стеклянного штапельного волокна
ГЭСН	26	26-01-017	Изоляция изделиями из вспененного каучука, вспененного полиэтилена трубопроводов	26-01-017-01	10 м	Изоляция изделиями из вспененного каучука, вспененного полиэтилена трубопроводов наружным диметром: до 160 мм трубками
ГЭСН	26	26-01-017	Изоляция изделиями из вспененного каучука, вспененного полиэтилена трубопроводов	26-01-017-02	10 м	Изоляция изделиями из вспененного каучука, вспененного полиэтилена трубопроводов наружным диметром: 180 мм пластинами (плитами)
ГЭСН	26	26-01-017	Изоляция изделиями из вспененного каучука, вспененного полиэтилена трубопроводов	26-01-017-03	100 м	Изоляция энергосберегающей теплоизоляционной системой на основе вспененного каучука с односторонним кашированием прямых участков трубопроводов диаметром: 102 до 219 мм
ГЭСН	26	26-01-017	Изоляция изделиями из вспененного каучука, вспененного полиэтилена трубопроводов	26-01-017-04	100 м	Изоляция энергосберегающей теплоизоляционной системой на основе вспененного каучука с односторонним кашированием прямых участков трубопроводов диаметром: свыше 219 до 426 мм
ГЭСН	26	26-01-017	Изоляция изделиями из вспененного каучука, вспененного полиэтилена трубопроводов	26-01-017-05	100 м	Изоляция энергосберегающей теплоизоляционной системой на основе вспененного каучука с односторонним кашированием прямых участков трубопроводов диаметром: свыше 426 до 720 мм
ГЭСН	26	26-01-017	Изоляция изделиями из вспененного каучука, вспененного полиэтилена трубопроводов	26-01-017-06	100 м	Изоляция энергосберегающей теплоизоляционной системой на основе вспененного каучука с односторонним кашированием прямых участков трубопроводов диаметром: свыше 720 до 1220 мм
ГЭСН	26	26-01-017	Изоляция изделиями из вспененного каучука, вспененного полиэтилена трубопроводов	26-01-017-07	100 м	Изоляция энергосберегающей теплоизоляционной системой на основе вспененного каучука без каширования прямых участков трубопроводов диаметром: 102 до 219 мм
ГЭСН	26	26-01-017	Изоляция изделиями из вспененного каучука, вспененного полиэтилена трубопроводов	26-01-017-08	100 м	Изоляция энергосберегающей теплоизоляционной системой на основе вспененного каучука без каширования прямых участков трубопроводов диаметром: свыше 219 до 426 мм
ГЭСН	26	26-01-017	Изоляция изделиями из вспененного каучука, вспененного полиэтилена трубопроводов	26-01-017-09	100 м	Изоляция энергосберегающей теплоизоляционной системой на основе вспененного каучука без каширования прямых участков трубопроводов диаметром: свыше 426 до 720 мм
ГЭСН	26	26-01-017	Изоляция изделиями из вспененного каучука, вспененного полиэтилена трубопроводов	26-01-017-10	100 м	Изоляция энергосберегающей теплоизоляционной системой на основе вспененного каучука без каширования прямых участков трубопроводов диаметром: свыше 720 до 1220 мм
ГЭСН	26	26-01-017	Изоляция изделиями из вспененного каучука, вспененного полиэтилена трубопроводов	26-01-017-11	10 шт	Изоляция энергосберегающей теплоизоляционной системой на основе вспененного каучука с односторонним кашированием трубных отводов и примыкающих участков диаметром: 102 до 219 мм
ГЭСН	26	26-01-017	Изоляция изделиями из вспененного каучука, вспененного полиэтилена трубопроводов	26-01-017-12	10 шт	Изоляция энергосберегающей теплоизоляционной системой на основе вспененного каучука с односторонним кашированием трубных отводов и примыкающих участков диаметром: свыше 219 до 426 мм
ГЭСН	26	26-01-017	Изоляция изделиями из вспененного каучука, вспененного полиэтилена трубопроводов	26-01-017-13	10 шт	Изоляция энергосберегающей теплоизоляционной системой на основе вспененного каучука с односторонним кашированием трубных отводов и примыкающих участков диаметром: свыше 426 до 720 мм
ГЭСН	26	26-01-017	Изоляция изделиями из вспененного каучука, вспененного полиэтилена трубопроводов	26-01-017-14	10 шт	Изоляция энергосберегающей теплоизоляционной системой на основе вспененного каучука с односторонним кашированием трубных отводов и примыкающих участков диаметром: свыше 720 до 1220 мм
ГЭСН	26	26-01-017	Изоляция изделиями из вспененного каучука, вспененного полиэтилена трубопроводов	26-01-017-15	10 шт	Изоляция энергосберегающей теплоизоляционной системой на основе вспененного каучука без каширования трубных отводов и примыкающих участков диаметром: 102 до 219 мм
ГЭСН	26	26-01-017	Изоляция изделиями из вспененного каучука, вспененного полиэтилена трубопроводов	26-01-017-16	10 шт	Изоляция энергосберегающей теплоизоляционной системой на основе вспененного каучука без каширования трубных отводов и примыкающих участков диаметром: свыше 219 до 426 мм
ГЭСН	26	26-01-017	Изоляция изделиями из вспененного каучука, вспененного полиэтилена трубопроводов	26-01-017-17	10 шт	Изоляция энергосберегающей теплоизоляционной системой на основе вспененного каучука без каширования трубных отводов и примыкающих участков диаметром: свыше 426 до 720 мм
ГЭСН	26	26-01-017	Изоляция изделиями из вспененного каучука, вспененного полиэтилена трубопроводов	26-01-017-18	10 шт	Изоляция энергосберегающей теплоизоляционной системой на основе вспененного каучука без каширования трубных отводов и примыкающих участков диаметром: свыше 720 до 1220 мм
ГЭСН	26	26-01-018	Изоляция плоских и криволинейных поверхностей пластинами (плитами) из вспененного каучука, вспененного полиэтилена	26-01-018-01	10 м2	Изоляция плоских и криволинейных поверхностей пластинами (плитами) из вспененного каучука, вспененного полиэтилена
ГЭСН	26	26-01-019	Изоляция арматуры и фланцевых соединений пластинами (плитами) из вспененного каучука, вспененного полиэтилена	26-01-019-01	10 шт	Изоляция арматуры и фланцевых соединений пластинами (плитами) из вспененного каучука, вспененного полиэтилена
ГЭСН	26	26-01-020	Изоляция трубопроводов пенополиуретаном методом заливки под защитное металлическое покрытие из листов алюминиевых сплавов или стали оцинкованной листовой	26-01-020-01	м3	Изоляция трубопроводов пенополиуретаном методом заливки под защитное металлическое покрытие из листов алюминиевых сплавов или стали оцинкованной листовой
ГЭСН	26	26-01-021	Изоляция плоских и криволинейных поверхностей из пенополиуретана методом напыления	26-01-021-01	м3	Изоляция плоских и криволинейных поверхностей из пенополиуретана методом напыления
ГЭСН	26	26-01-022	Изоляция поверхностей штучными изделиями из пенополиуретана	26-01-022-01	м3	Изоляция поверхностей трубопроводов штучными изделиями из пенополиуретана (полуцилиндрами и сегментами)
ГЭСН	26	26-01-022	Изоляция поверхностей штучными изделиями из пенополиуретана	26-01-022-02	м3	Изоляция плоских и криволинейных поверхностей штучными изделиями из пенополиуретана (плитами)
ГЭСН	26	26-01-023	Установка металлических опорных колец и разгружающих устройств	26-01-023-01	м3	Установка металлических опорных колец и разгружающих устройств, номинальным диаметром трубопровода: до 200 мм
ГЭСН	26	26-01-023	Установка металлических опорных колец и разгружающих устройств	26-01-023-02	м3	Установка металлических опорных колец и разгружающих устройств, номинальным диаметром трубопровода: свыше 200 до 800 мм
ГЭСН	26	26-01-025	Изоляция стальных трубопроводов жидким теплоизоляционным покрытием	26-01-025-01	100 м	Изоляция стальных трубопроводов жидким теплоизоляционным покрытием толщиной 1 мм, номинальный диаметр трубы: 25 мм
ГЭСН	26	26-01-025	Изоляция стальных трубопроводов жидким теплоизоляционным покрытием	26-01-025-02	100 м	Изоляция стальных трубопроводов жидким теплоизоляционным покрытием толщиной 1 мм, номинальный диаметр трубы: 32 мм
ГЭСН	26	26-01-025	Изоляция стальных трубопроводов жидким теплоизоляционным покрытием	26-01-025-03	100 м	Изоляция стальных трубопроводов жидким теплоизоляционным покрытием толщиной 1 мм, номинальный диаметр трубы: 40 мм
ГЭСН	26	26-01-025	Изоляция стальных трубопроводов жидким теплоизоляционным покрытием	26-01-025-04	100 м	Изоляция стальных трубопроводов жидким теплоизоляционным покрытием толщиной 1 мм, номинальный диаметр трубы: 50 мм
ГЭСН	26	26-01-025	Изоляция стальных трубопроводов жидким теплоизоляционным покрытием	26-01-025-05	100 м	Изоляция стальных трубопроводов жидким теплоизоляционным покрытием толщиной 1 мм, номинальный диаметр трубы: 75 мм
ГЭСН	26	26-01-025	Изоляция стальных трубопроводов жидким теплоизоляционным покрытием	26-01-025-06	100 м	Изоляция стальных трубопроводов жидким теплоизоляционным покрытием толщиной 1 мм, номинальный диаметр трубы: 100 мм
ГЭСН	26	26-01-025	Изоляция стальных трубопроводов жидким теплоизоляционным покрытием	26-01-025-07	100 м	Изоляция стальных трубопроводов жидким теплоизоляционным покрытием толщиной 1 мм, номинальный диаметр трубы: 125 мм
ГЭСН	26	26-01-025	Изоляция стальных трубопроводов жидким теплоизоляционным покрытием	26-01-025-08	100 м	Изоляция стальных трубопроводов жидким теплоизоляционным покрытием толщиной 1 мм, номинальный диаметр трубы: 150 мм
ГЭСН	26	26-01-025	Изоляция стальных трубопроводов жидким теплоизоляционным покрытием	26-01-025-09	100 м	На каждые 0,5 мм изменения толщины покрытия добавлять к норме 26-01-025-08
ГЭСН	26	26-01-035	Изоляция стен изделиями из минераловатных плит на основе стекловолокна с креплением дюбелями при работе с люльки	26-01-035-01	100 м2	Изоляция стен изделиями из минераловатных плит на основе стекловолокна с креплением дюбелями при работе с люльки: в один слой толщиной 100 мм
ГЭСН	26	26-01-035	Изоляция стен изделиями из минераловатных плит на основе стекловолокна с креплением дюбелями при работе с люльки	26-01-035-02	100 м2	Изоляция стен изделиями из минераловатных плит на основе стекловолокна с креплением дюбелями при работе с люльки: в два слоя общей толщиной 150 мм
ГЭСН	26	26-01-036	Изоляция холодных поверхностей изделиями из волокнистых и зернистых материалов с креплением на клее и дюбелями	26-01-036-01	100 м2	Изоляция изделиями из волокнистых и зернистых материалов с креплением на клее и дюбелями холодных поверхностей: наружных стен
ГЭСН	26	26-01-036	Изоляция холодных поверхностей изделиями из волокнистых и зернистых материалов с креплением на клее и дюбелями	26-01-036-02	100 м2	Изоляция изделиями из волокнистых и зернистых материалов с креплением на клее и дюбелями холодных поверхностей: внутренних стен и перегородок
ГЭСН	26	26-01-037	Изоляция холодных поверхностей изделиями из волокнистых и зернистых материалов на битуме	26-01-037-01	м3	Изоляция изделиями из волокнистых и зернистых материалов на битуме холодных поверхностей: стен и колонн прямоугольных
ГЭСН	26	26-01-037	Изоляция холодных поверхностей изделиями из волокнистых и зернистых материалов на битуме	26-01-037-02	м3	Изоляция изделиями из волокнистых и зернистых материалов на битуме холодных поверхностей: покрытий и перекрытий сверху
ГЭСН	26	26-01-037	Изоляция холодных поверхностей изделиями из волокнистых и зернистых материалов на битуме	26-01-037-03	м3	Изоляция изделиями из волокнистых и зернистых материалов на битуме холодных поверхностей: покрытий и перекрытий снизу
ГЭСН	26	26-01-037	Изоляция холодных поверхностей изделиями из волокнистых и зернистых материалов на битуме	26-01-037-04	м3	Изоляция изделиями из волокнистых и зернистых материалов на битуме холодных поверхностей: перегородок
ГЭСН	26	26-01-038	Устройство противопожарных поясов из ячеистых материалов на растворе	26-01-038-01	м3	Устройство противопожарных поясов из ячеистых материалов на растворе
ГЭСН	26	26-01-039	Изоляция покрытий и перекрытий изделиями из волокнистых и зернистых материалов насухо	26-01-039-01	м3	Изоляция покрытий и перекрытий изделиями из волокнистых и зернистых материалов насухо
ГЭСН	26	26-01-040	Устройство противопожарных поясов из волокнистых и зернистых материалов на растворе	26-01-040-01	м3	Устройство противопожарных поясов из волокнистых и зернистых материалов на растворе
ГЭСН	26	26-01-041	Изоляция холодных поверхностей изделиями из пенопласта	26-01-041-01	м3	Изоляция изделиями из пенопласта на битуме холодных поверхностей: стен и колонн прямоугольных
ГЭСН	26	26-01-041	Изоляция холодных поверхностей изделиями из пенопласта	26-01-041-02	м3	Изоляция изделиями из пенопласта на битуме холодных поверхностей: покрытий и перекрытий сверху
ГЭСН	26	26-01-041	Изоляция холодных поверхностей изделиями из пенопласта	26-01-041-03	м3	Изоляция изделиями из пенопласта на битуме холодных поверхностей: покрытий и перекрытий снизу
ГЭСН	26	26-01-041	Изоляция холодных поверхностей изделиями из пенопласта	26-01-041-04	м3	Изоляция изделиями из пенопласта на битуме холодных поверхностей: перегородок
ГЭСН	26	26-01-041	Изоляция холодных поверхностей изделиями из пенопласта	26-01-041-05	м3	Изоляция изделиями из пенопласта насухо холодных поверхностей покрытий и перекрытий
ГЭСН	26	26-01-042	Установка дверей с тепловой изоляцией	26-01-042-01	100 м2	Установка дверей с тепловой изоляцией: в кирпичных перегородках
ГЭСН	26	26-01-042	Установка дверей с тепловой изоляцией	26-01-042-02	100 м2	Установка дверей с тепловой изоляцией: в кирпичных стенах
ГЭСН	26	26-01-043	Изоляция деревянных наружных ограждающих конструкций жидким теплоизоляционным покрытием с лесов	26-01-043-01	100 м2	Изоляция деревянных наружных ограждающих конструкций краскопультами жидким теплоизоляционным покрытием толщиной 1 мм с лесов
ГЭСН	26	26-01-043	Изоляция деревянных наружных ограждающих конструкций жидким теплоизоляционным покрытием с лесов	26-01-043-02	100 м2	На каждые 0,5 мм изменения толщины покрытия добавлять к норме 26-01-043-01
ГЭСН	26	26-01-044	Изоляция деревянных наружных ограждающих конструкций жидким теплоизоляционным покрытием с люлек	26-01-044-01	100 м2	Изоляция деревянных наружных ограждающих конструкций краскопультами жидким теплоизоляционным покрытием толщиной 1 мм с люлек
ГЭСН	26	26-01-044	Изоляция деревянных наружных ограждающих конструкций жидким теплоизоляционным покрытием с люлек	26-01-044-02	100 м2	На каждые 0,5 мм изменения толщины покрытия добавлять к норме 26-01-044-01
ГЭСН	26	26-01-045	Изоляция кирпичных и бетонных наружных ограждающих конструкций жидким теплоизоляционным покрытием с лесов	26-01-045-01	100 м2	Изоляция кирпичных и бетонных наружных ограждающих конструкций краскопультами жидким теплоизоляционным покрытием толщиной 1 мм с лесов
ГЭСН	26	26-01-045	Изоляция кирпичных и бетонных наружных ограждающих конструкций жидким теплоизоляционным покрытием с лесов	26-01-045-02	100 м2	На каждые 0,5 мм изменения толщины покрытия добавлять к норме 26-01-045-01
ГЭСН	26	26-01-046	Изоляция кирпичных и бетонных наружных ограждающих конструкций жидким теплоизоляционным покрытием с люлек	26-01-046-01	100 м2	Изоляция кирпичных и бетонных наружных ограждающих конструкций краскопультами жидким теплоизоляционным покрытием толщиной 1 мм с люлек
ГЭСН	26	26-01-046	Изоляция кирпичных и бетонных наружных ограждающих конструкций жидким теплоизоляционным покрытием с люлек	26-01-046-02	100 м2	На каждые 0,5 мм изменения толщины покрытия добавлять к норме 26-01-046-01
ГЭСН	26	26-01-047	Изоляция по деревянным полам жидким теплоизоляционным покрытием	26-01-047-01	100 м2	Изоляция по деревянным полам краскопультами жидким теплоизоляционным покрытием толщиной 1 мм
ГЭСН	26	26-01-047	Изоляция по деревянным полам жидким теплоизоляционным покрытием	26-01-047-02	100 м2	На каждые 0,5 мм изменения толщины покрытия добавлять к норме 26-01-047-01
ГЭСН	26	26-01-048	Устройство каркаса изоляции	26-01-048-01	100 м2	Устройство на трубопроводах каркаса изоляции: из проволоки
ГЭСН	26	26-01-048	Устройство каркаса изоляции	26-01-048-02	100 м2	Устройство на трубопроводах каркаса изоляции: из сетки
ГЭСН	26	26-01-048	Устройство каркаса изоляции	26-01-048-03	100 м2	Устройство на плоских и криволинейных поверхностях каркаса изоляции: из проволоки
ГЭСН	26	26-01-048	Устройство каркаса изоляции	26-01-048-04	100 м2	Устройство на плоских и криволинейных поверхностях каркаса изоляции: из сетки
ГЭСН	26	26-01-049	Покрытие поверхности изоляции трубопроводов листами алюминиевых сплавов, сталью оцинкованной, металлопластом	26-01-049-01	100 м2	Покрытие поверхности изоляции трубопроводов: листами алюминиевых сплавов
ГЭСН	26	26-01-049	Покрытие поверхности изоляции трубопроводов листами алюминиевых сплавов, сталью оцинкованной, металлопластом	26-01-049-02	100 м2	Покрытие поверхности изоляции трубопроводов: сталью оцинкованной
ГЭСН	26	26-01-049	Покрытие поверхности изоляции трубопроводов листами алюминиевых сплавов, сталью оцинкованной, металлопластом	26-01-049-03	100 м2	Покрытие поверхности изоляции трубопроводов: металлопластом
ГЭСН	26	26-01-050	Покрытие поверхности изоляции трубопроводов фольгой алюминиевой дублированной	26-01-050-01	100 м2	Покрытие поверхности изоляции трубопроводов фольгой алюминиевой дублированной
ГЭСН	26	26-01-051	Покрытие поверхности изоляции трубопроводов стеклоцементом текстолитовым, стеклопластиком (кроме стеклопластика РСТ)	26-01-051-01	100 м2	Покрытие поверхности изоляции трубопровода стеклоцементом текстолитовым, стеклопластиком (кроме стеклопластика РСТ)
ГЭСН	26	26-01-052	Покрытие поверхности изоляции трубопроводов стеклопластиками РСТ, тканями стеклянными, пленками ПХВ, армопластами	26-01-052-01	100 м2	Покрытие поверхности изоляции трубопроводов: стеклопластиками РСТ, тканями стеклянными
ГЭСН	26	26-01-052	Покрытие поверхности изоляции трубопроводов стеклопластиками РСТ, тканями стеклянными, пленками ПХВ, армопластами	26-01-052-02	100 м2	Покрытие поверхности изоляции трубопроводов: пленками ПВХ, армопластами
ГЭСН	26	26-01-053	Покрытие изоляции плоских (криволинейных) и фасонных поверхностей листовым металлом с заготовкой покрытия	26-01-053-01	100 м2	Покрытие изоляции плоских (криволинейных) поверхностей листовым металлом с заготовкой покрытия
ГЭСН	26	26-01-053	Покрытие изоляции плоских (криволинейных) и фасонных поверхностей листовым металлом с заготовкой покрытия	26-01-053-02	100 м2	Покрытие изоляции фасонных поверхностей листовым металлом с заготовкой покрытия
ГЭСН	26	26-01-054	Покрытие поверхности изоляции рулонными материалами	26-01-054-01	100 м2	Обертывание поверхности изоляции рулонными материалами насухо с проклейкой швов
ГЭСН	26	26-01-054	Покрытие поверхности изоляции рулонными материалами	26-01-054-02	100 м2	Оклеивание поверхности изоляции: рулонными материалами на битумной мастике
ГЭСН	26	26-01-054	Покрытие поверхности изоляции рулонными материалами	26-01-054-03	100 м2	Оклеивание поверхности изоляции: тканями стеклянными, хлопчатобумажными на клее ПВА
ГЭСН	26	26-01-055	Установка пароизоляционного слоя из пленки полиэтиленовой	26-01-055-01	100 м2	Установка пароизоляционного слоя из: пленки полиэтиленовой
ГЭСН	26	26-01-055	Установка пароизоляционного слоя из пленки полиэтиленовой	26-01-055-02	100 м2	Установка пароизоляционного слоя из: пленки полиэтиленовой (без стекловолокнистых материалов)
ГЭСН	26	26-01-056	Оштукатуривание поверхности изоляции трубопроводов хризотилцементным раствором	26-01-056-01	100 м2	Оштукатуривание поверхности изоляции трубопроводов хризотилцементным раствором
ГЭСН	26	26-01-056	Оштукатуривание поверхности изоляции трубопроводов хризотилцементным раствором	26-01-056-02	100 м2	Оштукатуривание плоских поверхностей изоляции трубопроводов хризотилцементным раствором
ГЭСН	26	26-01-056	Оштукатуривание поверхности изоляции трубопроводов хризотилцементным раствором	26-01-056-03	100 м2	Оштукатуривание поверхности изоляции трубопроводов хризотилцементным раствором: на каждые 5 мм изменения толщины штукатурного слоя добавлять к норме 26-01-056-01
ГЭСН	26	26-01-056	Оштукатуривание поверхности изоляции трубопроводов хризотилцементным раствором	26-01-056-04	100 м2	Оштукатуривание плоских поверхностей изоляции хризотилцементным раствором: на каждые 5 мм изменения толщины штукатурного слоя добавлять к норме 26-01-056-02
ГЭСН	26	26-01-057	Устройство гидроизоляции подземных и инженерных сооружений	26-01-057-01	100 м2	Устройство гидроизоляции подземных и инженерных сооружений: горизонтальных поверхностей
ГЭСН	26	26-01-057	Устройство гидроизоляции подземных и инженерных сооружений	26-01-057-02	100 м2	Устройство гидроизоляции подземных и инженерных сооружений: вертикальных поверхностей, высотой до 3 м
ГЭСН	26	26-01-057	Устройство гидроизоляции подземных и инженерных сооружений	26-01-057-03	100 м2	Устройство гидроизоляции подземных и инженерных сооружений: вертикальных поверхностей, высотой более 3 м
ГЭСН	26	26-01-057	Устройство гидроизоляции подземных и инженерных сооружений	26-01-057-04	100 м2	Устройство гидроизоляции подземных и инженерных сооружений: горизонтальных поверхностей пластикатом поливинилхлоридным гидроизоляционным
ГЭСН	26	26-01-058	Устройство деформационного шва при гидроизоляции подземных и инженерных сооружений	26-01-058-01	100 м	Устройство деформационного шва при гидроизоляции подземных и инженерных сооружений
ГЭСН	26	26-01-059	Устройство примыканий при гидроизоляции подземных и инженерных сооружений	26-01-059-01	100 м	Устройство примыканий при гидроизоляции подземных и инженерных сооружений
ГЭСН	26	26-01-060	Изоляция по железобетонным полам жидким теплоизоляционным покрытием	26-01-060-01	100 м2	Изоляция по железобетонным полам краскопультами жидким теплоизоляционным покрытием толщиной 1 мм
ГЭСН	26	26-01-060	Изоляция по железобетонным полам жидким теплоизоляционным покрытием	26-01-060-02	100 м2	На каждые 0,5 мм изменения толщины покрытия добавлять к норме 26-01-060-01
ГЭСН	26	26-01-061	Изоляция по деревянным потолкам жидким теплоизоляционным покрытием	26-01-061-01	100 м2	Изоляция по деревянным потолкам краскопультами жидким теплоизоляционным покрытием толщиной 1 мм
ГЭСН	26	26-01-061	Изоляция по деревянным потолкам жидким теплоизоляционным покрытием	26-01-061-02	100 м2	На каждые 0,5 мм изменения толщины покрытия добавлять к норме 26-01-061-01
ГЭСН	26	26-01-062	Изоляция по железобетонным потолкам жидким теплоизоляционным покрытием	26-01-062-01	100 м2	Изоляция по железобетонным потолкам краскопультами жидким теплоизоляционным покрытием толщиной 1 мм
ГЭСН	26	26-01-062	Изоляция по железобетонным потолкам жидким теплоизоляционным покрытием	26-01-062-02	100 м2	На каждые 0,5 мм изменения толщины покрытия добавлять к норме 26-01-062-01
ГЭСН	26	26-01-063	Изоляция внутренних стен по дереву жидким теплоизоляционным покрытием	26-01-063-01	100 м2	Изоляция внутренних стен по дереву краскопультами жидким теплоизоляционным покрытием толщиной 1 мм
ГЭСН	26	26-01-063	Изоляция внутренних стен по дереву жидким теплоизоляционным покрытием	26-01-063-02	100 м2	На каждые 0,5 мм изменения толщины покрытия добавлять к норме 26-01-063-01
ГЭСН	26	26-01-064	Изоляция внутренних стен по штукатурке жидким теплоизоляционным покрытием толщиной 1 мм	26-01-064-01	100 м2	Изоляция внутренних стен по штукатурке краскопультами жидким теплоизоляционным покрытием толщиной 1 мм
ГЭСН	26	26-01-064	Изоляция внутренних стен по штукатурке жидким теплоизоляционным покрытием толщиной 1 мм	26-01-064-02	100 м2	На каждые 0,5 мм изменения толщины покрытия добавлять к норме 26-01-064-01
ГЭСН	26	26-01-065	Изоляция арматуры и фланцевых соединений стальных трубопроводов жидким теплоизоляционным покрытием	26-01-065-01	100 шт	Изоляция арматуры и фланцевых соединений стальных трубопроводов жидким теплоизоляционным покрытием толщиной 1 мм, арматура для трубопроводов номинальным диаметром: 25 мм
ГЭСН	26	26-01-065	Изоляция арматуры и фланцевых соединений стальных трубопроводов жидким теплоизоляционным покрытием	26-01-065-02	100 шт	Изоляция арматуры и фланцевых соединений стальных трубопроводов жидким теплоизоляционным покрытием толщиной 1 мм, арматура для трубопроводов номинальным диаметром: 32 мм
ГЭСН	26	26-01-065	Изоляция арматуры и фланцевых соединений стальных трубопроводов жидким теплоизоляционным покрытием	26-01-065-03	100 шт	Изоляция арматуры и фланцевых соединений стальных трубопроводов жидким теплоизоляционным покрытием толщиной 1 мм, арматура для трубопроводов номинальным диаметром: 50 мм
ГЭСН	26	26-01-065	Изоляция арматуры и фланцевых соединений стальных трубопроводов жидким теплоизоляционным покрытием	26-01-065-04	100 шт	Изоляция арматуры и фланцевых соединений стальных трубопроводов жидким теплоизоляционным покрытием толщиной 1 мм, арматура для трубопроводов номинальным диаметром: 80 мм
ГЭСН	26	26-01-065	Изоляция арматуры и фланцевых соединений стальных трубопроводов жидким теплоизоляционным покрытием	26-01-065-05	100 шт	Изоляция арматуры и фланцевых соединений стальных трубопроводов жидким теплоизоляционным покрытием толщиной 1 мм, арматура для трубопроводов номинальным диаметром: 100 мм
ГЭСН	26	26-01-065	Изоляция арматуры и фланцевых соединений стальных трубопроводов жидким теплоизоляционным покрытием	26-01-065-06	100 шт	Изоляция арматуры и фланцевых соединений стальных трубопроводов жидким теплоизоляционным покрытием толщиной 1 мм, арматура для трубопроводов номинальным диаметром: 150 мм
ГЭСН	26	26-01-065	Изоляция арматуры и фланцевых соединений стальных трубопроводов жидким теплоизоляционным покрытием	26-01-065-07	100 шт	Изоляция арматуры и фланцевых соединений стальных трубопроводов жидким теплоизоляционным покрытием толщиной 1 мм, арматура для трубопроводов номинальным диаметром: 200 мм
ГЭСН	26	26-01-065	Изоляция арматуры и фланцевых соединений стальных трубопроводов жидким теплоизоляционным покрытием	26-01-065-08	100 шт	Изоляция арматуры и фланцевых соединений стальных трубопроводов жидким теплоизоляционным покрытием толщиной 1 мм, арматура для трубопроводов номинальным диаметром: 250 мм
ГЭСН	26	26-01-065	Изоляция арматуры и фланцевых соединений стальных трубопроводов жидким теплоизоляционным покрытием	26-01-065-09	100 шт	Изоляция арматуры и фланцевых соединений стальных трубопроводов жидким теплоизоляционным покрытием толщиной 1 мм, арматура для трубопроводов номинальным диаметром: 300 мм
ГЭСН	26	26-01-065	Изоляция арматуры и фланцевых соединений стальных трубопроводов жидким теплоизоляционным покрытием	26-01-065-10	100 шт	Изоляция арматуры и фланцевых соединений стальных трубопроводов жидким теплоизоляционным покрытием толщиной 1 мм, арматура для трубопроводов номинальным диаметром: 350 мм
ГЭСН	26	26-01-065	Изоляция арматуры и фланцевых соединений стальных трубопроводов жидким теплоизоляционным покрытием	26-01-065-11	100 шт	Изоляция арматуры и фланцевых соединений стальных трубопроводов жидким теплоизоляционным покрытием толщиной 1 мм, арматура для трубопроводов номинальным диаметром: 400 мм
ГЭСН	26	26-01-065	Изоляция арматуры и фланцевых соединений стальных трубопроводов жидким теплоизоляционным покрытием	26-01-065-12	100 шт	Изоляция арматуры и фланцевых соединений стальных трубопроводов жидким теплоизоляционным покрытием толщиной 1 мм, арматура для трубопроводов номинальным диаметром: 450 мм
ГЭСН	26	26-01-065	Изоляция арматуры и фланцевых соединений стальных трубопроводов жидким теплоизоляционным покрытием	26-01-065-13	100 шт	Изоляция арматуры и фланцевых соединений стальных трубопроводов жидким теплоизоляционным покрытием толщиной 1 мм, арматура для трубопроводов номинальным диаметром: 500 мм
ГЭСН	26	26-01-065	Изоляция арматуры и фланцевых соединений стальных трубопроводов жидким теплоизоляционным покрытием	26-01-065-14	100 шт	Изоляция арматуры и фланцевых соединений стальных трубопроводов жидким теплоизоляционным покрытием толщиной 1 мм, арматура для трубопроводов номинальным диаметром: 600 мм
ГЭСН	26	26-01-065	Изоляция арматуры и фланцевых соединений стальных трубопроводов жидким теплоизоляционным покрытием	26-01-065-15	100 шт	Изоляция арматуры и фланцевых соединений стальных трубопроводов жидким теплоизоляционным покрытием толщиной 1 мм, арматура для трубопроводов номинальным диаметром: 800 мм
ГЭСН	26	26-01-065	Изоляция арматуры и фланцевых соединений стальных трубопроводов жидким теплоизоляционным покрытием	26-01-065-16	100 шт	На каждые 0,5 мм изменения толщины покрытия добавлять к норме: 26-01-065-01
ГЭСН	26	26-01-065	Изоляция арматуры и фланцевых соединений стальных трубопроводов жидким теплоизоляционным покрытием	26-01-065-17	100 шт	На каждые 0,5 мм изменения толщины покрытия добавлять к норме: 26-01-065-02
ГЭСН	26	26-01-065	Изоляция арматуры и фланцевых соединений стальных трубопроводов жидким теплоизоляционным покрытием	26-01-065-18	100 шт	На каждые 0,5 мм изменения толщины покрытия добавлять к норме: 26-01-065-03
ГЭСН	26	26-01-065	Изоляция арматуры и фланцевых соединений стальных трубопроводов жидким теплоизоляционным покрытием	26-01-065-19	100 шт	На каждые 0,5 мм изменения толщины покрытия добавлять к норме: 26-01-065-04
ГЭСН	26	26-01-065	Изоляция арматуры и фланцевых соединений стальных трубопроводов жидким теплоизоляционным покрытием	26-01-065-20	100 шт	На каждые 0,5 мм изменения толщины покрытия добавлять к норме: 26-01-065-05
ГЭСН	26	26-01-065	Изоляция арматуры и фланцевых соединений стальных трубопроводов жидким теплоизоляционным покрытием	26-01-065-21	100 шт	На каждые 0,5 мм изменения толщины покрытия добавлять к норме: 26-01-065-06
ГЭСН	26	26-01-065	Изоляция арматуры и фланцевых соединений стальных трубопроводов жидким теплоизоляционным покрытием	26-01-065-22	100 шт	На каждые 0,5 мм изменения толщины покрытия добавлять к норме: 26-01-065-07
ГЭСН	26	26-01-065	Изоляция арматуры и фланцевых соединений стальных трубопроводов жидким теплоизоляционным покрытием	26-01-065-23	100 шт	На каждые 0,5 мм изменения толщины покрытия добавлять к норме: 26-01-065-08
ГЭСН	26	26-01-065	Изоляция арматуры и фланцевых соединений стальных трубопроводов жидким теплоизоляционным покрытием	26-01-065-24	100 шт	На каждые 0,5 мм изменения толщины покрытия добавлять к норме: 26-01-065-09
ГЭСН	26	26-01-065	Изоляция арматуры и фланцевых соединений стальных трубопроводов жидким теплоизоляционным покрытием	26-01-065-25	100 шт	На каждые 0,5 мм изменения толщины покрытия добавлять к норме: 26-01-065-10
ГЭСН	26	26-01-065	Изоляция арматуры и фланцевых соединений стальных трубопроводов жидким теплоизоляционным покрытием	26-01-065-26	100 шт	На каждые 0,5 мм изменения толщины покрытия добавлять к норме: 26-01-065-11
ГЭСН	26	26-01-065	Изоляция арматуры и фланцевых соединений стальных трубопроводов жидким теплоизоляционным покрытием	26-01-065-27	100 шт	На каждые 0,5 мм изменения толщины покрытия добавлять к норме: 26-01-065-12
ГЭСН	26	26-01-065	Изоляция арматуры и фланцевых соединений стальных трубопроводов жидким теплоизоляционным покрытием	26-01-065-28	100 шт	На каждые 0,5 мм изменения толщины покрытия добавлять к норме: 26-01-065-13
ГЭСН	26	26-01-065	Изоляция арматуры и фланцевых соединений стальных трубопроводов жидким теплоизоляционным покрытием	26-01-065-29	100 шт	На каждые 0,5 мм изменения толщины покрытия добавлять к норме: 26-01-065-14
ГЭСН	26	26-01-065	Изоляция арматуры и фланцевых соединений стальных трубопроводов жидким теплоизоляционным покрытием	26-01-065-30	100 шт	На каждые 0,5 мм изменения толщины покрытия добавлять к норме: 26-01-065-15
ГЭСН	26	26-01-066	Устройство ветро-гидрозащиты вентилируемого фасада	26-01-066-01	1000 м2	Устройство ветро-гидрозащиты вентилируемого фасада, с лесов
ГЭСН	26	26-01-067	Теплоизоляция чердачных перекрытий с использованием экструзионного пенополистирола	26-01-067-01	100 м2	Теплоизоляция чердачных перекрытий с использованием экструзионного пенополистирола, облицованного цементно-стружечной плитой
ГЭСН	26	26-01-067	Теплоизоляция чердачных перекрытий с использованием экструзионного пенополистирола	26-01-067-02	100 м	Оклейка мест примыкания плит из пенополистирола к вертикальным поверхностям герметизирующей лентой
ГЭСН	26	26-01-068	Защита боковой изоляции стен хризотилцементными листами	26-01-068-01	100 м2	Защита боковой изоляции стен хризотилцементными листами
ГЭСН	26	26-01-069	Окраска изолированных поверхностей	26-01-069-01	100 м2	Окраска изолированных поверхностей: лаком
ГЭСН	26	26-01-070	Устройство внешнего пароизоляционного слоя надземного трубопровода из термоусаживающейся пленки	26-01-070-01	100 м трубопровода	Устройство внешнего пароизоляционного слоя надземного трубопровода из термоусаживающейся пленки, диаметром: 57 мм
ГЭСН	26	26-01-070	Устройство внешнего пароизоляционного слоя надземного трубопровода из термоусаживающейся пленки	26-01-070-02	100 м трубопровода	Устройство внешнего пароизоляционного слоя надземного трубопровода из термоусаживающейся пленки, диаметром: 76 мм
ГЭСН	26	26-01-070	Устройство внешнего пароизоляционного слоя надземного трубопровода из термоусаживающейся пленки	26-01-070-03	100 м трубопровода	Устройство внешнего пароизоляционного слоя надземного трубопровода из термоусаживающейся пленки, диаметром: 89 мм
ГЭСН	26	26-01-070	Устройство внешнего пароизоляционного слоя надземного трубопровода из термоусаживающейся пленки	26-01-070-04	100 м трубопровода	Устройство внешнего пароизоляционного слоя надземного трубопровода из термоусаживающейся пленки, диаметром: 108 мм
ГЭСН	26	26-01-070	Устройство внешнего пароизоляционного слоя надземного трубопровода из термоусаживающейся пленки	26-01-070-05	100 м трубопровода	Устройство внешнего пароизоляционного слоя надземного трубопровода из термоусаживающейся пленки, диаметром: 133 мм
ГЭСН	26	26-01-070	Устройство внешнего пароизоляционного слоя надземного трубопровода из термоусаживающейся пленки	26-01-070-06	100 м трубопровода	Устройство внешнего пароизоляционного слоя надземного трубопровода из термоусаживающейся пленки, диаметром: 159 мм
ГЭСН	26	26-01-070	Устройство внешнего пароизоляционного слоя надземного трубопровода из термоусаживающейся пленки	26-01-070-07	100 м трубопровода	Устройство внешнего пароизоляционного слоя надземного трубопровода из термоусаживающейся пленки, диаметром: 219 мм
ГЭСН	26	26-01-070	Устройство внешнего пароизоляционного слоя надземного трубопровода из термоусаживающейся пленки	26-01-070-08	100 м трубопровода	Устройство внешнего пароизоляционного слоя надземного трубопровода из термоусаживающейся пленки, диаметром: 273 мм
ГЭСН	26	26-01-070	Устройство внешнего пароизоляционного слоя надземного трубопровода из термоусаживающейся пленки	26-01-070-09	100 м трубопровода	Устройство внешнего пароизоляционного слоя надземного трубопровода из термоусаживающейся пленки, диаметром: 325 мм
ГЭСН	26	26-01-070	Устройство внешнего пароизоляционного слоя надземного трубопровода из термоусаживающейся пленки	26-01-070-10	100 м трубопровода	Устройство внешнего пароизоляционного слоя надземного трубопровода из термоусаживающейся пленки, диаметром: 426 мм
ГЭСН	26	26-01-080	Изоляция покрытий и перекрытий снизу плитами из минеральной ваты с креплением на клее и дюбелями	26-01-080-01	100 м2	Изоляция покрытий и перекрытий снизу плитами из минеральной ваты с креплением на клее и дюбелями
ГЭСН	26	26-02-001	Огнезащитное покрытие металлоконструкций краской с подготовкой поверхности	26-02-001-01	100 м2	Огнезащитное покрытие металлоконструкций краской с подготовкой поверхности с пределом огнестойкости: 0,5 часа
ГЭСН	26	26-02-001	Огнезащитное покрытие металлоконструкций краской с подготовкой поверхности	26-02-001-02	100 м2	Огнезащитное покрытие металлоконструкций краской с подготовкой поверхности с пределом огнестойкости: 0,75 часа
ГЭСН	26	26-02-001	Огнезащитное покрытие металлоконструкций краской с подготовкой поверхности	26-02-001-03	100 м2	Огнезащитное покрытие металлоконструкций краской с подготовкой поверхности с пределом огнестойкости: 1 час
ГЭСН	26	26-02-002	Огнезащитное покрытие металлоконструкций пастовыми составами толщиной покрытия от 5 мм	26-02-002-01	100 м2	Огнезащитное покрытие металлоконструкций пастовыми составами толщиной покрытия от 5 мм с пределом огнестойкости: 0,5 часа
ГЭСН	26	26-02-002	Огнезащитное покрытие металлоконструкций пастовыми составами толщиной покрытия от 5 мм	26-02-002-02	100 м2	Огнезащитное покрытие металлоконструкций пастовыми составами толщиной покрытия от 5 мм с пределом огнестойкости: 0,75 часа
ГЭСН	26	26-02-002	Огнезащитное покрытие металлоконструкций пастовыми составами толщиной покрытия от 5 мм	26-02-002-03	100 м2	Огнезащитное покрытие металлоконструкций пастовыми составами толщиной покрытия от 5 мм с пределом огнестойкости: 1,0 часа
ГЭСН	26	26-02-003	Огнезащитное покрытие металлоконструкций составом на основе минераловатных волокон методом сухого торкретирования	26-02-003-01	100 м2	Огнезащитное покрытие металлоконструкций составом на основе минераловатных волокон методом сухого торкретирования с пределом огнестойкости: 0,75 часа
ГЭСН	26	26-02-003	Огнезащитное покрытие металлоконструкций составом на основе минераловатных волокон методом сухого торкретирования	26-02-003-02	100 м2	Огнезащитное покрытие металлоконструкций составом на основе минераловатных волокон методом сухого торкретирования с пределом огнестойкости: 1 час
ГЭСН	26	26-02-003	Огнезащитное покрытие металлоконструкций составом на основе минераловатных волокон методом сухого торкретирования	26-02-003-03	100 м2	Огнезащитное покрытие металлоконструкций составом на основе минераловатных волокон методом сухого торкретирования с пределом огнестойкости: 1,5 часа
ГЭСН	26	26-02-003	Огнезащитное покрытие металлоконструкций составом на основе минераловатных волокон методом сухого торкретирования	26-02-003-04	100 м2	Огнезащитное покрытие металлоконструкций составом на основе минераловатных волокон методом сухого торкретирования с пределом огнестойкости: 2 часа
ГЭСН	26	26-02-003	Огнезащитное покрытие металлоконструкций составом на основе минераловатных волокон методом сухого торкретирования	26-02-003-05	100 м2	Огнезащитное покрытие металлоконструкций составом на основе минераловатных волокон методом сухого торкретирования с пределом огнестойкости: 2,5 часа
ГЭСН	26	26-02-005	Огнезащитное покрытие воздуховодов составом на основе минеральных волокон методом торкретирования	26-02-005-01	100 м2	Огнезащитное покрытие воздуховодов составом на основе минеральных волокон методом торкретирования с пределом огнестойкости: 1,0 час
ГЭСН	26	26-02-005	Огнезащитное покрытие воздуховодов составом на основе минеральных волокон методом торкретирования	26-02-005-02	100 м2	Огнезащитное покрытие воздуховодов составом на основе минеральных волокон методом торкретирования с пределом огнестойкости: 1,5 часа
ГЭСН	26	26-02-005	Огнезащитное покрытие воздуховодов составом на основе минеральных волокон методом торкретирования	26-02-005-03	100 м2	Огнезащитное покрытие воздуховодов составом на основе минеральных волокон методом торкретирования с пределом огнестойкости: 2,0 часа
ГЭСН	26	26-02-005	Огнезащитное покрытие воздуховодов составом на основе минеральных волокон методом торкретирования	26-02-005-04	100 м2	Огнезащитное покрытие воздуховодов составом на основе минеральных волокон методом торкретирования с пределом огнестойкости: 2,5 часа
ГЭСН	26	26-02-005	Огнезащитное покрытие воздуховодов составом на основе минеральных волокон методом торкретирования	26-02-005-05	100 м2	Огнезащитное покрытие воздуховодов составом на основе минеральных волокон методом торкретирования с пределом огнестойкости: 3,0 часа
ГЭСН	26	26-02-006	Огнезащитное покрытие металлоконструкций комплексной огнезащитой на основе плит теплоизоляционных	26-02-006-01	100 м2	Огнезащитное покрытие металлоконструкций комплексной огнезащитой на основе плит теплоизоляционных с пределом огнестойкости: 2,0 часа
ГЭСН	26	26-02-006	Огнезащитное покрытие металлоконструкций комплексной огнезащитой на основе плит теплоизоляционных	26-02-006-02	100 м2	Огнезащитное покрытие металлоконструкций комплексной огнезащитой на основе плит теплоизоляционных с пределом огнестойкости: 2,5 часа
ГЭСН	26	26-02-007	Огнезащитное покрытие воздуховодов комплексной огнезащитой на основе плит теплоизоляционных	26-02-007-01	100 м2	Огнезащитное покрытие воздуховодов комплексной огнезащитой на основе плит теплоизоляционных с пределом огнестойкости: 2,0 часа
ГЭСН	26	26-02-007	Огнезащитное покрытие воздуховодов комплексной огнезащитой на основе плит теплоизоляционных	26-02-007-02	100 м2	Огнезащитное покрытие воздуховодов комплексной огнезащитой на основе плит теплоизоляционных с пределом огнестойкости: 2,5 часа
ГЭСН	26	26-02-008	Огнезащитное покрытие воздуховодов пастовым составом	26-02-008-01	100 м2	Огнезащитное покрытие воздуховодов пастовым составом с пределом огнестойкости: 0,5 часа, толщиной покрытия 4 мм
ГЭСН	26	26-02-008	Огнезащитное покрытие воздуховодов пастовым составом	26-02-008-02	100 м2	Огнезащитное покрытие воздуховодов пастовым составом с пределом огнестойкости: 0,75 часа, толщиной покрытия 5 мм
ГЭСН	26	26-02-008	Огнезащитное покрытие воздуховодов пастовым составом	26-02-008-03	100 м2	Огнезащитное покрытие воздуховодов пастовым составом с пределом огнестойкости: 1,0 час, толщиной покрытия 6 мм
ГЭСН	26	26-02-008	Огнезащитное покрытие воздуховодов пастовым составом	26-02-008-04	100 м2	Огнезащитное покрытие воздуховодов пастовым составом с пределом огнестойкости: 1,5 часа, толщиной покрытия 8 мм
ГЭСН	26	26-02-009	Огнезащитное покрытие металлоконструкций пастовыми составами толщиной покрытия до 5 мм	26-02-009-01	100 м2	Огнезащитное покрытие металлоконструкций пастовыми составами толщиной покрытия до 5 мм
ГЭСН	26	26-02-010	Подготовка поверхности металлических конструкций к нанесению огнезащитного покрытия	26-02-010-01	100 м2	Очистка поверхности металлических конструкций от лакокрасочных покрытий с применением смывки (протравочного состава)
ГЭСН	26	26-02-010	Подготовка поверхности металлических конструкций к нанесению огнезащитного покрытия	26-02-010-02	м2	Очистка и огрунтовка поверхности металлических конструкций перед нанесением огнезащитного покрытия
ГЭСН	26	26-02-011	Огнезащитное покрытие металлоконструкций краской по подготовленной поверхности	26-02-011-01	100 м2	Огнезащитное покрытие металлоконструкций краской по подготовленной поверхности,: толщина покрытия 1 мм
ГЭСН	26	26-02-011	Огнезащитное покрытие металлоконструкций краской по подготовленной поверхности	26-02-011-02	100 м2	Огнезащитное покрытие металлоконструкций краской по подготовленной поверхности,: при изменении толщины покрытия на 0,3 мм
ГЭСН	26	26-02-012	Огнезащитное покрытие металлических колонн эстакад межцеховых коммуникаций кирпичом	26-02-012-01	10 м2	Огнезащитное покрытие металлических колонн эстакад межцеховых коммуникаций кирпичом, сечение колонны: 300х300 мм
ГЭСН	26	26-02-012	Огнезащитное покрытие металлических колонн эстакад межцеховых коммуникаций кирпичом	26-02-012-02	10 м2	Огнезащитное покрытие металлических колонн эстакад межцеховых коммуникаций кирпичом, сечение колонны: 350х350 мм
ГЭСН	26	26-02-012	Огнезащитное покрытие металлических колонн эстакад межцеховых коммуникаций кирпичом	26-02-012-03	10 м2	Огнезащитное покрытие металлических колонн эстакад межцеховых коммуникаций кирпичом, сечение колонны: 600х600 мм
ГЭСН	26	26-02-013	Огнезащитное покрытие деревянных конструкций пастовыми составами	26-02-013-01	100 м2	Огнезащитное покрытие деревянных конструкций пастовыми составами
ГЭСН	26	26-02-014	Огнезащитное покрытие деревянных конструкций составами из сухих смесей	26-02-014-01	100 м2	Огнезащитное покрытие деревянных конструкций составами из сухих смесей для обеспечения первой группы огнезащитной эффективности по НПБ 251
ГЭСН	26	26-02-015	Огнезащитное покрытие деревянных конструкций краской	26-02-015-01	100 м2	Огнезащитное покрытие деревянных конструкций краской: стен
ГЭСН	26	26-02-015	Огнезащитное покрытие деревянных конструкций краской	26-02-015-02	100 м2	Огнезащитное покрытие деревянных конструкций краской: потолков
ГЭСН	26	26-02-016	Огнезащитное покрытие деревянных конструкций огнезащитным лаком с учетом повышенных требований к отделке	26-02-016-01	100 м2	Огнезащитное покрытие деревянных конструкций огнезащитным лаком с учетом повышенных требований к отделке
ГЭСН	26	26-02-018	Огнебиозащитное покрытие деревянных поверхностей готовыми составами	26-02-018-01	100 м2	Огнебиозащитное покрытие деревянных поверхностей готовыми составами для обеспечения: первой группы огнезащитной эффективности по НПБ 251
ГЭСН	26	26-02-018	Огнебиозащитное покрытие деревянных поверхностей готовыми составами	26-02-018-02	100 м2	Огнебиозащитное покрытие деревянных поверхностей готовыми составами для обеспечения: второй группы огнезащитной эффективности по НПБ 251
ГЭСН	26	26-02-018	Огнебиозащитное покрытие деревянных поверхностей готовыми составами	26-02-018-03	100 м2	Огнебиозащитное покрытие деревянных поверхностей готовыми составами для обеспечения: показателей пожарной опасности древесины Г1, РП1, В1, Д2, Т2, по НПБ 244 и для получения трудногорючей и медленно р
ГЭСН	26	26-02-019	Огнезащитное покрытие деревянных поверхностей	26-02-019-01	100 м2	Огнезащитное покрытие деревянных поверхностей составом для обеспечения: первой группы огнезащитной эффективности по НПБ 251
ГЭСН	26	26-02-019	Огнезащитное покрытие деревянных поверхностей	26-02-019-02	100 м2	Огнезащитное покрытие деревянных поверхностей составом для обеспечения: второй группы огнезащитной эффективности по НПБ 251
ГЭСН	26	26-02-020	Огнезащитное покрытие деревянных конструкций лаком	26-02-020-01	100 м2	Огнезащитное покрытие деревянных конструкций лаком валиком в 2 слоя: для обеспечения 1 группы огнезащитной эффективности по НПБ 251 при обработке древесины и для обеспечения показателей пожарной опасн
ГЭСН	26	26-02-020	Огнезащитное покрытие деревянных конструкций лаком	26-02-020-02	100 м2	Огнезащитное покрытие деревянных конструкций лаком валиком в 2 слоя: для обеспечения показателей пожарной опасности Г1, В1, РП1, Д2, Т2, панелей декоративных ДСП (шлифованных)
ГЭСН	26	26-02-021	Огнезащита деревянных конструкций	26-02-021-01	10 м3	Огнезащита деревянных конструкций: ферм, арок, балок, стропил, мауэрлатов
ГЭСН	26	26-02-021	Огнезащита деревянных конструкций	26-02-021-02	10 м3	Огнезащита деревянных конструкций: каркасов, эстакад
ГЭСН	26	26-02-021	Огнезащита деревянных конструкций	26-02-021-03	1000 м2	Огнезащита обрешетки под кровлю, покрытия и настилы по фермам
ГЭСН	26	26-02-022	Огнезащитное покрытие толщиной слоя 1 мм кабелей, проводов и лотков	26-02-022-01	100 м2	Огнезащитное покрытие толщиной слоя 1 мм кабелей и проводов
ГЭСН	26	26-02-022	Огнезащитное покрытие толщиной слоя 1 мм кабелей, проводов и лотков	26-02-022-02	100 м2	Огнезащитное покрытие кабелей и лотков вручную толщиной слоя 1 мм абляционным кабельным покрытием с подтвержденной огнезащитной эффективностью и стойкостью к дезактивации
ГЭСН	26	26-02-023	Огнезащитное уплотнение пустот кабельных проходок пастовым составом	26-02-023-01	м3	Огнезащитное уплотнение пустот кабельных проходок пастовым составом
ГЭСН	26	26-02-024	Устройство огнепреградительных поясов и уплотнение кабельных заделок подушками противопожарными уплотнительными	26-02-024-01	м3	Устройство огнепреградительных поясов и уплотнение кабельных заделок подушками противопожарными уплотнительными
ГЭСН	26	26-02-025	Огнезащитное покрытие толщиной слоя 0,8 мм кабелей и проводов	26-02-025-01	100 м2	Огнезащитное покрытие толщиной слоя 0,8 мм кабелей и проводов диаметром: до 50 мм
ГЭСН	26	26-02-025	Огнезащитное покрытие толщиной слоя 0,8 мм кабелей и проводов	26-02-025-02	100 м2	Огнезащитное покрытие толщиной слоя 0,8 мм кабелей и проводов диаметром: более 50 мм
ГЭСН	26	26-02-026	Заделка кабельных проходок	26-02-026-01	м3	Заделка кабельных проходок двухкомпонентным силиконовым герметиком высокой плотности, предел огнестойкости до 180 минут
ГЭСН	26	26-02-026	Заделка кабельных проходок	26-02-026-02	м3	Заделка модульных кабельных проходок противопожарными терморасширяющимися блоками, предел огнестойкости до 180 минут
ГЭСН	26	26-02-026	Заделка кабельных проходок	26-02-026-03	м3	Дезактивируемая заделка модульных кабельных проходок двухкомпонентной терморасширяющейся противопожарной пеной, муллитокремнеземистым рулонным материалом и огнезащитным абляционным кабельным покрытием
ГЭСН	26	26-02-026	Заделка кабельных проходок	26-02-026-04	м3	Заделка кабельных проходок минеральной ватой, противопожарным эластичным покрытием и противопожарным акриловым герметиком, предел огнестойкости до 180 минут
ГЭСН	26	26-02-026	Заделка кабельных проходок	26-02-026-05	м2	Устройство системы «Стоп-огонь» кабельных и трубных проходок
ГЭСН	26	26-02-026	Заделка кабельных проходок	26-02-026-06	100 шт	На каждый дополнительный кабель добавлять или исключать к норме 26-02-026-05
ГЭСН	26	26-02-026	Заделка кабельных проходок	26-02-026-07	100 шт	На каждую дополнительную трубку-заполнитель добавлять или исключать к норме 26-02-026-05
ГЭСН	26	26-02-026	Заделка кабельных проходок	26-02-026-08	м3	Заделка кабельных проходок противопожарным раствором на цементном связующем, предел огнестойкости до 180 минут: в стене
ГЭСН	26	26-02-026	Заделка кабельных проходок	26-02-026-09	м3	Заделка кабельных проходок противопожарным раствором на цементном связующем, предел огнестойкости до 180 минут: в перекрытии
ГЭСН	26	26-02-026	Заделка кабельных проходок	26-02-026-10	м3	Заделка кабельных проходок огнестойкими плитами, предел огнестойкости до 180 минут: в стене
ГЭСН	26	26-02-026	Заделка кабельных проходок	26-02-026-11	м3	Заделка кабельных проходок огнестойкими плитами, предел огнестойкости до 180 минут: в перекрытии
ГЭСН	26	26-02-027	Устройство огнезащиты кабельных линий	26-02-027-01	100 м2	Устройство огнезащиты кабельных линий с применением минеральной ваты и огнезащитного абляционного покрытия
ГЭСН	26	26-02-027	Устройство огнезащиты кабельных линий	26-02-027-02	100 м2	Устройство огнезащиты кабельных линий с применением муллитокремнеземистого рулонного материала, высокоэластичной водонепроницаемой тканевой оболочки и противопожарного силиконового герметика
ГЭСН	26	26-02-028	Огнезащитное покрытие кабелей и проводов	26-02-028-01	100 м2	Огнезащитное покрытие кабелей и проводов: терморасширяющимися составами
ГЭСН	26	26-02-028	Огнезащитное покрытие кабелей и проводов	26-02-028-02	100 м2	Огнезащитное покрытие кабелей и проводов: проложенных в коллекторах, вспучивающейся мастикой
ГЭСН	26	26-02-029	Огнезащитное покрытие бетонных и железобетонных поверхностей составом на основе минерального вяжущего	26-02-029-01	100 м2	Огнезащитное покрытие бетонных и железобетонных поверхностей составом на основе минерального вяжущего методом торкретирования толщиной покрытия 10 мм
ГЭСН	26	26-02-029	Огнезащитное покрытие бетонных и железобетонных поверхностей составом на основе минерального вяжущего	26-02-029-02	100 м2	При изменении толщины покрытия на 5 мм добавлять к норме 26-02-029-01
ГЭСН	26	26-02-029	Огнезащитное покрытие бетонных и железобетонных поверхностей составом на основе минерального вяжущего	26-02-029-03	100 м2	Огнезащитное покрытие бетонных и железобетонных поверхностей составом на основе минерального вяжущего методом оштукатуривания толщиной покрытия 10 мм
ГЭСН	26	26-02-029	Огнезащитное покрытие бетонных и железобетонных поверхностей составом на основе минерального вяжущего	26-02-029-04	100 м2	При изменении толщины огнезащитного покрытия на 5 мм добавлять к норме 26-02-029-03
ГЭСН	26	26-02-029	Огнезащитное покрытие бетонных и железобетонных поверхностей составом на основе минерального вяжущего	26-02-029-05	100 м2	Армирование поверхностей бетонных и железобетонных конструкций при толщине огнезащитного покрытия свыше 10 мм
ГЭСН	26	26-02-030	Огнезащитное уплотнение пустот конструкций междуэтажных перекрытий, перегородок пастовым составом	26-02-030-01	м3	Огнезащитное уплотнение пустот конструкций междуэтажных перекрытий, перегородок пастовым составом
ГЭСН	26	26-02-031	Огнезащитное покрытие газоотводящих стволов выхлопных труб и газоходов из стеклопластика	26-02-031-01	100 м2	Огнезащитное покрытие газоотводящих стволов выхлопных труб и газоходов из стеклопластика
ГЭСН	26	26-02-032	Устройство огнезащиты стеклянных поверхностей пленкой огнезащитной	26-02-032-01	м2	Устройство огнезащиты стеклянных поверхностей пленкой огнезащитной
ГЭСН	26	26-02-033	Огнезащитное покрытие тканых и текстильных изделий	26-02-033-01	100 м2	Огнезащитное покрытие тканых и текстильных изделий
ГЭСН	26	26-02-034	Огнезащитная пропитка текстильных материалов хлопчатобумажных, льняных и шелковых тканей с содержанием синтетики до 10%	26-02-034-01	100 м2	Огнезащитная пропитка текстильных материалов хлопчатобумажных, льняных и шелковых тканей с содержанием синтетики до 10%
ГЭСН	26	26-02-035	Огнезащитная пропитка смесовых тканей, содержащих волокна из хлопка, льна, вискозы и полиэстера (содержание синтетики до 70%)	26-02-035-01	100 м2	Огнезащитная пропитка смесовых тканей, содержащих волокна из хлопка, льна, вискозы и полиэстера (содержание синтетики до 70%)
ГЭСН	26	26-02-036	Огнезащитная пропитка шерстяных и полушерстяных тканей с содержанием синтетики до 60%	26-02-036-01	100 м2	Огнезащитная пропитка шерстяных и полушерстяных тканей с содержанием синтетики до 60%
ГЭСН	26	26-02-037	Огнезащитная пропитка ковровых покрытий	26-02-037-01	100 м2	Огнезащитная пропитка ковровых покрытий
ГЭСН	26	26-02-038	Заделка проходок стальных труб	26-02-038-01	м3	Заделка проходок стальных труб диаметром свыше 32 до 108 мм минеральной ватой и противопожарным силиконовым герметиком, предел огнестойкости до 240 минут
ГЭСН	26	26-02-038	Заделка проходок стальных труб	26-02-038-02	100 м	Заделка высокоподвижных проходок стальных труб противопожарным силиконовым герметиком и водонепроницаемой тканевой оболочкой, предел огнестойкости до 150 минут
ГЭСН	26	26-02-039	Огнезащитная заделка деформационных швов	26-02-039-01	м3	Заделка деформационных швов минеральным матом и противопожарным силиконовым герметиком, предел огнестойкости до 180 минут
ГЭСН	26	26-02-040	Заделка проходок воздуховодов	26-02-040-01	м2	Заделка проходок воздуховодов минеральной ватой, противопожарным эластичным покрытием и противопожарным силиконовым герметиком, предел огнестойкости до 180 минут
ГЭСН	26	26-02-041	Заделка проходок инженерных коммуникаций	26-02-041-01	м3	Заделка кабельных, трубных проходок и проходок воздуховодов противопожарной терморасширяющейся двухкомпонентной пеной, предел огнестойкости до 120 минут
ГЭСН	26	26-02-041	Заделка проходок инженерных коммуникаций	26-02-041-02	100 шт	Устройство герметичных кабельных проходок и герметичных трубных проходок с применением модульных систем уплотнения, предел огнестойкости до 120 минут
ГЭСН	26	26-02-050	Огнезащитное покрытие металлоконструкций штукатурным составом	26-02-050-01	100 м2	Огнезащитное покрытие металлоконструкций штукатурным составом толщиной покрытия 5 мм
ГЭСН	26	26-02-050	Огнезащитное покрытие металлоконструкций штукатурным составом	26-02-050-02	100 м2	При изменении толщины покрытия на 1 мм добавлять или исключать к норме 26-02-050-01
ГЭСН	26	26-02-051	Огнезащитное покрытие металлоконструкций на основе рулонного базальтового материала	26-02-051-01	100 м2	Огнезащитное покрытие металлоконструкций с приведенной толщиной металла не менее 3,4 мм на основе рулонного базальтового материала с пределом огнестойкости: 0,75 часа
ГЭСН	26	26-02-051	Огнезащитное покрытие металлоконструкций на основе рулонного базальтового материала	26-02-051-02	100 м2	Огнезащитное покрытие металлоконструкций с приведенной толщиной металла не менее 3,4 мм на основе рулонного базальтового материала с пределом огнестойкости: 1 час
ГЭСН	26	26-02-051	Огнезащитное покрытие металлоконструкций на основе рулонного базальтового материала	26-02-051-03	100 м2	Огнезащитное покрытие металлоконструкций с приведенной толщиной металла не менее 3,4 мм на основе рулонного базальтового материала с пределом огнестойкости: 1,5 часа
ГЭСН	26	26-02-051	Огнезащитное покрытие металлоконструкций на основе рулонного базальтового материала	26-02-051-04	100 м2	Огнезащитное покрытие металлоконструкций с приведенной толщиной металла не менее 3,4 мм на основе рулонного базальтового материала с пределом огнестойкости: 2,5 часа
ГЭСН	26	26-02-051	Огнезащитное покрытие металлоконструкций на основе рулонного базальтового материала	26-02-051-05	100 м2	Огнезащитное покрытие металлоконструкций с приведенной толщиной металла не менее 2,4 мм на основе рулонного базальтового материала с пределом огнестойкости: 0,75 часа
ГЭСН	26	26-02-051	Огнезащитное покрытие металлоконструкций на основе рулонного базальтового материала	26-02-051-06	100 м2	Огнезащитное покрытие металлоконструкций с приведенной толщиной металла не менее 2,4 мм на основе рулонного базальтового материала с пределом огнестойкости: 1,5 часа
ГЭСН	26	26-02-052	Огнезащитное покрытие воздуховодов на основе рулонного базальтового материала	26-02-052-01	100 м2	Огнезащитное покрытие воздуховодов на основе рулонного базальтового материала с пределом огнестойкости: 0,5 часа
ГЭСН	26	26-02-052	Огнезащитное покрытие воздуховодов на основе рулонного базальтового материала	26-02-052-02	100 м2	Огнезащитное покрытие воздуховодов на основе рулонного базальтового материала с пределом огнестойкости: 1 час
ГЭСН	26	26-02-052	Огнезащитное покрытие воздуховодов на основе рулонного базальтового материала	26-02-052-03	100 м2	Огнезащитное покрытие воздуховодов на основе рулонного базальтового материала с пределом огнестойкости: 1,5 часа
ГЭСН	26	26-02-052	Огнезащитное покрытие воздуховодов на основе рулонного базальтового материала	26-02-052-04	100 м2	Огнезащитное покрытие воздуховодов на основе рулонного базальтового материала с пределом огнестойкости: 2,5 часа