base_type	col	table_code	table_name	norm_code	unit	norm_name
ГЭСН	22	22-01-006	Укладка водопроводных чугунных напорных раструбных труб при заделке раструбов хризотилцементом	22-01-006-01	км	Укладка водопроводных чугунных напорных раструбных труб при заделке раструбов хризотилцементом диаметром: 65 мм
ГЭСН	22	22-01-006	Укладка водопроводных чугунных напорных раструбных труб при заделке раструбов хризотилцементом	22-01-006-02	км	Укладка водопроводных чугунных напорных раструбных труб при заделке раструбов хризотилцементом диаметром: 80 мм
ГЭСН	22	22-01-006	Укладка водопроводных чугунных напорных раструбных труб при заделке раструбов хризотилцементом	22-01-006-03	км	Укладка водопроводных чугунных напорных раструбных труб при заделке раструбов хризотилцементом диаметром: 100 мм
ГЭСН	22	22-01-006	Укладка водопроводных чугунных напорных раструбных труб при заделке раструбов хризотилцементом	22-01-006-04	км	Укладка водопроводных чугунных напорных раструбных труб при заделке раструбов хризотилцементом диаметром: 125 мм
ГЭСН	22	22-01-006	Укладка водопроводных чугунных напорных раструбных труб при заделке раструбов хризотилцементом	22-01-006-05	км	Укладка водопроводных чугунных напорных раструбных труб при заделке раструбов хризотилцементом диаметром: 150 мм
ГЭСН	22	22-01-006	Укладка водопроводных чугунных напорных раструбных труб при заделке раструбов хризотилцементом	22-01-006-06	км	Укладка водопроводных чугунных напорных раструбных труб при заделке раструбов хризотилцементом диаметром: 200 мм
ГЭСН	22	22-01-006	Укладка водопроводных чугунных напорных раструбных труб при заделке раструбов хризотилцементом	22-01-006-07	км	Укладка водопроводных чугунных напорных раструбных труб при заделке раструбов хризотилцементом диаметром: 250 мм
ГЭСН	22	22-01-006	Укладка водопроводных чугунных напорных раструбных труб при заделке раструбов хризотилцементом	22-01-006-08	км	Укладка водопроводных чугунных напорных раструбных труб при заделке раструбов хризотилцементом диаметром: 300 мм
ГЭСН	22	22-01-006	Укладка водопроводных чугунных напорных раструбных труб при заделке раструбов хризотилцементом	22-01-006-09	км	Укладка водопроводных чугунных напорных раструбных труб при заделке раструбов хризотилцементом диаметром: 350 мм
ГЭСН	22	22-01-006	Укладка водопроводных чугунных напорных раструбных труб при заделке раструбов хризотилцементом	22-01-006-10	км	Укладка водопроводных чугунных напорных раструбных труб при заделке раструбов хризотилцементом диаметром: 400 мм
ГЭСН	22	22-01-006	Укладка водопроводных чугунных напорных раструбных труб при заделке раструбов хризотилцементом	22-01-006-11	км	Укладка водопроводных чугунных напорных раструбных труб при заделке раструбов хризотилцементом диаметром: 500 мм
ГЭСН	22	22-01-006	Укладка водопроводных чугунных напорных раструбных труб при заделке раструбов хризотилцементом	22-01-006-12	км	Укладка водопроводных чугунных напорных раструбных труб при заделке раструбов хризотилцементом диаметром: 600 мм
ГЭСН	22	22-01-006	Укладка водопроводных чугунных напорных раструбных труб при заделке раструбов хризотилцементом	22-01-006-13	км	Укладка водопроводных чугунных напорных раструбных труб при заделке раструбов хризотилцементом диаметром: 700 мм
ГЭСН	22	22-01-006	Укладка водопроводных чугунных напорных раструбных труб при заделке раструбов хризотилцементом	22-01-006-14	км	Укладка водопроводных чугунных напорных раструбных труб при заделке раструбов хризотилцементом диаметром: 800 мм
ГЭСН	22	22-01-006	Укладка водопроводных чугунных напорных раструбных труб при заделке раструбов хризотилцементом	22-01-006-15	км	Укладка водопроводных чугунных напорных раструбных труб при заделке раструбов хризотилцементом диаметром: 900 мм
ГЭСН	22	22-01-006	Укладка водопроводных чугунных напорных раструбных труб при заделке раструбов хризотилцементом	22-01-006-16	км	Укладка водопроводных чугунных напорных раструбных труб при заделке раструбов хризотилцементом диаметром: 1000 мм
ГЭСН	22	22-01-007	Укладка водопроводных чугунных напорных труб с заделкой раструбов резиновыми уплотнительными манжетами	22-01-007-01	км	Укладка водопроводных чугунных напорных труб с заделкой раструбов резиновыми уплотнительными манжетами диаметром: 65 мм
ГЭСН	22	22-01-007	Укладка водопроводных чугунных напорных труб с заделкой раструбов резиновыми уплотнительными манжетами	22-01-007-02	км	Укладка водопроводных чугунных напорных труб с заделкой раструбов резиновыми уплотнительными манжетами диаметром: 80 мм
ГЭСН	22	22-01-007	Укладка водопроводных чугунных напорных труб с заделкой раструбов резиновыми уплотнительными манжетами	22-01-007-03	км	Укладка водопроводных чугунных напорных труб с заделкой раструбов резиновыми уплотнительными манжетами диаметром: 100 мм
ГЭСН	22	22-01-007	Укладка водопроводных чугунных напорных труб с заделкой раструбов резиновыми уплотнительными манжетами	22-01-007-04	км	Укладка водопроводных чугунных напорных труб с заделкой раструбов резиновыми уплотнительными манжетами диаметром: 150 мм
ГЭСН	22	22-01-007	Укладка водопроводных чугунных напорных труб с заделкой раструбов резиновыми уплотнительными манжетами	22-01-007-05	км	Укладка водопроводных чугунных напорных труб с заделкой раструбов резиновыми уплотнительными манжетами диаметром: 200 мм
ГЭСН	22	22-01-007	Укладка водопроводных чугунных напорных труб с заделкой раструбов резиновыми уплотнительными манжетами	22-01-007-06	км	Укладка водопроводных чугунных напорных труб с заделкой раструбов резиновыми уплотнительными манжетами диаметром: 250 мм
ГЭСН	22	22-01-007	Укладка водопроводных чугунных напорных труб с заделкой раструбов резиновыми уплотнительными манжетами	22-01-007-07	км	Укладка водопроводных чугунных напорных труб с заделкой раструбов резиновыми уплотнительными манжетами диаметром: 300 мм
ГЭСН	22	22-01-007	Укладка водопроводных чугунных напорных труб с заделкой раструбов резиновыми уплотнительными манжетами	22-01-007-08	км	Укладка водопроводных чугунных напорных труб с заделкой раструбов резиновыми уплотнительными манжетами диаметром: 400 мм
ГЭСН	22	22-01-007	Укладка водопроводных чугунных напорных труб с заделкой раструбов резиновыми уплотнительными манжетами	22-01-007-09	км	Укладка водопроводных чугунных напорных труб с заделкой раструбов резиновыми уплотнительными манжетами диаметром: 500 мм
ГЭСН	22	22-01-007	Укладка водопроводных чугунных напорных труб с заделкой раструбов резиновыми уплотнительными манжетами	22-01-007-10	км	Укладка водопроводных чугунных напорных труб с заделкой раструбов резиновыми уплотнительными манжетами диаметром: 600 мм
ГЭСН	22	22-01-007	Укладка водопроводных чугунных напорных труб с заделкой раструбов резиновыми уплотнительными манжетами	22-01-007-11	км	Укладка водопроводных чугунных напорных труб с заделкой раструбов резиновыми уплотнительными манжетами диаметром: 700 мм
ГЭСН	22	22-01-007	Укладка водопроводных чугунных напорных труб с заделкой раструбов резиновыми уплотнительными манжетами	22-01-007-12	км	Укладка водопроводных чугунных напорных труб с заделкой раструбов резиновыми уплотнительными манжетами диаметром: 800 мм
ГЭСН	22	22-01-007	Укладка водопроводных чугунных напорных труб с заделкой раструбов резиновыми уплотнительными манжетами	22-01-007-13	км	Укладка водопроводных чугунных напорных труб с заделкой раструбов резиновыми уплотнительными манжетами диаметром: 900 мм
ГЭСН	22	22-01-007	Укладка водопроводных чугунных напорных труб с заделкой раструбов резиновыми уплотнительными манжетами	22-01-007-14	км	Укладка водопроводных чугунных напорных труб с заделкой раструбов резиновыми уплотнительными манжетами диаметром: 1000 мм
ГЭСН	22	22-01-007	Укладка водопроводных чугунных напорных труб с заделкой раструбов резиновыми уплотнительными манжетами	22-01-007-15	км	Укладка водопроводных чугунных напорных труб с заделкой раструбов резиновыми уплотнительными манжетами диаметром: 1200 мм
ГЭСН	22	22-01-007	Укладка водопроводных чугунных напорных труб с заделкой раструбов резиновыми уплотнительными манжетами	22-01-007-16	км	Укладка водопроводных чугунных напорных труб с заделкой раструбов резиновыми уплотнительными манжетами диаметром: 1400 мм
ГЭСН	22	22-01-011	Укладка стальных водопроводных труб с гидравлическим испытанием	22-01-011-01	км	Укладка стальных водопроводных труб с гидравлическим испытанием диаметром: 50 мм
ГЭСН	22	22-01-011	Укладка стальных водопроводных труб с гидравлическим испытанием	22-01-011-02	км	Укладка стальных водопроводных труб с гидравлическим испытанием диаметром: 75 мм
ГЭСН	22	22-01-011	Укладка стальных водопроводных труб с гидравлическим испытанием	22-01-011-03	км	Укладка стальных водопроводных труб с гидравлическим испытанием диаметром: 100 мм
ГЭСН	22	22-01-011	Укладка стальных водопроводных труб с гидравлическим испытанием	22-01-011-04	км	Укладка стальных водопроводных труб с гидравлическим испытанием диаметром: 125 мм
ГЭСН	22	22-01-011	Укладка стальных водопроводных труб с гидравлическим испытанием	22-01-011-05	км	Укладка стальных водопроводных труб с гидравлическим испытанием диаметром: 150 мм
ГЭСН	22	22-01-011	Укладка стальных водопроводных труб с гидравлическим испытанием	22-01-011-06	км	Укладка стальных водопроводных труб с гидравлическим испытанием диаметром: 200 мм
ГЭСН	22	22-01-011	Укладка стальных водопроводных труб с гидравлическим испытанием	22-01-011-07	км	Укладка стальных водопроводных труб с гидравлическим испытанием диаметром: 250 мм
ГЭСН	22	22-01-011	Укладка стальных водопроводных труб с гидравлическим испытанием	22-01-011-08	км	Укладка стальных водопроводных труб с гидравлическим испытанием диаметром: 300 мм
ГЭСН	22	22-01-011	Укладка стальных водопроводных труб с гидравлическим испытанием	22-01-011-09	км	Укладка стальных водопроводных труб с гидравлическим испытанием диаметром: 350 мм
ГЭСН	22	22-01-011	Укладка стальных водопроводных труб с гидравлическим испытанием	22-01-011-10	км	Укладка стальных водопроводных труб с гидравлическим испытанием диаметром: 400 мм
ГЭСН	22	22-01-011	Укладка стальных водопроводных труб с гидравлическим испытанием	22-01-011-11	км	Укладка стальных водопроводных труб с гидравлическим испытанием диаметром: 500 мм
ГЭСН	22	22-01-011	Укладка стальных водопроводных труб с гидравлическим испытанием	22-01-011-12	км	Укладка стальных водопроводных труб с гидравлическим испытанием диаметром: 600 мм
ГЭСН	22	22-01-011	Укладка стальных водопроводных труб с гидравлическим испытанием	22-01-011-13	км	Укладка стальных водопроводных труб с гидравлическим испытанием диаметром: 700 мм
ГЭСН	22	22-01-011	Укладка стальных водопроводных труб с гидравлическим испытанием	22-01-011-14	км	Укладка стальных водопроводных труб с гидравлическим испытанием диаметром: 800 мм
ГЭСН	22	22-01-011	Укладка стальных водопроводных труб с гидравлическим испытанием	22-01-011-15	км	Укладка стальных водопроводных труб с гидравлическим испытанием диаметром: 900 мм
ГЭСН	22	22-01-011	Укладка стальных водопроводных труб с гидравлическим испытанием	22-01-011-16	км	Укладка стальных водопроводных труб с гидравлическим испытанием диаметром: 1000 мм
ГЭСН	22	22-01-011	Укладка стальных водопроводных труб с гидравлическим испытанием	22-01-011-17	км	Укладка стальных водопроводных труб с гидравлическим испытанием диаметром: 1100 мм
ГЭСН	22	22-01-011	Укладка стальных водопроводных труб с гидравлическим испытанием	22-01-011-18	км	Укладка стальных водопроводных труб с гидравлическим испытанием диаметром: 1200 мм
ГЭСН	22	22-01-011	Укладка стальных водопроводных труб с гидравлическим испытанием	22-01-011-19	км	Укладка стальных водопроводных труб с гидравлическим испытанием диаметром: 1300 мм
ГЭСН	22	22-01-011	Укладка стальных водопроводных труб с гидравлическим испытанием	22-01-011-20	км	Укладка стальных водопроводных труб с гидравлическим испытанием диаметром: 1400 мм
ГЭСН	22	22-01-011	Укладка стальных водопроводных труб с гидравлическим испытанием	22-01-011-21	км	Укладка стальных водопроводных труб с гидравлическим испытанием диаметром: 1500 мм
ГЭСН	22	22-01-011	Укладка стальных водопроводных труб с гидравлическим испытанием	22-01-011-22	км	Укладка стальных водопроводных труб с гидравлическим испытанием диаметром: 1600 мм
ГЭСН	22	22-01-011	Укладка стальных водопроводных труб с гидравлическим испытанием	22-01-011-23	км	Укладка стальных водопроводных труб с гидравлическим испытанием диаметром: 1800 мм
ГЭСН	22	22-01-011	Укладка стальных водопроводных труб с гидравлическим испытанием	22-01-011-24	км	Укладка стальных водопроводных труб с гидравлическим испытанием диаметром: 2000 мм
ГЭСН	22	22-01-012	Укладка стальных водопроводных труб с пневматическим испытанием	22-01-012-01	км	Укладка стальных водопроводных труб с пневматическим испытанием диаметром: 50 мм
ГЭСН	22	22-01-012	Укладка стальных водопроводных труб с пневматическим испытанием	22-01-012-02	км	Укладка стальных водопроводных труб с пневматическим испытанием диаметром: 75 мм
ГЭСН	22	22-01-012	Укладка стальных водопроводных труб с пневматическим испытанием	22-01-012-03	км	Укладка стальных водопроводных труб с пневматическим испытанием диаметром: 100 мм
ГЭСН	22	22-01-012	Укладка стальных водопроводных труб с пневматическим испытанием	22-01-012-04	км	Укладка стальных водопроводных труб с пневматическим испытанием диаметром: 125 мм
ГЭСН	22	22-01-012	Укладка стальных водопроводных труб с пневматическим испытанием	22-01-012-05	км	Укладка стальных водопроводных труб с пневматическим испытанием диаметром: 150 мм
ГЭСН	22	22-01-012	Укладка стальных водопроводных труб с пневматическим испытанием	22-01-012-06	км	Укладка стальных водопроводных труб с пневматическим испытанием диаметром: 200 мм
ГЭСН	22	22-01-012	Укладка стальных водопроводных труб с пневматическим испытанием	22-01-012-07	км	Укладка стальных водопроводных труб с пневматическим испытанием диаметром: 250 мм
ГЭСН	22	22-01-012	Укладка стальных водопроводных труб с пневматическим испытанием	22-01-012-08	км	Укладка стальных водопроводных труб с пневматическим испытанием диаметром: 300 мм
ГЭСН	22	22-01-012	Укладка стальных водопроводных труб с пневматическим испытанием	22-01-012-09	км	Укладка стальных водопроводных труб с пневматическим испытанием диаметром: 350 мм
ГЭСН	22	22-01-012	Укладка стальных водопроводных труб с пневматическим испытанием	22-01-012-10	км	Укладка стальных водопроводных труб с пневматическим испытанием диаметром: 400 мм
ГЭСН	22	22-01-012	Укладка стальных водопроводных труб с пневматическим испытанием	22-01-012-11	км	Укладка стальных водопроводных труб с пневматическим испытанием диаметром: 500 мм
ГЭСН	22	22-01-012	Укладка стальных водопроводных труб с пневматическим испытанием	22-01-012-12	км	Укладка стальных водопроводных труб с пневматическим испытанием диаметром: 600 мм
ГЭСН	22	22-01-012	Укладка стальных водопроводных труб с пневматическим испытанием	22-01-012-13	км	Укладка стальных водопроводных труб с пневматическим испытанием диаметром: 700 мм
ГЭСН	22	22-01-012	Укладка стальных водопроводных труб с пневматическим испытанием	22-01-012-14	км	Укладка стальных водопроводных труб с пневматическим испытанием диаметром: 800 мм
ГЭСН	22	22-01-012	Укладка стальных водопроводных труб с пневматическим испытанием	22-01-012-15	км	Укладка стальных водопроводных труб с пневматическим испытанием диаметром: 900 мм
ГЭСН	22	22-01-012	Укладка стальных водопроводных труб с пневматическим испытанием	22-01-012-16	км	Укладка стальных водопроводных труб с пневматическим испытанием диаметром: 1000 мм
ГЭСН	22	22-01-012	Укладка стальных водопроводных труб с пневматическим испытанием	22-01-012-17	км	Укладка стальных водопроводных труб с пневматическим испытанием диаметром: 1100 мм
ГЭСН	22	22-01-012	Укладка стальных водопроводных труб с пневматическим испытанием	22-01-012-18	км	Укладка стальных водопроводных труб с пневматическим испытанием диаметром: 1200 мм
ГЭСН	22	22-01-012	Укладка стальных водопроводных труб с пневматическим испытанием	22-01-012-19	км	Укладка стальных водопроводных труб с пневматическим испытанием диаметром: 1300 мм
ГЭСН	22	22-01-012	Укладка стальных водопроводных труб с пневматическим испытанием	22-01-012-20	км	Укладка стальных водопроводных труб с пневматическим испытанием диаметром: 1400 мм
ГЭСН	22	22-01-012	Укладка стальных водопроводных труб с пневматическим испытанием	22-01-012-21	км	Укладка стальных водопроводных труб с пневматическим испытанием диаметром: 1500 мм
ГЭСН	22	22-01-012	Укладка стальных водопроводных труб с пневматическим испытанием	22-01-012-22	км	Укладка стальных водопроводных труб с пневматическим испытанием диаметром: 1600 мм
ГЭСН	22	22-01-012	Укладка стальных водопроводных труб с пневматическим испытанием	22-01-012-23	км	Укладка стальных водопроводных труб с пневматическим испытанием диаметром: 1800 мм
ГЭСН	22	22-01-012	Укладка стальных водопроводных труб с пневматическим испытанием	22-01-012-24	км	Укладка стальных водопроводных труб с пневматическим испытанием диаметром: 2000 мм
ГЭСН	22	22-01-013	Укладка трубопроводов из стальных труб с внутренней цементно-песчаной изоляцией, наружным защитным двухслойным покрытием севиленом и экструдированным полиэтилен	22-01-013-01	100 м	Укладка трубопроводов из стальных труб с внутренней цементно-песчаной изоляцией, наружным защитным двухслойным покрытием севиленом и экструдированным полиэтиленом и усиленной изоляцией стыков и фасонн
ГЭСН	22	22-01-013	Укладка трубопроводов из стальных труб с внутренней цементно-песчаной изоляцией, наружным защитным двухслойным покрытием севиленом и экструдированным полиэтилен	22-01-013-02	100 м	Укладка трубопроводов из стальных труб с внутренней цементно-песчаной изоляцией, наружным защитным двухслойным покрытием севиленом и экструдированным полиэтиленом и усиленной изоляцией стыков и фасонн
ГЭСН	22	22-01-013	Укладка трубопроводов из стальных труб с внутренней цементно-песчаной изоляцией, наружным защитным двухслойным покрытием севиленом и экструдированным полиэтилен	22-01-013-03	100 м	Укладка трубопроводов из стальных труб с внутренней цементно-песчаной изоляцией, наружным защитным двухслойным покрытием севиленом и экструдированным полиэтиленом и усиленной изоляцией стыков и фасонн
ГЭСН	22	22-01-013	Укладка трубопроводов из стальных труб с внутренней цементно-песчаной изоляцией, наружным защитным двухслойным покрытием севиленом и экструдированным полиэтилен	22-01-013-04	100 м	Укладка трубопроводов из стальных труб с внутренней цементно-песчаной изоляцией, наружным защитным двухслойным покрытием севиленом и экструдированным полиэтиленом и усиленной изоляцией стыков и фасонн
ГЭСН	22	22-01-013	Укладка трубопроводов из стальных труб с внутренней цементно-песчаной изоляцией, наружным защитным двухслойным покрытием севиленом и экструдированным полиэтилен	22-01-013-05	100 м	Укладка трубопроводов из стальных труб с внутренней цементно-песчаной изоляцией, наружным защитным двухслойным покрытием севиленом и экструдированным полиэтиленом и усиленной изоляцией стыков и фасонн
ГЭСН	22	22-01-013	Укладка трубопроводов из стальных труб с внутренней цементно-песчаной изоляцией, наружным защитным двухслойным покрытием севиленом и экструдированным полиэтилен	22-01-013-06	100 м	Укладка трубопроводов из стальных труб с внутренней цементно-песчаной изоляцией, наружным защитным двухслойным покрытием севиленом и экструдированным полиэтиленом и усиленной изоляцией стыков и фасонн
ГЭСН	22	22-01-013	Укладка трубопроводов из стальных труб с внутренней цементно-песчаной изоляцией, наружным защитным двухслойным покрытием севиленом и экструдированным полиэтилен	22-01-013-07	100 м	Укладка трубопроводов из стальных труб с внутренней цементно-песчаной изоляцией, наружным защитным двухслойным покрытием севиленом и экструдированным полиэтиленом и усиленной изоляцией стыков и фасонн
ГЭСН	22	22-01-013	Укладка трубопроводов из стальных труб с внутренней цементно-песчаной изоляцией, наружным защитным двухслойным покрытием севиленом и экструдированным полиэтилен	22-01-013-08	100 м	Укладка трубопроводов из стальных труб с внутренней цементно-песчаной изоляцией, наружным защитным двухслойным покрытием севиленом и экструдированным полиэтиленом и усиленной изоляцией стыков и фасонн
ГЭСН	22	22-01-013	Укладка трубопроводов из стальных труб с внутренней цементно-песчаной изоляцией, наружным защитным двухслойным покрытием севиленом и экструдированным полиэтилен	22-01-013-09	100 м	Укладка трубопроводов из стальных труб с внутренней цементно-песчаной изоляцией, наружным защитным двухслойным покрытием севиленом и экструдированным полиэтиленом и усиленной изоляцией стыков и фасонн
ГЭСН	22	22-01-013	Укладка трубопроводов из стальных труб с внутренней цементно-песчаной изоляцией, наружным защитным двухслойным покрытием севиленом и экструдированным полиэтилен	22-01-013-10	100 м	Укладка трубопроводов из стальных труб с внутренней цементно-песчаной изоляцией, наружным защитным двухслойным покрытием севиленом и экструдированным полиэтиленом и усиленной изоляцией стыков и фасонн
ГЭСН	22	22-01-013	Укладка трубопроводов из стальных труб с внутренней цементно-песчаной изоляцией, наружным защитным двухслойным покрытием севиленом и экструдированным полиэтилен	22-01-013-11	100 м	Укладка трубопроводов из стальных труб с внутренней цементно-песчаной изоляцией, наружным защитным двухслойным покрытием севиленом и экструдированным полиэтиленом и усиленной изоляцией стыков и фасонн
ГЭСН	22	22-01-013	Укладка трубопроводов из стальных труб с внутренней цементно-песчаной изоляцией, наружным защитным двухслойным покрытием севиленом и экструдированным полиэтилен	22-01-013-12	100 м	Укладка трубопроводов из стальных труб с внутренней цементно-песчаной изоляцией, наружным защитным двухслойным покрытием севиленом и экструдированным полиэтиленом и усиленной изоляцией стыков и фасонн
ГЭСН	22	22-01-013	Укладка трубопроводов из стальных труб с внутренней цементно-песчаной изоляцией, наружным защитным двухслойным покрытием севиленом и экструдированным полиэтилен	22-01-013-13	100 м	Укладка трубопроводов из стальных труб с внутренней цементно-песчаной изоляцией, наружным защитным двухслойным покрытием севиленом и экструдированным полиэтиленом и усиленной изоляцией стыков и фасонн
ГЭСН	22	22-01-013	Укладка трубопроводов из стальных труб с внутренней цементно-песчаной изоляцией, наружным защитным двухслойным покрытием севиленом и экструдированным полиэтилен	22-01-013-14	100 м	Укладка трубопроводов из стальных труб с внутренней цементно-песчаной изоляцией, наружным защитным двухслойным покрытием севиленом и экструдированным полиэтиленом и усиленной изоляцией стыков и фасонн
ГЭСН	22	22-01-013	Укладка трубопроводов из стальных труб с внутренней цементно-песчаной изоляцией, наружным защитным двухслойным покрытием севиленом и экструдированным полиэтилен	22-01-013-15	100 м	Укладка трубопроводов из стальных труб с внутренней цементно-песчаной изоляцией, наружным защитным двухслойным покрытием севиленом и экструдированным полиэтиленом и усиленной изоляцией стыков и фасонн
ГЭСН	22	22-01-013	Укладка трубопроводов из стальных труб с внутренней цементно-песчаной изоляцией, наружным защитным двухслойным покрытием севиленом и экструдированным полиэтилен	22-01-013-16	100 м	Укладка трубопроводов из стальных труб с внутренней цементно-песчаной изоляцией, наружным защитным двухслойным покрытием севиленом и экструдированным полиэтиленом и усиленной изоляцией стыков и фасонн
ГЭСН	22	22-01-013	Укладка трубопроводов из стальных труб с внутренней цементно-песчаной изоляцией, наружным защитным двухслойным покрытием севиленом и экструдированным полиэтилен	22-01-013-17	100 м	Укладка трубопроводов из стальных труб с внутренней цементно-песчаной изоляцией, наружным защитным двухслойным покрытием севиленом и экструдированным полиэтиленом и усиленной изоляцией стыков и фасонн
ГЭСН	22	22-01-014	Укладка стальных трубопроводов в закрытых коллекторах	22-01-014-01	км	Укладка стальных трубопроводов в закрытых коллекторах диаметром: 50 мм
ГЭСН	22	22-01-014	Укладка стальных трубопроводов в закрытых коллекторах	22-01-014-02	км	Укладка стальных трубопроводов в закрытых коллекторах диаметром: 70 мм
ГЭСН	22	22-01-014	Укладка стальных трубопроводов в закрытых коллекторах	22-01-014-03	км	Укладка стальных трубопроводов в закрытых коллекторах диаметром: 80 мм
ГЭСН	22	22-01-014	Укладка стальных трубопроводов в закрытых коллекторах	22-01-014-04	км	Укладка стальных трубопроводов в закрытых коллекторах диаметром: 100 мм
ГЭСН	22	22-01-014	Укладка стальных трубопроводов в закрытых коллекторах	22-01-014-05	км	Укладка стальных трубопроводов в закрытых коллекторах диаметром: 125 мм
ГЭСН	22	22-01-014	Укладка стальных трубопроводов в закрытых коллекторах	22-01-014-06	км	Укладка стальных трубопроводов в закрытых коллекторах диаметром: 150 мм
ГЭСН	22	22-01-014	Укладка стальных трубопроводов в закрытых коллекторах	22-01-014-07	км	Укладка стальных трубопроводов в закрытых коллекторах диаметром: 200 мм
ГЭСН	22	22-01-014	Укладка стальных трубопроводов в закрытых коллекторах	22-01-014-08	км	Укладка стальных трубопроводов в закрытых коллекторах диаметром: 250 мм
ГЭСН	22	22-01-014	Укладка стальных трубопроводов в закрытых коллекторах	22-01-014-09	км	Укладка стальных трубопроводов в закрытых коллекторах диаметром: 300 мм
ГЭСН	22	22-01-014	Укладка стальных трубопроводов в закрытых коллекторах	22-01-014-10	км	Укладка стальных трубопроводов в закрытых коллекторах диаметром: 350 мм
ГЭСН	22	22-01-014	Укладка стальных трубопроводов в закрытых коллекторах	22-01-014-11	км	Укладка стальных трубопроводов в закрытых коллекторах диаметром: 400 мм
ГЭСН	22	22-01-014	Укладка стальных трубопроводов в закрытых коллекторах	22-01-014-12	км	Укладка стальных трубопроводов в закрытых коллекторах диаметром: 500 мм
ГЭСН	22	22-01-014	Укладка стальных трубопроводов в закрытых коллекторах	22-01-014-13	км	Укладка стальных трубопроводов в закрытых коллекторах диаметром: 600 мм
ГЭСН	22	22-01-015	Укладка стальных кожухов (футляров) в открытых траншеях	22-01-015-01	100 м	Укладка стальных неразрезных кожухов (футляров) в открытых траншеях диаметром: 300 мм
ГЭСН	22	22-01-015	Укладка стальных кожухов (футляров) в открытых траншеях	22-01-015-02	100 м	Укладка стальных неразрезных кожухов (футляров) в открытых траншеях диаметром: 400 мм
ГЭСН	22	22-01-015	Укладка стальных кожухов (футляров) в открытых траншеях	22-01-015-03	100 м	Укладка стальных неразрезных кожухов (футляров) в открытых траншеях диаметром: 500 мм
ГЭСН	22	22-01-015	Укладка стальных кожухов (футляров) в открытых траншеях	22-01-015-04	100 м	Укладка стальных неразрезных кожухов (футляров) в открытых траншеях диаметром: 600 мм
ГЭСН	22	22-01-015	Укладка стальных кожухов (футляров) в открытых траншеях	22-01-015-05	100 м	Укладка стальных неразрезных кожухов (футляров) в открытых траншеях диаметром: 700 мм
ГЭСН	22	22-01-015	Укладка стальных кожухов (футляров) в открытых траншеях	22-01-015-06	100 м	Укладка стальных неразрезных кожухов (футляров) в открытых траншеях диаметром: 800 мм
ГЭСН	22	22-01-015	Укладка стальных кожухов (футляров) в открытых траншеях	22-01-015-07	100 м	Укладка стальных неразрезных кожухов (футляров) в открытых траншеях диаметром: 900 мм
ГЭСН	22	22-01-015	Укладка стальных кожухов (футляров) в открытых траншеях	22-01-015-08	100 м	Укладка стальных неразрезных кожухов (футляров) в открытых траншеях диаметром: 1000 мм
ГЭСН	22	22-01-015	Укладка стальных кожухов (футляров) в открытых траншеях	22-01-015-09	100 м	Укладка стальных неразрезных кожухов (футляров) в открытых траншеях диаметром: 1200 мм
ГЭСН	22	22-01-015	Укладка стальных кожухов (футляров) в открытых траншеях	22-01-015-10	100 м	Укладка стальных неразрезных кожухов (футляров) в открытых траншеях диаметром: 1400 мм
ГЭСН	22	22-01-015	Укладка стальных кожухов (футляров) в открытых траншеях	22-01-015-11	100 м	Укладка стальных неразрезных кожухов (футляров) в открытых траншеях диаметром: 1600 мм
ГЭСН	22	22-01-015	Укладка стальных кожухов (футляров) в открытых траншеях	22-01-015-12	100 м	Укладка стальных разрезных кожухов (футляров) в открытых траншеях диаметром: 300 мм
ГЭСН	22	22-01-015	Укладка стальных кожухов (футляров) в открытых траншеях	22-01-015-13	100 м	Укладка стальных разрезных кожухов (футляров) в открытых траншеях диаметром: 400 мм
ГЭСН	22	22-01-015	Укладка стальных кожухов (футляров) в открытых траншеях	22-01-015-14	100 м	Укладка стальных разрезных кожухов (футляров) в открытых траншеях диаметром: 500 мм
ГЭСН	22	22-01-015	Укладка стальных кожухов (футляров) в открытых траншеях	22-01-015-15	100 м	Укладка стальных разрезных кожухов (футляров) в открытых траншеях диаметром: 600 мм
ГЭСН	22	22-01-015	Укладка стальных кожухов (футляров) в открытых траншеях	22-01-015-16	100 м	Укладка стальных разрезных кожухов (футляров) в открытых траншеях диаметром: 700 мм
ГЭСН	22	22-01-015	Укладка стальных кожухов (футляров) в открытых траншеях	22-01-015-17	100 м	Укладка стальных разрезных кожухов (футляров) в открытых траншеях диаметром: 800 мм
ГЭСН	22	22-01-015	Укладка стальных кожухов (футляров) в открытых траншеях	22-01-015-18	100 м	Укладка стальных разрезных кожухов (футляров) в открытых траншеях диаметром: 900 мм
ГЭСН	22	22-01-015	Укладка стальных кожухов (футляров) в открытых траншеях	22-01-015-19	100 м	Укладка стальных разрезных кожухов (футляров) в открытых траншеях диаметром: 1000 мм
ГЭСН	22	22-01-015	Укладка стальных кожухов (футляров) в открытых траншеях	22-01-015-20	100 м	Укладка стальных разрезных кожухов (футляров) в открытых траншеях диаметром: 1200 мм
ГЭСН	22	22-01-015	Укладка стальных кожухов (футляров) в открытых траншеях	22-01-015-21	100 м	Укладка стальных разрезных кожухов (футляров) в открытых траншеях диаметром: 1400 мм
ГЭСН	22	22-01-015	Укладка стальных кожухов (футляров) в открытых траншеях	22-01-015-22	100 м	Укладка стальных разрезных кожухов (футляров) в открытых траншеях диаметром: 1600 мм
ГЭСН	22	22-01-021	Укладка трубопроводов из полиэтиленовых труб	22-01-021-01	км	Укладка трубопроводов из полиэтиленовых труб диаметром: 50 мм
ГЭСН	22	22-01-021	Укладка трубопроводов из полиэтиленовых труб	22-01-021-02	км	Укладка трубопроводов из полиэтиленовых труб диаметром: 63 мм
ГЭСН	22	22-01-021	Укладка трубопроводов из полиэтиленовых труб	22-01-021-03	км	Укладка трубопроводов из полиэтиленовых труб диаметром: 110 мм
ГЭСН	22	22-01-021	Укладка трубопроводов из полиэтиленовых труб	22-01-021-04	км	Укладка трубопроводов из полиэтиленовых труб диаметром: 125 мм
ГЭСН	22	22-01-021	Укладка трубопроводов из полиэтиленовых труб	22-01-021-05	км	Укладка трубопроводов из полиэтиленовых труб диаметром: 160 мм
ГЭСН	22	22-01-021	Укладка трубопроводов из полиэтиленовых труб	22-01-021-06	км	Укладка трубопроводов из полиэтиленовых труб диаметром: 215 мм
ГЭСН	22	22-01-021	Укладка трубопроводов из полиэтиленовых труб	22-01-021-07	км	Укладка трубопроводов из полиэтиленовых труб диаметром: 280 мм
ГЭСН	22	22-01-021	Укладка трубопроводов из полиэтиленовых труб	22-01-021-08	км	Укладка трубопроводов из полиэтиленовых труб диаметром: 315 мм
ГЭСН	22	22-01-021	Укладка трубопроводов из полиэтиленовых труб	22-01-021-09	км	Укладка трубопроводов из полиэтиленовых труб диаметром: 350 мм
ГЭСН	22	22-01-021	Укладка трубопроводов из полиэтиленовых труб	22-01-021-10	км	Укладка трубопроводов из полиэтиленовых труб диаметром: 400 мм
ГЭСН	22	22-01-021	Укладка трубопроводов из полиэтиленовых труб	22-01-021-11	км	Укладка трубопроводов из полиэтиленовых труб диаметром: 500 мм
ГЭСН	22	22-01-021	Укладка трубопроводов из полиэтиленовых труб	22-01-021-12	км	Укладка трубопроводов из полиэтиленовых труб диаметром: 560 мм
ГЭСН	22	22-01-021	Укладка трубопроводов из полиэтиленовых труб	22-01-021-13	км	Укладка трубопроводов из полиэтиленовых труб диаметром: 630 мм
ГЭСН	22	22-01-021	Укладка трубопроводов из полиэтиленовых труб	22-01-021-14	км	Укладка трубопроводов из полиэтиленовых труб диаметром: 700 мм
ГЭСН	22	22-01-021	Укладка трубопроводов из полиэтиленовых труб	22-01-021-15	км	Укладка трубопроводов из полиэтиленовых труб диаметром: 800 мм
ГЭСН	22	22-01-021	Укладка трубопроводов из полиэтиленовых труб	22-01-021-16	км	Укладка трубопроводов из полиэтиленовых труб диаметром: 900 мм
ГЭСН	22	22-01-021	Укладка трубопроводов из полиэтиленовых труб	22-01-021-17	км	Укладка трубопроводов из полиэтиленовых труб диаметром: 1000 мм
ГЭСН	22	22-01-021	Укладка трубопроводов из полиэтиленовых труб	22-01-021-19	км	Укладка трубопроводов из полиэтиленовых труб диаметром: 1200 мм
ГЭСН	22	22-01-021	Укладка трубопроводов из полиэтиленовых труб	22-01-021-20	км	Укладка трубопроводов из полиэтиленовых труб диаметром: 1400 мм
ГЭСН	22	22-01-021	Укладка трубопроводов из полиэтиленовых труб	22-01-021-21	км	Укладка трубопроводов из полиэтиленовых труб диаметром: 1600 мм
ГЭСН	22	22-01-022	Укладка полиэтиленовых труб с соединением электросварными муфтами	22-01-022-08	км	Укладка полиэтиленовых труб с соединением электросварными муфтами диаметром: 315 мм
ГЭСН	22	22-01-022	Укладка полиэтиленовых труб с соединением электросварными муфтами	22-01-022-09	км	Укладка полиэтиленовых труб с соединением электросварными муфтами диаметром: 400 мм
ГЭСН	22	22-01-022	Укладка полиэтиленовых труб с соединением электросварными муфтами	22-01-022-10	км	Укладка полиэтиленовых труб с соединением электросварными муфтами диаметром: 500 мм
ГЭСН	22	22-01-022	Укладка полиэтиленовых труб с соединением электросварными муфтами	22-01-022-11	км	Укладка полиэтиленовых труб с соединением электросварными муфтами диаметром: 630 мм
ГЭСН	22	22-01-022	Укладка полиэтиленовых труб с соединением электросварными муфтами	22-01-022-12	км	Укладка полиэтиленовых труб с соединением электросварными муфтами диаметром: 710 мм
ГЭСН	22	22-01-022	Укладка полиэтиленовых труб с соединением электросварными муфтами	22-01-022-13	км	Укладка полиэтиленовых труб с соединением электросварными муфтами диаметром: 800 мм
ГЭСН	22	22-01-022	Укладка полиэтиленовых труб с соединением электросварными муфтами	22-01-022-14	км	Укладка полиэтиленовых труб с соединением электросварными муфтами диаметром: 900 мм
ГЭСН	22	22-01-022	Укладка полиэтиленовых труб с соединением электросварными муфтами	22-01-022-15	км	Укладка полиэтиленовых труб с соединением электросварными муфтами диаметром: 1000 мм
ГЭСН	22	22-01-022	Укладка полиэтиленовых труб с соединением электросварными муфтами	22-01-022-16	км	Укладка полиэтиленовых труб с соединением электросварными муфтами диаметром: 1200 мм
ГЭСН	22	22-01-022	Укладка полиэтиленовых труб с соединением электросварными муфтами	22-01-022-17	км	Укладка полиэтиленовых труб с соединением электросварными муфтами диаметром: 1400 мм
ГЭСН	22	22-01-022	Укладка полиэтиленовых труб с соединением электросварными муфтами	22-01-022-18	км	Укладка полиэтиленовых труб с соединением электросварными муфтами диаметром: 1600 мм
ГЭСН	22	22-01-023	Укладка полиэтиленовых труб	22-01-023-01	км	Укладка полиэтиленовых труб диаметром: 50 мм
ГЭСН	22	22-01-023	Укладка полиэтиленовых труб	22-01-023-02	км	Укладка полиэтиленовых труб диаметром: 63-75 мм
ГЭСН	22	22-01-023	Укладка полиэтиленовых труб	22-01-023-04	км	Укладка полиэтиленовых труб диаметром: 110 мм
ГЭСН	22	22-01-023	Укладка полиэтиленовых труб	22-01-023-05	км	Укладка полиэтиленовых труб диаметром: 125 мм
ГЭСН	22	22-01-023	Укладка полиэтиленовых труб	22-01-023-06	км	Укладка полиэтиленовых труб диаметром: 140-160 мм
ГЭСН	22	22-01-023	Укладка полиэтиленовых труб	22-01-023-07	км	Укладка полиэтиленовых труб диаметром: 180 мм
ГЭСН	22	22-01-023	Укладка полиэтиленовых труб	22-01-023-08	км	Укладка полиэтиленовых труб диаметром: 200 мм
ГЭСН	22	22-01-023	Укладка полиэтиленовых труб	22-01-023-09	км	Укладка полиэтиленовых труб диаметром: 225 мм
ГЭСН	22	22-01-023	Укладка полиэтиленовых труб	22-01-023-10	км	Укладка полиэтиленовых труб диаметром: 250 мм
ГЭСН	22	22-01-023	Укладка полиэтиленовых труб	22-01-023-11	км	Укладка полиэтиленовых труб диаметром: 280 мм
ГЭСН	22	22-01-023	Укладка полиэтиленовых труб	22-01-023-12	км	Укладка полиэтиленовых труб диаметром: 315 мм
ГЭСН	22	22-01-023	Укладка полиэтиленовых труб	22-01-023-13	км	Укладка полиэтиленовых труб диаметром: 355 мм
ГЭСН	22	22-01-023	Укладка полиэтиленовых труб	22-01-023-14	км	Укладка полиэтиленовых труб диаметром: 400 мм
ГЭСН	22	22-01-023	Укладка полиэтиленовых труб	22-01-023-15	км	Укладка полиэтиленовых труб диаметром: 450 мм
ГЭСН	22	22-01-023	Укладка полиэтиленовых труб	22-01-023-16	км	Укладка полиэтиленовых труб диаметром: 500 мм
ГЭСН	22	22-01-023	Укладка полиэтиленовых труб	22-01-023-17	км	Укладка полиэтиленовых труб диаметром: 560 мм
ГЭСН	22	22-01-023	Укладка полиэтиленовых труб	22-01-023-18	км	Укладка полиэтиленовых труб диаметром: 630 мм
ГЭСН	22	22-01-023	Укладка полиэтиленовых труб	22-01-023-19	км	Укладка полиэтиленовых труб диаметром: 710 мм
ГЭСН	22	22-01-023	Укладка полиэтиленовых труб	22-01-023-20	км	Укладка полиэтиленовых труб диаметром: 800 мм
ГЭСН	22	22-01-023	Укладка полиэтиленовых труб	22-01-023-21	км	Укладка полиэтиленовых труб диаметром: 900 мм
ГЭСН	22	22-01-023	Укладка полиэтиленовых труб	22-01-023-22	км	Укладка полиэтиленовых труб диаметром: 1000 мм
ГЭСН	22	22-01-023	Укладка полиэтиленовых труб	22-01-023-23	км	Укладка полиэтиленовых труб диаметром: 1200 мм
ГЭСН	22	22-01-023	Укладка полиэтиленовых труб	22-01-023-24	км	Укладка полиэтиленовых труб диаметром: 1400 мм
ГЭСН	22	22-01-023	Укладка полиэтиленовых труб	22-01-023-25	км	Укладка полиэтиленовых труб диаметром: 1600 мм
ГЭСН	22	22-01-024	Сварка полиэтиленовых труб "встык" нагревательным элементом	22-01-024-05	стык	Сварка полиэтиленовых труб "встык" нагревательным элементом при автоматическом управлении процессом сварки, диаметр труб: 110 мм
ГЭСН	22	22-01-024	Сварка полиэтиленовых труб "встык" нагревательным элементом	22-01-024-06	стык	Сварка полиэтиленовых труб "встык" нагревательным элементом при автоматическом управлении процессом сварки, диаметр труб: 125 мм
ГЭСН	22	22-01-024	Сварка полиэтиленовых труб "встык" нагревательным элементом	22-01-024-07	стык	Сварка полиэтиленовых труб "встык" нагревательным элементом при автоматическом управлении процессом сварки, диаметр труб: 140 мм
ГЭСН	22	22-01-024	Сварка полиэтиленовых труб "встык" нагревательным элементом	22-01-024-08	стык	Сварка полиэтиленовых труб "встык" нагревательным элементом при автоматическом управлении процессом сварки, диаметр труб: 160 мм
ГЭСН	22	22-01-024	Сварка полиэтиленовых труб "встык" нагревательным элементом	22-01-024-09	стык	Сварка полиэтиленовых труб "встык" нагревательным элементом при автоматическом управлении процессом сварки, диаметр труб: 180 мм
ГЭСН	22	22-01-024	Сварка полиэтиленовых труб "встык" нагревательным элементом	22-01-024-10	стык	Сварка полиэтиленовых труб "встык" нагревательным элементом при автоматическом управлении процессом сварки, диаметр труб: 200 мм
ГЭСН	22	22-01-024	Сварка полиэтиленовых труб "встык" нагревательным элементом	22-01-024-11	стык	Сварка полиэтиленовых труб "встык" нагревательным элементом при автоматическом управлении процессом сварки, диаметр труб: 225 мм
ГЭСН	22	22-01-024	Сварка полиэтиленовых труб "встык" нагревательным элементом	22-01-024-12	стык	Сварка полиэтиленовых труб "встык" нагревательным элементом при автоматическом управлении процессом сварки, диаметр труб: 250 мм
ГЭСН	22	22-01-024	Сварка полиэтиленовых труб "встык" нагревательным элементом	22-01-024-13	стык	Сварка полиэтиленовых труб "встык" нагревательным элементом при автоматическом управлении процессом сварки, диаметр труб: 280 мм
ГЭСН	22	22-01-024	Сварка полиэтиленовых труб "встык" нагревательным элементом	22-01-024-14	стык	Сварка полиэтиленовых труб "встык" нагревательным элементом при автоматическом управлении процессом сварки, диаметр труб: 315 мм
ГЭСН	22	22-01-024	Сварка полиэтиленовых труб "встык" нагревательным элементом	22-01-024-15	стык	Сварка полиэтиленовых труб "встык" нагревательным элементом при автоматическом управлении процессом сварки, диаметр труб: 355 мм
ГЭСН	22	22-01-024	Сварка полиэтиленовых труб "встык" нагревательным элементом	22-01-024-16	стык	Сварка полиэтиленовых труб "встык" нагревательным элементом при автоматическом управлении процессом сварки, диаметр труб: 400 мм
ГЭСН	22	22-01-024	Сварка полиэтиленовых труб "встык" нагревательным элементом	22-01-024-17	стык	Сварка полиэтиленовых труб "встык" нагревательным элементом при автоматическом управлении процессом сварки, диаметр труб: 450 мм
ГЭСН	22	22-01-024	Сварка полиэтиленовых труб "встык" нагревательным элементом	22-01-024-18	стык	Сварка полиэтиленовых труб "встык" нагревательным элементом при автоматическом управлении процессом сварки, диаметр труб: 500 мм
ГЭСН	22	22-01-024	Сварка полиэтиленовых труб "встык" нагревательным элементом	22-01-024-19	стык	Сварка полиэтиленовых труб "встык" нагревательным элементом при автоматическом управлении процессом сварки, диаметр труб: 560 мм
ГЭСН	22	22-01-024	Сварка полиэтиленовых труб "встык" нагревательным элементом	22-01-024-20	стык	Сварка полиэтиленовых труб "встык" нагревательным элементом при автоматическом управлении процессом сварки, диаметр труб: 630 мм
ГЭСН	22	22-01-024	Сварка полиэтиленовых труб "встык" нагревательным элементом	22-01-024-21	стык	Сварка полиэтиленовых труб "встык" нагревательным элементом при автоматическом управлении процессом сварки, диаметр труб: 710 мм
ГЭСН	22	22-01-024	Сварка полиэтиленовых труб "встык" нагревательным элементом	22-01-024-22	стык	Сварка полиэтиленовых труб "встык" нагревательным элементом при автоматическом управлении процессом сварки, диаметр труб: 800 мм
ГЭСН	22	22-01-024	Сварка полиэтиленовых труб "встык" нагревательным элементом	22-01-024-23	стык	Сварка полиэтиленовых труб "встык" нагревательным элементом при автоматическом управлении процессом сварки, диаметр труб: 900 мм
ГЭСН	22	22-01-024	Сварка полиэтиленовых труб "встык" нагревательным элементом	22-01-024-24	стык	Сварка полиэтиленовых труб "встык" нагревательным элементом при автоматическом управлении процессом сварки, диаметр труб: 1000 мм
ГЭСН	22	22-01-024	Сварка полиэтиленовых труб "встык" нагревательным элементом	22-01-024-25	стык	Сварка полиэтиленовых труб "встык" нагревательным элементом при автоматическом управлении процессом сварки, диаметр труб: 1200 мм
ГЭСН	22	22-01-024	Сварка полиэтиленовых труб "встык" нагревательным элементом	22-01-024-26	стык	Сварка полиэтиленовых труб "встык" нагревательным элементом при автоматическом управлении процессом сварки, диаметр труб: 1400 мм
ГЭСН	22	22-01-024	Сварка полиэтиленовых труб "встык" нагревательным элементом	22-01-024-27	стык	Сварка полиэтиленовых труб "встык" нагревательным элементом при автоматическом управлении процессом сварки, диаметр труб: 1600 мм
ГЭСН	22	22-01-025	Гидравлическое испытание полиэтиленовых трубопроводов	22-01-025-01	участок	Нагнетание и выдержка под давлением при гидравлическом испытании полиэтиленового трубопровода диаметром: до 300 мм
ГЭСН	22	22-01-025	Гидравлическое испытание полиэтиленовых трубопроводов	22-01-025-02	участок	Нагнетание и выдержка под давлением при гидравлическом испытании полиэтиленового трубопровода диаметром: свыше 300 до 800 мм
ГЭСН	22	22-01-025	Гидравлическое испытание полиэтиленовых трубопроводов	22-01-025-03	участок	Нагнетание и выдержка под давлением при гидравлическом испытании полиэтиленового трубопровода диаметром: свыше 800 до 1600 мм
ГЭСН	22	22-01-025	Гидравлическое испытание полиэтиленовых трубопроводов	22-01-025-04	м3	Наполнение и спуск воды при гидравлическом испытании полиэтиленового трубопровода диаметром: до 400 мм
ГЭСН	22	22-01-025	Гидравлическое испытание полиэтиленовых трубопроводов	22-01-025-05	м3	Наполнение и спуск воды при гидравлическом испытании полиэтиленового трубопровода диаметром: свыше 400 до 700 мм
ГЭСН	22	22-01-025	Гидравлическое испытание полиэтиленовых трубопроводов	22-01-025-06	м3	Наполнение и спуск воды при гидравлическом испытании полиэтиленового трубопровода диаметром: свыше 700 до 1000 мм
ГЭСН	22	22-01-025	Гидравлическое испытание полиэтиленовых трубопроводов	22-01-025-07	м3	Наполнение и спуск воды при гидравлическом испытании полиэтиленового трубопровода диаметром: свыше 1000 до 1600 мм
ГЭСН	22	22-03-001	Установка фасонных частей чугунных	22-03-001-01	т	Установка фасонных частей чугунных диаметром: 50-100 мм
ГЭСН	22	22-03-001	Установка фасонных частей чугунных	22-03-001-02	т	Установка фасонных частей чугунных диаметром: 125-200 мм
ГЭСН	22	22-03-001	Установка фасонных частей чугунных	22-03-001-03	т	Установка фасонных частей чугунных диаметром: 250-400 мм
ГЭСН	22	22-03-001	Установка фасонных частей чугунных	22-03-001-04	т	Установка фасонных частей чугунных диаметром: 500-1000 мм
ГЭСН	22	22-03-002	Установка полиэтиленовых фасонных частей	22-03-002-01	10 шт	Установка полиэтиленовых фасонных частей: отводов, колен, патрубков, переходов
ГЭСН	22	22-03-002	Установка полиэтиленовых фасонных частей	22-03-002-02	10 шт	Установка полиэтиленовых фасонных частей: тройников
ГЭСН	22	22-03-002	Установка полиэтиленовых фасонных частей	22-03-002-03	10 шт	Установка полиэтиленовых фасонных частей: крестовин
ГЭСН	22	22-03-003	Установка фасонных частей стальных	22-03-003-01	10 шт	Установка фасонных частей стальных сварным соединением с трубопроводом отводы, колена, патрубки и переходы диаметром: до 100 мм
ГЭСН	22	22-03-003	Установка фасонных частей стальных	22-03-003-02	10 шт	Установка фасонных частей стальных сварным соединением с трубопроводом отводы, колена, патрубки и переходы диаметром: свыше 100 до 150 мм
ГЭСН	22	22-03-003	Установка фасонных частей стальных	22-03-003-03	10 шт	Установка фасонных частей стальных сварным соединением с трубопроводом отводы, колена, патрубки и переходы диаметром: свыше 150 до 200 мм
ГЭСН	22	22-03-003	Установка фасонных частей стальных	22-03-003-04	10 шт	Установка фасонных частей стальных сварным соединением с трубопроводом отводы, колена, патрубки и переходы диаметром: свыше 200 до 250 мм
ГЭСН	22	22-03-003	Установка фасонных частей стальных	22-03-003-05	10 шт	Установка фасонных частей стальных сварным соединением с трубопроводом отводы, колена, патрубки и переходы диаметром: свыше 250 до 300 мм
ГЭСН	22	22-03-003	Установка фасонных частей стальных	22-03-003-06	10 шт	Установка фасонных частей стальных сварным соединением с трубопроводом отводы, колена, патрубки и переходы диаметром: свыше 300 до 400 мм
ГЭСН	22	22-03-003	Установка фасонных частей стальных	22-03-003-07	10 шт	Установка фасонных частей стальных сварным соединением с трубопроводом отводы, колена, патрубки и переходы диаметром: свыше 400 до 500 мм
ГЭСН	22	22-03-003	Установка фасонных частей стальных	22-03-003-08	10 шт	Установка фасонных частей стальных сварным соединением с трубопроводом отводы, колена, патрубки и переходы диаметром: свыше 500 до 600 мм
ГЭСН	22	22-03-003	Установка фасонных частей стальных	22-03-003-09	10 шт	Установка фасонных частей стальных сварным соединением с трубопроводом отводы, колена, патрубки и переходы диаметром: свыше 600 до 700 мм
ГЭСН	22	22-03-003	Установка фасонных частей стальных	22-03-003-10	10 шт	Установка фасонных частей стальных сварным соединением с трубопроводом отводы, колена, патрубки и переходы диаметром: свыше 700 до 800 мм
ГЭСН	22	22-03-003	Установка фасонных частей стальных	22-03-003-11	10 шт	Установка фасонных частей стальных сварным соединением с трубопроводом отводы, колена, патрубки и переходы диаметром: свыше 800 до 900 мм
ГЭСН	22	22-03-003	Установка фасонных частей стальных	22-03-003-12	10 шт	Установка фасонных частей стальных сварным соединением с трубопроводом отводы, колена, патрубки и переходы диаметром: свыше 900 до 1000 мм
ГЭСН	22	22-03-003	Установка фасонных частей стальных	22-03-003-13	10 шт	Установка фасонных частей стальных сварным соединением с трубопроводом отводы, колена, патрубки и переходы диаметром: свыше 1000 до 1200 мм
ГЭСН	22	22-03-003	Установка фасонных частей стальных	22-03-003-14	10 шт	Установка фасонных частей стальных сварным соединением с трубопроводом отводы, колена, патрубки и переходы диаметром: свыше 1200 до 1400 мм
ГЭСН	22	22-03-003	Установка фасонных частей стальных	22-03-003-15	10 шт	Установка фасонных частей стальных сварным соединением с трубопроводом отводы, колена, патрубки и переходы диаметром: свыше 1400 до 1600 мм
ГЭСН	22	22-03-003	Установка фасонных частей стальных	22-03-003-16	10 шт	Установка фасонных частей стальных сварным соединением с трубопроводом отводы, колена, патрубки и переходы диаметром: свыше 1600 до 2000 мм
ГЭСН	22	22-03-003	Установка фасонных частей стальных	22-03-003-17	10 шт	Установка фасонных частей стальных сварным соединением с трубопроводом тройники диаметром: до 100 мм
ГЭСН	22	22-03-003	Установка фасонных частей стальных	22-03-003-18	10 шт	Установка фасонных частей стальных сварным соединением с трубопроводом тройники диаметром: свыше 100 до 150 мм
ГЭСН	22	22-03-003	Установка фасонных частей стальных	22-03-003-19	10 шт	Установка фасонных частей стальных сварным соединением с трубопроводом тройники диаметром: свыше 150 до 200 мм
ГЭСН	22	22-03-003	Установка фасонных частей стальных	22-03-003-20	10 шт	Установка фасонных частей стальных сварным соединением с трубопроводом тройники диаметром: свыше 200 до 250 мм
ГЭСН	22	22-03-003	Установка фасонных частей стальных	22-03-003-21	10 шт	Установка фасонных частей стальных сварным соединением с трубопроводом тройники диаметром: свыше 250 до 300 мм
ГЭСН	22	22-03-003	Установка фасонных частей стальных	22-03-003-22	10 шт	Установка фасонных частей стальных сварным соединением с трубопроводом тройники диаметром: свыше 300 до 400 мм
ГЭСН	22	22-03-003	Установка фасонных частей стальных	22-03-003-23	10 шт	Установка фасонных частей стальных сварным соединением с трубопроводом тройники диаметром: свыше 400 до 500 мм
ГЭСН	22	22-03-003	Установка фасонных частей стальных	22-03-003-24	10 шт	Установка фасонных частей стальных сварным соединением с трубопроводом тройники диаметром: свыше 500 до 600 мм
ГЭСН	22	22-03-003	Установка фасонных частей стальных	22-03-003-25	10 шт	Установка фасонных частей стальных сварным соединением с трубопроводом тройники диаметром: свыше 600 до 700 мм
ГЭСН	22	22-03-003	Установка фасонных частей стальных	22-03-003-26	10 шт	Установка фасонных частей стальных сварным соединением с трубопроводом тройники диаметром: свыше 700 до 800 мм
ГЭСН	22	22-03-003	Установка фасонных частей стальных	22-03-003-27	10 шт	Установка фасонных частей стальных сварным соединением с трубопроводом тройники диаметром: свыше 800 до 900 мм
ГЭСН	22	22-03-003	Установка фасонных частей стальных	22-03-003-28	10 шт	Установка фасонных частей стальных сварным соединением с трубопроводом тройники диаметром: свыше 900 до 1000 мм
ГЭСН	22	22-03-003	Установка фасонных частей стальных	22-03-003-29	10 шт	Установка фасонных частей стальных сварным соединением с трубопроводом тройники диаметром: свыше 1000 до 1200 мм
ГЭСН	22	22-03-003	Установка фасонных частей стальных	22-03-003-30	10 шт	Установка фасонных частей стальных сварным соединением с трубопроводом тройники диаметром: свыше 1200 до 1400 мм
ГЭСН	22	22-03-003	Установка фасонных частей стальных	22-03-003-31	10 шт	Установка фасонных частей стальных сварным соединением с трубопроводом тройники диаметром: свыше 1400 до 1600 мм
ГЭСН	22	22-03-003	Установка фасонных частей стальных	22-03-003-32	10 шт	Установка фасонных частей стальных сварным соединением с трубопроводом тройники диаметром: свыше 1600 до 2000 мм
ГЭСН	22	22-03-003	Установка фасонных частей стальных	22-03-003-33	10 шт	Установка фасонных частей стальных фланцевым соединением с трубопроводом отводы, колена, патрубки и переходы диаметром: до 100 мм
ГЭСН	22	22-03-003	Установка фасонных частей стальных	22-03-003-34	10 шт	Установка фасонных частей стальных фланцевым соединением с трубопроводом отводы, колена, патрубки и переходы диаметром: свыше 100 до 150 мм
ГЭСН	22	22-03-003	Установка фасонных частей стальных	22-03-003-35	10 шт	Установка фасонных частей стальных фланцевым соединением с трубопроводом отводы, колена, патрубки и переходы диаметром: свыше 150 до 200 мм
ГЭСН	22	22-03-003	Установка фасонных частей стальных	22-03-003-36	10 шт	Установка фасонных частей стальных фланцевым соединением с трубопроводом отводы, колена, патрубки и переходы диаметром: свыше 200 до 250 мм
ГЭСН	22	22-03-003	Установка фасонных частей стальных	22-03-003-37	10 шт	Установка фасонных частей стальных фланцевым соединением с трубопроводом отводы, колена, патрубки и переходы диаметром: свыше 250 до 300 мм
ГЭСН	22	22-03-003	Установка фасонных частей стальных	22-03-003-38	10 шт	Установка фасонных частей стальных фланцевым соединением с трубопроводом отводы, колена, патрубки и переходы диаметром: свыше 300 до 400 мм
ГЭСН	22	22-03-003	Установка фасонных частей стальных	22-03-003-39	10 шт	Установка фасонных частей стальных фланцевым соединением с трубопроводом отводы, колена, патрубки и переходы диаметром: свыше 400 до 500 мм
ГЭСН	22	22-03-003	Установка фасонных частей стальных	22-03-003-40	10 шт	Установка фасонных частей стальных фланцевым соединением с трубопроводом отводы, колена, патрубки и переходы диаметром: свыше 500 до 600 мм
ГЭСН	22	22-03-003	Установка фасонных частей стальных	22-03-003-41	10 шт	Установка фасонных частей стальных фланцевым соединением с трубопроводом отводы, колена, патрубки и переходы диаметром: свыше 600 до 700 мм
ГЭСН	22	22-03-003	Установка фасонных частей стальных	22-03-003-42	10 шт	Установка фасонных частей стальных фланцевым соединением с трубопроводом отводы, колена, патрубки и переходы диаметром: свыше 700 до 800 мм
ГЭСН	22	22-03-003	Установка фасонных частей стальных	22-03-003-43	10 шт	Установка фасонных частей стальных фланцевым соединением с трубопроводом отводы, колена, патрубки и переходы диаметром: свыше 800 до 900 мм
ГЭСН	22	22-03-003	Установка фасонных частей стальных	22-03-003-44	10 шт	Установка фасонных частей стальных фланцевым соединением с трубопроводом отводы, колена, патрубки и переходы диаметром: свыше 900 до 1000 мм
ГЭСН	22	22-03-003	Установка фасонных частей стальных	22-03-003-45	10 шт	Установка фасонных частей стальных фланцевым соединением с трубопроводом отводы, колена, патрубки и переходы диаметром: свыше 1000 до 1200 мм
ГЭСН	22	22-03-003	Установка фасонных частей стальных	22-03-003-46	10 шт	Установка фасонных частей стальных фланцевым соединением с трубопроводом отводы, колена, патрубки и переходы диаметром: свыше 1200 до 1400 мм
ГЭСН	22	22-03-003	Установка фасонных частей стальных	22-03-003-47	10 шт	Установка фасонных частей стальных фланцевым соединением с трубопроводом отводы, колена, патрубки и переходы диаметром: свыше 1400 до 1600 мм
ГЭСН	22	22-03-003	Установка фасонных частей стальных	22-03-003-48	10 шт	Установка фасонных частей стальных фланцевым соединением с трубопроводом отводы, колена, патрубки и переходы диаметром: свыше 1600 до 2000 мм
ГЭСН	22	22-03-003	Установка фасонных частей стальных	22-03-003-49	10 шт	Установка фасонных частей стальных фланцевым соединением с трубопроводом, тройники диаметром: до 100 мм
ГЭСН	22	22-03-003	Установка фасонных частей стальных	22-03-003-50	10 шт	Установка фасонных частей стальных фланцевым соединением с трубопроводом, тройники диаметром: свыше 100 до 150 мм
ГЭСН	22	22-03-003	Установка фасонных частей стальных	22-03-003-51	10 шт	Установка фасонных частей стальных фланцевым соединением с трубопроводом, тройники диаметром: свыше 150 до 200 мм
ГЭСН	22	22-03-003	Установка фасонных частей стальных	22-03-003-52	10 шт	Установка фасонных частей стальных фланцевым соединением с трубопроводом, тройники диаметром: свыше 200 до 250 мм
ГЭСН	22	22-03-003	Установка фасонных частей стальных	22-03-003-53	10 шт	Установка фасонных частей стальных фланцевым соединением с трубопроводом, тройники диаметром: свыше 250 до 300 мм
ГЭСН	22	22-03-003	Установка фасонных частей стальных	22-03-003-54	10 шт	Установка фасонных частей стальных фланцевым соединением с трубопроводом, тройники диаметром: свыше 300 до 400 мм
ГЭСН	22	22-03-003	Установка фасонных частей стальных	22-03-003-55	10 шт	Установка фасонных частей стальных фланцевым соединением с трубопроводом, тройники диаметром: свыше 400 до 500 мм
ГЭСН	22	22-03-003	Установка фасонных частей стальных	22-03-003-56	10 шт	Установка фасонных частей стальных фланцевым соединением с трубопроводом, тройники диаметром: свыше 500 до 600 мм
ГЭСН	22	22-03-003	Установка фасонных частей стальных	22-03-003-57	10 шт	Установка фасонных частей стальных фланцевым соединением с трубопроводом, тройники диаметром: свыше 600 до 700 мм
ГЭСН	22	22-03-003	Установка фасонных частей стальных	22-03-003-58	10 шт	Установка фасонных частей стальных фланцевым соединением с трубопроводом, тройники диаметром: свыше 700 до 800 мм
ГЭСН	22	22-03-003	Установка фасонных частей стальных	22-03-003-59	10 шт	Установка фасонных частей стальных фланцевым соединением с трубопроводом, тройники диаметром: свыше 800 до 900 мм
ГЭСН	22	22-03-003	Установка фасонных частей стальных	22-03-003-60	10 шт	Установка фасонных частей стальных фланцевым соединением с трубопроводом, тройники диаметром: свыше 900 до 1000 мм
ГЭСН	22	22-03-003	Установка фасонных частей стальных	22-03-003-61	10 шт	Установка фасонных частей стальных фланцевым соединением с трубопроводом, тройники диаметром: свыше 1000 до 1200 мм
ГЭСН	22	22-03-003	Установка фасонных частей стальных	22-03-003-62	10 шт	Установка фасонных частей стальных фланцевым соединением с трубопроводом, тройники диаметром: свыше 1200 до 1400 мм
ГЭСН	22	22-03-003	Установка фасонных частей стальных	22-03-003-63	10 шт	Установка фасонных частей стальных фланцевым соединением с трубопроводом, тройники диаметром: свыше 1400 до 1600 мм
ГЭСН	22	22-03-003	Установка фасонных частей стальных	22-03-003-64	10 шт	Установка фасонных частей стальных фланцевым соединением с трубопроводом, тройники диаметром: свыше 1600 до 2000 мм
ГЭСН	22	22-03-003	Установка фасонных частей стальных	22-03-003-65	10 шт	Установка фасонных частей стальных фланцевым соединением с трубопроводом, крестовины диаметром: до 100 мм
ГЭСН	22	22-03-003	Установка фасонных частей стальных	22-03-003-66	10 шт	Установка фасонных частей стальных фланцевым соединением с трубопроводом, крестовины диаметром: свыше 100 до 150 мм
ГЭСН	22	22-03-003	Установка фасонных частей стальных	22-03-003-67	10 шт	Установка фасонных частей стальных фланцевым соединением с трубопроводом, крестовины диаметром: свыше 150 до 200 мм
ГЭСН	22	22-03-003	Установка фасонных частей стальных	22-03-003-68	10 шт	Установка фасонных частей стальных фланцевым соединением с трубопроводом, крестовины диаметром: свыше 200 до 250 мм
ГЭСН	22	22-03-003	Установка фасонных частей стальных	22-03-003-69	10 шт	Установка фасонных частей стальных фланцевым соединением с трубопроводом, крестовины диаметром: свыше 250 до 300 мм
ГЭСН	22	22-03-003	Установка фасонных частей стальных	22-03-003-70	10 шт	Установка фасонных частей стальных фланцевым соединением с трубопроводом, крестовины диаметром: свыше 300 до 400 мм
ГЭСН	22	22-03-003	Установка фасонных частей стальных	22-03-003-71	10 шт	Установка фасонных частей стальных фланцевым соединением с трубопроводом, крестовины диаметром: свыше 400 до 500 мм
ГЭСН	22	22-03-003	Установка фасонных частей стальных	22-03-003-72	10 шт	Установка фасонных частей стальных фланцевым соединением с трубопроводом, крестовины диаметром: свыше 500 до 600 мм
ГЭСН	22	22-03-003	Установка фасонных частей стальных	22-03-003-73	10 шт	Установка фасонных частей стальных фланцевым соединением с трубопроводом, крестовины диаметром: свыше 600 до 700 мм
ГЭСН	22	22-03-003	Установка фасонных частей стальных	22-03-003-74	10 шт	Установка фасонных частей стальных фланцевым соединением с трубопроводом, крестовины диаметром: свыше 700 до 800 мм
ГЭСН	22	22-03-003	Установка фасонных частей стальных	22-03-003-75	10 шт	Установка фасонных частей стальных фланцевым соединением с трубопроводом, крестовины диаметром: свыше 800 до 900 мм
ГЭСН	22	22-03-003	Установка фасонных частей стальных	22-03-003-76	10 шт	Установка фасонных частей стальных фланцевым соединением с трубопроводом, крестовины диаметром: свыше 900 до 1000 мм
ГЭСН	22	22-03-003	Установка фасонных частей стальных	22-03-003-77	10 шт	Установка фасонных частей стальных фланцевым соединением с трубопроводом, крестовины диаметром: свыше 1000 до 1200 мм
ГЭСН	22	22-03-003	Установка фасонных частей стальных	22-03-003-78	10 шт	Установка фасонных частей стальных фланцевым соединением с трубопроводом, крестовины диаметром: свыше 1200 до 1400 мм
ГЭСН	22	22-03-003	Установка фасонных частей стальных	22-03-003-79	10 шт	Установка фасонных частей стальных фланцевым соединением с трубопроводом, крестовины диаметром: свыше 1400 до 1600 мм
ГЭСН	22	22-03-003	Установка фасонных частей стальных	22-03-003-80	10 шт	Установка фасонных частей стальных фланцевым соединением с трубопроводом, крестовины диаметром: свыше 1600 до 2000 мм
ГЭСН	22	22-03-005	Установка стальных обжимных, соединительных и регулировочных муфт	22-03-005-01	10 шт	Установка стальных обжимных, соединительных и регулировочных муфт: 400 мм
ГЭСН	22	22-03-005	Установка стальных обжимных, соединительных и регулировочных муфт	22-03-005-02	10 шт	Установка стальных обжимных, соединительных и регулировочных муфт: 500 мм
ГЭСН	22	22-03-005	Установка стальных обжимных, соединительных и регулировочных муфт	22-03-005-03	10 шт	Установка стальных обжимных, соединительных и регулировочных муфт: 600 мм
ГЭСН	22	22-03-005	Установка стальных обжимных, соединительных и регулировочных муфт	22-03-005-04	10 шт	Установка стальных обжимных, соединительных и регулировочных муфт: 800 мм
ГЭСН	22	22-03-005	Установка стальных обжимных, соединительных и регулировочных муфт	22-03-005-05	10 шт	Установка стальных обжимных, соединительных и регулировочных муфт: 900 мм
ГЭСН	22	22-03-005	Установка стальных обжимных, соединительных и регулировочных муфт	22-03-005-06	10 шт	Установка стальных обжимных, соединительных и регулировочных муфт: 1000 мм
ГЭСН	22	22-03-005	Установка стальных обжимных, соединительных и регулировочных муфт	22-03-005-07	10 шт	Установка стальных обжимных, соединительных и регулировочных муфт: 1200 мм
ГЭСН	22	22-03-006	Установка задвижек или клапанов обратных чугунных	22-03-006-01	шт	Установка задвижек или клапанов обратных чугунных диаметром: 50 мм
ГЭСН	22	22-03-006	Установка задвижек или клапанов обратных чугунных	22-03-006-02	шт	Установка задвижек или клапанов обратных чугунных диаметром: 80 мм
ГЭСН	22	22-03-006	Установка задвижек или клапанов обратных чугунных	22-03-006-03	шт	Установка задвижек или клапанов обратных чугунных диаметром: 100 мм
ГЭСН	22	22-03-006	Установка задвижек или клапанов обратных чугунных	22-03-006-04	шт	Установка задвижек или клапанов обратных чугунных диаметром: 125 мм
ГЭСН	22	22-03-006	Установка задвижек или клапанов обратных чугунных	22-03-006-05	шт	Установка задвижек или клапанов обратных чугунных диаметром: 150 мм
ГЭСН	22	22-03-006	Установка задвижек или клапанов обратных чугунных	22-03-006-06	шт	Установка задвижек или клапанов обратных чугунных диаметром: 200 мм
ГЭСН	22	22-03-006	Установка задвижек или клапанов обратных чугунных	22-03-006-07	шт	Установка задвижек или клапанов обратных чугунных диаметром: 250 мм
ГЭСН	22	22-03-006	Установка задвижек или клапанов обратных чугунных	22-03-006-08	шт	Установка задвижек или клапанов обратных чугунных диаметром: 300 мм
ГЭСН	22	22-03-006	Установка задвижек или клапанов обратных чугунных	22-03-006-09	шт	Установка задвижек или клапанов обратных чугунных диаметром: 350 мм
ГЭСН	22	22-03-006	Установка задвижек или клапанов обратных чугунных	22-03-006-10	шт	Установка задвижек или клапанов обратных чугунных диаметром: 400 мм
ГЭСН	22	22-03-006	Установка задвижек или клапанов обратных чугунных	22-03-006-11	шт	Установка задвижек или клапанов обратных чугунных диаметром: 500 мм
ГЭСН	22	22-03-006	Установка задвижек или клапанов обратных чугунных	22-03-006-12	шт	Установка задвижек или клапанов обратных чугунных диаметром: 600 мм
ГЭСН	22	22-03-006	Установка задвижек или клапанов обратных чугунных	22-03-006-13	шт	Установка задвижек или клапанов обратных чугунных диаметром: 800 мм
ГЭСН	22	22-03-006	Установка задвижек или клапанов обратных чугунных	22-03-006-14	шт	Установка задвижек или клапанов обратных чугунных диаметром: 1000 мм
ГЭСН	22	22-03-006	Установка задвижек или клапанов обратных чугунных	22-03-006-15	шт	Установка задвижек или клапанов обратных чугунных диаметром: 1200 мм
ГЭСН	22	22-03-007	Установка задвижек или клапанов обратных стальных	22-03-007-01	шт	Установка задвижек или клапанов обратных стальных диаметром: 50 мм
ГЭСН	22	22-03-007	Установка задвижек или клапанов обратных стальных	22-03-007-02	шт	Установка задвижек или клапанов обратных стальных диаметром: 100 мм
ГЭСН	22	22-03-007	Установка задвижек или клапанов обратных стальных	22-03-007-03	шт	Установка задвижек или клапанов обратных стальных диаметром: 150 мм
ГЭСН	22	22-03-007	Установка задвижек или клапанов обратных стальных	22-03-007-04	шт	Установка задвижек или клапанов обратных стальных диаметром: 200 мм
ГЭСН	22	22-03-007	Установка задвижек или клапанов обратных стальных	22-03-007-05	шт	Установка задвижек или клапанов обратных стальных диаметром: 250 мм
ГЭСН	22	22-03-007	Установка задвижек или клапанов обратных стальных	22-03-007-06	шт	Установка задвижек или клапанов обратных стальных диаметром: 300 мм
ГЭСН	22	22-03-007	Установка задвижек или клапанов обратных стальных	22-03-007-07	шт	Установка задвижек или клапанов обратных стальных диаметром: 400 мм
ГЭСН	22	22-03-007	Установка задвижек или клапанов обратных стальных	22-03-007-08	шт	Установка задвижек или клапанов обратных стальных диаметром: 500 мм
ГЭСН	22	22-03-007	Установка задвижек или клапанов обратных стальных	22-03-007-09	шт	Установка задвижек или клапанов обратных стальных диаметром: 600 мм
ГЭСН	22	22-03-007	Установка задвижек или клапанов обратных стальных	22-03-007-10	шт	Установка задвижек или клапанов обратных стальных диаметром: 800 мм
ГЭСН	22	22-03-011	Установка вантузов, гидрантов, колонок	22-03-011-01	шт	Установка: вантузов одинарных
ГЭСН	22	22-03-011	Установка вантузов, гидрантов, колонок	22-03-011-02	шт	Установка: вантузов двойных
ГЭСН	22	22-03-011	Установка вантузов, гидрантов, колонок	22-03-011-03	шт	Установка: гидрантов пожарных
ГЭСН	22	22-03-011	Установка вантузов, гидрантов, колонок	22-03-011-04	шт	Установка: колонок водоразборных
ГЭСН	22	22-03-014	Приварка фланцев к стальным трубопроводам	22-03-014-01	шт	Приварка фланцев к стальным трубопроводам диаметром: 50 мм
ГЭСН	22	22-03-014	Приварка фланцев к стальным трубопроводам	22-03-014-02	шт	Приварка фланцев к стальным трубопроводам диаметром: 80 мм
ГЭСН	22	22-03-014	Приварка фланцев к стальным трубопроводам	22-03-014-03	шт	Приварка фланцев к стальным трубопроводам диаметром: 100 мм
ГЭСН	22	22-03-014	Приварка фланцев к стальным трубопроводам	22-03-014-04	шт	Приварка фланцев к стальным трубопроводам диаметром: 125 мм
ГЭСН	22	22-03-014	Приварка фланцев к стальным трубопроводам	22-03-014-05	шт	Приварка фланцев к стальным трубопроводам диаметром: 150 мм
ГЭСН	22	22-03-014	Приварка фланцев к стальным трубопроводам	22-03-014-06	шт	Приварка фланцев к стальным трубопроводам диаметром: 200 мм
ГЭСН	22	22-03-014	Приварка фланцев к стальным трубопроводам	22-03-014-07	шт	Приварка фланцев к стальным трубопроводам диаметром: 250 мм
ГЭСН	22	22-03-014	Приварка фланцев к стальным трубопроводам	22-03-014-08	шт	Приварка фланцев к стальным трубопроводам диаметром: 300 мм
ГЭСН	22	22-03-014	Приварка фланцев к стальным трубопроводам	22-03-014-09	шт	Приварка фланцев к стальным трубопроводам диаметром: 350 мм
ГЭСН	22	22-03-014	Приварка фланцев к стальным трубопроводам	22-03-014-10	шт	Приварка фланцев к стальным трубопроводам диаметром: 400 мм
ГЭСН	22	22-03-014	Приварка фланцев к стальным трубопроводам	22-03-014-11	шт	Приварка фланцев к стальным трубопроводам диаметром: 500 мм
ГЭСН	22	22-03-014	Приварка фланцев к стальным трубопроводам	22-03-014-12	шт	Приварка фланцев к стальным трубопроводам диаметром: 600 мм
ГЭСН	22	22-03-014	Приварка фланцев к стальным трубопроводам	22-03-014-13	шт	Приварка фланцев к стальным трубопроводам диаметром: 700 мм
ГЭСН	22	22-03-014	Приварка фланцев к стальным трубопроводам	22-03-014-14	шт	Приварка фланцев к стальным трубопроводам диаметром: 800 мм
ГЭСН	22	22-03-014	Приварка фланцев к стальным трубопроводам	22-03-014-15	шт	Приварка фланцев к стальным трубопроводам диаметром: 900 мм
ГЭСН	22	22-03-014	Приварка фланцев к стальным трубопроводам	22-03-014-16	шт	Приварка фланцев к стальным трубопроводам диаметром: 1000 мм
ГЭСН	22	22-03-014	Приварка фланцев к стальным трубопроводам	22-03-014-17	шт	Приварка фланцев к стальным трубопроводам диаметром: 1200 мм
ГЭСН	22	22-04-001	Устройство круглых колодцев из сборного железобетона	22-04-001-01	10 м3	Устройство круглых колодцев из сборного железобетона в грунтах: сухих
ГЭСН	22	22-04-001	Устройство круглых колодцев из сборного железобетона	22-04-001-02	10 м3	Устройство круглых колодцев из сборного железобетона в грунтах: мокрых
ГЭСН	22	22-04-002	Устройство водопроводных кирпичных колодцев	22-04-002-01	10 м3	Устройство водопроводных кирпичных колодцев: круглых с конической верхней частью в грунтах сухих
ГЭСН	22	22-04-002	Устройство водопроводных кирпичных колодцев	22-04-002-02	10 м3	Устройство водопроводных кирпичных колодцев: круглых с конической верхней частью в грунтах мокрых
ГЭСН	22	22-04-002	Устройство водопроводных кирпичных колодцев	22-04-002-03	10 м3	Устройство водопроводных кирпичных колодцев: прямоугольных с перекрытием из сборного железобетона в грунтах сухих
ГЭСН	22	22-04-002	Устройство водопроводных кирпичных колодцев	22-04-002-04	10 м3	Устройство водопроводных кирпичных колодцев: прямоугольных с перекрытием из сборного железобетона в грунтах мокрых
ГЭСН	22	22-04-003	Устройство водопроводных бетонных колодцев с монолитными стенами и покрытием из сборного железобетона	22-04-003-01	10 м3	Устройство водопроводных бетонных колодцев с монолитными стенами и покрытием из сборного железобетона: круглых в сухих грунтах
ГЭСН	22	22-04-003	Устройство водопроводных бетонных колодцев с монолитными стенами и покрытием из сборного железобетона	22-04-003-02	10 м3	Устройство водопроводных бетонных колодцев с монолитными стенами и покрытием из сборного железобетона: круглых в мокрых грунтах
ГЭСН	22	22-04-003	Устройство водопроводных бетонных колодцев с монолитными стенами и покрытием из сборного железобетона	22-04-003-03	10 м3	Устройство водопроводных бетонных колодцев с монолитными стенами и покрытием из сборного железобетона: прямоугольных в сухих грунтах
ГЭСН	22	22-04-003	Устройство водопроводных бетонных колодцев с монолитными стенами и покрытием из сборного железобетона	22-04-003-04	10 м3	Устройство водопроводных бетонных колодцев с монолитными стенами и покрытием из сборного железобетона: прямоугольных в мокрых грунтах
ГЭСН	22	22-04-004	Установка путевых водоразборных кранов	22-04-004-01	шт	Установка путевых водоразборных кранов
ГЭСН	22	22-04-005	Установка круглых сборных колодцев из полимерных материалов на фланцевом соединении	22-04-005-01	шт	Установка круглых сборных колодцев из полимерных материалов на фланцевом соединении: высотой 1,5 м, диаметром 1000 мм
ГЭСН	22	22-04-005	Установка круглых сборных колодцев из полимерных материалов на фланцевом соединении	22-04-005-02	шт	Установка круглых сборных колодцев из полимерных материалов на фланцевом соединении: высотой 2 м, диаметром 1500 мм
ГЭСН	22	22-04-005	Установка круглых сборных колодцев из полимерных материалов на фланцевом соединении	22-04-005-03	шт	Установка колец тела колодца диаметром: 1000 мм
ГЭСН	22	22-04-005	Установка круглых сборных колодцев из полимерных материалов на фланцевом соединении	22-04-005-04	шт	Установка колец тела колодца диаметром: 1500 мм
ГЭСН	22	22-04-006	Устройство круглых цельнолитых и собранных в заводских условиях колодцев из полимерных материалов	22-04-006-01	шт	Устройство круглых цельнолитых и собранных в заводских условиях колодцев из полимерных материалов диаметром: 1000 мм
ГЭСН	22	22-04-006	Устройство круглых цельнолитых и собранных в заводских условиях колодцев из полимерных материалов	22-04-006-02	шт	Устройство круглых цельнолитых и собранных в заводских условиях колодцев из полимерных материалов диаметром: 1500 мм
ГЭСН	22	22-04-006	Устройство круглых цельнолитых и собранных в заводских условиях колодцев из полимерных материалов	22-04-006-03	шт	Устройство с бетонированием лотка круглых цельнолитых и собранных в заводских условиях колодцев из полимерных материалов диаметром: 1000 мм
ГЭСН	22	22-04-006	Устройство круглых цельнолитых и собранных в заводских условиях колодцев из полимерных материалов	22-04-006-04	шт	Устройство с бетонированием лотка круглых цельнолитых и собранных в заводских условиях колодцев из полимерных материалов диаметром: 1500 мм
ГЭСН	22	22-04-007	Устройство прямоугольных колодцев из сборного железобетона	22-04-007-01	10 м3	Устройство прямоугольных колодцев из сборного железобетона: в грунтах сухих
ГЭСН	22	22-04-007	Устройство прямоугольных колодцев из сборного железобетона	22-04-007-02	10 м3	Устройство прямоугольных колодцев из сборного железобетона: в грунтах мокрых
ГЭСН	23	23-01-007	Укладка трубопроводов из железобетонных безнапорных раструбных труб	23-01-007-01	100 м	Укладка трубопроводов из железобетонных безнапорных раструбных труб диаметром: 400 мм
ГЭСН	23	23-01-007	Укладка трубопроводов из железобетонных безнапорных раструбных труб	23-01-007-02	100 м	Укладка трубопроводов из железобетонных безнапорных раструбных труб диаметром: 500 мм
ГЭСН	23	23-01-007	Укладка трубопроводов из железобетонных безнапорных раструбных труб	23-01-007-03	100 м	Укладка трубопроводов из железобетонных безнапорных раструбных труб диаметром: 600 мм
ГЭСН	23	23-01-007	Укладка трубопроводов из железобетонных безнапорных раструбных труб	23-01-007-04	100 м	Укладка трубопроводов из железобетонных безнапорных раструбных труб диаметром: 800 мм
ГЭСН	23	23-01-007	Укладка трубопроводов из железобетонных безнапорных раструбных труб	23-01-007-05	100 м	Укладка трубопроводов из железобетонных безнапорных раструбных труб диаметром: 1000 мм
ГЭСН	23	23-01-007	Укладка трубопроводов из железобетонных безнапорных раструбных труб	23-01-007-06	100 м	Укладка трубопроводов из железобетонных безнапорных раструбных труб диаметром: 1200 мм
ГЭСН	23	23-01-007	Укладка трубопроводов из железобетонных безнапорных раструбных труб	23-01-007-07	100 м	Укладка трубопроводов из железобетонных безнапорных раструбных труб диаметром: 1400 мм
ГЭСН	23	23-01-007	Укладка трубопроводов из железобетонных безнапорных раструбных труб	23-01-007-08	100 м	Укладка трубопроводов из железобетонных безнапорных раструбных труб диаметром: 1600 мм
ГЭСН	23	23-01-007	Укладка трубопроводов из железобетонных безнапорных раструбных труб	23-01-007-09	100 м	Укладка трубопроводов из железобетонных безнапорных раструбных труб диаметром: 2000 мм
ГЭСН	23	23-01-007	Укладка трубопроводов из железобетонных безнапорных раструбных труб	23-01-007-10	100 м	Укладка трубопроводов из железобетонных безнапорных раструбных труб диаметром: 2400 мм
ГЭСН	23	23-01-008	Укладка трубопроводов из бетонных раструбных труб	23-01-008-01	100 м	Укладка трубопроводов из бетонных раструбных труб диаметром: 150 мм
ГЭСН	23	23-01-008	Укладка трубопроводов из бетонных раструбных труб	23-01-008-02	100 м	Укладка трубопроводов из бетонных раструбных труб диаметром: 200 мм
ГЭСН	23	23-01-008	Укладка трубопроводов из бетонных раструбных труб	23-01-008-03	100 м	Укладка трубопроводов из бетонных раструбных труб диаметром: 300 мм
ГЭСН	23	23-01-008	Укладка трубопроводов из бетонных раструбных труб	23-01-008-04	100 м	Укладка трубопроводов из бетонных раструбных труб диаметром: 400 мм
ГЭСН	23	23-01-008	Укладка трубопроводов из бетонных раструбных труб	23-01-008-05	100 м	Укладка трубопроводов из бетонных раструбных труб диаметром: 500 мм
ГЭСН	23	23-01-008	Укладка трубопроводов из бетонных раструбных труб	23-01-008-06	100 м	Укладка трубопроводов из бетонных раструбных труб диаметром: 600 мм
ГЭСН	23	23-01-008	Укладка трубопроводов из бетонных раструбных труб	23-01-008-07	100 м	Укладка трубопроводов из бетонных раструбных труб диаметром: 800 мм
ГЭСН	23	23-01-008	Укладка трубопроводов из бетонных раструбных труб	23-01-008-08	100 м	Укладка трубопроводов из бетонных раструбных труб диаметром: 1000 мм
ГЭСН	23	23-01-009	Укладка трубопроводов из железобетонных безнапорных фальцевых труб с жестким соединением	23-01-009-01	100 м	Укладка трубопроводов из железобетонных безнапорных фальцевых труб с жестким соединением диаметром: 400 мм
ГЭСН	23	23-01-009	Укладка трубопроводов из железобетонных безнапорных фальцевых труб с жестким соединением	23-01-009-02	100 м	Укладка трубопроводов из железобетонных безнапорных фальцевых труб с жестким соединением диаметром: 500 мм
ГЭСН	23	23-01-009	Укладка трубопроводов из железобетонных безнапорных фальцевых труб с жестким соединением	23-01-009-03	100 м	Укладка трубопроводов из железобетонных безнапорных фальцевых труб с жестким соединением диаметром: 600 мм
ГЭСН	23	23-01-009	Укладка трубопроводов из железобетонных безнапорных фальцевых труб с жестким соединением	23-01-009-04	100 м	Укладка трубопроводов из железобетонных безнапорных фальцевых труб с жестким соединением диаметром: 800 мм
ГЭСН	23	23-01-009	Укладка трубопроводов из железобетонных безнапорных фальцевых труб с жестким соединением	23-01-009-05	100 м	Укладка трубопроводов из железобетонных безнапорных фальцевых труб с жестким соединением диаметром: 1000 мм
ГЭСН	23	23-01-009	Укладка трубопроводов из железобетонных безнапорных фальцевых труб с жестким соединением	23-01-009-06	100 м	Укладка трубопроводов из железобетонных безнапорных фальцевых труб с жестким соединением диаметром: 1200 мм
ГЭСН	23	23-01-009	Укладка трубопроводов из железобетонных безнапорных фальцевых труб с жестким соединением	23-01-009-07	100 м	Укладка трубопроводов из железобетонных безнапорных фальцевых труб с жестким соединением диаметром: 1400 мм
ГЭСН	23	23-01-009	Укладка трубопроводов из железобетонных безнапорных фальцевых труб с жестким соединением	23-01-009-08	100 м	Укладка трубопроводов из железобетонных безнапорных фальцевых труб с жестким соединением диаметром: 1600 мм
ГЭСН	23	23-01-009	Укладка трубопроводов из железобетонных безнапорных фальцевых труб с жестким соединением	23-01-009-09	100 м	Укладка трубопроводов из железобетонных безнапорных фальцевых труб с жестким соединением диаметром: 2000 мм
ГЭСН	23	23-01-009	Укладка трубопроводов из железобетонных безнапорных фальцевых труб с жестким соединением	23-01-009-10	100 м	Укладка трубопроводов из железобетонных безнапорных фальцевых труб с жестким соединением диаметром: 2400 мм
ГЭСН	23	23-01-010	Укладка трубопроводов из железобетонных безнапорных фальцевых труб большого диаметра с жестким соединением	23-01-010-01	100 м	Укладка трубопроводов из железобетонных безнапорных фальцевых труб большого диаметра с жестким соединением диаметром: 3000 мм
ГЭСН	23	23-01-010	Укладка трубопроводов из железобетонных безнапорных фальцевых труб большого диаметра с жестким соединением	23-01-010-02	100 м	Укладка трубопроводов из железобетонных безнапорных фальцевых труб большого диаметра с жестким соединением диаметром: 3500 мм
ГЭСН	23	23-01-011	Укладка трубопроводов из железобетонных безнапорных фальцевых труб с гибким соединением	23-01-011-01	100 м	Укладка трубопроводов из железобетонных безнапорных фальцевых труб с гибким соединением диаметром: 400 мм
ГЭСН	23	23-01-011	Укладка трубопроводов из железобетонных безнапорных фальцевых труб с гибким соединением	23-01-011-02	100 м	Укладка трубопроводов из железобетонных безнапорных фальцевых труб с гибким соединением диаметром: 500 мм
ГЭСН	23	23-01-011	Укладка трубопроводов из железобетонных безнапорных фальцевых труб с гибким соединением	23-01-011-03	100 м	Укладка трубопроводов из железобетонных безнапорных фальцевых труб с гибким соединением диаметром: 600 мм
ГЭСН	23	23-01-011	Укладка трубопроводов из железобетонных безнапорных фальцевых труб с гибким соединением	23-01-011-04	100 м	Укладка трубопроводов из железобетонных безнапорных фальцевых труб с гибким соединением диаметром: 800 мм
ГЭСН	23	23-01-011	Укладка трубопроводов из железобетонных безнапорных фальцевых труб с гибким соединением	23-01-011-05	100 м	Укладка трубопроводов из железобетонных безнапорных фальцевых труб с гибким соединением диаметром: 1000 мм
ГЭСН	23	23-01-011	Укладка трубопроводов из железобетонных безнапорных фальцевых труб с гибким соединением	23-01-011-06	100 м	Укладка трубопроводов из железобетонных безнапорных фальцевых труб с гибким соединением диаметром: 1200 мм
ГЭСН	23	23-01-011	Укладка трубопроводов из железобетонных безнапорных фальцевых труб с гибким соединением	23-01-011-07	100 м	Укладка трубопроводов из железобетонных безнапорных фальцевых труб с гибким соединением диаметром: 1400 мм
ГЭСН	23	23-01-011	Укладка трубопроводов из железобетонных безнапорных фальцевых труб с гибким соединением	23-01-011-08	100 м	Укладка трубопроводов из железобетонных безнапорных фальцевых труб с гибким соединением диаметром: 1600 мм
ГЭСН	23	23-01-011	Укладка трубопроводов из железобетонных безнапорных фальцевых труб с гибким соединением	23-01-011-09	100 м	Укладка трубопроводов из железобетонных безнапорных фальцевых труб с гибким соединением диаметром: 2000 мм
ГЭСН	23	23-01-011	Укладка трубопроводов из железобетонных безнапорных фальцевых труб с гибким соединением	23-01-011-10	100 м	Укладка трубопроводов из железобетонных безнапорных фальцевых труб с гибким соединением диаметром: 2400 мм
ГЭСН	23	23-01-012	Укладка трубопроводов из бетонных фальцевых труб с жестким соединением	23-01-012-01	100 м	Укладка трубопроводов из бетонных фальцевых труб с жестким соединением диаметром: 300 мм
ГЭСН	23	23-01-012	Укладка трубопроводов из бетонных фальцевых труб с жестким соединением	23-01-012-02	100 м	Укладка трубопроводов из бетонных фальцевых труб с жестким соединением диаметром: 400 мм
ГЭСН	23	23-01-012	Укладка трубопроводов из бетонных фальцевых труб с жестким соединением	23-01-012-03	100 м	Укладка трубопроводов из бетонных фальцевых труб с жестким соединением диаметром: 500 мм
ГЭСН	23	23-01-012	Укладка трубопроводов из бетонных фальцевых труб с жестким соединением	23-01-012-04	100 м	Укладка трубопроводов из бетонных фальцевых труб с жестким соединением диаметром: 600 мм
ГЭСН	23	23-01-012	Укладка трубопроводов из бетонных фальцевых труб с жестким соединением	23-01-012-05	100 м	Укладка трубопроводов из бетонных фальцевых труб с жестким соединением диаметром: 800 мм
ГЭСН	23	23-01-012	Укладка трубопроводов из бетонных фальцевых труб с жестким соединением	23-01-012-06	100 м	Укладка трубопроводов из бетонных фальцевых труб с жестким соединением диаметром: 1000 мм
ГЭСН	23	23-01-013	Укладка трубопроводов из бетонных фальцевых труб с гибким соединением	23-01-013-01	100 м	Укладка трубопроводов из бетонных фальцевых труб с гибким соединением диаметром: 300 мм
ГЭСН	23	23-01-013	Укладка трубопроводов из бетонных фальцевых труб с гибким соединением	23-01-013-02	100 м	Укладка трубопроводов из бетонных фальцевых труб с гибким соединением диаметром: 400 мм
ГЭСН	23	23-01-013	Укладка трубопроводов из бетонных фальцевых труб с гибким соединением	23-01-013-03	100 м	Укладка трубопроводов из бетонных фальцевых труб с гибким соединением диаметром: 500 мм
ГЭСН	23	23-01-013	Укладка трубопроводов из бетонных фальцевых труб с гибким соединением	23-01-013-04	100 м	Укладка трубопроводов из бетонных фальцевых труб с гибким соединением диаметром: 600 мм
ГЭСН	23	23-01-013	Укладка трубопроводов из бетонных фальцевых труб с гибким соединением	23-01-013-05	100 м	Укладка трубопроводов из бетонных фальцевых труб с гибким соединением диаметром: 800 мм
ГЭСН	23	23-01-013	Укладка трубопроводов из бетонных фальцевых труб с гибким соединением	23-01-013-06	100 м	Укладка трубопроводов из бетонных фальцевых труб с гибким соединением диаметром: 1000 мм
ГЭСН	23	23-01-020	Укладка канализационных безнапорных раструбных труб из поливинилхлорида (ПВХ)	23-01-020-01	100 м	Укладка канализационных безнапорных раструбных труб из поливинилхлорида (ПВХ) диаметром: 160 мм
ГЭСН	23	23-01-020	Укладка канализационных безнапорных раструбных труб из поливинилхлорида (ПВХ)	23-01-020-02	100 м	Укладка канализационных безнапорных раструбных труб из поливинилхлорида (ПВХ) диаметром: 200 мм
ГЭСН	23	23-01-020	Укладка канализационных безнапорных раструбных труб из поливинилхлорида (ПВХ)	23-01-020-03	100 м	Укладка канализационных безнапорных раструбных труб из поливинилхлорида (ПВХ) диаметром: 250 мм
ГЭСН	23	23-01-020	Укладка канализационных безнапорных раструбных труб из поливинилхлорида (ПВХ)	23-01-020-04	100 м	Укладка канализационных безнапорных раструбных труб из поливинилхлорида (ПВХ) диаметром: 315 мм
ГЭСН	23	23-01-020	Укладка канализационных безнапорных раструбных труб из поливинилхлорида (ПВХ)	23-01-020-05	100 м	Укладка канализационных безнапорных раструбных труб из поливинилхлорида (ПВХ) диаметром: 400 мм
ГЭСН	23	23-01-020	Укладка канализационных безнапорных раструбных труб из поливинилхлорида (ПВХ)	23-01-020-06	100 м	Укладка канализационных безнапорных раструбных труб из поливинилхлорида (ПВХ) диаметром: 500 мм
ГЭСН	23	23-01-030	Укладка трубопроводов канализации из полиэтиленовых труб	23-01-030-01	100 м	Укладка трубопроводов канализации из полиэтиленовых труб диаметром: 110 мм
ГЭСН	23	23-01-030	Укладка трубопроводов канализации из полиэтиленовых труб	23-01-030-02	100 м	Укладка трубопроводов канализации из полиэтиленовых труб диаметром: 160 мм
ГЭСН	23	23-01-030	Укладка трубопроводов канализации из полиэтиленовых труб	23-01-030-03	100 м	Укладка трубопроводов канализации из полиэтиленовых труб диаметром: 225 мм
ГЭСН	23	23-01-030	Укладка трубопроводов канализации из полиэтиленовых труб	23-01-030-04	100 м	Укладка трубопроводов канализации из полиэтиленовых труб диаметром: 250 мм
ГЭСН	23	23-01-030	Укладка трубопроводов канализации из полиэтиленовых труб	23-01-030-05	100 м	Укладка трубопроводов канализации из полиэтиленовых труб диаметром: 280 мм
ГЭСН	23	23-01-030	Укладка трубопроводов канализации из полиэтиленовых труб	23-01-030-06	100 м	Укладка трубопроводов канализации из полиэтиленовых труб диаметром: 315 мм
ГЭСН	23	23-01-030	Укладка трубопроводов канализации из полиэтиленовых труб	23-01-030-07	100 м	Укладка трубопроводов канализации из полиэтиленовых труб диаметром: 355 мм
ГЭСН	23	23-01-030	Укладка трубопроводов канализации из полиэтиленовых труб	23-01-030-08	100 м	Укладка трубопроводов канализации из полиэтиленовых труб диаметром: 400 мм
ГЭСН	23	23-01-030	Укладка трубопроводов канализации из полиэтиленовых труб	23-01-030-09	100 м	Укладка трубопроводов канализации из полиэтиленовых труб диаметром: 450 мм
ГЭСН	23	23-01-030	Укладка трубопроводов канализации из полиэтиленовых труб	23-01-030-10	100 м	Укладка трубопроводов канализации из полиэтиленовых труб диаметром: 500 мм
ГЭСН	23	23-01-030	Укладка трубопроводов канализации из полиэтиленовых труб	23-01-030-11	100 м	Укладка трубопроводов канализации из полиэтиленовых труб диаметром: 630 мм
ГЭСН	23	23-01-030	Укладка трубопроводов канализации из полиэтиленовых труб	23-01-030-12	100 м	Укладка трубопроводов канализации из полиэтиленовых труб диаметром: 710 мм
ГЭСН	23	23-01-030	Укладка трубопроводов канализации из полиэтиленовых труб	23-01-030-13	100 м	Укладка трубопроводов канализации из полиэтиленовых труб диаметром: 800 мм
ГЭСН	23	23-01-030	Укладка трубопроводов канализации из полиэтиленовых труб	23-01-030-14	100 м	Укладка трубопроводов канализации из полиэтиленовых труб диаметром: 900 мм
ГЭСН	23	23-01-030	Укладка трубопроводов канализации из полиэтиленовых труб	23-01-030-15	100 м	Укладка трубопроводов канализации из полиэтиленовых труб диаметром: 1000 мм
ГЭСН	23	23-01-030	Укладка трубопроводов канализации из полиэтиленовых труб	23-01-030-16	100 м	Укладка трубопроводов канализации из полиэтиленовых труб диаметром: 1200 мм
ГЭСН	23	23-01-030	Укладка трубопроводов канализации из полиэтиленовых труб	23-01-030-17	100 м	Укладка трубопроводов канализации из полиэтиленовых труб диаметром: 1400 мм
ГЭСН	23	23-01-030	Укладка трубопроводов канализации из полиэтиленовых труб	23-01-030-18	100 м	Укладка трубопроводов канализации из полиэтиленовых труб диаметром: 1600 мм
ГЭСН	23	23-01-031	Укладка трубопроводов водостока из полиэтиленовых труб	23-01-031-01	100 м	Укладка трубопроводов водостока из полиэтиленовых труб диаметром: 110 мм
ГЭСН	23	23-01-031	Укладка трубопроводов водостока из полиэтиленовых труб	23-01-031-02	100 м	Укладка трубопроводов водостока из полиэтиленовых труб диаметром: 160 мм
ГЭСН	23	23-01-031	Укладка трубопроводов водостока из полиэтиленовых труб	23-01-031-03	100 м	Укладка трубопроводов водостока из полиэтиленовых труб диаметром: 225 мм
ГЭСН	23	23-01-031	Укладка трубопроводов водостока из полиэтиленовых труб	23-01-031-04	100 м	Укладка трубопроводов водостока из полиэтиленовых труб диаметром: 250 мм
ГЭСН	23	23-01-031	Укладка трубопроводов водостока из полиэтиленовых труб	23-01-031-05	100 м	Укладка трубопроводов водостока из полиэтиленовых труб диаметром: 280 мм
ГЭСН	23	23-01-031	Укладка трубопроводов водостока из полиэтиленовых труб	23-01-031-06	100 м	Укладка трубопроводов водостока из полиэтиленовых труб диаметром: 315 мм
ГЭСН	23	23-01-031	Укладка трубопроводов водостока из полиэтиленовых труб	23-01-031-07	100 м	Укладка трубопроводов водостока из полиэтиленовых труб диаметром: 355 мм
ГЭСН	23	23-01-031	Укладка трубопроводов водостока из полиэтиленовых труб	23-01-031-08	100 м	Укладка трубопроводов водостока из полиэтиленовых труб диаметром: 400 мм
ГЭСН	23	23-01-031	Укладка трубопроводов водостока из полиэтиленовых труб	23-01-031-09	100 м	Укладка трубопроводов водостока из полиэтиленовых труб диаметром: 450 мм
ГЭСН	23	23-01-031	Укладка трубопроводов водостока из полиэтиленовых труб	23-01-031-10	100 м	Укладка трубопроводов водостока из полиэтиленовых труб диаметром: 500 мм
ГЭСН	23	23-01-031	Укладка трубопроводов водостока из полиэтиленовых труб	23-01-031-11	100 м	Укладка трубопроводов водостока из полиэтиленовых труб диаметром: 630 мм
ГЭСН	23	23-01-031	Укладка трубопроводов водостока из полиэтиленовых труб	23-01-031-12	100 м	Укладка трубопроводов водостока из полиэтиленовых труб диаметром: 710 мм
ГЭСН	23	23-01-031	Укладка трубопроводов водостока из полиэтиленовых труб	23-01-031-13	100 м	Укладка трубопроводов водостока из полиэтиленовых труб диаметром: 800 мм
ГЭСН	23	23-01-031	Укладка трубопроводов водостока из полиэтиленовых труб	23-01-031-14	100 м	Укладка трубопроводов водостока из полиэтиленовых труб диаметром: 900 мм
ГЭСН	23	23-01-031	Укладка трубопроводов водостока из полиэтиленовых труб	23-01-031-15	100 м	Укладка трубопроводов водостока из полиэтиленовых труб диаметром: 1000 мм
ГЭСН	23	23-01-031	Укладка трубопроводов водостока из полиэтиленовых труб	23-01-031-16	100 м	Укладка трубопроводов водостока из полиэтиленовых труб диаметром: 1200 мм
ГЭСН	23	23-01-032	Укладка витых с полой стенкой труб канализации из полиэтилена низкого давления (ПНД)	23-01-032-01	км	Укладка витых с полой стенкой труб канализации из полиэтилена низкого давления (ПНД) диаметром: 600 мм
ГЭСН	23	23-01-032	Укладка витых с полой стенкой труб канализации из полиэтилена низкого давления (ПНД)	23-01-032-02	км	Укладка витых с полой стенкой труб канализации из полиэтилена низкого давления (ПНД) диаметром: 700 мм
ГЭСН	23	23-01-032	Укладка витых с полой стенкой труб канализации из полиэтилена низкого давления (ПНД)	23-01-032-03	км	Укладка витых с полой стенкой труб канализации из полиэтилена низкого давления (ПНД) диаметром: 800 мм
ГЭСН	23	23-01-032	Укладка витых с полой стенкой труб канализации из полиэтилена низкого давления (ПНД)	23-01-032-04	км	Укладка витых с полой стенкой труб канализации из полиэтилена низкого давления (ПНД) диаметром: 900 мм
ГЭСН	23	23-01-032	Укладка витых с полой стенкой труб канализации из полиэтилена низкого давления (ПНД)	23-01-032-05	км	Укладка витых с полой стенкой труб канализации из полиэтилена низкого давления (ПНД) диаметром: 1000 мм
ГЭСН	23	23-01-032	Укладка витых с полой стенкой труб канализации из полиэтилена низкого давления (ПНД)	23-01-032-06	км	Укладка витых с полой стенкой труб канализации из полиэтилена низкого давления (ПНД) диаметром: 1200 мм
ГЭСН	23	23-01-032	Укладка витых с полой стенкой труб канализации из полиэтилена низкого давления (ПНД)	23-01-032-07	км	Укладка витых с полой стенкой труб канализации из полиэтилена низкого давления (ПНД) диаметром: 1500 мм
ГЭСН	23	23-01-032	Укладка витых с полой стенкой труб канализации из полиэтилена низкого давления (ПНД)	23-01-032-08	км	Укладка витых с полой стенкой труб канализации из полиэтилена низкого давления (ПНД) диаметром: 1800 мм
ГЭСН	23	23-01-032	Укладка витых с полой стенкой труб канализации из полиэтилена низкого давления (ПНД)	23-01-032-09	100 шт	Герметизация стыков при укладке витых с полой стенкой труб канализации из полиэтилена низкого давления (ПНД) с применением экструдера, диаметром: 600 мм
ГЭСН	23	23-01-032	Укладка витых с полой стенкой труб канализации из полиэтилена низкого давления (ПНД)	23-01-032-10	100 шт	Герметизация стыков при укладке витых с полой стенкой труб канализации из полиэтилена низкого давления (ПНД) с применением экструдера, диаметром: 700 мм
ГЭСН	23	23-01-032	Укладка витых с полой стенкой труб канализации из полиэтилена низкого давления (ПНД)	23-01-032-11	100 шт	Герметизация стыков при укладке витых с полой стенкой труб канализации из полиэтилена низкого давления (ПНД) с применением экструдера, диаметром: 800 мм
ГЭСН	23	23-01-032	Укладка витых с полой стенкой труб канализации из полиэтилена низкого давления (ПНД)	23-01-032-12	100 шт	Герметизация стыков при укладке витых с полой стенкой труб канализации из полиэтилена низкого давления (ПНД) с применением экструдера, диаметром: 900 мм
ГЭСН	23	23-01-032	Укладка витых с полой стенкой труб канализации из полиэтилена низкого давления (ПНД)	23-01-032-13	100 шт	Герметизация стыков при укладке витых с полой стенкой труб канализации из полиэтилена низкого давления (ПНД) с применением экструдера, диаметром: 1000 мм
ГЭСН	23	23-01-032	Укладка витых с полой стенкой труб канализации из полиэтилена низкого давления (ПНД)	23-01-032-14	100 шт	Герметизация стыков при укладке витых с полой стенкой труб канализации из полиэтилена низкого давления (ПНД) с применением экструдера, диаметром: 1200 мм
ГЭСН	23	23-01-032	Укладка витых с полой стенкой труб канализации из полиэтилена низкого давления (ПНД)	23-01-032-15	100 шт	Герметизация стыков при укладке витых с полой стенкой труб канализации из полиэтилена низкого давления (ПНД) с применением экструдера, диаметром: 1500 мм
ГЭСН	23	23-01-032	Укладка витых с полой стенкой труб канализации из полиэтилена низкого давления (ПНД)	23-01-032-16	100 шт	Герметизация стыков при укладке витых с полой стенкой труб канализации из полиэтилена низкого давления (ПНД) с применением экструдера, диаметром: 1800 мм
ГЭСН	23	23-01-033	Укладка трубопроводов канализации из труб полиэтиленовых с двухслойной профилированной стенкой с раструбным соединением	23-01-033-01	100 м	Укладка трубопроводов канализации из труб полиэтиленовых с двухслойной профилированной стенкой с раструбным соединением диаметром: 500 мм
ГЭСН	23	23-01-033	Укладка трубопроводов канализации из труб полиэтиленовых с двухслойной профилированной стенкой с раструбным соединением	23-01-033-02	100 м	Укладка трубопроводов канализации из труб полиэтиленовых с двухслойной профилированной стенкой с раструбным соединением диаметром: 630 мм
ГЭСН	23	23-01-033	Укладка трубопроводов канализации из труб полиэтиленовых с двухслойной профилированной стенкой с раструбным соединением	23-01-033-03	100 м	Укладка трубопроводов канализации из труб полиэтиленовых с двухслойной профилированной стенкой с раструбным соединением диаметром: 800 мм
ГЭСН	23	23-01-033	Укладка трубопроводов канализации из труб полиэтиленовых с двухслойной профилированной стенкой с раструбным соединением	23-01-033-04	100 м	Укладка трубопроводов канализации из труб полиэтиленовых с двухслойной профилированной стенкой с раструбным соединением диаметром: 1000 мм
ГЭСН	23	23-01-033	Укладка трубопроводов канализации из труб полиэтиленовых с двухслойной профилированной стенкой с раструбным соединением	23-01-033-05	100 м	Укладка трубопроводов канализации из труб полиэтиленовых с двухслойной профилированной стенкой с раструбным соединением диаметром: 1200 мм
ГЭСН	23	23-01-033	Укладка трубопроводов канализации из труб полиэтиленовых с двухслойной профилированной стенкой с раструбным соединением	23-01-033-06	100 м	Укладка трубопроводов канализации из труб полиэтиленовых с двухслойной профилированной стенкой с электрофузионным раструбным соединением диаметром: 1200 мм
ГЭСН	23	23-01-033	Укладка трубопроводов канализации из труб полиэтиленовых с двухслойной профилированной стенкой с раструбным соединением	23-01-033-07	100 м	Укладка трубопроводов канализации из труб полиэтиленовых с двухслойной профилированной стенкой с электрофузионным раструбным соединением диаметром: 1400 мм
ГЭСН	23	23-01-033	Укладка трубопроводов канализации из труб полиэтиленовых с двухслойной профилированной стенкой с раструбным соединением	23-01-033-08	100 м	Укладка трубопроводов канализации из труб полиэтиленовых с двухслойной профилированной стенкой с электрофузионным раструбным соединением диаметром: 1600 мм
ГЭСН	23	23-01-033	Укладка трубопроводов канализации из труб полиэтиленовых с двухслойной профилированной стенкой с раструбным соединением	23-01-033-09	100 м	Укладка трубопроводов канализации из труб полиэтиленовых с двухслойной профилированной стенкой с электрофузионным раструбным соединением диаметром: 1800 мм
ГЭСН	23	23-01-033	Укладка трубопроводов канализации из труб полиэтиленовых с двухслойной профилированной стенкой с раструбным соединением	23-01-033-10	100 м	Укладка трубопроводов канализации из труб полиэтиленовых с двухслойной профилированной стенкой с электрофузионным раструбным соединением диаметром: 2000 мм
ГЭСН	23	23-01-033	Укладка трубопроводов канализации из труб полиэтиленовых с двухслойной профилированной стенкой с раструбным соединением	23-01-033-11	100 м	Укладка трубопроводов канализации из труб полиэтиленовых с двухслойной профилированной стенкой с электрофузионным раструбным соединением диаметром: 2200 мм
ГЭСН	23	23-01-033	Укладка трубопроводов канализации из труб полиэтиленовых с двухслойной профилированной стенкой с раструбным соединением	23-01-033-12	100 м	Укладка трубопроводов канализации из труб полиэтиленовых с двухслойной профилированной стенкой с электрофузионным раструбным соединением диаметром: 2600 мм
ГЭСН	23	23-01-033	Укладка трубопроводов канализации из труб полиэтиленовых с двухслойной профилированной стенкой с раструбным соединением	23-01-033-13	100 м	Укладка трубопроводов канализации из труб полиэтиленовых с двухслойной профилированной стенкой с электрофузионным раструбным соединением диаметром: 3000 мм
ГЭСН	23	23-01-034	Укладка трубопроводов канализации из труб гофрированных полипропиленовых с двухслойной стенкой с соединением полипропиленовыми муфтами	23-01-034-01	100 м	Укладка трубопроводов канализации из труб гофрированных полипропиленовых с двухслойной стенкой с соединением полипропиленовыми муфтами: диаметр 200 мм
ГЭСН	23	23-01-034	Укладка трубопроводов канализации из труб гофрированных полипропиленовых с двухслойной стенкой с соединением полипропиленовыми муфтами	23-01-034-02	100 м	Укладка трубопроводов канализации из труб гофрированных полипропиленовых с двухслойной стенкой с соединением полипропиленовыми муфтами: диаметр 400 мм
ГЭСН	23	23-01-034	Укладка трубопроводов канализации из труб гофрированных полипропиленовых с двухслойной стенкой с соединением полипропиленовыми муфтами	23-01-034-03	100 м	Укладка трубопроводов канализации из труб гофрированных полипропиленовых с двухслойной стенкой с соединением полипропиленовыми муфтами: диаметр 600 мм
ГЭСН	23	23-01-035	Укладка трубопроводов канализации из труб полиэтиленовых с двухслойной профилированной стенкой с соединением полиэтиленовыми муфтами	23-01-035-01	100 м	Укладка трубопроводов канализации из труб полиэтиленовых с двухслойной профилированной стенкой с соединением полиэтиленовыми муфтами: диаметр 160 мм
ГЭСН	23	23-01-035	Укладка трубопроводов канализации из труб полиэтиленовых с двухслойной профилированной стенкой с соединением полиэтиленовыми муфтами	23-01-035-02	100 м	Укладка трубопроводов канализации из труб полиэтиленовых с двухслойной профилированной стенкой с соединением полиэтиленовыми муфтами: диаметр 200 мм
ГЭСН	23	23-01-035	Укладка трубопроводов канализации из труб полиэтиленовых с двухслойной профилированной стенкой с соединением полиэтиленовыми муфтами	23-01-035-03	100 м	Укладка трубопроводов канализации из труб полиэтиленовых с двухслойной профилированной стенкой с соединением полиэтиленовыми муфтами: диаметр 250 мм
ГЭСН	23	23-01-035	Укладка трубопроводов канализации из труб полиэтиленовых с двухслойной профилированной стенкой с соединением полиэтиленовыми муфтами	23-01-035-04	100 м	Укладка трубопроводов канализации из труб полиэтиленовых с двухслойной профилированной стенкой с соединением полиэтиленовыми муфтами: диаметр 315 мм
ГЭСН	23	23-01-035	Укладка трубопроводов канализации из труб полиэтиленовых с двухслойной профилированной стенкой с соединением полиэтиленовыми муфтами	23-01-035-05	100 м	Укладка трубопроводов канализации из труб полиэтиленовых с двухслойной профилированной стенкой с соединением полиэтиленовыми муфтами: диаметр 400 мм
ГЭСН	23	23-03-001	Устройство круглых сборных железобетонных канализационных колодцев	23-03-001-01	10 м3	Устройство круглых сборных железобетонных канализационных колодцев диаметром: 0,7 м в сухих грунтах
ГЭСН	23	23-03-001	Устройство круглых сборных железобетонных канализационных колодцев	23-03-001-02	10 м3	Устройство круглых сборных железобетонных канализационных колодцев диаметром: 0,7 м в мокрых грунтах
ГЭСН	23	23-03-001	Устройство круглых сборных железобетонных канализационных колодцев	23-03-001-03	10 м3	Устройство круглых сборных железобетонных канализационных колодцев диаметром: 1 м в сухих грунтах
ГЭСН	23	23-03-001	Устройство круглых сборных железобетонных канализационных колодцев	23-03-001-04	10 м3	Устройство круглых сборных железобетонных канализационных колодцев диаметром: 1 м в мокрых грунтах
ГЭСН	23	23-03-001	Устройство круглых сборных железобетонных канализационных колодцев	23-03-001-05	10 м3	Устройство круглых сборных железобетонных канализационных колодцев диаметром: 1,5 м в сухих грунтах
ГЭСН	23	23-03-001	Устройство круглых сборных железобетонных канализационных колодцев	23-03-001-06	10 м3	Устройство круглых сборных железобетонных канализационных колодцев диаметром: 1,5 м в мокрых грунтах
ГЭСН	23	23-03-001	Устройство круглых сборных железобетонных канализационных колодцев	23-03-001-07	10 м3	Устройство круглых сборных железобетонных канализационных колодцев диаметром: 2 м в сухих грунтах
ГЭСН	23	23-03-001	Устройство круглых сборных железобетонных канализационных колодцев	23-03-001-08	10 м3	Устройство круглых сборных железобетонных канализационных колодцев диаметром: 2 м в мокрых грунтах
ГЭСН	23	23-03-002	Устройство круглых кирпичных канализационных колодцев с покрытием из сборного железобетона	23-03-002-01	10 м3	Устройство круглых кирпичных канализационных колодцев с покрытием из сборного железобетона в сухих грунтах, диаметр колодца: 0,7 м
ГЭСН	23	23-03-002	Устройство круглых кирпичных канализационных колодцев с покрытием из сборного железобетона	23-03-002-02	10 м3	Устройство круглых кирпичных канализационных колодцев с покрытием из сборного железобетона в сухих грунтах, диаметр колодца: 1 м
ГЭСН	23	23-03-002	Устройство круглых кирпичных канализационных колодцев с покрытием из сборного железобетона	23-03-002-03	10 м3	Устройство круглых кирпичных канализационных колодцев с покрытием из сборного железобетона в сухих грунтах, диаметр колодца: 1,5 м
ГЭСН	23	23-03-003	Устройство круглых кирпичных канализационных колодцев с конусным переходом к горловине	23-03-003-01	10 м3	Устройство круглых кирпичных канализационных колодцев с конусным переходом к горловине в сухих грунтах, диаметр колодца: 1 м
ГЭСН	23	23-03-003	Устройство круглых кирпичных канализационных колодцев с конусным переходом к горловине	23-03-003-02	10 м3	Устройство круглых кирпичных канализационных колодцев с конусным переходом к горловине в сухих грунтах, диаметр колодца: 1,25 м
ГЭСН	23	23-03-003	Устройство круглых кирпичных канализационных колодцев с конусным переходом к горловине	23-03-003-03	10 м3	Устройство круглых кирпичных канализационных колодцев с конусным переходом к горловине в сухих грунтах, диаметр колодца: 1,5 м
ГЭСН	23	23-03-004	Устройство колодцев канализационных прямоугольных кирпичных	23-03-004-01	10 м3	Устройство колодцев канализационных прямоугольных кирпичных площадью: до 3 м2 в сухих грунтах
ГЭСН	23	23-03-004	Устройство колодцев канализационных прямоугольных кирпичных	23-03-004-02	10 м3	Устройство колодцев канализационных прямоугольных кирпичных площадью: до 3 м2 в мокрых грунтах
ГЭСН	23	23-03-004	Устройство колодцев канализационных прямоугольных кирпичных	23-03-004-03	10 м3	Устройство колодцев канализационных прямоугольных кирпичных площадью: до 3 м2 в просадочных грунтах
ГЭСН	23	23-03-004	Устройство колодцев канализационных прямоугольных кирпичных	23-03-004-04	10 м3	Устройство колодцев канализационных прямоугольных кирпичных площадью: более 3 м2 в сухих грунтах
ГЭСН	23	23-03-004	Устройство колодцев канализационных прямоугольных кирпичных	23-03-004-05	10 м3	Устройство колодцев канализационных прямоугольных кирпичных площадью: более 3 м2 в мокрых грунтах
ГЭСН	23	23-03-004	Устройство колодцев канализационных прямоугольных кирпичных	23-03-004-06	10 м3	Устройство колодцев канализационных прямоугольных кирпичных площадью: более 3 м2 в просадочных грунтах
ГЭСН	23	23-03-005	Устройство круглых бетонных монолитных канализационных колодцев	23-03-005-01	10 м3	Устройство круглых бетонных монолитных канализационных колодцев диаметром: 0,7 м в сухих грунтах
ГЭСН	23	23-03-005	Устройство круглых бетонных монолитных канализационных колодцев	23-03-005-02	10 м3	Устройство круглых бетонных монолитных канализационных колодцев диаметром: 0,7 м в мокрых грунтах
ГЭСН	23	23-03-005	Устройство круглых бетонных монолитных канализационных колодцев	23-03-005-03	10 м3	Устройство круглых бетонных монолитных канализационных колодцев диаметром: 1 м в сухих грунтах
ГЭСН	23	23-03-005	Устройство круглых бетонных монолитных канализационных колодцев	23-03-005-04	10 м3	Устройство круглых бетонных монолитных канализационных колодцев диаметром: 1 м в мокрых грунтах
ГЭСН	23	23-03-005	Устройство круглых бетонных монолитных канализационных колодцев	23-03-005-05	10 м3	Устройство круглых бетонных монолитных канализационных колодцев диаметром: 1,5 м в сухих грунтах
ГЭСН	23	23-03-005	Устройство круглых бетонных монолитных канализационных колодцев	23-03-005-06	10 м3	Устройство круглых бетонных монолитных канализационных колодцев диаметром: 1,5 м в мокрых грунтах
ГЭСН	23	23-03-005	Устройство круглых бетонных монолитных канализационных колодцев	23-03-005-07	10 м3	Устройство круглых бетонных монолитных канализационных колодцев диаметром: 2 м в сухих грунтах
ГЭСН	23	23-03-005	Устройство круглых бетонных монолитных канализационных колодцев	23-03-005-08	10 м3	Устройство круглых бетонных монолитных канализационных колодцев диаметром: 2 м в мокрых грунтах
ГЭСН	23	23-03-006	Устройство прямоугольных бетонных монолитных канализационных колодцев	23-03-006-01	10 м3	Устройство прямоугольных бетонных монолитных канализационных колодцев площадью: до 3 м2 в сухих грунтах
ГЭСН	23	23-03-006	Устройство прямоугольных бетонных монолитных канализационных колодцев	23-03-006-02	10 м3	Устройство прямоугольных бетонных монолитных канализационных колодцев площадью: до 3 м2 в мокрых грунтах
ГЭСН	23	23-03-006	Устройство прямоугольных бетонных монолитных канализационных колодцев	23-03-006-03	10 м3	Устройство прямоугольных бетонных монолитных канализационных колодцев площадью: до 3 м2 в просадочных грунтах
ГЭСН	23	23-03-006	Устройство прямоугольных бетонных монолитных канализационных колодцев	23-03-006-04	10 м3	Устройство прямоугольных бетонных монолитных канализационных колодцев площадью: более 3 м2 в сухих грунтах
ГЭСН	23	23-03-006	Устройство прямоугольных бетонных монолитных канализационных колодцев	23-03-006-05	10 м3	Устройство прямоугольных бетонных монолитных канализационных колодцев площадью: более 3 м2 в мокрых грунтах
ГЭСН	23	23-03-006	Устройство прямоугольных бетонных монолитных канализационных колодцев	23-03-006-06	10 м3	Устройство прямоугольных бетонных монолитных канализационных колодцев площадью: более 3 м2 в просадочных грунтах
ГЭСН	23	23-03-007	Устройство круглых дождеприемных колодцев для дождевой канализации	23-03-007-01	10 м3	Устройство круглых дождеприемных колодцев для дождевой канализации: из сборного железобетона диаметром 0,7 м в сухих грунтах
ГЭСН	23	23-03-007	Устройство круглых дождеприемных колодцев для дождевой канализации	23-03-007-02	10 м3	Устройство круглых дождеприемных колодцев для дождевой канализации: из сборного железобетона диаметром 0,7 м в мокрых грунтах
ГЭСН	23	23-03-007	Устройство круглых дождеприемных колодцев для дождевой канализации	23-03-007-03	10 м3	Устройство круглых дождеприемных колодцев для дождевой канализации: из сборного железобетона диаметром 1,0 м в сухих грунтах
ГЭСН	23	23-03-007	Устройство круглых дождеприемных колодцев для дождевой канализации	23-03-007-04	10 м3	Устройство круглых дождеприемных колодцев для дождевой канализации: из сборного железобетона диаметром 1,0 м в мокрых грунтах
ГЭСН	23	23-03-007	Устройство круглых дождеприемных колодцев для дождевой канализации	23-03-007-05	10 м3	Устройство круглых дождеприемных колодцев для дождевой канализации: из кирпича диаметром 0,7 м в сухих грунтах
ГЭСН	23	23-03-007	Устройство круглых дождеприемных колодцев для дождевой канализации	23-03-007-06	10 м3	Устройство круглых дождеприемных колодцев для дождевой канализации: из кирпича диаметром 0,7 м в мокрых грунтах
ГЭСН	23	23-03-008	Установка сборных железобетонных колец горловин колодцев	23-03-008-01	100 шт	Установка сборных железобетонных колец горловин колодцев
ГЭСН	23	23-03-009	Установка круглых сборно-сварных колодцев из полимерных материалов	23-03-009-01	шт	Установка круглых сборно-сварных колодцев из полимерных материалов с внутренним диаметром: 800 мм
ГЭСН	23	23-03-009	Установка круглых сборно-сварных колодцев из полимерных материалов	23-03-009-02	шт	Установка круглых сборно-сварных колодцев из полимерных материалов с внутренним диаметром: 1000 мм
ГЭСН	23	23-03-009	Установка круглых сборно-сварных колодцев из полимерных материалов	23-03-009-03	шт	Установка круглых сборно-сварных колодцев из полимерных материалов с внутренним диаметром: 1600 мм
ГЭСН	23	23-03-010	Установка круглых сборных колодцев из полимерных материалов	23-03-010-01	шт	Установка круглых сборных колодцев из полимерных материалов высотой 1,5 м, диаметром: 630 мм
ГЭСН	23	23-03-010	Установка круглых сборных колодцев из полимерных материалов	23-03-010-02	шт	Установка круглых сборных колодцев из полимерных материалов высотой 1,5 м, диаметром: 800 мм
ГЭСН	23	23-03-010	Установка круглых сборных колодцев из полимерных материалов	23-03-010-03	шт	Установка круглых сборных колодцев из полимерных материалов высотой 1,5 м, диаметром: 1000 мм
ГЭСН	23	23-03-010	Установка круглых сборных колодцев из полимерных материалов	23-03-010-04	шт	Установка колец тела колодца из полимерных материалов высотой 0,5 м, диаметром: 630 мм
ГЭСН	23	23-03-010	Установка круглых сборных колодцев из полимерных материалов	23-03-010-05	шт	Установка колец тела колодца из полимерных материалов высотой 0,5 м, диаметром: 800 мм
ГЭСН	23	23-03-010	Установка круглых сборных колодцев из полимерных материалов	23-03-010-06	шт	Установка колец тела колодца из полимерных материалов высотой 0,5 м, диаметром: 1000 мм
ГЭСН	24	24-01-001	Прокладка трубопроводов в каналах и надземная при условном давлении 0,6 МПа, температуре 115°С	24-01-001-01	км	Прокладка стальных трубопроводов в каналах и надземная при номинальном давлении 0,6 МПа, температуре 115°С, диаметр труб: 50 мм
ГЭСН	24	24-01-001	Прокладка трубопроводов в каналах и надземная при условном давлении 0,6 МПа, температуре 115°С	24-01-001-02	км	Прокладка стальных трубопроводов в каналах и надземная при номинальном давлении 0,6 МПа, температуре 115°С, диаметр труб: 65 мм
ГЭСН	24	24-01-001	Прокладка трубопроводов в каналах и надземная при условном давлении 0,6 МПа, температуре 115°С	24-01-001-03	км	Прокладка стальных трубопроводов в каналах и надземная при номинальном давлении 0,6 МПа, температуре 115°С, диаметр труб: 80 мм
ГЭСН	24	24-01-001	Прокладка трубопроводов в каналах и надземная при условном давлении 0,6 МПа, температуре 115°С	24-01-001-04	км	Прокладка стальных трубопроводов в каналах и надземная при номинальном давлении 0,6 МПа, температуре 115°С, диаметр труб: 100 мм
ГЭСН	24	24-01-001	Прокладка трубопроводов в каналах и надземная при условном давлении 0,6 МПа, температуре 115°С	24-01-001-05	км	Прокладка стальных трубопроводов в каналах и надземная при номинальном давлении 0,6 МПа, температуре 115°С, диаметр труб: 125 мм
ГЭСН	24	24-01-001	Прокладка трубопроводов в каналах и надземная при условном давлении 0,6 МПа, температуре 115°С	24-01-001-06	км	Прокладка стальных трубопроводов в каналах и надземная при номинальном давлении 0,6 МПа, температуре 115°С, диаметр труб: 150 мм
ГЭСН	24	24-01-001	Прокладка трубопроводов в каналах и надземная при условном давлении 0,6 МПа, температуре 115°С	24-01-001-07	км	Прокладка стальных трубопроводов в каналах и надземная при номинальном давлении 0,6 МПа, температуре 115°С, диаметр труб: 200 мм
ГЭСН	24	24-01-001	Прокладка трубопроводов в каналах и надземная при условном давлении 0,6 МПа, температуре 115°С	24-01-001-08	км	Прокладка стальных трубопроводов в каналах и надземная при номинальном давлении 0,6 МПа, температуре 115°С, диаметр труб: 250 мм
ГЭСН	24	24-01-001	Прокладка трубопроводов в каналах и надземная при условном давлении 0,6 МПа, температуре 115°С	24-01-001-09	км	Прокладка стальных трубопроводов в каналах и надземная при номинальном давлении 0,6 МПа, температуре 115°С, диаметр труб: 300 мм
ГЭСН	24	24-01-002	Прокладка трубопроводов в непроходном канале при условном давлении 1,6 МПа, температуре 150°С	24-01-002-01	км	Прокладка стальных трубопроводов в непроходном канале при номинальном давлении 1,6 МПа, температуре 150°С, диаметр труб: 50 мм
ГЭСН	24	24-01-002	Прокладка трубопроводов в непроходном канале при условном давлении 1,6 МПа, температуре 150°С	24-01-002-02	км	Прокладка стальных трубопроводов в непроходном канале при номинальном давлении 1,6 МПа, температуре 150°С, диаметр труб: 65 мм
ГЭСН	24	24-01-002	Прокладка трубопроводов в непроходном канале при условном давлении 1,6 МПа, температуре 150°С	24-01-002-03	км	Прокладка стальных трубопроводов в непроходном канале при номинальном давлении 1,6 МПа, температуре 150°С, диаметр труб: 80 мм
ГЭСН	24	24-01-002	Прокладка трубопроводов в непроходном канале при условном давлении 1,6 МПа, температуре 150°С	24-01-002-04	км	Прокладка стальных трубопроводов в непроходном канале при номинальном давлении 1,6 МПа, температуре 150°С, диаметр труб: 100 мм
ГЭСН	24	24-01-002	Прокладка трубопроводов в непроходном канале при условном давлении 1,6 МПа, температуре 150°С	24-01-002-05	км	Прокладка стальных трубопроводов в непроходном канале при номинальном давлении 1,6 МПа, температуре 150°С, диаметр труб: 125 мм
ГЭСН	24	24-01-002	Прокладка трубопроводов в непроходном канале при условном давлении 1,6 МПа, температуре 150°С	24-01-002-06	км	Прокладка стальных трубопроводов в непроходном канале при номинальном давлении 1,6 МПа, температуре 150°С, диаметр труб: 150 мм
ГЭСН	24	24-01-002	Прокладка трубопроводов в непроходном канале при условном давлении 1,6 МПа, температуре 150°С	24-01-002-07	км	Прокладка стальных трубопроводов в непроходном канале при номинальном давлении 1,6 МПа, температуре 150°С, диаметр труб: 200 мм
ГЭСН	24	24-01-002	Прокладка трубопроводов в непроходном канале при условном давлении 1,6 МПа, температуре 150°С	24-01-002-08	км	Прокладка стальных трубопроводов в непроходном канале при номинальном давлении 1,6 МПа, температуре 150°С, диаметр труб: 250 мм
ГЭСН	24	24-01-002	Прокладка трубопроводов в непроходном канале при условном давлении 1,6 МПа, температуре 150°С	24-01-002-09	км	Прокладка стальных трубопроводов в непроходном канале при номинальном давлении 1,6 МПа, температуре 150°С, диаметр труб: 300 мм
ГЭСН	24	24-01-002	Прокладка трубопроводов в непроходном канале при условном давлении 1,6 МПа, температуре 150°С	24-01-002-10	км	Прокладка стальных трубопроводов в непроходном канале при номинальном давлении 1,6 МПа, температуре 150°С, диаметр труб: 350 мм
ГЭСН	24	24-01-002	Прокладка трубопроводов в непроходном канале при условном давлении 1,6 МПа, температуре 150°С	24-01-002-11	км	Прокладка стальных трубопроводов в непроходном канале при номинальном давлении 1,6 МПа, температуре 150°С, диаметр труб: 400 мм
ГЭСН	24	24-01-002	Прокладка трубопроводов в непроходном канале при условном давлении 1,6 МПа, температуре 150°С	24-01-002-12	км	Прокладка стальных трубопроводов в непроходном канале при номинальном давлении 1,6 МПа, температуре 150°С, диаметр труб: 450 мм
ГЭСН	24	24-01-002	Прокладка трубопроводов в непроходном канале при условном давлении 1,6 МПа, температуре 150°С	24-01-002-13	км	Прокладка стальных трубопроводов в непроходном канале при номинальном давлении 1,6 МПа, температуре 150°С, диаметр труб: 500 мм
ГЭСН	24	24-01-002	Прокладка трубопроводов в непроходном канале при условном давлении 1,6 МПа, температуре 150°С	24-01-002-14	км	Прокладка стальных трубопроводов в непроходном канале при номинальном давлении 1,6 МПа, температуре 150°С, диаметр труб: 600 мм
ГЭСН	24	24-01-002	Прокладка трубопроводов в непроходном канале при условном давлении 1,6 МПа, температуре 150°С	24-01-002-15	км	Прокладка стальных трубопроводов в непроходном канале при номинальном давлении 1,6 МПа, температуре 150°С, диаметр труб: 700 мм
ГЭСН	24	24-01-002	Прокладка трубопроводов в непроходном канале при условном давлении 1,6 МПа, температуре 150°С	24-01-002-16	км	Прокладка стальных трубопроводов в непроходном канале при номинальном давлении 1,6 МПа, температуре 150°С, диаметр труб: 800 мм
ГЭСН	24	24-01-002	Прокладка трубопроводов в непроходном канале при условном давлении 1,6 МПа, температуре 150°С	24-01-002-17	км	Прокладка стальных трубопроводов в непроходном канале при номинальном давлении 1,6 МПа, температуре 150°С, диаметр труб: 900 мм
ГЭСН	24	24-01-002	Прокладка трубопроводов в непроходном канале при условном давлении 1,6 МПа, температуре 150°С	24-01-002-18	км	Прокладка стальных трубопроводов в непроходном канале при номинальном давлении 1,6 МПа, температуре 150°С, диаметр труб: 1000 мм
ГЭСН	24	24-01-002	Прокладка трубопроводов в непроходном канале при условном давлении 1,6 МПа, температуре 150°С	24-01-002-19	км	Прокладка стальных трубопроводов в непроходном канале при номинальном давлении 1,6 МПа, температуре 150°С, диаметр труб: 1200 мм
ГЭСН	24	24-01-003	Прокладка трубопроводов в проходном канале при условном давлении 1,6 МПа, температуре 150°С	24-01-003-01	км	Прокладка стальных трубопроводов в проходном канале при номинальном давлении 1,6 МПа, температуре 150°С, диаметр труб: 50 мм
ГЭСН	24	24-01-003	Прокладка трубопроводов в проходном канале при условном давлении 1,6 МПа, температуре 150°С	24-01-003-02	км	Прокладка стальных трубопроводов в проходном канале при номинальном давлении 1,6 МПа, температуре 150°С, диаметр труб: 65 мм
ГЭСН	24	24-01-003	Прокладка трубопроводов в проходном канале при условном давлении 1,6 МПа, температуре 150°С	24-01-003-03	км	Прокладка стальных трубопроводов в проходном канале при номинальном давлении 1,6 МПа, температуре 150°С, диаметр труб: 80 мм
ГЭСН	24	24-01-003	Прокладка трубопроводов в проходном канале при условном давлении 1,6 МПа, температуре 150°С	24-01-003-04	км	Прокладка стальных трубопроводов в проходном канале при номинальном давлении 1,6 МПа, температуре 150°С, диаметр труб: 100 мм
ГЭСН	24	24-01-003	Прокладка трубопроводов в проходном канале при условном давлении 1,6 МПа, температуре 150°С	24-01-003-05	км	Прокладка стальных трубопроводов в проходном канале при номинальном давлении 1,6 МПа, температуре 150°С, диаметр труб: 125 мм
ГЭСН	24	24-01-003	Прокладка трубопроводов в проходном канале при условном давлении 1,6 МПа, температуре 150°С	24-01-003-06	км	Прокладка стальных трубопроводов в проходном канале при номинальном давлении 1,6 МПа, температуре 150°С, диаметр труб: 150 мм
ГЭСН	24	24-01-003	Прокладка трубопроводов в проходном канале при условном давлении 1,6 МПа, температуре 150°С	24-01-003-07	км	Прокладка стальных трубопроводов в проходном канале при номинальном давлении 1,6 МПа, температуре 150°С, диаметр труб: 200 мм
ГЭСН	24	24-01-003	Прокладка трубопроводов в проходном канале при условном давлении 1,6 МПа, температуре 150°С	24-01-003-08	км	Прокладка стальных трубопроводов в проходном канале при номинальном давлении 1,6 МПа, температуре 150°С, диаметр труб: 250 мм
ГЭСН	24	24-01-003	Прокладка трубопроводов в проходном канале при условном давлении 1,6 МПа, температуре 150°С	24-01-003-09	км	Прокладка стальных трубопроводов в проходном канале при номинальном давлении 1,6 МПа, температуре 150°С, диаметр труб: 300 мм
ГЭСН	24	24-01-003	Прокладка трубопроводов в проходном канале при условном давлении 1,6 МПа, температуре 150°С	24-01-003-10	км	Прокладка стальных трубопроводов в проходном канале при номинальном давлении 1,6 МПа, температуре 150°С, диаметр труб: 350 мм
ГЭСН	24	24-01-003	Прокладка трубопроводов в проходном канале при условном давлении 1,6 МПа, температуре 150°С	24-01-003-11	км	Прокладка стальных трубопроводов в проходном канале при номинальном давлении 1,6 МПа, температуре 150°С, диаметр труб: 400 мм
ГЭСН	24	24-01-003	Прокладка трубопроводов в проходном канале при условном давлении 1,6 МПа, температуре 150°С	24-01-003-12	км	Прокладка стальных трубопроводов в проходном канале при номинальном давлении 1,6 МПа, температуре 150°С, диаметр труб: 450 мм
ГЭСН	24	24-01-003	Прокладка трубопроводов в проходном канале при условном давлении 1,6 МПа, температуре 150°С	24-01-003-13	км	Прокладка стальных трубопроводов в проходном канале при номинальном давлении 1,6 МПа, температуре 150°С, диаметр труб: 500 мм
ГЭСН	24	24-01-003	Прокладка трубопроводов в проходном канале при условном давлении 1,6 МПа, температуре 150°С	24-01-003-14	км	Прокладка стальных трубопроводов в проходном канале при номинальном давлении 1,6 МПа, температуре 150°С, диаметр труб: 600 мм
ГЭСН	24	24-01-003	Прокладка трубопроводов в проходном канале при условном давлении 1,6 МПа, температуре 150°С	24-01-003-15	км	Прокладка стальных трубопроводов в проходном канале при номинальном давлении 1,6 МПа, температуре 150°С, диаметр труб: 700 мм
ГЭСН	24	24-01-003	Прокладка трубопроводов в проходном канале при условном давлении 1,6 МПа, температуре 150°С	24-01-003-16	км	Прокладка стальных трубопроводов в проходном канале при номинальном давлении 1,6 МПа, температуре 150°С, диаметр труб: 800 мм
ГЭСН	24	24-01-003	Прокладка трубопроводов в проходном канале при условном давлении 1,6 МПа, температуре 150°С	24-01-003-17	км	Прокладка стальных трубопроводов в проходном канале при номинальном давлении 1,6 МПа, температуре 150°С, диаметр труб: 900 мм
ГЭСН	24	24-01-003	Прокладка трубопроводов в проходном канале при условном давлении 1,6 МПа, температуре 150°С	24-01-003-18	км	Прокладка стальных трубопроводов в проходном канале при номинальном давлении 1,6 МПа, температуре 150°С, диаметр труб: 1000 мм
ГЭСН	24	24-01-003	Прокладка трубопроводов в проходном канале при условном давлении 1,6 МПа, температуре 150°С	24-01-003-19	км	Прокладка стальных трубопроводов в проходном канале при номинальном давлении 1,6 МПа, температуре 150°С, диаметр труб: 1200 мм
ГЭСН	24	24-01-004	Надземная прокладка трубопроводов при условном давлении 1,6 МПа, температуре 150°С	24-01-004-01	км	Надземная прокладка стальных трубопроводов при номинальном давлении 1,6 МПа, температуре 150°С, диаметр труб: 50 мм
ГЭСН	24	24-01-004	Надземная прокладка трубопроводов при условном давлении 1,6 МПа, температуре 150°С	24-01-004-02	км	Надземная прокладка стальных трубопроводов при номинальном давлении 1,6 МПа, температуре 150°С, диаметр труб: 65 мм
ГЭСН	24	24-01-004	Надземная прокладка трубопроводов при условном давлении 1,6 МПа, температуре 150°С	24-01-004-03	км	Надземная прокладка стальных трубопроводов при номинальном давлении 1,6 МПа, температуре 150°С, диаметр труб: 80 мм
ГЭСН	24	24-01-004	Надземная прокладка трубопроводов при условном давлении 1,6 МПа, температуре 150°С	24-01-004-04	км	Надземная прокладка стальных трубопроводов при номинальном давлении 1,6 МПа, температуре 150°С, диаметр труб: 100 мм
ГЭСН	24	24-01-004	Надземная прокладка трубопроводов при условном давлении 1,6 МПа, температуре 150°С	24-01-004-05	км	Надземная прокладка стальных трубопроводов при номинальном давлении 1,6 МПа, температуре 150°С, диаметр труб: 125 мм
ГЭСН	24	24-01-004	Надземная прокладка трубопроводов при условном давлении 1,6 МПа, температуре 150°С	24-01-004-06	км	Надземная прокладка стальных трубопроводов при номинальном давлении 1,6 МПа, температуре 150°С, диаметр труб: 150 мм
ГЭСН	24	24-01-004	Надземная прокладка трубопроводов при условном давлении 1,6 МПа, температуре 150°С	24-01-004-07	км	Надземная прокладка стальных трубопроводов при номинальном давлении 1,6 МПа, температуре 150°С, диаметр труб: 200 мм
ГЭСН	24	24-01-004	Надземная прокладка трубопроводов при условном давлении 1,6 МПа, температуре 150°С	24-01-004-08	км	Надземная прокладка стальных трубопроводов при номинальном давлении 1,6 МПа, температуре 150°С, диаметр труб: 250 мм
ГЭСН	24	24-01-004	Надземная прокладка трубопроводов при условном давлении 1,6 МПа, температуре 150°С	24-01-004-09	км	Надземная прокладка стальных трубопроводов при номинальном давлении 1,6 МПа, температуре 150°С, диаметр труб: 300 мм
ГЭСН	24	24-01-004	Надземная прокладка трубопроводов при условном давлении 1,6 МПа, температуре 150°С	24-01-004-10	км	Надземная прокладка стальных трубопроводов при номинальном давлении 1,6 МПа, температуре 150°С, диаметр труб: 350 мм
ГЭСН	24	24-01-004	Надземная прокладка трубопроводов при условном давлении 1,6 МПа, температуре 150°С	24-01-004-11	км	Надземная прокладка стальных трубопроводов при номинальном давлении 1,6 МПа, температуре 150°С, диаметр труб: 400 мм
ГЭСН	24	24-01-004	Надземная прокладка трубопроводов при условном давлении 1,6 МПа, температуре 150°С	24-01-004-12	км	Надземная прокладка стальных трубопроводов при номинальном давлении 1,6 МПа, температуре 150°С, диаметр труб: 450 мм
ГЭСН	24	24-01-004	Надземная прокладка трубопроводов при условном давлении 1,6 МПа, температуре 150°С	24-01-004-13	км	Надземная прокладка стальных трубопроводов при номинальном давлении 1,6 МПа, температуре 150°С, диаметр труб: 500 мм
ГЭСН	24	24-01-004	Надземная прокладка трубопроводов при условном давлении 1,6 МПа, температуре 150°С	24-01-004-14	км	Надземная прокладка стальных трубопроводов при номинальном давлении 1,6 МПа, температуре 150°С, диаметр труб: 600 мм
ГЭСН	24	24-01-004	Надземная прокладка трубопроводов при условном давлении 1,6 МПа, температуре 150°С	24-01-004-15	км	Надземная прокладка стальных трубопроводов при номинальном давлении 1,6 МПа, температуре 150°С, диаметр труб: 700 мм
ГЭСН	24	24-01-004	Надземная прокладка трубопроводов при условном давлении 1,6 МПа, температуре 150°С	24-01-004-16	км	Надземная прокладка стальных трубопроводов при номинальном давлении 1,6 МПа, температуре 150°С, диаметр труб: 800 мм
ГЭСН	24	24-01-004	Надземная прокладка трубопроводов при условном давлении 1,6 МПа, температуре 150°С	24-01-004-17	км	Надземная прокладка стальных трубопроводов при номинальном давлении 1,6 МПа, температуре 150°С, диаметр труб: 900 мм
ГЭСН	24	24-01-004	Надземная прокладка трубопроводов при условном давлении 1,6 МПа, температуре 150°С	24-01-004-18	км	Надземная прокладка стальных трубопроводов при номинальном давлении 1,6 МПа, температуре 150°С, диаметр труб: 1000 мм
ГЭСН	24	24-01-004	Надземная прокладка трубопроводов при условном давлении 1,6 МПа, температуре 150°С	24-01-004-19	км	Надземная прокладка стальных трубопроводов при номинальном давлении 1,6 МПа, температуре 150°С, диаметр труб: 1200 мм
ГЭСН	24	24-01-005	Прокладка трубопроводов в непроходном канале при условном давлении 2,5 МПа, температуре 300°С	24-01-005-01	км	Прокладка стальных трубопроводов в непроходном канале при номинальном давлении 2,5 МПа, температуре 300°С, диаметр труб: 300 мм
ГЭСН	24	24-01-005	Прокладка трубопроводов в непроходном канале при условном давлении 2,5 МПа, температуре 300°С	24-01-005-02	км	Прокладка стальных трубопроводов в непроходном канале при номинальном давлении 2,5 МПа, температуре 300°С, диаметр труб: 350 мм
ГЭСН	24	24-01-005	Прокладка трубопроводов в непроходном канале при условном давлении 2,5 МПа, температуре 300°С	24-01-005-03	км	Прокладка стальных трубопроводов в непроходном канале при номинальном давлении 2,5 МПа, температуре 300°С, диаметр труб: 400 мм
ГЭСН	24	24-01-005	Прокладка трубопроводов в непроходном канале при условном давлении 2,5 МПа, температуре 300°С	24-01-005-04	км	Прокладка стальных трубопроводов в непроходном канале при номинальном давлении 2,5 МПа, температуре 300°С, диаметр труб: 450 мм
ГЭСН	24	24-01-005	Прокладка трубопроводов в непроходном канале при условном давлении 2,5 МПа, температуре 300°С	24-01-005-05	км	Прокладка стальных трубопроводов в непроходном канале при номинальном давлении 2,5 МПа, температуре 300°С, диаметр труб: 500 мм
ГЭСН	24	24-01-005	Прокладка трубопроводов в непроходном канале при условном давлении 2,5 МПа, температуре 300°С	24-01-005-06	км	Прокладка стальных трубопроводов в непроходном канале при номинальном давлении 2,5 МПа, температуре 300°С, диаметр труб: 600 мм
ГЭСН	24	24-01-005	Прокладка трубопроводов в непроходном канале при условном давлении 2,5 МПа, температуре 300°С	24-01-005-07	км	Прокладка стальных трубопроводов в непроходном канале при номинальном давлении 2,5 МПа, температуре 300°С, диаметр труб: 700 мм
ГЭСН	24	24-01-005	Прокладка трубопроводов в непроходном канале при условном давлении 2,5 МПа, температуре 300°С	24-01-005-08	км	Прокладка стальных трубопроводов в непроходном канале при номинальном давлении 2,5 МПа, температуре 300°С, диаметр труб: 800 мм
ГЭСН	24	24-01-005	Прокладка трубопроводов в непроходном канале при условном давлении 2,5 МПа, температуре 300°С	24-01-005-09	км	Прокладка стальных трубопроводов в непроходном канале при номинальном давлении 2,5 МПа, температуре 300°С, диаметр труб: 900 мм
ГЭСН	24	24-01-005	Прокладка трубопроводов в непроходном канале при условном давлении 2,5 МПа, температуре 300°С	24-01-005-10	км	Прокладка стальных трубопроводов в непроходном канале при номинальном давлении 2,5 МПа, температуре 300°С, диаметр труб: 1000 мм
ГЭСН	24	24-01-005	Прокладка трубопроводов в непроходном канале при условном давлении 2,5 МПа, температуре 300°С	24-01-005-11	км	Прокладка стальных трубопроводов в непроходном канале при номинальном давлении 2,5 МПа, температуре 300°С, диаметр труб: 1200 мм
ГЭСН	24	24-01-005	Прокладка трубопроводов в непроходном канале при условном давлении 2,5 МПа, температуре 300°С	24-01-005-12	км	Прокладка стальных трубопроводов в непроходном канале при номинальном давлении 2,5 МПа, температуре 300°С, диаметр труб: 1400 мм
ГЭСН	24	24-01-006	Прокладка трубопроводов в проходном канале при условном давлении 2,5 МПа, температуре 300°С	24-01-006-01	км	Прокладка стальных трубопроводов в проходном канале при номинальном давлении 2,5 МПа, температуре 300°С, диаметр труб: 300 мм
ГЭСН	24	24-01-006	Прокладка трубопроводов в проходном канале при условном давлении 2,5 МПа, температуре 300°С	24-01-006-02	км	Прокладка стальных трубопроводов в проходном канале при номинальном давлении 2,5 МПа, температуре 300°С, диаметр труб: 350 мм
ГЭСН	24	24-01-006	Прокладка трубопроводов в проходном канале при условном давлении 2,5 МПа, температуре 300°С	24-01-006-03	км	Прокладка стальных трубопроводов в проходном канале при номинальном давлении 2,5 МПа, температуре 300°С, диаметр труб: 400 мм
ГЭСН	24	24-01-006	Прокладка трубопроводов в проходном канале при условном давлении 2,5 МПа, температуре 300°С	24-01-006-04	км	Прокладка стальных трубопроводов в проходном канале при номинальном давлении 2,5 МПа, температуре 300°С, диаметр труб: 450 мм
ГЭСН	24	24-01-006	Прокладка трубопроводов в проходном канале при условном давлении 2,5 МПа, температуре 300°С	24-01-006-05	км	Прокладка стальных трубопроводов в проходном канале при номинальном давлении 2,5 МПа, температуре 300°С, диаметр труб: 500 мм
ГЭСН	24	24-01-006	Прокладка трубопроводов в проходном канале при условном давлении 2,5 МПа, температуре 300°С	24-01-006-06	км	Прокладка стальных трубопроводов в проходном канале при номинальном давлении 2,5 МПа, температуре 300°С, диаметр труб: 600 мм
ГЭСН	24	24-01-006	Прокладка трубопроводов в проходном канале при условном давлении 2,5 МПа, температуре 300°С	24-01-006-07	км	Прокладка стальных трубопроводов в проходном канале при номинальном давлении 2,5 МПа, температуре 300°С, диаметр труб: 700 мм
ГЭСН	24	24-01-006	Прокладка трубопроводов в проходном канале при условном давлении 2,5 МПа, температуре 300°С	24-01-006-08	км	Прокладка стальных трубопроводов в проходном канале при номинальном давлении 2,5 МПа, температуре 300°С, диаметр труб: 800 мм
ГЭСН	24	24-01-006	Прокладка трубопроводов в проходном канале при условном давлении 2,5 МПа, температуре 300°С	24-01-006-09	км	Прокладка стальных трубопроводов в проходном канале при номинальном давлении 2,5 МПа, температуре 300°С, диаметр труб: 900 мм
ГЭСН	24	24-01-006	Прокладка трубопроводов в проходном канале при условном давлении 2,5 МПа, температуре 300°С	24-01-006-10	км	Прокладка стальных трубопроводов в проходном канале при номинальном давлении 2,5 МПа, температуре 300°С, диаметр труб: 1000 мм
ГЭСН	24	24-01-006	Прокладка трубопроводов в проходном канале при условном давлении 2,5 МПа, температуре 300°С	24-01-006-11	км	Прокладка стальных трубопроводов в проходном канале при номинальном давлении 2,5 МПа, температуре 300°С, диаметр труб: 1200 мм
ГЭСН	24	24-01-006	Прокладка трубопроводов в проходном канале при условном давлении 2,5 МПа, температуре 300°С	24-01-006-12	км	Прокладка стальных трубопроводов в проходном канале при номинальном давлении 2,5 МПа, температуре 300°С, диаметр труб: 1400 мм
ГЭСН	24	24-01-007	Надземная прокладка трубопроводов при условном давлении 2,5 МПа, температуре 300°С	24-01-007-01	км	Надземная прокладка стальных трубопроводов при номинальном давлении 2,5 МПа, температуре 300°С, диаметр труб: 300 мм
ГЭСН	24	24-01-007	Надземная прокладка трубопроводов при условном давлении 2,5 МПа, температуре 300°С	24-01-007-02	км	Надземная прокладка стальных трубопроводов при номинальном давлении 2,5 МПа, температуре 300°С, диаметр труб: 350 мм
ГЭСН	24	24-01-007	Надземная прокладка трубопроводов при условном давлении 2,5 МПа, температуре 300°С	24-01-007-03	км	Надземная прокладка стальных трубопроводов при номинальном давлении 2,5 МПа, температуре 300°С, диаметр труб: 400 мм
ГЭСН	24	24-01-007	Надземная прокладка трубопроводов при условном давлении 2,5 МПа, температуре 300°С	24-01-007-04	км	Надземная прокладка стальных трубопроводов при номинальном давлении 2,5 МПа, температуре 300°С, диаметр труб: 450 мм
ГЭСН	24	24-01-007	Надземная прокладка трубопроводов при условном давлении 2,5 МПа, температуре 300°С	24-01-007-05	км	Надземная прокладка стальных трубопроводов при номинальном давлении 2,5 МПа, температуре 300°С, диаметр труб: 500 мм
ГЭСН	24	24-01-007	Надземная прокладка трубопроводов при условном давлении 2,5 МПа, температуре 300°С	24-01-007-06	км	Надземная прокладка стальных трубопроводов при номинальном давлении 2,5 МПа, температуре 300°С, диаметр труб: 600 мм
ГЭСН	24	24-01-007	Надземная прокладка трубопроводов при условном давлении 2,5 МПа, температуре 300°С	24-01-007-07	км	Надземная прокладка стальных трубопроводов при номинальном давлении 2,5 МПа, температуре 300°С, диаметр труб: 700 мм
ГЭСН	24	24-01-007	Надземная прокладка трубопроводов при условном давлении 2,5 МПа, температуре 300°С	24-01-007-08	км	Надземная прокладка стальных трубопроводов при номинальном давлении 2,5 МПа, температуре 300°С, диаметр труб: 800 мм
ГЭСН	24	24-01-007	Надземная прокладка трубопроводов при условном давлении 2,5 МПа, температуре 300°С	24-01-007-09	км	Надземная прокладка стальных трубопроводов при номинальном давлении 2,5 МПа, температуре 300°С, диаметр труб: 900 мм
ГЭСН	24	24-01-007	Надземная прокладка трубопроводов при условном давлении 2,5 МПа, температуре 300°С	24-01-007-10	км	Надземная прокладка стальных трубопроводов при номинальном давлении 2,5 МПа, температуре 300°С, диаметр труб: 1000 мм
ГЭСН	24	24-01-007	Надземная прокладка трубопроводов при условном давлении 2,5 МПа, температуре 300°С	24-01-007-11	км	Надземная прокладка стальных трубопроводов при номинальном давлении 2,5 МПа, температуре 300°С, диаметр труб: 1200 мм
ГЭСН	24	24-01-007	Надземная прокладка трубопроводов при условном давлении 2,5 МПа, температуре 300°С	24-01-007-12	км	Надземная прокладка стальных трубопроводов при номинальном давлении 2,5 МПа, температуре 300°С, диаметр труб: 1400 мм
ГЭСН	24	24-01-008	Прокладка трубопроводов в непроходном канале в изоляции из пенополиуретана (ППУ) при условном давлении 1,6 МПа, температуре 150°С	24-01-008-01	км	Прокладка стальных трубопроводов в непроходном канале в изоляции из пенополиуретана (ППУ) с изоляцией стыков скорлупами при номинальном давлении 1,6 МПа, температуре 150°С, диаметр труб: 50 мм
ГЭСН	24	24-01-008	Прокладка трубопроводов в непроходном канале в изоляции из пенополиуретана (ППУ) при условном давлении 1,6 МПа, температуре 150°С	24-01-008-02	км	Прокладка стальных трубопроводов в непроходном канале в изоляции из пенополиуретана (ППУ) с изоляцией стыков скорлупами при номинальном давлении 1,6 МПа, температуре 150°С, диаметр труб: 65 мм
ГЭСН	24	24-01-008	Прокладка трубопроводов в непроходном канале в изоляции из пенополиуретана (ППУ) при условном давлении 1,6 МПа, температуре 150°С	24-01-008-03	км	Прокладка стальных трубопроводов в непроходном канале в изоляции из пенополиуретана (ППУ) с изоляцией стыков скорлупами при номинальном давлении 1,6 МПа, температуре 150°С, диаметр труб: 80 мм
ГЭСН	24	24-01-008	Прокладка трубопроводов в непроходном канале в изоляции из пенополиуретана (ППУ) при условном давлении 1,6 МПа, температуре 150°С	24-01-008-04	км	Прокладка стальных трубопроводов в непроходном канале в изоляции из пенополиуретана (ППУ) с изоляцией стыков скорлупами при номинальном давлении 1,6 МПа, температуре 150°С, диаметр труб: 100 мм
ГЭСН	24	24-01-008	Прокладка трубопроводов в непроходном канале в изоляции из пенополиуретана (ППУ) при условном давлении 1,6 МПа, температуре 150°С	24-01-008-05	км	Прокладка стальных трубопроводов в непроходном канале в изоляции из пенополиуретана (ППУ) с изоляцией стыков скорлупами при номинальном давлении 1,6 МПа, температуре 150°С, диаметр труб: 125 мм
ГЭСН	24	24-01-008	Прокладка трубопроводов в непроходном канале в изоляции из пенополиуретана (ППУ) при условном давлении 1,6 МПа, температуре 150°С	24-01-008-06	км	Прокладка стальных трубопроводов в непроходном канале в изоляции из пенополиуретана (ППУ) с изоляцией стыков скорлупами при номинальном давлении 1,6 МПа, температуре 150°С, диаметр труб: 150 мм
ГЭСН	24	24-01-008	Прокладка трубопроводов в непроходном канале в изоляции из пенополиуретана (ППУ) при условном давлении 1,6 МПа, температуре 150°С	24-01-008-07	км	Прокладка стальных трубопроводов в непроходном канале в изоляции из пенополиуретана (ППУ) с изоляцией стыков скорлупами при номинальном давлении 1,6 МПа, температуре 150°С, диаметр труб: 200 мм
ГЭСН	24	24-01-008	Прокладка трубопроводов в непроходном канале в изоляции из пенополиуретана (ППУ) при условном давлении 1,6 МПа, температуре 150°С	24-01-008-08	км	Прокладка стальных трубопроводов в непроходном канале в изоляции из пенополиуретана (ППУ) с изоляцией стыков скорлупами при номинальном давлении 1,6 МПа, температуре 150°С, диаметр труб: 250 мм
ГЭСН	24	24-01-008	Прокладка трубопроводов в непроходном канале в изоляции из пенополиуретана (ППУ) при условном давлении 1,6 МПа, температуре 150°С	24-01-008-09	км	Прокладка стальных трубопроводов в непроходном канале в изоляции из пенополиуретана (ППУ) с изоляцией стыков скорлупами при номинальном давлении 1,6 МПа, температуре 150°С, диаметр труб: 300 мм
ГЭСН	24	24-01-009	Надземная прокладка трубопроводов в изоляции из пенополиуретана (ППУ) при условном давлении 1,6 МПа, температуре 150°С	24-01-009-01	км	Надземная прокладка стальных трубопроводов в изоляции из пенополиуретана (ППУ) с изоляцией стыков скорлупами при номинальном давлении 1,6 МПа, температуре 150°С, диаметр труб: 50 мм
ГЭСН	24	24-01-009	Надземная прокладка трубопроводов в изоляции из пенополиуретана (ППУ) при условном давлении 1,6 МПа, температуре 150°С	24-01-009-02	км	Надземная прокладка стальных трубопроводов в изоляции из пенополиуретана (ППУ) с изоляцией стыков скорлупами при номинальном давлении 1,6 МПа, температуре 150°С, диаметр труб: 65 мм
ГЭСН	24	24-01-009	Надземная прокладка трубопроводов в изоляции из пенополиуретана (ППУ) при условном давлении 1,6 МПа, температуре 150°С	24-01-009-03	км	Надземная прокладка стальных трубопроводов в изоляции из пенополиуретана (ППУ) с изоляцией стыков скорлупами при номинальном давлении 1,6 МПа, температуре 150°С, диаметр труб: 80 мм
ГЭСН	24	24-01-009	Надземная прокладка трубопроводов в изоляции из пенополиуретана (ППУ) при условном давлении 1,6 МПа, температуре 150°С	24-01-009-04	км	Надземная прокладка стальных трубопроводов в изоляции из пенополиуретана (ППУ) с изоляцией стыков скорлупами при номинальном давлении 1,6 МПа, температуре 150°С, диаметр труб: 100 мм
ГЭСН	24	24-01-009	Надземная прокладка трубопроводов в изоляции из пенополиуретана (ППУ) при условном давлении 1,6 МПа, температуре 150°С	24-01-009-05	км	Надземная прокладка стальных трубопроводов в изоляции из пенополиуретана (ППУ) с изоляцией стыков скорлупами при номинальном давлении 1,6 МПа, температуре 150°С, диаметр труб: 125 мм
ГЭСН	24	24-01-009	Надземная прокладка трубопроводов в изоляции из пенополиуретана (ППУ) при условном давлении 1,6 МПа, температуре 150°С	24-01-009-06	км	Надземная прокладка стальных трубопроводов в изоляции из пенополиуретана (ППУ) с изоляцией стыков скорлупами при номинальном давлении 1,6 МПа, температуре 150°С, диаметр труб: 150 мм
ГЭСН	24	24-01-009	Надземная прокладка трубопроводов в изоляции из пенополиуретана (ППУ) при условном давлении 1,6 МПа, температуре 150°С	24-01-009-07	км	Надземная прокладка стальных трубопроводов в изоляции из пенополиуретана (ППУ) с изоляцией стыков скорлупами при номинальном давлении 1,6 МПа, температуре 150°С, диаметр труб: 200 мм
ГЭСН	24	24-01-009	Надземная прокладка трубопроводов в изоляции из пенополиуретана (ППУ) при условном давлении 1,6 МПа, температуре 150°С	24-01-009-08	км	Надземная прокладка стальных трубопроводов в изоляции из пенополиуретана (ППУ) с изоляцией стыков скорлупами при номинальном давлении 1,6 МПа, температуре 150°С, диаметр труб: 250 мм
ГЭСН	24	24-01-009	Надземная прокладка трубопроводов в изоляции из пенополиуретана (ППУ) при условном давлении 1,6 МПа, температуре 150°С	24-01-009-09	км	Надземная прокладка стальных трубопроводов в изоляции из пенополиуретана (ППУ) с изоляцией стыков скорлупами при номинальном давлении 1,6 МПа, температуре 150°С, диаметр труб: 300 мм
ГЭСН	24	24-01-010	Подвальная прокладка трубопроводов в изоляции из пенополиуретана (ППУ) с изоляцией стыков при условном давлении 1,6 МПа, температуре 150°С	24-01-010-01	100 м	Подвальная прокладка стальных трубопроводов в изоляции из пенополиуретана (ППУ) с изоляцией стыков скорлупами при номинальном давлении 1,6 МПа, температуре 150°С, диаметр труб: 50 мм
ГЭСН	24	24-01-010	Подвальная прокладка трубопроводов в изоляции из пенополиуретана (ППУ) с изоляцией стыков при условном давлении 1,6 МПа, температуре 150°С	24-01-010-02	100 м	Подвальная прокладка стальных трубопроводов в изоляции из пенополиуретана (ППУ) с изоляцией стыков скорлупами при номинальном давлении 1,6 МПа, температуре 150°С, диаметр труб: 65 мм
ГЭСН	24	24-01-010	Подвальная прокладка трубопроводов в изоляции из пенополиуретана (ППУ) с изоляцией стыков при условном давлении 1,6 МПа, температуре 150°С	24-01-010-03	100 м	Подвальная прокладка стальных трубопроводов в изоляции из пенополиуретана (ППУ) с изоляцией стыков скорлупами при номинальном давлении 1,6 МПа, температуре 150°С, диаметр труб: 80 мм
ГЭСН	24	24-01-010	Подвальная прокладка трубопроводов в изоляции из пенополиуретана (ППУ) с изоляцией стыков при условном давлении 1,6 МПа, температуре 150°С	24-01-010-04	100 м	Подвальная прокладка стальных трубопроводов в изоляции из пенополиуретана (ППУ) с изоляцией стыков скорлупами при номинальном давлении 1,6 МПа, температуре 150°С, диаметр труб: 100 мм
ГЭСН	24	24-01-010	Подвальная прокладка трубопроводов в изоляции из пенополиуретана (ППУ) с изоляцией стыков при условном давлении 1,6 МПа, температуре 150°С	24-01-010-05	100 м	Подвальная прокладка стальных трубопроводов в изоляции из пенополиуретана (ППУ) с изоляцией стыков скорлупами при номинальном давлении 1,6 МПа, температуре 150°С, диаметр труб: 125 мм
ГЭСН	24	24-01-010	Подвальная прокладка трубопроводов в изоляции из пенополиуретана (ППУ) с изоляцией стыков при условном давлении 1,6 МПа, температуре 150°С	24-01-010-06	100 м	Подвальная прокладка стальных трубопроводов в изоляции из пенополиуретана (ППУ) с изоляцией стыков скорлупами при номинальном давлении 1,6 МПа, температуре 150°С, диаметр труб: 150 мм
ГЭСН	24	24-01-010	Подвальная прокладка трубопроводов в изоляции из пенополиуретана (ППУ) с изоляцией стыков при условном давлении 1,6 МПа, температуре 150°С	24-01-010-07	100 м	Подвальная прокладка стальных трубопроводов в изоляции из пенополиуретана (ППУ) с изоляцией стыков скорлупами при номинальном давлении 1,6 МПа, температуре 150°С, диаметр труб: 200 мм
ГЭСН	24	24-01-010	Подвальная прокладка трубопроводов в изоляции из пенополиуретана (ППУ) с изоляцией стыков при условном давлении 1,6 МПа, температуре 150°С	24-01-010-08	100 м	Подвальная прокладка стальных трубопроводов в изоляции из пенополиуретана (ППУ) с изоляцией стыков скорлупами при номинальном давлении 1,6 МПа, температуре 150°С, диаметр труб: 250 мм
ГЭСН	24	24-01-010	Подвальная прокладка трубопроводов в изоляции из пенополиуретана (ППУ) с изоляцией стыков при условном давлении 1,6 МПа, температуре 150°С	24-01-010-09	100 м	Подвальная прокладка стальных трубопроводов в изоляции из пенополиуретана (ППУ) с изоляцией стыков скорлупами при номинальном давлении 1,6 МПа, температуре 150°С, диаметр труб: 300 мм
ГЭСН	24	24-01-018	Бесканальная прокладка подающих и обратных трубопроводов диаметром до 250 мм в армопенобетонной изоляции при условном давлении 1,6 МПа, температуре 150°С	24-01-018-01	км	Бесканальная прокладка подающих и обратных стальных трубопроводов в армопенобетонной изоляции с изоляцией стыков при номинальном давлении 1,6 МПа, температуре 150°С, диаметр труб: 50 мм
ГЭСН	24	24-01-018	Бесканальная прокладка подающих и обратных трубопроводов диаметром до 250 мм в армопенобетонной изоляции при условном давлении 1,6 МПа, температуре 150°С	24-01-018-02	км	Бесканальная прокладка подающих и обратных стальных трубопроводов в армопенобетонной изоляции с изоляцией стыков при номинальном давлении 1,6 МПа, температуре 150°С, диаметр труб: 65 мм
ГЭСН	24	24-01-018	Бесканальная прокладка подающих и обратных трубопроводов диаметром до 250 мм в армопенобетонной изоляции при условном давлении 1,6 МПа, температуре 150°С	24-01-018-03	км	Бесканальная прокладка подающих и обратных стальных трубопроводов в армопенобетонной изоляции с изоляцией стыков при номинальном давлении 1,6 МПа, температуре 150°С, диаметр труб: 80 мм
ГЭСН	24	24-01-018	Бесканальная прокладка подающих и обратных трубопроводов диаметром до 250 мм в армопенобетонной изоляции при условном давлении 1,6 МПа, температуре 150°С	24-01-018-04	км	Бесканальная прокладка подающих и обратных стальных трубопроводов в армопенобетонной изоляции с изоляцией стыков при номинальном давлении 1,6 МПа, температуре 150°С, диаметр труб: 100 мм
ГЭСН	24	24-01-018	Бесканальная прокладка подающих и обратных трубопроводов диаметром до 250 мм в армопенобетонной изоляции при условном давлении 1,6 МПа, температуре 150°С	24-01-018-05	км	Бесканальная прокладка подающих и обратных стальных трубопроводов в армопенобетонной изоляции с изоляцией стыков при номинальном давлении 1,6 МПа, температуре 150°С, диаметр труб: 125 мм
ГЭСН	24	24-01-018	Бесканальная прокладка подающих и обратных трубопроводов диаметром до 250 мм в армопенобетонной изоляции при условном давлении 1,6 МПа, температуре 150°С	24-01-018-06	км	Бесканальная прокладка подающих и обратных стальных трубопроводов в армопенобетонной изоляции с изоляцией стыков при номинальном давлении 1,6 МПа, температуре 150°С, диаметр труб: 150 мм
ГЭСН	24	24-01-018	Бесканальная прокладка подающих и обратных трубопроводов диаметром до 250 мм в армопенобетонной изоляции при условном давлении 1,6 МПа, температуре 150°С	24-01-018-07	км	Бесканальная прокладка подающих и обратных стальных трубопроводов в армопенобетонной изоляции с изоляцией стыков при номинальном давлении 1,6 МПа, температуре 150°С, диаметр труб: 200 мм
ГЭСН	24	24-01-018	Бесканальная прокладка подающих и обратных трубопроводов диаметром до 250 мм в армопенобетонной изоляции при условном давлении 1,6 МПа, температуре 150°С	24-01-018-08	км	Бесканальная прокладка подающих и обратных стальных трубопроводов в армопенобетонной изоляции с изоляцией стыков при номинальном давлении 1,6 МПа, температуре 150°С, диаметр труб: 250 мм
ГЭСН	24	24-01-019	Бесканальная прокладка подающих и обратных трубопроводов диаметром свыше 300 мм в армопенобетонной изоляции при условном давлении 1,6 МПа, температуре 150°С	24-01-019-01	км	Бесканальная прокладка подающих стальных трубопроводов в армопенобетонной изоляции с изоляцией стыков при номинальном давлении 1,6 МПа, температуре 150°С, диаметр труб: 300 мм
ГЭСН	24	24-01-019	Бесканальная прокладка подающих и обратных трубопроводов диаметром свыше 300 мм в армопенобетонной изоляции при условном давлении 1,6 МПа, температуре 150°С	24-01-019-02	км	Бесканальная прокладка подающих стальных трубопроводов в армопенобетонной изоляции с изоляцией стыков при номинальном давлении 1,6 МПа, температуре 150°С, диаметр труб: 400 мм
ГЭСН	24	24-01-019	Бесканальная прокладка подающих и обратных трубопроводов диаметром свыше 300 мм в армопенобетонной изоляции при условном давлении 1,6 МПа, температуре 150°С	24-01-019-03	км	Бесканальная прокладка подающих стальных трубопроводов в армопенобетонной изоляции с изоляцией стыков при номинальном давлении 1,6 МПа, температуре 150°С, диаметр труб: 450 мм
ГЭСН	24	24-01-019	Бесканальная прокладка подающих и обратных трубопроводов диаметром свыше 300 мм в армопенобетонной изоляции при условном давлении 1,6 МПа, температуре 150°С	24-01-019-04	км	Бесканальная прокладка подающих стальных трубопроводов в армопенобетонной изоляции с изоляцией стыков при номинальном давлении 1,6 МПа, температуре 150°С, диаметр труб: 500 мм
ГЭСН	24	24-01-019	Бесканальная прокладка подающих и обратных трубопроводов диаметром свыше 300 мм в армопенобетонной изоляции при условном давлении 1,6 МПа, температуре 150°С	24-01-019-05	км	Бесканальная прокладка подающих стальных трубопроводов в армопенобетонной изоляции с изоляцией стыков при номинальном давлении 1,6 МПа, температуре 150°С, диаметр труб: 600 мм
ГЭСН	24	24-01-019	Бесканальная прокладка подающих и обратных трубопроводов диаметром свыше 300 мм в армопенобетонной изоляции при условном давлении 1,6 МПа, температуре 150°С	24-01-019-06	км	Бесканальная прокладка подающих стальных трубопроводов в армопенобетонной изоляции с изоляцией стыков при номинальном давлении 1,6 МПа, температуре 150°С, диаметр труб: 700 мм
ГЭСН	24	24-01-019	Бесканальная прокладка подающих и обратных трубопроводов диаметром свыше 300 мм в армопенобетонной изоляции при условном давлении 1,6 МПа, температуре 150°С	24-01-019-07	км	Бесканальная прокладка подающих стальных трубопроводов в армопенобетонной изоляции с изоляцией стыков при номинальном давлении 1,6 МПа, температуре 150°С, диаметр труб: 800 мм
ГЭСН	24	24-01-019	Бесканальная прокладка подающих и обратных трубопроводов диаметром свыше 300 мм в армопенобетонной изоляции при условном давлении 1,6 МПа, температуре 150°С	24-01-019-08	км	Бесканальная прокладка подающих стальных трубопроводов в армопенобетонной изоляции с изоляцией стыков при номинальном давлении 1,6 МПа, температуре 150°С, диаметр труб: 900 мм
ГЭСН	24	24-01-019	Бесканальная прокладка подающих и обратных трубопроводов диаметром свыше 300 мм в армопенобетонной изоляции при условном давлении 1,6 МПа, температуре 150°С	24-01-019-09	км	Бесканальная прокладка подающих стальных трубопроводов в армопенобетонной изоляции с изоляцией стыков при номинальном давлении 1,6 МПа, температуре 150°С, диаметр труб: 1000 мм
ГЭСН	24	24-01-019	Бесканальная прокладка подающих и обратных трубопроводов диаметром свыше 300 мм в армопенобетонной изоляции при условном давлении 1,6 МПа, температуре 150°С	24-01-019-10	км	Бесканальная прокладка подающих стальных трубопроводов в армопенобетонной изоляции с изоляцией стыков при номинальном давлении 1,6 МПа, температуре 150°С, диаметр труб: 1200 мм
ГЭСН	24	24-01-019	Бесканальная прокладка подающих и обратных трубопроводов диаметром свыше 300 мм в армопенобетонной изоляции при условном давлении 1,6 МПа, температуре 150°С	24-01-019-11	км	Бесканальная прокладка обратных стальных трубопроводов в армопенобетонной изоляции с изоляцией стыков при номинальном давлении 1,6 МПа, температуре 150°С, диаметр труб: 300 мм
ГЭСН	24	24-01-019	Бесканальная прокладка подающих и обратных трубопроводов диаметром свыше 300 мм в армопенобетонной изоляции при условном давлении 1,6 МПа, температуре 150°С	24-01-019-12	км	Бесканальная прокладка обратных стальных трубопроводов в армопенобетонной изоляции с изоляцией стыков при номинальном давлении 1,6 МПа, температуре 150°С, диаметр труб: 400 мм
ГЭСН	24	24-01-019	Бесканальная прокладка подающих и обратных трубопроводов диаметром свыше 300 мм в армопенобетонной изоляции при условном давлении 1,6 МПа, температуре 150°С	24-01-019-13	км	Бесканальная прокладка обратных стальных трубопроводов в армопенобетонной изоляции с изоляцией стыков при номинальном давлении 1,6 МПа, температуре 150°С, диаметр труб: 450 мм
ГЭСН	24	24-01-019	Бесканальная прокладка подающих и обратных трубопроводов диаметром свыше 300 мм в армопенобетонной изоляции при условном давлении 1,6 МПа, температуре 150°С	24-01-019-14	км	Бесканальная прокладка обратных стальных трубопроводов в армопенобетонной изоляции с изоляцией стыков при номинальном давлении 1,6 МПа, температуре 150°С, диаметр труб: 500 мм
ГЭСН	24	24-01-019	Бесканальная прокладка подающих и обратных трубопроводов диаметром свыше 300 мм в армопенобетонной изоляции при условном давлении 1,6 МПа, температуре 150°С	24-01-019-15	км	Бесканальная прокладка обратных стальных трубопроводов в армопенобетонной изоляции с изоляцией стыков при номинальном давлении 1,6 МПа, температуре 150°С, диаметр труб: 600 мм
ГЭСН	24	24-01-019	Бесканальная прокладка подающих и обратных трубопроводов диаметром свыше 300 мм в армопенобетонной изоляции при условном давлении 1,6 МПа, температуре 150°С	24-01-019-16	км	Бесканальная прокладка обратных стальных трубопроводов в армопенобетонной изоляции с изоляцией стыков при номинальном давлении 1,6 МПа, температуре 150°С, диаметр труб: 700 мм
ГЭСН	24	24-01-019	Бесканальная прокладка подающих и обратных трубопроводов диаметром свыше 300 мм в армопенобетонной изоляции при условном давлении 1,6 МПа, температуре 150°С	24-01-019-17	км	Бесканальная прокладка обратных стальных трубопроводов в армопенобетонной изоляции с изоляцией стыков при номинальном давлении 1,6 МПа, температуре 150°С, диаметр труб: 800 мм
ГЭСН	24	24-01-019	Бесканальная прокладка подающих и обратных трубопроводов диаметром свыше 300 мм в армопенобетонной изоляции при условном давлении 1,6 МПа, температуре 150°С	24-01-019-18	км	Бесканальная прокладка обратных стальных трубопроводов в армопенобетонной изоляции с изоляцией стыков при номинальном давлении 1,6 МПа, температуре 150°С, диаметр труб: 900 мм
ГЭСН	24	24-01-019	Бесканальная прокладка подающих и обратных трубопроводов диаметром свыше 300 мм в армопенобетонной изоляции при условном давлении 1,6 МПа, температуре 150°С	24-01-019-19	км	Бесканальная прокладка обратных стальных трубопроводов в армопенобетонной изоляции с изоляцией стыков при номинальном давлении 1,6 МПа, температуре 150°С, диаметр труб: 1000 мм
ГЭСН	24	24-01-019	Бесканальная прокладка подающих и обратных трубопроводов диаметром свыше 300 мм в армопенобетонной изоляции при условном давлении 1,6 МПа, температуре 150°С	24-01-019-20	км	Бесканальная прокладка обратных стальных трубопроводов в армопенобетонной изоляции с изоляцией стыков при номинальном давлении 1,6 МПа, температуре 150°С, диаметр труб: 1200 мм
ГЭСН	24	24-01-020	Бесканальная прокладка трубопроводов в изоляции из пенополиуретана (ППУ) с изоляцией стыков скорлупами при условном давлении 1,6 МПа, температуре 150°С	24-01-020-01	км	Бесканальная прокладка стальных трубопроводов в изоляции из пенополиуретана (ППУ) с изоляцией стыков скорлупами при номинальном давлении 1,6 МПа, температуре 150°С, диаметр труб: 50 мм
ГЭСН	24	24-01-020	Бесканальная прокладка трубопроводов в изоляции из пенополиуретана (ППУ) с изоляцией стыков скорлупами при условном давлении 1,6 МПа, температуре 150°С	24-01-020-02	км	Бесканальная прокладка стальных трубопроводов в изоляции из пенополиуретана (ППУ) с изоляцией стыков скорлупами при номинальном давлении 1,6 МПа, температуре 150°С, диаметр труб: 65 мм
ГЭСН	24	24-01-020	Бесканальная прокладка трубопроводов в изоляции из пенополиуретана (ППУ) с изоляцией стыков скорлупами при условном давлении 1,6 МПа, температуре 150°С	24-01-020-03	км	Бесканальная прокладка стальных трубопроводов в изоляции из пенополиуретана (ППУ) с изоляцией стыков скорлупами при номинальном давлении 1,6 МПа, температуре 150°С, диаметр труб: 80 мм
ГЭСН	24	24-01-020	Бесканальная прокладка трубопроводов в изоляции из пенополиуретана (ППУ) с изоляцией стыков скорлупами при условном давлении 1,6 МПа, температуре 150°С	24-01-020-04	км	Бесканальная прокладка стальных трубопроводов в изоляции из пенополиуретана (ППУ) с изоляцией стыков скорлупами при номинальном давлении 1,6 МПа, температуре 150°С, диаметр труб: 100 мм
ГЭСН	24	24-01-020	Бесканальная прокладка трубопроводов в изоляции из пенополиуретана (ППУ) с изоляцией стыков скорлупами при условном давлении 1,6 МПа, температуре 150°С	24-01-020-05	км	Бесканальная прокладка стальных трубопроводов в изоляции из пенополиуретана (ППУ) с изоляцией стыков скорлупами при номинальном давлении 1,6 МПа, температуре 150°С, диаметр труб: 125 мм
ГЭСН	24	24-01-020	Бесканальная прокладка трубопроводов в изоляции из пенополиуретана (ППУ) с изоляцией стыков скорлупами при условном давлении 1,6 МПа, температуре 150°С	24-01-020-06	км	Бесканальная прокладка стальных трубопроводов в изоляции из пенополиуретана (ППУ) с изоляцией стыков скорлупами при номинальном давлении 1,6 МПа, температуре 150°С, диаметр труб: 150 мм
ГЭСН	24	24-01-020	Бесканальная прокладка трубопроводов в изоляции из пенополиуретана (ППУ) с изоляцией стыков скорлупами при условном давлении 1,6 МПа, температуре 150°С	24-01-020-07	км	Бесканальная прокладка стальных трубопроводов в изоляции из пенополиуретана (ППУ) с изоляцией стыков скорлупами при номинальном давлении 1,6 МПа, температуре 150°С, диаметр труб: 200 мм
ГЭСН	24	24-01-020	Бесканальная прокладка трубопроводов в изоляции из пенополиуретана (ППУ) с изоляцией стыков скорлупами при условном давлении 1,6 МПа, температуре 150°С	24-01-020-08	км	Бесканальная прокладка стальных трубопроводов в изоляции из пенополиуретана (ППУ) с изоляцией стыков скорлупами при номинальном давлении 1,6 МПа, температуре 150°С, диаметр труб: 250 мм
ГЭСН	24	24-01-020	Бесканальная прокладка трубопроводов в изоляции из пенополиуретана (ППУ) с изоляцией стыков скорлупами при условном давлении 1,6 МПа, температуре 150°С	24-01-020-09	км	Бесканальная прокладка стальных трубопроводов в изоляции из пенополиуретана (ППУ) с изоляцией стыков скорлупами при номинальном давлении 1,6 МПа, температуре 150°С, диаметр труб: 300 мм
ГЭСН	24	24-01-020	Бесканальная прокладка трубопроводов в изоляции из пенополиуретана (ППУ) с изоляцией стыков скорлупами при условном давлении 1,6 МПа, температуре 150°С	24-01-020-10	км	Бесканальная прокладка стальных трубопроводов в изоляции из пенополиуретана (ППУ) с изоляцией стыков скорлупами при номинальном давлении 1,6 МПа, температуре 150°С, диаметр труб: 400 мм
ГЭСН	24	24-01-020	Бесканальная прокладка трубопроводов в изоляции из пенополиуретана (ППУ) с изоляцией стыков скорлупами при условном давлении 1,6 МПа, температуре 150°С	24-01-020-11	км	Бесканальная прокладка стальных трубопроводов в изоляции из пенополиуретана (ППУ) с изоляцией стыков скорлупами при номинальном давлении 1,6 МПа, температуре 150°С, диаметр труб: 500 мм
ГЭСН	24	24-01-020	Бесканальная прокладка трубопроводов в изоляции из пенополиуретана (ППУ) с изоляцией стыков скорлупами при условном давлении 1,6 МПа, температуре 150°С	24-01-020-12	км	Бесканальная прокладка стальных трубопроводов в изоляции из пенополиуретана (ППУ) с изоляцией стыков скорлупами при номинальном давлении 1,6 МПа, температуре 150°С, диаметр труб: 600 мм
ГЭСН	24	24-01-020	Бесканальная прокладка трубопроводов в изоляции из пенополиуретана (ППУ) с изоляцией стыков скорлупами при условном давлении 1,6 МПа, температуре 150°С	24-01-020-13	км	Бесканальная прокладка стальных трубопроводов в изоляции из пенополиуретана (ППУ) с изоляцией стыков скорлупами при номинальном давлении 1,6 МПа, температуре 150°С, диаметр труб: 700 мм
ГЭСН	24	24-01-020	Бесканальная прокладка трубопроводов в изоляции из пенополиуретана (ППУ) с изоляцией стыков скорлупами при условном давлении 1,6 МПа, температуре 150°С	24-01-020-14	км	Бесканальная прокладка стальных трубопроводов в изоляции из пенополиуретана (ППУ) с изоляцией стыков скорлупами при номинальном давлении 1,6 МПа, температуре 150°С, диаметр труб: 800 мм
ГЭСН	24	24-01-020	Бесканальная прокладка трубопроводов в изоляции из пенополиуретана (ППУ) с изоляцией стыков скорлупами при условном давлении 1,6 МПа, температуре 150°С	24-01-020-15	км	Бесканальная прокладка стальных трубопроводов в изоляции из пенополиуретана (ППУ) с изоляцией стыков скорлупами при номинальном давлении 1,6 МПа, температуре 150°С, диаметр труб: 900 мм
ГЭСН	24	24-01-020	Бесканальная прокладка трубопроводов в изоляции из пенополиуретана (ППУ) с изоляцией стыков скорлупами при условном давлении 1,6 МПа, температуре 150°С	24-01-020-16	км	Бесканальная прокладка стальных трубопроводов в изоляции из пенополиуретана (ППУ) с изоляцией стыков скорлупами при номинальном давлении 1,6 МПа, температуре 150°С, диаметр труб: 1000 мм
ГЭСН	24	24-01-027	Установка сальниковых компенсаторов	24-01-027-01	шт	Установка сальниковых компенсаторов на стальных трубопроводах диаметром: 100 мм
ГЭСН	24	24-01-027	Установка сальниковых компенсаторов	24-01-027-02	шт	Установка сальниковых компенсаторов на стальных трубопроводах диаметром: 150 мм
ГЭСН	24	24-01-027	Установка сальниковых компенсаторов	24-01-027-03	шт	Установка сальниковых компенсаторов на стальных трубопроводах диаметром: 200 мм
ГЭСН	24	24-01-027	Установка сальниковых компенсаторов	24-01-027-04	шт	Установка сальниковых компенсаторов на стальных трубопроводах диаметром: 250 мм
ГЭСН	24	24-01-027	Установка сальниковых компенсаторов	24-01-027-05	шт	Установка сальниковых компенсаторов на стальных трубопроводах диаметром: 300 мм
ГЭСН	24	24-01-027	Установка сальниковых компенсаторов	24-01-027-06	шт	Установка сальниковых компенсаторов на стальных трубопроводах диаметром: 350 мм
ГЭСН	24	24-01-027	Установка сальниковых компенсаторов	24-01-027-07	шт	Установка сальниковых компенсаторов на стальных трубопроводах диаметром: 400 мм
ГЭСН	24	24-01-027	Установка сальниковых компенсаторов	24-01-027-08	шт	Установка сальниковых компенсаторов на стальных трубопроводах диаметром: 450 мм
ГЭСН	24	24-01-027	Установка сальниковых компенсаторов	24-01-027-09	шт	Установка сальниковых компенсаторов на стальных трубопроводах диаметром: 500 мм
ГЭСН	24	24-01-027	Установка сальниковых компенсаторов	24-01-027-10	шт	Установка сальниковых компенсаторов на стальных трубопроводах диаметром: 600 мм
ГЭСН	24	24-01-027	Установка сальниковых компенсаторов	24-01-027-11	шт	Установка сальниковых компенсаторов на стальных трубопроводах диаметром: 700 мм
ГЭСН	24	24-01-027	Установка сальниковых компенсаторов	24-01-027-12	шт	Установка сальниковых компенсаторов на стальных трубопроводах диаметром: 800 мм
ГЭСН	24	24-01-027	Установка сальниковых компенсаторов	24-01-027-13	шт	Установка сальниковых компенсаторов на стальных трубопроводах диаметром: 900 мм
ГЭСН	24	24-01-027	Установка сальниковых компенсаторов	24-01-027-14	шт	Установка сальниковых компенсаторов на стальных трубопроводах диаметром: 1000 мм
ГЭСН	24	24-01-027	Установка сальниковых компенсаторов	24-01-027-15	шт	Установка сальниковых компенсаторов на стальных трубопроводах диаметром: 1200 мм
ГЭСН	24	24-01-027	Установка сальниковых компенсаторов	24-01-027-16	шт	Установка сальниковых компенсаторов на стальных трубопроводах диаметром: 1400 мм
ГЭСН	24	24-01-028	Установка П-образных компенсаторов	24-01-028-01	шт	Установка П-образных компенсаторов на стальных трубопроводах диаметром: 50 мм
ГЭСН	24	24-01-028	Установка П-образных компенсаторов	24-01-028-02	шт	Установка П-образных компенсаторов на стальных трубопроводах диаметром: 65 мм
ГЭСН	24	24-01-028	Установка П-образных компенсаторов	24-01-028-03	шт	Установка П-образных компенсаторов на стальных трубопроводах диаметром: 80 мм
ГЭСН	24	24-01-028	Установка П-образных компенсаторов	24-01-028-04	шт	Установка П-образных компенсаторов на стальных трубопроводах диаметром: 100 мм
ГЭСН	24	24-01-028	Установка П-образных компенсаторов	24-01-028-05	шт	Установка П-образных компенсаторов на стальных трубопроводах диаметром: 125 мм
ГЭСН	24	24-01-028	Установка П-образных компенсаторов	24-01-028-06	шт	Установка П-образных компенсаторов на стальных трубопроводах диаметром: 150 мм
ГЭСН	24	24-01-028	Установка П-образных компенсаторов	24-01-028-07	шт	Установка П-образных компенсаторов на стальных трубопроводах диаметром: 200 мм
ГЭСН	24	24-01-028	Установка П-образных компенсаторов	24-01-028-08	шт	Установка П-образных компенсаторов на стальных трубопроводах диаметром: 250 мм
ГЭСН	24	24-01-028	Установка П-образных компенсаторов	24-01-028-09	шт	Установка П-образных компенсаторов на стальных трубопроводах диаметром: 300 мм
ГЭСН	24	24-01-028	Установка П-образных компенсаторов	24-01-028-10	шт	Установка П-образных компенсаторов на стальных трубопроводах диаметром: 350 мм
ГЭСН	24	24-01-028	Установка П-образных компенсаторов	24-01-028-11	шт	Установка П-образных компенсаторов на стальных трубопроводах диаметром: 400 мм
ГЭСН	24	24-01-028	Установка П-образных компенсаторов	24-01-028-12	шт	Установка П-образных компенсаторов на стальных трубопроводах диаметром: 450 мм
ГЭСН	24	24-01-028	Установка П-образных компенсаторов	24-01-028-13	шт	Установка П-образных компенсаторов на стальных трубопроводах диаметром: 500 мм
ГЭСН	24	24-01-028	Установка П-образных компенсаторов	24-01-028-14	шт	Установка П-образных компенсаторов на стальных трубопроводах диаметром: 600 мм
ГЭСН	24	24-01-028	Установка П-образных компенсаторов	24-01-028-15	шт	Установка П-образных компенсаторов на стальных трубопроводах диаметром: 700 мм
ГЭСН	24	24-01-028	Установка П-образных компенсаторов	24-01-028-16	шт	Установка П-образных компенсаторов на стальных трубопроводах диаметром: 800 мм
ГЭСН	24	24-01-028	Установка П-образных компенсаторов	24-01-028-17	шт	Установка П-образных компенсаторов на стальных трубопроводах диаметром: 900 мм
ГЭСН	24	24-01-028	Установка П-образных компенсаторов	24-01-028-18	шт	Установка П-образных компенсаторов на стальных трубопроводах диаметром: 1000 мм
ГЭСН	24	24-01-028	Установка П-образных компенсаторов	24-01-028-19	шт	Установка П-образных компенсаторов на стальных трубопроводах диаметром: 1200 мм
ГЭСН	24	24-01-028	Установка П-образных компенсаторов	24-01-028-20	шт	Установка П-образных компенсаторов на стальных трубопроводах диаметром: 1400 мм
ГЭСН	24	24-01-029	Установка сильфонных компенсаторов с несъемным кожухом	24-01-029-01	шт	Установка сильфонных компенсаторов с несъемным кожухом на стальных трубопроводах диаметром: 50 мм
ГЭСН	24	24-01-029	Установка сильфонных компенсаторов с несъемным кожухом	24-01-029-02	шт	Установка сильфонных компенсаторов с несъемным кожухом на стальных трубопроводах диаметром: 65 мм
ГЭСН	24	24-01-029	Установка сильфонных компенсаторов с несъемным кожухом	24-01-029-03	шт	Установка сильфонных компенсаторов с несъемным кожухом на стальных трубопроводах диаметром: 80 мм
ГЭСН	24	24-01-029	Установка сильфонных компенсаторов с несъемным кожухом	24-01-029-04	шт	Установка сильфонных компенсаторов с несъемным кожухом на стальных трубопроводах диаметром: 100 мм
ГЭСН	24	24-01-029	Установка сильфонных компенсаторов с несъемным кожухом	24-01-029-05	шт	Установка сильфонных компенсаторов с несъемным кожухом на стальных трубопроводах диаметром: 125 мм
ГЭСН	24	24-01-029	Установка сильфонных компенсаторов с несъемным кожухом	24-01-029-06	шт	Установка сильфонных компенсаторов с несъемным кожухом на стальных трубопроводах диаметром: 150 мм
ГЭСН	24	24-01-029	Установка сильфонных компенсаторов с несъемным кожухом	24-01-029-07	шт	Установка сильфонных компенсаторов с несъемным кожухом на стальных трубопроводах диаметром: 200 мм
ГЭСН	24	24-01-029	Установка сильфонных компенсаторов с несъемным кожухом	24-01-029-08	шт	Установка сильфонных компенсаторов с несъемным кожухом на стальных трубопроводах диаметром: 250 мм
ГЭСН	24	24-01-029	Установка сильфонных компенсаторов с несъемным кожухом	24-01-029-09	шт	Установка сильфонных компенсаторов с несъемным кожухом на стальных трубопроводах диаметром: 300 мм
ГЭСН	24	24-01-029	Установка сильфонных компенсаторов с несъемным кожухом	24-01-029-10	шт	Установка сильфонных компенсаторов с несъемным кожухом на стальных трубопроводах диаметром: 400 мм
ГЭСН	24	24-01-029	Установка сильфонных компенсаторов с несъемным кожухом	24-01-029-11	шт	Установка сильфонных компенсаторов с несъемным кожухом на стальных трубопроводах диаметром: 500 мм
ГЭСН	24	24-01-029	Установка сильфонных компенсаторов с несъемным кожухом	24-01-029-12	шт	Установка сильфонных компенсаторов с несъемным кожухом на стальных трубопроводах диаметром: 600 мм
ГЭСН	24	24-01-029	Установка сильфонных компенсаторов с несъемным кожухом	24-01-029-13	шт	Установка сильфонных компенсаторов с несъемным кожухом на стальных трубопроводах диаметром: 700 мм
ГЭСН	24	24-01-029	Установка сильфонных компенсаторов с несъемным кожухом	24-01-029-14	шт	Установка сильфонных компенсаторов с несъемным кожухом на стальных трубопроводах диаметром: 800 мм
ГЭСН	24	24-01-029	Установка сильфонных компенсаторов с несъемным кожухом	24-01-029-15	шт	Установка сильфонных компенсаторов с несъемным кожухом на стальных трубопроводах диаметром: 900 мм
ГЭСН	24	24-01-029	Установка сильфонных компенсаторов с несъемным кожухом	24-01-029-16	шт	Установка сильфонных компенсаторов с несъемным кожухом на стальных трубопроводах диаметром: 1000 мм
ГЭСН	24	24-01-029	Установка сильфонных компенсаторов с несъемным кожухом	24-01-029-17	шт	Установка сильфонных компенсаторов с несъемным кожухом на стальных трубопроводах диаметром: 1200 мм
ГЭСН	24	24-01-032	Установка задвижек или клапанов стальных для горячей воды и пара	24-01-032-01	10 компл	Установка задвижек или клапанов стальных для горячей воды и пара диаметром: 50 мм
ГЭСН	24	24-01-032	Установка задвижек или клапанов стальных для горячей воды и пара	24-01-032-02	10 компл	Установка задвижек или клапанов стальных для горячей воды и пара диаметром: 80 мм
ГЭСН	24	24-01-032	Установка задвижек или клапанов стальных для горячей воды и пара	24-01-032-03	10 компл	Установка задвижек или клапанов стальных для горячей воды и пара диаметром: 100 мм
ГЭСН	24	24-01-032	Установка задвижек или клапанов стальных для горячей воды и пара	24-01-032-04	10 компл	Установка задвижек или клапанов стальных для горячей воды и пара диаметром: 150 мм
ГЭСН	24	24-01-032	Установка задвижек или клапанов стальных для горячей воды и пара	24-01-032-05	10 компл	Установка задвижек или клапанов стальных для горячей воды и пара диаметром: 200 мм
ГЭСН	24	24-01-032	Установка задвижек или клапанов стальных для горячей воды и пара	24-01-032-06	10 компл	Установка задвижек или клапанов стальных для горячей воды и пара диаметром: 250 мм
ГЭСН	24	24-01-032	Установка задвижек или клапанов стальных для горячей воды и пара	24-01-032-07	10 компл	Установка задвижек или клапанов стальных для горячей воды и пара диаметром: 300 мм
ГЭСН	24	24-01-032	Установка задвижек или клапанов стальных для горячей воды и пара	24-01-032-08	10 компл	Установка задвижек или клапанов стальных для горячей воды и пара диаметром: 400 мм
ГЭСН	24	24-01-032	Установка задвижек или клапанов стальных для горячей воды и пара	24-01-032-09	10 компл	Установка задвижек или клапанов стальных для горячей воды и пара диаметром: 500 мм
ГЭСН	24	24-01-032	Установка задвижек или клапанов стальных для горячей воды и пара	24-01-032-10	10 компл	Установка задвижек или клапанов стальных для горячей воды и пара диаметром: 600 мм
ГЭСН	24	24-01-032	Установка задвижек или клапанов стальных для горячей воды и пара	24-01-032-11	10 компл	Установка задвижек или клапанов стальных для горячей воды и пара диаметром: 800 мм
ГЭСН	24	24-01-032	Установка задвижек или клапанов стальных для горячей воды и пара	24-01-032-12	10 компл	Установка задвижек или клапанов стальных для горячей воды и пара диаметром: 1000 мм
ГЭСН	24	24-01-032	Установка задвижек или клапанов стальных для горячей воды и пара	24-01-032-13	10 компл	Установка задвижек или клапанов стальных для горячей воды и пара диаметром: 1200 мм
ГЭСН	24	24-01-032	Установка задвижек или клапанов стальных для горячей воды и пара	24-01-032-14	10 компл	Установка задвижек или клапанов стальных для горячей воды и пара диаметром: 1400 мм
ГЭСН	24	24-01-034	Установка грязевиков	24-01-034-01	шт	Установка грязевиков на стальных трубопроводах диаметром: 200 мм
ГЭСН	24	24-01-034	Установка грязевиков	24-01-034-02	шт	Установка грязевиков на стальных трубопроводах диаметром: 250 мм
ГЭСН	24	24-01-034	Установка грязевиков	24-01-034-03	шт	Установка грязевиков на стальных трубопроводах диаметром: 300 мм
ГЭСН	24	24-01-034	Установка грязевиков	24-01-034-04	шт	Установка грязевиков на стальных трубопроводах диаметром: 350 мм
ГЭСН	24	24-01-034	Установка грязевиков	24-01-034-05	шт	Установка грязевиков на стальных трубопроводах диаметром: 400 мм
ГЭСН	24	24-01-034	Установка грязевиков	24-01-034-06	шт	Установка грязевиков на стальных трубопроводах диаметром: 450 мм
ГЭСН	24	24-01-034	Установка грязевиков	24-01-034-07	шт	Установка грязевиков на стальных трубопроводах диаметром: 500 мм
ГЭСН	24	24-01-034	Установка грязевиков	24-01-034-08	шт	Установка грязевиков на стальных трубопроводах диаметром: 600 мм
ГЭСН	24	24-01-034	Установка грязевиков	24-01-034-09	шт	Установка грязевиков на стальных трубопроводах диаметром: 700 мм
ГЭСН	24	24-01-034	Установка грязевиков	24-01-034-10	шт	Установка грязевиков на стальных трубопроводах диаметром: 800 мм
ГЭСН	24	24-01-034	Установка грязевиков	24-01-034-11	шт	Установка грязевиков на стальных трубопроводах диаметром: 900 мм
ГЭСН	24	24-01-034	Установка грязевиков	24-01-034-12	шт	Установка грязевиков на стальных трубопроводах диаметром: 1000 мм
ГЭСН	24	24-01-034	Установка грязевиков	24-01-034-13	шт	Установка грязевиков на стальных трубопроводах диаметром: 1200 мм
ГЭСН	24	24-01-034	Установка грязевиков	24-01-034-14	шт	Установка грязевиков на стальных трубопроводах диаметром: 1400 мм
ГЭСН	24	24-01-040	Надземная прокладка стальных труб в изоляции из пенополиуретана (ППУ)	24-01-040-01	км	Надземная прокладка стальных труб в изоляции из пенополиуретана (ППУ) диаметром: до 57 мм
ГЭСН	24	24-01-040	Надземная прокладка стальных труб в изоляции из пенополиуретана (ППУ)	24-01-040-02	км	Надземная прокладка стальных труб в изоляции из пенополиуретана (ППУ) диаметром: 76 мм
ГЭСН	24	24-01-040	Надземная прокладка стальных труб в изоляции из пенополиуретана (ППУ)	24-01-040-03	км	Надземная прокладка стальных труб в изоляции из пенополиуретана (ППУ) диаметром: 89 мм
ГЭСН	24	24-01-040	Надземная прокладка стальных труб в изоляции из пенополиуретана (ППУ)	24-01-040-04	км	Надземная прокладка стальных труб в изоляции из пенополиуретана (ППУ) диаметром: 108 мм
ГЭСН	24	24-01-040	Надземная прокладка стальных труб в изоляции из пенополиуретана (ППУ)	24-01-040-05	км	Надземная прокладка стальных труб в изоляции из пенополиуретана (ППУ) диаметром: 133 мм
ГЭСН	24	24-01-040	Надземная прокладка стальных труб в изоляции из пенополиуретана (ППУ)	24-01-040-06	км	Надземная прокладка стальных труб в изоляции из пенополиуретана (ППУ) диаметром: 159 мм
ГЭСН	24	24-01-040	Надземная прокладка стальных труб в изоляции из пенополиуретана (ППУ)	24-01-040-07	км	Надземная прокладка стальных труб в изоляции из пенополиуретана (ППУ) диаметром: 219 мм
ГЭСН	24	24-01-040	Надземная прокладка стальных труб в изоляции из пенополиуретана (ППУ)	24-01-040-08	км	Надземная прокладка стальных труб в изоляции из пенополиуретана (ППУ) диаметром: 273 мм
ГЭСН	24	24-01-040	Надземная прокладка стальных труб в изоляции из пенополиуретана (ППУ)	24-01-040-09	км	Надземная прокладка стальных труб в изоляции из пенополиуретана (ППУ) диаметром: 325 мм
ГЭСН	24	24-01-040	Надземная прокладка стальных труб в изоляции из пенополиуретана (ППУ)	24-01-040-10	км	Надземная прокладка стальных труб в изоляции из пенополиуретана (ППУ) диаметром: 426 мм
ГЭСН	24	24-01-040	Надземная прокладка стальных труб в изоляции из пенополиуретана (ППУ)	24-01-040-11	км	Надземная прокладка стальных труб в изоляции из пенополиуретана (ППУ) диаметром: 530 мм
ГЭСН	24	24-01-040	Надземная прокладка стальных труб в изоляции из пенополиуретана (ППУ)	24-01-040-12	км	Надземная прокладка стальных труб в изоляции из пенополиуретана (ППУ) диаметром: 630 мм
ГЭСН	24	24-01-040	Надземная прокладка стальных труб в изоляции из пенополиуретана (ППУ)	24-01-040-13	км	Надземная прокладка стальных труб в изоляции из пенополиуретана (ППУ) диаметром: 720 мм
ГЭСН	24	24-01-040	Надземная прокладка стальных труб в изоляции из пенополиуретана (ППУ)	24-01-040-14	км	Надземная прокладка стальных труб в изоляции из пенополиуретана (ППУ) диаметром: 820 мм
ГЭСН	24	24-01-040	Надземная прокладка стальных труб в изоляции из пенополиуретана (ППУ)	24-01-040-15	км	Надземная прокладка стальных труб в изоляции из пенополиуретана (ППУ) диаметром: 920 мм
ГЭСН	24	24-01-040	Надземная прокладка стальных труб в изоляции из пенополиуретана (ППУ)	24-01-040-16	км	Надземная прокладка стальных труб в изоляции из пенополиуретана (ППУ) диаметром: 1020 мм
ГЭСН	24	24-01-040	Надземная прокладка стальных труб в изоляции из пенополиуретана (ППУ)	24-01-040-17	км	Надземная прокладка стальных труб в изоляции из пенополиуретана (ППУ) диаметром: 1220 мм
ГЭСН	24	24-01-040	Надземная прокладка стальных труб в изоляции из пенополиуретана (ППУ)	24-01-040-18	км	Надземная прокладка стальных труб в изоляции из пенополиуретана (ППУ) диаметром: 1420 мм
ГЭСН	24	24-01-041	Бесканальная прокладка в траншее стальных труб в изоляции из пенополиуретана (ППУ)	24-01-041-01	км	Бесканальная прокладка в траншее стальных труб в изоляции из пенополиуретана (ППУ) диаметром: до 57 мм
ГЭСН	24	24-01-041	Бесканальная прокладка в траншее стальных труб в изоляции из пенополиуретана (ППУ)	24-01-041-02	км	Бесканальная прокладка в траншее стальных труб в изоляции из пенополиуретана (ППУ) диаметром: 76 мм
ГЭСН	24	24-01-041	Бесканальная прокладка в траншее стальных труб в изоляции из пенополиуретана (ППУ)	24-01-041-03	км	Бесканальная прокладка в траншее стальных труб в изоляции из пенополиуретана (ППУ) диаметром: 89 мм
ГЭСН	24	24-01-041	Бесканальная прокладка в траншее стальных труб в изоляции из пенополиуретана (ППУ)	24-01-041-04	км	Бесканальная прокладка в траншее стальных труб в изоляции из пенополиуретана (ППУ) диаметром: 108 мм
ГЭСН	24	24-01-041	Бесканальная прокладка в траншее стальных труб в изоляции из пенополиуретана (ППУ)	24-01-041-05	км	Бесканальная прокладка в траншее стальных труб в изоляции из пенополиуретана (ППУ) диаметром: 133 мм
ГЭСН	24	24-01-041	Бесканальная прокладка в траншее стальных труб в изоляции из пенополиуретана (ППУ)	24-01-041-06	км	Бесканальная прокладка в траншее стальных труб в изоляции из пенополиуретана (ППУ) диаметром: 159 мм
ГЭСН	24	24-01-041	Бесканальная прокладка в траншее стальных труб в изоляции из пенополиуретана (ППУ)	24-01-041-07	км	Бесканальная прокладка в траншее стальных труб в изоляции из пенополиуретана (ППУ) диаметром: 219 мм
ГЭСН	24	24-01-041	Бесканальная прокладка в траншее стальных труб в изоляции из пенополиуретана (ППУ)	24-01-041-08	км	Бесканальная прокладка в траншее стальных труб в изоляции из пенополиуретана (ППУ) диаметром: 273 мм
ГЭСН	24	24-01-041	Бесканальная прокладка в траншее стальных труб в изоляции из пенополиуретана (ППУ)	24-01-041-09	км	Бесканальная прокладка в траншее стальных труб в изоляции из пенополиуретана (ППУ) диаметром: 325 мм
ГЭСН	24	24-01-041	Бесканальная прокладка в траншее стальных труб в изоляции из пенополиуретана (ППУ)	24-01-041-10	км	Бесканальная прокладка в траншее стальных труб в изоляции из пенополиуретана (ППУ) диаметром: 426 мм
ГЭСН	24	24-01-041	Бесканальная прокладка в траншее стальных труб в изоляции из пенополиуретана (ППУ)	24-01-041-11	км	Бесканальная прокладка в траншее стальных труб в изоляции из пенополиуретана (ППУ) диаметром: 530 мм
ГЭСН	24	24-01-041	Бесканальная прокладка в траншее стальных труб в изоляции из пенополиуретана (ППУ)	24-01-041-12	км	Бесканальная прокладка в траншее стальных труб в изоляции из пенополиуретана (ППУ) диаметром: 630 мм
ГЭСН	24	24-01-041	Бесканальная прокладка в траншее стальных труб в изоляции из пенополиуретана (ППУ)	24-01-041-13	км	Бесканальная прокладка в траншее стальных труб в изоляции из пенополиуретана (ППУ) диаметром: 720 мм
ГЭСН	24	24-01-041	Бесканальная прокладка в траншее стальных труб в изоляции из пенополиуретана (ППУ)	24-01-041-14	км	Бесканальная прокладка в траншее стальных труб в изоляции из пенополиуретана (ППУ) диаметром: 820 мм
ГЭСН	24	24-01-041	Бесканальная прокладка в траншее стальных труб в изоляции из пенополиуретана (ППУ)	24-01-041-15	км	Бесканальная прокладка в траншее стальных труб в изоляции из пенополиуретана (ППУ) диаметром: 920 мм
ГЭСН	24	24-01-041	Бесканальная прокладка в траншее стальных труб в изоляции из пенополиуретана (ППУ)	24-01-041-16	км	Бесканальная прокладка в траншее стальных труб в изоляции из пенополиуретана (ППУ) диаметром: 1020 мм
ГЭСН	24	24-01-042	Прокладка в канале стальных труб в изоляции из пенополиуретана (ППУ)	24-01-042-01	км	Прокладка в канале стальных труб в изоляции из пенополиуретана (ППУ) диаметром: до 57 мм
ГЭСН	24	24-01-042	Прокладка в канале стальных труб в изоляции из пенополиуретана (ППУ)	24-01-042-02	км	Прокладка в канале стальных труб в изоляции из пенополиуретана (ППУ) диаметром: 76 мм
ГЭСН	24	24-01-042	Прокладка в канале стальных труб в изоляции из пенополиуретана (ППУ)	24-01-042-03	км	Прокладка в канале стальных труб в изоляции из пенополиуретана (ППУ) диаметром: 89 мм
ГЭСН	24	24-01-042	Прокладка в канале стальных труб в изоляции из пенополиуретана (ППУ)	24-01-042-04	км	Прокладка в канале стальных труб в изоляции из пенополиуретана (ППУ) диаметром: 108 мм
ГЭСН	24	24-01-042	Прокладка в канале стальных труб в изоляции из пенополиуретана (ППУ)	24-01-042-05	км	Прокладка в канале стальных труб в изоляции из пенополиуретана (ППУ) диаметром: 133 мм
ГЭСН	24	24-01-042	Прокладка в канале стальных труб в изоляции из пенополиуретана (ППУ)	24-01-042-06	км	Прокладка в канале стальных труб в изоляции из пенополиуретана (ППУ) диаметром: 159 мм
ГЭСН	24	24-01-042	Прокладка в канале стальных труб в изоляции из пенополиуретана (ППУ)	24-01-042-07	км	Прокладка в канале стальных труб в изоляции из пенополиуретана (ППУ) диаметром: 219 мм
ГЭСН	24	24-01-042	Прокладка в канале стальных труб в изоляции из пенополиуретана (ППУ)	24-01-042-08	км	Прокладка в канале стальных труб в изоляции из пенополиуретана (ППУ) диаметром: 273 мм
ГЭСН	24	24-01-042	Прокладка в канале стальных труб в изоляции из пенополиуретана (ППУ)	24-01-042-09	км	Прокладка в канале стальных труб в изоляции из пенополиуретана (ППУ) диаметром: 325 мм
ГЭСН	24	24-01-042	Прокладка в канале стальных труб в изоляции из пенополиуретана (ППУ)	24-01-042-10	км	Прокладка в канале стальных труб в изоляции из пенополиуретана (ППУ) диаметром: 426 мм
ГЭСН	24	24-01-042	Прокладка в канале стальных труб в изоляции из пенополиуретана (ППУ)	24-01-042-11	км	Прокладка в канале стальных труб в изоляции из пенополиуретана (ППУ) диаметром: 530 мм
ГЭСН	24	24-01-042	Прокладка в канале стальных труб в изоляции из пенополиуретана (ППУ)	24-01-042-12	км	Прокладка в канале стальных труб в изоляции из пенополиуретана (ППУ) диаметром: 630 мм
ГЭСН	24	24-01-042	Прокладка в канале стальных труб в изоляции из пенополиуретана (ППУ)	24-01-042-13	км	Прокладка в канале стальных труб в изоляции из пенополиуретана (ППУ) диаметром: 720 мм
ГЭСН	24	24-01-042	Прокладка в канале стальных труб в изоляции из пенополиуретана (ППУ)	24-01-042-14	км	Прокладка в канале стальных труб в изоляции из пенополиуретана (ППУ) диаметром: 820 мм
ГЭСН	24	24-01-042	Прокладка в канале стальных труб в изоляции из пенополиуретана (ППУ)	24-01-042-15	км	Прокладка в канале стальных труб в изоляции из пенополиуретана (ППУ) диаметром: 920 мм
ГЭСН	24	24-01-042	Прокладка в канале стальных труб в изоляции из пенополиуретана (ППУ)	24-01-042-16	км	Прокладка в канале стальных труб в изоляции из пенополиуретана (ППУ) диаметром: 1020 мм
ГЭСН	24	24-01-042	Прокладка в канале стальных труб в изоляции из пенополиуретана (ППУ)	24-01-042-17	км	Прокладка в канале стальных труб в изоляции из пенополиуретана (ППУ) диаметром: 1220 мм
ГЭСН	24	24-01-042	Прокладка в канале стальных труб в изоляции из пенополиуретана (ППУ)	24-01-042-18	км	Прокладка в канале стальных труб в изоляции из пенополиуретана (ППУ) диаметром: 1420 мм
ГЭСН	24	24-01-043	Установка отводов стальных, изолированных пенополиуретаном (ППУ)	24-01-043-01	10 шт	Установка отводов стальных, изолированных пенополиуретаном (ППУ), диаметром: до 57 мм
ГЭСН	24	24-01-043	Установка отводов стальных, изолированных пенополиуретаном (ППУ)	24-01-043-02	10 шт	Установка отводов стальных, изолированных пенополиуретаном (ППУ), диаметром: 76 мм
ГЭСН	24	24-01-043	Установка отводов стальных, изолированных пенополиуретаном (ППУ)	24-01-043-03	10 шт	Установка отводов стальных, изолированных пенополиуретаном (ППУ), диаметром: 89 мм
ГЭСН	24	24-01-043	Установка отводов стальных, изолированных пенополиуретаном (ППУ)	24-01-043-04	10 шт	Установка отводов стальных, изолированных пенополиуретаном (ППУ), диаметром: 108 мм
ГЭСН	24	24-01-043	Установка отводов стальных, изолированных пенополиуретаном (ППУ)	24-01-043-05	10 шт	Установка отводов стальных, изолированных пенополиуретаном (ППУ), диаметром: 133 мм
ГЭСН	24	24-01-043	Установка отводов стальных, изолированных пенополиуретаном (ППУ)	24-01-043-06	10 шт	Установка отводов стальных, изолированных пенополиуретаном (ППУ), диаметром: 159 мм
ГЭСН	24	24-01-043	Установка отводов стальных, изолированных пенополиуретаном (ППУ)	24-01-043-07	10 шт	Установка отводов стальных, изолированных пенополиуретаном (ППУ), диаметром: 219 мм
ГЭСН	24	24-01-043	Установка отводов стальных, изолированных пенополиуретаном (ППУ)	24-01-043-08	10 шт	Установка отводов стальных, изолированных пенополиуретаном (ППУ), диаметром: 273 мм
ГЭСН	24	24-01-043	Установка отводов стальных, изолированных пенополиуретаном (ППУ)	24-01-043-09	10 шт	Установка отводов стальных, изолированных пенополиуретаном (ППУ), диаметром: 325 мм
ГЭСН	24	24-01-043	Установка отводов стальных, изолированных пенополиуретаном (ППУ)	24-01-043-10	10 шт	Установка отводов стальных, изолированных пенополиуретаном (ППУ), диаметром: 426 мм
ГЭСН	24	24-01-043	Установка отводов стальных, изолированных пенополиуретаном (ППУ)	24-01-043-11	10 шт	Установка отводов стальных, изолированных пенополиуретаном (ППУ), диаметром: 530 мм
ГЭСН	24	24-01-043	Установка отводов стальных, изолированных пенополиуретаном (ППУ)	24-01-043-12	10 шт	Установка отводов стальных, изолированных пенополиуретаном (ППУ), диаметром: 630 мм
ГЭСН	24	24-01-043	Установка отводов стальных, изолированных пенополиуретаном (ППУ)	24-01-043-13	10 шт	Установка отводов стальных, изолированных пенополиуретаном (ППУ), диаметром: 720 мм
ГЭСН	24	24-01-043	Установка отводов стальных, изолированных пенополиуретаном (ППУ)	24-01-043-14	10 шт	Установка отводов стальных, изолированных пенополиуретаном (ППУ), диаметром: 820 мм
ГЭСН	24	24-01-043	Установка отводов стальных, изолированных пенополиуретаном (ППУ)	24-01-043-15	10 шт	Установка отводов стальных, изолированных пенополиуретаном (ППУ), диаметром: 920 мм
ГЭСН	24	24-01-043	Установка отводов стальных, изолированных пенополиуретаном (ППУ)	24-01-043-16	10 шт	Установка отводов стальных, изолированных пенополиуретаном (ППУ), диаметром: 1020 мм
ГЭСН	24	24-01-043	Установка отводов стальных, изолированных пенополиуретаном (ППУ)	24-01-043-17	10 шт	Установка отводов стальных, изолированных пенополиуретаном (ППУ), диаметром: 1220 мм
ГЭСН	24	24-01-043	Установка отводов стальных, изолированных пенополиуретаном (ППУ)	24-01-043-18	10 шт	Установка отводов стальных, изолированных пенополиуретаном (ППУ), диаметром: 1420 мм
ГЭСН	24	24-01-044	Установка тройников стальных, изолированных пенополиуретаном (ППУ)	24-01-044-01	10 шт	Установка тройников стальных, изолированных пенополиуретаном (ППУ), диаметром: до 57 мм
ГЭСН	24	24-01-044	Установка тройников стальных, изолированных пенополиуретаном (ППУ)	24-01-044-02	10 шт	Установка тройников стальных, изолированных пенополиуретаном (ППУ), диаметром: 76 мм
ГЭСН	24	24-01-044	Установка тройников стальных, изолированных пенополиуретаном (ППУ)	24-01-044-03	10 шт	Установка тройников стальных, изолированных пенополиуретаном (ППУ), диаметром: 89 мм
ГЭСН	24	24-01-044	Установка тройников стальных, изолированных пенополиуретаном (ППУ)	24-01-044-04	10 шт	Установка тройников стальных, изолированных пенополиуретаном (ППУ), диаметром: 108 мм
ГЭСН	24	24-01-044	Установка тройников стальных, изолированных пенополиуретаном (ППУ)	24-01-044-05	10 шт	Установка тройников стальных, изолированных пенополиуретаном (ППУ), диаметром: 133 мм
ГЭСН	24	24-01-044	Установка тройников стальных, изолированных пенополиуретаном (ППУ)	24-01-044-06	10 шт	Установка тройников стальных, изолированных пенополиуретаном (ППУ), диаметром: 159 мм
ГЭСН	24	24-01-044	Установка тройников стальных, изолированных пенополиуретаном (ППУ)	24-01-044-07	10 шт	Установка тройников стальных, изолированных пенополиуретаном (ППУ), диаметром: 219 мм
ГЭСН	24	24-01-044	Установка тройников стальных, изолированных пенополиуретаном (ППУ)	24-01-044-08	10 шт	Установка тройников стальных, изолированных пенополиуретаном (ППУ), диаметром: 273 мм
ГЭСН	24	24-01-044	Установка тройников стальных, изолированных пенополиуретаном (ППУ)	24-01-044-09	10 шт	Установка тройников стальных, изолированных пенополиуретаном (ППУ), диаметром: 325 мм
ГЭСН	24	24-01-044	Установка тройников стальных, изолированных пенополиуретаном (ППУ)	24-01-044-10	10 шт	Установка тройников стальных, изолированных пенополиуретаном (ППУ), диаметром: 426 мм
ГЭСН	24	24-01-044	Установка тройников стальных, изолированных пенополиуретаном (ППУ)	24-01-044-11	10 шт	Установка тройников стальных, изолированных пенополиуретаном (ППУ), диаметром: 530 мм
ГЭСН	24	24-01-044	Установка тройников стальных, изолированных пенополиуретаном (ППУ)	24-01-044-12	10 шт	Установка тройников стальных, изолированных пенополиуретаном (ППУ), диаметром: 630 мм
ГЭСН	24	24-01-044	Установка тройников стальных, изолированных пенополиуретаном (ППУ)	24-01-044-13	10 шт	Установка тройников стальных, изолированных пенополиуретаном (ППУ), диаметром: 720 мм
ГЭСН	24	24-01-044	Установка тройников стальных, изолированных пенополиуретаном (ППУ)	24-01-044-14	10 шт	Установка тройников стальных, изолированных пенополиуретаном (ППУ), диаметром: 820 мм
ГЭСН	24	24-01-044	Установка тройников стальных, изолированных пенополиуретаном (ППУ)	24-01-044-15	10 шт	Установка тройников стальных, изолированных пенополиуретаном (ППУ), диаметром: 920 мм
ГЭСН	24	24-01-044	Установка тройников стальных, изолированных пенополиуретаном (ППУ)	24-01-044-16	10 шт	Установка тройников стальных, изолированных пенополиуретаном (ППУ), диаметром: 1020 мм
ГЭСН	24	24-01-044	Установка тройников стальных, изолированных пенополиуретаном (ППУ)	24-01-044-17	10 шт	Установка тройников стальных, изолированных пенополиуретаном (ППУ), диаметром: 1220 мм
ГЭСН	24	24-01-044	Установка тройников стальных, изолированных пенополиуретаном (ППУ)	24-01-044-18	10 шт	Установка тройников стальных, изолированных пенополиуретаном (ППУ), диаметром: 1420 мм
ГЭСН	24	24-01-045	Установка компенсаторов сильфонных, изолированных пенополиуретаном (ППУ)	24-01-045-01	10 шт	Установка компенсаторов сильфонных, изолированных пенополиуретаном (ППУ), диаметром: до 57 мм
ГЭСН	24	24-01-045	Установка компенсаторов сильфонных, изолированных пенополиуретаном (ППУ)	24-01-045-02	10 шт	Установка компенсаторов сильфонных, изолированных пенополиуретаном (ППУ), диаметром: 76 мм
ГЭСН	24	24-01-045	Установка компенсаторов сильфонных, изолированных пенополиуретаном (ППУ)	24-01-045-03	10 шт	Установка компенсаторов сильфонных, изолированных пенополиуретаном (ППУ), диаметром: 89 мм
ГЭСН	24	24-01-045	Установка компенсаторов сильфонных, изолированных пенополиуретаном (ППУ)	24-01-045-04	10 шт	Установка компенсаторов сильфонных, изолированных пенополиуретаном (ППУ), диаметром: 108 мм
ГЭСН	24	24-01-045	Установка компенсаторов сильфонных, изолированных пенополиуретаном (ППУ)	24-01-045-05	10 шт	Установка компенсаторов сильфонных, изолированных пенополиуретаном (ППУ), диаметром: 133 мм
ГЭСН	24	24-01-045	Установка компенсаторов сильфонных, изолированных пенополиуретаном (ППУ)	24-01-045-06	10 шт	Установка компенсаторов сильфонных, изолированных пенополиуретаном (ППУ), диаметром: 159 мм
ГЭСН	24	24-01-045	Установка компенсаторов сильфонных, изолированных пенополиуретаном (ППУ)	24-01-045-07	10 шт	Установка компенсаторов сильфонных, изолированных пенополиуретаном (ППУ), диаметром: 219 мм
ГЭСН	24	24-01-045	Установка компенсаторов сильфонных, изолированных пенополиуретаном (ППУ)	24-01-045-08	10 шт	Установка компенсаторов сильфонных, изолированных пенополиуретаном (ППУ), диаметром: 273 мм
ГЭСН	24	24-01-045	Установка компенсаторов сильфонных, изолированных пенополиуретаном (ППУ)	24-01-045-09	10 шт	Установка компенсаторов сильфонных, изолированных пенополиуретаном (ППУ), диаметром: 325 мм
ГЭСН	24	24-01-045	Установка компенсаторов сильфонных, изолированных пенополиуретаном (ППУ)	24-01-045-10	10 шт	Установка компенсаторов сильфонных, изолированных пенополиуретаном (ППУ), диаметром: 426 мм
ГЭСН	24	24-01-045	Установка компенсаторов сильфонных, изолированных пенополиуретаном (ППУ)	24-01-045-11	10 шт	Установка компенсаторов сильфонных, изолированных пенополиуретаном (ППУ), диаметром: 530 мм
ГЭСН	24	24-01-045	Установка компенсаторов сильфонных, изолированных пенополиуретаном (ППУ)	24-01-045-12	10 шт	Установка компенсаторов сильфонных, изолированных пенополиуретаном (ППУ), диаметром: 630 мм
ГЭСН	24	24-01-045	Установка компенсаторов сильфонных, изолированных пенополиуретаном (ППУ)	24-01-045-13	10 шт	Установка компенсаторов сильфонных, изолированных пенополиуретаном (ППУ), диаметром: 720 мм
ГЭСН	24	24-01-045	Установка компенсаторов сильфонных, изолированных пенополиуретаном (ППУ)	24-01-045-14	10 шт	Установка компенсаторов сильфонных, изолированных пенополиуретаном (ППУ), диаметром: 820 мм
ГЭСН	24	24-01-045	Установка компенсаторов сильфонных, изолированных пенополиуретаном (ППУ)	24-01-045-15	10 шт	Установка компенсаторов сильфонных, изолированных пенополиуретаном (ППУ), диаметром: 920 мм
ГЭСН	24	24-01-045	Установка компенсаторов сильфонных, изолированных пенополиуретаном (ППУ)	24-01-045-16	10 шт	Установка компенсаторов сильфонных, изолированных пенополиуретаном (ППУ), диаметром: 1020 мм
ГЭСН	24	24-01-045	Установка компенсаторов сильфонных, изолированных пенополиуретаном (ППУ)	24-01-045-17	10 шт	Установка компенсаторов сильфонных, изолированных пенополиуретаном (ППУ), диаметром: 1220 мм
ГЭСН	24	24-01-045	Установка компенсаторов сильфонных, изолированных пенополиуретаном (ППУ)	24-01-045-18	10 шт	Установка компенсаторов сильфонных, изолированных пенополиуретаном (ППУ), диаметром: 1420 мм
ГЭСН	24	24-01-046	Установка неподвижных опор, изолированных пенополиуретаном (ППУ)	24-01-046-01	10 шт	Установка неподвижных опор, изолированных пенополиуретаном (ППУ), диаметром: до 57 мм
ГЭСН	24	24-01-046	Установка неподвижных опор, изолированных пенополиуретаном (ППУ)	24-01-046-02	10 шт	Установка неподвижных опор, изолированных пенополиуретаном (ППУ), диаметром: 76 мм
ГЭСН	24	24-01-046	Установка неподвижных опор, изолированных пенополиуретаном (ППУ)	24-01-046-03	10 шт	Установка неподвижных опор, изолированных пенополиуретаном (ППУ), диаметром: 89 мм
ГЭСН	24	24-01-046	Установка неподвижных опор, изолированных пенополиуретаном (ППУ)	24-01-046-04	10 шт	Установка неподвижных опор, изолированных пенополиуретаном (ППУ), диаметром: 108 мм
ГЭСН	24	24-01-046	Установка неподвижных опор, изолированных пенополиуретаном (ППУ)	24-01-046-05	10 шт	Установка неподвижных опор, изолированных пенополиуретаном (ППУ), диаметром: 133 мм
ГЭСН	24	24-01-046	Установка неподвижных опор, изолированных пенополиуретаном (ППУ)	24-01-046-06	10 шт	Установка неподвижных опор, изолированных пенополиуретаном (ППУ), диаметром: 159 мм
ГЭСН	24	24-01-046	Установка неподвижных опор, изолированных пенополиуретаном (ППУ)	24-01-046-07	10 шт	Установка неподвижных опор, изолированных пенополиуретаном (ППУ), диаметром: 219 мм
ГЭСН	24	24-01-046	Установка неподвижных опор, изолированных пенополиуретаном (ППУ)	24-01-046-08	10 шт	Установка неподвижных опор, изолированных пенополиуретаном (ППУ), диаметром: 273 мм
ГЭСН	24	24-01-046	Установка неподвижных опор, изолированных пенополиуретаном (ППУ)	24-01-046-09	10 шт	Установка неподвижных опор, изолированных пенополиуретаном (ППУ), диаметром: 325 мм
ГЭСН	24	24-01-046	Установка неподвижных опор, изолированных пенополиуретаном (ППУ)	24-01-046-10	10 шт	Установка неподвижных опор, изолированных пенополиуретаном (ППУ), диаметром: 426 мм
ГЭСН	24	24-01-046	Установка неподвижных опор, изолированных пенополиуретаном (ППУ)	24-01-046-11	10 шт	Установка неподвижных опор, изолированных пенополиуретаном (ППУ), диаметром: 530 мм
ГЭСН	24	24-01-046	Установка неподвижных опор, изолированных пенополиуретаном (ППУ)	24-01-046-12	10 шт	Установка неподвижных опор, изолированных пенополиуретаном (ППУ), диаметром: 630 мм
ГЭСН	24	24-01-046	Установка неподвижных опор, изолированных пенополиуретаном (ППУ)	24-01-046-13	10 шт	Установка неподвижных опор, изолированных пенополиуретаном (ППУ), диаметром: 720 мм
ГЭСН	24	24-01-046	Установка неподвижных опор, изолированных пенополиуретаном (ППУ)	24-01-046-14	10 шт	Установка неподвижных опор, изолированных пенополиуретаном (ППУ), диаметром: 820 мм
ГЭСН	24	24-01-046	Установка неподвижных опор, изолированных пенополиуретаном (ППУ)	24-01-046-15	10 шт	Установка неподвижных опор, изолированных пенополиуретаном (ППУ), диаметром: 920 мм
ГЭСН	24	24-01-046	Установка неподвижных опор, изолированных пенополиуретаном (ППУ)	24-01-046-16	10 шт	Установка неподвижных опор, изолированных пенополиуретаном (ППУ), диаметром: 1020 мм
ГЭСН	24	24-01-046	Установка неподвижных опор, изолированных пенополиуретаном (ППУ)	24-01-046-17	10 шт	Установка неподвижных опор, изолированных пенополиуретаном (ППУ), диаметром: 1220 мм
ГЭСН	24	24-01-046	Установка неподвижных опор, изолированных пенополиуретаном (ППУ)	24-01-046-18	10 шт	Установка неподвижных опор, изолированных пенополиуретаном (ППУ), диаметром: 1420 мм
ГЭСН	24	24-01-047	Установка шаровых кранов, изолированных пенополиуретаном (ППУ)	24-01-047-01	10 шт	Установка шаровых кранов, изолированных пенополиуретаном (ППУ), диаметром: до 57 мм
ГЭСН	24	24-01-047	Установка шаровых кранов, изолированных пенополиуретаном (ППУ)	24-01-047-02	10 шт	Установка шаровых кранов, изолированных пенополиуретаном (ППУ), диаметром: 76 мм
ГЭСН	24	24-01-047	Установка шаровых кранов, изолированных пенополиуретаном (ППУ)	24-01-047-03	10 шт	Установка шаровых кранов, изолированных пенополиуретаном (ППУ), диаметром: 89 мм
ГЭСН	24	24-01-047	Установка шаровых кранов, изолированных пенополиуретаном (ППУ)	24-01-047-04	10 шт	Установка шаровых кранов, изолированных пенополиуретаном (ППУ), диаметром: 108 мм
ГЭСН	24	24-01-047	Установка шаровых кранов, изолированных пенополиуретаном (ППУ)	24-01-047-05	10 шт	Установка шаровых кранов, изолированных пенополиуретаном (ППУ), диаметром: 133 мм
ГЭСН	24	24-01-047	Установка шаровых кранов, изолированных пенополиуретаном (ППУ)	24-01-047-06	10 шт	Установка шаровых кранов, изолированных пенополиуретаном (ППУ), диаметром: 159 мм
ГЭСН	24	24-01-047	Установка шаровых кранов, изолированных пенополиуретаном (ППУ)	24-01-047-07	10 шт	Установка шаровых кранов, изолированных пенополиуретаном (ППУ), диаметром: 219 мм
ГЭСН	24	24-01-047	Установка шаровых кранов, изолированных пенополиуретаном (ППУ)	24-01-047-08	10 шт	Установка шаровых кранов, изолированных пенополиуретаном (ППУ), диаметром: 273 мм
ГЭСН	24	24-01-047	Установка шаровых кранов, изолированных пенополиуретаном (ППУ)	24-01-047-09	10 шт	Установка шаровых кранов, изолированных пенополиуретаном (ППУ), диаметром: 325 мм
ГЭСН	24	24-01-047	Установка шаровых кранов, изолированных пенополиуретаном (ППУ)	24-01-047-10	10 шт	Установка шаровых кранов, изолированных пенополиуретаном (ППУ), диаметром: 426 мм
ГЭСН	24	24-01-047	Установка шаровых кранов, изолированных пенополиуретаном (ППУ)	24-01-047-11	10 шт	Установка шаровых кранов, изолированных пенополиуретаном (ППУ), диаметром: 530 мм
ГЭСН	24	24-01-047	Установка шаровых кранов, изолированных пенополиуретаном (ППУ)	24-01-047-12	10 шт	Установка шаровых кранов, изолированных пенополиуретаном (ППУ), диаметром: 630 мм
ГЭСН	24	24-01-047	Установка шаровых кранов, изолированных пенополиуретаном (ППУ)	24-01-047-13	10 шт	Установка шаровых кранов, изолированных пенополиуретаном (ППУ), диаметром: 720 мм
ГЭСН	24	24-01-047	Установка шаровых кранов, изолированных пенополиуретаном (ППУ)	24-01-047-14	10 шт	Установка шаровых кранов, изолированных пенополиуретаном (ППУ), диаметром: 820 мм
ГЭСН	24	24-01-047	Установка шаровых кранов, изолированных пенополиуретаном (ППУ)	24-01-047-15	10 шт	Установка шаровых кранов, изолированных пенополиуретаном (ППУ), диаметром: 920 мм
ГЭСН	24	24-01-047	Установка шаровых кранов, изолированных пенополиуретаном (ППУ)	24-01-047-16	10 шт	Установка шаровых кранов, изолированных пенополиуретаном (ППУ), диаметром: 1020 мм
ГЭСН	24	24-01-047	Установка шаровых кранов, изолированных пенополиуретаном (ППУ)	24-01-047-17	10 шт	Установка шаровых кранов, изолированных пенополиуретаном (ППУ), диаметром: 1220 мм
ГЭСН	24	24-01-047	Установка шаровых кранов, изолированных пенополиуретаном (ППУ)	24-01-047-18	10 шт	Установка шаровых кранов, изолированных пенополиуретаном (ППУ), диаметром: 1420 мм
ГЭСН	24	24-01-048	Установка переходов, промежуточных и концевых элементов с кабелем вывода, металлической заглушки изоляции, изолированных пенополиуретаном (ППУ)	24-01-048-01	10 шт	Установка переходов, промежуточных и концевых элементов с кабелем вывода, металлической заглушки изоляции, изолированных пенополиуретаном (ППУ), диаметром: до 57 мм
ГЭСН	24	24-01-048	Установка переходов, промежуточных и концевых элементов с кабелем вывода, металлической заглушки изоляции, изолированных пенополиуретаном (ППУ)	24-01-048-02	10 шт	Установка переходов, промежуточных и концевых элементов с кабелем вывода, металлической заглушки изоляции, изолированных пенополиуретаном (ППУ), диаметром: 76 мм
ГЭСН	24	24-01-048	Установка переходов, промежуточных и концевых элементов с кабелем вывода, металлической заглушки изоляции, изолированных пенополиуретаном (ППУ)	24-01-048-03	10 шт	Установка переходов, промежуточных и концевых элементов с кабелем вывода, металлической заглушки изоляции, изолированных пенополиуретаном (ППУ), диаметром: 89 мм
ГЭСН	24	24-01-048	Установка переходов, промежуточных и концевых элементов с кабелем вывода, металлической заглушки изоляции, изолированных пенополиуретаном (ППУ)	24-01-048-04	10 шт	Установка переходов, промежуточных и концевых элементов с кабелем вывода, металлической заглушки изоляции, изолированных пенополиуретаном (ППУ), диаметром: 108 мм
ГЭСН	24	24-01-048	Установка переходов, промежуточных и концевых элементов с кабелем вывода, металлической заглушки изоляции, изолированных пенополиуретаном (ППУ)	24-01-048-05	10 шт	Установка переходов, промежуточных и концевых элементов с кабелем вывода, металлической заглушки изоляции, изолированных пенополиуретаном (ППУ), диаметром: 133 мм
ГЭСН	24	24-01-048	Установка переходов, промежуточных и концевых элементов с кабелем вывода, металлической заглушки изоляции, изолированных пенополиуретаном (ППУ)	24-01-048-06	10 шт	Установка переходов, промежуточных и концевых элементов с кабелем вывода, металлической заглушки изоляции, изолированных пенополиуретаном (ППУ), диаметром: 159 мм
ГЭСН	24	24-01-048	Установка переходов, промежуточных и концевых элементов с кабелем вывода, металлической заглушки изоляции, изолированных пенополиуретаном (ППУ)	24-01-048-07	10 шт	Установка переходов, промежуточных и концевых элементов с кабелем вывода, металлической заглушки изоляции, изолированных пенополиуретаном (ППУ), диаметром: 219 мм
ГЭСН	24	24-01-048	Установка переходов, промежуточных и концевых элементов с кабелем вывода, металлической заглушки изоляции, изолированных пенополиуретаном (ППУ)	24-01-048-08	10 шт	Установка переходов, промежуточных и концевых элементов с кабелем вывода, металлической заглушки изоляции, изолированных пенополиуретаном (ППУ), диаметром: 273 мм
ГЭСН	24	24-01-048	Установка переходов, промежуточных и концевых элементов с кабелем вывода, металлической заглушки изоляции, изолированных пенополиуретаном (ППУ)	24-01-048-09	10 шт	Установка переходов, промежуточных и концевых элементов с кабелем вывода, металлической заглушки изоляции, изолированных пенополиуретаном (ППУ), диаметром: 325 мм
ГЭСН	24	24-01-048	Установка переходов, промежуточных и концевых элементов с кабелем вывода, металлической заглушки изоляции, изолированных пенополиуретаном (ППУ)	24-01-048-10	10 шт	Установка переходов, промежуточных и концевых элементов с кабелем вывода, металлической заглушки изоляции, изолированных пенополиуретаном (ППУ), диаметром: 426 мм
ГЭСН	24	24-01-048	Установка переходов, промежуточных и концевых элементов с кабелем вывода, металлической заглушки изоляции, изолированных пенополиуретаном (ППУ)	24-01-048-11	10 шт	Установка переходов, промежуточных и концевых элементов с кабелем вывода, металлической заглушки изоляции, изолированных пенополиуретаном (ППУ), диаметром: 530 мм
ГЭСН	24	24-01-048	Установка переходов, промежуточных и концевых элементов с кабелем вывода, металлической заглушки изоляции, изолированных пенополиуретаном (ППУ)	24-01-048-12	10 шт	Установка переходов, промежуточных и концевых элементов с кабелем вывода, металлической заглушки изоляции, изолированных пенополиуретаном (ППУ), диаметром: 630 мм
ГЭСН	24	24-01-048	Установка переходов, промежуточных и концевых элементов с кабелем вывода, металлической заглушки изоляции, изолированных пенополиуретаном (ППУ)	24-01-048-13	10 шт	Установка переходов, промежуточных и концевых элементов с кабелем вывода, металлической заглушки изоляции, изолированных пенополиуретаном (ППУ), диаметром: 720 мм
ГЭСН	24	24-01-048	Установка переходов, промежуточных и концевых элементов с кабелем вывода, металлической заглушки изоляции, изолированных пенополиуретаном (ППУ)	24-01-048-14	10 шт	Установка переходов, промежуточных и концевых элементов с кабелем вывода, металлической заглушки изоляции, изолированных пенополиуретаном (ППУ), диаметром: 820 мм
ГЭСН	24	24-01-048	Установка переходов, промежуточных и концевых элементов с кабелем вывода, металлической заглушки изоляции, изолированных пенополиуретаном (ППУ)	24-01-048-15	10 шт	Установка переходов, промежуточных и концевых элементов с кабелем вывода, металлической заглушки изоляции, изолированных пенополиуретаном (ППУ), диаметром: 920 мм
ГЭСН	24	24-01-048	Установка переходов, промежуточных и концевых элементов с кабелем вывода, металлической заглушки изоляции, изолированных пенополиуретаном (ППУ)	24-01-048-16	10 шт	Установка переходов, промежуточных и концевых элементов с кабелем вывода, металлической заглушки изоляции, изолированных пенополиуретаном (ППУ), диаметром: 1020 мм
ГЭСН	24	24-01-048	Установка переходов, промежуточных и концевых элементов с кабелем вывода, металлической заглушки изоляции, изолированных пенополиуретаном (ППУ)	24-01-048-17	10 шт	Установка переходов, промежуточных и концевых элементов с кабелем вывода, металлической заглушки изоляции, изолированных пенополиуретаном (ППУ), диаметром: 1220 мм
ГЭСН	24	24-01-048	Установка переходов, промежуточных и концевых элементов с кабелем вывода, металлической заглушки изоляции, изолированных пенополиуретаном (ППУ)	24-01-048-18	10 шт	Установка переходов, промежуточных и концевых элементов с кабелем вывода, металлической заглушки изоляции, изолированных пенополиуретаном (ППУ), диаметром: 1420 мм
ГЭСН	24	24-01-049	Сварка труб, труб и фасонных частей, труб и стартовых компенсаторов, изолированных пенополиуретаном (ППУ)	24-01-049-01	100 стыков	Сварка труб, труб и фасонных частей, труб и стартовых компенсаторов, изолированных пенополиуретаном (ППУ), диаметром: до 57 мм
ГЭСН	24	24-01-049	Сварка труб, труб и фасонных частей, труб и стартовых компенсаторов, изолированных пенополиуретаном (ППУ)	24-01-049-02	100 стыков	Сварка труб, труб и фасонных частей, труб и стартовых компенсаторов, изолированных пенополиуретаном (ППУ), диаметром: 76 мм
ГЭСН	24	24-01-049	Сварка труб, труб и фасонных частей, труб и стартовых компенсаторов, изолированных пенополиуретаном (ППУ)	24-01-049-03	100 стыков	Сварка труб, труб и фасонных частей, труб и стартовых компенсаторов, изолированных пенополиуретаном (ППУ), диаметром: 89 мм
ГЭСН	24	24-01-049	Сварка труб, труб и фасонных частей, труб и стартовых компенсаторов, изолированных пенополиуретаном (ППУ)	24-01-049-04	100 стыков	Сварка труб, труб и фасонных частей, труб и стартовых компенсаторов, изолированных пенополиуретаном (ППУ), диаметром: 108 мм
ГЭСН	24	24-01-049	Сварка труб, труб и фасонных частей, труб и стартовых компенсаторов, изолированных пенополиуретаном (ППУ)	24-01-049-05	100 стыков	Сварка труб, труб и фасонных частей, труб и стартовых компенсаторов, изолированных пенополиуретаном (ППУ), диаметром: 133 мм
ГЭСН	24	24-01-049	Сварка труб, труб и фасонных частей, труб и стартовых компенсаторов, изолированных пенополиуретаном (ППУ)	24-01-049-06	100 стыков	Сварка труб, труб и фасонных частей, труб и стартовых компенсаторов, изолированных пенополиуретаном (ППУ), диаметром: 159 мм
ГЭСН	24	24-01-049	Сварка труб, труб и фасонных частей, труб и стартовых компенсаторов, изолированных пенополиуретаном (ППУ)	24-01-049-07	100 стыков	Сварка труб, труб и фасонных частей, труб и стартовых компенсаторов, изолированных пенополиуретаном (ППУ), диаметром: 219 мм
ГЭСН	24	24-01-049	Сварка труб, труб и фасонных частей, труб и стартовых компенсаторов, изолированных пенополиуретаном (ППУ)	24-01-049-08	100 стыков	Сварка труб, труб и фасонных частей, труб и стартовых компенсаторов, изолированных пенополиуретаном (ППУ), диаметром: 273 мм
ГЭСН	24	24-01-049	Сварка труб, труб и фасонных частей, труб и стартовых компенсаторов, изолированных пенополиуретаном (ППУ)	24-01-049-09	100 стыков	Сварка труб, труб и фасонных частей, труб и стартовых компенсаторов, изолированных пенополиуретаном (ППУ), диаметром: 325 мм
ГЭСН	24	24-01-049	Сварка труб, труб и фасонных частей, труб и стартовых компенсаторов, изолированных пенополиуретаном (ППУ)	24-01-049-10	100 стыков	Сварка труб, труб и фасонных частей, труб и стартовых компенсаторов, изолированных пенополиуретаном (ППУ), диаметром: 426 мм
ГЭСН	24	24-01-049	Сварка труб, труб и фасонных частей, труб и стартовых компенсаторов, изолированных пенополиуретаном (ППУ)	24-01-049-11	100 стыков	Сварка труб, труб и фасонных частей, труб и стартовых компенсаторов, изолированных пенополиуретаном (ППУ), диаметром: 530 мм
ГЭСН	24	24-01-049	Сварка труб, труб и фасонных частей, труб и стартовых компенсаторов, изолированных пенополиуретаном (ППУ)	24-01-049-12	100 стыков	Сварка труб, труб и фасонных частей, труб и стартовых компенсаторов, изолированных пенополиуретаном (ППУ), диаметром: 630 мм
ГЭСН	24	24-01-049	Сварка труб, труб и фасонных частей, труб и стартовых компенсаторов, изолированных пенополиуретаном (ППУ)	24-01-049-13	100 стыков	Сварка труб, труб и фасонных частей, труб и стартовых компенсаторов, изолированных пенополиуретаном (ППУ), диаметром: 720 мм
ГЭСН	24	24-01-049	Сварка труб, труб и фасонных частей, труб и стартовых компенсаторов, изолированных пенополиуретаном (ППУ)	24-01-049-14	100 стыков	Сварка труб, труб и фасонных частей, труб и стартовых компенсаторов, изолированных пенополиуретаном (ППУ), диаметром: 820 мм
ГЭСН	24	24-01-049	Сварка труб, труб и фасонных частей, труб и стартовых компенсаторов, изолированных пенополиуретаном (ППУ)	24-01-049-15	100 стыков	Сварка труб, труб и фасонных частей, труб и стартовых компенсаторов, изолированных пенополиуретаном (ППУ), диаметром: 920 мм
ГЭСН	24	24-01-049	Сварка труб, труб и фасонных частей, труб и стартовых компенсаторов, изолированных пенополиуретаном (ППУ)	24-01-049-16	100 стыков	Сварка труб, труб и фасонных частей, труб и стартовых компенсаторов, изолированных пенополиуретаном (ППУ), диаметром: 1020 мм
ГЭСН	24	24-01-049	Сварка труб, труб и фасонных частей, труб и стартовых компенсаторов, изолированных пенополиуретаном (ППУ)	24-01-049-17	100 стыков	Сварка труб, труб и фасонных частей, труб и стартовых компенсаторов, изолированных пенополиуретаном (ППУ), диаметром: 1220 мм
ГЭСН	24	24-01-049	Сварка труб, труб и фасонных частей, труб и стартовых компенсаторов, изолированных пенополиуретаном (ППУ)	24-01-049-18	100 стыков	Сварка труб, труб и фасонных частей, труб и стартовых компенсаторов, изолированных пенополиуретаном (ППУ), диаметром: 1420 мм
ГЭСН	24	24-01-050	Изоляция стыков труб, изолированных пенополиуретаном (ППУ), неразъемными муфтами методом заливки	24-01-050-01	10 стыков	Изоляция стыков труб, изолированных пенополиуретаном (ППУ), неразъемными муфтами мастичной комплектации методом заливки, диаметром: 57 мм
ГЭСН	24	24-01-050	Изоляция стыков труб, изолированных пенополиуретаном (ППУ), неразъемными муфтами методом заливки	24-01-050-02	10 стыков	Изоляция стыков труб, изолированных пенополиуретаном (ППУ), неразъемными муфтами мастичной комплектации методом заливки, диаметром: 76 мм
ГЭСН	24	24-01-050	Изоляция стыков труб, изолированных пенополиуретаном (ППУ), неразъемными муфтами методом заливки	24-01-050-03	10 стыков	Изоляция стыков труб, изолированных пенополиуретаном (ППУ), неразъемными муфтами мастичной комплектации методом заливки, диаметром: 89 мм
ГЭСН	24	24-01-050	Изоляция стыков труб, изолированных пенополиуретаном (ППУ), неразъемными муфтами методом заливки	24-01-050-04	10 стыков	Изоляция стыков труб, изолированных пенополиуретаном (ППУ), неразъемными муфтами мастичной комплектации методом заливки, диаметром: 108 мм
ГЭСН	24	24-01-050	Изоляция стыков труб, изолированных пенополиуретаном (ППУ), неразъемными муфтами методом заливки	24-01-050-05	10 стыков	Изоляция стыков труб, изолированных пенополиуретаном (ППУ), неразъемными муфтами мастичной комплектации методом заливки, диаметром: 133 мм
ГЭСН	24	24-01-050	Изоляция стыков труб, изолированных пенополиуретаном (ППУ), неразъемными муфтами методом заливки	24-01-050-06	10 стыков	Изоляция стыков труб, изолированных пенополиуретаном (ППУ), неразъемными муфтами мастичной комплектации методом заливки, диаметром: 159 мм
ГЭСН	24	24-01-050	Изоляция стыков труб, изолированных пенополиуретаном (ППУ), неразъемными муфтами методом заливки	24-01-050-07	10 стыков	Изоляция стыков труб, изолированных пенополиуретаном (ППУ), неразъемными муфтами мастичной комплектации методом заливки, диаметром: 219 мм
ГЭСН	24	24-01-050	Изоляция стыков труб, изолированных пенополиуретаном (ППУ), неразъемными муфтами методом заливки	24-01-050-08	10 стыков	Изоляция стыков труб, изолированных пенополиуретаном (ППУ), неразъемными муфтами электросварной комплектации методом заливки, диаметром: 273 мм
ГЭСН	24	24-01-050	Изоляция стыков труб, изолированных пенополиуретаном (ППУ), неразъемными муфтами методом заливки	24-01-050-09	10 стыков	Изоляция стыков труб, изолированных пенополиуретаном (ППУ), неразъемными муфтами электросварной комплектации методом заливки, диаметром: 325 мм
ГЭСН	24	24-01-050	Изоляция стыков труб, изолированных пенополиуретаном (ППУ), неразъемными муфтами методом заливки	24-01-050-10	10 стыков	Изоляция стыков труб, изолированных пенополиуретаном (ППУ), неразъемными муфтами электросварной комплектации методом заливки, диаметром: 426 мм
ГЭСН	24	24-01-050	Изоляция стыков труб, изолированных пенополиуретаном (ППУ), неразъемными муфтами методом заливки	24-01-050-11	10 стыков	Изоляция стыков труб, изолированных пенополиуретаном (ППУ), неразъемными муфтами электросварной комплектации методом заливки, диаметром: 530 мм
ГЭСН	24	24-01-050	Изоляция стыков труб, изолированных пенополиуретаном (ППУ), неразъемными муфтами методом заливки	24-01-050-12	10 стыков	Изоляция стыков труб, изолированных пенополиуретаном (ППУ), неразъемными муфтами электросварной комплектации методом заливки, диаметром: 630 мм
ГЭСН	24	24-01-050	Изоляция стыков труб, изолированных пенополиуретаном (ППУ), неразъемными муфтами методом заливки	24-01-050-13	10 стыков	Изоляция стыков труб, изолированных пенополиуретаном (ППУ), неразъемными муфтами электросварной комплектации методом заливки, диаметром: 720 мм
ГЭСН	24	24-01-050	Изоляция стыков труб, изолированных пенополиуретаном (ППУ), неразъемными муфтами методом заливки	24-01-050-14	10 стыков	Изоляция стыков труб, изолированных пенополиуретаном (ППУ), неразъемными муфтами электросварной комплектации методом заливки, диаметром: 820 мм
ГЭСН	24	24-01-050	Изоляция стыков труб, изолированных пенополиуретаном (ППУ), неразъемными муфтами методом заливки	24-01-050-15	10 стыков	Изоляция стыков труб, изолированных пенополиуретаном (ППУ), неразъемными муфтами электросварной комплектации методом заливки, диаметром: 920 мм
ГЭСН	24	24-01-050	Изоляция стыков труб, изолированных пенополиуретаном (ППУ), неразъемными муфтами методом заливки	24-01-050-16	10 стыков	Изоляция стыков труб, изолированных пенополиуретаном (ППУ), неразъемными муфтами электросварной комплектации методом заливки, диаметром: 1020 мм
ГЭСН	24	24-01-050	Изоляция стыков труб, изолированных пенополиуретаном (ППУ), неразъемными муфтами методом заливки	24-01-050-17	10 стыков	Изоляция стыков труб, изолированных пенополиуретаном (ППУ), неразъемными муфтами электросварной комплектации методом заливки, диаметром: 1220 мм
ГЭСН	24	24-01-050	Изоляция стыков труб, изолированных пенополиуретаном (ППУ), неразъемными муфтами методом заливки	24-01-050-18	10 стыков	Изоляция стыков труб, изолированных пенополиуретаном (ППУ), неразъемными муфтами электросварной комплектации методом заливки, диаметром: 1420 мм
ГЭСН	24	24-01-050	Изоляция стыков труб, изолированных пенополиуретаном (ППУ), неразъемными муфтами методом заливки	24-01-050-19	м	Защита краев муфты термоусаживаемой пленкой при изоляции стыков труб
ГЭСН	24	24-01-050	Изоляция стыков труб, изолированных пенополиуретаном (ППУ), неразъемными муфтами методом заливки	24-01-050-20	стык	Пневматическое испытание изоляции стыков труб
ГЭСН	24	24-01-052	Резка труб, изолированных пенополиуретаном (ППУ)	24-01-052-01	100 резов	Резка труб, изолированных пенополиуретаном (ППУ), диаметром: до 57 мм
ГЭСН	24	24-01-052	Резка труб, изолированных пенополиуретаном (ППУ)	24-01-052-02	100 резов	Резка труб, изолированных пенополиуретаном (ППУ), диаметром: 76 мм
ГЭСН	24	24-01-052	Резка труб, изолированных пенополиуретаном (ППУ)	24-01-052-03	100 резов	Резка труб, изолированных пенополиуретаном (ППУ), диаметром: 89 мм
ГЭСН	24	24-01-052	Резка труб, изолированных пенополиуретаном (ППУ)	24-01-052-04	100 резов	Резка труб, изолированных пенополиуретаном (ППУ), диаметром: 108 мм
ГЭСН	24	24-01-052	Резка труб, изолированных пенополиуретаном (ППУ)	24-01-052-05	100 резов	Резка труб, изолированных пенополиуретаном (ППУ), диаметром: 133 мм
ГЭСН	24	24-01-052	Резка труб, изолированных пенополиуретаном (ППУ)	24-01-052-06	100 резов	Резка труб, изолированных пенополиуретаном (ППУ), диаметром: 159 мм
ГЭСН	24	24-01-052	Резка труб, изолированных пенополиуретаном (ППУ)	24-01-052-07	100 резов	Резка труб, изолированных пенополиуретаном (ППУ), диаметром: 219 мм
ГЭСН	24	24-01-052	Резка труб, изолированных пенополиуретаном (ППУ)	24-01-052-08	100 резов	Резка труб, изолированных пенополиуретаном (ППУ), диаметром: 273 мм
ГЭСН	24	24-01-052	Резка труб, изолированных пенополиуретаном (ППУ)	24-01-052-09	100 резов	Резка труб, изолированных пенополиуретаном (ППУ), диаметром: 325 мм
ГЭСН	24	24-01-052	Резка труб, изолированных пенополиуретаном (ППУ)	24-01-052-10	100 резов	Резка труб, изолированных пенополиуретаном (ППУ), диаметром: 426 мм
ГЭСН	24	24-01-052	Резка труб, изолированных пенополиуретаном (ППУ)	24-01-052-11	100 резов	Резка труб, изолированных пенополиуретаном (ППУ), диаметром: 530 мм
ГЭСН	24	24-01-052	Резка труб, изолированных пенополиуретаном (ППУ)	24-01-052-12	100 резов	Резка труб, изолированных пенополиуретаном (ППУ), диаметром: 630 мм
ГЭСН	24	24-01-052	Резка труб, изолированных пенополиуретаном (ППУ)	24-01-052-13	100 резов	Резка труб, изолированных пенополиуретаном (ППУ), диаметром: 720 мм
ГЭСН	24	24-01-052	Резка труб, изолированных пенополиуретаном (ППУ)	24-01-052-14	100 резов	Резка труб, изолированных пенополиуретаном (ППУ), диаметром: 820 мм
ГЭСН	24	24-01-052	Резка труб, изолированных пенополиуретаном (ППУ)	24-01-052-15	100 резов	Резка труб, изолированных пенополиуретаном (ППУ), диаметром: 920 мм
ГЭСН	24	24-01-052	Резка труб, изолированных пенополиуретаном (ППУ)	24-01-052-16	100 резов	Резка труб, изолированных пенополиуретаном (ППУ), диаметром: 1020 мм
ГЭСН	24	24-01-052	Резка труб, изолированных пенополиуретаном (ППУ)	24-01-052-17	100 резов	Резка труб, изолированных пенополиуретаном (ППУ), диаметром: 1220 мм
ГЭСН	24	24-01-052	Резка труб, изолированных пенополиуретаном (ППУ)	24-01-052-18	100 резов	Резка труб, изолированных пенополиуретаном (ППУ), диаметром: 1420 мм
ГЭСН	24	24-01-053	Промывка и гидравлическое испытание трубопроводов, изолированных пенополиуретаном (ППУ)	24-01-053-01	100 м	Промывка и гидравлическое испытание трубопроводов, изолированных пенополиуретаном (ППУ), диаметром: до 57 мм
ГЭСН	24	24-01-053	Промывка и гидравлическое испытание трубопроводов, изолированных пенополиуретаном (ППУ)	24-01-053-02	100 м	Промывка и гидравлическое испытание трубопроводов, изолированных пенополиуретаном (ППУ), диаметром: 76 мм
ГЭСН	24	24-01-053	Промывка и гидравлическое испытание трубопроводов, изолированных пенополиуретаном (ППУ)	24-01-053-03	100 м	Промывка и гидравлическое испытание трубопроводов, изолированных пенополиуретаном (ППУ), диаметром: 89 мм
ГЭСН	24	24-01-053	Промывка и гидравлическое испытание трубопроводов, изолированных пенополиуретаном (ППУ)	24-01-053-04	100 м	Промывка и гидравлическое испытание трубопроводов, изолированных пенополиуретаном (ППУ), диаметром: 108 мм
ГЭСН	24	24-01-053	Промывка и гидравлическое испытание трубопроводов, изолированных пенополиуретаном (ППУ)	24-01-053-05	100 м	Промывка и гидравлическое испытание трубопроводов, изолированных пенополиуретаном (ППУ), диаметром: 133 мм
ГЭСН	24	24-01-053	Промывка и гидравлическое испытание трубопроводов, изолированных пенополиуретаном (ППУ)	24-01-053-06	100 м	Промывка и гидравлическое испытание трубопроводов, изолированных пенополиуретаном (ППУ), диаметром: 159 мм
ГЭСН	24	24-01-053	Промывка и гидравлическое испытание трубопроводов, изолированных пенополиуретаном (ППУ)	24-01-053-07	100 м	Промывка и гидравлическое испытание трубопроводов, изолированных пенополиуретаном (ППУ), диаметром: 219 мм
ГЭСН	24	24-01-053	Промывка и гидравлическое испытание трубопроводов, изолированных пенополиуретаном (ППУ)	24-01-053-08	100 м	Промывка и гидравлическое испытание трубопроводов, изолированных пенополиуретаном (ППУ), диаметром: 273 мм
ГЭСН	24	24-01-053	Промывка и гидравлическое испытание трубопроводов, изолированных пенополиуретаном (ППУ)	24-01-053-09	100 м	Промывка и гидравлическое испытание трубопроводов, изолированных пенополиуретаном (ППУ), диаметром: 325 мм
ГЭСН	24	24-01-053	Промывка и гидравлическое испытание трубопроводов, изолированных пенополиуретаном (ППУ)	24-01-053-10	100 м	Промывка и гидравлическое испытание трубопроводов, изолированных пенополиуретаном (ППУ), диаметром: 426 мм
ГЭСН	24	24-01-053	Промывка и гидравлическое испытание трубопроводов, изолированных пенополиуретаном (ППУ)	24-01-053-11	100 м	Промывка и гидравлическое испытание трубопроводов, изолированных пенополиуретаном (ППУ), диаметром: 530 мм
ГЭСН	24	24-01-053	Промывка и гидравлическое испытание трубопроводов, изолированных пенополиуретаном (ППУ)	24-01-053-12	100 м	Промывка и гидравлическое испытание трубопроводов, изолированных пенополиуретаном (ППУ), диаметром: 630 мм
ГЭСН	24	24-01-053	Промывка и гидравлическое испытание трубопроводов, изолированных пенополиуретаном (ППУ)	24-01-053-13	100 м	Промывка и гидравлическое испытание трубопроводов, изолированных пенополиуретаном (ППУ), диаметром: 720 мм
ГЭСН	24	24-01-053	Промывка и гидравлическое испытание трубопроводов, изолированных пенополиуретаном (ППУ)	24-01-053-14	100 м	Промывка и гидравлическое испытание трубопроводов, изолированных пенополиуретаном (ППУ), диаметром: 820 мм
ГЭСН	24	24-01-053	Промывка и гидравлическое испытание трубопроводов, изолированных пенополиуретаном (ППУ)	24-01-053-15	100 м	Промывка и гидравлическое испытание трубопроводов, изолированных пенополиуретаном (ППУ), диаметром: 920 мм
ГЭСН	24	24-01-053	Промывка и гидравлическое испытание трубопроводов, изолированных пенополиуретаном (ППУ)	24-01-053-16	100 м	Промывка и гидравлическое испытание трубопроводов, изолированных пенополиуретаном (ППУ), диаметром: 1020 мм
ГЭСН	24	24-01-053	Промывка и гидравлическое испытание трубопроводов, изолированных пенополиуретаном (ППУ)	24-01-053-17	100 м	Промывка и гидравлическое испытание трубопроводов, изолированных пенополиуретаном (ППУ), диаметром: 1220 мм
ГЭСН	24	24-01-053	Промывка и гидравлическое испытание трубопроводов, изолированных пенополиуретаном (ППУ)	24-01-053-18	100 м	Промывка и гидравлическое испытание трубопроводов, изолированных пенополиуретаном (ППУ), диаметром: 1420 мм
ГЭСН	24	24-01-054	Прокладка трубопроводов из гибких полимерных армированных труб в изоляции из пенополиуретана (ППУ)	24-01-054-01	100 м	Прокладка трубопроводов из гибких полимерных армированных труб в изоляции из пенополиуретана (ППУ), диаметром: до 50 мм
ГЭСН	24	24-01-054	Прокладка трубопроводов из гибких полимерных армированных труб в изоляции из пенополиуретана (ППУ)	24-01-054-02	100 м	Прокладка трубопроводов из гибких полимерных армированных труб в изоляции из пенополиуретана (ППУ), диаметром: свыше 50 до 63 мм
ГЭСН	24	24-01-054	Прокладка трубопроводов из гибких полимерных армированных труб в изоляции из пенополиуретана (ППУ)	24-01-054-03	100 м	Прокладка трубопроводов из гибких полимерных армированных труб в изоляции из пенополиуретана (ППУ), диаметром: свыше 63 до 75 мм
ГЭСН	24	24-01-054	Прокладка трубопроводов из гибких полимерных армированных труб в изоляции из пенополиуретана (ППУ)	24-01-054-04	100 м	Прокладка трубопроводов из гибких полимерных армированных труб в изоляции из пенополиуретана (ППУ), диаметром: свыше 75 до 90 мм
ГЭСН	24	24-01-054	Прокладка трубопроводов из гибких полимерных армированных труб в изоляции из пенополиуретана (ППУ)	24-01-054-05	100 м	Прокладка трубопроводов из гибких полимерных армированных труб в изоляции из пенополиуретана (ППУ), диаметром: свыше 90 до 110 мм
ГЭСН	24	24-01-054	Прокладка трубопроводов из гибких полимерных армированных труб в изоляции из пенополиуретана (ППУ)	24-01-054-06	100 м	Прокладка трубопроводов из гибких полимерных армированных труб в изоляции из пенополиуретана (ППУ), диаметром: свыше 110 до 125 мм
ГЭСН	24	24-01-054	Прокладка трубопроводов из гибких полимерных армированных труб в изоляции из пенополиуретана (ППУ)	24-01-054-07	100 м	Прокладка трубопроводов из гибких полимерных армированных труб в изоляции из пенополиуретана (ППУ), диаметром: свыше 125 до 140 мм
ГЭСН	24	24-01-054	Прокладка трубопроводов из гибких полимерных армированных труб в изоляции из пенополиуретана (ППУ)	24-01-054-08	100 м	Прокладка трубопроводов из гибких полимерных армированных труб в изоляции из пенополиуретана (ППУ), диаметром: свыше 140 до 160 мм
ГЭСН	24	24-01-054	Прокладка трубопроводов из гибких полимерных армированных труб в изоляции из пенополиуретана (ППУ)	24-01-054-09	участок	Гидравлическое испытание трубопровода из гибких полимерных армированных труб в изоляции из пенополиуретана (ППУ), диаметром: до 160 мм
ГЭСН	24	24-01-054	Прокладка трубопроводов из гибких полимерных армированных труб в изоляции из пенополиуретана (ППУ)	24-01-054-10	100 м	Наполнение и спуск воды при гидравлических испытаниях трубопровода из гибких полимерных армированных труб в изоляции из пенополиуретана (ППУ), диаметром: до 50 мм
ГЭСН	24	24-01-054	Прокладка трубопроводов из гибких полимерных армированных труб в изоляции из пенополиуретана (ППУ)	24-01-054-11	100 м	Наполнение и спуск воды при гидравлических испытаниях трубопровода из гибких полимерных армированных труб в изоляции из пенополиуретана (ППУ), диаметром: свыше 50 до 63 мм
ГЭСН	24	24-01-054	Прокладка трубопроводов из гибких полимерных армированных труб в изоляции из пенополиуретана (ППУ)	24-01-054-12	100 м	Наполнение и спуск воды при гидравлических испытаниях трубопровода из гибких полимерных армированных труб в изоляции из пенополиуретана (ППУ), диаметром: свыше 63 до 75 мм
ГЭСН	24	24-01-054	Прокладка трубопроводов из гибких полимерных армированных труб в изоляции из пенополиуретана (ППУ)	24-01-054-13	100 м	Наполнение и спуск воды при гидравлических испытаниях трубопровода из гибких полимерных армированных труб в изоляции из пенополиуретана (ППУ), диаметром: свыше 75 до 90 мм
ГЭСН	24	24-01-054	Прокладка трубопроводов из гибких полимерных армированных труб в изоляции из пенополиуретана (ППУ)	24-01-054-14	100 м	Наполнение и спуск воды при гидравлических испытаниях трубопровода из гибких полимерных армированных труб в изоляции из пенополиуретана (ППУ), диаметром: свыше 90 до 110 мм
ГЭСН	24	24-01-054	Прокладка трубопроводов из гибких полимерных армированных труб в изоляции из пенополиуретана (ППУ)	24-01-054-15	100 м	Наполнение и спуск воды при гидравлических испытаниях трубопровода из гибких полимерных армированных труб в изоляции из пенополиуретана (ППУ), диаметром: свыше 110 до 125 мм
ГЭСН	24	24-01-054	Прокладка трубопроводов из гибких полимерных армированных труб в изоляции из пенополиуретана (ППУ)	24-01-054-16	100 м	Наполнение и спуск воды при гидравлических испытаниях трубопровода из гибких полимерных армированных труб в изоляции из пенополиуретана (ППУ), диаметром: свыше 125 до 140 мм
ГЭСН	24	24-01-054	Прокладка трубопроводов из гибких полимерных армированных труб в изоляции из пенополиуретана (ППУ)	24-01-054-17	100 м	Наполнение и спуск воды при гидравлических испытаниях трубопровода из гибких полимерных армированных труб в изоляции из пенополиуретана (ППУ), диаметром: свыше 140 до 160 мм
ГЭСН	24	24-01-055	Сборка узла трубопровода из гибких полимерных армированных труб в изоляции из пенополиуретана (ППУ)	24-01-055-01	10 соединений	Сборка узла трубопровода из гибких полимерных армированных труб в изоляции из пенополиуретана (ППУ), диаметром: до 40 мм
ГЭСН	24	24-01-055	Сборка узла трубопровода из гибких полимерных армированных труб в изоляции из пенополиуретана (ППУ)	24-01-055-02	10 соединений	Сборка узла трубопровода из гибких полимерных армированных труб в изоляции из пенополиуретана (ППУ), диаметром: свыше 40 до 50 мм
ГЭСН	24	24-01-055	Сборка узла трубопровода из гибких полимерных армированных труб в изоляции из пенополиуретана (ППУ)	24-01-055-03	10 соединений	Сборка узла трубопровода из гибких полимерных армированных труб в изоляции из пенополиуретана (ППУ), диаметром: свыше 50 до 63 мм
ГЭСН	24	24-01-055	Сборка узла трубопровода из гибких полимерных армированных труб в изоляции из пенополиуретана (ППУ)	24-01-055-04	10 соединений	Сборка узла трубопровода из гибких полимерных армированных труб в изоляции из пенополиуретана (ППУ), диаметром: свыше 63 до 75 мм
ГЭСН	24	24-01-055	Сборка узла трубопровода из гибких полимерных армированных труб в изоляции из пенополиуретана (ППУ)	24-01-055-05	10 соединений	Сборка узла трубопровода из гибких полимерных армированных труб в изоляции из пенополиуретана (ППУ), диаметром: свыше 75 до 90 мм
ГЭСН	24	24-01-055	Сборка узла трубопровода из гибких полимерных армированных труб в изоляции из пенополиуретана (ППУ)	24-01-055-06	10 соединений	Сборка узла трубопровода из гибких полимерных армированных труб в изоляции из пенополиуретана (ППУ), диаметром: свыше 90 до 110 мм
ГЭСН	24	24-01-055	Сборка узла трубопровода из гибких полимерных армированных труб в изоляции из пенополиуретана (ППУ)	24-01-055-07	10 соединений	Сборка узла трубопровода из гибких полимерных армированных труб в изоляции из пенополиуретана (ППУ), диаметром: свыше 110 до 125 мм
ГЭСН	24	24-01-055	Сборка узла трубопровода из гибких полимерных армированных труб в изоляции из пенополиуретана (ППУ)	24-01-055-08	10 соединений	Сборка узла трубопровода из гибких полимерных армированных труб в изоляции из пенополиуретана (ППУ), диаметром: свыше 125 до 140 мм
ГЭСН	24	24-01-055	Сборка узла трубопровода из гибких полимерных армированных труб в изоляции из пенополиуретана (ППУ)	24-01-055-09	10 соединений	Сборка узла трубопровода из гибких полимерных армированных труб в изоляции из пенополиуретана (ППУ), диаметром: свыше 140 до 160 мм
ГЭСН	24	24-01-055	Сборка узла трубопровода из гибких полимерных армированных труб в изоляции из пенополиуретана (ППУ)	24-01-055-10	10 шт	Установка концевого термоусаживаемого предохранителя для гибких полимерных армированных труб в изоляции из пенополиуретана (ППУ), диаметром: до 160 мм
ГЭСН	24	24-01-056	Изоляция стыков труб в спиральной оболочке, изолированных пенополиуретаном (ППУ), оцинкованными муфтами методом заливки	24-01-056-01	10 стыков	Изоляция стыков труб в спиральной оболочке, изолированных пенополиуретаном (ППУ), оцинкованными муфтами методом заливки диаметром: 57 мм
ГЭСН	24	24-01-056	Изоляция стыков труб в спиральной оболочке, изолированных пенополиуретаном (ППУ), оцинкованными муфтами методом заливки	24-01-056-02	10 стыков	Изоляция стыков труб в спиральной оболочке, изолированных пенополиуретаном (ППУ), оцинкованными муфтами методом заливки диаметром: 76 мм
ГЭСН	24	24-01-056	Изоляция стыков труб в спиральной оболочке, изолированных пенополиуретаном (ППУ), оцинкованными муфтами методом заливки	24-01-056-03	10 стыков	Изоляция стыков труб в спиральной оболочке, изолированных пенополиуретаном (ППУ), оцинкованными муфтами методом заливки диаметром: 89 мм
ГЭСН	24	24-01-056	Изоляция стыков труб в спиральной оболочке, изолированных пенополиуретаном (ППУ), оцинкованными муфтами методом заливки	24-01-056-04	10 стыков	Изоляция стыков труб в спиральной оболочке, изолированных пенополиуретаном (ППУ), оцинкованными муфтами методом заливки диаметром: 108 мм
ГЭСН	24	24-01-056	Изоляция стыков труб в спиральной оболочке, изолированных пенополиуретаном (ППУ), оцинкованными муфтами методом заливки	24-01-056-05	10 стыков	Изоляция стыков труб в спиральной оболочке, изолированных пенополиуретаном (ППУ), оцинкованными муфтами методом заливки диаметром: 133 мм
ГЭСН	24	24-01-056	Изоляция стыков труб в спиральной оболочке, изолированных пенополиуретаном (ППУ), оцинкованными муфтами методом заливки	24-01-056-06	10 стыков	Изоляция стыков труб в спиральной оболочке, изолированных пенополиуретаном (ППУ), оцинкованными муфтами методом заливки диаметром: 159 мм
ГЭСН	24	24-01-056	Изоляция стыков труб в спиральной оболочке, изолированных пенополиуретаном (ППУ), оцинкованными муфтами методом заливки	24-01-056-07	10 стыков	Изоляция стыков труб в спиральной оболочке, изолированных пенополиуретаном (ППУ), оцинкованными муфтами методом заливки диаметром: 219 мм
ГЭСН	24	24-01-056	Изоляция стыков труб в спиральной оболочке, изолированных пенополиуретаном (ППУ), оцинкованными муфтами методом заливки	24-01-056-08	10 стыков	Изоляция стыков труб в спиральной оболочке, изолированных пенополиуретаном (ППУ), оцинкованными муфтами методом заливки диаметром: 273 мм
ГЭСН	24	24-01-056	Изоляция стыков труб в спиральной оболочке, изолированных пенополиуретаном (ППУ), оцинкованными муфтами методом заливки	24-01-056-09	10 стыков	Изоляция стыков труб в спиральной оболочке, изолированных пенополиуретаном (ППУ), оцинкованными муфтами методом заливки диаметром: 325 мм
ГЭСН	24	24-01-056	Изоляция стыков труб в спиральной оболочке, изолированных пенополиуретаном (ППУ), оцинкованными муфтами методом заливки	24-01-056-10	10 стыков	Изоляция стыков труб в спиральной оболочке, изолированных пенополиуретаном (ППУ), оцинкованными муфтами методом заливки диаметром: 426 мм
ГЭСН	24	24-01-056	Изоляция стыков труб в спиральной оболочке, изолированных пенополиуретаном (ППУ), оцинкованными муфтами методом заливки	24-01-056-11	10 стыков	Изоляция стыков труб в спиральной оболочке, изолированных пенополиуретаном (ППУ), оцинкованными муфтами методом заливки диаметром: 530 мм
ГЭСН	24	24-01-056	Изоляция стыков труб в спиральной оболочке, изолированных пенополиуретаном (ППУ), оцинкованными муфтами методом заливки	24-01-056-12	10 стыков	Изоляция стыков труб в спиральной оболочке, изолированных пенополиуретаном (ППУ), оцинкованными муфтами методом заливки диаметром: 630 мм
ГЭСН	24	24-01-056	Изоляция стыков труб в спиральной оболочке, изолированных пенополиуретаном (ППУ), оцинкованными муфтами методом заливки	24-01-056-13	10 стыков	Изоляция стыков труб в спиральной оболочке, изолированных пенополиуретаном (ППУ), оцинкованными муфтами методом заливки диаметром: 720 мм
ГЭСН	24	24-01-056	Изоляция стыков труб в спиральной оболочке, изолированных пенополиуретаном (ППУ), оцинкованными муфтами методом заливки	24-01-056-14	10 стыков	Изоляция стыков труб в спиральной оболочке, изолированных пенополиуретаном (ППУ), оцинкованными муфтами методом заливки диаметром: 820 мм
ГЭСН	24	24-01-056	Изоляция стыков труб в спиральной оболочке, изолированных пенополиуретаном (ППУ), оцинкованными муфтами методом заливки	24-01-056-15	10 стыков	Изоляция стыков труб в спиральной оболочке, изолированных пенополиуретаном (ППУ), оцинкованными муфтами методом заливки диаметром: 920 мм
ГЭСН	24	24-01-056	Изоляция стыков труб в спиральной оболочке, изолированных пенополиуретаном (ППУ), оцинкованными муфтами методом заливки	24-01-056-16	10 стыков	Изоляция стыков труб в спиральной оболочке, изолированных пенополиуретаном (ППУ), оцинкованными муфтами методом заливки диаметром: 1020 мм
ГЭСН	24	24-01-056	Изоляция стыков труб в спиральной оболочке, изолированных пенополиуретаном (ППУ), оцинкованными муфтами методом заливки	24-01-056-17	10 стыков	Изоляция стыков труб в спиральной оболочке, изолированных пенополиуретаном (ППУ), оцинкованными муфтами методом заливки диаметром: 1220 мм
ГЭСН	24	24-01-056	Изоляция стыков труб в спиральной оболочке, изолированных пенополиуретаном (ППУ), оцинкованными муфтами методом заливки	24-01-056-18	10 стыков	Изоляция стыков труб в спиральной оболочке, изолированных пенополиуретаном (ППУ), оцинкованными муфтами методом заливки диаметром: 1420 мм
ГЭСН	24	24-01-057	Изоляция стыков труб в спиральной оболочке, изолированных пенополиуретаном (ППУ), скорлупами пенополиуретановыми	24-01-057-01	10 стыков	Изоляция стыков труб в спиральной оболочке, изолированных пенополиуретаном (ППУ), скорлупами пенополиуретановыми, диаметром: 57 мм
ГЭСН	24	24-01-057	Изоляция стыков труб в спиральной оболочке, изолированных пенополиуретаном (ППУ), скорлупами пенополиуретановыми	24-01-057-02	10 стыков	Изоляция стыков труб в спиральной оболочке, изолированных пенополиуретаном (ППУ), скорлупами пенополиуретановыми, диаметром: 76 мм
ГЭСН	24	24-01-057	Изоляция стыков труб в спиральной оболочке, изолированных пенополиуретаном (ППУ), скорлупами пенополиуретановыми	24-01-057-03	10 стыков	Изоляция стыков труб в спиральной оболочке, изолированных пенополиуретаном (ППУ), скорлупами пенополиуретановыми, диаметром: 89 мм
ГЭСН	24	24-01-057	Изоляция стыков труб в спиральной оболочке, изолированных пенополиуретаном (ППУ), скорлупами пенополиуретановыми	24-01-057-04	10 стыков	Изоляция стыков труб в спиральной оболочке, изолированных пенополиуретаном (ППУ), скорлупами пенополиуретановыми, диаметром: 108 мм
ГЭСН	24	24-01-057	Изоляция стыков труб в спиральной оболочке, изолированных пенополиуретаном (ППУ), скорлупами пенополиуретановыми	24-01-057-05	10 стыков	Изоляция стыков труб в спиральной оболочке, изолированных пенополиуретаном (ППУ), скорлупами пенополиуретановыми, диаметром: 133 мм
ГЭСН	24	24-01-057	Изоляция стыков труб в спиральной оболочке, изолированных пенополиуретаном (ППУ), скорлупами пенополиуретановыми	24-01-057-06	10 стыков	Изоляция стыков труб в спиральной оболочке, изолированных пенополиуретаном (ППУ), скорлупами пенополиуретановыми, диаметром: 159 мм
ГЭСН	24	24-01-057	Изоляция стыков труб в спиральной оболочке, изолированных пенополиуретаном (ППУ), скорлупами пенополиуретановыми	24-01-057-07	10 стыков	Изоляция стыков труб в спиральной оболочке, изолированных пенополиуретаном (ППУ), скорлупами пенополиуретановыми, диаметром: 219 мм
ГЭСН	24	24-01-057	Изоляция стыков труб в спиральной оболочке, изолированных пенополиуретаном (ППУ), скорлупами пенополиуретановыми	24-01-057-08	10 стыков	Изоляция стыков труб в спиральной оболочке, изолированных пенополиуретаном (ППУ), скорлупами пенополиуретановыми, диаметром: 273 мм
ГЭСН	24	24-01-057	Изоляция стыков труб в спиральной оболочке, изолированных пенополиуретаном (ППУ), скорлупами пенополиуретановыми	24-01-057-09	10 стыков	Изоляция стыков труб в спиральной оболочке, изолированных пенополиуретаном (ППУ), скорлупами пенополиуретановыми, диаметром: 325 мм
ГЭСН	24	24-01-057	Изоляция стыков труб в спиральной оболочке, изолированных пенополиуретаном (ППУ), скорлупами пенополиуретановыми	24-01-057-10	10 стыков	Изоляция стыков труб в спиральной оболочке, изолированных пенополиуретаном (ППУ), скорлупами пенополиуретановыми, диаметром: 426 мм
ГЭСН	24	24-01-057	Изоляция стыков труб в спиральной оболочке, изолированных пенополиуретаном (ППУ), скорлупами пенополиуретановыми	24-01-057-11	10 стыков	Изоляция стыков труб в спиральной оболочке, изолированных пенополиуретаном (ППУ), скорлупами пенополиуретановыми, диаметром: 530 мм
ГЭСН	24	24-01-057	Изоляция стыков труб в спиральной оболочке, изолированных пенополиуретаном (ППУ), скорлупами пенополиуретановыми	24-01-057-12	10 стыков	Изоляция стыков труб в спиральной оболочке, изолированных пенополиуретаном (ППУ), скорлупами пенополиуретановыми, диаметром: 630 мм
ГЭСН	24	24-01-057	Изоляция стыков труб в спиральной оболочке, изолированных пенополиуретаном (ППУ), скорлупами пенополиуретановыми	24-01-057-13	10 стыков	Изоляция стыков труб в спиральной оболочке, изолированных пенополиуретаном (ППУ), скорлупами пенополиуретановыми, диаметром: 720 мм
ГЭСН	24	24-01-057	Изоляция стыков труб в спиральной оболочке, изолированных пенополиуретаном (ППУ), скорлупами пенополиуретановыми	24-01-057-14	10 стыков	Изоляция стыков труб в спиральной оболочке, изолированных пенополиуретаном (ППУ), скорлупами пенополиуретановыми, диаметром: 820 мм
ГЭСН	24	24-01-057	Изоляция стыков труб в спиральной оболочке, изолированных пенополиуретаном (ППУ), скорлупами пенополиуретановыми	24-01-057-15	10 стыков	Изоляция стыков труб в спиральной оболочке, изолированных пенополиуретаном (ППУ), скорлупами пенополиуретановыми, диаметром: 920 мм
ГЭСН	24	24-01-057	Изоляция стыков труб в спиральной оболочке, изолированных пенополиуретаном (ППУ), скорлупами пенополиуретановыми	24-01-057-16	10 стыков	Изоляция стыков труб в спиральной оболочке, изолированных пенополиуретаном (ППУ), скорлупами пенополиуретановыми, диаметром: 1020 мм
ГЭСН	24	24-01-057	Изоляция стыков труб в спиральной оболочке, изолированных пенополиуретаном (ППУ), скорлупами пенополиуретановыми	24-01-057-17	10 стыков	Изоляция стыков труб в спиральной оболочке, изолированных пенополиуретаном (ППУ), скорлупами пенополиуретановыми, диаметром: 1220 мм
ГЭСН	24	24-01-057	Изоляция стыков труб в спиральной оболочке, изолированных пенополиуретаном (ППУ), скорлупами пенополиуретановыми	24-01-057-18	10 стыков	Изоляция стыков труб в спиральной оболочке, изолированных пенополиуретаном (ППУ), скорлупами пенополиуретановыми, диаметром: 1420 мм
ГЭСН	24	24-01-058	Бесканальная прокладка в траншее стеклопластиковых труб в изоляции из пенополиуретана (ППУ)	24-01-058-01	100 м	Бесканальная прокладка в траншее стеклопластиковых труб в изоляции из пенополиуретана (ППУ), диаметром: 60 мм
ГЭСН	24	24-01-058	Бесканальная прокладка в траншее стеклопластиковых труб в изоляции из пенополиуретана (ППУ)	24-01-058-02	100 м	Бесканальная прокладка в траншее стеклопластиковых труб в изоляции из пенополиуретана (ППУ), диаметром: 80 мм
ГЭСН	24	24-01-058	Бесканальная прокладка в траншее стеклопластиковых труб в изоляции из пенополиуретана (ППУ)	24-01-058-03	100 м	Бесканальная прокладка в траншее стеклопластиковых труб в изоляции из пенополиуретана (ППУ), диаметром: 100 мм
ГЭСН	24	24-01-058	Бесканальная прокладка в траншее стеклопластиковых труб в изоляции из пенополиуретана (ППУ)	24-01-058-04	100 м	Бесканальная прокладка в траншее стеклопластиковых труб в изоляции из пенополиуретана (ППУ), диаметром: 150 мм
ГЭСН	24	24-01-058	Бесканальная прокладка в траншее стеклопластиковых труб в изоляции из пенополиуретана (ППУ)	24-01-058-05	100 м	Бесканальная прокладка в траншее стеклопластиковых труб в изоляции из пенополиуретана (ППУ), диаметром: 200 мм
ГЭСН	24	24-01-058	Бесканальная прокладка в траншее стеклопластиковых труб в изоляции из пенополиуретана (ППУ)	24-01-058-06	100 м	Бесканальная прокладка в траншее стеклопластиковых труб в изоляции из пенополиуретана (ППУ), диаметром: 250 мм
ГЭСН	24	24-01-058	Бесканальная прокладка в траншее стеклопластиковых труб в изоляции из пенополиуретана (ППУ)	24-01-058-07	100 м	Бесканальная прокладка в траншее стеклопластиковых труб в изоляции из пенополиуретана (ППУ), диаметром: 300 мм
ГЭСН	24	24-01-058	Бесканальная прокладка в траншее стеклопластиковых труб в изоляции из пенополиуретана (ППУ)	24-01-058-08	100 стыков	Добавлять на 1 стык, диаметр трубопровода: 60 мм
ГЭСН	24	24-01-058	Бесканальная прокладка в траншее стеклопластиковых труб в изоляции из пенополиуретана (ППУ)	24-01-058-09	100 стыков	Добавлять на 1 стык, диаметр трубопровода: 80 мм
ГЭСН	24	24-01-058	Бесканальная прокладка в траншее стеклопластиковых труб в изоляции из пенополиуретана (ППУ)	24-01-058-10	100 стыков	Добавлять на 1 стык, диаметр трубопровода: 100 мм
ГЭСН	24	24-01-058	Бесканальная прокладка в траншее стеклопластиковых труб в изоляции из пенополиуретана (ППУ)	24-01-058-11	100 стыков	Добавлять на 1 стык, диаметр трубопровода: 150 мм
ГЭСН	24	24-01-058	Бесканальная прокладка в траншее стеклопластиковых труб в изоляции из пенополиуретана (ППУ)	24-01-058-12	100 стыков	Добавлять на 1 стык, диаметр трубопровода: 200 мм
ГЭСН	24	24-01-058	Бесканальная прокладка в траншее стеклопластиковых труб в изоляции из пенополиуретана (ППУ)	24-01-058-13	100 стыков	Добавлять на 1 стык, диаметр трубопровода: 250 мм
ГЭСН	24	24-01-058	Бесканальная прокладка в траншее стеклопластиковых труб в изоляции из пенополиуретана (ППУ)	24-01-058-14	100 стыков	Добавлять на 1 стык, диаметр трубопровода: 300 мм
ГЭСН	24	24-01-059	Установка фасонных и соединительных частей для стеклопластиковых труб в изоляции из пенополиуретана (ППУ)	24-01-059-01	100 шт	Установка фасонных и соединительных частей для стеклопластиковых труб в изоляции из пенополиуретана (ППУ), диаметром: 60 мм
ГЭСН	24	24-01-059	Установка фасонных и соединительных частей для стеклопластиковых труб в изоляции из пенополиуретана (ППУ)	24-01-059-02	100 шт	Установка фасонных и соединительных частей для стеклопластиковых труб в изоляции из пенополиуретана (ППУ), диаметром: 80 мм
ГЭСН	24	24-01-059	Установка фасонных и соединительных частей для стеклопластиковых труб в изоляции из пенополиуретана (ППУ)	24-01-059-03	100 шт	Установка фасонных и соединительных частей для стеклопластиковых труб в изоляции из пенополиуретана (ППУ), диаметром: 100 мм
ГЭСН	24	24-01-059	Установка фасонных и соединительных частей для стеклопластиковых труб в изоляции из пенополиуретана (ППУ)	24-01-059-04	100 шт	Установка фасонных и соединительных частей для стеклопластиковых труб в изоляции из пенополиуретана (ППУ), диаметром: 150 мм
ГЭСН	24	24-01-059	Установка фасонных и соединительных частей для стеклопластиковых труб в изоляции из пенополиуретана (ППУ)	24-01-059-05	100 шт	Установка фасонных и соединительных частей для стеклопластиковых труб в изоляции из пенополиуретана (ППУ), диаметром: 200 мм
ГЭСН	24	24-01-059	Установка фасонных и соединительных частей для стеклопластиковых труб в изоляции из пенополиуретана (ППУ)	24-01-059-06	100 шт	Установка фасонных и соединительных частей для стеклопластиковых труб в изоляции из пенополиуретана (ППУ), диаметром: 250 мм
ГЭСН	24	24-01-059	Установка фасонных и соединительных частей для стеклопластиковых труб в изоляции из пенополиуретана (ППУ)	24-01-059-07	100 шт	Установка фасонных и соединительных частей для стеклопластиковых труб в изоляции из пенополиуретана (ППУ), диаметром: 300 мм
ГЭСН	24	24-01-060	Изоляция стыков стеклопластиковых труб, изолированных пенополиуретаном (ППУ), неразъемными муфтами методом заливки	24-01-060-01	100 стыков	Изоляция стыков стеклопластиковых труб, изолированных пенополиуретаном (ППУ), неразъемными муфтами методом заливки, диаметром: 60 мм
ГЭСН	24	24-01-060	Изоляция стыков стеклопластиковых труб, изолированных пенополиуретаном (ППУ), неразъемными муфтами методом заливки	24-01-060-02	100 стыков	Изоляция стыков стеклопластиковых труб, изолированных пенополиуретаном (ППУ), неразъемными муфтами методом заливки, диаметром: 80 мм
ГЭСН	24	24-01-060	Изоляция стыков стеклопластиковых труб, изолированных пенополиуретаном (ППУ), неразъемными муфтами методом заливки	24-01-060-03	100 стыков	Изоляция стыков стеклопластиковых труб, изолированных пенополиуретаном (ППУ), неразъемными муфтами методом заливки, диаметром: 100 мм
ГЭСН	24	24-01-060	Изоляция стыков стеклопластиковых труб, изолированных пенополиуретаном (ППУ), неразъемными муфтами методом заливки	24-01-060-04	100 стыков	Изоляция стыков стеклопластиковых труб, изолированных пенополиуретаном (ППУ), неразъемными муфтами методом заливки, диаметром: 150 мм
ГЭСН	24	24-01-060	Изоляция стыков стеклопластиковых труб, изолированных пенополиуретаном (ППУ), неразъемными муфтами методом заливки	24-01-060-05	100 стыков	Изоляция стыков стеклопластиковых труб, изолированных пенополиуретаном (ППУ), неразъемными муфтами методом заливки, диаметром: 200 мм
ГЭСН	24	24-01-060	Изоляция стыков стеклопластиковых труб, изолированных пенополиуретаном (ППУ), неразъемными муфтами методом заливки	24-01-060-06	100 стыков	Изоляция стыков стеклопластиковых труб, изолированных пенополиуретаном (ППУ), неразъемными муфтами методом заливки, диаметром: 250 мм
ГЭСН	24	24-01-060	Изоляция стыков стеклопластиковых труб, изолированных пенополиуретаном (ППУ), неразъемными муфтами методом заливки	24-01-060-07	100 стыков	Изоляция стыков стеклопластиковых труб, изолированных пенополиуретаном (ППУ), неразъемными муфтами методом заливки, диаметром: 300 мм
ГЭСН	27	27-02-010	Установка бортовых камней	27-02-010-01	100 м	Установка бортовых камней бетонных: при цементобетонных покрытиях
ГЭСН	27	27-02-010	Установка бортовых камней	27-02-010-02	100 м	Установка бортовых камней бетонных: при других видах покрытий
ГЭСН	27	27-02-010	Установка бортовых камней	27-02-010-03	100 м	Установка бортовых камней природных: при цементобетонных покрытиях
ГЭСН	27	27-02-010	Установка бортовых камней	27-02-010-04	100 м	Установка бортовых камней природных: при других видах покрытий
ГЭСН	27	27-02-010	Установка бортовых камней	27-02-010-05	100 м	Установка бортовых камней с креплением компенсаторов из пенополиэтилена в местах стыков: бетонных длиной 1 м
ГЭСН	27	27-02-010	Установка бортовых камней	27-02-010-06	100 м	Установка бортовых камней с креплением компенсаторов из пенополиэтилена в местах стыков: природных длиной до 1,5 м
ГЭСН	27	27-02-010	Установка бортовых камней	27-02-010-07	100 м	Установка бортовых камней с креплением компенсаторов из пенополиэтилена в местах стыков: природных длиной свыше 1,5 м
ГЭСН	27	27-02-010	Установка бортовых камней	27-02-010-08	100 м	Установка бортовых камней бетонных газонных и садовых: при цементобетонных покрытиях
ГЭСН	27	27-02-010	Установка бортовых камней	27-02-010-09	100 м	Установка бортовых камней бетонных газонных и садовых: при других видах покрытий
ГЭСН	27	27-02-011	Установка природных бортовых гранитных камней типа 3ГП	27-02-011-01	100 м	Установка природных бортовых гранитных камней типа 3ГП
ГЭСН	27	27-02-015	Устройство бортового камня из монолитного бетона бетоноукладчиком-планировщиком со скользящими формами	27-02-015-01	10 м	Устройство бортового камня из монолитного бетона бетоноукладчиком-планировщиком со скользящими формами: на комбинированном участке (сочетание прямого и радиусного участков)
ГЭСН	27	27-02-015	Устройство бортового камня из монолитного бетона бетоноукладчиком-планировщиком со скользящими формами	27-02-015-02	10 м	Устройство бортового камня из монолитного бетона бетоноукладчиком-планировщиком со скользящими формами: на прямом участке
ГЭСН	27	27-02-015	Устройство бортового камня из монолитного бетона бетоноукладчиком-планировщиком со скользящими формами	27-02-015-03	10 м	Устройство бортового камня из монолитного бетона бетоноукладчиком-планировщиком со скользящими формами: на радиусном участке
ГЭСН	27	27-02-022	Резка бортовых камней	27-02-022-01	100 резов	Резка бортовых камней: бетонных
ГЭСН	27	27-02-022	Резка бортовых камней	27-02-022-02	100 резов	Резка бортовых камней: природных
ГЭСН	27	27-02-027	Укладка и обратная засыпка гофрированных полимерных труб ливневой канализации	27-02-027-01	10 м	Укладка гофрированных полимерных труб ливневой канализации, диаметр 0,4 м
ГЭСН	27	27-02-027	Укладка и обратная засыпка гофрированных полимерных труб ливневой канализации	27-02-027-02	10 м3	Устройство обратной засыпки труб ливневой канализации
ГЭСН	27	27-02-031	Устройство сборных бетонных водоотводных лотков на подготовленные основания	27-02-031-01	100 м	Устройство бетонных водоотводных лотков с чугунными решетками (крышками) на подготовленные основания, диаметр гидравлического сечения: до 110 мм
ГЭСН	27	27-02-031	Устройство сборных бетонных водоотводных лотков на подготовленные основания	27-02-031-02	100 м	Устройство бетонных водоотводных лотков с чугунными решетками (крышками) на подготовленные основания, диаметр гидравлического сечения: свыше 110 до 160 мм
ГЭСН	27	27-02-031	Устройство сборных бетонных водоотводных лотков на подготовленные основания	27-02-031-03	100 м	Устройство бетонных водоотводных лотков с чугунными решетками (крышками) на подготовленные основания, диаметр гидравлического сечения: 200 мм
ГЭСН	27	27-02-031	Устройство сборных бетонных водоотводных лотков на подготовленные основания	27-02-031-04	100 м	Устройство бетонных водоотводных лотков с чугунными решетками (крышками) на подготовленные основания, диаметр гидравлического сечения: 300 мм
ГЭСН	27	27-02-031	Устройство сборных бетонных водоотводных лотков на подготовленные основания	27-02-031-05	100 м	Устройство бетонных водоотводных лотков с чугунными решетками (крышками) на подготовленные основания, диаметр гидравлического сечения: 400 мм
ГЭСН	27	27-02-031	Устройство сборных бетонных водоотводных лотков на подготовленные основания	27-02-031-06	100 м	Устройство бетонных водоотводных лотков с чугунными решетками (крышками) на подготовленные основания, диаметр гидравлического сечения: 500 мм
ГЭСН	27	27-02-031	Устройство сборных бетонных водоотводных лотков на подготовленные основания	27-02-031-07	100 м	Устройство бетонных водоотводных лотков с бетонными решетками (крышками) на подготовленные основания, диаметр гидравлического сечения: свыше 110 до 160 мм
ГЭСН	27	27-02-031	Устройство сборных бетонных водоотводных лотков на подготовленные основания	27-02-031-08	100 м	Устройство бетонных водоотводных лотков с бетонными решетками (крышками) на подготовленные основания, диаметр гидравлического сечения: 200 мм
ГЭСН	27	27-02-031	Устройство сборных бетонных водоотводных лотков на подготовленные основания	27-02-031-09	100 м	Устройство бетонных водоотводных лотков с бетонными решетками (крышками) на подготовленные основания, диаметр гидравлического сечения: 300 мм
ГЭСН	27	27-02-031	Устройство сборных бетонных водоотводных лотков на подготовленные основания	27-02-031-10	100 м	Устройство бетонных водоотводных лотков с бетонными решетками (крышками) на подготовленные основания, диаметр гидравлического сечения: 400 мм
ГЭСН	27	27-02-031	Устройство сборных бетонных водоотводных лотков на подготовленные основания	27-02-031-11	100 м	Устройство бетонных водоотводных лотков с бетонными решетками (крышками) на подготовленные основания, диаметр гидравлического сечения: 500 мм
ГЭСН	27	27-02-032	Устройство сборных бетонных пескоуловителей на подготовленные основания	27-02-032-01	10 шт	Устройство бетонных односекционных пескоуловителей длиной 500 мм на подготовленные основания, диаметр гидравлического сечения: до 110 мм
ГЭСН	27	27-02-032	Устройство сборных бетонных пескоуловителей на подготовленные основания	27-02-032-02	10 шт	Устройство бетонных односекционных пескоуловителей длиной 500 мм на подготовленные основания, диаметр гидравлического сечения: свыше 110 до 160 мм
ГЭСН	27	27-02-032	Устройство сборных бетонных пескоуловителей на подготовленные основания	27-02-032-03	10 шт	Устройство бетонных односекционных пескоуловителей длиной 500 мм на подготовленные основания, диаметр гидравлического сечения: 200 мм
ГЭСН	27	27-02-032	Устройство сборных бетонных пескоуловителей на подготовленные основания	27-02-032-04	10 шт	Устройство бетонных односекционных пескоуловителей длиной 500 мм на подготовленные основания, диаметр гидравлического сечения: 300 мм
ГЭСН	27	27-02-032	Устройство сборных бетонных пескоуловителей на подготовленные основания	27-02-032-05	10 шт	Устройство бетонных односекционных пескоуловителей длиной 500 мм на подготовленные основания, диаметр гидравлического сечения: 400 мм
ГЭСН	27	27-02-032	Устройство сборных бетонных пескоуловителей на подготовленные основания	27-02-032-06	10 шт	Устройство бетонных односекционных пескоуловителей длиной 1000 мм на подготовленные основания, диаметр гидравлического сечения: 400 мм
ГЭСН	27	27-02-032	Устройство сборных бетонных пескоуловителей на подготовленные основания	27-02-032-07	10 шт	Устройство бетонных односекционных пескоуловителей длиной 1000 мм на подготовленные основания, диаметр гидравлического сечения: 500 мм
ГЭСН	27	27-02-032	Устройство сборных бетонных пескоуловителей на подготовленные основания	27-02-032-08	10 шт	За каждую последующую секцию пескоуловителя добавлять: к норме 27-02-032-03
ГЭСН	27	27-02-032	Устройство сборных бетонных пескоуловителей на подготовленные основания	27-02-032-09	10 шт	За каждую последующую секцию пескоуловителя добавлять: к норме 27-02-032-04
ГЭСН	27	27-02-032	Устройство сборных бетонных пескоуловителей на подготовленные основания	27-02-032-10	10 шт	За каждую последующую секцию пескоуловителя добавлять: к норме 27-02-032-05
ГЭСН	27	27-02-032	Устройство сборных бетонных пескоуловителей на подготовленные основания	27-02-032-11	10 шт	За каждую последующую секцию пескоуловителя добавлять: к норме 27-02-032-06
ГЭСН	27	27-02-032	Устройство сборных бетонных пескоуловителей на подготовленные основания	27-02-032-12	10 шт	За каждую последующую секцию пескоуловителя добавлять: к норме 27-02-032-07
ГЭСН	27	27-02-033	Устройство сборных полимербетонных водоотводных лотков на подготовленные основания	27-02-033-01	100 м	Устройство полимербетонных водоотводных лотков на подготовленные основания, диаметр гидравлического сечения: до 110 мм
ГЭСН	27	27-02-033	Устройство сборных полимербетонных водоотводных лотков на подготовленные основания	27-02-033-02	100 м	Устройство полимербетонных водоотводных лотков на подготовленные основания, диаметр гидравлического сечения: свыше 110 до 160 мм
ГЭСН	27	27-02-033	Устройство сборных полимербетонных водоотводных лотков на подготовленные основания	27-02-033-03	100 м	Устройство полимербетонных водоотводных лотков на подготовленные основания, диаметр гидравлического сечения: 200 мм
ГЭСН	27	27-02-033	Устройство сборных полимербетонных водоотводных лотков на подготовленные основания	27-02-033-04	100 м	Устройство полимербетонных водоотводных лотков на подготовленные основания, диаметр гидравлического сечения: 300 мм
ГЭСН	27	27-02-034	Устройство сборных полимербетонных пескоуловителей на подготовленные основания	27-02-034-01	10 шт	Устройство полимербетонных односекционных пескоуловителей на подготовленные основания, диаметр гидравлического сечения: до 110 мм
ГЭСН	27	27-02-034	Устройство сборных полимербетонных пескоуловителей на подготовленные основания	27-02-034-02	10 шт	Устройство полимербетонных односекционных пескоуловителей на подготовленные основания, диаметр гидравлического сечения: свыше 110 до 160 мм
ГЭСН	27	27-02-034	Устройство сборных полимербетонных пескоуловителей на подготовленные основания	27-02-034-03	10 шт	Устройство полимербетонных односекционных пескоуловителей на подготовленные основания, диаметр гидравлического сечения: 200 мм
ГЭСН	27	27-02-034	Устройство сборных полимербетонных пескоуловителей на подготовленные основания	27-02-034-04	10 шт	Устройство полимербетонных односекционных пескоуловителей на подготовленные основания, диаметр гидравлического сечения: 300 мм
ГЭСН	27	27-02-034	Устройство сборных полимербетонных пескоуловителей на подготовленные основания	27-02-034-05	10 шт	За каждую последующую секцию пескоуловителя добавлять: к норме 27-02-034-03
ГЭСН	27	27-02-034	Устройство сборных полимербетонных пескоуловителей на подготовленные основания	27-02-034-06	10 шт	За каждую последующую секцию пескоуловителя добавлять: к норме 27-02-034-04
ГЭСН	27	27-03-001	Исправление профиля щебеночных и гравийных оснований	27-03-001-01	1000 м2	Исправление профиля оснований щебеночных: с добавлением нового материала
ГЭСН	27	27-03-001	Исправление профиля щебеночных и гравийных оснований	27-03-001-02	1000 м2	Исправление профиля оснований щебеночных: без добавления нового материала
ГЭСН	27	27-03-001	Исправление профиля щебеночных и гравийных оснований	27-03-001-03	1000 м2	Исправление профиля оснований гравийных: с добавлением нового материала
ГЭСН	27	27-03-001	Исправление профиля щебеночных и гравийных оснований	27-03-001-04	1000 м2	Исправление профиля оснований гравийных: без добавления нового материала
ГЭСН	27	27-03-002	Исправление профиля песчано-гравийных оснований и покрытий	27-03-002-01	1000 м2	Устройство оснований и покрытий толщиной слоя 8 см из песчано-гравийных смесей с применением битума, обрабатываемых смешением автогрейдерами на месте из новых материалов
ГЭСН	27	27-03-002	Исправление профиля песчано-гравийных оснований и покрытий	27-03-002-02	1000 м2	Устройство оснований и покрытий толщиной слоя 8 см из песчано-гравийных смесей с применением битума, обрабатываемых смешением автогрейдерами на месте с использованием материалов существующей дорожной 
ГЭСН	27	27-03-002	Исправление профиля песчано-гравийных оснований и покрытий	27-03-002-03	1000 м2	Устройство оснований и покрытий толщиной слоя 8 см из песчано-гравийных смесей с применением битума, обрабатываемых смешением автогрейдерами на месте с использованием материалов существующей дорожной 
ГЭСН	27	27-03-002	Исправление профиля песчано-гравийных оснований и покрытий	27-03-002-04	1000 м2	Устройство оснований и покрытий толщиной слоя 8 см из песчано-гравийных смесей с применением битума, обрабатываемых смешением автогрейдерами на месте с использованием материалов существующей дорожной 
ГЭСН	27	27-03-002	Исправление профиля песчано-гравийных оснований и покрытий	27-03-002-05	1000 м2	Устройство оснований и покрытий толщиной двух слоев 16 см из песчано-гравийных смесей с применением битума, обрабатываемых смешением автогрейдерами на месте с использованием материалов существующей до
ГЭСН	27	27-03-002	Исправление профиля песчано-гравийных оснований и покрытий	27-03-002-06	1000 м2	Устройство оснований и покрытий толщиной двух слоев 16 см из песчано-гравийных смесей с применением битума, обрабатываемых смешением автогрейдерами на месте с использованием материалов существующей до
ГЭСН	27	27-03-002	Исправление профиля песчано-гравийных оснований и покрытий	27-03-002-07	1000 м2	Устройство оснований и покрытий толщиной двух слоев 16 см из песчано-гравийных смесей с применением битума, обрабатываемых смешением автогрейдерами на месте с использованием материалов существующей до
ГЭСН	27	27-03-002	Исправление профиля песчано-гравийных оснований и покрытий	27-03-002-08	1000 м2	Устройство оснований и покрытий толщиной слоя 8 см из песчано-гравийных смесей с применением битумной эмульсии, обрабатываемых смешением автогрейдерами на месте из новых материалов
ГЭСН	27	27-03-002	Исправление профиля песчано-гравийных оснований и покрытий	27-03-002-09	1000 м2	Устройство оснований и покрытий толщиной слоя 8 см из песчано-гравийных смесей с применением битумной эмульсии, обрабатываемых смешением автогрейдерами на месте с использованием материалов существующе
ГЭСН	27	27-03-002	Исправление профиля песчано-гравийных оснований и покрытий	27-03-002-10	1000 м2	Устройство оснований и покрытий толщиной слоя 8 см из песчано-гравийных смесей с применением битумной эмульсии, обрабатываемых смешением автогрейдерами на месте с использованием материалов существующе
ГЭСН	27	27-03-002	Исправление профиля песчано-гравийных оснований и покрытий	27-03-002-11	1000 м2	Устройство оснований и покрытий толщиной слоя 8 см из песчано-гравийных смесей с применением битумной эмульсии, обрабатываемых смешением автогрейдерами на месте с использованием материалов существующе
ГЭСН	27	27-03-002	Исправление профиля песчано-гравийных оснований и покрытий	27-03-002-12	1000 м2	Устройство оснований и покрытий толщиной двух слоев 16 см из песчано-гравийных смесей с применением битумной эмульсии, обрабатываемых смешением автогрейдерами на месте с использованием материалов суще
ГЭСН	27	27-03-002	Исправление профиля песчано-гравийных оснований и покрытий	27-03-002-13	1000 м2	Устройство оснований и покрытий толщиной двух слоев 16 см из песчано-гравийных смесей с применением битумной эмульсии, обрабатываемых смешением автогрейдерами на месте с использованием материалов суще
ГЭСН	27	27-03-002	Исправление профиля песчано-гравийных оснований и покрытий	27-03-002-14	1000 м2	Устройство оснований и покрытий толщиной двух слоев 16 см из песчано-гравийных смесей с применением битумной эмульсии, обрабатываемых смешением автогрейдерами на месте с использованием материалов суще
ГЭСН	27	27-03-004	Устройство выравнивающего слоя из асфальтобетонной смеси	27-03-004-01	100 т	Устройство выравнивающего слоя из асфальтобетонной смеси: с применением укладчиков асфальтобетона
ГЭСН	27	27-03-004	Устройство выравнивающего слоя из асфальтобетонной смеси	27-03-004-02	100 т	Устройство выравнивающего слоя из асфальтобетонной смеси: вручную
ГЭСН	27	27-03-008	Разборка покрытий и оснований	27-03-008-01	100 м3	Разборка покрытий и оснований: мостовой из булыжного камня
ГЭСН	27	27-03-008	Разборка покрытий и оснований	27-03-008-02	100 м3	Разборка покрытий и оснований: щебеночных
ГЭСН	27	27-03-008	Разборка покрытий и оснований	27-03-008-03	100 м3	Разборка покрытий и оснований: черных щебеночных
ГЭСН	27	27-03-008	Разборка покрытий и оснований	27-03-008-04	100 м3	Разборка покрытий и оснований: асфальтобетонных
ГЭСН	27	27-03-008	Разборка покрытий и оснований	27-03-008-05	100 м3	Разборка покрытий и оснований: цементно-бетонных
ГЭСН	27	27-03-010	Разборка бортовых камней	27-03-010-01	100 м	Разборка бортовых камней: на бетонном основании
ГЭСН	27	27-03-010	Разборка бортовых камней	27-03-010-02	100 м	Разборка бортовых камней: на щебеночном основании
ГЭСН	27	27-04-001	Устройство подстилающих и выравнивающих слоев оснований	27-04-001-01	100 м3	Устройство подстилающих и выравнивающих слоев оснований: из песка
ГЭСН	27	27-04-001	Устройство подстилающих и выравнивающих слоев оснований	27-04-001-02	100 м3	Устройство подстилающих и выравнивающих слоев оснований: из песчано-гравийной смеси, дресвы
ГЭСН	27	27-04-001	Устройство подстилающих и выравнивающих слоев оснований	27-04-001-03	100 м3	Устройство подстилающих и выравнивающих слоев оснований: из шлака доменного отвального сталеплавильного
ГЭСН	27	27-04-001	Устройство подстилающих и выравнивающих слоев оснований	27-04-001-04	100 м3	Устройство подстилающих и выравнивающих слоев оснований: из щебня
ГЭСН	27	27-04-001	Устройство подстилающих и выравнивающих слоев оснований	27-04-001-05	100 м3	Устройство подстилающих и выравнивающих слоев оснований: из пеностекольного щебня с уплотнением виброплитой, вручную
ГЭСН	27	27-04-001	Устройство подстилающих и выравнивающих слоев оснований	27-04-001-06	100 м3	Устройство подстилающих и выравнивающих слоев оснований: из пеностекольного щебня при укатке катком
ГЭСН	27	27-04-001	Устройство подстилающих и выравнивающих слоев оснований	27-04-001-07	100 м3	Устройство песчаного подстилающего слоя на обочинах навесным щебнераспределителем на базе универсального фронтального погрузчика, грунт земляного полотна: пески, супеси
ГЭСН	27	27-04-001	Устройство подстилающих и выравнивающих слоев оснований	27-04-001-08	100 м3	Устройство песчаного подстилающего слоя на обочинах навесным щебнераспределителем на базе универсального фронтального погрузчика, грунт земляного полотна: суглинок
ГЭСН	27	27-04-001	Устройство подстилающих и выравнивающих слоев оснований	27-04-001-09	1000 м2	Устройство подстилающих и выравнивающих слоев оснований из профилированной мембраны
ГЭСН	27	27-04-003	Устройство оснований и покрытий из песчано-гравийных или щебеночно-песчаных смесей	27-04-003-01	1000 м2	Устройство оснований и покрытий из песчано-гравийных или щебеночно-песчаных смесей: однослойных толщиной 12 см
ГЭСН	27	27-04-003	Устройство оснований и покрытий из песчано-гравийных или щебеночно-песчаных смесей	27-04-003-02	1000 м2	Устройство оснований и покрытий из песчано-гравийных или щебеночно-песчаных смесей: двухслойных, нижний слой толщиной 12 см
ГЭСН	27	27-04-003	Устройство оснований и покрытий из песчано-гравийных или щебеночно-песчаных смесей	27-04-003-03	1000 м2	Устройство оснований и покрытий из песчано-гравийных или щебеночно-песчаных смесей: двухслойных, верхний слой 10 см
ГЭСН	27	27-04-003	Устройство оснований и покрытий из песчано-гравийных или щебеночно-песчаных смесей	27-04-003-04	1000 м2	Устройство оснований и покрытий из песчано-гравийных или щебеночно-песчаных смесей: серповидного профиля покрытия при толщине дороги по оси 12 см
ГЭСН	27	27-04-003	Устройство оснований и покрытий из песчано-гравийных или щебеночно-песчаных смесей	27-04-003-05	1000 м2	Устройство оснований и покрытий из песчано-гравийных или щебеночно-песчаных смесей: однослойных толщиной 15 см
ГЭСН	27	27-04-003	Устройство оснований и покрытий из песчано-гравийных или щебеночно-песчаных смесей	27-04-003-06	1000 м2	Устройство оснований и покрытий из песчано-гравийных или щебеночно-песчаных смесей: двухслойных нижний слой толщиной 15 см
ГЭСН	27	27-04-003	Устройство оснований и покрытий из песчано-гравийных или щебеночно-песчаных смесей	27-04-003-07	1000 м2	Устройство оснований и покрытий из песчано-гравийных или щебеночно-песчаных смесей: двухслойных верхний слой толщиной 15 см
ГЭСН	27	27-04-003	Устройство оснований и покрытий из песчано-гравийных или щебеночно-песчаных смесей	27-04-003-08	1000 м2	На каждый 1 см изменения толщины слоя добавлять или исключать к нормам с 27-04-003-05 по 27-04-003-07
ГЭСН	27	27-04-005	Устройство оснований из щебня при укатке каменных материалов с пределом прочности на сжатие свыше 98,1 МПа (1000 кгс/см2)	27-04-005-01	1000 м2	Устройство оснований толщиной 15 см из щебня при укатке каменных материалов с пределом прочности на сжатие свыше 98,1 МПа (1000 кгс/см2): однослойных
ГЭСН	27	27-04-005	Устройство оснований из щебня при укатке каменных материалов с пределом прочности на сжатие свыше 98,1 МПа (1000 кгс/см2)	27-04-005-02	1000 м2	Устройство оснований толщиной 15 см из щебня при укатке каменных материалов с пределом прочности на сжатие свыше 98,1 МПа (1000 кгс/см2): верхнего слоя двухслойных
ГЭСН	27	27-04-005	Устройство оснований из щебня при укатке каменных материалов с пределом прочности на сжатие свыше 98,1 МПа (1000 кгс/см2)	27-04-005-03	1000 м2	Устройство оснований толщиной 15 см из щебня при укатке каменных материалов с пределом прочности на сжатие свыше 98,1 МПа (1000 кгс/см2): нижнего слоя двухслойных
ГЭСН	27	27-04-005	Устройство оснований из щебня при укатке каменных материалов с пределом прочности на сжатие свыше 98,1 МПа (1000 кгс/см2)	27-04-005-04	1000 м2	На каждый 1 см изменения толщины слоя добавлять или исключать к нормам 27-04-005-01, 27-04-005-02, 27-04-005-03
ГЭСН	27	27-04-006	Устройство оснований из щебня при укатке каменных материалов с пределом прочности на сжатие свыше 68,6 до 98,1 МПа (свыше 700 до 1000 кгс/см2)	27-04-006-01	1000 м2	Устройство оснований толщиной 15 см из щебня при укатке каменных материалов с пределом прочности на сжатие свыше 68,6 до 98,1 МПа (свыше 700 до 1000 кгс/см2): однослойных
ГЭСН	27	27-04-006	Устройство оснований из щебня при укатке каменных материалов с пределом прочности на сжатие свыше 68,6 до 98,1 МПа (свыше 700 до 1000 кгс/см2)	27-04-006-02	1000 м2	Устройство оснований толщиной 15 см из щебня при укатке каменных материалов с пределом прочности на сжатие свыше 68,6 до 98,1 МПа (свыше 700 до 1000 кгс/см2): верхнего слоя двухслойных
ГЭСН	27	27-04-006	Устройство оснований из щебня при укатке каменных материалов с пределом прочности на сжатие свыше 68,6 до 98,1 МПа (свыше 700 до 1000 кгс/см2)	27-04-006-03	1000 м2	Устройство оснований толщиной 15 см из щебня при укатке каменных материалов с пределом прочности на сжатие свыше 68,6 до 98,1 МПа (свыше 700 до 1000 кгс/см2): нижнего слоя двухслойных
ГЭСН	27	27-04-006	Устройство оснований из щебня при укатке каменных материалов с пределом прочности на сжатие свыше 68,6 до 98,1 МПа (свыше 700 до 1000 кгс/см2)	27-04-006-04	1000 м2	На каждый 1 см изменения толщины слоя добавлять или исключать к нормам 27-04-006-01, 27-04-006-02, 27-04-006-03
ГЭСН	27	27-04-007	Устройство основания из щебня при укатке каменных материалов с пределом прочности на сжатие до 68,6 МПа (700 кгс/см2)	27-04-007-01	1000 м2	Устройство оснований толщиной 15 см из щебня при укатке каменных материалов с пределом прочности на сжатие до 68,6 МПа (700 кгс/см2): однослойных
ГЭСН	27	27-04-007	Устройство основания из щебня при укатке каменных материалов с пределом прочности на сжатие до 68,6 МПа (700 кгс/см2)	27-04-007-02	1000 м2	Устройство оснований толщиной 15 см из щебня при укатке каменных материалов с пределом прочности на сжатие до 68,6 МПа (700 кгс/см2): верхнего слоя двухслойных
ГЭСН	27	27-04-007	Устройство основания из щебня при укатке каменных материалов с пределом прочности на сжатие до 68,6 МПа (700 кгс/см2)	27-04-007-03	1000 м2	Устройство оснований толщиной 15 см из щебня при укатке каменных материалов с пределом прочности на сжатие до 68,6 МПа (700 кгс/см2): нижнего слоя двухслойных
ГЭСН	27	27-04-007	Устройство основания из щебня при укатке каменных материалов с пределом прочности на сжатие до 68,6 МПа (700 кгс/см2)	27-04-007-04	1000 м2	На каждый 1 см изменения толщины слоя добавлять или исключать к нормам 27-04-007-01, 27-04-007-02, 27-04-007-03
ГЭСН	27	27-04-009	Устройство оснований толщиной 12 см из щебня фракции 70-120 мм	27-04-009-01	1000 м2	Устройство оснований толщиной 12 см из щебня фракции 70-120 мм: однослойных
ГЭСН	27	27-04-009	Устройство оснований толщиной 12 см из щебня фракции 70-120 мм	27-04-009-02	1000 м2	Устройство оснований толщиной 12 см из щебня фракции 70-120 мм: верхнего слоя двухслойных
ГЭСН	27	27-04-009	Устройство оснований толщиной 12 см из щебня фракции 70-120 мм	27-04-009-03	1000 м2	На каждый 1 см изменения толщины слоя добавлять или исключать к нормам 27-04-009-01, 27-04-009-02
ГЭСН	27	27-04-009	Устройство оснований толщиной 12 см из щебня фракции 70-120 мм	27-04-009-04	1000 м2	Устройство нижнего слоя двухслойных оснований толщиной 12 см из щебня фракции 70-120 мм
ГЭСН	27	27-04-009	Устройство оснований толщиной 12 см из щебня фракции 70-120 мм	27-04-009-05	1000 м2	На каждый 1 см изменения толщины слоя добавлять или исключать к норме 27-04-009-04
ГЭСН	27	27-04-012	Устройство покрытий толщиной 15 см при укатке щебня с пределом прочности на сжатие свыше 98,1 МПа (1000 кгс/см2)	27-04-012-01	1000 м2	Устройство покрытий толщиной 15 см при укатке щебня с пределом прочности на сжатие свыше 98,1 МПа (1000 кгс/см2): однослойных
ГЭСН	27	27-04-012	Устройство покрытий толщиной 15 см при укатке щебня с пределом прочности на сжатие свыше 98,1 МПа (1000 кгс/см2)	27-04-012-02	1000 м2	Устройство покрытий толщиной 15 см при укатке щебня с пределом прочности на сжатие свыше 98,1 МПа (1000 кгс/см2): верхнего слоя двухслойных
ГЭСН	27	27-04-012	Устройство покрытий толщиной 15 см при укатке щебня с пределом прочности на сжатие свыше 98,1 МПа (1000 кгс/см2)	27-04-012-03	1000 м2	Устройство покрытий толщиной 15 см при укатке щебня с пределом прочности на сжатие свыше 98,1 МПа (1000 кгс/см2): нижнего слоя двухслойных
ГЭСН	27	27-04-012	Устройство покрытий толщиной 15 см при укатке щебня с пределом прочности на сжатие свыше 98,1 МПа (1000 кгс/см2)	27-04-012-04	1000 м2	На каждый 1 см изменения толщины слоя добавлять или исключать к нормам 27-04-012-01, 27-04-012-02, 27-04-012-03
ГЭСН	27	27-04-013	Устройство покрытий толщиной 15 см при укатке щебня с пределом прочности на сжатие свыше 68,6 до 98,1 МПа (свыше 700 до 1000 кгс/см2)	27-04-013-01	1000 м2	Устройство покрытий толщиной 15 см при укатке щебня с пределом прочности на сжатие свыше 68,6 до 98,1 МПа (свыше 700 до 1000 кгс/см2): однослойных
ГЭСН	27	27-04-013	Устройство покрытий толщиной 15 см при укатке щебня с пределом прочности на сжатие свыше 68,6 до 98,1 МПа (свыше 700 до 1000 кгс/см2)	27-04-013-02	1000 м2	Устройство покрытий толщиной 15 см при укатке щебня с пределом прочности на сжатие свыше 68,6 до 98,1 МПа (свыше 700 до 1000 кгс/см2): верхнего слоя двухслойных
ГЭСН	27	27-04-013	Устройство покрытий толщиной 15 см при укатке щебня с пределом прочности на сжатие свыше 68,6 до 98,1 МПа (свыше 700 до 1000 кгс/см2)	27-04-013-03	1000 м2	Устройство покрытий толщиной 15 см при укатке щебня с пределом прочности на сжатие свыше 68,6 до 98,1 МПа (свыше 700 до 1000 кгс/см2): нижнего слоя двухслойных
ГЭСН	27	27-04-013	Устройство покрытий толщиной 15 см при укатке щебня с пределом прочности на сжатие свыше 68,6 до 98,1 МПа (свыше 700 до 1000 кгс/см2)	27-04-013-04	1000 м2	На каждый 1 см изменения толщины слоя добавлять или исключать к нормам 27-04-013-01, 27-04-013-02, 27-04-013-03
ГЭСН	27	27-04-014	Устройство покрытий толщиной 15 см при укатке щебня с пределом прочности на сжатие до 68,6 МПа (700 кгс/см2)	27-04-014-01	1000 м2	Устройство покрытий толщиной 15 см при укатке щебня с пределом прочности на сжатие до 68,6 МПа (700 кгс/см2): однослойных
ГЭСН	27	27-04-014	Устройство покрытий толщиной 15 см при укатке щебня с пределом прочности на сжатие до 68,6 МПа (700 кгс/см2)	27-04-014-02	1000 м2	Устройство покрытий толщиной 15 см при укатке щебня с пределом прочности на сжатие до 68,6 МПа (700 кгс/см2): верхнего слоя двухслойных
ГЭСН	27	27-04-014	Устройство покрытий толщиной 15 см при укатке щебня с пределом прочности на сжатие до 68,6 МПа (700 кгс/см2)	27-04-014-03	1000 м2	Устройство покрытий толщиной 15 см при укатке щебня с пределом прочности на сжатие до 68,6 МПа (700 кгс/см2): нижнего слоя двухслойных
ГЭСН	27	27-04-014	Устройство покрытий толщиной 15 см при укатке щебня с пределом прочности на сжатие до 68,6 МПа (700 кгс/см2)	27-04-014-04	1000 м2	На каждый 1 см изменения толщины слоя добавлять или исключать к нормам 27-04-014-01, 27-04-014-02, 27-04-014-03
ГЭСН	27	27-04-015	Устройство щебеночных оснований, обработанных в верхней части пескоцементной смесью	27-04-015-01	1000 м2	Устройство щебеночных оснований, обработанных в верхней части пескоцементной смесью, толщина слоя 18 см с уплотнением: катками на пневмомашинах
ГЭСН	27	27-04-015	Устройство щебеночных оснований, обработанных в верхней части пескоцементной смесью	27-04-015-02	1000 м2	Устройство щебеночных оснований, обработанных в верхней части пескоцементной смесью, толщина слоя 18 см с уплотнением: виброкатками
ГЭСН	27	27-04-015	Устройство щебеночных оснований, обработанных в верхней части пескоцементной смесью	27-04-015-03	1000 м2	Устройство щебеночных оснований, обработанных в верхней части пескоцементной смесью, толщина слоя 20 см с уплотнением кулачковыми катками
ГЭСН	27	27-04-016	Устройство прослойки из нетканого синтетического материала (НСМ)	27-04-016-01	1000 м2	Устройство прослойки из нетканого синтетического материала (НСМ) под покрытием из сборных железобетонных плит: полосами
ГЭСН	27	27-04-016	Устройство прослойки из нетканого синтетического материала (НСМ)	27-04-016-02	1000 м2	Устройство прослойки из нетканого синтетического материала (НСМ) под покрытием из сборных железобетонных плит: сплошной
ГЭСН	27	27-04-016	Устройство прослойки из нетканого синтетического материала (НСМ)	27-04-016-03	1000 м2	Устройство прослойки из нетканого синтетического материала (НСМ) под покрытием из сборных железобетонных плит: грунт в "обойме"
ГЭСН	27	27-04-016	Устройство прослойки из нетканого синтетического материала (НСМ)	27-04-016-04	1000 м2	Устройство прослойки из нетканого синтетического материала (НСМ) в земляном полотне: сплошной
ГЭСН	27	27-04-016	Устройство прослойки из нетканого синтетического материала (НСМ)	27-04-016-05	1000 м2	Устройство прослойки из нетканого синтетического материала (НСМ) в земляном полотне: в "обойме"
ГЭСН	27	27-04-016	Устройство прослойки из нетканого синтетического материала (НСМ)	27-04-016-06	1000 м2	Устройство прослойки из нетканого синтетического материала (НСМ) при укреплении откосов: неподтопляемой
ГЭСН	27	27-04-016	Устройство прослойки из нетканого синтетического материала (НСМ)	27-04-016-07	1000 м2	Устройство прослойки из нетканого синтетического материала (НСМ) при укреплении откосов: подтопляемой
ГЭСН	27	27-05-005	Устройство мощеных подзоров и отмосток толщиной 10 см	27-05-005-01	100 м2	Устройство мощеных подзоров и отмосток толщиной 10 см
ГЭСН	27	27-06-017	Устройство оснований городских проездов	27-06-017-01	1000 м2	Устройство оснований городских проездов толщиной слоя 16 см
ГЭСН	27	27-06-017	Устройство оснований городских проездов	27-06-017-02	1000 м2	На каждый 1 см изменения толщины слоя добавлять к норме 27-06-017-01
ГЭСН	27	27-06-017	Устройство оснований городских проездов	27-06-017-03	1000 м2	Устройство оснований городских проездов из жесткого (малоцементного) укатываемого бетона толщиной 16 см
ГЭСН	27	27-06-017	Устройство оснований городских проездов	27-06-017-04	1000 м2	При изменении толщины слоя на каждый 1,0 см добавлять (уменьшать) к норме 27-06-017-03
ГЭСН	27	27-06-018	Устройство оснований и покрытий из черного щебня	27-06-018-01	1000 м2	Устройство покрытия из черного щебня толщиной 6 см с плотностью каменных материалов: 2,5-2,9 т/м3
ГЭСН	27	27-06-018	Устройство оснований и покрытий из черного щебня	27-06-018-02	1000 м2	Устройство покрытия из черного щебня толщиной 6 см с плотностью каменных материалов: 3 т/м3 и более
ГЭСН	27	27-06-018	Устройство оснований и покрытий из черного щебня	27-06-018-03	1000 м2	Устройство основания из черного щебня толщиной 6 см с плотностью каменных материалов: 2,5-2,9 т/м3
ГЭСН	27	27-06-018	Устройство оснований и покрытий из черного щебня	27-06-018-04	1000 м2	Устройство основания из черного щебня толщиной 6 см с плотностью каменных материалов: 3 т/м3 и более
ГЭСН	27	27-06-019	Устройство покрытий из холодных асфальтобетонных смесей	27-06-019-01	1000 м2	Устройство покрытия толщиной 3 см из холодных асфальтобетонных смесей
ГЭСН	27	27-06-019	Устройство покрытий из холодных асфальтобетонных смесей	27-06-019-02	1000 м2	На каждые 0,5 см изменения толщины покрытия из холодных асфальтобетонных смесей добавлять или исключать к норме 27-06-019-01
ГЭСН	27	27-06-029	Устройство покрытия из горячих асфальтобетонных смесей асфальтоукладчиками второго типоразмера	27-06-029-01	1000 м2	Устройство покрытия из горячих асфальтобетонных смесей асфальтоукладчиками второго типоразмера, толщина слоя 4 см
ГЭСН	27	27-06-031	Устройство покрытия из горячих асфальтобетонных смесей асфальтоукладчиками третьего и четвертого типоразмеров	27-06-031-01	1000 м2	Устройство покрытия из горячих асфальтобетонных смесей асфальтоукладчиками: третьего типоразмера, ширина укладки до 6 м, толщина слоя 4 см
ГЭСН	27	27-06-031	Устройство покрытия из горячих асфальтобетонных смесей асфальтоукладчиками третьего и четвертого типоразмеров	27-06-031-02	1000 м2	Устройство покрытия из горячих асфальтобетонных смесей асфальтоукладчиками: четвертого типоразмера, ширина укладки более 6 м, толщина слоя 4 см
ГЭСН	27	27-06-039	Одновременное устройство двухслойного асфальтобетонного покрытия асфальтоукладочным комплексом	27-06-039-01	1000 м2	Одновременное устройство двухслойного асфальтобетонного покрытия асфальтоукладочным комплексом с толщиной верхнего слоя из щебеночно-мастичной асфальтобетонной смеси 2,5 см и нижнего слоя из горячей а
ГЭСН	27	27-06-039	Одновременное устройство двухслойного асфальтобетонного покрытия асфальтоукладочным комплексом	27-06-039-02	1000 м2	Добавлять или исключать к норме 27-06-039-01 при изменении толщины на 0,5 см: верхнего слоя покрытия из щебеночно-мастичной асфальтобетонной смеси 2,5 см
ГЭСН	27	27-06-039	Одновременное устройство двухслойного асфальтобетонного покрытия асфальтоукладочным комплексом	27-06-039-03	1000 м2	Добавлять или исключать к норме 27-06-039-01 при изменении толщины на 0,5 см: нижнего слоя покрытия нижнего слоя из горячей асфальтобетонной смеси толщиной 7 см
ГЭСН	27	27-06-043	Устройство тонкослойного покрытия из горячей битумоминеральной смеси толщиной слоя 2,5 см асфальтоукладчиком, оборудованным системой распределения битумной эмул	27-06-043-01	1000 м2	Устройство тонкослойного покрытия из горячей битумоминеральной смеси толщиной слоя 2,5 см асфальтоукладчиком, оборудованным системой распределения битумной эмульсии
ГЭСН	27	27-06-043	Устройство тонкослойного покрытия из горячей битумоминеральной смеси толщиной слоя 2,5 см асфальтоукладчиком, оборудованным системой распределения битумной эмул	27-06-043-02	1000 м2	На каждые 0,5 см изменения толщины слоя тонкослойного покрытия из горячей битумоминеральной смеси добавлять или исключать к норме 27-06-043-01
ГЭСН	27	27-06-044	Восстановление асфальтобетонного покрытия толщиной 7 см методом терморесайклинга старого покрытия толщиной 5 см с добавлением горячего асфальтобетона комплексом	27-06-044-01	1000 м2	Восстановление асфальтобетонного покрытия толщиной 7 см методом терморесайклинга старого покрытия толщиной 5 см с добавлением горячего асфальтобетона комплексом машин и нагревателей
ГЭСН	27	27-06-044	Восстановление асфальтобетонного покрытия толщиной 7 см методом терморесайклинга старого покрытия толщиной 5 см с добавлением горячего асфальтобетона комплексом	27-06-044-02	1000 м2	На каждые 0,5 см изменения толщины регенерируемого слоя добавлять или исключать к норме 27-06-044-01
ГЭСН	27	27-06-045	Устройство основания из асфальтогранулята и песка из отсевов дробления щебня, укрепленного битумной эмульсией и цементом, с использованием ресайклер-стабилизато	27-06-045-01	1000 м2	Устройство основания шириной 7,6 м при толщине готового основания: 15 см
ГЭСН	27	27-06-045	Устройство основания из асфальтогранулята и песка из отсевов дробления щебня, укрепленного битумной эмульсией и цементом, с использованием ресайклер-стабилизато	27-06-045-02	1000 м2	Устройство основания шириной 7,6 м при толщине готового основания: 18 см
ГЭСН	27	27-06-045	Устройство основания из асфальтогранулята и песка из отсевов дробления щебня, укрепленного битумной эмульсией и цементом, с использованием ресайклер-стабилизато	27-06-045-03	1000 м2	Устройство основания шириной 7,6 м при толщине готового основания: 20 см
ГЭСН	27	27-06-045	Устройство основания из асфальтогранулята и песка из отсевов дробления щебня, укрепленного битумной эмульсией и цементом, с использованием ресайклер-стабилизато	27-06-045-04	1000 м2	Устройство основания шириной 8,6 м при толщине готового основания: 15 см
ГЭСН	27	27-06-045	Устройство основания из асфальтогранулята и песка из отсевов дробления щебня, укрепленного битумной эмульсией и цементом, с использованием ресайклер-стабилизато	27-06-045-05	1000 м2	Устройство основания шириной 8,6 м при толщине готового основания: 18 см
ГЭСН	27	27-06-045	Устройство основания из асфальтогранулята и песка из отсевов дробления щебня, укрепленного битумной эмульсией и цементом, с использованием ресайклер-стабилизато	27-06-045-06	1000 м2	Устройство основания шириной 8,6 м при толщине готового основания: 20 см
ГЭСН	27	27-06-045	Устройство основания из асфальтогранулята и песка из отсевов дробления щебня, укрепленного битумной эмульсией и цементом, с использованием ресайклер-стабилизато	27-06-045-07	1000 м2	Устройство основания шириной 9,6 м при толщине готового основания: 15 см
ГЭСН	27	27-06-045	Устройство основания из асфальтогранулята и песка из отсевов дробления щебня, укрепленного битумной эмульсией и цементом, с использованием ресайклер-стабилизато	27-06-045-08	1000 м2	Устройство основания шириной 9,6 м при толщине готового основания: 18 см
ГЭСН	27	27-06-045	Устройство основания из асфальтогранулята и песка из отсевов дробления щебня, укрепленного битумной эмульсией и цементом, с использованием ресайклер-стабилизато	27-06-045-09	1000 м2	Устройство основания шириной 9,6 м при толщине готового основания: 20 см
ГЭСН	27	27-06-046	Устройство основания из асфальтогранулята и песка из отсевов дробления щебня, укрепленного битумом и цементом, с использованием ресайклер-стабилизатора грунта и	27-06-046-01	1000 м2	Устройство основания шириной 7,6 м при толщине готового основания: 15 см
ГЭСН	27	27-06-046	Устройство основания из асфальтогранулята и песка из отсевов дробления щебня, укрепленного битумом и цементом, с использованием ресайклер-стабилизатора грунта и	27-06-046-02	1000 м2	Устройство основания шириной 7,6 м при толщине готового основания: 18 см
ГЭСН	27	27-06-046	Устройство основания из асфальтогранулята и песка из отсевов дробления щебня, укрепленного битумом и цементом, с использованием ресайклер-стабилизатора грунта и	27-06-046-03	1000 м2	Устройство основания шириной 7,6 м при толщине готового основания: 20 см
ГЭСН	27	27-06-046	Устройство основания из асфальтогранулята и песка из отсевов дробления щебня, укрепленного битумом и цементом, с использованием ресайклер-стабилизатора грунта и	27-06-046-04	1000 м2	Устройство основания шириной 8,6 м при толщине готового основания: 15 см
ГЭСН	27	27-06-046	Устройство основания из асфальтогранулята и песка из отсевов дробления щебня, укрепленного битумом и цементом, с использованием ресайклер-стабилизатора грунта и	27-06-046-05	1000 м2	Устройство основания шириной 8,6 м при толщине готового основания: 18 см
ГЭСН	27	27-06-046	Устройство основания из асфальтогранулята и песка из отсевов дробления щебня, укрепленного битумом и цементом, с использованием ресайклер-стабилизатора грунта и	27-06-046-06	1000 м2	Устройство основания шириной 8,6 м при толщине готового основания: 20 см
ГЭСН	27	27-06-046	Устройство основания из асфальтогранулята и песка из отсевов дробления щебня, укрепленного битумом и цементом, с использованием ресайклер-стабилизатора грунта и	27-06-046-07	1000 м2	Устройство основания шириной 9,6 м при толщине готового основания: 15 см
ГЭСН	27	27-06-046	Устройство основания из асфальтогранулята и песка из отсевов дробления щебня, укрепленного битумом и цементом, с использованием ресайклер-стабилизатора грунта и	27-06-046-08	1000 м2	Устройство основания шириной 9,6 м при толщине готового основания: 18 см
ГЭСН	27	27-06-046	Устройство основания из асфальтогранулята и песка из отсевов дробления щебня, укрепленного битумом и цементом, с использованием ресайклер-стабилизатора грунта и	27-06-046-09	1000 м2	Устройство основания шириной 9,6 м при толщине готового основания: 20 см
ГЭСН	27	27-06-047	Устройство основания дорожного полотна методом холодного ресайклинга толщиной от 15 до 25 см с применением регенератора-смесителя с шириной реза 2,5 м	27-06-047-01	1000 м2	Устройство основания дорожного полотна методом холодного ресайклинга толщиной от 15 до 25 см с применением регенератора-смесителя с шириной реза 2,5 м с добавлением: минеральных добавок
ГЭСН	27	27-06-047	Устройство основания дорожного полотна методом холодного ресайклинга толщиной от 15 до 25 см с применением регенератора-смесителя с шириной реза 2,5 м	27-06-047-02	1000 м2	Устройство основания дорожного полотна методом холодного ресайклинга толщиной от 15 до 25 см с применением регенератора-смесителя с шириной реза 2,5 м с добавлением: минеральных добавок и битумной эму
ГЭСН	27	27-06-048	Стабилизация и укрепление грунтов неорганическими вяжущими материалами с применением распределителя минеральных вяжущих и регенератора-смесителя	27-06-048-01	1000 м2	Стабилизация и укрепление грунтов неорганическими вяжущими материалами с применением распределителя минеральных вяжущих и регенератора-смесителя, глубина внесения: до 15 см
ГЭСН	27	27-06-048	Стабилизация и укрепление грунтов неорганическими вяжущими материалами с применением распределителя минеральных вяжущих и регенератора-смесителя	27-06-048-02	1000 м2	Стабилизация и укрепление грунтов неорганическими вяжущими материалами с применением распределителя минеральных вяжущих и регенератора-смесителя, глубина внесения: свыше 15 до 25 см
ГЭСН	27	27-06-048	Стабилизация и укрепление грунтов неорганическими вяжущими материалами с применением распределителя минеральных вяжущих и регенератора-смесителя	27-06-048-03	1000 м2	Стабилизация и укрепление грунтов неорганическими вяжущими материалами с применением распределителя минеральных вяжущих и регенератора-смесителя, глубина внесения: свыше 25 до 35 см
ГЭСН	27	27-06-048	Стабилизация и укрепление грунтов неорганическими вяжущими материалами с применением распределителя минеральных вяжущих и регенератора-смесителя	27-06-048-04	1000 м2	Стабилизация и укрепление грунтов неорганическими вяжущими материалами с применением распределителя минеральных вяжущих и регенератора-смесителя, глубина внесения: свыше 35 до 45 см
ГЭСН	27	27-06-066	Устройство малых монолитных форм с использованием бетоноукладчика на гусеничном ходу со скользящей опалубкой	27-06-066-01	100 м3	Устройство малых монолитных форм с использованием бетоноукладчика на гусеничном ходу со скользящей опалубкой: площадью сечения до 0,3 м2
ГЭСН	27	27-06-066	Устройство малых монолитных форм с использованием бетоноукладчика на гусеничном ходу со скользящей опалубкой	27-06-066-02	100 м3	Устройство малых монолитных форм с использованием бетоноукладчика на гусеничном ходу со скользящей опалубкой: площадью сечения свыше 0,3 м2 до 0,8 м2
ГЭСН	27	27-06-068	Устройство покрытий из асфальтобетонных смесей вручную	27-06-068-01	100 м2	Устройство покрытий из асфальтобетонных смесей вручную, толщина 4 см
ГЭСН	27	27-06-068	Устройство покрытий из асфальтобетонных смесей вручную	27-06-068-02	100 м2	Укладка литой асфальтобетонной смеси вручную, толщина слоя 5 см
ГЭСН	27	27-06-069	Устройство асфальтобетонных водоотводных лотков вдоль кромки проезжей части	27-06-069-01	1000 м	Устройство асфальтобетонных водоотводных лотков с использованием укладчика (отсыпщика) обочин при ширине лотка: до 0,75 м
ГЭСН	27	27-06-070	Устройство основания дорожного полотна, укрепленного минеральным вяжущим и стабилизатором грунта, с использованием распределителя минеральных вяжущих и регенера	27-06-070-01	1000 м2	Устройство основания дорожного полотна, укрепленного минеральным вяжущим и стабилизатором грунта, с применением распределителя минеральных вяжущих и регенератора-смесителя на глубину 20 см
ГЭСН	27	27-06-070	Устройство основания дорожного полотна, укрепленного минеральным вяжущим и стабилизатором грунта, с использованием распределителя минеральных вяжущих и регенера	27-06-070-02	1000 м2	При изменении толщины слоя на каждый 1 см добавлять или исключать к норме 27-06-070-01
ГЭСН	27	27-06-070	Устройство основания дорожного полотна, укрепленного минеральным вяжущим и стабилизатором грунта, с использованием распределителя минеральных вяжущих и регенера	27-06-070-03	100 м3	Исправление профиля основания дорожной одежды щебнем после предварительной регенерации
ГЭСН	27	27-06-071	Устройство щебеночно-мастичного деформационного шва	27-06-071-01	100 м	Устройство щебеночно-мастичного деформационного шва шириной: 0,5 м на глубину 10 см
ГЭСН	27	27-06-071	Устройство щебеночно-мастичного деформационного шва	27-06-071-02	100 м	Устройство щебеночно-мастичного деформационного шва шириной: 1 м на глубину 10 см
ГЭСН	27	27-06-071	Устройство щебеночно-мастичного деформационного шва	27-06-071-03	100 м	При увеличении глубины слоя на 1 см добавлять к норме: 27-06-071-01
ГЭСН	27	27-06-071	Устройство щебеночно-мастичного деформационного шва	27-06-071-04	100 м	При увеличении глубины слоя на 1 см добавлять к норме: 27-06-071-02
ГЭСН	27	27-06-075	Устройство слоя асфальтобетонного покрытия из горячей асфальтобетонной смеси	27-06-075-01	1000 м2	Устройство слоя покрытия из щебеночно-мастичного асфальтобетона асфальтоукладчиками больших типоразмеров шириной укладки: до 7,5 м толщиной 5 см
ГЭСН	27	27-06-075	Устройство слоя асфальтобетонного покрытия из горячей асфальтобетонной смеси	27-06-075-02	1000 м2	Устройство слоя покрытия из щебеночно-мастичного асфальтобетона асфальтоукладчиками больших типоразмеров шириной укладки: свыше 7,5 м толщиной 5 см
ГЭСН	27	27-06-075	Устройство слоя асфальтобетонного покрытия из горячей асфальтобетонной смеси	27-06-075-03	1000 м2	Устройство слоя покрытия из щебеночно-мастичного асфальтобетона асфальтоукладчиками больших типоразмеров шириной укладки: до 7,5 м на 1 см изменения толщины слоя добавлять или исключать
ГЭСН	27	27-06-075	Устройство слоя асфальтобетонного покрытия из горячей асфальтобетонной смеси	27-06-075-04	1000 м2	Устройство слоя покрытия из щебеночно-мастичного асфальтобетона асфальтоукладчиками больших типоразмеров шириной укладки: более 7,5 м на 1 см изменения толщины слоя добавлять или исключать
ГЭСН	27	27-06-202	Устройство швов в дорожных асфальтобетонных покрытиях	27-06-202-01	100 м	Устройство температурных швов глубиной камеры 1 см в нижних слоях дорожных асфальтобетонных покрытий с применением дисков с алмазным покрытием
ГЭСН	27	27-06-203	Устройство основания дорожной одежды из щебеночно-гравийно-песчаной смеси, укрепленного неорганическим вяжущим	27-06-203-01	1000 м2	Устройство основания дорожной одежды из щебеночно-гравийно-песчаной смеси, укрепленного неорганическим вяжущим, толщина слоя 18 см
ГЭСН	27	27-07-001	Устройство асфальтобетонных покрытий дорожек и тротуаров	27-07-001-01	100 м2	Устройство асфальтобетонных покрытий дорожек и тротуаров однослойных из литой мелкозернистой асфальтобетонной смеси толщиной 3 см
ГЭСН	27	27-07-001	Устройство асфальтобетонных покрытий дорожек и тротуаров	27-07-001-02	100 м2	На каждые 0,5 см изменения толщины покрытия добавлять к норме 27-07-001-01
ГЭСН	27	27-07-001	Устройство асфальтобетонных покрытий дорожек и тротуаров	27-07-001-03	100 м2	Устройство асфальтобетонных покрытий дорожек и тротуаров двухслойных: нижний слой из горячей асфальтобетонной смеси толщиной 4,5 см
ГЭСН	27	27-07-001	Устройство асфальтобетонных покрытий дорожек и тротуаров	27-07-001-04	100 м2	Устройство асфальтобетонных покрытий дорожек и тротуаров двухслойных: верхний слой из горячей асфальтобетонной смеси толщиной 3 см
ГЭСН	27	27-07-001	Устройство асфальтобетонных покрытий дорожек и тротуаров	27-07-001-05	100 м2	Укладка литой асфальтобетонной смеси на тротуарах мостовых сооружений в местах с затрудненным доступом с использованием мини-перегружателя, толщина слоя 4 см: без устройства опалубки
ГЭСН	27	27-07-001	Устройство асфальтобетонных покрытий дорожек и тротуаров	27-07-001-06	100 м2	Укладка литой асфальтобетонной смеси на тротуарах мостовых сооружений в местах с затрудненным доступом с использованием мини-перегружателя, толщина слоя 4 см: с устройством опалубки
ГЭСН	27	27-07-002	Устройство оснований под тротуары из кирпичного или известнякового щебня	27-07-002-01	100 м2	Устройство оснований толщиной 12 см под тротуары из кирпичного или известнякового щебня
ГЭСН	27	27-07-002	Устройство оснований под тротуары из кирпичного или известнякового щебня	27-07-002-02	100 м2	На каждый 1 см изменения толщины оснований добавлять или исключать к норме 27-07-002-01
ГЭСН	27	27-07-003	Устройство бетонных плитных тротуаров с заполнением швов	27-07-003-01	100 м2	Устройство бетонных плитных тротуаров с заполнением швов: цементным раствором
ГЭСН	27	27-07-003	Устройство бетонных плитных тротуаров с заполнением швов	27-07-003-02	100 м2	Устройство бетонных плитных тротуаров с заполнением швов: песком
ГЭСН	27	27-07-003	Устройство бетонных плитных тротуаров с заполнением швов	27-07-003-03	100 м2	Устройство бетонных плитных тротуаров из сборных фигурных бетонных плит с заполнением швов песчано-цементной смесью
ГЭСН	27	27-07-004	Устройство деревянных тротуаров	27-07-004-01	100 м2	Устройство деревянных тротуаров
ГЭСН	27	27-07-005	Устройство покрытий из тротуарной плитки	27-07-005-01	10 м2	Устройство покрытий из тротуарной плитки, количество плитки при укладке на 1 м2: 40 шт.
ГЭСН	27	27-07-005	Устройство покрытий из тротуарной плитки	27-07-005-02	10 м2	Устройство покрытий из тротуарной плитки, количество плитки при укладке на 1 м2: 55 шт.
ГЭСН	27	27-07-005	Устройство покрытий из тротуарной плитки	27-07-005-03	10 м2	Устройство покрытий из тротуарной плитки, количество плитки при укладке на 1 м2: 90 шт.
ГЭСН	27	27-07-005	Устройство покрытий из тротуарной плитки	27-07-005-04	м реза	Резка тротуарной плитки толщиной 70 мм: на отрезном станке
ГЭСН	27	27-07-005	Устройство покрытий из тротуарной плитки	27-07-005-05	м реза	Резка тротуарной плитки толщиной 70 мм: угловой шлифовальной машинкой
ГЭСН	27	27-07-005	Устройство покрытий из тротуарной плитки	27-07-005-06	м реза	Добавлять (уменьшать) на каждые 10 мм: к норме 27-07-005-04
ГЭСН	27	27-07-005	Устройство покрытий из тротуарной плитки	27-07-005-07	м реза	Добавлять (уменьшать) на каждые 10 мм: к норме 27-07-005-05
ГЭСН	27	27-07-006	Устройство покрытия дорожек и тротуаров из горячих асфальтобетонных смесей асфальтоукладчиками первого типоразмера, толщина слоя 4 см	27-07-006-01	1000 м2	Устройство покрытия дорожек и тротуаров из горячих асфальтобетонных смесей асфальтоукладчиками первого типоразмера, толщина слоя 4 см
ГЭСН	27	27-07-006	Устройство покрытия дорожек и тротуаров из горячих асфальтобетонных смесей асфальтоукладчиками первого типоразмера, толщина слоя 4 см	27-07-006-02	1000 м2	При изменении толщины слоя покрытия на 0,5 см добавлять или исключать к норме 27-07-006-01
ГЭСН	27	27-07-007	Устройство внутриквартальных щебеночных дорожек и площадок из щебня	27-07-007-01	100 м2	Устройство внутриквартальных щебеночных дорожек и площадок из щебня марки: 600 толщиной слоя до 12 см
ГЭСН	27	27-07-007	Устройство внутриквартальных щебеночных дорожек и площадок из щебня	27-07-007-02	100 м2	Устройство внутриквартальных щебеночных дорожек и площадок из щебня марки: 1200 толщиной слоя до 12 см
ГЭСН	27	27-07-007	Устройство внутриквартальных щебеночных дорожек и площадок из щебня	27-07-007-03	100 м2	Устройство внутриквартальных щебеночных дорожек и площадок из щебня марки: 1200 толщиной слоя до 15 см
ГЭСН	27	27-07-007	Устройство внутриквартальных щебеночных дорожек и площадок из щебня	27-07-007-04	100 м2	Устройство внутриквартальных щебеночных дорожек и площадок из щебня марки: 1200 толщиной слоя до 18 см
ГЭСН	27	27-07-007	Устройство внутриквартальных щебеночных дорожек и площадок из щебня	27-07-007-05	100 м2	Устройство внутриквартальных щебеночных дорожек и площадок из щебня марки: 1200 толщиной слоя до 22 см
ГЭСН	27	27-07-008	Устройство покрытий из гранитных плит тротуаров	27-07-008-01	100 м2	Устройство покрытий из гранитных плит тротуаров: шириной до 2,5 м и толщиной 80-120 мм при количестве плит на 1 м2 до 4 шт.
ГЭСН	27	27-07-008	Устройство покрытий из гранитных плит тротуаров	27-07-008-02	100 м2	Устройство покрытий из гранитных плит тротуаров: шириной до 2,5 м и толщиной 80-120 мм при количестве плит на 1 м2 более 4 шт.
ГЭСН	27	27-07-008	Устройство покрытий из гранитных плит тротуаров	27-07-008-03	100 м2	Устройство покрытий из гранитных плит тротуаров: шириной более 2,5 м и толщиной 80-120 мм при количестве плит на 1 м2 до 4 шт.
ГЭСН	27	27-07-008	Устройство покрытий из гранитных плит тротуаров	27-07-008-04	100 м2	Устройство покрытий из гранитных плит тротуаров: шириной более 2,5 м и толщиной 80-120 мм при количестве плит на 1 м2 более 4 шт.
ГЭСН	27	27-07-008	Устройство покрытий из гранитных плит тротуаров	27-07-008-05	100 м2	Устройство покрытий из гранитных плит тротуаров: шириной до 2,5 м и толщиной 130-150 мм при количестве плит на 1 м2 до 4 шт.
ГЭСН	27	27-07-008	Устройство покрытий из гранитных плит тротуаров	27-07-008-06	100 м2	Устройство покрытий из гранитных плит тротуаров: шириной до 2,5 м и толщиной 130-150 мм при количестве плит на 1 м2 более 4 шт.
ГЭСН	27	27-07-008	Устройство покрытий из гранитных плит тротуаров	27-07-008-07	100 м2	Устройство покрытий из гранитных плит тротуаров: шириной более 2,5 м и толщиной 130-150 мм при количестве плит на 1 м2 до 4 шт.
ГЭСН	27	27-07-008	Устройство покрытий из гранитных плит тротуаров	27-07-008-08	100 м2	Устройство покрытий из гранитных плит тротуаров: шириной более 2,5 м и толщиной 130-150 мм при количестве плит на 1 м2 более 4 шт.
ГЭСН	27	27-07-009	Устройство водоотводных лотков из композиционных полимерных материалов в комплекте с решеткой (крышкой) на подготовленные основания	27-07-009-01	100 м	Устройство водоотводных лотков из композиционных полимерных материалов: весом до 10 кг/м в комплекте с решеткой (крышкой) на подготовленные основания
ГЭСН	27	27-07-009	Устройство водоотводных лотков из композиционных полимерных материалов в комплекте с решеткой (крышкой) на подготовленные основания	27-07-009-02	100 м	Устройство водоотводных лотков из композиционных полимерных материалов: весом свыше 10 кг/м до 30 кг/м в комплекте с решеткой (крышкой) на подготовленные основания
ГЭСН	27	27-07-010	Устройство покрытий спортивных и детских площадок из плиток на основе резиновой крошки	27-07-010-01	100 м2	Устройство покрытий спортивных и детских площадок из плиток на основе резиновой крошки: на клей
ГЭСН	27	27-07-010	Устройство покрытий спортивных и детских площадок из плиток на основе резиновой крошки	27-07-010-02	100 м2	Устройство покрытий спортивных и детских площадок из плиток на основе резиновой крошки: на соединительные элементы
ГЭСН	27	27-07-011	Резка гранитных и бетонных малоразмерных плит в построечных условиях	27-07-011-01	100 м	Резка гранитных и бетонных малоразмерных плит в построечных условиях
ГЭСН	27	27-07-012	Устройство покрытий из гранитных малоразмерных плит	27-07-012-01	100 м2	Устройство покрытий из гранитных малоразмерных плит
ГЭСН	27	27-07-014	Устройство покрытий тротуаров из бетонной плитки типа "Брусчатка"	27-07-014-01	100 м2	Устройство покрытий тротуаров из бетонной плитки типа "Брусчатка": рядовым или паркетным мощением
ГЭСН	27	27-07-014	Устройство покрытий тротуаров из бетонной плитки типа "Брусчатка"	27-07-014-02	100 м2	Устройство покрытий тротуаров из бетонной плитки типа "Брусчатка": кольцевым мощением
ГЭСН	27	27-07-014	Устройство покрытий тротуаров из бетонной плитки типа "Брусчатка"	27-07-014-03	100 м2	Устройство покрытий тротуаров из бетонной плитки типа "Брусчатка": веерным мощением
ГЭСН	27	27-07-015	Укладка наземных тактильных бетонных плит	27-07-015-01	10 шт	Укладка наземных тактильных плит на слой сухой цементно-песчаной смеси с применением погрузчика, плита размером: 300х300х80 мм
ГЭСН	27	27-07-015	Укладка наземных тактильных бетонных плит	27-07-015-02	10 шт	Укладка наземных тактильных плит на слой сухой цементно-песчаной смеси с применением погрузчика, плита размером: 500х500х80 мм
ГЭСН	27	27-07-015	Укладка наземных тактильных бетонных плит	27-07-015-03	10 шт	Укладка наземных тактильных плит на слой сухой цементно-песчаной смеси вручную, плита размером: 300х300х80 мм
ГЭСН	27	27-07-015	Укладка наземных тактильных бетонных плит	27-07-015-04	10 шт	Укладка наземных тактильных плит на слой сухой цементно-песчаной смеси вручную, плита размером: 500х500х80 мм
ГЭСН	27	27-07-016	Устройство садовых дорожек и площадок	27-07-016-01	100 м2	Устройство щебеночного основания при толщине слоя 10 см
ГЭСН	27	27-07-016	Устройство садовых дорожек и площадок	27-07-016-02	100 м2	На 1 см изменения толщины слоя щебеночного основания добавлять или исключать к норме 27-07-016-01
ГЭСН	27	27-07-016	Устройство садовых дорожек и площадок	27-07-016-03	100 м2	Устройство верхнего покрытия из гранитных высевок и площадок слой 5 см
ГЭСН	27	27-07-016	Устройство садовых дорожек и площадок	27-07-016-04	100 м2	На 1 см изменения толщины слоя гранитных высевок добавлять или исключать к норме 27-07-016-03
ГЭСН	27	27-07-016	Устройство садовых дорожек и площадок	27-07-016-05	10 м	Устройство бортовой доски для садовых дорожек и площадок
ГЭСН	27	27-07-016	Устройство садовых дорожек и площадок	27-07-016-06	100 м	Устройство бордюра вдоль садовых дорожек из: брусчатки гранитной пилено-колотой, установленной на ребро
ГЭСН	27	27-07-016	Устройство садовых дорожек и площадок	27-07-016-07	100 м	Устройство бордюра вдоль садовых дорожек из: камня природного окатанного, установленного на ребро
ГЭСН	27	27-07-016	Устройство садовых дорожек и площадок	27-07-016-08	100 м	Устройство бордюра для клумб из брусчатки гранитной пилено-колотой и мелкофракционных камней, установленных на ребро
ГЭСН	27	27-07-017	Устройство покрытий "искусственная трава"	27-07-017-01	100 м2	Устройство покрытия "искусственная трава"
ГЭСН	27	27-07-017	Устройство покрытий "искусственная трава"	27-07-017-02	км	Устройство разметочной полосы на покрытии "искусственная трава"
ГЭСН	27	27-07-017	Устройство покрытий "искусственная трава"	27-07-017-03	т	Засыпка песком покрытия "искусственная трава"
ГЭСН	27	27-07-017	Устройство покрытий "искусственная трава"	27-07-017-04	т	Засыпка резиновой крошкой покрытия "искусственная трава"
ГЭСН	27	27-07-018	Устройство наливного полиуретанового покрытия спортивных площадок и беговых дорожек	27-07-018-01	100 м2	Устройство наливного полиуретанового покрытия спортивных площадок и беговых дорожек толщиной 10 мм: с пигментом
ГЭСН	27	27-07-018	Устройство наливного полиуретанового покрытия спортивных площадок и беговых дорожек	27-07-018-02	100 м2	Устройство наливного полиуретанового покрытия спортивных площадок и беговых дорожек толщиной 10 мм: с нанесением финишного распыляемого покрытия без пигмента
ГЭСН	27	27-07-018	Устройство наливного полиуретанового покрытия спортивных площадок и беговых дорожек	27-07-018-03	100 м2	На каждые 2 мм изменения толщины покрытия добавлять к норме 27-07-018-01
ГЭСН	27	27-07-018	Устройство наливного полиуретанового покрытия спортивных площадок и беговых дорожек	27-07-018-04	100 м2	Устройство монолитного, эластомерного, полиуретанового покрытия для стадионов и манежей с поверхностным шероховатым слоем из цветного гранулята толщиной 13 мм
ГЭСН	27	27-07-018	Устройство наливного полиуретанового покрытия спортивных площадок и беговых дорожек	27-07-018-05	100 м2	При изменении количества нижних (рабочих) слоев покрытия толщиной 5 мм добавлять или исключать к норме 27-07-018-04
ГЭСН	27	27-07-018	Устройство наливного полиуретанового покрытия спортивных площадок и беговых дорожек	27-07-018-06	100 м2	При изменении толщины нижнего (рабочего) слоя покрытия на каждый 1 мм добавлять или исключать к нормам 27-07-018-04, 27-07-018-05
ГЭСН	27	27-07-019	Устройство водоотводных лотков из сборного железобетона на тротуарах	27-07-019-01	100 м	Устройство водоотводных лотков из сборного железобетона на тротуарах при покрытиях: бетонной плиткой
ГЭСН	27	27-07-019	Устройство водоотводных лотков из сборного железобетона на тротуарах	27-07-019-02	100 м	Устройство водоотводных лотков из сборного железобетона на тротуарах при покрытиях: асфальтобетонных
ГЭСН	27	27-07-020	Установка решетчатых настилов из композитных материалов	27-07-020-01	100 м2	Установка решетчатых настилов из композитных материалов площадью: до 3,5 м2
ГЭСН	27	27-07-020	Установка решетчатых настилов из композитных материалов	27-07-020-02	100 м2	Установка решетчатых настилов из композитных материалов площадью: свыше 3,5 м2
ГЭСН	27	27-08-001	Устройство укрепительных полос и укрепление обочин	27-08-001-01	1000 м2	Устройство укрепительных полос из асфальтобетона шириной 0,5 и 0,75 м, толщиной 5 см
ГЭСН	27	27-08-001	Устройство укрепительных полос и укрепление обочин	27-08-001-02	1000 м2	На каждый 1 см изменения толщины слоя добавлять или исключать к норме 27-08-001-01
ГЭСН	27	27-08-001	Устройство укрепительных полос и укрепление обочин	27-08-001-03	1000 м2	Устройство укрепительных полос из черного щебня шириной 0,5 и 0,75 м, толщиной 6 см
ГЭСН	27	27-08-001	Устройство укрепительных полос и укрепление обочин	27-08-001-04	1000 м2	На каждый 1 см изменения толщины слоя добавлять или исключать к норме 27-08-001-03
ГЭСН	27	27-08-001	Устройство укрепительных полос и укрепление обочин	27-08-001-05	1000 м2	Устройство укрепительных полос из щебня шириной 0,5 и 0,75 м, толщиной 10 см
ГЭСН	27	27-08-001	Устройство укрепительных полос и укрепление обочин	27-08-001-06	1000 м2	На каждый 1 см изменения толщины слоя добавлять или исключать к норме 27-08-001-05
ГЭСН	27	27-08-001	Устройство укрепительных полос и укрепление обочин	27-08-001-07	1000 м2	Устройство укрепительных полос из монолитного цементобетона толщиной 20 см, шириной: 0,75 м
ГЭСН	27	27-08-001	Устройство укрепительных полос и укрепление обочин	27-08-001-08	1000 м2	Устройство укрепительных полос из монолитного цементобетона толщиной 20 см, шириной: 1 м
ГЭСН	27	27-08-001	Устройство укрепительных полос и укрепление обочин	27-08-001-09	1000 м2	На каждый 1см изменения толщины слоя добавлять или исключать к норме: 27-08-001-07
ГЭСН	27	27-08-001	Устройство укрепительных полос и укрепление обочин	27-08-001-10	1000 м2	На каждый 1см изменения толщины слоя добавлять или исключать к норме: 27-08-001-08
ГЭСН	27	27-08-001	Устройство укрепительных полос и укрепление обочин	27-08-001-11	1000 м2	Укрепление обочин щебнем толщиной 10 см
ГЭСН	27	27-08-001	Устройство укрепительных полос и укрепление обочин	27-08-001-12	1000 м2	Укрепление обочин грунтощебнем толщиной 12 см при расходе щебня от объема грунта: 40%
ГЭСН	27	27-08-001	Устройство укрепительных полос и укрепление обочин	27-08-001-13	1000 м2	Укрепление обочин грунтощебнем толщиной 12 см при расходе щебня от объема грунта: 50%
ГЭСН	27	27-08-001	Устройство укрепительных полос и укрепление обочин	27-08-001-14	1000 м2	Укрепление обочин втапливанием щебня
ГЭСН	27	27-08-001	Устройство укрепительных полос и укрепление обочин	27-08-001-15	1000 м2	Укрепление внешней стороны обочин с засевом трав шириной 0,5 м
ГЭСН	27	27-08-001	Устройство укрепительных полос и укрепление обочин	27-08-001-16	1000 м2	Укрепление обочин щебнем методом заклинки, толщина слоя 20 см
ГЭСН	27	27-08-001	Устройство укрепительных полос и укрепление обочин	27-08-001-17	1000 м2	На каждый 1 см изменения толщины слоя добавлять или исключать к норме 27-08-001-16
ГЭСН	27	27-08-001	Устройство укрепительных полос и укрепление обочин	27-08-001-21	1000 м3	Отсыпка растительного грунта на откос экскаватором с планировкой вручную, толщина слоя 15 см
ГЭСН	27	27-08-001	Устройство укрепительных полос и укрепление обочин	27-08-001-22	1000 м2	Укрепление откосов посевом многолетних трав прицепной гидросеялкой
ГЭСН	27	27-08-001	Устройство укрепительных полос и укрепление обочин	27-08-001-23	1000 м2	Укрепление откосов и дна канав посевом многолетних трав вручную с механизированной отсыпкой растительного грунта слоем 10 см
ГЭСН	27	27-08-001	Устройство укрепительных полос и укрепление обочин	27-08-001-24	1000 м2	Добавлять или исключать к норме 27-08-001-16 для корректировки количества проходов по одному следу катка: массой 8 т
ГЭСН	27	27-08-001	Устройство укрепительных полос и укрепление обочин	27-08-001-25	1000 м2	Добавлять или исключать к норме 27-08-001-16 для корректировки количества проходов по одному следу катка: массой 13 т
ГЭСН	27	27-08-002	Устройство укрепительных полос из сборных железобетонных плит	27-08-002-01	100 м3	Устройство укрепительных полос из сборных железобетонных плит размером: 1х0,5(0,75)х0,06 м
ГЭСН	27	27-08-002	Устройство укрепительных полос из сборных железобетонных плит	27-08-002-02	100 м3	Устройство укрепительных полос из сборных железобетонных плит размером: 3х0,5(0,75)х0,12 м
ГЭСН	27	27-09-002	Установка барьерного дорожного металлического ограждения	27-09-002-01	100 м	Устройство барьерных ограждений из стали на железобетонных стойках
ГЭСН	27	27-09-002	Установка барьерного дорожного металлического ограждения	27-09-002-02	100 м	Устройство барьерных ограждений из стали на металлических стойках, шаг стоек: 4 м
ГЭСН	27	27-09-002	Установка барьерного дорожного металлического ограждения	27-09-002-03	100 м	Устройство барьерных ограждений из стали на металлических стойках, шаг стоек: 3 м
ГЭСН	27	27-09-002	Установка барьерного дорожного металлического ограждения	27-09-002-04	100 м	Устройство барьерных ограждений из стали на металлических стойках, шаг стоек: 2 м
ГЭСН	27	27-09-002	Установка барьерного дорожного металлического ограждения	27-09-002-05	100 м	Устройство барьерных ограждений из стали на металлических стойках, шаг стоек: 1 м
ГЭСН	27	27-09-002	Установка барьерного дорожного металлического ограждения	27-09-002-06	100 м	Устройство металлических барьерных ограждений типа 21 ДО высотой 0,75 м механизированным способом, шаг стоек: 1 м
ГЭСН	27	27-09-002	Установка барьерного дорожного металлического ограждения	27-09-002-07	100 м	Устройство металлических барьерных ограждений типа 21 ДО высотой 0,75 м механизированным способом, шаг стоек: 2 м
ГЭСН	27	27-09-002	Установка барьерного дорожного металлического ограждения	27-09-002-08	100 м	Устройство металлических барьерных ограждений типа 21 ДО высотой 0,75 м механизированным способом, шаг стоек: 4 м
ГЭСН	27	27-09-002	Установка барьерного дорожного металлического ограждения	27-09-002-09	100 м	Устройство металлических барьерных ограждений типа 11 ДД высотой 0,75 м механизированным способом, шаг стоек 2 м
ГЭСН	27	27-09-002	Установка барьерного дорожного металлического ограждения	27-09-002-10	100 м	Устройство металлических барьерных ограждений типа 11 ДО высотой 1,1 м механизированным способом, шаг стоек: 1 м
ГЭСН	27	27-09-002	Установка барьерного дорожного металлического ограждения	27-09-002-11	100 м	Устройство металлических барьерных ограждений типа 11 ДО высотой 1,1 м механизированным способом, шаг стоек: 2 м
ГЭСН	27	27-09-002	Установка барьерного дорожного металлического ограждения	27-09-002-12	100 м	Устройство металлических барьерных ограждений типа 11 ДД высотой 1,1 м механизированным способом, шаг стоек: 1 м
ГЭСН	27	27-09-002	Установка барьерного дорожного металлического ограждения	27-09-002-13	100 м	Устройство металлических барьерных ограждений типа 11 ДД высотой 1,1 м механизированным способом, шаг стоек: 2 м
ГЭСН	27	27-09-002	Установка барьерного дорожного металлического ограждения	27-09-002-14	100 м	Устройство металлических барьерных ограждений типа 11 ДД двустороннего исполнения, дорожной группы высотой 0,5 м шаг стоек 1,5 м
ГЭСН	27	27-09-002	Установка барьерного дорожного металлического ограждения	27-09-002-15	100 м	Устройство металлических барьерных ограждений типа 11 МД, 11 МЦД двустороннего исполнения, высотой 0,5 м шаг стоек: 1,5 м, мостовой группы
ГЭСН	27	27-09-002	Установка барьерного дорожного металлического ограждения	27-09-002-16	100 м	Устройство металлических барьерных ограждений типа 11 МД, 11 МЦД двустороннего исполнения, высотой 0,5 м шаг стоек: 2,0 м, мостовой группы
ГЭСН	27	27-09-002	Установка барьерного дорожного металлического ограждения	27-09-002-17	100 м	Устройство металлических барьерных ограждений типа 11 ДО одностороннего исполнения, высотой 0,5 м шаг стоек 1,5 м, дорожной группы
ГЭСН	27	27-09-002	Установка барьерного дорожного металлического ограждения	27-09-002-18	100 м	Устройство металлических барьерных ограждений типа 11 МО одностороннего исполнения, высотой 0,5 м шаг стоек 2,0 м, мостовой группы
ГЭСН	27	27-09-002	Установка барьерного дорожного металлического ограждения	27-09-002-30	100 м	Устройство дорожных пешеходных ограждений из оцинкованных трубчатых профилей высотой 1 м, шаг стоек 2 м
ГЭСН	27	27-09-007	Устройство удерживающих металлических барьерных ограждений	27-09-007-01	т металлоконструкций	Устройство удерживающих металлических барьерных ограждений: дорожной группы
ГЭСН	27	27-09-007	Устройство удерживающих металлических барьерных ограждений	27-09-007-02	т металлоконструкций	Устройство удерживающих металлических барьерных ограждений: мостовой группы
ГЭСН	27	27-09-008	Установка дорожных знаков бесфундаментных	27-09-008-01	100 шт	Установка дорожных знаков бесфундаментных: на металлических стойках
ГЭСН	27	27-09-008	Установка дорожных знаков бесфундаментных	27-09-008-02	100 шт	Установка дорожных знаков бесфундаментных: на деревянных брусьях
ГЭСН	27	27-09-008	Установка дорожных знаков бесфундаментных	27-09-008-03	100 шт	Установка дорожных знаков бесфундаментных: на деревянных кругляках
ГЭСН	27	27-09-008	Установка дорожных знаков бесфундаментных	27-09-008-04	100 шт	Установка дорожных знаков бесфундаментных: на металлических стойках на готовое основание
ГЭСН	27	27-09-009	Установка дорожных знаков на сборных железобетонных фундаментах и металлических стойках	27-09-009-01	т стоек	Установка дорожных знаков на сборных железобетонных фундаментах и металлических стойках массой: до 25 кг
ГЭСН	27	27-09-009	Установка дорожных знаков на сборных железобетонных фундаментах и металлических стойках	27-09-009-02	т стоек	Установка дорожных знаков на сборных железобетонных фундаментах и металлических стойках массой: свыше 25 до 50 кг
ГЭСН	27	27-09-009	Установка дорожных знаков на сборных железобетонных фундаментах и металлических стойках	27-09-009-03	т стоек	Установка дорожных знаков на сборных железобетонных фундаментах и металлических стойках массой: свыше 50 до 100 кг
ГЭСН	27	27-09-009	Установка дорожных знаков на сборных железобетонных фундаментах и металлических стойках	27-09-009-04	т стоек	Установка дорожных знаков на сборных железобетонных фундаментах и металлических стойках массой: свыше 100 кг
ГЭСН	27	27-09-010	Установка дорожных знаков на сборных железобетонных фундаментах и сборных железобетонных и хризотилцементных стойках	27-09-010-01	м3 стоек	Установка одностоечных дорожных знаков на сборном железобетонном фундаменте и железобетонных стойках объемом: до 0,05 м3
ГЭСН	27	27-09-010	Установка дорожных знаков на сборных железобетонных фундаментах и сборных железобетонных и хризотилцементных стойках	27-09-010-02	м3 стоек	Установка одностоечных дорожных знаков на сборном железобетонном фундаменте и железобетонных стойках объемом: свыше 0,05 до 0,1 м3
ГЭСН	27	27-09-010	Установка дорожных знаков на сборных железобетонных фундаментах и сборных железобетонных и хризотилцементных стойках	27-09-010-03	м3 стоек	Установка одностоечных дорожных знаков на сборном железобетонном фундаменте и железобетонных стойках объемом: свыше 0,1 м3
ГЭСН	27	27-09-010	Установка дорожных знаков на сборных железобетонных фундаментах и сборных железобетонных и хризотилцементных стойках	27-09-010-04	100 м стоек	Установка одностоечных дорожных знаков на сборном железобетонном фундаменте и хризотилцементных стойках
ГЭСН	27	27-09-011	Установка дорожных знаков на металлических рамных конструкциях	27-09-011-01	т	Установка дорожных знаков на металлических рамных конструкциях: П-образных
ГЭСН	27	27-09-011	Установка дорожных знаков на металлических рамных конструкциях	27-09-011-02	т	Установка дорожных знаков на металлических рамных конструкциях: Т-образных
ГЭСН	27	27-09-011	Установка дорожных знаков на металлических рамных конструкциях	27-09-011-03	т	Установка дорожных знаков на металлических рамных конструкциях: Г-образных
ГЭСН	27	27-09-011	Установка дорожных знаков на металлических рамных конструкциях	27-09-011-04	т	Установка металлических рамных опор для информационных щитов
ГЭСН	27	27-09-012	Установка дополнительных щитков	27-09-012-01	100 шт	При установке дополнительных щитков добавлять к нормам таблиц с 27-09-008 по 27-09-011
ГЭСН	27	27-09-013	Установка делиниаторов	27-09-013-01	м	Установка делиниаторов: на двух креплениях
ГЭСН	27	27-09-013	Установка делиниаторов	27-09-013-02	м	Установка делиниаторов: на четырех креплениях
ГЭСН	27	27-09-013	Установка делиниаторов	27-09-013-03	м	Установка делиниаторов: на битумном клее
ГЭСН	27	27-09-014	Установка дорожных знаков со световозвращающей поверхностью на растяжке	27-09-014-01	100 шт	Установка дорожных знаков со световозвращающей поверхностью на растяжке: на 2-х креплениях
ГЭСН	27	27-09-014	Установка дорожных знаков со световозвращающей поверхностью на растяжке	27-09-014-02	100 шт	Установка дорожных знаков со световозвращающей поверхностью на растяжке: на 3-х креплениях
ГЭСН	27	27-09-015	Демонтаж дорожных знаков	27-09-015-01	100 шт	Демонтаж дорожных знаков
ГЭСН	27	27-09-016	Разметка проезжей части краской	27-09-016-01	км	Разметка проезжей части краской сплошной линией шириной: 0,1 м
ГЭСН	27	27-09-016	Разметка проезжей части краской	27-09-016-02	км	Разметка проезжей части краской сплошной линией шириной: 0,2 м
ГЭСН	27	27-09-016	Разметка проезжей части краской	27-09-016-03	км	Разметка проезжей части краской сплошной линией шириной: 0,4 м
ГЭСН	27	27-09-016	Разметка проезжей части краской	27-09-016-04	км	Разметка проезжей части краской прерывистой линией шириной 0,1 м при соотношении штриха и промежутка: 1:1
ГЭСН	27	27-09-016	Разметка проезжей части краской	27-09-016-05	км	Разметка проезжей части краской прерывистой линией шириной 0,1 м при соотношении штриха и промежутка: 1:3
ГЭСН	27	27-09-016	Разметка проезжей части краской	27-09-016-06	км	Разметка проезжей части краской прерывистой линией шириной 0,1 м при соотношении штриха и промежутка: 3:1
ГЭСН	27	27-09-016	Разметка проезжей части краской	27-09-016-07	10 м2	Разметка проезжей части краской линий регулирования дорожного движения сложной конфигурации по трафаретам с использованием маркировочных машин ручных
ГЭСН	27	27-09-016	Разметка проезжей части краской	27-09-016-08	10 м2	Посыпка световозвращающим стеклонаполнителем одновременно с нанесением линий разметки из лакокрасочных материалов, добавлять к нормам с 27-09-016-01 по 27-09-016-07
ГЭСН	27	27-09-017	Разметка проезжей части термопластиком	27-09-017-01	100 м2	Нанесение линии горизонтальной дорожной разметки термопластиком маркировочной машиной, шириной: 0,1 м, сплошной
ГЭСН	27	27-09-017	Разметка проезжей части термопластиком	27-09-017-02	100 м2	Нанесение линии горизонтальной дорожной разметки термопластиком маркировочной машиной, шириной: 0,1 м, прерывистой, шаг 1:1
ГЭСН	27	27-09-017	Разметка проезжей части термопластиком	27-09-017-03	100 м2	Нанесение линии горизонтальной дорожной разметки термопластиком маркировочной машиной, шириной: 0,1 м, прерывистой, шаг 1:3
ГЭСН	27	27-09-017	Разметка проезжей части термопластиком	27-09-017-04	100 м2	Нанесение линии горизонтальной дорожной разметки термопластиком маркировочной машиной, шириной: 0,1 м, прерывистой, шаг 3:1
ГЭСН	27	27-09-017	Разметка проезжей части термопластиком	27-09-017-05	100 м2	Нанесение линии горизонтальной дорожной разметки термопластиком маркировочной машиной, шириной: 0,15 м, сплошной
ГЭСН	27	27-09-017	Разметка проезжей части термопластиком	27-09-017-06	100 м2	Нанесение линии горизонтальной дорожной разметки термопластиком маркировочной машиной, шириной: 0,15 м, прерывистой, шаг 1:1
ГЭСН	27	27-09-017	Разметка проезжей части термопластиком	27-09-017-07	100 м2	Нанесение линии горизонтальной дорожной разметки термопластиком маркировочной машиной, шириной: 0,15 м, прерывистой, шаг 1:3
ГЭСН	27	27-09-017	Разметка проезжей части термопластиком	27-09-017-08	100 м2	Нанесение линии горизонтальной дорожной разметки термопластиком маркировочной машиной, шириной: 0,15 м, прерывистой, шаг 3:1
ГЭСН	27	27-09-017	Разметка проезжей части термопластиком	27-09-017-09	100 м2	Нанесение линии горизонтальной дорожной разметки термопластиком маркировочной машиной, шириной: 0,2 м, сплошной
ГЭСН	27	27-09-017	Разметка проезжей части термопластиком	27-09-017-10	100 м2	Нанесение линии горизонтальной дорожной разметки термопластиком маркировочной машиной, шириной: 0,2 м, прерывистой, шаг 1:1
ГЭСН	27	27-09-017	Разметка проезжей части термопластиком	27-09-017-11	100 м2	Нанесение линии горизонтальной дорожной разметки термопластиком маркировочной машиной, шириной: 0,2 м, прерывистой, шаг 1:3
ГЭСН	27	27-09-017	Разметка проезжей части термопластиком	27-09-017-12	100 м2	Нанесение линии горизонтальной дорожной разметки термопластиком маркировочной машиной, шириной: 0,2 м, прерывистой, шаг 3:1
ГЭСН	27	27-09-017	Разметка проезжей части термопластиком	27-09-017-13	10 м2	Разметка мест парковки автомобилей термопластиком
ГЭСН	27	27-09-017	Разметка проезжей части термопластиком	27-09-017-14	10 м2	Посыпка световозвращающим стеклонаполнителем одновременно с нанесением линий разметки из термопластика, добавлять к норме 27-09-017-13
ГЭСН	27	27-09-017	Разметка проезжей части термопластиком	27-09-017-15	100 м2	Нанесение линии горизонтальной дорожной разметки термопластиком маркировочной машиной, шириной 0,4 м, прерывистой, шаг 1:3
ГЭСН	27	27-09-018	Нанесение линии горизонтальной дорожной разметки краской со световозвращающими элементами	27-09-018-01	100 м2	Нанесение линии горизонтальной дорожной разметки краской со световозвращающими элементами на дорожное покрытие (асфальт, поверхностная обработка)
ГЭСН	27	27-09-018	Нанесение линии горизонтальной дорожной разметки краской со световозвращающими элементами	27-09-018-02	100 м2	Нанесение линии горизонтальной дорожной разметки краской со световозвращающими элементами механизированным способом, шириной: 0,1 м, сплошной
ГЭСН	27	27-09-018	Нанесение линии горизонтальной дорожной разметки краской со световозвращающими элементами	27-09-018-03	100 м2	Нанесение линии горизонтальной дорожной разметки краской со световозвращающими элементами механизированным способом, шириной: 0,15 м, сплошной
ГЭСН	27	27-09-018	Нанесение линии горизонтальной дорожной разметки краской со световозвращающими элементами	27-09-018-04	100 м2	Нанесение линии горизонтальной дорожной разметки краской со световозвращающими элементами механизированным способом, шириной: 0,2 м, сплошной
ГЭСН	27	27-09-018	Нанесение линии горизонтальной дорожной разметки краской со световозвращающими элементами	27-09-018-05	100 м2	Нанесение линии горизонтальной дорожной разметки краской со световозвращающими элементами механизированным способом, шириной: 0,4 м, сплошной
ГЭСН	27	27-09-018	Нанесение линии горизонтальной дорожной разметки краской со световозвращающими элементами	27-09-018-06	100 м2	Нанесение линии горизонтальной дорожной разметки краской со световозвращающими элементами механизированным способом, шириной: 0,1 м, прерывистой, шаг 1:1
ГЭСН	27	27-09-018	Нанесение линии горизонтальной дорожной разметки краской со световозвращающими элементами	27-09-018-07	100 м2	Нанесение линии горизонтальной дорожной разметки краской со световозвращающими элементами механизированным способом, шириной: 0,15 м, прерывистой, шаг 1:1
ГЭСН	27	27-09-018	Нанесение линии горизонтальной дорожной разметки краской со световозвращающими элементами	27-09-018-08	100 м2	Нанесение линии горизонтальной дорожной разметки краской со световозвращающими элементами механизированным способом, шириной: 0,2 м, прерывистой, шаг 1:1
ГЭСН	27	27-09-018	Нанесение линии горизонтальной дорожной разметки краской со световозвращающими элементами	27-09-018-09	100 м2	Нанесение линии горизонтальной дорожной разметки краской со световозвращающими элементами механизированным способом, шириной: 0,1 м, прерывистой, шаг 1:3
ГЭСН	27	27-09-018	Нанесение линии горизонтальной дорожной разметки краской со световозвращающими элементами	27-09-018-10	100 м2	Нанесение линии горизонтальной дорожной разметки краской со световозвращающими элементами механизированным способом, шириной: 0,15 м, прерывистой, шаг 1:3
ГЭСН	27	27-09-018	Нанесение линии горизонтальной дорожной разметки краской со световозвращающими элементами	27-09-018-11	100 м2	Нанесение линии горизонтальной дорожной разметки краской со световозвращающими элементами механизированным способом, шириной: 0,2 м, прерывистой, шаг 1:3
ГЭСН	27	27-09-018	Нанесение линии горизонтальной дорожной разметки краской со световозвращающими элементами	27-09-018-12	100 м2	Нанесение линии горизонтальной дорожной разметки краской со световозвращающими элементами механизированным способом, шириной: 0,4 м, прерывистой, шаг 1:3
ГЭСН	27	27-09-018	Нанесение линии горизонтальной дорожной разметки краской со световозвращающими элементами	27-09-018-13	100 м2	Нанесение линии горизонтальной дорожной разметки краской со световозвращающими элементами механизированным способом, шириной: 0,1 м, прерывистой, шаг 3:1
ГЭСН	27	27-09-018	Нанесение линии горизонтальной дорожной разметки краской со световозвращающими элементами	27-09-018-14	100 м2	Нанесение линии горизонтальной дорожной разметки краской со световозвращающими элементами механизированным способом, шириной: 0,15 м, прерывистой, шаг 3:1
ГЭСН	27	27-09-018	Нанесение линии горизонтальной дорожной разметки краской со световозвращающими элементами	27-09-018-15	100 м2	Нанесение линии горизонтальной дорожной разметки краской со световозвращающими элементами механизированным способом, шириной: 0,2 м, прерывистой, шаг 3:1
ГЭСН	27	27-09-018	Нанесение линии горизонтальной дорожной разметки краской со световозвращающими элементами	27-09-018-16	100 м2	Нанесение горизонтальной дорожной разметки краской вручную: дублирующие знаки
ГЭСН	27	27-09-018	Нанесение линии горизонтальной дорожной разметки краской со световозвращающими элементами	27-09-018-17	100 м2	Нанесение горизонтальной дорожной разметки краской вручную: островки безопасности, пешеходные переходы, стоп-линии
ГЭСН	27	27-09-018	Нанесение линии горизонтальной дорожной разметки краской со световозвращающими элементами	27-09-018-18	100 м2	Нанесение горизонтальной дорожной разметки краской вручную: стрелы, буквы
ГЭСН	27	27-09-019	Нанесение обозначений движения по полосам со световозвращающими элементами	27-09-019-01	100 м2	Нанесение обозначений движения по полосам со световозвращающими элементами
ГЭСН	27	27-09-020	Монтаж искусственной дорожной неровности (ИДН)	27-09-020-01	м2	Монтаж искусственной дорожной неровности (ИДН)
ГЭСН	27	27-09-021	Установка световозвращающих элементов типа КД-3 на автодорогах	27-09-021-01	шт	Установка световозвращающих элементов типа КД-3 на автодорогах
ГЭСН	27	27-09-022	Устройство цветного противоскользящего дорожного покрытия	27-09-022-01	м2	Устройство цветного противоскользящего дорожного покрытия: на прямом участке дороги без удаления существующей разметки
ГЭСН	27	27-09-022	Устройство цветного противоскользящего дорожного покрытия	27-09-022-02	м2	Устройство цветного противоскользящего дорожного покрытия: на прямом участке дороги с удалением существующей разметки
ГЭСН	27	27-09-022	Устройство цветного противоскользящего дорожного покрытия	27-09-022-03	м2	Устройство цветного противоскользящего дорожного покрытия: на закругленном участке дороги без удаления существующей разметки
ГЭСН	27	27-09-022	Устройство цветного противоскользящего дорожного покрытия	27-09-022-04	м2	Устройство цветного противоскользящего дорожного покрытия: на закругленном участке дороги с удалением существующей разметки
ГЭСН	27	27-09-031	Нанесение дорожной разметки холодным пластиком со световозвращающими элементами	27-09-031-01	10 м2	Нанесение линии поперечной дорожной разметки холодным пластиком со световозвращающими элементами вручную с применением трафаретной самоклеящейся ленты
ГЭСН	27	27-09-031	Нанесение дорожной разметки холодным пластиком со световозвращающими элементами	27-09-031-02	10 м2	Нанесение дорожной разметки холодным пластиком со световозвращающими элементами вручную с применением трафаретной самоклеящейся ленты: дублирующие знаки
ГЭСН	27	27-09-031	Нанесение дорожной разметки холодным пластиком со световозвращающими элементами	27-09-031-03	10 м2	Нанесение дорожной разметки холодным пластиком со световозвращающими элементами вручную с применением трафаретной самоклеящейся ленты: островки безопасности, пешеходные переходы
ГЭСН	27	27-09-031	Нанесение дорожной разметки холодным пластиком со световозвращающими элементами	27-09-031-04	10 м2	Нанесение дорожной разметки холодным пластиком со световозвращающими элементами вручную с применением трафаретной самоклеящейся ленты: стрелы и буквы
ГЭСН	27	27-09-031	Нанесение дорожной разметки холодным пластиком со световозвращающими элементами	27-09-031-05	100 м2	Нанесение линии дорожной разметки механизированным способом холодным пластиком со световозвращающими элементами шириной: 0,1 м, сплошной
ГЭСН	27	27-09-031	Нанесение дорожной разметки холодным пластиком со световозвращающими элементами	27-09-031-06	100 м2	Нанесение линии дорожной разметки механизированным способом холодным пластиком со световозвращающими элементами шириной: 0,15 м, сплошной
ГЭСН	27	27-09-031	Нанесение дорожной разметки холодным пластиком со световозвращающими элементами	27-09-031-07	100 м2	Нанесение линии дорожной разметки механизированным способом холодным пластиком со световозвращающими элементами шириной: 0,2 м, сплошной
ГЭСН	27	27-09-031	Нанесение дорожной разметки холодным пластиком со световозвращающими элементами	27-09-031-08	100 м2	Нанесение линии дорожной разметки механизированным способом холодным пластиком со световозвращающими элементами шириной: 0,1 м, прерывистой, шаг 1:1
ГЭСН	27	27-09-031	Нанесение дорожной разметки холодным пластиком со световозвращающими элементами	27-09-031-09	100 м2	Нанесение линии дорожной разметки механизированным способом холодным пластиком со световозвращающими элементами шириной: 0,15 м, прерывистой, шаг 1:1
ГЭСН	27	27-09-031	Нанесение дорожной разметки холодным пластиком со световозвращающими элементами	27-09-031-10	100 м2	Нанесение линии дорожной разметки механизированным способом холодным пластиком со световозвращающими элементами шириной: 0,2 м, прерывистой, шаг 1:1
ГЭСН	27	27-09-031	Нанесение дорожной разметки холодным пластиком со световозвращающими элементами	27-09-031-11	100 м2	Нанесение линии дорожной разметки механизированным способом холодным пластиком со световозвращающими элементами шириной: 0,1 м, прерывистой, шаг 1:3
ГЭСН	27	27-09-031	Нанесение дорожной разметки холодным пластиком со световозвращающими элементами	27-09-031-12	100 м2	Нанесение линии дорожной разметки механизированным способом холодным пластиком со световозвращающими элементами шириной: 0,15 м, прерывистой, шаг 1:3
ГЭСН	27	27-09-031	Нанесение дорожной разметки холодным пластиком со световозвращающими элементами	27-09-031-13	100 м2	Нанесение линии дорожной разметки механизированным способом холодным пластиком со световозвращающими элементами шириной: 0,2 м, прерывистой, шаг 1:3
ГЭСН	27	27-09-031	Нанесение дорожной разметки холодным пластиком со световозвращающими элементами	27-09-031-14	100 м2	Нанесение линии дорожной разметки механизированным способом холодным пластиком со световозвращающими элементами шириной: 0,4 м, прерывистой, шаг 1:3
ГЭСН	27	27-09-031	Нанесение дорожной разметки холодным пластиком со световозвращающими элементами	27-09-031-15	100 м2	Нанесение линии дорожной разметки механизированным способом холодным пластиком со световозвращающими элементами шириной: 0,1 м, прерывистой, шаг 3:1
ГЭСН	27	27-09-031	Нанесение дорожной разметки холодным пластиком со световозвращающими элементами	27-09-031-16	100 м2	Нанесение линии дорожной разметки механизированным способом холодным пластиком со световозвращающими элементами шириной: 0,15 м, прерывистой, шаг 3:1
ГЭСН	27	27-09-031	Нанесение дорожной разметки холодным пластиком со световозвращающими элементами	27-09-031-17	100 м2	Нанесение линии дорожной разметки механизированным способом холодным пластиком со световозвращающими элементами шириной: 0,2 м, прерывистой, шаг 3:1
ГЭСН	27	27-09-032	Устройство вертикальной разметки	27-09-032-01	100 м2	Нанесение вертикальной разметки 2.5 на железобетонное барьерное ограждение или 2.7 на бетонный бордюр механизированным способом
ГЭСН	27	27-09-032	Устройство вертикальной разметки	27-09-032-02	100 м2	Нанесение вертикальной разметки 2.7 на бетонный бордюр вручную
ГЭСН	27	27-09-032	Устройство вертикальной разметки	27-09-032-03	100 м2	Нанесение вертикальной разметки 2.7 на эксплуатируемый бордюр с изношенной разметкой вручную
ГЭСН	27	27-09-032	Устройство вертикальной разметки	27-09-032-04	шт	Устройство вертикальной разметки из пластика на опорах контактной сети диаметром: 270 мм
ГЭСН	27	27-09-032	Устройство вертикальной разметки	27-09-032-05	шт	Устройство вертикальной разметки из пластика на опорах контактной сети диаметром: 325 мм
ГЭСН	27	27-09-032	Устройство вертикальной разметки	27-09-032-06	10 м2	Нанесение вертикальной разметки 2.3 на сооружения дорог (круглые тумбы на островках безопасности, сигнальные столбики, надолбы, опоры тросовых ограждений и т.п.)
ГЭСН	27	27-09-032	Устройство вертикальной разметки	27-09-032-07	10 м2	Нанесение вертикальной разметки 2.2 на нижний край пролетного строения путепроводов, мостов, тоннелей
ГЭСН	27	27-09-033	Устройство шумовых полос на асфальтобетонном покрытии методом фрезерования	27-09-033-01	км	Устройство шумовых полос на асфальтобетонном покрытии методом фрезерования
ГЭСН	27	27-09-034	Нанесение горизонтальной дорожной разметки аппликатором полимерными лентами и штучными формами	27-09-034-01	100 м	Нанесение горизонтальной дорожной разметки аппликатором на поверхность существующего покрытия вручную, полимерными лентами шириной: 10 см, линии обозначения мест остановки общественного транспорта и п
ГЭСН	27	27-09-034	Нанесение горизонтальной дорожной разметки аппликатором полимерными лентами и штучными формами	27-09-034-02	100 м	Нанесение горизонтальной дорожной разметки аппликатором на поверхность существующего покрытия вручную, полимерными лентами шириной: 10 см
ГЭСН	27	27-09-034	Нанесение горизонтальной дорожной разметки аппликатором полимерными лентами и штучными формами	27-09-034-03	100 м	Нанесение горизонтальной дорожной разметки аппликатором на поверхность существующего покрытия вручную, полимерными лентами шириной: 15 см
ГЭСН	27	27-09-034	Нанесение горизонтальной дорожной разметки аппликатором полимерными лентами и штучными формами	27-09-034-04	100 м	Нанесение горизонтальной дорожной разметки аппликатором на поверхность существующего покрытия вручную, полимерными лентами шириной: 20 см
ГЭСН	27	27-09-034	Нанесение горизонтальной дорожной разметки аппликатором полимерными лентами и штучными формами	27-09-034-05	100 м	Нанесение горизонтальной дорожной разметки аппликатором на поверхность существующего покрытия вручную, полимерными лентами шириной: 40 см
ГЭСН	27	27-09-034	Нанесение горизонтальной дорожной разметки аппликатором полимерными лентами и штучными формами	27-09-034-06	100 м	Нанесение горизонтальной дорожной разметки аппликатором на поверхность свежеуложенного асфальтобетонного покрытия вручную, полимерными лентами шириной: 10 см, линии обозначения мест остановки обществе
ГЭСН	27	27-09-034	Нанесение горизонтальной дорожной разметки аппликатором полимерными лентами и штучными формами	27-09-034-07	100 м	Нанесение горизонтальной дорожной разметки аппликатором на поверхность свежеуложенного асфальтобетонного покрытия вручную, полимерными лентами шириной: 10 см
ГЭСН	27	27-09-034	Нанесение горизонтальной дорожной разметки аппликатором полимерными лентами и штучными формами	27-09-034-08	100 м	Нанесение горизонтальной дорожной разметки аппликатором на поверхность свежеуложенного асфальтобетонного покрытия вручную, полимерными лентами шириной: 15 см
ГЭСН	27	27-09-034	Нанесение горизонтальной дорожной разметки аппликатором полимерными лентами и штучными формами	27-09-034-09	100 м	Нанесение горизонтальной дорожной разметки аппликатором на поверхность свежеуложенного асфальтобетонного покрытия вручную, полимерными лентами шириной: 20 см
ГЭСН	27	27-09-034	Нанесение горизонтальной дорожной разметки аппликатором полимерными лентами и штучными формами	27-09-034-10	100 м	Нанесение горизонтальной дорожной разметки аппликатором на поверхность свежеуложенного асфальтобетонного покрытия вручную, полимерными лентами шириной: 40 см
ГЭСН	27	27-09-034	Нанесение горизонтальной дорожной разметки аппликатором полимерными лентами и штучными формами	27-09-034-11	м2	Нанесение горизонтальной дорожной разметки аппликатором на поверхность существующего покрытия вручную, штучными формами
ГЭСН	27	27-09-034	Нанесение горизонтальной дорожной разметки аппликатором полимерными лентами и штучными формами	27-09-034-12	м2	Нанесение горизонтальной дорожной разметки аппликатором на поверхность свежеуложенного асфальтобетонного покрытия вручную, штучными формами
ГЭСН	27	27-09-035	Нанесение линий дорожной разметки горячим спрей-пластиком по имеющейся разметке	27-09-035-01	км	Нанесение линий дорожной разметки горячим спрей-пластиком по имеющейся разметке шириной 0,1 м: сплошной
ГЭСН	27	27-09-035	Нанесение линий дорожной разметки горячим спрей-пластиком по имеющейся разметке	27-09-035-02	км	Нанесение линий дорожной разметки горячим спрей-пластиком по имеющейся разметке шириной 0,1 м: пунктирной, шаг 1:1
ГЭСН	27	27-09-035	Нанесение линий дорожной разметки горячим спрей-пластиком по имеющейся разметке	27-09-035-03	км	Нанесение линий дорожной разметки горячим спрей-пластиком по имеющейся разметке шириной 0,1 м: пунктирной, шаг 1:3
ГЭСН	27	27-09-035	Нанесение линий дорожной разметки горячим спрей-пластиком по имеющейся разметке	27-09-035-04	км	Нанесение линий дорожной разметки горячим спрей-пластиком по имеющейся разметке шириной 0,1 м: пунктирной, шаг 3:1
ГЭСН	27	27-09-035	Нанесение линий дорожной разметки горячим спрей-пластиком по имеющейся разметке	27-09-035-05	км	Нанесение линий дорожной разметки горячим спрей-пластиком по имеющейся разметке шириной 0,15 м: сплошной
ГЭСН	27	27-09-035	Нанесение линий дорожной разметки горячим спрей-пластиком по имеющейся разметке	27-09-035-06	км	Нанесение линий дорожной разметки горячим спрей-пластиком по имеющейся разметке шириной 0,15 м: пунктирной, шаг 1:1
ГЭСН	27	27-09-035	Нанесение линий дорожной разметки горячим спрей-пластиком по имеющейся разметке	27-09-035-07	км	Нанесение линий дорожной разметки горячим спрей-пластиком по имеющейся разметке шириной 0,15 м: пунктирной, шаг 1:3
ГЭСН	27	27-09-035	Нанесение линий дорожной разметки горячим спрей-пластиком по имеющейся разметке	27-09-035-08	км	Нанесение линий дорожной разметки горячим спрей-пластиком по имеющейся разметке шириной 0,15 м: пунктирной, шаг 3:1
ГЭСН	27	27-09-035	Нанесение линий дорожной разметки горячим спрей-пластиком по имеющейся разметке	27-09-035-09	км	Нанесение линий дорожной разметки горячим спрей-пластиком по имеющейся разметке шириной 0,20 м: сплошной
ГЭСН	27	27-09-035	Нанесение линий дорожной разметки горячим спрей-пластиком по имеющейся разметке	27-09-035-10	км	Нанесение линий дорожной разметки горячим спрей-пластиком по имеющейся разметке шириной 0,20 м: пунктирной, шаг 1:1
ГЭСН	27	27-09-035	Нанесение линий дорожной разметки горячим спрей-пластиком по имеющейся разметке	27-09-035-11	км	Нанесение линий дорожной разметки горячим спрей-пластиком по имеющейся разметке шириной 0,20 м: пунктирной, шаг 1:3
ГЭСН	27	27-09-035	Нанесение линий дорожной разметки горячим спрей-пластиком по имеющейся разметке	27-09-035-12	км	Нанесение линий дорожной разметки горячим спрей-пластиком по имеющейся разметке шириной 0,20 м: пунктирной, шаг 3:1
ГЭСН	27	27-09-035	Нанесение линий дорожной разметки горячим спрей-пластиком по имеющейся разметке	27-09-035-13	км	Нанесение линий дорожной разметки горячим спрей-пластиком по имеющейся разметке шириной 0,40 м: сплошной
ГЭСН	27	27-09-035	Нанесение линий дорожной разметки горячим спрей-пластиком по имеющейся разметке	27-09-035-14	км	Нанесение линий дорожной разметки горячим спрей-пластиком по имеющейся разметке шириной 0,40 м: пунктирной, шаг 1:3
ГЭСН	27	27-09-036	Нанесение предварительной дорожной разметки	27-09-036-01	10 км	Нанесение предварительной дорожной разметки: вручную
ГЭСН	27	27-09-036	Нанесение предварительной дорожной разметки	27-09-036-02	10 км	Нанесение предварительной дорожной разметки: механизированным способом
ГЭСН	34	34-01-011	Устройство акустических дверей глухих	34-01-011-01	м2	Устройство акустических дверей глухих площадью проема: до 3 м2
ГЭСН	34	34-01-011	Устройство акустических дверей глухих	34-01-011-02	м2	Устройство акустических дверей глухих площадью проема: до 3,5 м2
ГЭСН	34	34-01-012	Устройство окон деревянных трехстекольных акустических	34-01-012-01	м2	Устройство окон деревянных трехстекольных акустических площадью проема: до 1,1 м2 при толщине стен до 0,51 м
ГЭСН	34	34-01-012	Устройство окон деревянных трехстекольных акустических	34-01-012-02	м2	Устройство окон деревянных трехстекольных акустических площадью проема: до 1,1 м2 при толщине стен свыше 0,51 до 0,9 м
ГЭСН	34	34-01-012	Устройство окон деревянных трехстекольных акустических	34-01-012-03	м2	Устройство окон деревянных трехстекольных акустических площадью проема: до 1,1 м2 при толщине стен свыше 0,9 до 1,2 м
ГЭСН	34	34-01-012	Устройство окон деревянных трехстекольных акустических	34-01-012-04	м2	Устройство окон деревянных трехстекольных акустических площадью проема: свыше 1,1 до 1,3 м2 при толщине стен до 0,51 м
ГЭСН	34	34-01-012	Устройство окон деревянных трехстекольных акустических	34-01-012-05	м2	Устройство окон деревянных трехстекольных акустических площадью проема: свыше 1,1 до 1,3 м2 при толщине стен свыше 0,51 до 0,9 м
ГЭСН	34	34-01-012	Устройство окон деревянных трехстекольных акустических	34-01-012-06	м2	Устройство окон деревянных трехстекольных акустических площадью проема: свыше 1,1 до 1,3 м2 при толщине стен свыше 0,9 до 1,2 м
ГЭСН	34	34-01-012	Устройство окон деревянных трехстекольных акустических	34-01-012-07	м2	Устройство окон деревянных трехстекольных акустических площадью проема: свыше 1,3 до 3 м2 при толщине стен до 0,51 м
ГЭСН	34	34-01-012	Устройство окон деревянных трехстекольных акустических	34-01-012-08	м2	Устройство окон деревянных трехстекольных акустических площадью проема: свыше 1,3 до 3 м2 при толщине стен свыше 0,51 до 0,9 м
ГЭСН	34	34-01-012	Устройство окон деревянных трехстекольных акустических	34-01-012-09	м2	Устройство окон деревянных трехстекольных акустических площадью проема: свыше 1,1 до 3 м2 при толщине стен свыше 0,9 до 1,2 м
ГЭСН	34	34-01-013	Устройство каркасов акустических конструкций	34-01-013-01	100 м2	Устройство каркасов акустических конструкций стен металлических с деревянными брусками
ГЭСН	34	34-01-013	Устройство каркасов акустических конструкций	34-01-013-02	100 м2	Устройство каркасов акустических конструкций стен из деревянных брусков при относе от стен: на 5 см
ГЭСН	34	34-01-013	Устройство каркасов акустических конструкций	34-01-013-03	100 м2	Устройство каркасов акустических конструкций стен из деревянных брусков при относе от стен: на 10 см
ГЭСН	34	34-01-013	Устройство каркасов акустических конструкций	34-01-013-04	100 м2	Устройство каркасов акустических конструкций стен из деревянных брусков при относе от стен: на 15 см
ГЭСН	34	34-01-013	Устройство каркасов акустических конструкций	34-01-013-05	100 м2	Устройство каркасов акустических конструкций стен из деревянных брусков при относе от стен: на 20 см
ГЭСН	34	34-01-013	Устройство каркасов акустических конструкций	34-01-013-06	100 м2	Устройство каркасов акустических конструкций потолков: металлических с деревянными брусками
ГЭСН	34	34-01-013	Устройство каркасов акустических конструкций	34-01-013-07	100 м2	Устройство каркасов акустических конструкций потолков: металлических
ГЭСН	34	34-01-013	Устройство каркасов акустических конструкций	34-01-013-08	100 м2	Устройство каркасов акустических конструкций потолков из деревянных брусков при относе от потолков: на 5 см
ГЭСН	34	34-01-013	Устройство каркасов акустических конструкций	34-01-013-09	100 м2	Устройство каркасов акустических конструкций потолков из деревянных брусков при относе от потолков: на 10 см
ГЭСН	34	34-01-013	Устройство каркасов акустических конструкций	34-01-013-10	100 м2	Устройство каркасов акустических конструкций потолков из деревянных брусков при относе от потолков: на 15 см
ГЭСН	34	34-01-013	Устройство каркасов акустических конструкций	34-01-013-11	100 м2	Устройство каркасов акустических конструкций потолков из деревянных брусков при относе от потолков: на 20 см
ГЭСН	34	34-01-014	Заполнение каркасов минераловатными плитами	34-01-014-01	100 м2	Заполнение каркасов минераловатными плитами стен при толщине заполнения: 50 мм
ГЭСН	34	34-01-014	Заполнение каркасов минераловатными плитами	34-01-014-02	100 м2	Заполнение каркасов минераловатными плитами стен при толщине заполнения: 100 мм
ГЭСН	34	34-01-014	Заполнение каркасов минераловатными плитами	34-01-014-03	100 м2	Заполнение каркасов минераловатными плитами потолков при толщине заполнения: 50 мм
ГЭСН	34	34-01-014	Заполнение каркасов минераловатными плитами	34-01-014-04	100 м2	Заполнение каркасов минераловатными плитами потолков при толщине заполнения: 100 мм
ГЭСН	34	34-01-015	Оклейка стеклотканью	34-01-015-01	100 м2	Оклейка стеклотканью каркасов на каждый слой: стен
ГЭСН	34	34-01-015	Оклейка стеклотканью	34-01-015-02	100 м2	Оклейка стеклотканью каркасов на каждый слой: потолков
ГЭСН	34	34-01-015	Оклейка стеклотканью	34-01-015-03	100 м2	Оклейка стеклотканью минераловатных плит в виде оболочки при толщине заполнителя: 50 мм
ГЭСН	34	34-01-015	Оклейка стеклотканью	34-01-015-04	100 м2	Оклейка стеклотканью минераловатных плит в виде оболочки при толщине заполнителя: 100 мм
ГЭСН	34	34-01-015	Оклейка стеклотканью	34-01-015-05	100 м2	Оклейка стеклотканью матов из ваты супертонкого стекловолокна в виде оболочки при толщине заполнителя: 50 мм
ГЭСН	34	34-01-015	Оклейка стеклотканью	34-01-015-06	100 м2	Оклейка стеклотканью матов из ваты супертонкого стекловолокна в виде оболочки при толщине заполнителя: 80 мм
ГЭСН	34	34-01-015	Оклейка стеклотканью	34-01-015-07	100 м2	Оклейка стеклотканью матов из ваты супертонкого стекловолокна в виде оболочки при толщине заполнителя: 100 мм
ГЭСН	34	34-01-016	Окраска поверхностей	34-01-016-01	100 м2	Окраска поверхностей стен: масляной краской
ГЭСН	34	34-01-016	Окраска поверхностей	34-01-016-02	100 м2	Окраска поверхностей стен: водоэмульсионной краской
ГЭСН	34	34-01-016	Окраска поверхностей	34-01-016-03	100 м2	Окраска поверхностей стен: лаком
ГЭСН	34	34-01-016	Окраска поверхностей	34-01-016-04	100 м2	Окраска поверхностей потолков: масляной краской
ГЭСН	34	34-01-016	Окраска поверхностей	34-01-016-05	100 м2	Окраска поверхностей потолков: водоэмульсионной краской
ГЭСН	34	34-01-016	Окраска поверхностей	34-01-016-06	100 м2	Окраска поверхностей потолков: лаком
ГЭСН	34	34-01-017	Облицовка каркасов	34-01-017-01	100 м2	Облицовка каркасов стен неперфорированными плитами: дюралюминием толщиной 1 мм
ГЭСН	34	34-01-017	Облицовка каркасов	34-01-017-02	100 м2	Облицовка каркасов стен неперфорированными плитами: фанерой марки "ДФ-2" толщиной 4 мм
ГЭСН	34	34-01-017	Облицовка каркасов	34-01-017-03	100 м2	Облицовка каркасов стен неперфорированными плитами: бумажно-слоистым декоративным пластиком толщиной 2 мм
ГЭСН	34	34-01-017	Облицовка каркасов	34-01-017-04	100 м2	Облицовка каркасов стен неперфорированными плитами: древесностружечными с декоративной отделкой толщиной 19 мм
ГЭСН	34	34-01-017	Облицовка каркасов	34-01-017-05	100 м2	Облицовка каркасов стен неперфорированными плитами: акустическими
ГЭСН	34	34-01-017	Облицовка каркасов	34-01-017-06	100 м2	Облицовка каркасов стен перфорированными плитами: дюралюминием толщиной 1 мм
ГЭСН	34	34-01-017	Облицовка каркасов	34-01-017-07	100 м2	Облицовка каркасов стен перфорированными плитами: фанерой марки "ДФ-2" толщиной 4 мм
ГЭСН	34	34-01-017	Облицовка каркасов	34-01-017-08	100 м2	Облицовка каркасов стен перфорированными плитами: бумажно-слоистым декоративным пластиком толщиной 2 мм
ГЭСН	34	34-01-017	Облицовка каркасов	34-01-017-09	100 м2	Облицовка каркасов стен перфорированными плитами: древесностружечными с декоративной отделкой толщиной 19 мм
ГЭСН	34	34-01-017	Облицовка каркасов	34-01-017-10	100 м2	Облицовка каркасов стен перфорированными плитами: акустическими
ГЭСН	34	34-01-017	Облицовка каркасов	34-01-017-11	100 м2	Облицовка каркасов потолков неперфорированными плитами: дюралюминием толщиной 1 мм
ГЭСН	34	34-01-017	Облицовка каркасов	34-01-017-12	100 м2	Облицовка каркасов потолков неперфорированными плитами: фанерой марки "ДФ-2" толщиной 4 мм
ГЭСН	34	34-01-017	Облицовка каркасов	34-01-017-13	100 м2	Облицовка каркасов потолков неперфорированными плитами: бумажно-слоистым декоративным пластиком толщиной 2 мм
ГЭСН	34	34-01-017	Облицовка каркасов	34-01-017-14	100 м2	Облицовка каркасов потолков неперфорированными плитами: древесностружечными с декоративной отделкой толщиной 19 мм
ГЭСН	34	34-01-017	Облицовка каркасов	34-01-017-15	100 м2	Облицовка каркасов потолков неперфорированными плитами: акустическими
ГЭСН	34	34-01-017	Облицовка каркасов	34-01-017-16	100 м2	Облицовка каркасов потолков перфорированными плитами: дюралюминием толщиной 1 мм
ГЭСН	34	34-01-017	Облицовка каркасов	34-01-017-17	100 м2	Облицовка каркасов потолков перфорированными плитами: фанерой марки "ДФ-2" толщиной 4 мм
ГЭСН	34	34-01-017	Облицовка каркасов	34-01-017-18	100 м2	Облицовка каркасов потолков перфорированными плитами: бумажно-слоистым декоративным пластиком толщиной 2 мм
ГЭСН	34	34-01-017	Облицовка каркасов	34-01-017-19	100 м2	Облицовка каркасов потолков перфорированными плитами: древесностружечными с декоративной отделкой толщиной 19 мм
ГЭСН	34	34-01-017	Облицовка каркасов	34-01-017-20	100 м2	Облицовка каркасов потолков перфорированными плитами: акустическими
ГЭСН	34	34-01-018	Устройство каркаса подвесного потолка	34-01-018-01	10 м2	Устройство каркаса подвесного потолка из прессованных алюминиевых конструкций
ГЭСН	34	34-01-019	Устройство подвесных потолков	34-01-019-01	100 м2	Устройство подвесных потолков из алюминиевых: реек
ГЭСН	34	34-01-019	Устройство подвесных потолков	34-01-019-02	100 м2	Устройство подвесных потолков из алюминиевых: панелей
ГЭСН	34	34-01-020	Устройство облицовки стен акустическими звукопоглощающими алюминиевыми элементами	34-01-020-01	100 м2	Устройство облицовки стен акустическими звукопоглощающими алюминиевыми: рейками 300х3000 мм
ГЭСН	34	34-01-020	Устройство облицовки стен акустическими звукопоглощающими алюминиевыми элементами	34-01-020-02	100 м2	Устройство облицовки стен акустическими звукопоглощающими алюминиевыми: катаными профилями 100х3000 мм
ГЭСН	34	34-01-020	Устройство облицовки стен акустическими звукопоглощающими алюминиевыми элементами	34-01-020-03	100 м2	Устройство облицовки стен акустическими звукопоглощающими алюминиевыми: панелями 499х499 мм
ГЭСН	34	34-01-025	Экранирование помещений радиообъектов	34-01-025-01	100 м2	Устройство экранирования помещений листами медными толщиной 0,5 мм: полов
ГЭСН	34	34-01-025	Экранирование помещений радиообъектов	34-01-025-02	100 м2	Устройство экранирования помещений листами медными толщиной 0,5 мм: стен
ГЭСН	34	34-01-025	Экранирование помещений радиообъектов	34-01-025-03	100 м2	Устройство экранирования помещений листами медными толщиной 0,5 мм: потолков
ГЭСН	34	34-01-025	Экранирование помещений радиообъектов	34-01-025-04	100 м2	Устройство экранирования помещений листами медными толщиной 0,5 мм: дверных проемов
ГЭСН	34	34-01-025	Экранирование помещений радиообъектов	34-01-025-05	100 м2	Устройство экранирования помещений листами медными толщиной 0,5 мм: каналов и приямков
ГЭСН	34	34-01-025	Экранирование помещений радиообъектов	34-01-025-06	100 м2	Устройство экранирования помещений листами медными толщиной 0,5 мм: крышек каналов и приямков
ГЭСН	34	34-01-025	Экранирование помещений радиообъектов	34-01-025-07	100 м2	Устройство экранирования помещений листами стальными оцинкованными толщиной 0,7-0,8 мм: полов
ГЭСН	34	34-01-025	Экранирование помещений радиообъектов	34-01-025-08	100 м2	Устройство экранирования помещений листами стальными оцинкованными толщиной 0,7-0,8 мм: стен
ГЭСН	34	34-01-025	Экранирование помещений радиообъектов	34-01-025-09	100 м2	Устройство экранирования помещений листами стальными оцинкованными толщиной 0,7-0,8 мм: потолков
ГЭСН	34	34-01-025	Экранирование помещений радиообъектов	34-01-025-10	100 м2	Устройство экранирования помещений листами стальными оцинкованными толщиной 0,7-0,8 мм: дверных проемов
ГЭСН	34	34-01-025	Экранирование помещений радиообъектов	34-01-025-11	100 м2	Устройство экранирования помещений листами стальными оцинкованными толщиной 0,7-0,8 мм: каналов и приямков
ГЭСН	34	34-01-025	Экранирование помещений радиообъектов	34-01-025-12	100 м2	Устройство экранирования помещений листами стальными оцинкованными толщиной 0,7-0,8 мм: крышек каналов и приямков
ГЭСН	34	34-01-025	Экранирование помещений радиообъектов	34-01-025-13	100 м2	Устройство экранирования помещений листами стальными толщиной 1,5 мм: полов
ГЭСН	34	34-01-025	Экранирование помещений радиообъектов	34-01-025-14	100 м2	Устройство экранирования помещений листами стальными толщиной 1,5 мм: стен
ГЭСН	34	34-01-025	Экранирование помещений радиообъектов	34-01-025-15	100 м2	Устройство экранирования помещений листами стальными толщиной 1,5 мм: потолков
ГЭСН	34	34-01-025	Экранирование помещений радиообъектов	34-01-025-16	100 м2	Устройство экранирования помещений листами стальными толщиной 1,5 мм: дверных проемов
ГЭСН	34	34-01-025	Экранирование помещений радиообъектов	34-01-025-17	100 м2	Устройство экранирования помещений листами стальными толщиной 1,5 мм: каналов и приямков
ГЭСН	34	34-01-025	Экранирование помещений радиообъектов	34-01-025-18	100 м2	Устройство экранирования помещений листами стальными толщиной 1,5 мм: крышек каналов и приямков
ГЭСН	34	34-01-026	Устройство экранирования помещений сеткой стальной	34-01-026-01	100 м2	Устройство экранирования помещений сеткой стальной из оцинкованной проволоки диаметром 1,2 мм: полов
ГЭСН	34	34-01-026	Устройство экранирования помещений сеткой стальной	34-01-026-02	100 м2	Устройство экранирования помещений сеткой стальной из оцинкованной проволоки диаметром 1,2 мм: стен
ГЭСН	34	34-01-026	Устройство экранирования помещений сеткой стальной	34-01-026-03	100 м2	Устройство экранирования помещений сеткой стальной из оцинкованной проволоки диаметром 1,2 мм: потолков
ГЭСН	34	34-01-026	Устройство экранирования помещений сеткой стальной	34-01-026-04	100 м2	Устройство экранирования помещений сеткой стальной из оцинкованной проволоки диаметром 1,2 мм: оконных проемов
ГЭСН	34	34-01-026	Устройство экранирования помещений сеткой стальной	34-01-026-05	100 м2	Устройство экранирования помещений сеткой стальной из оцинкованной проволоки диаметром 1,2 мм: вентиляционных отверстий
ГЭСН	34	34-01-027	Устройство экранирования сеткой медной	34-01-027-01	100 м2	Устройство экранирования сеткой медной проволоки с ячейкой 2,5х2,5 мм: полов
ГЭСН	34	34-01-027	Устройство экранирования сеткой медной	34-01-027-02	100 м2	Устройство экранирования сеткой медной проволоки с ячейкой 2,5х2,5 мм: стен
ГЭСН	34	34-01-027	Устройство экранирования сеткой медной	34-01-027-03	100 м2	Устройство экранирования сеткой медной проволоки с ячейкой 2,5х2,5 мм: потолков
ГЭСН	34	34-01-027	Устройство экранирования сеткой медной	34-01-027-04	100 м2	Устройство экранирования сеткой медной проволоки с ячейкой 2,5х2,5 мм: оконных проемов
ГЭСН	34	34-01-027	Устройство экранирования сеткой медной	34-01-027-05	100 м2	Устройство экранирования сеткой медной проволоки с ячейкой 2,5х2,5 мм: вентиляционных отверстий
ГЭСН	34	34-02-001	Устройство трубопроводов из хризотилцементных труб	34-02-001-01	канал.км	Устройство трубопроводов из хризотилцементных труб с соединением: стальными манжетами до 2 отверстий
ГЭСН	34	34-02-001	Устройство трубопроводов из хризотилцементных труб	34-02-001-02	канал.км	Устройство трубопроводов из хризотилцементных труб с соединением: стальными манжетами более 2 отверстий
ГЭСН	34	34-02-001	Устройство трубопроводов из хризотилцементных труб	34-02-001-03	канал.км	Устройство трубопроводов из хризотилцементных труб с соединением: полиэтиленовыми муфтами до 2 отверстий
ГЭСН	34	34-02-001	Устройство трубопроводов из хризотилцементных труб	34-02-001-04	канал.км	Устройство трубопроводов из хризотилцементных труб с соединением: полиэтиленовыми муфтами более 2 отверстий
ГЭСН	34	34-02-002	Устройство трубопроводов из бетонных труб	34-02-002-01	канал.км	Устройство трубопроводов из бетонных труб: одноотверстных одиночных
ГЭСН	34	34-02-002	Устройство трубопроводов из бетонных труб	34-02-002-02	канал.км	Устройство трубопроводов из бетонных труб: одноотверстных в блоке
ГЭСН	34	34-02-002	Устройство трубопроводов из бетонных труб	34-02-002-03	канал.км	Устройство трубопроводов из бетонных труб: двухотверстных одиночных
ГЭСН	34	34-02-002	Устройство трубопроводов из бетонных труб	34-02-002-04	канал.км	Устройство трубопроводов из бетонных труб: двухотверстных в блоке
ГЭСН	34	34-02-002	Устройство трубопроводов из бетонных труб	34-02-002-05	канал.км	Устройство трубопроводов из бетонных труб: трехотверстных одиночных
ГЭСН	34	34-02-002	Устройство трубопроводов из бетонных труб	34-02-002-06	канал.км	Устройство трубопроводов из бетонных труб: трехотверстных в блоке
ГЭСН	34	34-02-003	Устройство трубопроводов из полиэтиленовых труб	34-02-003-01	канал.км	Устройство трубопроводов из полиэтиленовых труб: до 2 отверстий
ГЭСН	34	34-02-003	Устройство трубопроводов из полиэтиленовых труб	34-02-003-02	канал.км	Устройство трубопроводов из полиэтиленовых труб: более 2 отверстий
ГЭСН	34	34-02-005	Устройство колодцев железобетонных сборных типовых, собранных на трассе	34-02-005-01	шт	Устройство колодцев железобетонных сборных типовых, собранных на трассе, устанавливаемых: на пешеходной части ККС-5
ГЭСН	34	34-02-005	Устройство колодцев железобетонных сборных типовых, собранных на трассе	34-02-005-02	шт	Устройство колодцев железобетонных сборных типовых, собранных на трассе, устанавливаемых: на пешеходной части ККС-4
ГЭСН	34	34-02-005	Устройство колодцев железобетонных сборных типовых, собранных на трассе	34-02-005-03	шт	Устройство колодцев железобетонных сборных типовых, собранных на трассе, устанавливаемых: на пешеходной части ККС-3
ГЭСН	34	34-02-005	Устройство колодцев железобетонных сборных типовых, собранных на трассе	34-02-005-04	шт	Устройство колодцев железобетонных сборных типовых, собранных на трассе, устанавливаемых: на пешеходной части ККС-2
ГЭСН	34	34-02-005	Устройство колодцев железобетонных сборных типовых, собранных на трассе	34-02-005-05	шт	Устройство колодцев железобетонных сборных типовых, собранных на трассе, устанавливаемых: на проезжей части ККС-5
ГЭСН	34	34-02-005	Устройство колодцев железобетонных сборных типовых, собранных на трассе	34-02-005-06	шт	Устройство колодцев железобетонных сборных типовых, собранных на трассе, устанавливаемых: на проезжей части ККС-4
ГЭСН	34	34-02-005	Устройство колодцев железобетонных сборных типовых, собранных на трассе	34-02-005-07	шт	Устройство колодцев железобетонных сборных типовых, собранных на трассе, устанавливаемых: на проезжей части ККС-3
ГЭСН	34	34-02-005	Устройство колодцев железобетонных сборных типовых, собранных на трассе	34-02-005-08	шт	Устройство колодцев железобетонных сборных типовых, собранных на трассе, устанавливаемых: на проезжей части ККС-2
ГЭСН	34	34-02-005	Устройство колодцев железобетонных сборных типовых, собранных на трассе	34-02-005-09	шт	Устройство колодцев железобетонных сборных типовых, собранных на трассе, устанавливаемых: на проезжей части ККС-5М
ГЭСН	34	34-02-006	Устройство колодцев железобетонных сборных типовых, собранных в заводских условиях	34-02-006-01	шт	Устройство колодцев железобетонных сборных типовых, собранных в заводских условиях: ККС-5
ГЭСН	34	34-02-006	Устройство колодцев железобетонных сборных типовых, собранных в заводских условиях	34-02-006-02	шт	Устройство колодцев железобетонных сборных типовых, собранных в заводских условиях: ККС-4
ГЭСН	34	34-02-006	Устройство колодцев железобетонных сборных типовых, собранных в заводских условиях	34-02-006-03	шт	Устройство колодцев железобетонных сборных типовых, собранных в заводских условиях: ККС-3
ГЭСН	34	34-02-006	Устройство колодцев железобетонных сборных типовых, собранных в заводских условиях	34-02-006-04	шт	Устройство колодцев железобетонных сборных типовых, собранных в заводских условиях: ККС-2
ГЭСН	34	34-02-007	Устройство колодцев кирпичных типовых	34-02-007-01	шт	Устройство колодцев кирпичных типовых, устанавливаемых: на проезжей части ККС-5
ГЭСН	34	34-02-007	Устройство колодцев кирпичных типовых	34-02-007-02	шт	Устройство колодцев кирпичных типовых, устанавливаемых: на проезжей части ККС-4
ГЭСН	34	34-02-007	Устройство колодцев кирпичных типовых	34-02-007-03	шт	Устройство колодцев кирпичных типовых, устанавливаемых: на проезжей части ККС-3
ГЭСН	34	34-02-007	Устройство колодцев кирпичных типовых	34-02-007-04	шт	Устройство колодцев кирпичных типовых, устанавливаемых: на проезжей части ККС-2
ГЭСН	34	34-02-007	Устройство колодцев кирпичных типовых	34-02-007-05	шт	Устройство колодцев кирпичных типовых, устанавливаемых: на пешеходной части ККС-5
ГЭСН	34	34-02-007	Устройство колодцев кирпичных типовых	34-02-007-06	шт	Устройство колодцев кирпичных типовых, устанавливаемых: на пешеходной части ККС-4
ГЭСН	34	34-02-007	Устройство колодцев кирпичных типовых	34-02-007-07	шт	Устройство колодцев кирпичных типовых, устанавливаемых: на пешеходной части ККС-3
ГЭСН	34	34-02-007	Устройство колодцев кирпичных типовых	34-02-007-08	шт	Устройство колодцев кирпичных типовых, устанавливаемых: на пешеходной части ККС-2
ГЭСН	34	34-02-008	Разные работы при устройстве колодцев	34-02-008-01	шт	Установка люка в колодцах: на проезжей части
ГЭСН	34	34-02-008	Разные работы при устройстве колодцев	34-02-008-02	шт	Установка люка в колодцах: на пешеходной части
ГЭСН	34	34-02-008	Разные работы при устройстве колодцев	34-02-008-03	шт	Установка кронштейна в колодцах
ГЭСН	34	34-02-008	Разные работы при устройстве колодцев	34-02-008-04	шт	Установка указателя на стене
ГЭСН	34	34-02-009	Устройство вставок для угловых и разветвительных колодцев	34-02-009-01	шт	Устройство вставок для угловых и разветвительных колодцев: ККС-5
ГЭСН	34	34-02-009	Устройство вставок для угловых и разветвительных колодцев	34-02-009-02	шт	Устройство вставок для угловых и разветвительных колодцев: ККС-4
ГЭСН	34	34-02-009	Устройство вставок для угловых и разветвительных колодцев	34-02-009-03	шт	Устройство вставок для угловых и разветвительных колодцев: ККС-3
ГЭСН	34	34-02-010	Разборка колодцев типовых при их переустройстве	34-02-010-01	шт	Разборка колодцев железобетонных типовых при их переустройстве: ККС-5
ГЭСН	34	34-02-010	Разборка колодцев типовых при их переустройстве	34-02-010-02	шт	Разборка колодцев железобетонных типовых при их переустройстве: ККС-4
ГЭСН	34	34-02-010	Разборка колодцев типовых при их переустройстве	34-02-010-03	шт	Разборка колодцев железобетонных типовых при их переустройстве: ККС-3
ГЭСН	34	34-02-010	Разборка колодцев типовых при их переустройстве	34-02-010-04	шт	Разборка колодцев железобетонных типовых при их переустройстве: ККС-2
ГЭСН	34	34-02-010	Разборка колодцев типовых при их переустройстве	34-02-010-05	шт	Разборка колодцев кирпичных типовых при их переустройстве: ККС-5
ГЭСН	34	34-02-010	Разборка колодцев типовых при их переустройстве	34-02-010-06	шт	Разборка колодцев кирпичных типовых при их переустройстве: ККС-4
ГЭСН	34	34-02-010	Разборка колодцев типовых при их переустройстве	34-02-010-07	шт	Разборка колодцев кирпичных типовых при их переустройстве: ККС-3
ГЭСН	34	34-02-010	Разборка колодцев типовых при их переустройстве	34-02-010-08	шт	Разборка колодцев кирпичных типовых при их переустройстве: ККС-2
ГЭСН	34	34-02-011	Разборка колодцев кирпичных нетиповых	34-02-011-01	м3	Разборка колодцев кирпичных нетиповых
ГЭСН	34	34-02-012	Устройство ввода труб в колодцы	34-02-012-01	10 каналов	Устройство ввода труб в колодцы
ГЭСН	34	34-02-013	Устройство сварных кабельных колодцев из полимерных материалов, собранных на трассе	34-02-013-01	шт	Устройство сварных кабельных колодцев из полимерных материалов, собранных на трассе: однокамерных
ГЭСН	34	34-02-013	Устройство сварных кабельных колодцев из полимерных материалов, собранных на трассе	34-02-013-02	шт	Устройство сварных кабельных колодцев из полимерных материалов, собранных на трассе: двукамерных
ГЭСН	34	34-02-014	Установка цельнолитых кабельных колодцев из полимерных материалов	34-02-014-01	100 шт	Установка цельнолитых кабельных колодцев из полимерных материалов
ГЭСН	34	34-02-014	Установка цельнолитых кабельных колодцев из полимерных материалов	34-02-014-02	шт	Устройство пригруза из сборных железобетонных плит полимерных кабельных колодцев
ГЭСН	34	34-02-015	Врезка полиэтиленовых патрубков и манжет в полиэтиленовые кабельные колодцы	34-02-015-01	100 шт	Врезка полиэтиленовых патрубков в полиэтиленовые кабельные колодцы, диаметр: 63 мм
ГЭСН	34	34-02-015	Врезка полиэтиленовых патрубков и манжет в полиэтиленовые кабельные колодцы	34-02-015-02	100 шт	Врезка полиэтиленовых патрубков в полиэтиленовые кабельные колодцы, диаметр: 110 мм
ГЭСН	34	34-02-015	Врезка полиэтиленовых патрубков и манжет в полиэтиленовые кабельные колодцы	34-02-015-03	100 шт	Врезка полиэтиленовых патрубков в полиэтиленовые кабельные колодцы, диаметр: 160 мм
ГЭСН	34	34-02-015	Врезка полиэтиленовых патрубков и манжет в полиэтиленовые кабельные колодцы	34-02-015-04	100 шт	Врезка резиновых манжет для ввода труб диаметром от 25 до 110 мм в полиэтиленовые кабельные колодцы
ГЭСН	34	34-02-016	Пробивка отверстий в колодцах и коробках	34-02-016-01	м	Пробивка отверстий в колодцах и коробках железобетонных
ГЭСН	34	34-02-016	Пробивка отверстий в колодцах и коробках	34-02-016-02	м	Пробивка отверстий в колодцах и коробках кирпичных при толщине стенок: 12,5 см
ГЭСН	34	34-02-016	Пробивка отверстий в колодцах и коробках	34-02-016-03	м	Пробивка отверстий в колодцах и коробках кирпичных при толщине стенок: 25 см
ГЭСН	34	34-02-016	Пробивка отверстий в колодцах и коробках	34-02-016-04	м	Пробивка отверстий в колодцах и коробках кирпичных при толщине стенок: 37,8 см
ГЭСН	34	34-02-019	Устройство модульных кабельных колодцев из полимерных материалов	34-02-019-01	колодец	Устройство модульных кабельных колодцев из полимерных материалов, площадь модулей стен колодца: до 0,05 м2
ГЭСН	34	34-02-019	Устройство модульных кабельных колодцев из полимерных материалов	34-02-019-02	колодец	Устройство модульных кабельных колодцев из полимерных материалов, площадь модулей стен колодца: от 0,08 м2 до 0,35 м2
ГЭСН	34	34-02-020	Прокладка пакета микротрубок	34-02-020-01	км	Разработка траншеи шириной до 150 мм и глубиной 500 мм с одновременной прокладкой пакета микротрубок, группа грунтов 3
ГЭСН	34	34-02-020	Прокладка пакета микротрубок	34-02-020-02	км	Прокладка пакета микротрубок: в готовую траншею
ГЭСН	34	34-02-020	Прокладка пакета микротрубок	34-02-020-03	10 м	Прокладка пакета микротрубок: по конструкциям мостов
ГЭСН	47	47-01-004	Подготовка стандартных посадочных мест для деревьев и кустарников с круглым комом земли механизированным способом	47-01-004-01	10 шт	Подготовка стандартных посадочных мест механизированным способом для деревьев и кустарников с круглым комом земли размером: 0,2x0,15 м и 0,25x0,2 м в естественном грунте
ГЭСН	47	47-01-004	Подготовка стандартных посадочных мест для деревьев и кустарников с круглым комом земли механизированным способом	47-01-004-02	10 шт	Подготовка стандартных посадочных мест механизированным способом для деревьев и кустарников с круглым комом земли размером: 0,2x0,15 м и 0,25x0,2 м с добавлением растительной земли до 25%
ГЭСН	47	47-01-004	Подготовка стандартных посадочных мест для деревьев и кустарников с круглым комом земли механизированным способом	47-01-004-03	10 шт	Подготовка стандартных посадочных мест механизированным способом для деревьев и кустарников с круглым комом земли размером: 0,2x0,15 м и 0,25x0,2 м с добавлением растительной земли до 50%
ГЭСН	47	47-01-004	Подготовка стандартных посадочных мест для деревьев и кустарников с круглым комом земли механизированным способом	47-01-004-04	10 шт	Подготовка стандартных посадочных мест механизированным способом для деревьев и кустарников с круглым комом земли размером: 0,2x0,15 м и 0,25x0,2 м с добавлением растительной земли до 75%
ГЭСН	47	47-01-004	Подготовка стандартных посадочных мест для деревьев и кустарников с круглым комом земли механизированным способом	47-01-004-05	10 шт	Подготовка стандартных посадочных мест механизированным способом для деревьев и кустарников с круглым комом земли размером: 0,2x0,15 м и 0,25x0,2 м с добавлением растительной земли до 100%
ГЭСН	47	47-01-004	Подготовка стандартных посадочных мест для деревьев и кустарников с круглым комом земли механизированным способом	47-01-004-06	10 шт	Подготовка стандартных посадочных мест механизированным способом для деревьев и кустарников с круглым комом земли размером: 0,3x0,3 м в естественном грунте
ГЭСН	47	47-01-004	Подготовка стандартных посадочных мест для деревьев и кустарников с круглым комом земли механизированным способом	47-01-004-07	10 шт	Подготовка стандартных посадочных мест механизированным способом для деревьев и кустарников с круглым комом земли размером: 0,3x0,3 м с добавлением растительной земли до 25%
ГЭСН	47	47-01-004	Подготовка стандартных посадочных мест для деревьев и кустарников с круглым комом земли механизированным способом	47-01-004-08	10 шт	Подготовка стандартных посадочных мест механизированным способом для деревьев и кустарников с круглым комом земли размером: 0,3x0,3 м с добавлением растительной земли до 50%
ГЭСН	47	47-01-004	Подготовка стандартных посадочных мест для деревьев и кустарников с круглым комом земли механизированным способом	47-01-004-09	10 шт	Подготовка стандартных посадочных мест механизированным способом для деревьев и кустарников с круглым комом земли размером: 0,3x0,3 м с добавлением растительной земли до 75%
ГЭСН	47	47-01-004	Подготовка стандартных посадочных мест для деревьев и кустарников с круглым комом земли механизированным способом	47-01-004-10	10 шт	Подготовка стандартных посадочных мест механизированным способом для деревьев и кустарников с круглым комом земли размером: 0,3x0,3 м с добавлением растительной земли до 100%
ГЭСН	47	47-01-004	Подготовка стандартных посадочных мест для деревьев и кустарников с круглым комом земли механизированным способом	47-01-004-11	10 шт	Подготовка стандартных посадочных мест механизированным способом для деревьев и кустарников с круглым комом земли размером: 0,5x0,4 м в естественном грунте
ГЭСН	47	47-01-004	Подготовка стандартных посадочных мест для деревьев и кустарников с круглым комом земли механизированным способом	47-01-004-12	10 шт	Подготовка стандартных посадочных мест механизированным способом для деревьев и кустарников с круглым комом земли размером: 0,5x0,4 м с добавлением растительной земли до 25%
ГЭСН	47	47-01-004	Подготовка стандартных посадочных мест для деревьев и кустарников с круглым комом земли механизированным способом	47-01-004-13	10 шт	Подготовка стандартных посадочных мест механизированным способом для деревьев и кустарников с круглым комом земли размером: 0,5x0,4 м с добавлением растительной земли до 50%
ГЭСН	47	47-01-004	Подготовка стандартных посадочных мест для деревьев и кустарников с круглым комом земли механизированным способом	47-01-004-14	10 шт	Подготовка стандартных посадочных мест механизированным способом для деревьев и кустарников с круглым комом земли размером: 0,5x0,4 м с добавлением растительной земли до 75%
ГЭСН	47	47-01-004	Подготовка стандартных посадочных мест для деревьев и кустарников с круглым комом земли механизированным способом	47-01-004-15	10 шт	Подготовка стандартных посадочных мест механизированным способом для деревьев и кустарников с круглым комом земли размером: 0,5x0,4 м с добавлением растительной земли до 100%
ГЭСН	47	47-01-004	Подготовка стандартных посадочных мест для деревьев и кустарников с круглым комом земли механизированным способом	47-01-004-16	10 шт	Подготовка стандартных посадочных мест механизированным способом для деревьев и кустарников с круглым комом земли размером: 0,8x0,6 м в естественном грунте
ГЭСН	47	47-01-004	Подготовка стандартных посадочных мест для деревьев и кустарников с круглым комом земли механизированным способом	47-01-004-17	10 шт	Подготовка стандартных посадочных мест механизированным способом для деревьев и кустарников с круглым комом земли размером: 0,8x0,6 м с добавлением растительной земли до 25%
ГЭСН	47	47-01-004	Подготовка стандартных посадочных мест для деревьев и кустарников с круглым комом земли механизированным способом	47-01-004-18	10 шт	Подготовка стандартных посадочных мест механизированным способом для деревьев и кустарников с круглым комом земли размером: 0,8x0,6 м с добавлением растительной земли до 50%
ГЭСН	47	47-01-004	Подготовка стандартных посадочных мест для деревьев и кустарников с круглым комом земли механизированным способом	47-01-004-19	10 шт	Подготовка стандартных посадочных мест механизированным способом для деревьев и кустарников с круглым комом земли размером: 0,8x0,6 м с добавлением растительной земли до 75%
ГЭСН	47	47-01-004	Подготовка стандартных посадочных мест для деревьев и кустарников с круглым комом земли механизированным способом	47-01-004-20	10 шт	Подготовка стандартных посадочных мест механизированным способом для деревьев и кустарников с круглым комом земли размером: 0,8x0,6 м с добавлением растительной земли до 100%
ГЭСН	47	47-01-005	Подготовка стандартных посадочных мест для деревьев и кустарников с квадратным комом земли механизированным способом	47-01-005-01	10 шт	Подготовка стандартных посадочных мест механизированным способом для деревьев и кустарников с квадратным комом земли размером: 0,5x0,5x0,4 м в естественном грунте
ГЭСН	47	47-01-005	Подготовка стандартных посадочных мест для деревьев и кустарников с квадратным комом земли механизированным способом	47-01-005-02	10 шт	Подготовка стандартных посадочных мест механизированным способом для деревьев и кустарников с квадратным комом земли размером: 0,5x0,5x0,4 м с добавлением растительной земли до 25%
ГЭСН	47	47-01-005	Подготовка стандартных посадочных мест для деревьев и кустарников с квадратным комом земли механизированным способом	47-01-005-03	10 шт	Подготовка стандартных посадочных мест механизированным способом для деревьев и кустарников с квадратным комом земли размером: 0,5x0,5x0,4 м с добавлением растительной земли до 50%
ГЭСН	47	47-01-005	Подготовка стандартных посадочных мест для деревьев и кустарников с квадратным комом земли механизированным способом	47-01-005-04	10 шт	Подготовка стандартных посадочных мест механизированным способом для деревьев и кустарников с квадратным комом земли размером: 0,5x0,5x0,4 м с добавлением растительной земли до 75%
ГЭСН	47	47-01-005	Подготовка стандартных посадочных мест для деревьев и кустарников с квадратным комом земли механизированным способом	47-01-005-05	10 шт	Подготовка стандартных посадочных мест механизированным способом для деревьев и кустарников с квадратным комом земли размером: 0,5x0,5x0,4 м с добавлением растительной земли до 100%
ГЭСН	47	47-01-005	Подготовка стандартных посадочных мест для деревьев и кустарников с квадратным комом земли механизированным способом	47-01-005-06	10 шт	Подготовка стандартных посадочных мест механизированным способом для деревьев и кустарников с квадратным комом земли размером: 0,8x0,8x0,5 м в естественном грунте
ГЭСН	47	47-01-005	Подготовка стандартных посадочных мест для деревьев и кустарников с квадратным комом земли механизированным способом	47-01-005-07	10 шт	Подготовка стандартных посадочных мест механизированным способом для деревьев и кустарников с квадратным комом земли размером: 0,8x0,8x0,5 м с добавлением растительной земли до 25%
ГЭСН	47	47-01-005	Подготовка стандартных посадочных мест для деревьев и кустарников с квадратным комом земли механизированным способом	47-01-005-08	10 шт	Подготовка стандартных посадочных мест механизированным способом для деревьев и кустарников с квадратным комом земли размером: 0,8x0,8x0,5 м с добавлением растительной земли до 50%
ГЭСН	47	47-01-005	Подготовка стандартных посадочных мест для деревьев и кустарников с квадратным комом земли механизированным способом	47-01-005-09	10 шт	Подготовка стандартных посадочных мест механизированным способом для деревьев и кустарников с квадратным комом земли размером: 0,8x0,8x0,5 м с добавлением растительной земли до 75%
ГЭСН	47	47-01-005	Подготовка стандартных посадочных мест для деревьев и кустарников с квадратным комом земли механизированным способом	47-01-005-10	10 шт	Подготовка стандартных посадочных мест механизированным способом для деревьев и кустарников с квадратным комом земли размером: 0,8x0,8x0,5 м с добавлением растительной земли до 100%
ГЭСН	47	47-01-005	Подготовка стандартных посадочных мест для деревьев и кустарников с квадратным комом земли механизированным способом	47-01-005-11	10 шт	Подготовка стандартных посадочных мест механизированным способом для деревьев и кустарников с квадратным комом земли размером: 1,0x1,0x0,6 м в естественном грунте
ГЭСН	47	47-01-005	Подготовка стандартных посадочных мест для деревьев и кустарников с квадратным комом земли механизированным способом	47-01-005-12	10 шт	Подготовка стандартных посадочных мест механизированным способом для деревьев и кустарников с квадратным комом земли размером: 1,0x1,0x0,6 м с добавлением растительной земли до 25%
ГЭСН	47	47-01-005	Подготовка стандартных посадочных мест для деревьев и кустарников с квадратным комом земли механизированным способом	47-01-005-13	10 шт	Подготовка стандартных посадочных мест механизированным способом для деревьев и кустарников с квадратным комом земли размером: 1,0x1,0x0,6 м с добавлением растительной земли до 50%
ГЭСН	47	47-01-005	Подготовка стандартных посадочных мест для деревьев и кустарников с квадратным комом земли механизированным способом	47-01-005-14	10 шт	Подготовка стандартных посадочных мест механизированным способом для деревьев и кустарников с квадратным комом земли размером: 1,0x1,0x0,6 м с добавлением растительной земли до 75%
ГЭСН	47	47-01-005	Подготовка стандартных посадочных мест для деревьев и кустарников с квадратным комом земли механизированным способом	47-01-005-15	10 шт	Подготовка стандартных посадочных мест механизированным способом для деревьев и кустарников с квадратным комом земли размером: 1,0x1,0x0,6 м с добавлением растительной земли до 100%
ГЭСН	47	47-01-005	Подготовка стандартных посадочных мест для деревьев и кустарников с квадратным комом земли механизированным способом	47-01-005-16	10 шт	Подготовка стандартных посадочных мест механизированным способом для деревьев и кустарников с квадратным комом земли размером: 1,3x1,3x0,6 м в естественном грунте
ГЭСН	47	47-01-005	Подготовка стандартных посадочных мест для деревьев и кустарников с квадратным комом земли механизированным способом	47-01-005-17	10 шт	Подготовка стандартных посадочных мест механизированным способом для деревьев и кустарников с квадратным комом земли размером: 1,3x1,3x0,6 м с добавлением растительной земли до 25%
ГЭСН	47	47-01-005	Подготовка стандартных посадочных мест для деревьев и кустарников с квадратным комом земли механизированным способом	47-01-005-18	10 шт	Подготовка стандартных посадочных мест механизированным способом для деревьев и кустарников с квадратным комом земли размером: 1,3x1,3x0,6 м с добавлением растительной земли до 50%
ГЭСН	47	47-01-005	Подготовка стандартных посадочных мест для деревьев и кустарников с квадратным комом земли механизированным способом	47-01-005-19	10 шт	Подготовка стандартных посадочных мест механизированным способом для деревьев и кустарников с квадратным комом земли размером: 1,3x1,3x0,6 м с добавлением растительной земли до 75%
ГЭСН	47	47-01-005	Подготовка стандартных посадочных мест для деревьев и кустарников с квадратным комом земли механизированным способом	47-01-005-20	10 шт	Подготовка стандартных посадочных мест механизированным способом для деревьев и кустарников с квадратным комом земли размером: 1,3x1,3x0,6 м с добавлением растительной земли до 100%
ГЭСН	47	47-01-005	Подготовка стандартных посадочных мест для деревьев и кустарников с квадратным комом земли механизированным способом	47-01-005-21	10 шт	Подготовка стандартных посадочных мест механизированным способом для деревьев и кустарников с квадратным комом земли размером: 1,5x1,5x0,65 м в естественном грунте
ГЭСН	47	47-01-005	Подготовка стандартных посадочных мест для деревьев и кустарников с квадратным комом земли механизированным способом	47-01-005-22	10 шт	Подготовка стандартных посадочных мест механизированным способом для деревьев и кустарников с квадратным комом земли размером: 1,5x1,5x0,65 м с добавлением растительной земли до 25%
ГЭСН	47	47-01-005	Подготовка стандартных посадочных мест для деревьев и кустарников с квадратным комом земли механизированным способом	47-01-005-23	10 шт	Подготовка стандартных посадочных мест механизированным способом для деревьев и кустарников с квадратным комом земли размером: 1,5x1,5x0,65 м с добавлением растительной земли до 50%
ГЭСН	47	47-01-005	Подготовка стандартных посадочных мест для деревьев и кустарников с квадратным комом земли механизированным способом	47-01-005-24	10 шт	Подготовка стандартных посадочных мест механизированным способом для деревьев и кустарников с квадратным комом земли размером: 1,5x1,5x0,65 м с добавлением растительной земли до 75%
ГЭСН	47	47-01-005	Подготовка стандартных посадочных мест для деревьев и кустарников с квадратным комом земли механизированным способом	47-01-005-25	10 шт	Подготовка стандартных посадочных мест механизированным способом для деревьев и кустарников с квадратным комом земли размером: 1,5x1,5x0,65 м с добавлением растительной земли до 100%
ГЭСН	47	47-01-005	Подготовка стандартных посадочных мест для деревьев и кустарников с квадратным комом земли механизированным способом	47-01-005-26	10 шт	Подготовка стандартных посадочных мест механизированным способом для деревьев и кустарников с квадратным комом земли размером: 1,7x1,7x0,65 м в естественном грунте
ГЭСН	47	47-01-005	Подготовка стандартных посадочных мест для деревьев и кустарников с квадратным комом земли механизированным способом	47-01-005-27	10 шт	Подготовка стандартных посадочных мест механизированным способом для деревьев и кустарников с квадратным комом земли размером: 1,7x1,7x0,65 м с добавлением растительной земли до 25%
ГЭСН	47	47-01-005	Подготовка стандартных посадочных мест для деревьев и кустарников с квадратным комом земли механизированным способом	47-01-005-28	10 шт	Подготовка стандартных посадочных мест механизированным способом для деревьев и кустарников с квадратным комом земли размером: 1,7x1,7x0,65 м с добавлением растительной земли до 50%
ГЭСН	47	47-01-005	Подготовка стандартных посадочных мест для деревьев и кустарников с квадратным комом земли механизированным способом	47-01-005-29	10 шт	Подготовка стандартных посадочных мест механизированным способом для деревьев и кустарников с квадратным комом земли размером: 1,7x1,7x0,65 м с добавлением растительной земли до 75%
ГЭСН	47	47-01-005	Подготовка стандартных посадочных мест для деревьев и кустарников с квадратным комом земли механизированным способом	47-01-005-30	10 шт	Подготовка стандартных посадочных мест механизированным способом для деревьев и кустарников с квадратным комом земли размером: 1,7x1,7x0,65 м с добавлением растительной земли до 100%
ГЭСН	47	47-01-006	Подготовка стандартных посадочных мест для деревьев и кустарников с круглым комом земли вручную	47-01-006-01	10 шт	Подготовка стандартных посадочных мест вручную для деревьев и кустарников с круглым комом земли размером: 0,2x0,15 м и 0,25x0,2 м в естественном грунте
ГЭСН	47	47-01-006	Подготовка стандартных посадочных мест для деревьев и кустарников с круглым комом земли вручную	47-01-006-02	10 шт	Подготовка стандартных посадочных мест вручную для деревьев и кустарников с круглым комом земли размером: 0,2x0,15 м и 0,25x0,2 м с добавлением растительной земли до 25%
ГЭСН	47	47-01-006	Подготовка стандартных посадочных мест для деревьев и кустарников с круглым комом земли вручную	47-01-006-03	10 шт	Подготовка стандартных посадочных мест вручную для деревьев и кустарников с круглым комом земли размером: 0,2x0,15 м и 0,25x0,2 м с добавлением растительной земли до 50%
ГЭСН	47	47-01-006	Подготовка стандартных посадочных мест для деревьев и кустарников с круглым комом земли вручную	47-01-006-04	10 шт	Подготовка стандартных посадочных мест вручную для деревьев и кустарников с круглым комом земли размером: 0,2x0,15 м и 0,25x0,2 м с добавлением растительной земли до 75%
ГЭСН	47	47-01-006	Подготовка стандартных посадочных мест для деревьев и кустарников с круглым комом земли вручную	47-01-006-05	10 шт	Подготовка стандартных посадочных мест вручную для деревьев и кустарников с круглым комом земли размером: 0,2x0,15 м и 0,25x0,2 м с добавлением растительной земли до 100%
ГЭСН	47	47-01-006	Подготовка стандартных посадочных мест для деревьев и кустарников с круглым комом земли вручную	47-01-006-06	10 шт	Подготовка стандартных посадочных мест вручную для деревьев и кустарников с круглым комом земли размером: 0,3x0,3 м в естественном грунте
ГЭСН	47	47-01-006	Подготовка стандартных посадочных мест для деревьев и кустарников с круглым комом земли вручную	47-01-006-07	10 шт	Подготовка стандартных посадочных мест вручную для деревьев и кустарников с круглым комом земли размером: 0,3x0,3 м с добавлением растительной земли до 25%
ГЭСН	47	47-01-006	Подготовка стандартных посадочных мест для деревьев и кустарников с круглым комом земли вручную	47-01-006-08	10 шт	Подготовка стандартных посадочных мест вручную для деревьев и кустарников с круглым комом земли размером: 0,3x0,3 м с добавлением растительной земли до 50%
ГЭСН	47	47-01-006	Подготовка стандартных посадочных мест для деревьев и кустарников с круглым комом земли вручную	47-01-006-09	10 шт	Подготовка стандартных посадочных мест вручную для деревьев и кустарников с круглым комом земли размером: 0,3x0,3 м с добавлением растительной земли до 75%
ГЭСН	47	47-01-006	Подготовка стандартных посадочных мест для деревьев и кустарников с круглым комом земли вручную	47-01-006-10	10 шт	Подготовка стандартных посадочных мест вручную для деревьев и кустарников с круглым комом земли размером: 0,3x0,3 м с добавлением растительной земли до 100%
ГЭСН	47	47-01-006	Подготовка стандартных посадочных мест для деревьев и кустарников с круглым комом земли вручную	47-01-006-11	10 шт	Подготовка стандартных посадочных мест вручную для деревьев и кустарников с круглым комом земли размером: 0,5x0,4 м в естественном грунте
ГЭСН	47	47-01-006	Подготовка стандартных посадочных мест для деревьев и кустарников с круглым комом земли вручную	47-01-006-12	10 шт	Подготовка стандартных посадочных мест вручную для деревьев и кустарников с круглым комом земли размером: 0,5x0,4 м с добавлением растительной земли до 25%
ГЭСН	47	47-01-006	Подготовка стандартных посадочных мест для деревьев и кустарников с круглым комом земли вручную	47-01-006-13	10 шт	Подготовка стандартных посадочных мест вручную для деревьев и кустарников с круглым комом земли размером: 0,5x0,4 м с добавлением растительной земли до 50%
ГЭСН	47	47-01-006	Подготовка стандартных посадочных мест для деревьев и кустарников с круглым комом земли вручную	47-01-006-14	10 шт	Подготовка стандартных посадочных мест вручную для деревьев и кустарников с круглым комом земли размером: 0,5x0,4 м с добавлением растительной земли до 75%
ГЭСН	47	47-01-006	Подготовка стандартных посадочных мест для деревьев и кустарников с круглым комом земли вручную	47-01-006-15	10 шт	Подготовка стандартных посадочных мест вручную для деревьев и кустарников с круглым комом земли размером: 0,5x0,4 м с добавлением растительной земли до 100%
ГЭСН	47	47-01-006	Подготовка стандартных посадочных мест для деревьев и кустарников с круглым комом земли вручную	47-01-006-16	10 шт	Подготовка стандартных посадочных мест вручную для деревьев и кустарников с круглым комом земли размером: 0,8x0,6 м в естественном грунте
ГЭСН	47	47-01-006	Подготовка стандартных посадочных мест для деревьев и кустарников с круглым комом земли вручную	47-01-006-17	10 шт	Подготовка стандартных посадочных мест вручную для деревьев и кустарников с круглым комом земли размером: 0,8x0,6 м с добавлением растительной земли до 25%
ГЭСН	47	47-01-006	Подготовка стандартных посадочных мест для деревьев и кустарников с круглым комом земли вручную	47-01-006-18	10 шт	Подготовка стандартных посадочных мест вручную для деревьев и кустарников с круглым комом земли размером: 0,8x0,6 м с добавлением растительной земли до 50%
ГЭСН	47	47-01-006	Подготовка стандартных посадочных мест для деревьев и кустарников с круглым комом земли вручную	47-01-006-19	10 шт	Подготовка стандартных посадочных мест вручную для деревьев и кустарников с круглым комом земли размером: 0,8x0,6 м с добавлением растительной земли до 75%
ГЭСН	47	47-01-006	Подготовка стандартных посадочных мест для деревьев и кустарников с круглым комом земли вручную	47-01-006-20	10 шт	Подготовка стандартных посадочных мест вручную для деревьев и кустарников с круглым комом земли размером: 0,8x0,6 м с добавлением растительной земли до 100%
ГЭСН	47	47-01-007	Подготовка стандартных посадочных мест для деревьев и кустарников с квадратным комом земли вручную	47-01-007-01	10 шт	Подготовка стандартных посадочных мест вручную для деревьев и кустарников с квадратным комом земли размером: 0,5x0,5x0,4 м в естественном грунте
ГЭСН	47	47-01-007	Подготовка стандартных посадочных мест для деревьев и кустарников с квадратным комом земли вручную	47-01-007-02	10 шт	Подготовка стандартных посадочных мест вручную для деревьев и кустарников с квадратным комом земли размером: 0,5x0,5x0,4 м с добавлением растительной земли до 25%
ГЭСН	47	47-01-007	Подготовка стандартных посадочных мест для деревьев и кустарников с квадратным комом земли вручную	47-01-007-03	10 шт	Подготовка стандартных посадочных мест вручную для деревьев и кустарников с квадратным комом земли размером: 0,5x0,5x0,4 м с добавлением растительной земли до 50%
ГЭСН	47	47-01-007	Подготовка стандартных посадочных мест для деревьев и кустарников с квадратным комом земли вручную	47-01-007-04	10 шт	Подготовка стандартных посадочных мест вручную для деревьев и кустарников с квадратным комом земли размером: 0,5x0,5x0,4 м с добавлением растительной земли до 75%
ГЭСН	47	47-01-007	Подготовка стандартных посадочных мест для деревьев и кустарников с квадратным комом земли вручную	47-01-007-05	10 шт	Подготовка стандартных посадочных мест вручную для деревьев и кустарников с квадратным комом земли размером: 0,5x0,5x0,4 м с добавлением растительной земли до 100%
ГЭСН	47	47-01-007	Подготовка стандартных посадочных мест для деревьев и кустарников с квадратным комом земли вручную	47-01-007-06	10 шт	Подготовка стандартных посадочных мест вручную для деревьев и кустарников с квадратным комом земли размером: 0,8x0,8x0,5 м в естественном грунте
ГЭСН	47	47-01-007	Подготовка стандартных посадочных мест для деревьев и кустарников с квадратным комом земли вручную	47-01-007-07	10 шт	Подготовка стандартных посадочных мест вручную для деревьев и кустарников с квадратным комом земли размером: 0,8x0,8x0,5 м с добавлением растительной земли до 25%
ГЭСН	47	47-01-007	Подготовка стандартных посадочных мест для деревьев и кустарников с квадратным комом земли вручную	47-01-007-08	10 шт	Подготовка стандартных посадочных мест вручную для деревьев и кустарников с квадратным комом земли размером: 0,8x0,8x0,5 м с добавлением растительной земли до 50%
ГЭСН	47	47-01-007	Подготовка стандартных посадочных мест для деревьев и кустарников с квадратным комом земли вручную	47-01-007-09	10 шт	Подготовка стандартных посадочных мест вручную для деревьев и кустарников с квадратным комом земли размером: 0,8x0,8x0,5 м с добавлением растительной земли до 75%
ГЭСН	47	47-01-007	Подготовка стандартных посадочных мест для деревьев и кустарников с квадратным комом земли вручную	47-01-007-10	10 шт	Подготовка стандартных посадочных мест вручную для деревьев и кустарников с квадратным комом земли размером: 0,8x0,8x0,5 м с добавлением растительной земли до 100%
ГЭСН	47	47-01-007	Подготовка стандартных посадочных мест для деревьев и кустарников с квадратным комом земли вручную	47-01-007-11	10 шт	Подготовка стандартных посадочных мест вручную для деревьев и кустарников с квадратным комом земли размером: 1,0x1,0x0,6 м в естественном грунте
ГЭСН	47	47-01-007	Подготовка стандартных посадочных мест для деревьев и кустарников с квадратным комом земли вручную	47-01-007-12	10 шт	Подготовка стандартных посадочных мест вручную для деревьев и кустарников с квадратным комом земли размером: 1,0x1,0x0,6 м с добавлением растительной земли до 25%
ГЭСН	47	47-01-007	Подготовка стандартных посадочных мест для деревьев и кустарников с квадратным комом земли вручную	47-01-007-13	10 шт	Подготовка стандартных посадочных мест вручную для деревьев и кустарников с квадратным комом земли размером: 1,0x1,0x0,6 м с добавлением растительной земли до 50%
ГЭСН	47	47-01-007	Подготовка стандартных посадочных мест для деревьев и кустарников с квадратным комом земли вручную	47-01-007-14	10 шт	Подготовка стандартных посадочных мест вручную для деревьев и кустарников с квадратным комом земли размером: 1,0x1,0x0,6 м с добавлением растительной земли до 75%
ГЭСН	47	47-01-007	Подготовка стандартных посадочных мест для деревьев и кустарников с квадратным комом земли вручную	47-01-007-15	10 шт	Подготовка стандартных посадочных мест вручную для деревьев и кустарников с квадратным комом земли размером: 1,0x1,0x0,6 м с добавлением растительной земли до 100%
ГЭСН	47	47-01-007	Подготовка стандартных посадочных мест для деревьев и кустарников с квадратным комом земли вручную	47-01-007-16	10 шт	Подготовка стандартных посадочных мест вручную для деревьев и кустарников с квадратным комом земли размером: 1,3x1,3x0,6 м в естественном грунте
ГЭСН	47	47-01-007	Подготовка стандартных посадочных мест для деревьев и кустарников с квадратным комом земли вручную	47-01-007-17	10 шт	Подготовка стандартных посадочных мест вручную для деревьев и кустарников с квадратным комом земли размером: 1,3x1,3x0,6 м с добавлением растительной земли до 25%
ГЭСН	47	47-01-007	Подготовка стандартных посадочных мест для деревьев и кустарников с квадратным комом земли вручную	47-01-007-18	10 шт	Подготовка стандартных посадочных мест вручную для деревьев и кустарников с квадратным комом земли размером: 1,3x1,3x0,6 м с добавлением растительной земли до 50%
ГЭСН	47	47-01-007	Подготовка стандартных посадочных мест для деревьев и кустарников с квадратным комом земли вручную	47-01-007-19	10 шт	Подготовка стандартных посадочных мест вручную для деревьев и кустарников с квадратным комом земли размером: 1,3x1,3x0,6 м с добавлением растительной земли до 75%
ГЭСН	47	47-01-007	Подготовка стандартных посадочных мест для деревьев и кустарников с квадратным комом земли вручную	47-01-007-20	10 шт	Подготовка стандартных посадочных мест вручную для деревьев и кустарников с квадратным комом земли размером: 1,3x1,3x0,6 м с добавлением растительной земли до 100%
ГЭСН	47	47-01-007	Подготовка стандартных посадочных мест для деревьев и кустарников с квадратным комом земли вручную	47-01-007-21	10 шт	Подготовка стандартных посадочных мест вручную для деревьев и кустарников с квадратным комом земли размером: 1,5x1,5x0,65 м в естественном грунте
ГЭСН	47	47-01-007	Подготовка стандартных посадочных мест для деревьев и кустарников с квадратным комом земли вручную	47-01-007-22	10 шт	Подготовка стандартных посадочных мест вручную для деревьев и кустарников с квадратным комом земли размером: 1,5x1,5x0,65 м с добавлением растительной земли до 25%
ГЭСН	47	47-01-007	Подготовка стандартных посадочных мест для деревьев и кустарников с квадратным комом земли вручную	47-01-007-23	10 шт	Подготовка стандартных посадочных мест вручную для деревьев и кустарников с квадратным комом земли размером: 1,5x1,5x0,65 м с добавлением растительной земли до 50%
ГЭСН	47	47-01-007	Подготовка стандартных посадочных мест для деревьев и кустарников с квадратным комом земли вручную	47-01-007-24	10 шт	Подготовка стандартных посадочных мест вручную для деревьев и кустарников с квадратным комом земли размером: 1,5x1,5x0,65 м с добавлением растительной земли до 75%
ГЭСН	47	47-01-007	Подготовка стандартных посадочных мест для деревьев и кустарников с квадратным комом земли вручную	47-01-007-25	10 шт	Подготовка стандартных посадочных мест вручную для деревьев и кустарников с квадратным комом земли размером: 1,5x1,5x0,65 м с добавлением растительной земли до 100%
ГЭСН	47	47-01-007	Подготовка стандартных посадочных мест для деревьев и кустарников с квадратным комом земли вручную	47-01-007-26	10 шт	Подготовка стандартных посадочных мест вручную для деревьев и кустарников с квадратным комом земли размером: 1,7x1,7x0,65 м в естественном грунте
ГЭСН	47	47-01-007	Подготовка стандартных посадочных мест для деревьев и кустарников с квадратным комом земли вручную	47-01-007-27	10 шт	Подготовка стандартных посадочных мест вручную для деревьев и кустарников с квадратным комом земли размером: 1,7x1,7x0,65 м с добавлением растительной земли до 25%
ГЭСН	47	47-01-007	Подготовка стандартных посадочных мест для деревьев и кустарников с квадратным комом земли вручную	47-01-007-28	10 шт	Подготовка стандартных посадочных мест вручную для деревьев и кустарников с квадратным комом земли размером: 1,7x1,7x0,65 м с добавлением растительной земли до 50%
ГЭСН	47	47-01-007	Подготовка стандартных посадочных мест для деревьев и кустарников с квадратным комом земли вручную	47-01-007-29	10 шт	Подготовка стандартных посадочных мест вручную для деревьев и кустарников с квадратным комом земли размером: 1,7x1,7x0,65 м с добавлением растительной земли до 75%
ГЭСН	47	47-01-007	Подготовка стандартных посадочных мест для деревьев и кустарников с квадратным комом земли вручную	47-01-007-30	10 шт	Подготовка стандартных посадочных мест вручную для деревьев и кустарников с квадратным комом земли размером: 1,7x1,7x0,65 м с добавлением растительной земли до 100%
ГЭСН	47	47-01-008	Подготовка нестандартных посадочных мест для деревьев или кустарников с комом земли	47-01-008-01	10 м3	Подготовка нестандартных посадочных мест для деревьев или кустарников с комом земли механизированным способом: в естественном грунте
ГЭСН	47	47-01-008	Подготовка нестандартных посадочных мест для деревьев или кустарников с комом земли	47-01-008-02	10 м3	Подготовка нестандартных посадочных мест для деревьев или кустарников с комом земли механизированным способом: с добавлением растительной земли до 25%
ГЭСН	47	47-01-008	Подготовка нестандартных посадочных мест для деревьев или кустарников с комом земли	47-01-008-03	10 м3	Подготовка нестандартных посадочных мест для деревьев или кустарников с комом земли механизированным способом: с добавлением растительной земли до 50%
ГЭСН	47	47-01-008	Подготовка нестандартных посадочных мест для деревьев или кустарников с комом земли	47-01-008-04	10 м3	Подготовка нестандартных посадочных мест для деревьев или кустарников с комом земли механизированным способом: с добавлением растительной земли до 75%
ГЭСН	47	47-01-008	Подготовка нестандартных посадочных мест для деревьев или кустарников с комом земли	47-01-008-05	10 м3	Подготовка нестандартных посадочных мест для деревьев или кустарников с комом земли механизированным способом: с добавлением растительной земли до 100%
ГЭСН	47	47-01-008	Подготовка нестандартных посадочных мест для деревьев или кустарников с комом земли	47-01-008-06	10 м3	Подготовка нестандартных посадочных мест для деревьев или кустарников с комом земли вручную: в естественном грунте
ГЭСН	47	47-01-008	Подготовка нестандартных посадочных мест для деревьев или кустарников с комом земли	47-01-008-07	10 м3	Подготовка нестандартных посадочных мест для деревьев или кустарников с комом земли вручную: с добавлением растительной земли до 25%
ГЭСН	47	47-01-008	Подготовка нестандартных посадочных мест для деревьев или кустарников с комом земли	47-01-008-08	10 м3	Подготовка нестандартных посадочных мест для деревьев или кустарников с комом земли вручную: с добавлением растительной земли до 50%
ГЭСН	47	47-01-008	Подготовка нестандартных посадочных мест для деревьев или кустарников с комом земли	47-01-008-09	10 м3	Подготовка нестандартных посадочных мест для деревьев или кустарников с комом земли вручную: с добавлением растительной земли до 75%
ГЭСН	47	47-01-008	Подготовка нестандартных посадочных мест для деревьев или кустарников с комом земли	47-01-008-10	10 м3	Подготовка нестандартных посадочных мест для деревьев или кустарников с комом земли вручную: с добавлением растительной земли до 100%
ГЭСН	47	47-01-009	Посадка деревьев и кустарников с комом земли	47-01-009-01	10 шт	Посадка деревьев и кустарников с комом земли размером: 0,2x0,15 м и 0,25x0,2 м
ГЭСН	47	47-01-009	Посадка деревьев и кустарников с комом земли	47-01-009-02	10 шт	Посадка деревьев и кустарников с комом земли размером: 0,3x0,3 м
ГЭСН	47	47-01-009	Посадка деревьев и кустарников с комом земли	47-01-009-03	10 шт	Посадка деревьев и кустарников с комом земли размером: 0,5x0,4 м
ГЭСН	47	47-01-009	Посадка деревьев и кустарников с комом земли	47-01-009-04	10 шт	Посадка деревьев и кустарников с комом земли размером: 0,8x0,6 м
ГЭСН	47	47-01-009	Посадка деревьев и кустарников с комом земли	47-01-009-05	10 шт	Посадка деревьев и кустарников с комом земли размером: 0,5x0,5x0,4 м
ГЭСН	47	47-01-009	Посадка деревьев и кустарников с комом земли	47-01-009-06	10 шт	Посадка деревьев и кустарников с комом земли размером: 0,8x0,8x0,5 м
ГЭСН	47	47-01-009	Посадка деревьев и кустарников с комом земли	47-01-009-07	10 шт	Посадка деревьев и кустарников с комом земли размером: 1,0x1,0x0,6 м
ГЭСН	47	47-01-009	Посадка деревьев и кустарников с комом земли	47-01-009-08	10 шт	Посадка деревьев и кустарников с комом земли размером: 1,3x1,3x0,6 м
ГЭСН	47	47-01-009	Посадка деревьев и кустарников с комом земли	47-01-009-09	10 шт	Посадка деревьев и кустарников с комом земли размером: 1,5x1,5x0,65 м
ГЭСН	47	47-01-009	Посадка деревьев и кустарников с комом земли	47-01-009-10	10 шт	Посадка деревьев и кустарников с комом земли размером: 1,7x1,7x0,65 м
ГЭСН	47	47-01-009	Посадка деревьев и кустарников с комом земли	47-01-009-11	10 шт	Посадка деревьев и кустарников с комом земли размером: 2,0х2,0х0,8
ГЭСН	47	47-01-009	Посадка деревьев и кустарников с комом земли	47-01-009-12	10 шт	Посадка деревьев и кустарников с комом земли размером: 2,4х2,4х0,95 м
ГЭСН	47	47-01-009	Посадка деревьев и кустарников с комом земли	47-01-009-13	м3	На каждый 1 м3 изменения объема кома земли добавлять или исключать к нормам с 47-01-009-01 по 47-01-009-12
ГЭСН	47	47-01-010	Нормы для корректировки таблиц с 47-01-004 по 47-01-008 при использовании готовых растительных смесей	47-01-010-01	м3	Приготовление растительной смеси вручную исключать из норм таблиц с 47-01-004 по 47-01-008
ГЭСН	47	47-01-015	Подготовка стандартных посадочных мест для деревьев-саженцев	47-01-015-01	10 шт	Подготовка стандартных посадочных мест для деревьев-саженцев с оголенной корневой системой механизированным способом: в естественном грунте
ГЭСН	47	47-01-015	Подготовка стандартных посадочных мест для деревьев-саженцев	47-01-015-02	10 шт	Подготовка стандартных посадочных мест для деревьев-саженцев с оголенной корневой системой механизированным способом: с добавлением растительной земли до 25%
ГЭСН	47	47-01-015	Подготовка стандартных посадочных мест для деревьев-саженцев	47-01-015-03	10 шт	Подготовка стандартных посадочных мест для деревьев-саженцев с оголенной корневой системой механизированным способом: с добавлением растительной земли до 50%
ГЭСН	47	47-01-015	Подготовка стандартных посадочных мест для деревьев-саженцев	47-01-015-04	10 шт	Подготовка стандартных посадочных мест для деревьев-саженцев с оголенной корневой системой механизированным способом: с добавлением растительной земли до 75%
ГЭСН	47	47-01-015	Подготовка стандартных посадочных мест для деревьев-саженцев	47-01-015-05	10 шт	Подготовка стандартных посадочных мест для деревьев-саженцев с оголенной корневой системой механизированным способом: с добавлением растительной земли до 100%
ГЭСН	47	47-01-015	Подготовка стандартных посадочных мест для деревьев-саженцев	47-01-015-06	10 шт	Подготовка стандартных посадочных мест для деревьев-саженцев с оголенной корневой системой вручную: в естественном грунте
ГЭСН	47	47-01-015	Подготовка стандартных посадочных мест для деревьев-саженцев	47-01-015-07	10 шт	Подготовка стандартных посадочных мест для деревьев-саженцев с оголенной корневой системой вручную: с добавлением растительной земли до 25%
ГЭСН	47	47-01-015	Подготовка стандартных посадочных мест для деревьев-саженцев	47-01-015-08	10 шт	Подготовка стандартных посадочных мест для деревьев-саженцев с оголенной корневой системой вручную: с добавлением растительной земли до 50%
ГЭСН	47	47-01-015	Подготовка стандартных посадочных мест для деревьев-саженцев	47-01-015-09	10 шт	Подготовка стандартных посадочных мест для деревьев-саженцев с оголенной корневой системой вручную: с добавлением растительной земли до 75%
ГЭСН	47	47-01-015	Подготовка стандартных посадочных мест для деревьев-саженцев	47-01-015-10	10 шт	Подготовка стандартных посадочных мест для деревьев-саженцев с оголенной корневой системой вручную: с добавлением растительной земли до 100%
ГЭСН	47	47-01-016	Подготовка нестандартных посадочных мест для деревьев-саженцев	47-01-016-01	10 м3	Подготовка нестандартных посадочных мест для деревьев-саженцев с оголенной корневой системой механизированным способом: в естественном грунте
ГЭСН	47	47-01-016	Подготовка нестандартных посадочных мест для деревьев-саженцев	47-01-016-02	10 м3	Подготовка нестандартных посадочных мест для деревьев-саженцев с оголенной корневой системой механизированным способом: с добавлением растительной земли до 25%
ГЭСН	47	47-01-016	Подготовка нестандартных посадочных мест для деревьев-саженцев	47-01-016-03	10 м3	Подготовка нестандартных посадочных мест для деревьев-саженцев с оголенной корневой системой механизированным способом: с добавлением растительной земли до 50%
ГЭСН	47	47-01-016	Подготовка нестандартных посадочных мест для деревьев-саженцев	47-01-016-04	10 м3	Подготовка нестандартных посадочных мест для деревьев-саженцев с оголенной корневой системой механизированным способом: с добавлением растительной земли до 75%
ГЭСН	47	47-01-016	Подготовка нестандартных посадочных мест для деревьев-саженцев	47-01-016-05	10 м3	Подготовка нестандартных посадочных мест для деревьев-саженцев с оголенной корневой системой механизированным способом: с добавлением растительной земли до 100%
ГЭСН	47	47-01-016	Подготовка нестандартных посадочных мест для деревьев-саженцев	47-01-016-06	10 м3	Подготовка нестандартных посадочных мест для деревьев-саженцев с оголенной корневой системой вручную: в естественном грунте
ГЭСН	47	47-01-016	Подготовка нестандартных посадочных мест для деревьев-саженцев	47-01-016-07	10 м3	Подготовка нестандартных посадочных мест для деревьев-саженцев с оголенной корневой системой вручную: с добавлением растительной земли до 25%
ГЭСН	47	47-01-016	Подготовка нестандартных посадочных мест для деревьев-саженцев	47-01-016-08	10 м3	Подготовка нестандартных посадочных мест для деревьев-саженцев с оголенной корневой системой вручную: с добавлением растительной земли до 50%
ГЭСН	47	47-01-016	Подготовка нестандартных посадочных мест для деревьев-саженцев	47-01-016-09	10 м3	Подготовка нестандартных посадочных мест для деревьев-саженцев с оголенной корневой системой вручную: с добавлением растительной земли до 75%
ГЭСН	47	47-01-016	Подготовка нестандартных посадочных мест для деревьев-саженцев	47-01-016-10	10 м3	Подготовка нестандартных посадочных мест для деревьев-саженцев с оголенной корневой системой вручную: с добавлением растительной земли до 100%
ГЭСН	47	47-01-017	Посадка деревьев-саженцев с оголенной корневой системой	47-01-017-01	10 шт	Посадка деревьев-саженцев с оголенной корневой системой в ямы размером: 0,7x0,7 м
ГЭСН	47	47-01-017	Посадка деревьев-саженцев с оголенной корневой системой	47-01-017-02	10 шт	Посадка деревьев-саженцев с оголенной корневой системой в ямы размером: 1,0x0,8 м
ГЭСН	47	47-01-017	Посадка деревьев-саженцев с оголенной корневой системой	47-01-017-03	м3	На каждый 1 м3 изменения объема земли добавлять или исключать к нормам 47-01-017-01, 47-01-017-02
ГЭСН	47	47-01-023	Подготовка стандартных посадочных мест для кустарников-саженцев в группы	47-01-023-01	10 шт	Подготовка стандартных посадочных мест для кустарников-саженцев в группы механизированным способом: в естественном грунте
ГЭСН	47	47-01-023	Подготовка стандартных посадочных мест для кустарников-саженцев в группы	47-01-023-02	10 шт	Подготовка стандартных посадочных мест для кустарников-саженцев в группы механизированным способом: с добавлением растительной земли до 25%
ГЭСН	47	47-01-023	Подготовка стандартных посадочных мест для кустарников-саженцев в группы	47-01-023-03	10 шт	Подготовка стандартных посадочных мест для кустарников-саженцев в группы механизированным способом: с добавлением растительной земли до 50%
ГЭСН	47	47-01-023	Подготовка стандартных посадочных мест для кустарников-саженцев в группы	47-01-023-04	10 шт	Подготовка стандартных посадочных мест для кустарников-саженцев в группы механизированным способом: с добавлением растительной земли до 75%
ГЭСН	47	47-01-023	Подготовка стандартных посадочных мест для кустарников-саженцев в группы	47-01-023-05	10 шт	Подготовка стандартных посадочных мест для кустарников-саженцев в группы механизированным способом: с добавлением растительной земли до 100%
ГЭСН	47	47-01-023	Подготовка стандартных посадочных мест для кустарников-саженцев в группы	47-01-023-06	10 шт	Подготовка стандартных посадочных мест для кустарников-саженцев в группы вручную: в естественном грунте
ГЭСН	47	47-01-023	Подготовка стандартных посадочных мест для кустарников-саженцев в группы	47-01-023-07	10 шт	Подготовка стандартных посадочных мест для кустарников-саженцев в группы вручную: с добавлением растительной земли до 25%
ГЭСН	47	47-01-023	Подготовка стандартных посадочных мест для кустарников-саженцев в группы	47-01-023-08	10 шт	Подготовка стандартных посадочных мест для кустарников-саженцев в группы вручную: с добавлением растительной земли до 50%
ГЭСН	47	47-01-023	Подготовка стандартных посадочных мест для кустарников-саженцев в группы	47-01-023-09	10 шт	Подготовка стандартных посадочных мест для кустарников-саженцев в группы вручную: с добавлением растительной земли до 75%
ГЭСН	47	47-01-023	Подготовка стандартных посадочных мест для кустарников-саженцев в группы	47-01-023-10	10 шт	Подготовка стандартных посадочных мест для кустарников-саженцев в группы вручную: с добавлением растительной земли до 100%
ГЭСН	47	47-01-024	Подготовка нестандартных посадочных мест для кустарников-саженцев в группы	47-01-024-01	10 м3	Подготовка нестандартных посадочных мест для кустарников-саженцев в группы механизированным способом: в естественном грунте
ГЭСН	47	47-01-024	Подготовка нестандартных посадочных мест для кустарников-саженцев в группы	47-01-024-02	10 м3	Подготовка нестандартных посадочных мест для кустарников-саженцев в группы механизированным способом: с добавлением растительной земли до 25%
ГЭСН	47	47-01-024	Подготовка нестандартных посадочных мест для кустарников-саженцев в группы	47-01-024-03	10 м3	Подготовка нестандартных посадочных мест для кустарников-саженцев в группы механизированным способом: с добавлением растительной земли до 50%
ГЭСН	47	47-01-024	Подготовка нестандартных посадочных мест для кустарников-саженцев в группы	47-01-024-04	10 м3	Подготовка нестандартных посадочных мест для кустарников-саженцев в группы механизированным способом: с добавлением растительной земли до 75%
ГЭСН	47	47-01-024	Подготовка нестандартных посадочных мест для кустарников-саженцев в группы	47-01-024-05	10 м3	Подготовка нестандартных посадочных мест для кустарников-саженцев в группы механизированным способом: с добавлением растительной земли до 100%
ГЭСН	47	47-01-024	Подготовка нестандартных посадочных мест для кустарников-саженцев в группы	47-01-024-06	10 м3	Подготовка нестандартных посадочных мест для кустарников-саженцев в группы вручную: в естественном грунте
ГЭСН	47	47-01-024	Подготовка нестандартных посадочных мест для кустарников-саженцев в группы	47-01-024-07	10 м3	Подготовка нестандартных посадочных мест для кустарников-саженцев в группы вручную: с добавлением растительной земли до 25%
ГЭСН	47	47-01-024	Подготовка нестандартных посадочных мест для кустарников-саженцев в группы	47-01-024-08	10 м3	Подготовка нестандартных посадочных мест для кустарников-саженцев в группы вручную: с добавлением растительной земли до 50%
ГЭСН	47	47-01-024	Подготовка нестандартных посадочных мест для кустарников-саженцев в группы	47-01-024-09	10 м3	Подготовка нестандартных посадочных мест для кустарников-саженцев в группы вручную: с добавлением растительной земли до 75%
ГЭСН	47	47-01-024	Подготовка нестандартных посадочных мест для кустарников-саженцев в группы	47-01-024-10	10 м3	Подготовка нестандартных посадочных мест для кустарников-саженцев в группы вручную: с добавлением растительной земли до 100%
ГЭСН	47	47-01-025	Посадка кустарников-саженцев в группы	47-01-025-01	10 шт	Посадка кустарников-саженцев в группы, размер ямы: 0,5x0,5 м
ГЭСН	47	47-01-025	Посадка кустарников-саженцев в группы	47-01-025-02	10 шт	Посадка кустарников-саженцев в группы, размер ямы: 0,7x0,5 м
ГЭСН	47	47-01-025	Посадка кустарников-саженцев в группы	47-01-025-03	м3	На каждый 1 м3 изменения объема земли добавлять или исключать к нормам 47-01-025-01, 47-01-025-02
ГЭСН	47	47-01-031	Подготовка стандартных посадочных мест	47-01-031-11	10 м	Подготовка стандартных посадочных мест для однорядной живой изгороди вручную: в естественном грунте
ГЭСН	47	47-01-031	Подготовка стандартных посадочных мест	47-01-031-12	10 м	Подготовка стандартных посадочных мест для однорядной живой изгороди вручную: с добавлением растительной земли до 25%
ГЭСН	47	47-01-031	Подготовка стандартных посадочных мест	47-01-031-13	10 м	Подготовка стандартных посадочных мест для однорядной живой изгороди вручную: с добавлением растительной земли до 50%
ГЭСН	47	47-01-031	Подготовка стандартных посадочных мест	47-01-031-14	10 м	Подготовка стандартных посадочных мест для однорядной живой изгороди вручную: с добавлением растительной земли до 75%
ГЭСН	47	47-01-031	Подготовка стандартных посадочных мест	47-01-031-15	10 м	Подготовка стандартных посадочных мест для однорядной живой изгороди вручную: с добавлением растительной земли до 100%
ГЭСН	47	47-01-031	Подготовка стандартных посадочных мест	47-01-031-16	10 м	Подготовка стандартных посадочных мест для двухрядной живой изгороди вручную: в естественном грунте
ГЭСН	47	47-01-031	Подготовка стандартных посадочных мест	47-01-031-17	10 м	Подготовка стандартных посадочных мест для двухрядной живой изгороди вручную: с добавлением растительной земли до 25%
ГЭСН	47	47-01-031	Подготовка стандартных посадочных мест	47-01-031-18	10 м	Подготовка стандартных посадочных мест для двухрядной живой изгороди вручную: с добавлением растительной земли до 50%
ГЭСН	47	47-01-031	Подготовка стандартных посадочных мест	47-01-031-19	10 м	Подготовка стандартных посадочных мест для двухрядной живой изгороди вручную: с добавлением растительной земли до 75%
ГЭСН	47	47-01-031	Подготовка стандартных посадочных мест	47-01-031-20	10 м	Подготовка стандартных посадочных мест для двухрядной живой изгороди вручную: с добавлением растительной земли до 100%
ГЭСН	47	47-01-032	Подготовка нестандартных посадочных мест для живой изгороди	47-01-032-06	10 м3	Подготовка нестандартных посадочных мест для живой изгороди вручную: в естественном грунте
ГЭСН	47	47-01-032	Подготовка нестандартных посадочных мест для живой изгороди	47-01-032-07	10 м3	Подготовка нестандартных посадочных мест для живой изгороди вручную: с добавлением растительной земли до 25%
ГЭСН	47	47-01-032	Подготовка нестандартных посадочных мест для живой изгороди	47-01-032-08	10 м3	Подготовка нестандартных посадочных мест для живой изгороди вручную: с добавлением растительной земли до 50%
ГЭСН	47	47-01-032	Подготовка нестандартных посадочных мест для живой изгороди	47-01-032-09	10 м3	Подготовка нестандартных посадочных мест для живой изгороди вручную: с добавлением растительной земли до 75%
ГЭСН	47	47-01-032	Подготовка нестандартных посадочных мест для живой изгороди	47-01-032-10	10 м3	Подготовка нестандартных посадочных мест для живой изгороди вручную: с добавлением растительной земли до 100%
ГЭСН	47	47-01-033	Посадка кустарников-саженцев в живую изгородь	47-01-033-01	10 м	Посадка кустарников-саженцев в живую изгородь: однорядную и вьющихся растений
ГЭСН	47	47-01-033	Посадка кустарников-саженцев в живую изгородь	47-01-033-02	10 м	Посадка кустарников-саженцев в живую изгородь: двухрядную
ГЭСН	47	47-01-033	Посадка кустарников-саженцев в живую изгородь	47-01-033-03	м3	На каждый 1 м3 изменения объема земли добавлять или исключать к нормам с 47-01-033-01 по 47-01-033-02
ГЭСН	47	47-01-039	Внесение удобрений при посадке деревьев и кустарников	47-01-039-01	10 м3	Внесение органических удобрений при посадке деревьев и кустарников: для стандартных саженцев
ГЭСН	47	47-01-039	Внесение удобрений при посадке деревьев и кустарников	47-01-039-02	10 м3	Внесение органических удобрений при посадке деревьев и кустарников: для деревьев или кустарников с комом в естественный грунт
ГЭСН	47	47-01-039	Внесение удобрений при посадке деревьев и кустарников	47-01-039-03	10 м3	Внесение минеральных удобрений при посадке деревьев и кустарников: для стандартных саженцев
ГЭСН	47	47-01-039	Внесение удобрений при посадке деревьев и кустарников	47-01-039-04	10 м3	Внесение минеральных удобрений при посадке деревьев и кустарников: для деревьев или кустарников с комом в естественный грунт
ГЭСН	47	47-01-039	Внесение удобрений при посадке деревьев и кустарников	47-01-039-05	10 ям	Улучшение почвы при посадке деревьев и кустарников в городских условиях, деревья и кустарники: без кома земли, размер ямы 0,5х0,5 м
ГЭСН	47	47-01-039	Внесение удобрений при посадке деревьев и кустарников	47-01-039-06	10 ям	Улучшение почвы при посадке деревьев и кустарников в городских условиях, деревья и кустарники: с комом земли, размер ямы 1,5х0,85 м
ГЭСН	47	47-01-040	Устройство изоляции при посадке деревьев и кустарников	47-01-040-01	10 шт	Устройство изоляции при посадке деревьев и кустарников
ГЭСН	47	47-01-045	Устройство газона методом гидропосева	47-01-045-01	100 м2	Устройство газона методом гидропосева мотопомпой из емкости объемом 5000 л: по горизонтальной поверхности
ГЭСН	47	47-01-045	Устройство газона методом гидропосева	47-01-045-02	100 м2	Устройство газона методом гидропосева мотопомпой из емкости объемом 5000 л: откосов
ГЭСН	47	47-01-045	Устройство газона методом гидропосева	47-01-045-03	100 м2	Устройство газона методом гидропосева компактной гидросеялкой объемом 1100 л: по горизонтальной поверхности
ГЭСН	47	47-01-045	Устройство газона методом гидропосева	47-01-045-04	100 м2	Устройство газона методом гидропосева компактной гидросеялкой объемом 1100 л: откосов
ГЭСН	47	47-01-046	Устройство газонов	47-01-046-01	100 м2	Подготовка почвы для устройства партерного и обыкновенного газона без внесения растительной земли: механизированным способом
ГЭСН	47	47-01-046	Устройство газонов	47-01-046-02	100 м2	Подготовка почвы для устройства партерного и обыкновенного газона без внесения растительной земли: вручную
ГЭСН	47	47-01-046	Устройство газонов	47-01-046-03	100 м2	Подготовка почвы для устройства партерного и обыкновенного газона с внесением растительной земли слоем 15 см: механизированным способом
ГЭСН	47	47-01-046	Устройство газонов	47-01-046-04	100 м2	Подготовка почвы для устройства партерного и обыкновенного газона с внесением растительной земли слоем 15 см: вручную
ГЭСН	47	47-01-046	Устройство газонов	47-01-046-05	100 м2	На каждые 5 см изменения толщины слоя добавлять или исключать к нормам с 47-01-046-01 по 47-01-046-04
ГЭСН	47	47-01-046	Устройство газонов	47-01-046-06	100 м2	Посев газонов партерных, мавританских и обыкновенных вручную
ГЭСН	47	47-01-046	Устройство газонов	47-01-046-07	100 м2	Устройство газонов из готовых рулонных заготовок: горизонтальные поверхности и откосы с уклоном 1:2
ГЭСН	47	47-01-046	Устройство газонов	47-01-046-08	100 м2	Устройство газонов из готовых рулонных заготовок: горизонтальные поверхности и откосы с уклоном более 1:2
ГЭСН	47	47-01-046	Устройство газонов	47-01-046-09	100 м2	Устройство газонного покрытия на ячеистом основании
ГЭСН	47	47-01-046	Устройство газонов	47-01-046-10	100 м2	Устройство гибридного газона на плоской поверхности: с посевом нового газона
ГЭСН	47	47-01-046	Устройство газонов	47-01-046-11	100 м2	Устройство гибридного газона на плоской поверхности: на существующий газон
ГЭСН	47	47-01-046	Устройство газонов	47-01-046-12	100 м2	Устройство гибридного газона на холмах: с посевом нового газона
ГЭСН	47	47-01-046	Устройство газонов	47-01-046-13	100 м2	Устройство гибридного газона на холмах: с готовым основанием
ГЭСН	47	47-01-047	Посев луговых газонов тракторной сеялкой	47-01-047-01	га	Посев луговых газонов тракторной сеялкой
ГЭСН	47	47-01-048	Устройство корыта под цветники	47-01-048-01	100 м2	Устройство корыта под цветники глубиной 40 см: механизированным способом
ГЭСН	47	47-01-048	Устройство корыта под цветники	47-01-048-02	100 м2	Устройство корыта под цветники глубиной 40 см: вручную
ГЭСН	47	47-01-048	Устройство корыта под цветники	47-01-048-03	100 м2	На каждые 10 см изменения глубины корыта под цветники добавлять или исключать к норме: 47-01-048-01
ГЭСН	47	47-01-048	Устройство корыта под цветники	47-01-048-04	100 м2	На каждые 10 см изменения глубины корыта под цветники добавлять или исключать к норме: 47-01-048-02
ГЭСН	47	47-01-049	Подготовка почвы под цветники	47-01-049-01	100 м2	Подготовка почвы под цветники толщиной слоя насыпки 20 см
ГЭСН	47	47-01-049	Подготовка почвы под цветники	47-01-049-02	100 м2	На каждые 5 см толщины слоя почвы под цветники добавлять или исключать к норме 47-01-049-01
ГЭСН	47	47-01-050	Посадка многолетних цветников	47-01-050-01	100 м2	Посадка многолетних цветников при густоте посадки 1,6 тыс. шт. цветов
ГЭСН	47	47-01-050	Посадка многолетних цветников	47-01-050-02	100 м2	На каждые 1000 шт. высаживаемых цветов добавлять или исключать к норме 47-01-050-01
ГЭСН	47	47-01-051	Одерновка цветников, дорожек и площадок в ленту	47-01-051-01	100 м	Одерновка цветников, дорожек и площадок в ленту
ГЭСН	47	47-01-052	Устройство альпинариев и рокариев	47-01-052-01	100 м2	Устройство альпинариев и рокариев
ГЭСН	47	47-01-053	Устройство насыпных клумб и рабаток	47-01-053-01	100 м2	Устройство насыпных клумб и рабаток при высоте настилаемого слоя до 0,1 м
ГЭСН	47	47-01-053	Устройство насыпных клумб и рабаток	47-01-053-02	100 м2	На каждые следующие 10 см изменения высоты настилаемого слоя при устройстве насыпных клумб и рабаток добавлять к норме 47-01-053-01
ГЭСН	47	47-01-054	Посадка цветов в клумбы, рабатки и вазы-цветочницы	47-01-054-01	1000 шт	Посадка цветов в клумбы, рабатки и вазы-цветочницы: клубневых, луковичных и клубнелуковичных
ГЭСН	47	47-01-054	Посадка цветов в клумбы, рабатки и вазы-цветочницы	47-01-054-02	1000 шт	Посадка цветов в клумбы, рабатки и вазы-цветочницы: многолетних и корневищных
ГЭСН	47	47-01-054	Посадка цветов в клумбы, рабатки и вазы-цветочницы	47-01-054-03	1000 шт	Посадка цветов в клумбы, рабатки и вазы-цветочницы: летников ковровых
ГЭСН	47	47-01-054	Посадка цветов в клумбы, рабатки и вазы-цветочницы	47-01-054-04	1000 шт	Посадка цветов в клумбы, рабатки и вазы-цветочницы: летников горшечных
ГЭСН	47	47-01-067	Уход за деревьями или кустарниками с комом земли	47-01-067-01	10 шт	Уход за деревьями или кустарниками с комом земли размером: 0,2x0,15 и 0,25x0,2 м
ГЭСН	47	47-01-067	Уход за деревьями или кустарниками с комом земли	47-01-067-02	10 шт	Уход за деревьями или кустарниками с комом земли размером: 0,3x0,3 м
ГЭСН	47	47-01-067	Уход за деревьями или кустарниками с комом земли	47-01-067-03	10 шт	Уход за деревьями или кустарниками с комом земли размером: 0,5x0,4 м
ГЭСН	47	47-01-067	Уход за деревьями или кустарниками с комом земли	47-01-067-04	10 шт	Уход за деревьями или кустарниками с комом земли размером: 0,8x0,6 м
ГЭСН	47	47-01-067	Уход за деревьями или кустарниками с комом земли	47-01-067-05	10 шт	Уход за деревьями или кустарниками с комом земли размером: 0,5x0,5x0,4 м
ГЭСН	47	47-01-067	Уход за деревьями или кустарниками с комом земли	47-01-067-06	10 шт	Уход за деревьями или кустарниками с комом земли размером: 0,8х0,8х0,5м
ГЭСН	47	47-01-067	Уход за деревьями или кустарниками с комом земли	47-01-067-07	10 шт	Уход за деревьями или кустарниками с комом земли размером: 1,0x1,0x0,6 м
ГЭСН	47	47-01-067	Уход за деревьями или кустарниками с комом земли	47-01-067-08	10 шт	Уход за деревьями или кустарниками с комом земли размером: 1,3х1,3х0,6м
ГЭСН	47	47-01-067	Уход за деревьями или кустарниками с комом земли	47-01-067-09	10 шт	Уход за деревьями или кустарниками с комом земли размером: 1,5x1,5x0,65 м
ГЭСН	47	47-01-067	Уход за деревьями или кустарниками с комом земли	47-01-067-10	10 шт	Уход за деревьями или кустарниками с комом земли размером: 1,7x1,7x0,65 м
ГЭСН	47	47-01-067	Уход за деревьями или кустарниками с комом земли	47-01-067-11	10 шт	Уход за деревьями или кустарниками с комом земли размером: 2,0х2,0х0,8 м
ГЭСН	47	47-01-067	Уход за деревьями или кустарниками с комом земли	47-01-067-12	10 шт	Уход за деревьями или кустарниками с комом земли размером: 2,4х2,4х0,95 м
ГЭСН	47	47-01-068	Уход за саженцами с оголенной корневой системой	47-01-068-01	10 шт	Уход за саженцами с оголенной корневой системой: деревьев
ГЭСН	47	47-01-068	Уход за саженцами с оголенной корневой системой	47-01-068-02	10 шт	Уход за саженцами с оголенной корневой системой: кустарников в групповых посадках
ГЭСН	47	47-01-069	Уход за саженцами кустарников с оголенной корневой системой в живой изгороди	47-01-069-01	10 м	Уход за саженцами кустарников с оголенной корневой системой в живой изгороди: однорядной и вьющимися растениями
ГЭСН	47	47-01-069	Уход за саженцами кустарников с оголенной корневой системой в живой изгороди	47-01-069-02	10 м	Уход за саженцами кустарников с оголенной корневой системой в живой изгороди: двухрядной
ГЭСН	47	47-01-070	Уход за цветниками и газонами	47-01-070-01	100 м2	Уход: за цветниками из многолетников
ГЭСН	47	47-01-070	Уход за цветниками и газонами	47-01-070-02	100 м2	Уход: за газонами партерными
ГЭСН	47	47-01-070	Уход за цветниками и газонами	47-01-070-03	100 м2	Уход: за газонами обыкновенными
ГЭСН	47	47-01-071	Уход за газонами луговыми	47-01-071-01	га	Уход за газонами луговыми
ГЭСН	47	47-01-072	Уход за растениями в альпинариях и рокариях	47-01-072-01	100 м2	Уход за растениями в альпинариях и рокариях
ГЭСН	47	47-01-073	Укрытие на зиму теплолюбивых кустарников и роз	47-01-073-01	10 шт	Укрытие на зиму теплолюбивых кустарников и роз
ГЭСН	47	47-01-074	Укрытие на зиму теплолюбивых многолетних цветов	47-01-074-01	100 м2	Укрытие на зиму теплолюбивых многолетних цветов
ГЭСН	47	47-01-075	Устройство системы полива	47-01-075-01	100 м	Прокладка трубопроводов системы полива из полиэтиленовых труб диаметром: 16 мм
ГЭСН	47	47-01-075	Устройство системы полива	47-01-075-02	100 м	Прокладка трубопроводов системы полива из полиэтиленовых труб диаметром: 25 мм
ГЭСН	47	47-01-075	Устройство системы полива	47-01-075-03	100 м	Прокладка трубопроводов системы полива из полиэтиленовых труб диаметром: 32 мм
ГЭСН	47	47-01-075	Устройство системы полива	47-01-075-04	100 м	Прокладка трубопроводов системы полива из полиэтиленовых труб диаметром: 40 мм
ГЭСН	47	47-01-075	Устройство системы полива	47-01-075-05	100 шт	Установка дождевателей
ГЭСН	47	47-01-075	Устройство системы полива	47-01-075-06	100 м	Установка отводов системы полива из полиэтиленовых труб диаметром 6 мм
ГЭСН	47	47-01-076	Укрытие газонов	47-01-076-01	100 м2	Укрытие обычных газонов и газонов на откосах мешковиной
ГЭСН	47	47-01-080	Уход за зелеными насаждениями	47-01-080-01	100 м2	Прополка: газонов
ГЭСН	47	47-01-080	Уход за зелеными насаждениями	47-01-080-02	100 м2	Прополка: цветников с применением полотиков
ГЭСН	47	47-01-080	Уход за зелеными насаждениями	47-01-080-03	100 м2	Прополка: цветников без применения полотиков
ГЭСН	47	47-01-080	Уход за зелеными насаждениями	47-01-080-04	100 м2	Рыхление цветников ручным инструментом
ГЭСН	47	47-01-080	Уход за зелеными насаждениями	47-01-080-05	100 м2	Стрижка: каймы вокруг многолетних цветников
ГЭСН	47	47-01-080	Уход за зелеными насаждениями	47-01-080-06	100 м2	Стрижка: газонного бордюра
ГЭСН	47	47-01-080	Уход за зелеными насаждениями	47-01-080-07	100 м2	Выкашивание газонов партерных и обыкновенных моторной косилкой
ГЭСН	47	47-01-081	Выкашивание газонов луговых тракторной косилкой	47-01-081-01	га	Выкашивание газонов луговых тракторной косилкой
ГЭСН	47	47-01-082	Опрыскивание ядохимикатами	47-01-082-01	100 шт	Опрыскивание ядохимикатами: деревьев при высоте до 3 м
ГЭСН	47	47-01-082	Опрыскивание ядохимикатами	47-01-082-02	100 шт	Опрыскивание ядохимикатами: деревьев при высоте до 5 м
ГЭСН	47	47-01-082	Опрыскивание ядохимикатами	47-01-082-03	100 шт	Опрыскивание ядохимикатами: кустарников при высоте до 1 м
ГЭСН	47	47-01-082	Опрыскивание ядохимикатами	47-01-082-04	100 шт	Опрыскивание ядохимикатами: кустарников при высоте до 2 м
ГЭСН	47	47-01-082	Опрыскивание ядохимикатами	47-01-082-05	100 шт	Опрыскивание ядохимикатами: кустарников при высоте более 2 м
ГЭСН	47	47-01-084	Полив зеленых насаждений	47-01-084-01	м3	Полив зеленых насаждений: из шланга поливомоечной машины
ГЭСН	47	47-01-084	Полив зеленых насаждений	47-01-084-02	м3	Полив зеленых насаждений: из шланга поливочного водопровода
ГЭСН	47	47-01-084	Полив зеленых насаждений	47-01-084-03	м3	Полив зеленых насаждений: из ведер
ГЭСН	47	47-01-085	Открытие или закрытие, прополка и рыхление приствольных лунок и канавок	47-01-085-01	100 м2	Открытие или закрытие приствольных: лунок
ГЭСН	47	47-01-085	Открытие или закрытие, прополка и рыхление приствольных лунок и канавок	47-01-085-02	100 м2	Открытие или закрытие приствольных: канавок
ГЭСН	47	47-01-085	Открытие или закрытие, прополка и рыхление приствольных лунок и канавок	47-01-085-03	100 м2	Прополка и рыхление лунок или канавок
ГЭСН	47	47-01-086	Выкапывание луковичных и клубнелуковичных цветочных растений	47-01-086-01	100 шт	Выкапывание: луковичных цветочных растений
ГЭСН	47	47-01-086	Выкапывание луковичных и клубнелуковичных цветочных растений	47-01-086-02	100 шт	Выкапывание: клубнелуковичных цветочных растений
ГЭСН	47	47-01-107	Формовочная обрезка деревьев	47-01-107-01	шт	Формовочная обрезка деревьев высотой: до 5 м
ГЭСН	47	47-01-107	Формовочная обрезка деревьев	47-01-107-02	шт	Формовочная обрезка деревьев высотой: более 5 м
ГЭСН	47	47-01-108	Обрезка и прореживание крон деревьев	47-01-108-01	шт	Обрезка и прореживание крон деревьев: при диаметре ствола до 250 мм, количеством срезов 15-20
ГЭСН	47	47-01-108	Обрезка и прореживание крон деревьев	47-01-108-02	шт	Обрезка и прореживание крон деревьев: при диаметре ствола до 400 мм, количеством срезов 20-30
ГЭСН	47	47-01-109	Обрезка крон деревьев под естественный вид	47-01-109-01	шт	Обрезка крон деревьев под естественный вид: с лестницы или стремянки
ГЭСН	47	47-01-109	Обрезка крон деревьев под естественный вид	47-01-109-02	шт	Обрезка крон деревьев под естественный вид: с автогидроподъемника
ГЭСН	47	47-01-110	Омолаживание деревьев лиственных пород	47-01-110-01	шт	Спиливание скелетных ветвей деревьев с диаметром ствола до 50 см при количестве срезов: до 20
ГЭСН	47	47-01-110	Омолаживание деревьев лиственных пород	47-01-110-02	шт	Спиливание скелетных ветвей деревьев с диаметром ствола до 50 см при количестве срезов: от 20 до 30
ГЭСН	47	47-01-110	Омолаживание деревьев лиственных пород	47-01-110-03	шт	Спиливание скелетных ветвей деревьев с диаметром ствола до 50 см при количестве срезов: свыше 30
ГЭСН	47	47-01-110	Омолаживание деревьев лиственных пород	47-01-110-04	шт	Спиливание скелетных ветвей деревьев с диаметром ствола свыше 50 см при количестве срезов: до 20
ГЭСН	47	47-01-110	Омолаживание деревьев лиственных пород	47-01-110-05	шт	Спиливание скелетных ветвей деревьев с диаметром ствола свыше 50 см при количестве срезов: от 20 до 30
ГЭСН	47	47-01-110	Омолаживание деревьев лиственных пород	47-01-110-06	шт	Спиливание скелетных ветвей деревьев с диаметром ствола свыше 50 см при количестве срезов: свыше 30
ГЭСН	47	47-01-111	Лечение и закраска ран у растущих деревьев	47-01-111-01	10 шт	Лечение ран у растущих деревьев с поверхностью обработки 1000 см2: с земли и стремянок
ГЭСН	47	47-01-111	Лечение и закраска ран у растущих деревьев	47-01-111-02	10 шт	Лечение ран у растущих деревьев с поверхностью обработки 1000 см2: с автогидроподъемника
ГЭСН	47	47-01-111	Лечение и закраска ран у растущих деревьев	47-01-111-03	10 шт	При изменении поверхности обработки на 100 см2 добавлять или исключать: к норме 47-01-111-01
ГЭСН	47	47-01-111	Лечение и закраска ран у растущих деревьев	47-01-111-04	10 шт	При изменении поверхности обработки на 100 см2 добавлять или исключать: к норме 47-01-111-02
ГЭСН	47	47-01-111	Лечение и закраска ран у растущих деревьев	47-01-111-05	10 шт	Закраска ран у растущих деревьев с поверхностью обработки 1000 см2: с земли и стремянок
ГЭСН	47	47-01-111	Лечение и закраска ран у растущих деревьев	47-01-111-06	10 шт	Закраска ран у растущих деревьев с поверхностью обработки 1000 см2: с автогидроподъемника
ГЭСН	47	47-01-111	Лечение и закраска ран у растущих деревьев	47-01-111-07	10 шт	При изменении поверхности обработки на 100 см2 добавлять или исключать: к норме 47-01-111-05
ГЭСН	47	47-01-111	Лечение и закраска ран у растущих деревьев	47-01-111-08	10 шт	При изменении поверхности обработки на 100 см2 добавлять или исключать: к норме 47-01-111-06
ГЭСН	47	47-01-113	Вырезка порослей у деревьев	47-01-113-01	100 шт	Вырезка порослей: тополя, ивы
ГЭСН	47	47-01-113	Вырезка порослей у деревьев	47-01-113-02	100 шт	Вырезка порослей: деревьев (кроме тополя, ивы)
ГЭСН	47	47-01-114	Вырезка сухих ветвей	47-01-114-01	10 шт	Вырезка сухих ветвей на дереве: с земли и стремянки при высоте дерева до 5 м
ГЭСН	47	47-01-114	Вырезка сухих ветвей	47-01-114-02	10 шт	Вырезка сухих ветвей на дереве: с автогидроподъемника при высоте дерева более 5 м
ГЭСН	47	47-01-114	Вырезка сухих ветвей	47-01-114-03	шт	При изменении количества срезаемых сухих ветвей на 1 шт. добавлять или исключать: к норме 47-01-114-01
ГЭСН	47	47-01-114	Вырезка сухих ветвей	47-01-114-04	шт	При изменении количества срезаемых сухих ветвей на 1 шт. добавлять или исключать: к норме 47-01-114-02
ГЭСН	47	47-01-115	Сбор ветвей и сучьев после явлений стихийного характера: сильный ветер, шторм, ураган	47-01-115-01	100 м2	Сбор ветвей и сучьев после явлений стихийного характера: сильный ветер, шторм, ураган
ГЭСН	47	47-01-116	Формовочная стрижка, обрезка крон кустарников для придания заданной формы	47-01-116-01	100 шт	Формирование крон кустарников заданной формы с диаметром куста: до 1,0 м
ГЭСН	47	47-01-116	Формовочная стрижка, обрезка крон кустарников для придания заданной формы	47-01-116-02	100 шт	Формирование крон кустарников заданной формы с диаметром куста: более 1,0 м
ГЭСН	47	47-01-117	Обрезка и прореживание крон кустарников	47-01-117-01	100 шт	Обрезка и прореживание одиночных кустарников лиственных пород при диаметре: до 1 м
ГЭСН	47	47-01-117	Обрезка и прореживание крон кустарников	47-01-117-02	100 шт	Обрезка и прореживание одиночных кустарников лиственных пород при диаметре: более 1 м
ГЭСН	47	47-01-117	Обрезка и прореживание крон кустарников	47-01-117-03	100 шт	Обрезка и прореживание колючих одиночных кустарников при диаметре: до 1 м
ГЭСН	47	47-01-117	Обрезка и прореживание крон кустарников	47-01-117-04	100 шт	Обрезка и прореживание колючих одиночных кустарников при диаметре: более 1 м
ГЭСН	47	47-01-118	Обрезка крон кустарников под естественный вид	47-01-118-01	100 шт	Обрезка крон кустарников под естественный вид с диаметром куста: до 1,0 м
ГЭСН	47	47-01-118	Обрезка крон кустарников под естественный вид	47-01-118-02	100 шт	Обрезка крон кустарников под естественный вид с диаметром куста: более 1,0 м
ГЭСН	47	47-01-119	Стрижка живых изгородей	47-01-119-01	100 м2	Стрижка живых изгородей ручным способом пород: мягколиственных, твердолиственных
ГЭСН	47	47-01-119	Стрижка живых изгородей	47-01-119-02	100 м2	Стрижка живых изгородей ручным способом пород: с шипами и колючками
ГЭСН	47	47-01-119	Стрижка живых изгородей	47-01-119-03	100 м2	Стрижка живых изгородей высотой до 0,5 м механизированным способом: мягколиственных, твердолиственных
ГЭСН	47	47-01-119	Стрижка живых изгородей	47-01-119-04	100 м2	Стрижка живых изгородей высотой до 0,5 м механизированным способом: с шипами и колючками
ГЭСН	47	47-01-119	Стрижка живых изгородей	47-01-119-05	100 м2	На каждые 0,5 м изменения высоты живой изгороди добавлять: к норме 47-01-119-03
ГЭСН	47	47-01-119	Стрижка живых изгородей	47-01-119-06	100 м2	На каждые 0,5 м изменения высоты живой изгороди добавлять: к норме 47-01-119-04
ГЭСН	47	47-01-120	Уборка опавших листьев	47-01-120-01	100 м2	Уборка опавших листьев при засоренности: средней
ГЭСН	47	47-01-120	Уборка опавших листьев	47-01-120-02	100 м2	Уборка опавших листьев при засоренности: сильной
ГЭСН	47	47-01-122	Разбрасывание сухих органических удобрений по площади посадки	47-01-122-01	т	Разбрасывание сухих органических удобрений по площади посадки
ГЭСН	47	47-01-123	Внесение удобрений в почву	47-01-123-01	100 м2	Внесение удобрений в почву: органических
ГЭСН	47	47-01-123	Внесение удобрений в почву	47-01-123-02	100 м2	Внесение удобрений в почву: минеральных
ГЭСН	47	47-01-123	Внесение удобрений в почву	47-01-123-03	100 м2	Улучшение почвы газонов внесением торфа слоем 5 см
ГЭСН	47	47-01-123	Внесение удобрений в почву	47-01-123-04	100 м2	На каждый 1 см изменения толщины слоя добавлять или исключать к норме 47-01-123-03
ГЭСН	47	47-01-123	Внесение удобрений в почву	47-01-123-05	100 м2	Улучшение почвы газонов органическими удобрениями
ГЭСН	47	47-01-125	Уничтожение сорняков на набивных дорожках и площадках ядохимикатами	47-01-125-01	1000 м2	Уничтожение сорняков на набивных дорожках и площадках ядохимикатами
ГЭСН	47	47-01-126	Устройство приствольных лунок и канавок для полива	47-01-126-01	100 м2	Устройство приствольных лунок и канавок для полива: деревьев и одиночных кустарников
ГЭСН	47	47-01-126	Устройство приствольных лунок и канавок для полива	47-01-126-02	100 м2	Устройство приствольных лунок и канавок для полива: живых изгородей
ГЭСН	47	47-01-127	Перекопка почвы лунок со снятием и установкой приствольных решеток	47-01-127-01	шт	Перекопка и рыхление почвы лунок со снятием и установкой приствольных решеток площадью: до 2 м2
ГЭСН	47	47-01-127	Перекопка почвы лунок со снятием и установкой приствольных решеток	47-01-127-02	шт	Перекопка и рыхление почвы лунок со снятием и установкой приствольных решеток площадью: более 2 м2
ГЭСН	47	47-01-128	Валка деревьев с разделкой древесины на корню	47-01-128-01	шт	Валка деревьев с разделкой древесины на корню, твердолиственных пород диаметром: до 0,5 м
ГЭСН	47	47-01-128	Валка деревьев с разделкой древесины на корню	47-01-128-02	шт	Валка деревьев с разделкой древесины на корню, твердолиственных пород диаметром: свыше 0,5 м
ГЭСН	47	47-01-128	Валка деревьев с разделкой древесины на корню	47-01-128-03	шт	Валка деревьев с разделкой древесины на корню, мягколиственных и хвойных пород диаметром: до 0,5 м
ГЭСН	47	47-01-128	Валка деревьев с разделкой древесины на корню	47-01-128-04	шт	Валка деревьев с разделкой древесины на корню, мягколиственных и хвойных пород диаметром: свыше 0,5 м
ГЭСН	47	47-01-129	Биообезвреживание нефтесодержащих грунтов суспензией микроорганизмов	47-01-129-01	100 м2	Биообезвреживание нефтесодержащих грунтов суспензией микроорганизмов при механизированной обработке почвы: с посевом газона
ГЭСН	47	47-01-129	Биообезвреживание нефтесодержащих грунтов суспензией микроорганизмов	47-01-129-02	100 м2	Биообезвреживание нефтесодержащих грунтов суспензией микроорганизмов при механизированной обработке почвы: без посева газона
ГЭСН	47	47-01-129	Биообезвреживание нефтесодержащих грунтов суспензией микроорганизмов	47-01-129-03	100 м2	Биообезвреживание нефтесодержащих грунтов суспензией микроорганизмов при механизированной обработке почвы: повторная обработка
ГЭСН	47	47-01-129	Биообезвреживание нефтесодержащих грунтов суспензией микроорганизмов	47-01-129-04	100 м2	Биообезвреживание нефтесодержащих грунтов суспензией микроорганизмов при обработке почвы культиватором: с посевом газона
ГЭСН	47	47-01-129	Биообезвреживание нефтесодержащих грунтов суспензией микроорганизмов	47-01-129-05	100 м2	Биообезвреживание нефтесодержащих грунтов суспензией микроорганизмов при обработке почвы культиватором: без посева газона
ГЭСН	47	47-01-129	Биообезвреживание нефтесодержащих грунтов суспензией микроорганизмов	47-01-129-06	100 м2	Биообезвреживание нефтесодержащих грунтов суспензией микроорганизмов при обработке почвы культиватором: повторная обработка
ГЭСН	47	47-01-129	Биообезвреживание нефтесодержащих грунтов суспензией микроорганизмов	47-01-129-07	100 м2	Биообезвреживание нефтесодержащих грунтов суспензией микроорганизмов при обработке почвы вручную: с посевом газона
ГЭСН	47	47-01-129	Биообезвреживание нефтесодержащих грунтов суспензией микроорганизмов	47-01-129-08	100 м2	Биообезвреживание нефтесодержащих грунтов суспензией микроорганизмов при обработке почвы вручную: без посева газона
ГЭСН	47	47-01-151	Установка гранитного цоколя под контейнер для озеленения	47-01-151-01	шт	Установка гранитного цоколя сечением стенки 150х210 мм под контейнер для озеленения размером: 1000х900 мм
ГЭСН	47	47-01-151	Установка гранитного цоколя под контейнер для озеленения	47-01-151-02	шт	Установка гранитного цоколя сечением стенки 150х210 мм под контейнер для озеленения размером: 1500х900 мм
ГЭСН	47	47-01-151	Установка гранитного цоколя под контейнер для озеленения	47-01-151-03	шт	Установка гранитного цоколя сечением стенки 150х210 мм под контейнер для озеленения размером: 1500х1500 мм
ГЭСН	47	47-01-152	Устройство водоотводящего лотка в цоколе контейнера для озеленения	47-01-152-01	шт	Устройство водоотводящего лотка в цоколе контейнера для озеленения размером: 1000х900 мм
ГЭСН	47	47-01-152	Устройство водоотводящего лотка в цоколе контейнера для озеленения	47-01-152-02	шт	Устройство водоотводящего лотка в цоколе контейнера для озеленения размером: 1500х900 мм
ГЭСН	47	47-01-152	Устройство водоотводящего лотка в цоколе контейнера для озеленения	47-01-152-03	шт	Устройство водоотводящего лотка в цоколе контейнера для озеленения размером: 1500х1500 мм
ГЭСН	47	47-01-153	Установка гранитного контейнера под озеленение	47-01-153-01	шт	Установка гранитного контейнера под озеленение размером: 1000х900х700 мм
ГЭСН	47	47-01-153	Установка гранитного контейнера под озеленение	47-01-153-02	шт	Установка гранитного контейнера под озеленение размером: 1500х900х700 мм
ГЭСН	47	47-01-153	Установка гранитного контейнера под озеленение	47-01-153-03	шт	Установка гранитного контейнера под озеленение размером: 1500х1500х1000 мм
ГЭСН	47	47-01-154	Сопутствующие работы при устройстве контейнерного озеленения	47-01-154-01	м2	Устройство системы для предотвращения дренирования грунта в цокольную часть контейнера для озеленения
ГЭСН	47	47-01-154	Сопутствующие работы при устройстве контейнерного озеленения	47-01-154-02	шт	Установка в контейнер закладных деталей из полиэтиленовой трубы диаметром: 400 мм высотой 600 мм
ГЭСН	47	47-01-154	Сопутствующие работы при устройстве контейнерного озеленения	47-01-154-03	шт	Установка в контейнер закладных деталей из полиэтиленовой трубы диаметром: 500 мм высотой 600 мм
ГЭСН	47	47-01-154	Сопутствующие работы при устройстве контейнерного озеленения	47-01-154-04	шт	Установка в контейнер закладных деталей из полиэтиленовой трубы диаметром: 1000 мм высотой 900 мм
ГЭСН	47	47-01-154	Сопутствующие работы при устройстве контейнерного озеленения	47-01-154-05	10 шт	Устройство теплоизоляции и жесткой фиксации закладной детали из полиэтиленовой трубы внутри контейнера размером: 1000х900х700 мм
ГЭСН	47	47-01-154	Сопутствующие работы при устройстве контейнерного озеленения	47-01-154-06	10 шт	Устройство теплоизоляции и жесткой фиксации закладной детали из полиэтиленовой трубы внутри контейнера размером: 1500х900х700 мм
ГЭСН	47	47-01-154	Сопутствующие работы при устройстве контейнерного озеленения	47-01-154-07	10 шт	Устройство теплоизоляции и жесткой фиксации закладной детали из полиэтиленовой трубы внутри контейнера размером: 1500х1500х1000 мм
ГЭСН	47	47-01-154	Сопутствующие работы при устройстве контейнерного озеленения	47-01-154-08	м2	Установка в контейнер для озеленения скрытых металлических сеток от неправомерных действий
ГЭСНм	03	03-01-127	Тали ручные стационарные и передвижные	03-01-127-01	10 шт	Таль ручная стационарная, грузоподъемность: 3,2 т, высота подъема 3 м
ГЭСНм	03	03-01-127	Тали ручные стационарные и передвижные	03-01-127-02	10 шт	Таль ручная стационарная, грузоподъемность: 3,2 т, высота подъема 6 м
ГЭСНм	03	03-01-127	Тали ручные стационарные и передвижные	03-01-127-03	10 шт	Таль ручная стационарная, грузоподъемность: 3,2 т, высота подъема 9 м
ГЭСНм	03	03-01-127	Тали ручные стационарные и передвижные	03-01-127-04	10 шт	Таль ручная стационарная, грузоподъемность: 3,2 т, высота подъема 12 м
ГЭСНм	03	03-01-127	Тали ручные стационарные и передвижные	03-01-127-05	10 шт	Таль ручная стационарная, грузоподъемность: 5 т, высота подъема 3 м
ГЭСНм	03	03-01-127	Тали ручные стационарные и передвижные	03-01-127-06	10 шт	Таль ручная стационарная, грузоподъемность: 5 т, высота подъема 6 м
ГЭСНм	03	03-01-127	Тали ручные стационарные и передвижные	03-01-127-07	10 шт	Таль ручная стационарная, грузоподъемность: 5 т, высота подъема 9 м
ГЭСНм	03	03-01-127	Тали ручные стационарные и передвижные	03-01-127-08	10 шт	Таль ручная стационарная, грузоподъемность: 5 т, высота подъема 12 м
ГЭСНм	03	03-01-127	Тали ручные стационарные и передвижные	03-01-127-09	10 шт	Таль ручная стационарная, грузоподъемность: 8 т, высота подъема 3 м
ГЭСНм	03	03-01-127	Тали ручные стационарные и передвижные	03-01-127-10	10 шт	Таль ручная стационарная, грузоподъемность: 8 т, высота подъема 6 м
ГЭСНм	03	03-01-127	Тали ручные стационарные и передвижные	03-01-127-11	10 шт	Таль ручная стационарная, грузоподъемность: 8 т, высота подъема 9 м
ГЭСНм	03	03-01-127	Тали ручные стационарные и передвижные	03-01-127-12	10 шт	Таль ручная стационарная, грузоподъемность: 8 т, высота подъема 12 м
ГЭСНм	03	03-01-127	Тали ручные стационарные и передвижные	03-01-127-13	10 шт	Таль ручная передвижная, грузоподъемность: 3,2 т, высота подъема 3 м
ГЭСНм	03	03-01-127	Тали ручные стационарные и передвижные	03-01-127-14	10 шт	Таль ручная передвижная, грузоподъемность: 3,2 т, высота подъема 6 м
ГЭСНм	03	03-01-127	Тали ручные стационарные и передвижные	03-01-127-15	10 шт	Таль ручная передвижная, грузоподъемность: 3,2 т, высота подъема 9 м
ГЭСНм	03	03-01-127	Тали ручные стационарные и передвижные	03-01-127-16	10 шт	Таль ручная передвижная, грузоподъемность: 3,2 т, высота подъема 12 м
ГЭСНм	03	03-01-127	Тали ручные стационарные и передвижные	03-01-127-17	10 шт	Таль ручная передвижная, грузоподъемность: 5 т, высота подъема 3 м
ГЭСНм	03	03-01-127	Тали ручные стационарные и передвижные	03-01-127-18	10 шт	Таль ручная передвижная, грузоподъемность: 5 т, высота подъема 6 м
ГЭСНм	03	03-01-127	Тали ручные стационарные и передвижные	03-01-127-19	10 шт	Таль ручная передвижная, грузоподъемность: 5 т, высота подъема 9 м
ГЭСНм	03	03-01-127	Тали ручные стационарные и передвижные	03-01-127-20	10 шт	Таль ручная передвижная, грузоподъемность: 5 т, высота подъема 12 м
ГЭСНм	03	03-01-127	Тали ручные стационарные и передвижные	03-01-127-21	10 шт	Таль ручная передвижная, грузоподъемность: 8 т, высота подъема 3 м
ГЭСНм	03	03-01-127	Тали ручные стационарные и передвижные	03-01-127-22	10 шт	Таль ручная передвижная, грузоподъемность: 8 т, высота подъема 6 м
ГЭСНм	03	03-01-127	Тали ручные стационарные и передвижные	03-01-127-23	10 шт	Таль ручная передвижная, грузоподъемность: 8 т, высота подъема 9 м
ГЭСНм	03	03-01-127	Тали ручные стационарные и передвижные	03-01-127-24	10 шт	Таль ручная передвижная, грузоподъемность: 8 т, высота подъема 12 м
ГЭСНм	03	03-01-128	Тали электрические	03-01-128-01	10 шт	Таль электрическая канатная, грузоподъемность: 0,5 т, высота подъема 6 м
ГЭСНм	03	03-01-128	Тали электрические	03-01-128-02	10 шт	Таль электрическая канатная, грузоподъемность: 0,5 т, высота подъема 18 м
ГЭСНм	03	03-01-128	Тали электрические	03-01-128-03	10 шт	Таль электрическая канатная, грузоподъемность: 1 т, высота подъема 6 м
ГЭСНм	03	03-01-128	Тали электрические	03-01-128-04	10 шт	Таль электрическая канатная, грузоподъемность: 1 т, высота подъема 18 м
ГЭСНм	03	03-01-128	Тали электрические	03-01-128-05	10 шт	Таль электрическая канатная, грузоподъемность: 1 т, высота подъема 24 м
ГЭСНм	03	03-01-128	Тали электрические	03-01-128-06	10 шт	Таль электрическая канатная, грузоподъемность: 1 т, высота подъема 36 м
ГЭСНм	03	03-01-128	Тали электрические	03-01-128-07	10 шт	Таль электрическая канатная, грузоподъемность: 2 т, высота подъема 6 м
ГЭСНм	03	03-01-128	Тали электрические	03-01-128-08	10 шт	Таль электрическая канатная, грузоподъемность: 2 т, высота подъема 18 м
ГЭСНм	03	03-01-128	Тали электрические	03-01-128-09	10 шт	Таль электрическая канатная, грузоподъемность: 2 т, высота подъема 24 м
ГЭСНм	03	03-01-128	Тали электрические	03-01-128-10	10 шт	Таль электрическая канатная, грузоподъемность: 2 т, высота подъема 36 м
ГЭСНм	03	03-01-128	Тали электрические	03-01-128-11	10 шт	Таль электрическая канатная, грузоподъемность: 3,2 т, высота подъема 6 м
ГЭСНм	03	03-01-128	Тали электрические	03-01-128-12	10 шт	Таль электрическая канатная, грузоподъемность: 3,2 т, высота подъема 18 м
ГЭСНм	03	03-01-128	Тали электрические	03-01-128-13	10 шт	Таль электрическая канатная, грузоподъемность: 3,2 т, высота подъема 24 м
ГЭСНм	03	03-01-128	Тали электрические	03-01-128-14	10 шт	Таль электрическая канатная, грузоподъемность: 3,2 т, высота подъема 36 м
ГЭСНм	03	03-01-128	Тали электрические	03-01-128-15	10 шт	Таль электрическая канатная, грузоподъемность: 5 т, высота подъема 6 м
ГЭСНм	03	03-01-128	Тали электрические	03-01-128-16	10 шт	Таль электрическая канатная, грузоподъемность: 5 т, высота подъема 18 м
ГЭСНм	03	03-01-128	Тали электрические	03-01-128-17	10 шт	Таль электрическая канатная, грузоподъемность: 5 т, высота подъема 24 м
ГЭСНм	03	03-01-128	Тали электрические	03-01-128-18	10 шт	Таль электрическая канатная, грузоподъемность: 5 т, высота подъема 36 м
ГЭСНм	03	03-01-128	Тали электрические	03-01-128-19	10 шт	Таль электрическая канатная, грузоподъемность: 10 т, высота подъема 18 м
ГЭСНм	03	03-01-128	Тали электрические	03-01-128-20	10 шт	Таль электрическая канатная, грузоподъемность: 10 т, высота подъема 24 м
ГЭСНм	03	03-01-128	Тали электрические	03-01-128-21	10 шт	Таль электрическая канатная, грузоподъемность: 10 т, высота подъема 36 м
ГЭСНм	03	03-02-091	Поэтажные эскалаторы	03-02-091-01	компл	Поэтажные эскалаторы: длиной до 5 м
ГЭСНм	03	03-02-091	Поэтажные эскалаторы	03-02-091-02	компл	Поэтажные эскалаторы: длиной свыше 5 до 10 м
ГЭСНм	03	03-02-091	Поэтажные эскалаторы	03-02-091-03	компл	Поэтажные эскалаторы: длиной свыше 10 до 15 м
ГЭСНм	03	03-05-001	Лифты пассажирские со скоростью движения кабины до 1 м/с	03-05-001-01	шт	Лифт пассажирский со скоростью движения кабины до 1 м/с: грузоподъемностью 400 кг, количество остановок 9, высота шахты 29 м
ГЭСНм	03	03-05-001	Лифты пассажирские со скоростью движения кабины до 1 м/с	03-05-001-02	шт	Лифт пассажирский со скоростью движения кабины до 1 м/с: грузоподъемностью 500 кг, количество остановок 12, высота шахты 38 м
ГЭСНм	03	03-05-001	Лифты пассажирские со скоростью движения кабины до 1 м/с	03-05-001-03	шт	Лифт пассажирский со скоростью движения кабины до 1 м/с: грузоподъемностью 1000 кг, количество остановок 12, высота шахты 44 м
ГЭСНм	03	03-05-001	Лифты пассажирские со скоростью движения кабины до 1 м/с	03-05-001-04	шт	За каждую остановку, более или менее указанных в характеристике лифта, добавлять или уменьшать для лифтов грузоподъемностью: до 400, 500 кг
ГЭСНм	03	03-05-001	Лифты пассажирские со скоростью движения кабины до 1 м/с	03-05-001-05	шт	За каждую остановку, более или менее указанных в характеристике лифта, добавлять или уменьшать для лифтов грузоподъемностью: до 1000 кг
ГЭСНм	03	03-05-001	Лифты пассажирские со скоростью движения кабины до 1 м/с	03-05-001-06	м	За каждый метр высоты шахты, более или менее указанных в характеристике лифта, добавлять или уменьшать для лифтов грузоподъемность: до 400, 500 кг
ГЭСНм	03	03-05-001	Лифты пассажирские со скоростью движения кабины до 1 м/с	03-05-001-07	м	За каждый метр высоты шахты, более или менее указанных в характеристике лифта, добавлять или уменьшать для лифтов грузоподъемность: до 1000 кг
ГЭСНм	03	03-05-002	Лифты пассажирские со скоростью движения кабины 1,4 м/с	03-05-002-01	шт	Лифт пассажирский со скоростью движения кабины 1,4 м/с: грузоподъемностью 500 кг на 16 остановок, высота шахты 59 м
ГЭСНм	03	03-05-002	Лифты пассажирские со скоростью движения кабины 1,4 м/с	03-05-002-02	шт	За каждую остановку, более или менее указанных в характеристике лифта, добавлять или уменьшать (к норме 03-05-002-01)
ГЭСНм	03	03-05-002	Лифты пассажирские со скоростью движения кабины 1,4 м/с	03-05-002-03	м	За каждый метр высоты шахты, более или менее указанных в характеристике лифта, добавлять или уменьшать (к норме 03-05-002-01)
ГЭСНм	03	03-05-003	Лифты пассажирские со скоростью движения кабины до 4 м/с	03-05-003-01	шт	Лифт пассажирский грузоподъемностью 1000 кг на 16 остановок, скорость движения кабины: 2 м/с, высота шахты 64 м
ГЭСНм	03	03-05-003	Лифты пассажирские со скоростью движения кабины до 4 м/с	03-05-003-02	шт	Лифт пассажирский грузоподъемностью 1000 кг на 16 остановок, скорость движения кабины: 4 м/с, высота шахты 66 м
ГЭСНм	03	03-05-003	Лифты пассажирские со скоростью движения кабины до 4 м/с	03-05-003-03	шт	За каждую остановку, более или менее 16 остановок, добавлять или уменьшать для лифтов со скоростью движения кабины: 2 м/с
ГЭСНм	03	03-05-003	Лифты пассажирские со скоростью движения кабины до 4 м/с	03-05-003-04	шт	За каждую остановку, более или менее 16 остановок, добавлять или уменьшать для лифтов со скоростью движения кабины: 4 м/с
ГЭСНм	03	03-05-003	Лифты пассажирские со скоростью движения кабины до 4 м/с	03-05-003-05	м	За каждый метр высоты шахты, более или менее указанных в характеристике лифта, добавлять или уменьшать (к нормам 03-05-003-01 и 03-05-003-02)
ГЭСНм	03	03-05-004	Лифты грузовые общего назначения со скоростью движения кабины 0,5 м/с	03-05-004-01	шт	Лифт грузовой общего назначения со скоростью движения кабины 0,5 м/с на 6 остановок, высота шахты 22,5 м, скорость движения кабины 0,5 м/с, грузоподъемность: 500 кг
ГЭСНм	03	03-05-004	Лифты грузовые общего назначения со скоростью движения кабины 0,5 м/с	03-05-004-02	шт	Лифт грузовой общего назначения со скоростью движения кабины 0,5 м/с на 6 остановок, высота шахты 22,5 м, скорость движения кабины 0,5 м/с, грузоподъемность: 1000 кг
ГЭСНм	03	03-05-004	Лифты грузовые общего назначения со скоростью движения кабины 0,5 м/с	03-05-004-03	шт	Лифт грузовой общего назначения со скоростью движения кабины 0,5 м/с на 6 остановок, высота шахты 22,5 м, скорость движения кабины 0,5 м/с, грузоподъемность: 2000 кг
ГЭСНм	03	03-05-004	Лифты грузовые общего назначения со скоростью движения кабины 0,5 м/с	03-05-004-04	шт	Лифт грузовой общего назначения со скоростью движения кабины 0,5 м/с на 6 остановок, высота шахты 22,5 м, скорость движения кабины 0,5 м/с, грузоподъемность: 3200 кг
ГЭСНм	03	03-05-004	Лифты грузовые общего назначения со скоростью движения кабины 0,5 м/с	03-05-004-05	шт	Лифт грузовой общего назначения со скоростью движения кабины 0,5 м/с на 6 остановок, высота шахты 22,5 м, скорость движения кабины 0,5 м/с, грузоподъемность: 5000 кг
ГЭСНм	03	03-05-004	Лифты грузовые общего назначения со скоростью движения кабины 0,5 м/с	03-05-004-06	шт	Добавлять или уменьшать на каждую остановку, более или менее 6 остановок, грузоподъемность: 500 кг
ГЭСНм	03	03-05-004	Лифты грузовые общего назначения со скоростью движения кабины 0,5 м/с	03-05-004-07	шт	Добавлять или уменьшать на каждую остановку, более или менее 6 остановок, грузоподъемность: 1000 кг
ГЭСНм	03	03-05-004	Лифты грузовые общего назначения со скоростью движения кабины 0,5 м/с	03-05-004-08	шт	Добавлять или уменьшать на каждую остановку, более или менее 6 остановок, грузоподъемность: 2000 кг
ГЭСНм	03	03-05-004	Лифты грузовые общего назначения со скоростью движения кабины 0,5 м/с	03-05-004-09	шт	Добавлять или уменьшать на каждую остановку, более или менее 6 остановок, грузоподъемность: 3200 кг
ГЭСНм	03	03-05-004	Лифты грузовые общего назначения со скоростью движения кабины 0,5 м/с	03-05-004-10	шт	Добавлять или уменьшать на каждую остановку, более или менее 6 остановок, грузоподъемность: 5000 кг
ГЭСНм	03	03-05-004	Лифты грузовые общего назначения со скоростью движения кабины 0,5 м/с	03-05-004-11	м	Добавлять или уменьшать за каждый 1 м высоты шахты, более или менее 22,5 м, грузоподъемность: 500, 1000 кг
ГЭСНм	03	03-05-004	Лифты грузовые общего назначения со скоростью движения кабины 0,5 м/с	03-05-004-12	м	Добавлять или уменьшать за каждый 1 м высоты шахты, более или менее 22,5 м, грузоподъемность: 2000 кг
ГЭСНм	03	03-05-004	Лифты грузовые общего назначения со скоростью движения кабины 0,5 м/с	03-05-004-13	м	Добавлять или уменьшать за каждый 1 м высоты шахты, более или менее 22,5 м, грузоподъемность: 3200 кг
ГЭСНм	03	03-05-004	Лифты грузовые общего назначения со скоростью движения кабины 0,5 м/с	03-05-004-14	м	Добавлять или уменьшать за каждый 1 м высоты шахты, более или менее 22,5 м, грузоподъемность: 5000 кг
ГЭСНм	03	03-05-004	Лифты грузовые общего назначения со скоростью движения кабины 0,5 м/с	03-05-004-15	шт	За каждую дополнительную шахтную дверь при проходной кабине добавлять для лифтов, грузоподъемность: 500-2000 кг
ГЭСНм	03	03-05-004	Лифты грузовые общего назначения со скоростью движения кабины 0,5 м/с	03-05-004-16	шт	За каждую дополнительную шахтную дверь при проходной кабине добавлять для лифтов, грузоподъемность: 3200-5000 кг
ГЭСНм	03	03-05-005	Лифты малогрузовые и грузовые тротуарные со скоростью движения кабины до 0,5 м/с	03-05-005-01	шт	Лифт малогрузовой и грузовой тротуарный со скоростью движения кабины до 0,5 м/с: грузоподъемностью 100 кг на 6 остановок в глухой шахте, высота шахты 21 м
ГЭСНм	03	03-05-005	Лифты малогрузовые и грузовые тротуарные со скоростью движения кабины до 0,5 м/с	03-05-005-02	шт	Лифт малогрузовой и грузовой тротуарный со скоростью движения кабины до 0,5 м/с: грузоподъемностью 100 кг на 2 остановки в металлокаркасной шахте, высота шахты 7 м
ГЭСНм	03	03-05-005	Лифты малогрузовые и грузовые тротуарные со скоростью движения кабины до 0,5 м/с	03-05-005-03	шт	Лифт грузовой тротуарный со скоростью движения кабины до 0,5 м/с на 3 остановки грузоподъемностью 500 кг, высота шахты 8,3 м
ГЭСНм	03	03-05-005	Лифты малогрузовые и грузовые тротуарные со скоростью движения кабины до 0,5 м/с	03-05-005-04	шт	Добавлять или уменьшать за каждую остановку, более или менее 6 остановок, малогрузового лифта грузоподъемностью 100 кг на 6 остановок
ГЭСНм	03	03-05-005	Лифты малогрузовые и грузовые тротуарные со скоростью движения кабины до 0,5 м/с	03-05-005-05	м	Добавлять или уменьшать за 1 м высоты шахты, более или менее 21 м, малогрузового лифта грузоподъемностью 100 кг на 6 остановок
ГЭСНм	03	03-05-005	Лифты малогрузовые и грузовые тротуарные со скоростью движения кабины до 0,5 м/с	03-05-005-06	шт	За каждую дополнительную шахтную дверь при проходной кабине для лифтов грузоподъемностью 100 кг: на 6 остановок в глухой шахте
ГЭСНм	03	03-05-005	Лифты малогрузовые и грузовые тротуарные со скоростью движения кабины до 0,5 м/с	03-05-005-07	шт	За каждую дополнительную шахтную дверь при проходной кабине для лифтов грузоподъемностью 100 кг: в металлокаркасной шахте
ГЭСНм	03	03-05-005	Лифты малогрузовые и грузовые тротуарные со скоростью движения кабины до 0,5 м/с	03-05-005-08	шт	Установка дополнительной шахтной двери при проходной кабине (платформе) тротуарного лифта
ГЭСНм	07	07-01-001	Установки компрессорные вертикальные, угловые и V-образные	07-01-001-01	шт	Установка компрессорная вертикальная, угловая и V-образная, масса: 0,22 т
ГЭСНм	07	07-01-001	Установки компрессорные вертикальные, угловые и V-образные	07-01-001-02	шт	Установка компрессорная вертикальная, угловая и V-образная, масса: 1,2 т
ГЭСНм	07	07-01-001	Установки компрессорные вертикальные, угловые и V-образные	07-01-001-03	шт	Установка компрессорная вертикальная, угловая и V-образная, масса: 4,1 т
ГЭСНм	07	07-01-001	Установки компрессорные вертикальные, угловые и V-образные	07-01-001-04	шт	Установка компрессорная вертикальная, угловая и V-образная, масса: 7,8 т
ГЭСНм	07	07-01-001	Установки компрессорные вертикальные, угловые и V-образные	07-01-001-05	шт	Установка компрессорная вертикальная, угловая и V-образная, масса: 15,6 т
ГЭСНм	07	07-01-012	Компрессорные установки оппозитные	07-01-012-01	компл	Компрессорная установка оппозитная, масса: 5 т
ГЭСНм	07	07-01-012	Компрессорные установки оппозитные	07-01-012-02	компл	Компрессорная установка оппозитная, масса: 12 т
ГЭСНм	07	07-01-012	Компрессорные установки оппозитные	07-01-012-03	компл	Компрессорная установка оппозитная, масса: 25,6 т
ГЭСНм	07	07-01-012	Компрессорные установки оппозитные	07-01-012-04	компл	Компрессорная установка оппозитная, масса: 34,7 т
ГЭСНм	07	07-01-012	Компрессорные установки оппозитные	07-01-012-05	компл	Компрессорная установка оппозитная, масса: 45 т
ГЭСНм	07	07-01-012	Компрессорные установки оппозитные	07-01-012-06	компл	Компрессорная установка оппозитная, масса: 68 т
ГЭСНм	07	07-01-012	Компрессорные установки оппозитные	07-01-012-07	компл	Компрессорная установка оппозитная, масса: 103 т
ГЭСНм	07	07-01-012	Компрессорные установки оппозитные	07-01-012-08	компл	Компрессорная установка оппозитная, масса: 114 т
ГЭСНм	07	07-01-012	Компрессорные установки оппозитные	07-01-012-09	компл	Компрессорная установка оппозитная, масса: 155 т
ГЭСНм	07	07-01-023	Компрессоры газомоторные	07-01-023-01	компл	Компрессор газомоторный, масса: 70 т
ГЭСНм	07	07-01-023	Компрессоры газомоторные	07-01-023-02	компл	Компрессор газомоторный, масса: 126 т
ГЭСНм	07	07-01-023	Компрессоры газомоторные	07-01-023-03	компл	Компрессор газомоторный, масса: 270 т
ГЭСНм	07	07-01-034	Компрессоры V- и W-образные	07-01-034-01	шт	Компрессоры V- и W-образные, масса: 0,13 т
ГЭСНм	07	07-01-034	Компрессоры V- и W-образные	07-01-034-02	шт	Компрессоры V- и W-образные, масса: 0,43 т
ГЭСНм	07	07-01-034	Компрессоры V- и W-образные	07-01-034-03	шт	Компрессоры V- и W-образные, масса: 0,79 т
ГЭСНм	07	07-01-034	Компрессоры V- и W-образные	07-01-034-04	шт	Компрессоры V- и W-образные, масса: 1,15 т
ГЭСНм	07	07-01-034	Компрессоры V- и W-образные	07-01-034-05	шт	Компрессоры V- и W-образные, масса: 2,82 т
ГЭСНм	07	07-01-034	Компрессоры V- и W-образные	07-01-034-06	шт	Компрессоры V- и W-образные, масса: 5,79 т
ГЭСНм	07	07-01-035	Агрегаты и машины компрессорно-конденсаторные	07-01-035-01	шт	Агрегат или машина компрессорно-конденсаторная, масса: 0,18 т
ГЭСНм	07	07-01-035	Агрегаты и машины компрессорно-конденсаторные	07-01-035-02	шт	Агрегат или машина компрессорно-конденсаторная, масса: 0,7 т
ГЭСНм	07	07-01-035	Агрегаты и машины компрессорно-конденсаторные	07-01-035-03	шт	Агрегат или машина компрессорно-конденсаторная, масса: 1,2 т
ГЭСНм	07	07-01-035	Агрегаты и машины компрессорно-конденсаторные	07-01-035-04	шт	Агрегат или машина компрессорно-конденсаторная, масса: 2,6 т
ГЭСНм	07	07-01-035	Агрегаты и машины компрессорно-конденсаторные	07-01-035-05	шт	Агрегат или машина компрессорно-конденсаторная, масса: 4,45 т
ГЭСНм	07	07-01-036	Компрессорные установки оппозитные с приводом от электродвигателя	07-01-036-01	компл	Установка компрессорная оппозитная с приводом от электродвигателя, масса: 9,3 т
ГЭСНм	07	07-01-036	Компрессорные установки оппозитные с приводом от электродвигателя	07-01-036-02	компл	Установка компрессорная оппозитная с приводом от электродвигателя, масса: 16,6 т
ГЭСНм	07	07-01-036	Компрессорные установки оппозитные с приводом от электродвигателя	07-01-036-03	компл	Установка компрессорная оппозитная с приводом от электродвигателя, масса: 19 т
ГЭСНм	07	07-01-047	Мембранные компрессоры	07-01-047-01	шт	Компрессор, мембранный масса: 0,76 т
ГЭСНм	07	07-01-047	Мембранные компрессоры	07-01-047-02	шт	Компрессор, мембранный масса: 1,27 т
ГЭСНм	07	07-01-047	Мембранные компрессоры	07-01-047-03	шт	Компрессор, мембранный масса: 2,6 т
ГЭСНм	07	07-02-001	Компрессорные и нагнетательные установки однокорпусные с горизонтальным разъемом корпуса	07-02-001-01	компл	Установка компрессорная и нагнетательная однокорпусная с горизонтальным разъемом корпуса с приводом от: электродвигателя через редуктор, масса 5,8 т
ГЭСНм	07	07-02-001	Компрессорные и нагнетательные установки однокорпусные с горизонтальным разъемом корпуса	07-02-001-02	компл	Установка компрессорная и нагнетательная однокорпусная с горизонтальным разъемом корпуса с приводом от: электродвигателя через редуктор, масса 9,2 т
ГЭСНм	07	07-02-001	Компрессорные и нагнетательные установки однокорпусные с горизонтальным разъемом корпуса	07-02-001-03	компл	Установка компрессорная и нагнетательная однокорпусная с горизонтальным разъемом корпуса с приводом от: электродвигателя через редуктор, масса 14,5 т
ГЭСНм	07	07-02-001	Компрессорные и нагнетательные установки однокорпусные с горизонтальным разъемом корпуса	07-02-001-04	компл	Установка компрессорная и нагнетательная однокорпусная с горизонтальным разъемом корпуса с приводом от: электродвигателя через редуктор, масса 30,7 т
ГЭСНм	07	07-02-001	Компрессорные и нагнетательные установки однокорпусные с горизонтальным разъемом корпуса	07-02-001-05	компл	Установка компрессорная и нагнетательная однокорпусная с горизонтальным разъемом корпуса с приводом от: электродвигателя через редуктор, масса 41 т
ГЭСНм	07	07-02-001	Компрессорные и нагнетательные установки однокорпусные с горизонтальным разъемом корпуса	07-02-001-06	компл	Установка компрессорная и нагнетательная однокорпусная с горизонтальным разъемом корпуса с приводом от: электродвигателя через редуктор, масса 47,4 т
ГЭСНм	07	07-02-001	Компрессорные и нагнетательные установки однокорпусные с горизонтальным разъемом корпуса	07-02-001-07	компл	Установка компрессорная и нагнетательная однокорпусная с горизонтальным разъемом корпуса с приводом от: электродвигателя через редуктор, масса 63,7 т
ГЭСНм	07	07-02-001	Компрессорные и нагнетательные установки однокорпусные с горизонтальным разъемом корпуса	07-02-001-08	компл	Установка компрессорная и нагнетательная однокорпусная с горизонтальным разъемом корпуса с приводом от: электродвигателя через редуктор, масса 112 т
ГЭСНм	07	07-02-001	Компрессорные и нагнетательные установки однокорпусные с горизонтальным разъемом корпуса	07-02-001-09	компл	Установка компрессорная и нагнетательная однокорпусная с горизонтальным разъемом корпуса с приводом от: электродвигателя через редуктор, масса 123,3 т
ГЭСНм	07	07-02-001	Компрессорные и нагнетательные установки однокорпусные с горизонтальным разъемом корпуса	07-02-001-10	компл	Установка компрессорная и нагнетательная однокорпусная с горизонтальным разъемом корпуса с приводом от: электродвигателя, масса 5,9 т
ГЭСНм	07	07-02-001	Компрессорные и нагнетательные установки однокорпусные с горизонтальным разъемом корпуса	07-02-001-11	компл	Установка компрессорная и нагнетательная однокорпусная с горизонтальным разъемом корпуса с приводом от: электродвигателя, масса 9,5 т
ГЭСНм	07	07-02-001	Компрессорные и нагнетательные установки однокорпусные с горизонтальным разъемом корпуса	07-02-001-12	компл	Установка компрессорная и нагнетательная однокорпусная с горизонтальным разъемом корпуса с приводом от: электродвигателя, масса 14,4 т
ГЭСНм	07	07-02-001	Компрессорные и нагнетательные установки однокорпусные с горизонтальным разъемом корпуса	07-02-001-13	компл	Установка компрессорная и нагнетательная однокорпусная с горизонтальным разъемом корпуса с приводом от: электродвигателя, масса 26,1 т
ГЭСНм	07	07-02-001	Компрессорные и нагнетательные установки однокорпусные с горизонтальным разъемом корпуса	07-02-001-14	компл	Установка компрессорная и нагнетательная однокорпусная с горизонтальным разъемом корпуса с приводом от: электродвигателя, масса 37,8 т
ГЭСНм	07	07-02-001	Компрессорные и нагнетательные установки однокорпусные с горизонтальным разъемом корпуса	07-02-001-15	компл	Установка компрессорная и нагнетательная однокорпусная с горизонтальным разъемом корпуса с приводом от: паровой турбины, масса 9,3 т
ГЭСНм	07	07-02-001	Компрессорные и нагнетательные установки однокорпусные с горизонтальным разъемом корпуса	07-02-001-16	компл	Установка компрессорная и нагнетательная однокорпусная с горизонтальным разъемом корпуса с приводом от: паровой турбины, масса 13 т
ГЭСНм	07	07-02-001	Компрессорные и нагнетательные установки однокорпусные с горизонтальным разъемом корпуса	07-02-001-17	компл	Установка компрессорная и нагнетательная однокорпусная с горизонтальным разъемом корпуса с приводом от: паровой турбины, масса 18,6 т
ГЭСНм	07	07-02-001	Компрессорные и нагнетательные установки однокорпусные с горизонтальным разъемом корпуса	07-02-001-18	компл	Установка компрессорная и нагнетательная однокорпусная с горизонтальным разъемом корпуса с приводом от: паровой турбины, масса 83,6 т
ГЭСНм	07	07-02-001	Компрессорные и нагнетательные установки однокорпусные с горизонтальным разъемом корпуса	07-02-001-19	компл	Установка компрессорная и нагнетательная однокорпусная с горизонтальным разъемом корпуса с приводом от: паровой турбины, масса 130 т
ГЭСНм	07	07-02-002	Компрессорные установки двухкорпусные с горизонтальным разъемом корпуса	07-02-002-01	компл	Установка компрессорная двухкорпусная с горизонтальным разъемом корпуса с приводом от: электродвигателя через редуктор, масса 21,1 т
ГЭСНм	07	07-02-002	Компрессорные установки двухкорпусные с горизонтальным разъемом корпуса	07-02-002-02	компл	Установка компрессорная двухкорпусная с горизонтальным разъемом корпуса с приводом от: электродвигателя через редуктор, масса 54,7 т
ГЭСНм	07	07-02-002	Компрессорные установки двухкорпусные с горизонтальным разъемом корпуса	07-02-002-03	компл	Установка компрессорная двухкорпусная с горизонтальным разъемом корпуса с приводом от: электродвигателя через редуктор, масса 87,8 т
ГЭСНм	07	07-02-002	Компрессорные установки двухкорпусные с горизонтальным разъемом корпуса	07-02-002-04	компл	Установка компрессорная двухкорпусная с горизонтальным разъемом корпуса с приводом от: электродвигателя через редуктор, масса 120,7 т
ГЭСНм	07	07-02-002	Компрессорные установки двухкорпусные с горизонтальным разъемом корпуса	07-02-002-05	компл	Установка компрессорная двухкорпусная с горизонтальным разъемом корпуса с приводом от: паровой турбины через редуктор, масса 98,3 т
ГЭСНм	07	07-02-002	Компрессорные установки двухкорпусные с горизонтальным разъемом корпуса	07-02-002-06	компл	Установка компрессорная двухкорпусная с горизонтальным разъемом корпуса с приводом от: паровой турбины, масса 154 т
ГЭСНм	07	07-02-003	Компрессорные установки трехкорпусные с горизонтальным разъемом корпуса	07-02-003-01	компл	Установка компрессорная трехкорпусная с горизонтальным разъемом корпуса с приводом от электродвигателя через редуктор, масса 55,8 т
ГЭСНм	07	07-02-004	Компрессорные и нагнетательные установки однокорпусные с вертикальным разъемом корпуса	07-02-004-01	компл	Установка компрессорная или нагнетательная однокорпусная с вертикальным разъемом корпуса с приводом от электродвигателя, масса: 44,1 т
ГЭСНм	07	07-02-004	Компрессорные и нагнетательные установки однокорпусные с вертикальным разъемом корпуса	07-02-004-02	компл	Установка компрессорная или нагнетательная однокорпусная с вертикальным разъемом корпуса с приводом от электродвигателя, масса: 58,6 т
ГЭСНм	07	07-02-005	Компрессорные и нагнетательные установки двухкорпусные с вертикальным разъемом корпуса	07-02-005-01	компл	Установка компрессорная или нагнетательная двухкорпусная с вертикальным разъемом корпуса с приводом от электродвигателя, масса 77 т
ГЭСНм	07	07-02-006	Компрессорные и нагнетательные установки однокорпусные с горизонтальным разъемом корпуса на общей плите	07-02-006-01	шт	Установка компрессорная или нагнетательная однокорпусная с горизонтальным разъемом корпуса на общей плите с приводом от электродвигателя, масса: 0,5 т
ГЭСНм	07	07-02-006	Компрессорные и нагнетательные установки однокорпусные с горизонтальным разъемом корпуса на общей плите	07-02-006-02	шт	Установка компрессорная или нагнетательная однокорпусная с горизонтальным разъемом корпуса на общей плите с приводом от электродвигателя, масса: 1,1 т
ГЭСНм	07	07-02-006	Компрессорные и нагнетательные установки однокорпусные с горизонтальным разъемом корпуса на общей плите	07-02-006-03	шт	Установка компрессорная или нагнетательная однокорпусная с горизонтальным разъемом корпуса на общей плите с приводом от электродвигателя через редуктор, масса 12 т
ГЭСНм	07	07-02-017	Компрессоры винтовые	07-02-017-01	компл	Компрессор винтовой, масса 10,7 т
ГЭСНм	07	07-02-028	Газовоздуходувки центробежные	07-02-028-01	шт	Газовоздуходувка центробежная, масса: 1,3 т
ГЭСНм	07	07-02-028	Газовоздуходувки центробежные	07-02-028-02	шт	Газовоздуходувка центробежная, масса: 3,2 т
ГЭСНм	07	07-02-028	Газовоздуходувки центробежные	07-02-028-03	шт	Газовоздуходувка центробежная, масса: 6,3 т
ГЭСНм	07	07-02-029	Газовоздуходувки роторные	07-02-029-01	шт	Газовоздуходувка роторная, масса: 0,1 т
ГЭСНм	07	07-02-029	Газовоздуходувки роторные	07-02-029-02	шт	Газовоздуходувка роторная, масса: 0,37 т
ГЭСНм	07	07-02-029	Газовоздуходувки роторные	07-02-029-03	шт	Газовоздуходувка роторная, масса: 0,82 т
ГЭСНм	07	07-02-029	Газовоздуходувки роторные	07-02-029-04	шт	Газовоздуходувка роторная, масса: 1,01 т
ГЭСНм	07	07-02-040	Газоперекачивающие установки (агрегаты) с газотурбинным приводом, размещенные в зданиях (укрытиях)	07-02-040-01	компл	Газоперекачивающая установка (агрегат) с газотурбинным приводом, размещенная в здании (укрытии), масса: 87,6 т
ГЭСНм	07	07-02-040	Газоперекачивающие установки (агрегаты) с газотурбинным приводом, размещенные в зданиях (укрытиях)	07-02-040-02	компл	Газоперекачивающая установка (агрегат) с газотурбинным приводом, размещенная в здании (укрытии), масса: 120 т
ГЭСНм	07	07-02-040	Газоперекачивающие установки (агрегаты) с газотурбинным приводом, размещенные в зданиях (укрытиях)	07-02-040-03	компл	Газоперекачивающая установка (агрегат) с газотурбинным приводом, размещенная в здании (укрытии), масса: 157 т
ГЭСНм	07	07-02-040	Газоперекачивающие установки (агрегаты) с газотурбинным приводом, размещенные в зданиях (укрытиях)	07-02-040-04	компл	Газоперекачивающая установка (агрегат) с газотурбинным приводом, размещенная в здании (укрытии), масса: 164 т
ГЭСНм	07	07-02-041	Газоперекачивающие установки (агрегаты) с газотурбинным приводом в блочно-контейнерном исполнении	07-02-041-01	компл	Газоперекачивающая установка (агрегат) с газотурбинным приводом в блочно-контейнерном исполнении, масса: 73,6 т
ГЭСНм	07	07-02-041	Газоперекачивающие установки (агрегаты) с газотурбинным приводом в блочно-контейнерном исполнении	07-02-041-02	компл	Газоперекачивающая установка (агрегат) с газотурбинным приводом в блочно-контейнерном исполнении, масса: 104 т
ГЭСНм	07	07-02-041	Газоперекачивающие установки (агрегаты) с газотурбинным приводом в блочно-контейнерном исполнении	07-02-041-03	компл	Газоперекачивающая установка (агрегат) с газотурбинным приводом в блочно-контейнерном исполнении, масса: 160 т
ГЭСНм	07	07-02-042	Газоперекачивающие установки (агрегаты) с приводом от электродвигателя через редуктор в блочно-контейнерном исполнении	07-02-042-01	компл	Газоперекачивающая установка (агрегат) с приводом от электродвигателя через редуктор в блочно-контейнерном исполнении, масса: 100 т
ГЭСНм	07	07-02-042	Газоперекачивающие установки (агрегаты) с приводом от электродвигателя через редуктор в блочно-контейнерном исполнении	07-02-042-02	компл	Газоперекачивающая установка (агрегат) с приводом от электродвигателя через редуктор в блочно-контейнерном исполнении, масса: 117,7 т
ГЭСНм	07	07-02-043	Газоперекачивающие агрегаты с газотурбинным приводом в блочно-комплектном исполнении	07-02-043-01	компл	Газоперекачивающий агрегат с газотурбинным приводом в блочно-комплектном исполнении, масса: 184 т
ГЭСНм	07	07-02-043	Газоперекачивающие агрегаты с газотурбинным приводом в блочно-комплектном исполнении	07-02-043-02	компл	Газоперекачивающий агрегат с газотурбинным приводом в блочно-комплектном исполнении, масса: 219 т
ГЭСНм	07	07-02-053	Компрессоры водокольцевые	07-02-053-01	шт	Компрессор водокольцевой, масса: 0,4 т
ГЭСНм	07	07-02-053	Компрессоры водокольцевые	07-02-053-02	шт	Компрессор водокольцевой, масса: 0,77 т
ГЭСНм	07	07-02-053	Компрессоры водокольцевые	07-02-053-03	шт	Компрессор водокольцевой, масса: 1,4 т
ГЭСНм	07	07-02-064	Турбокомпрессорные холодильные агрегаты и машины	07-02-064-01	компл	Турбокомпрессорный холодильный агрегат, машина, масса: 26,3 т
ГЭСНм	07	07-02-064	Турбокомпрессорные холодильные агрегаты и машины	07-02-064-02	компл	Турбокомпрессорный холодильный агрегат, машина, масса: 47,1 т
ГЭСНм	07	07-02-064	Турбокомпрессорные холодильные агрегаты и машины	07-02-064-03	компл	Турбокомпрессорный холодильный агрегат, машина, масса: 57 т
ГЭСНм	07	07-03-001	Вентиляторы радиальные общего назначения	07-03-001-01	шт	Вентилятор радиальный с электродвигателем на: одной оси, масса до 0,05 т
ГЭСНм	07	07-03-001	Вентиляторы радиальные общего назначения	07-03-001-02	шт	Вентилятор радиальный с электродвигателем на: одной оси, масса до 0,1 т
ГЭСНм	07	07-03-001	Вентиляторы радиальные общего назначения	07-03-001-03	шт	Вентилятор радиальный с электродвигателем на: одной оси, масса до 0,35 т
ГЭСНм	07	07-03-001	Вентиляторы радиальные общего назначения	07-03-001-04	шт	Вентилятор радиальный с электродвигателем на: одной оси, масса до 0,5 т
ГЭСНм	07	07-03-001	Вентиляторы радиальные общего назначения	07-03-001-05	шт	Вентилятор радиальный с электродвигателем на: клиноременной передаче, масса до 0,7 т
ГЭСНм	07	07-03-001	Вентиляторы радиальные общего назначения	07-03-001-06	шт	Вентилятор радиальный с электродвигателем на: клиноременной передаче, масса до 1,3 т
ГЭСНм	07	07-03-001	Вентиляторы радиальные общего назначения	07-03-001-07	шт	Вентилятор радиальный с электродвигателем на: клиноременной передаче, масса до 2,5 т
ГЭСНм	07	07-03-001	Вентиляторы радиальные общего назначения	07-03-001-08	шт	Вентилятор радиальный с электродвигателем на: клиноременной передаче, масса до 2,9 т
ГЭСНм	07	07-03-002	Вентиляторы осевые	07-03-002-01	шт	Вентилятор осевой, масса: до 0,05 т
ГЭСНм	07	07-03-002	Вентиляторы осевые	07-03-002-02	шт	Вентилятор осевой, масса: до 0,1 т
ГЭСНм	07	07-03-002	Вентиляторы осевые	07-03-002-03	шт	Вентилятор осевой, масса: до 0,2 т
ГЭСНм	07	07-03-002	Вентиляторы осевые	07-03-002-04	шт	Вентилятор осевой, масса: до 0,3 т
ГЭСНм	07	07-03-003	Вентиляторы дутьевые центробежные одностороннего и двустороннего всасывания и осевые двухступенчатые	07-03-003-01	шт	Вентилятор дутьевой центробежный: одностороннего всасывания, масса 0,15 т
ГЭСНм	07	07-03-003	Вентиляторы дутьевые центробежные одностороннего и двустороннего всасывания и осевые двухступенчатые	07-03-003-02	шт	Вентилятор дутьевой центробежный: одностороннего всасывания, масса 0,6 т
ГЭСНм	07	07-03-003	Вентиляторы дутьевые центробежные одностороннего и двустороннего всасывания и осевые двухступенчатые	07-03-003-03	шт	Вентилятор дутьевой центробежный: одностороннего всасывания, масса 1,47 т
ГЭСНм	07	07-03-003	Вентиляторы дутьевые центробежные одностороннего и двустороннего всасывания и осевые двухступенчатые	07-03-003-04	шт	Вентилятор дутьевой центробежный: одностороннего всасывания, масса 5,55 т
ГЭСНм	07	07-03-003	Вентиляторы дутьевые центробежные одностороннего и двустороннего всасывания и осевые двухступенчатые	07-03-003-05	шт	Вентилятор дутьевой центробежный: одностороннего всасывания, масса 8,54 т
ГЭСНм	07	07-03-003	Вентиляторы дутьевые центробежные одностороннего и двустороннего всасывания и осевые двухступенчатые	07-03-003-06	шт	Вентилятор дутьевой центробежный: одностороннего всасывания, масса 19 т
ГЭСНм	07	07-03-003	Вентиляторы дутьевые центробежные одностороннего и двустороннего всасывания и осевые двухступенчатые	07-03-003-07	шт	Вентилятор дутьевой центробежный: одностороннего всасывания, масса 32 т
ГЭСНм	07	07-03-003	Вентиляторы дутьевые центробежные одностороннего и двустороннего всасывания и осевые двухступенчатые	07-03-003-08	шт	Вентилятор дутьевой центробежный: двустороннего всасывания, масса 45,1 т
ГЭСНм	07	07-03-003	Вентиляторы дутьевые центробежные одностороннего и двустороннего всасывания и осевые двухступенчатые	07-03-003-09	шт	Вентилятор дутьевой центробежный: двустороннего всасывания, масса 73 т
ГЭСНм	07	07-03-003	Вентиляторы дутьевые центробежные одностороннего и двустороннего всасывания и осевые двухступенчатые	07-03-003-10	шт	Вентилятор дутьевой центробежный: осевой двухступенчатый, масса 73,2 т
ГЭСНм	07	07-03-003	Вентиляторы дутьевые центробежные одностороннего и двустороннего всасывания и осевые двухступенчатые	07-03-003-11	шт	Вентилятор дутьевой центробежный: осевой двухступенчатый, масса 136 т
ГЭСНм	07	07-03-004	Вентиляторы горячего дутья	07-03-004-01	шт	Вентилятор горячего дутья, масса: 4,3 т
ГЭСНм	07	07-03-004	Вентиляторы горячего дутья	07-03-004-02	шт	Вентилятор горячего дутья, масса: 7,4 т
ГЭСНм	07	07-03-005	Вентиляторы мельничные	07-03-005-01	шт	Вентилятор мельничный, масса: 1,9 т
ГЭСНм	07	07-03-005	Вентиляторы мельничные	07-03-005-02	шт	Вентилятор мельничный, масса: 4,42 т
ГЭСНм	07	07-03-005	Вентиляторы мельничные	07-03-005-03	шт	Вентилятор мельничный, масса: 7,3 т
ГЭСНм	07	07-03-005	Вентиляторы мельничные	07-03-005-04	шт	Вентилятор мельничный, масса: 17,4 т
ГЭСНм	07	07-03-006	Вентиляторы для градирен	07-03-006-01	компл	Вентилятор для градирен, масса: 1,03 т
ГЭСНм	07	07-03-006	Вентиляторы для градирен	07-03-006-02	компл	Вентилятор для градирен, масса: 4,9 т
ГЭСНм	07	07-03-006	Вентиляторы для градирен	07-03-006-03	компл	Вентилятор для градирен, масса: 9,3 т
ГЭСНм	07	07-03-007	Агрегаты вентиляционные для градирен	07-03-007-01	шт	Агрегат вентиляционный для градирен, масса: 16,2 т, площадь орошения 400 м2
ГЭСНм	07	07-03-007	Агрегаты вентиляционные для градирен	07-03-007-02	шт	Агрегат вентиляционный для градирен, масса: 58,9 т, площадь орошения 1200 м2
ГЭСНм	07	07-03-018	Дымососы одностороннего всасывания	07-03-018-01	шт	Дымосос одностороннего всасывания, масса: 0,67 т
ГЭСНм	07	07-03-018	Дымососы одностороннего всасывания	07-03-018-02	шт	Дымосос одностороннего всасывания, масса: 1,55 т
ГЭСНм	07	07-03-018	Дымососы одностороннего всасывания	07-03-018-03	шт	Дымосос одностороннего всасывания, масса: 2,6 т
ГЭСНм	07	07-03-018	Дымососы одностороннего всасывания	07-03-018-04	шт	Дымосос одностороннего всасывания, масса: 4,62 т
ГЭСНм	07	07-03-018	Дымососы одностороннего всасывания	07-03-018-05	шт	Дымосос одностороннего всасывания, масса: 5,26 т
ГЭСНм	07	07-03-018	Дымососы одностороннего всасывания	07-03-018-06	шт	Дымосос одностороннего всасывания, масса: 12,8 т
ГЭСНм	07	07-03-018	Дымососы одностороннего всасывания	07-03-018-07	шт	Дымосос одностороннего всасывания, масса: 18,5-23,6 т
ГЭСНм	07	07-03-019	Дымососы двустороннего всасывания	07-03-019-01	шт	Дымосос двустороннего всасывания, масса: 16,2 т
ГЭСНм	07	07-03-019	Дымососы двустороннего всасывания	07-03-019-02	шт	Дымосос двустороннего всасывания, масса: 42,6 т
ГЭСНм	07	07-03-019	Дымососы двустороннего всасывания	07-03-019-03	шт	Дымосос двустороннего всасывания, масса: 42,9 т
ГЭСНм	07	07-03-020	Дымососы осевые	07-03-020-01	шт	Дымосос осевой, масса: 63,8 т
ГЭСНм	07	07-03-020	Дымососы осевые	07-03-020-02	шт	Дымосос осевой, масса: 71,2 т
ГЭСНм	07	07-03-020	Дымососы осевые	07-03-020-03	шт	Дымосос осевой, масса: 130-142 т
ГЭСНм	07	07-04-001	Насосные агрегаты лопастные центробежные одноступенчатые, многоступенчатые объемные, вихревые, поршневые, приводные, роторные на общей фундаментной плите или мо	07-04-001-01	шт	Агрегат насосный лопастный центробежный одноступенчатый, многоступенчатый объемный, вихревой, поршневой, приводной, роторный на общей фундаментной плите или моноблочный, масса: 0,064 т
ГЭСНм	07	07-04-001	Насосные агрегаты лопастные центробежные одноступенчатые, многоступенчатые объемные, вихревые, поршневые, приводные, роторные на общей фундаментной плите или мо	07-04-001-02	шт	Агрегат насосный лопастный центробежный одноступенчатый, многоступенчатый объемный, вихревой, поршневой, приводной, роторный на общей фундаментной плите или моноблочный, масса: 0,17 т
ГЭСНм	07	07-04-001	Насосные агрегаты лопастные центробежные одноступенчатые, многоступенчатые объемные, вихревые, поршневые, приводные, роторные на общей фундаментной плите или мо	07-04-001-03	шт	Агрегат насосный лопастный центробежный одноступенчатый, многоступенчатый объемный, вихревой, поршневой, приводной, роторный на общей фундаментной плите или моноблочный, масса: 0,425 т
ГЭСНм	07	07-04-001	Насосные агрегаты лопастные центробежные одноступенчатые, многоступенчатые объемные, вихревые, поршневые, приводные, роторные на общей фундаментной плите или мо	07-04-001-04	шт	Агрегат насосный лопастный центробежный одноступенчатый, многоступенчатый объемный, вихревой, поршневой, приводной, роторный на общей фундаментной плите или моноблочный, масса: 0,6 т
ГЭСНм	07	07-04-001	Насосные агрегаты лопастные центробежные одноступенчатые, многоступенчатые объемные, вихревые, поршневые, приводные, роторные на общей фундаментной плите или мо	07-04-001-05	шт	Агрегат насосный лопастный центробежный одноступенчатый, многоступенчатый объемный, вихревой, поршневой, приводной, роторный на общей фундаментной плите или моноблочный, масса: 0,9 т
ГЭСНм	07	07-04-001	Насосные агрегаты лопастные центробежные одноступенчатые, многоступенчатые объемные, вихревые, поршневые, приводные, роторные на общей фундаментной плите или мо	07-04-001-06	шт	Агрегат насосный лопастный центробежный одноступенчатый, многоступенчатый объемный, вихревой, поршневой, приводной, роторный на общей фундаментной плите или моноблочный, масса: 1,1 т
ГЭСНм	07	07-04-001	Насосные агрегаты лопастные центробежные одноступенчатые, многоступенчатые объемные, вихревые, поршневые, приводные, роторные на общей фундаментной плите или мо	07-04-001-07	шт	Агрегат насосный лопастный центробежный одноступенчатый, многоступенчатый объемный, вихревой, поршневой, приводной, роторный на общей фундаментной плите или моноблочный, масса: 2 т
ГЭСНм	07	07-04-001	Насосные агрегаты лопастные центробежные одноступенчатые, многоступенчатые объемные, вихревые, поршневые, приводные, роторные на общей фундаментной плите или мо	07-04-001-08	шт	Агрегат насосный лопастный центробежный одноступенчатый, многоступенчатый объемный, вихревой, поршневой, приводной, роторный на общей фундаментной плите или моноблочный, масса: 2,9 т
ГЭСНм	07	07-04-001	Насосные агрегаты лопастные центробежные одноступенчатые, многоступенчатые объемные, вихревые, поршневые, приводные, роторные на общей фундаментной плите или мо	07-04-001-09	шт	Агрегат насосный лопастный центробежный одноступенчатый, многоступенчатый объемный, вихревой, поршневой, приводной, роторный на общей фундаментной плите или моноблочный, масса: 3,4 т
ГЭСНм	07	07-04-001	Насосные агрегаты лопастные центробежные одноступенчатые, многоступенчатые объемные, вихревые, поршневые, приводные, роторные на общей фундаментной плите или мо	07-04-001-10	шт	Агрегат насосный лопастный центробежный одноступенчатый, многоступенчатый объемный, вихревой, поршневой, приводной, роторный на общей фундаментной плите или моноблочный, масса: 5 т
ГЭСНм	07	07-04-001	Насосные агрегаты лопастные центробежные одноступенчатые, многоступенчатые объемные, вихревые, поршневые, приводные, роторные на общей фундаментной плите или мо	07-04-001-11	шт	Агрегат насосный лопастный центробежный одноступенчатый, многоступенчатый объемный, вихревой, поршневой, приводной, роторный на общей фундаментной плите или моноблочный, масса: 9,4 т
ГЭСНм	07	07-04-001	Насосные агрегаты лопастные центробежные одноступенчатые, многоступенчатые объемные, вихревые, поршневые, приводные, роторные на общей фундаментной плите или мо	07-04-001-12	шт	Агрегат насосный лопастный центробежный одноступенчатый, многоступенчатый объемный, вихревой, поршневой, приводной, роторный на общей фундаментной плите или моноблочный, масса: 12,3 т
ГЭСНм	07	07-04-001	Насосные агрегаты лопастные центробежные одноступенчатые, многоступенчатые объемные, вихревые, поршневые, приводные, роторные на общей фундаментной плите или мо	07-04-001-13	шт	Агрегат насосный лопастный центробежный одноступенчатый, многоступенчатый объемный, вихревой, поршневой, приводной, роторный на общей фундаментной плите или моноблочный, масса: 16,1 т
ГЭСНм	07	07-04-002	Насосы поршневые паровые горизонтальные или вертикальные	07-04-002-01	шт	Насос поршневой паровой горизонтальный или вертикальный, масса: 0,35 т
ГЭСНм	07	07-04-002	Насосы поршневые паровые горизонтальные или вертикальные	07-04-002-02	шт	Насос поршневой паровой горизонтальный или вертикальный, масса: 1,25 т
ГЭСНм	07	07-04-002	Насосы поршневые паровые горизонтальные или вертикальные	07-04-002-03	шт	Насос поршневой паровой горизонтальный или вертикальный, масса: 1,7 т
ГЭСНм	07	07-04-002	Насосы поршневые паровые горизонтальные или вертикальные	07-04-002-04	шт	Насос поршневой паровой горизонтальный или вертикальный, масса: 4,5 т
ГЭСНм	07	07-04-003	Насосные агрегаты лопастные центробежные одноступенчатые и многоступенчатые, объемные, поршневые, приводные на отдельных фундаментных плитах	07-04-003-01	компл	Агрегат насосный лопастной центробежный одноступенчатый и многоступенчатый, объемный, поршневой, приводной на отдельных фундаментных плитах, масса: 0,9 т
ГЭСНм	07	07-04-003	Насосные агрегаты лопастные центробежные одноступенчатые и многоступенчатые, объемные, поршневые, приводные на отдельных фундаментных плитах	07-04-003-02	компл	Агрегат насосный лопастной центробежный одноступенчатый и многоступенчатый, объемный, поршневой, приводной на отдельных фундаментных плитах, масса: 1,8 т
ГЭСНм	07	07-04-003	Насосные агрегаты лопастные центробежные одноступенчатые и многоступенчатые, объемные, поршневые, приводные на отдельных фундаментных плитах	07-04-003-03	компл	Агрегат насосный лопастной центробежный одноступенчатый и многоступенчатый, объемный, поршневой, приводной на отдельных фундаментных плитах, масса: 2,3 т
ГЭСНм	07	07-04-003	Насосные агрегаты лопастные центробежные одноступенчатые и многоступенчатые, объемные, поршневые, приводные на отдельных фундаментных плитах	07-04-003-04	компл	Агрегат насосный лопастной центробежный одноступенчатый и многоступенчатый, объемный, поршневой, приводной на отдельных фундаментных плитах, масса: 4,6 т
ГЭСНм	07	07-04-003	Насосные агрегаты лопастные центробежные одноступенчатые и многоступенчатые, объемные, поршневые, приводные на отдельных фундаментных плитах	07-04-003-05	компл	Агрегат насосный лопастной центробежный одноступенчатый и многоступенчатый, объемный, поршневой, приводной на отдельных фундаментных плитах, масса: 6,2 т
ГЭСНм	07	07-04-003	Насосные агрегаты лопастные центробежные одноступенчатые и многоступенчатые, объемные, поршневые, приводные на отдельных фундаментных плитах	07-04-003-06	компл	Агрегат насосный лопастной центробежный одноступенчатый и многоступенчатый, объемный, поршневой, приводной на отдельных фундаментных плитах, масса: 18,2 т
ГЭСНм	07	07-04-003	Насосные агрегаты лопастные центробежные одноступенчатые и многоступенчатые, объемные, поршневые, приводные на отдельных фундаментных плитах	07-04-003-07	компл	Агрегат насосный лопастной центробежный одноступенчатый и многоступенчатый, объемный, поршневой, приводной на отдельных фундаментных плитах, масса: 31,3 т
ГЭСНм	07	07-04-004	Насосные агрегаты центробежные с вертикальным валом	07-04-004-01	компл	Агрегат насосный центробежный с вертикальным валом: масляный, масса 1,48-1,73 т
ГЭСНм	07	07-04-004	Насосные агрегаты центробежные с вертикальным валом	07-04-004-02	компл	Агрегат насосный центробежный с вертикальным валом: конденсатный, масса 1,06 т
ГЭСНм	07	07-04-004	Насосные агрегаты центробежные с вертикальным валом	07-04-004-03	компл	Агрегат насосный центробежный с вертикальным валом: конденсатный, масса 4,61 т
ГЭСНм	07	07-04-004	Насосные агрегаты центробежные с вертикальным валом	07-04-004-04	компл	Агрегат насосный центробежный с вертикальным валом: конденсатный, масса 7,38 т
ГЭСНм	07	07-04-004	Насосные агрегаты центробежные с вертикальным валом	07-04-004-05	компл	Агрегат насосный центробежный с вертикальным валом: конденсатный, масса 12,86 т
ГЭСНм	07	07-04-004	Насосные агрегаты центробежные с вертикальным валом	07-04-004-06	компл	Агрегат насосный центробежный с вертикальным валом: осевой, масса 5,55-14,01 т
ГЭСНм	07	07-04-004	Насосные агрегаты центробежные с вертикальным валом	07-04-004-07	компл	Агрегат насосный центробежный с вертикальным валом: осевой, масса 36,5 т
ГЭСНм	07	07-04-004	Насосные агрегаты центробежные с вертикальным валом	07-04-004-08	компл	Агрегат насосный центробежный с вертикальным валом: осевой, масса 83,05 т
ГЭСНм	07	07-04-004	Насосные агрегаты центробежные с вертикальным валом	07-04-004-09	компл	Агрегат насосный центробежный с вертикальным валом: осевой, масса 216,8 т
ГЭСНм	07	07-04-004	Насосные агрегаты центробежные с вертикальным валом	07-04-004-10	компл	Агрегат насосный центробежный с вертикальным валом: масса 22,41 т
ГЭСНм	07	07-04-004	Насосные агрегаты центробежные с вертикальным валом	07-04-004-11	компл	Агрегат насосный центробежный с вертикальным валом: масса 40,2 т
ГЭСНм	07	07-04-004	Насосные агрегаты центробежные с вертикальным валом	07-04-004-12	компл	Агрегат насосный центробежный с вертикальным валом: масса 81,67 т
ГЭСНм	07	07-04-004	Насосные агрегаты центробежные с вертикальным валом	07-04-004-13	компл	Агрегат насосный центробежный с вертикальным валом: масса 223 т
ГЭСНм	07	07-04-015	Насосные агрегаты с приводом от электродвигателя	07-04-015-01	шт	Агрегат насосный с приводом от электродвигателя, масса: 2,79-5,02 т
ГЭСНм	07	07-04-015	Насосные агрегаты с приводом от электродвигателя	07-04-015-02	шт	Агрегат насосный с приводом от электродвигателя, масса: 8,92 т
ГЭСНм	07	07-04-015	Насосные агрегаты с приводом от электродвигателя	07-04-015-03	шт	Агрегат насосный с приводом от электродвигателя, масса: 21,5 т
ГЭСНм	07	07-04-015	Насосные агрегаты с приводом от электродвигателя	07-04-015-04	шт	Агрегат насосный с приводом от электродвигателя, масса: 35,21 т
ГЭСНм	07	07-04-016	Паротурбонасосы питательные	07-04-016-01	шт	Паротурбонасос питательный, масса 16,6-19 т
ГЭСНм	07	07-04-027	Вакуум-насосные агрегаты поршневые ротационные водокольцевые	07-04-027-01	шт	Агрегат вакуум-насосный поршневой ротационный водокольцевой, масса: 0,3 т
ГЭСНм	07	07-04-027	Вакуум-насосные агрегаты поршневые ротационные водокольцевые	07-04-027-02	шт	Агрегат вакуум-насосный поршневой ротационный водокольцевой, масса: 0,8 т
ГЭСНм	07	07-04-027	Вакуум-насосные агрегаты поршневые ротационные водокольцевые	07-04-027-03	шт	Агрегат вакуум-насосный поршневой ротационный водокольцевой, масса: 1,1 т
ГЭСНм	07	07-04-027	Вакуум-насосные агрегаты поршневые ротационные водокольцевые	07-04-027-04	шт	Агрегат вакуум-насосный поршневой ротационный водокольцевой, масса: 2,4 т
ГЭСНм	07	07-04-027	Вакуум-насосные агрегаты поршневые ротационные водокольцевые	07-04-027-05	шт	Агрегат вакуум-насосный поршневой ротационный водокольцевой, масса: 3,5 т
ГЭСНм	07	07-04-027	Вакуум-насосные агрегаты поршневые ротационные водокольцевые	07-04-027-06	шт	Агрегат вакуум-насосный поршневой ротационный водокольцевой, масса: 13,7 т
ГЭСНм	07	07-04-028	Насосные агрегаты шахтные	07-04-028-01	шт	Агрегат электронасосный, центробежный шахтный: консольный, масса 0,25 т
ГЭСНм	07	07-04-028	Насосные агрегаты шахтные	07-04-028-02	шт	Агрегат электронасосный, центробежный шахтный: подвесной, масса 2,6 т
ГЭСНм	07	07-04-028	Насосные агрегаты шахтные	07-04-028-03	шт	Турбонасос забойный шахтный, масса 0,03 т
ГЭСНм	07	07-04-028	Насосные агрегаты шахтные	07-04-028-04	шт	Насос погружной заливочный, масса 0,11 т
ГЭСНм	07	07-04-028	Насосные агрегаты шахтные	07-04-028-05	шт	Агрегат электронасосный, винтовой шахтный, масса: 0,16 т
ГЭСНм	07	07-04-028	Насосные агрегаты шахтные	07-04-028-06	шт	Агрегат электронасосный, винтовой шахтный, масса: 0,25 т
ГЭСНм	07	07-04-029	Насосы артезианские с электродвигателем над скважиной	07-04-029-01	шт	Насос артезианский с электродвигателем над скважиной, марки: АтН8-1-16
ГЭСНм	07	07-04-029	Насосы артезианские с электродвигателем над скважиной	07-04-029-02	шт	Насос артезианский с электродвигателем над скважиной, марки: АтН8-1-22
ГЭСНм	07	07-04-030	Насосы артезианские с погружным электродвигателем	07-04-030-01	шт	Насос артезианский с погружным электродвигателем, марки: 1ЭЦВ6-4-130
ГЭСНм	07	07-04-030	Насосы артезианские с погружным электродвигателем	07-04-030-02	шт	Насос артезианский с погружным электродвигателем, марки: 3ЭЦВ6-6,3-85
ГЭСНм	07	07-04-030	Насосы артезианские с погружным электродвигателем	07-04-030-03	шт	Насос артезианский с погружным электродвигателем, марки: 3ЭЦВ6-6,3-125
ГЭСНм	07	07-04-030	Насосы артезианские с погружным электродвигателем	07-04-030-04	шт	Насос артезианский с погружным электродвигателем, марки: 1ЭЦВ6-10-50
ГЭСНм	07	07-04-030	Насосы артезианские с погружным электродвигателем	07-04-030-05	шт	Насос артезианский с погружным электродвигателем, марки: 1ЭЦВ6-10-110
ГЭСНм	07	07-04-030	Насосы артезианские с погружным электродвигателем	07-04-030-06	шт	Насос артезианский с погружным электродвигателем, марки: 1ЭЦВ6-10-185
ГЭСНм	07	07-04-030	Насосы артезианские с погружным электродвигателем	07-04-030-07	шт	Насос артезианский с погружным электродвигателем, марки: ЭЦВ6-10-235
ГЭСНм	07	07-04-030	Насосы артезианские с погружным электродвигателем	07-04-030-08	шт	Насос артезианский с погружным электродвигателем, марки: 3ЭЦВ6-16-75
ГЭСНм	07	07-04-030	Насосы артезианские с погружным электродвигателем	07-04-030-09	шт	Насос артезианский с погружным электродвигателем, марки: 3ЭЦВ8-16-140
ГЭСНм	07	07-04-030	Насосы артезианские с погружным электродвигателем	07-04-030-10	шт	Насос артезианский с погружным электродвигателем, марки: 1ЭЦВ8-25-100
ГЭСНм	07	07-04-030	Насосы артезианские с погружным электродвигателем	07-04-030-11	шт	Насос артезианский с погружным электродвигателем, марки: 2ЭЦВ8-25-150
ГЭСНм	07	07-04-030	Насосы артезианские с погружным электродвигателем	07-04-030-12	шт	Насос артезианский с погружным электродвигателем, марки: ЭЦВ8-25-300
ГЭСНм	07	07-04-030	Насосы артезианские с погружным электродвигателем	07-04-030-13	шт	Насос артезианский с погружным электродвигателем, марки: ЭЦВ8-40-60
ГЭСНм	07	07-04-030	Насосы артезианские с погружным электродвигателем	07-04-030-14	шт	Насос артезианский с погружным электродвигателем, марки: ЭЦВ8-40-180
ГЭСНм	07	07-04-030	Насосы артезианские с погружным электродвигателем	07-04-030-15	шт	Насос артезианский с погружным электродвигателем, марки: 2ЭЦВ-10-63-110
ГЭСНм	07	07-04-030	Насосы артезианские с погружным электродвигателем	07-04-030-16	шт	Насос артезианский с погружным электродвигателем, марки: 2ЭЦВ10-63-150
ГЭСНм	07	07-04-030	Насосы артезианские с погружным электродвигателем	07-04-030-17	шт	Насос артезианский с погружным электродвигателем, марки: 1ЭЦВ10-63-270
ГЭСНм	07	07-04-030	Насосы артезианские с погружным электродвигателем	07-04-030-18	шт	Насос артезианский с погружным электродвигателем, марки: ЭЦВ10-120-60
ГЭСНм	07	07-04-030	Насосы артезианские с погружным электродвигателем	07-04-030-19	шт	Насос артезианский с погружным электродвигателем, марки: ЭЦВ10-160-35Г
ГЭСНм	07	07-04-030	Насосы артезианские с погружным электродвигателем	07-04-030-20	шт	Насос артезианский с погружным электродвигателем, марки: 1ЭЦВ12-160-65
ГЭСНм	07	07-04-030	Насосы артезианские с погружным электродвигателем	07-04-030-21	шт	Насос артезианский с погружным электродвигателем, марки: 1ЭЦВ12-160-100
ГЭСНм	07	07-04-030	Насосы артезианские с погружным электродвигателем	07-04-030-22	шт	Насос артезианский с погружным электродвигателем, марки: 1ЭЦВ12-210-25
ГЭСНм	07	07-04-030	Насосы артезианские с погружным электродвигателем	07-04-030-23	шт	Насос артезианский с погружным электродвигателем, марки: 2ЭЦВ12-210-55
ГЭСНм	07	07-04-030	Насосы артезианские с погружным электродвигателем	07-04-030-24	шт	Насос артезианский с погружным электродвигателем, марки: 1ЭЦВ12-210-145
ГЭСНм	07	07-04-030	Насосы артезианские с погружным электродвигателем	07-04-030-25	шт	Насос артезианский с погружным электродвигателем, марки: 2ЭВЦ12-255-30Г
ГЭСНм	07	07-04-030	Насосы артезианские с погружным электродвигателем	07-04-030-26	шт	Насос артезианский с погружным электродвигателем, марки: ЭВЦ14-210-300Х
ГЭСНм	07	07-04-030	Насосы артезианские с погружным электродвигателем	07-04-030-27	шт	Насос артезианский с погружным электродвигателем, марки: ЭЦ316-375-175Х
ГЭСНм	08	08-01-052	Изоляторы	08-01-052-01	шт	Изолятор опорный напряжением: до 10 кВ, количество точек крепления 1
ГЭСНм	08	08-01-052	Изоляторы	08-01-052-02	шт	Изолятор опорный напряжением: до 10 кВ, количество точек крепления 2
ГЭСНм	08	08-01-052	Изоляторы	08-01-052-03	шт	Изолятор опорный напряжением: до 10 кВ, количество точек крепления 4
ГЭСНм	08	08-01-052	Изоляторы	08-01-052-04	шт	Изолятор опорный напряжением: до 20 кВ
ГЭСНм	08	08-01-052	Изоляторы	08-01-052-05	шт	Изолятор проходной с овальным или квадратным фланцем напряжением: до 10 кВ
ГЭСНм	08	08-01-052	Изоляторы	08-01-052-06	шт	Изолятор проходной с овальным или квадратным фланцем напряжением: до 20 кВ
ГЭСНм	08	08-01-053	Трансформаторы тока	08-01-053-01	шт	Трансформатор тока напряжением: до 10 кВ
ГЭСНм	08	08-01-053	Трансформаторы тока	08-01-053-02	шт	Трансформатор тока напряжением: до 20 кВ
ГЭСНм	08	08-01-054	Трансформаторы напряжения	08-01-054-01	шт	Трансформатор напряжением: до 10 кВ, однофазный
ГЭСНм	08	08-01-054	Трансформаторы напряжения	08-01-054-02	шт	Трансформатор напряжением: до 10 кВ, трехфазный
ГЭСНм	08	08-01-054	Трансформаторы напряжения	08-01-054-03	шт	Трансформатор напряжением: до 20 кВ, трехфазный
ГЭСНм	08	08-01-055	Разъединители однополюсные	08-01-055-01	шт	Разъединитель однополюсный с одной тягой напряжением до 10 кВ, ток: до 600 А
ГЭСНм	08	08-01-055	Разъединители однополюсные	08-01-055-02	шт	Разъединитель однополюсный с одной тягой напряжением до 10 кВ, ток: до 1000 А
ГЭСНм	08	08-01-055	Разъединители однополюсные	08-01-055-03	шт	Разъединитель однополюсный с одной тягой напряжением до 10 кВ, ток: до 3000 А
ГЭСНм	08	08-01-055	Разъединители однополюсные	08-01-055-04	шт	Разъединитель однополюсный с одной тягой напряжением до 10 кВ, ток: до 5000 А
ГЭСНм	08	08-01-056	Разъединители трехполюсные	08-01-056-01	шт	Разъединитель трехполюсный напряжением: до 10 кВ, ток до 600 А
ГЭСНм	08	08-01-056	Разъединители трехполюсные	08-01-056-02	шт	Разъединитель трехполюсный напряжением: до 10 кВ, ток до 1000 А
ГЭСНм	08	08-01-056	Разъединители трехполюсные	08-01-056-03	шт	Разъединитель трехполюсный напряжением: до 10 кВ, ток до 4000 А
ГЭСНм	08	08-01-056	Разъединители трехполюсные	08-01-056-04	шт	Разъединитель трехполюсный напряжением: до 20 кВ, ток до 1000 А
ГЭСНм	08	08-01-056	Разъединители трехполюсные	08-01-056-05	компл	Разъединитель трехполюсный напряжением: до 20 кВ, ток до 8000 А
ГЭСНм	08	08-01-056	Разъединители трехполюсные	08-01-056-06	компл	Разъединитель трехполюсный напряжением: до 20 кВ, ток до 12500 А
ГЭСНм	08	08-01-057	Приводы к разъединителям	08-01-057-01	шт	Приводы к разъединителям с одной тягой: рычажный
ГЭСНм	08	08-01-057	Приводы к разъединителям	08-01-057-02	шт	Приводы к разъединителям с одной тягой: червячный
ГЭСНм	08	08-01-057	Приводы к разъединителям	08-01-057-03	шт	Приводы к разъединителям с одной тягой: моторный
ГЭСНм	08	08-01-057	Приводы к разъединителям	08-01-057-04	шт	Каждая дополнительная тяга
ГЭСНм	08	08-01-058	Выключатели нагрузки	08-01-058-01	шт	Выключатель нагрузки с приводом: ручным
ГЭСНм	08	08-01-058	Выключатели нагрузки	08-01-058-02	шт	Выключатель нагрузки с приводом: электромагнитным
ГЭСНм	08	08-01-059	Выключатели масляные	08-01-059-01	шт	Выключатель масляный: ВМПП, ВК или ВКЭ с приводом
ГЭСНм	08	08-01-059	Выключатели масляные	08-01-059-02	шт	Выключатель масляный: МГГ с приводом
ГЭСНм	08	08-01-060	Выключатели воздушные	08-01-060-01	шт	Выключатель напряжением до 20 кВ на ток до 20000 А
ГЭСНм	08	08-01-061	Предохранители	08-01-061-01	шт	Предохранитель
ГЭСНм	08	08-01-062	Трансформаторы, автотрансформаторы и реакторы	08-01-062-01	шт	Трансформатор силовой, автотрансформатор или масляный реактор, масса: до 1 т
ГЭСНм	08	08-01-062	Трансформаторы, автотрансформаторы и реакторы	08-01-062-02	шт	Трансформатор силовой, автотрансформатор или масляный реактор, масса: до 3 т
ГЭСНм	08	08-01-062	Трансформаторы, автотрансформаторы и реакторы	08-01-062-03	шт	Трансформатор силовой, автотрансформатор или масляный реактор, масса: до 7 т
ГЭСНм	08	08-01-062	Трансформаторы, автотрансформаторы и реакторы	08-01-062-04	шт	Трансформатор силовой, автотрансформатор или масляный реактор, масса: до 10 т
ГЭСНм	08	08-01-062	Трансформаторы, автотрансформаторы и реакторы	08-01-062-05	шт	Трансформатор силовой, автотрансформатор или масляный реактор, масса: до 20 т
ГЭСНм	08	08-01-063	Реакторы бетонные	08-01-063-01	компл	Реактор бетонный, масса комплектов: до 1,5 т
ГЭСНм	08	08-01-063	Реакторы бетонные	08-01-063-02	компл	Реактор бетонный, масса комплектов: до 3 т
ГЭСНм	08	08-01-063	Реакторы бетонные	08-01-063-03	компл	Реактор бетонный, масса комплектов: до 4,5 т
ГЭСНм	08	08-01-063	Реакторы бетонные	08-01-063-04	компл	Реактор бетонный, масса комплектов: до 6 т
ГЭСНм	08	08-01-063	Реакторы бетонные	08-01-063-05	компл	Реактор бетонный, масса комплектов: до 7,5 т
ГЭСНм	08	08-01-063	Реакторы бетонные	08-01-063-06	компл	Реактор бетонный, масса комплектов: до 10,5 т
ГЭСНм	08	08-01-064	Сушка масла	08-01-064-01	т	Сушка трансформаторного масла
ГЭСНм	08	08-01-065	Заливка электрооборудования сухим трансформаторным маслом	08-01-065-01	т	Заливка: трансформаторов
ГЭСНм	08	08-01-065	Заливка электрооборудования сухим трансформаторным маслом	08-01-065-02	т	Заливка: электрооборудования (кроме трансформаторов)
ГЭСНм	08	08-01-066	Разрядники	08-01-066-01	компл	Разрядник трехфазный напряжением: до 10 кВ
ГЭСНм	08	08-01-066	Разрядники	08-01-066-02	компл	Разрядник трехфазный напряжением: до 20 кВ
ГЭСНм	08	08-01-067	Конденсаторы статические и комплектные конденсаторные установки	08-01-067-01	шт	Конденсатор статистический на установленных конструкциях, масса: до 15 кг
ГЭСНм	08	08-01-067	Конденсаторы статические и комплектные конденсаторные установки	08-01-067-02	шт	Конденсатор статистический на установленных конструкциях, масса: до 25 кг
ГЭСНм	08	08-01-067	Конденсаторы статические и комплектные конденсаторные установки	08-01-067-03	шт	Конденсатор статистический на установленных конструкциях, масса: до 40 кг
ГЭСНм	08	08-01-067	Конденсаторы статические и комплектные конденсаторные установки	08-01-067-04	шт	Конденсатор статистический на установленных конструкциях, масса: до 70 кг
ГЭСНм	08	08-01-067	Конденсаторы статические и комплектные конденсаторные установки	08-01-067-05	шт	Конденсатор статистический на установленных конструкциях, масса: до 100 кг
ГЭСНм	08	08-01-067	Конденсаторы статические и комплектные конденсаторные установки	08-01-067-06	шт	Конденсатор статистический на установленных конструкциях, масса: до 150 кг
ГЭСНм	08	08-01-067	Конденсаторы статические и комплектные конденсаторные установки	08-01-067-07	шкаф	Установка (шкаф) комплектная конденсаторная на установленных конструкциях, масса: до 100 кг
ГЭСНм	08	08-01-067	Конденсаторы статические и комплектные конденсаторные установки	08-01-067-08	шкаф	Установка (шкаф) комплектная конденсаторная на установленных конструкциях, масса: до 500 кг
ГЭСНм	08	08-01-067	Конденсаторы статические и комплектные конденсаторные установки	08-01-067-09	шкаф	Установка (шкаф) комплектная конденсаторная на установленных конструкциях, масса: до 900 кг
ГЭСНм	08	08-01-067	Конденсаторы статические и комплектные конденсаторные установки	08-01-067-10	шкаф	Установка (шкаф) комплектная конденсаторная на установленных конструкциях, масса: до 1700 кг
ГЭСНм	08	08-01-068	Шины сборные - одна полоса в фазе	08-01-068-01	100 м	Шина сборная - одна полоса в фазе, медная или алюминиевая сечением: до 250 мм2
ГЭСНм	08	08-01-068	Шины сборные - одна полоса в фазе	08-01-068-02	100 м	Шина сборная - одна полоса в фазе, медная или алюминиевая сечением: свыше 250 до 500 мм2
ГЭСНм	08	08-01-068	Шины сборные - одна полоса в фазе	08-01-068-03	100 м	Шина сборная - одна полоса в фазе, медная или алюминиевая сечением: свыше 500 до 1000 мм2
ГЭСНм	08	08-01-068	Шины сборные - одна полоса в фазе	08-01-068-04	100 м	Шина сборная - одна полоса в фазе, медная или алюминиевая сечением: свыше 1000 до 1500 мм2
ГЭСНм	08	08-01-069	Шины сборные - две полосы в фазе	08-01-069-01	100 м	Шина сборная - две полосы в фазе, медная или алюминиевая сечением: до 250 мм2
ГЭСНм	08	08-01-069	Шины сборные - две полосы в фазе	08-01-069-02	100 м	Шина сборная - две полосы в фазе, медная или алюминиевая сечением: свыше 250 до 500 мм2
ГЭСНм	08	08-01-069	Шины сборные - две полосы в фазе	08-01-069-03	100 м	Шина сборная - две полосы в фазе, медная или алюминиевая сечением: свыше 500 до 1000 мм2
ГЭСНм	08	08-01-069	Шины сборные - две полосы в фазе	08-01-069-04	100 м	Шина сборная - две полосы в фазе, медная или алюминиевая сечением: свыше 1000 до 1500 мм2
ГЭСНм	08	08-01-070	Шины сборные - три полосы в фазе	08-01-070-01	100 м	Шина сборная - три полосы в фазе, медная или алюминиевая сечением: до 500 мм2
ГЭСНм	08	08-01-070	Шины сборные - три полосы в фазе	08-01-070-02	100 м	Шина сборная - три полосы в фазе, медная или алюминиевая сечением: свыше 500 до 1000 мм2
ГЭСНм	08	08-01-070	Шины сборные - три полосы в фазе	08-01-070-03	100 м	Шина сборная - три полосы в фазе, медная или алюминиевая сечением: свыше 1000 до 1500 мм2
ГЭСНм	08	08-01-071	Шины сборные - четыре полосы в фазе	08-01-071-01	100 м	Шина сборная - четыре полосы в фазе, медная или алюминиевая сечением: до 1000 мм2
ГЭСНм	08	08-01-071	Шины сборные - четыре полосы в фазе	08-01-071-02	100 м	Шина сборная - четыре полосы в фазе, медная или алюминиевая сечением: свыше 1000 до 1500 мм2
ГЭСНм	08	08-01-072	Шины ответвительные - одна полоса в фазе	08-01-072-01	100 м	Шина ответвительная - одна полоса в фазе, медная или алюминиевая сечением: до 250 мм2
ГЭСНм	08	08-01-072	Шины ответвительные - одна полоса в фазе	08-01-072-02	100 м	Шина ответвительная - одна полоса в фазе, медная или алюминиевая сечением: свыше 250 до 350 мм2
ГЭСНм	08	08-01-072	Шины ответвительные - одна полоса в фазе	08-01-072-03	100 м	Шина ответвительная - одна полоса в фазе, медная или алюминиевая сечением: свыше 350 до 700 мм2
ГЭСНм	08	08-01-072	Шины ответвительные - одна полоса в фазе	08-01-072-04	100 м	Шина ответвительная - одна полоса в фазе, медная или алюминиевая сечением: свыше 700 до 1000 мм2
ГЭСНм	08	08-01-072	Шины ответвительные - одна полоса в фазе	08-01-072-05	100 м	Шина ответвительная - одна полоса в фазе, медная или алюминиевая сечением: свыше 1000 до 1500 мм2
ГЭСНм	08	08-01-073	Шины ответвительные - две полосы в фазе	08-01-073-01	100 м	Шина ответвительная - две полосы в фазе, медная или алюминиевая сечением: до 350 мм2
ГЭСНм	08	08-01-073	Шины ответвительные - две полосы в фазе	08-01-073-02	100 м	Шина ответвительная - две полосы в фазе, медная или алюминиевая сечением: свыше 350 до 700 мм2
ГЭСНм	08	08-01-073	Шины ответвительные - две полосы в фазе	08-01-073-03	100 м	Шина ответвительная - две полосы в фазе, медная или алюминиевая сечением: свыше 700 до 1000 мм2
ГЭСНм	08	08-01-073	Шины ответвительные - две полосы в фазе	08-01-073-04	100 м	Шина ответвительная - две полосы в фазе, медная или алюминиевая сечением: свыше 1000 до 1500 мм2
ГЭСНм	08	08-01-074	Шины ответвительные - три полосы в фазе	08-01-074-01	100 м	Шина ответвительная - три полосы в фазе, медная или алюминиевая сечение: до 700 мм2
ГЭСНм	08	08-01-074	Шины ответвительные - три полосы в фазе	08-01-074-02	100 м	Шина ответвительная - три полосы в фазе, медная или алюминиевая сечение: свыше 700 до 1000 мм2
ГЭСНм	08	08-01-074	Шины ответвительные - три полосы в фазе	08-01-074-03	100 м	Шина ответвительная - три полосы в фазе, медная или алюминиевая сечение: свыше 1000 до 1500 мм2
ГЭСНм	08	08-01-075	Шины ответвительные - четыре полосы в фазе	08-01-075-01	100 м	Шина ответвительная - четыре полосы в фазе, медная или алюминиевая сечением: до 1000 мм2
ГЭСНм	08	08-01-075	Шины ответвительные - четыре полосы в фазе	08-01-075-02	100 м	Шина ответвительная - четыре полосы в фазе, медная или алюминиевая сечением: свыше 1000 до 1500 мм2
ГЭСНм	08	08-01-076	Шины круглые	08-01-076-01	100 м	Шина круглая медная диаметром: до 10 мм
ГЭСНм	08	08-01-076	Шины круглые	08-01-076-02	100 м	Шина круглая медная диаметром: до 20 мм
ГЭСНм	08	08-01-077	Токопроводы неэкранированные из алюминиевых шин	08-01-077-01	м	Токопровод трехфазный неэкранированный закрытый напряжением до 10 кВ из алюминиевых шин корытного профиля на ток до 3200 А
ГЭСНм	08	08-01-077	Токопроводы неэкранированные из алюминиевых шин	08-01-077-02	м	Токопровод однофазный неэкранированный открытый из двух алюминиевых шин корытного профиля, размер: 2 (125х55х6,5) мм
ГЭСНм	08	08-01-077	Токопроводы неэкранированные из алюминиевых шин	08-01-077-03	м	Токопровод однофазный неэкранированный открытый из двух алюминиевых шин корытного профиля, размер: 2 (200х90х12) мм
ГЭСНм	08	08-01-077	Токопроводы неэкранированные из алюминиевых шин	08-01-077-04	м	Токопровод однофазный неэкранированный открытый из двух алюминиевых шин корытного профиля, размер: 2 (250х115х12,5) мм
ГЭСНм	08	08-01-078	Токопроводы экранированные из алюминиевых шин	08-01-078-01	м	Токопровод трехфазный напряжением до 10 кВ пофазно-экранированный с алюминиевой шиной корытного профиля на ток 3200 А
ГЭСНм	08	08-01-078	Токопроводы экранированные из алюминиевых шин	08-01-078-02	м	Токопровод однофазный экранированный с круглой алюминиевой шиной для генераторов, мощность: 60-120 МВт
ГЭСНм	08	08-01-078	Токопроводы экранированные из алюминиевых шин	08-01-078-03	м	Токопровод однофазный экранированный с круглой алюминиевой шиной для генераторов, мощность: 200 МВт
ГЭСНм	08	08-01-078	Токопроводы экранированные из алюминиевых шин	08-01-078-04	м	Токопровод однофазный экранированный с круглой алюминиевой шиной для генераторов, мощность: 300 МВт
ГЭСНм	08	08-01-078	Токопроводы экранированные из алюминиевых шин	08-01-078-05	м	Токопровод однофазный экранированный с круглой алюминиевой шиной для генераторов, мощность: 500-1000 МВт
ГЭСНм	08	08-01-078	Токопроводы экранированные из алюминиевых шин	08-01-078-06	м	Токопровод однофазный экранированный отпаечный для генераторов, мощность: до 300 МВт
ГЭСНм	08	08-01-078	Токопроводы экранированные из алюминиевых шин	08-01-078-07	м	Токопровод однофазный экранированный отпаечный для генераторов, мощность: до 500-1000 МВт
ГЭСНм	08	08-01-079	Мосты шинные для сборных распределительных устройств	08-01-079-01	шт	Мост шинный для сборных распределительных устройств, количество опорных изоляторов: 9
ГЭСНм	08	08-01-079	Мосты шинные для сборных распределительных устройств	08-01-079-02	шт	Мост шинный для сборных распределительных устройств, количество опорных изоляторов: 12
ГЭСНм	08	08-01-079	Мосты шинные для сборных распределительных устройств	08-01-079-03	шт	Мост шинный для сборных распределительных устройств, количество опорных изоляторов: 18
ГЭСНм	08	08-01-079	Мосты шинные для сборных распределительных устройств	08-01-079-04	шт	Мост шинный для сборных распределительных устройств, количество опорных изоляторов: 21
ГЭСНм	08	08-01-080	Приборы измерения и защиты	08-01-080-01	шт	Прибор измерения и защиты, количество подключаемых концов: до 2
ГЭСНм	08	08-01-080	Приборы измерения и защиты	08-01-080-02	шт	Прибор измерения и защиты, количество подключаемых концов: до 6
ГЭСНм	08	08-01-080	Приборы измерения и защиты	08-01-080-03	шт	Прибор измерения и защиты, количество подключаемых концов: до 12
ГЭСНм	08	08-01-080	Приборы измерения и защиты	08-01-080-04	шт	Блок-контактор
ГЭСНм	08	08-01-081	Аппараты управления и сигнализации	08-01-081-04	100 шт	Аппарат (кнопка, ключ управления, замок электромагнитной блокировки, звуковой сигнал, сигнальная лампа) управления и сигнализации, количество подключаемых концов до 2: однопроволочного провода (жил ка
ГЭСНм	08	08-01-081	Аппараты управления и сигнализации	08-01-081-05	100 шт	Аппарат (кнопка, ключ управления, замок электромагнитной блокировки, звуковой сигнал, сигнальная лампа) управления и сигнализации, количество подключаемых концов до 2: многопроволочного провода (жил к
ГЭСНм	08	08-01-081	Аппараты управления и сигнализации	08-01-081-06	100 шт	За каждый последующий подключаемый конец добавлять: к норме 08-01-081-04
ГЭСНм	08	08-01-081	Аппараты управления и сигнализации	08-01-081-07	100 шт	За каждый последующий подключаемый конец добавлять: к норме 08-01-081-05
ГЭСНм	08	08-01-082	Зажимы наборные	08-01-082-01	100 шт	Зажим наборный без кожуха
ГЭСНм	08	08-01-083	Устройства сигнально-блокировочные	08-01-083-01	шт	Устройство сигнально-блокировочное
ГЭСНм	08	08-01-084	Камеры сборных распределительных устройств	08-01-084-01	шт	Камера сборных распределительных устройств: с масляным выключателем
ГЭСНм	08	08-01-084	Камеры сборных распределительных устройств	08-01-084-02	шт	Камера сборных распределительных устройств: трансформатора напряжения, линейного ввода, разрядника или разъединителя
ГЭСНм	08	08-01-084	Камеры сборных распределительных устройств	08-01-084-03	шт	Камера сборных распределительных устройств: резервная
ГЭСНм	08	08-01-084	Камеры сборных распределительных устройств	08-01-084-04	шт	Камера сборных распределительных устройств: с выключателем нагрузки
ГЭСНм	08	08-01-085	Шкафы комплектных распределительных устройств	08-01-085-01	шт	Шкаф комплектных распределительных устройств с выключателем напряжением 6-10 кВ, на ток до 3200 А
ГЭСНм	08	08-01-085	Шкафы комплектных распределительных устройств	08-01-085-02	шт	Монтаж шкафов комплектных распределительных устройств с вакуумным выключателем напряжением 6-10 кВ, на ток до 3200 А
ГЭСНм	08	08-01-086	Комплектные трансформаторные подстанции (КТП)	08-01-086-01	шкаф	Шкаф КТП ввода: высоковольтный
ГЭСНм	08	08-01-086	Комплектные трансформаторные подстанции (КТП)	08-01-086-02	шкаф	Шкаф КТП ввода: низковольтный
ГЭСНм	08	08-01-086	Комплектные трансформаторные подстанции (КТП)	08-01-086-03	шт	Мост шинный для двухрядного КТП
ГЭСНм	08	08-01-087	Ограждения, плиты и металлические конструкции под оборудование	08-01-087-01	м2	Ограждение сетчатое
ГЭСНм	08	08-01-087	Ограждения, плиты и металлические конструкции под оборудование	08-01-087-02	м2	Плита проходная асбестоцементная или стальная для установки трансформаторов тока, проходных изоляторов или прохода шин
ГЭСНм	08	08-01-087	Ограждения, плиты и металлические конструкции под оборудование	08-01-087-03	т	Металлические конструкции
ГЭСНм	08	08-02-361	Колонки	08-02-361-01	шт	Колонка "Переход"
ГЭСНм	08	08-02-362	Цоколи к опорам	08-02-362-01	шт	Цоколь к опорам
ГЭСНм	08	08-02-363	Кронштейны специальные на опорах для светильников	08-02-363-01	шт	Кронштейны специальные на опорах для светильников сварные металлические, количество рожков: 1
ГЭСНм	08	08-02-363	Кронштейны специальные на опорах для светильников	08-02-363-02	шт	Кронштейны специальные на опорах для светильников сварные металлические, количество рожков: 2
ГЭСНм	08	08-02-363	Кронштейны специальные на опорах для светильников	08-02-363-03	шт	За каждый последующий рожок сверх 2 добавлять к норме 08-02-363-02
ГЭСНм	08	08-02-363	Кронштейны специальные на опорах для светильников	08-02-363-04	шт	При встроенном в кронштейн ПРА добавлять к нормам 08-02-363-01 и 08-02-363-02
ГЭСНм	08	08-02-364	Кронштейны "Переход"	08-02-364-01	шт	Кронштейн "Переход" на: опоре
ГЭСНм	08	08-02-364	Кронштейны "Переход"	08-02-364-02	шт	Кронштейн "Переход" на: стене
ГЭСНм	08	08-02-365	Растяжки	08-02-365-01	шт	Растяжка поперечная: с одинарным креплением к стене
ГЭСНм	08	08-02-365	Растяжки	08-02-365-02	шт	Растяжка поперечная: с двойным креплением к стене
ГЭСНм	08	08-02-365	Растяжки	08-02-365-03	шт	Растяжка поперечная: между опорами
ГЭСНм	08	08-02-366	Планки	08-02-366-01	шт	Планка с изоляторами на поперечных растяжках, количество штырей: 2
ГЭСНм	08	08-02-366	Планки	08-02-366-02	шт	Планка с изоляторами на поперечных растяжках, количество штырей: 3
ГЭСНм	08	08-02-366	Планки	08-02-366-03	шт	Планка с изоляторами на поперечных растяжках, количество штырей: 4
ГЭСНм	08	08-02-366	Планки	08-02-366-04	шт	Планка разрывная: 2х2
ГЭСНм	08	08-02-366	Планки	08-02-366-05	шт	Планка разрывная: 3х3
ГЭСНм	08	08-02-366	Планки	08-02-366-06	шт	Планка разрывная: 4х4
ГЭСНм	08	08-02-367	Провода	08-02-367-01	км	Провод по установленным планкам с изоляторами на растяжках, сечение: до 10 мм2
ГЭСНм	08	08-02-367	Провода	08-02-367-02	км	Провод по установленным планкам с изоляторами на растяжках, сечение: до 25 мм2
ГЭСНм	08	08-02-367	Провода	08-02-367-03	км	Провод по установленным планкам с изоляторами на растяжках, сечение: до 50 мм2
ГЭСНм	08	08-02-367	Провода	08-02-367-04	км	Провод на траверсах по металлическим и железобетонным опорам сечением до 70 мм2, при количестве опор на 1 км: 16
ГЭСНм	08	08-02-367	Провода	08-02-367-05	км	Провод на траверсах по металлическим и железобетонным опорам сечением до 70 мм2, при количестве опор на 1 км: 20
ГЭСНм	08	08-02-367	Провода	08-02-367-06	км	Провод на траверсах по металлическим и железобетонным опорам сечением до 70 мм2, при количестве опор на 1 км: 25
ГЭСНм	08	08-02-367	Провода	08-02-367-07	км	Провод на траверсах по металлическим и железобетонным опорам сечением до 70 мм2, при количестве опор на 1 км: 32
ГЭСНм	08	08-02-368	Провода, подвешиваемые на тросе	08-02-368-01	100 м	Линия в 3 провода на планках с роликами по тросу, сечение провода до 70 мм2
ГЭСНм	08	08-02-368	Провода, подвешиваемые на тросе	08-02-368-02	100 м	За каждый последующий провод добавлять к норме 08-02-368-01
ГЭСНм	08	08-02-369	Светильники, устанавливаемые вне зданий	08-02-369-01	шт	Светильник, устанавливаемый вне зданий с лампами: накаливания
ГЭСНм	08	08-02-369	Светильники, устанавливаемые вне зданий	08-02-369-02	шт	Светильник, устанавливаемый вне зданий с лампами: люминесцентными
ГЭСНм	08	08-02-369	Светильники, устанавливаемые вне зданий	08-02-369-03	шт	Светильник, устанавливаемый вне зданий с лампами: ртутными
ГЭСНм	08	08-02-369	Светильники, устанавливаемые вне зданий	08-02-369-04	шт	Светильник, устанавливаемый вне зданий "Шар венчающий"
ГЭСНм	08	08-02-369	Светильники, устанавливаемые вне зданий	08-02-369-05	шт	Светильник, устанавливаемый вне здания, торшерного типа светодиодный
ГЭСНм	08	08-02-370	Щитки	08-02-370-01	шт	Щиток до трех групп, устанавливаемый в: обхват колонн
ГЭСНм	08	08-02-370	Щитки	08-02-370-02	шт	Щиток до трех групп, устанавливаемый в: нише цоколя
ГЭСНм	08	08-02-371	Пускорегулирующие аппараты (ПРА) отдельно стоящие	08-02-371-01	шт	Пускорегулирующий аппарат
ГЭСНм	08	08-02-372	Предохранители столбовые	08-02-372-01	шт	Предохранитель столбовой на опоре: деревянной
ГЭСНм	08	08-02-372	Предохранители столбовые	08-02-372-02	шт	Предохранитель столбовой на опоре: железобетонной
ГЭСНм	08	08-02-373	Провода на переходах	08-02-373-01	переход	Растяжка поперечная через контактные сети (1 провод)
ГЭСНм	08	08-02-373	Провода на переходах	08-02-373-02	переход	Провод на переходе через линии связи, сети освещения и другие препятствия сечением: до 10 мм2
ГЭСНм	08	08-02-373	Провода на переходах	08-02-373-03	переход	Провод на переходе через линии связи, сети освещения и другие препятствия сечением: до 35 мм2
ГЭСНм	08	08-02-374	Устройство вводов	08-02-374-01	шт	Устройство ввода в здание в стальной трубе, провод сечением до 16 мм2, количество проводов в линии: 2
ГЭСНм	08	08-02-374	Устройство вводов	08-02-374-02	шт	Устройство ввода в здание в стальной трубе, провод сечением до 16 мм2, количество проводов в линии: 3
ГЭСНм	08	08-02-374	Устройство вводов	08-02-374-03	шт	Устройство ввода в здание в стальной трубе, провод сечением до 16 мм2, количество проводов в линии: 4
ГЭСНм	08	08-02-375	Конструкции металлические архитектурного освещения зданий и сооружений по стенам фасада, парапетам крыши, высота установки от 5 до 30 м	08-02-375-01	шт	Конструкции металлические архитектурного освещения зданий и сооружений по стенам фасада, парапетам крыши, высота установки от 5 до 30 м, вес конструкции до 30 кг, для осветительного прибора
ГЭСНм	08	08-02-375	Конструкции металлические архитектурного освещения зданий и сооружений по стенам фасада, парапетам крыши, высота установки от 5 до 30 м	08-02-375-02	м	Конструкции металлические архитектурного освещения зданий и сооружений по стенам фасада, парапетам крыши, высота установки от 5 до 30 м, для светового карниза
ГЭСНм	08	08-02-376	Юстировка осветительных приборов на объектах архитектурно-художественного освещения	08-02-376-01	шт	Юстировка осветительных приборов, расположенных на высоте: до 1,8 м
ГЭСНм	08	08-02-376	Юстировка осветительных приборов на объектах архитектурно-художественного освещения	08-02-376-02	шт	Юстировка осветительных приборов, расположенных на высоте: свыше 1,8 до 5 м
ГЭСНм	08	08-02-376	Юстировка осветительных приборов на объектах архитектурно-художественного освещения	08-02-376-03	шт	Юстировка осветительных приборов, расположенных на высоте: свыше 5 до 15 м
ГЭСНм	08	08-02-376	Юстировка осветительных приборов на объектах архитектурно-художественного освещения	08-02-376-04	шт	Юстировка осветительных приборов, расположенных на высоте: свыше 15 до 30 м
ГЭСНм	08	08-02-376	Юстировка осветительных приборов на объектах архитектурно-художественного освещения	08-02-376-05	шт	Юстировка осветительных приборов, расположенных на высоте: ниже "0" отметки от поверхности сооружения
ГЭСНм	08	08-02-376	Юстировка осветительных приборов на объектах архитектурно-художественного освещения	08-02-376-06	шт	Юстировка осветительных приборов, выполняемая с кровли, балконов зданий
ГЭСНм	08	08-02-377	Измерение светотехнических параметров установки архитектурно-художественного освещения	08-02-377-01	шт	Измерение светотехнических параметров установки архитектурно-художественного освещения, расположенных на высоте: до 1,8 м
ГЭСНм	08	08-02-377	Измерение светотехнических параметров установки архитектурно-художественного освещения	08-02-377-02	шт	Измерение светотехнических параметров установки архитектурно-художественного освещения, расположенных на высоте: свыше 1,8 до 5 м
ГЭСНм	08	08-02-377	Измерение светотехнических параметров установки архитектурно-художественного освещения	08-02-377-03	шт	Измерение светотехнических параметров установки архитектурно-художественного освещения, расположенных на высоте: свыше 5 до 15 м
ГЭСНм	08	08-02-377	Измерение светотехнических параметров установки архитектурно-художественного освещения	08-02-377-04	шт	Измерение светотехнических параметров установки архитектурно-художественного освещения, расположенных на высоте: свыше 15 до 30 м
ГЭСНм	08	08-02-377	Измерение светотехнических параметров установки архитектурно-художественного освещения	08-02-377-05	шт	Измерение светотехнических параметров установки архитектурно-художественного освещения, расположенных на высоте: ниже "0" отметки от поверхности сооружения
ГЭСНм	08	08-02-377	Измерение светотехнических параметров установки архитектурно-художественного освещения	08-02-377-06	шт	Измерение светотехнических параметров установки архитектурно-художественного освещения, выполняемое с кровли, балконов зданий
ГЭСНм	08	08-02-378	Сплиттер	08-02-378-01	шт	Сплиттер: с уровня земли
ГЭСНм	08	08-02-378	Сплиттер	08-02-378-02	шт	Сплиттер: при доступе с кровли с использованием альпинистского снаряжения
ГЭСНм	08	08-02-378	Сплиттер	08-02-378-03	шт	Сплиттер: при доступе с автоподъемника
ГЭСНм	08	08-02-379	Терминатор	08-02-379-01	шт	Терминатор: с уровня земли
ГЭСНм	08	08-02-379	Терминатор	08-02-379-02	шт	Терминатор: при доступе с кровли с использованием альпинистского снаряжения
ГЭСНм	08	08-02-379	Терминатор	08-02-379-03	шт	Терминатор: при доступе с автоподъемника
ГЭСНм	08	08-02-380	Комплекс осветительный светодиодный	08-02-380-01	компл	Комплекс осветительный светодиодный при высоте опоры: до 8 м
ГЭСНм	08	08-02-380	Комплекс осветительный светодиодный	08-02-380-02	компл	Комплекс осветительный светодиодный при высоте опоры: свыше 8 м
ГЭСНм	08	08-02-381	Уплотнитель кабельного прохода термоусаживаемый	08-02-381-01	100 шт	Уплотнитель кабельного прохода термоусаживаемый
ГЭСНм	08	08-02-382	Прибор осветительный линейный светодиодный неуправляемый	08-02-382-01	шт	Прибор осветительный линейный светодиодный неуправляемый: с уровня земли
ГЭСНм	08	08-02-382	Прибор осветительный линейный светодиодный неуправляемый	08-02-382-02	шт	Прибор осветительный линейный светодиодный неуправляемый: при доступе с кровли с использованием альпинистского снаряжения
ГЭСНм	08	08-02-382	Прибор осветительный линейный светодиодный неуправляемый	08-02-382-03	шт	Прибор осветительный линейный светодиодный неуправляемый: с автоподъемника
ГЭСНм	08	08-02-383	Установка комплекта уличного светильника с автономным питанием	08-02-383-01	компл	Установка комплекта уличного светильника с автономным питанием (солнечная панель 250 Вт): с антивандальным ограждением
ГЭСНм	08	08-02-383	Установка комплекта уличного светильника с автономным питанием	08-02-383-02	компл	Установка комплекта уличного светильника с автономным питанием (солнечная панель 250 Вт): без антивандального ограждения
ГЭСНм	08	08-02-384	Кабель в монтажном кабель-канале по фасаду здания	08-02-384-01	100 м	Кабель в монтажном кабель-канале по фасаду здания: с уровня земли
ГЭСНм	08	08-02-384	Кабель в монтажном кабель-канале по фасаду здания	08-02-384-02	100 м	Кабель в монтажном кабель-канале по фасаду здания: при доступе с кровли с использованием альпинистского снаряжения
ГЭСНм	08	08-02-384	Кабель в монтажном кабель-канале по фасаду здания	08-02-384-03	100 м	Кабель в монтажном кабель-канале по фасаду здания: при доступе с автоподъемника
ГЭСНм	08	08-02-385	Монтажный кабель-канал по фасаду здания	08-02-385-01	100 м	Монтажный кабель-канал по фасаду здания: с уровня земли
ГЭСНм	08	08-02-385	Монтажный кабель-канал по фасаду здания	08-02-385-02	100 м	Монтажный кабель-канал по фасаду здания: при доступе с кровли с использованием альпинистского снаряжения
ГЭСНм	08	08-02-385	Монтажный кабель-канал по фасаду здания	08-02-385-03	100 м	Монтажный кабель-канал по фасаду здания: с автоподъемника
ГЭСНм	08	08-02-390	Короба пластмассовые	08-02-390-01	100 м	Короба пластмассовые: шириной до 40 мм
ГЭСНм	08	08-02-390	Короба пластмассовые	08-02-390-02	100 м	Короба пластмассовые: шириной до 63 мм
ГЭСНм	08	08-02-390	Короба пластмассовые	08-02-390-03	100 м	Короба пластмассовые: шириной до 120 мм
ГЭСНм	08	08-02-391	Провода по деревянному основанию	08-02-391-01	100 м	Провод по деревянному основанию двух-трехжильный
ГЭСНм	08	08-02-394	Проводки тросовые	08-02-394-01	100 м	Линия провода тросового, количество проводов в линии до 4, сечение жил провода: до 6 мм2
ГЭСНм	08	08-02-394	Проводки тросовые	08-02-394-02	100 м	Линия провода тросового, количество проводов в линии до 4, сечение жил провода: до 16 мм2
ГЭСНм	08	08-02-394	Проводки тросовые	08-02-394-03	100 м	Линия провода тросового, количество проводов в линии до 4, сечение жил провода: до 35 мм2
ГЭСНм	08	08-02-394	Проводки тросовые	08-02-394-04	100 м	Линия кабеля тросового, количество кабелей в линии до 4, сечение жил кабеля до 16 мм2
ГЭСНм	08	08-02-395	Лотки металлические	08-02-395-01	т	Лоток металлический штампованный по установленным конструкциям, ширина лотка: до 200 мм
ГЭСНм	08	08-02-395	Лотки металлические	08-02-395-02	т	Лоток металлический штампованный по установленным конструкциям, ширина лотка: до 400 мм
ГЭСНм	08	08-02-396	Короба металлические	08-02-396-01	100 м	Короб металлический на конструкциях, кронштейнах, по фермам и колоннам, длина: 2 м
ГЭСНм	08	08-02-396	Короба металлические	08-02-396-02	100 м	Короб металлический на конструкциях, кронштейнах, по фермам и колоннам, длина: 3 м
ГЭСНм	08	08-02-396	Короба металлические	08-02-396-03	100 м	Короб металлический на конструкциях, кронштейнах, по фермам и колоннам, длина: 6 м (блоки)
ГЭСНм	08	08-02-396	Короба металлические	08-02-396-04	100 м	Короб металлический на конструкциях, кронштейнах, по фермам и колоннам, длина: 9 м (блоки)
ГЭСНм	08	08-02-396	Короба металлические	08-02-396-05	100 м	Короб металлический по стенам и потолкам, длина: 2 м
ГЭСНм	08	08-02-396	Короба металлические	08-02-396-06	100 м	Короб металлический по стенам и потолкам, длина: 3 м
ГЭСНм	08	08-02-396	Короба металлические	08-02-396-07	100 м	Короб металлический по стенам и потолкам, длина: 6 м (блоки)
ГЭСНм	08	08-02-396	Короба металлические	08-02-396-08	100 м	Короб металлический по стенам и потолкам, длина: 9 м (блоки)
ГЭСНм	08	08-02-396	Короба металлические	08-02-396-09	100 м	Короб металлический, подвешиваемый к конструкциям на оттяжках или подвесах, длина: 2 м
ГЭСНм	08	08-02-396	Короба металлические	08-02-396-10	100 м	Короб металлический, подвешиваемый к конструкциям на оттяжках или подвесах, длина: 3 м
ГЭСНм	08	08-02-396	Короба металлические	08-02-396-11	100 м	Короб металлический, подвешиваемый к конструкциям на оттяжках или подвесах, длина: 6 м (блоки)
ГЭСНм	08	08-02-396	Короба металлические	08-02-396-12	100 м	Короб металлический, подвешиваемый к конструкциям на оттяжках или подвесах, длина: 9 м (блоки)
ГЭСНм	08	08-02-396	Короба металлические	08-02-396-13	100 м	Короб металлический, подвешиваемый на тросах с помощью тросовых подвесов, длина: 2 м
ГЭСНм	08	08-02-396	Короба металлические	08-02-396-14	100 м	Короб металлический, подвешиваемый на тросах с помощью тросовых подвесов, длина: 3 м
ГЭСНм	08	08-02-396	Короба металлические	08-02-396-15	100 м	Короб металлический, подвешиваемый на тросах с помощью тросовых подвесов, длина: 6 м (блоки)
ГЭСНм	08	08-02-396	Короба металлические	08-02-396-16	100 м	Короб металлический, подвешиваемый на тросах с помощью тросовых подвесов, длина: 9 м (блоки)
ГЭСНм	08	08-02-397	Профили перфорированные монтажные	08-02-397-01	100 м	Профиль перфорированный монтажный длиной 2 м
ГЭСНм	08	08-02-398	Провода в лотках	08-02-398-01	100 м	Провод в лотках, сечением: до 6 мм2
ГЭСНм	08	08-02-398	Провода в лотках	08-02-398-02	100 м	Провод в лотках, сечением: до 35 мм2
ГЭСНм	08	08-02-398	Провода в лотках	08-02-398-03	100 м	Провод в лотках, сечением: до 70 мм2
ГЭСНм	08	08-02-398	Провода в лотках	08-02-398-04	100 м	Провод в лотках, сечением: до 120 мм2
ГЭСНм	08	08-02-398	Провода в лотках	08-02-398-05	100 м	Провод в лотках, сечением: до 185 мм2
ГЭСНм	08	08-02-399	Провода в коробах	08-02-399-01	100 м	Провод в коробах, сечением: до 6 мм2
ГЭСНм	08	08-02-399	Провода в коробах	08-02-399-02	100 м	Провод в коробах, сечением: до 35 мм2
ГЭСНм	08	08-02-399	Провода в коробах	08-02-399-03	100 м	Провод в коробах, сечением: до 70 мм2
ГЭСНм	08	08-02-399	Провода в коробах	08-02-399-04	100 м	Провод в коробах, сечением: до 120 мм2
ГЭСНм	08	08-02-399	Провода в коробах	08-02-399-05	100 м	Провод в коробах, сечением: до 185 мм2
ГЭСНм	08	08-02-400	Провода по перфорированным профилям	08-02-400-01	100 м	Провод по перфорированным профилям, сечением до 6 мм2
ГЭСНм	08	08-02-401	Кабели с креплением накладными скобами, полосками с установкой ответвительных коробок	08-02-401-01	100 м	Кабель трех-пятижильный сечением жилы до 16 мм2 с креплением накладными скобами, полосками с установкой ответвительных коробок
ГЭСНм	08	08-02-402	Кабели по установленным конструкциям и лоткам с установкой ответвительных коробок	08-02-402-01	100 м	Кабель трех-пятижильный по установленным конструкциям и лоткам с установкой ответвительных коробок: в помещениях с нормальной средой сечением жилы до 10 мм2
ГЭСНм	08	08-02-402	Кабели по установленным конструкциям и лоткам с установкой ответвительных коробок	08-02-402-02	100 м	Кабель трех-пятижильный по установленным конструкциям и лоткам с установкой ответвительных коробок: во взрывоопасных и пожароопасных помещениях сечением жилы до 6 мм2
ГЭСНм	08	08-02-403	Провода групповых осветительных сетей	08-02-403-01	100 м	Провод групповой в защитной оболочке или кабель трех-пятижильный: в пустотах плит перекрытий
ГЭСНм	08	08-02-403	Провода групповых осветительных сетей	08-02-403-02	100 м	Провод групповой в защитной оболочке или кабель трех-пятижильный: в готовых каналах стен и перекрытий
ГЭСНм	08	08-02-403	Провода групповых осветительных сетей	08-02-403-03	100 м	Провод групповой в защитной оболочке или кабель трех-пятижильный: под штукатурку по стенам или в бороздах
ГЭСНм	08	08-02-403	Провода групповых осветительных сетей	08-02-403-04	100 м	Провод групповой в защитной оболочке или кабель трех-пятижильный: по перекрытиям
ГЭСНм	08	08-02-404	Провода магистралей, стояков и силовых сетей в готовых каналах или асбестоцементных трубах	08-02-404-01	100 м	Магистрали, стояки и силовые сети в готовых каналах или асбестоцементных трубах, количество проводов и сечение: до 2х6 мм2
ГЭСНм	08	08-02-404	Провода магистралей, стояков и силовых сетей в готовых каналах или асбестоцементных трубах	08-02-404-02	100 м	Магистрали, стояки и силовые сети в готовых каналах или асбестоцементных трубах, количество проводов и сечение: до 4х16 мм2
ГЭСНм	08	08-02-404	Провода магистралей, стояков и силовых сетей в готовых каналах или асбестоцементных трубах	08-02-404-03	100 м	Магистрали, стояки и силовые сети в готовых каналах или асбестоцементных трубах, количество проводов и сечение: до 4х35 мм2
ГЭСНм	08	08-02-404	Провода магистралей, стояков и силовых сетей в готовых каналах или асбестоцементных трубах	08-02-404-04	100 м	Магистрали, стояки и силовые сети в готовых каналах или асбестоцементных трубах, количество проводов и сечение: до 4х70 мм2
ГЭСНм	08	08-02-404	Провода магистралей, стояков и силовых сетей в готовых каналах или асбестоцементных трубах	08-02-404-05	100 м	Магистрали, стояки и силовые сети в готовых каналах или асбестоцементных трубах, количество проводов и сечение: до 4х16+2х6 мм2
ГЭСНм	08	08-02-404	Провода магистралей, стояков и силовых сетей в готовых каналах или асбестоцементных трубах	08-02-404-06	100 м	Магистрали, стояки и силовые сети в готовых каналах или асбестоцементных трубах, количество проводов и сечение: до 4х35+2х6 мм2
ГЭСНм	08	08-02-404	Провода магистралей, стояков и силовых сетей в готовых каналах или асбестоцементных трубах	08-02-404-07	100 м	Магистрали, стояки и силовые сети в готовых каналах или асбестоцементных трубах, количество проводов и сечение: до 4х70+2х6 мм2
ГЭСНм	08	08-02-404	Провода магистралей, стояков и силовых сетей в готовых каналах или асбестоцементных трубах	08-02-404-08	100 м	Магистрали, стояки и силовые сети в готовых каналах или асбестоцементных трубах, количество проводов и сечение: до 6х16+2х6 мм2
ГЭСНм	08	08-02-404	Провода магистралей, стояков и силовых сетей в готовых каналах или асбестоцементных трубах	08-02-404-09	100 м	Магистрали, стояки и силовые сети в готовых каналах или асбестоцементных трубах, количество проводов и сечение: до 6х35+2х6 мм2
ГЭСНм	08	08-02-405	Провода по стальным конструкциям и панелям	08-02-405-01	100 м	Провод по установленным стальным конструкциям и панелям, сечение: до 16 мм2
ГЭСНм	08	08-02-405	Провода по стальным конструкциям и панелям	08-02-405-02	100 м	Провод по установленным стальным конструкциям и панелям, сечение: до 35 мм2
ГЭСНм	08	08-02-405	Провода по стальным конструкциям и панелям	08-02-405-03	100 м	Провод по установленным стальным конструкциям и панелям, сечение: до 70 мм2
ГЭСНм	08	08-02-405	Провода по стальным конструкциям и панелям	08-02-405-04	100 м	Провод по установленным стальным конструкциям и панелям, сечение: до 120 мм2
ГЭСНм	08	08-02-405	Провода по стальным конструкциям и панелям	08-02-405-05	100 м	Провод по установленным стальным конструкциям и панелям, сечение: до 240 мм2
ГЭСНм	08	08-02-405	Провода по стальным конструкциям и панелям	08-02-405-06	100 м	Провод по установленным стальным конструкциям и панелям, сечение: до 400 мм2
ГЭСНм	08	08-02-406	Конструкции металлические для труб	08-02-406-01	т	Скобы или конструкции металлические для труб: П-образные
ГЭСНм	08	08-02-406	Конструкции металлические для труб	08-02-406-02	т	Скобы или конструкции металлические для труб: Г-образные
ГЭСНм	08	08-02-407	Трубы стальные по установленным конструкциям	08-02-407-01	100 м	Труба стальная по установленным конструкциям, по стенам с креплением скобами, диаметр: до 25 мм
ГЭСНм	08	08-02-407	Трубы стальные по установленным конструкциям	08-02-407-02	100 м	Труба стальная по установленным конструкциям, по стенам с креплением скобами, диаметр: до 40 мм
ГЭСНм	08	08-02-407	Трубы стальные по установленным конструкциям	08-02-407-03	100 м	Труба стальная по установленным конструкциям, по стенам с креплением скобами, диаметр: до 50 мм
ГЭСНм	08	08-02-407	Трубы стальные по установленным конструкциям	08-02-407-04	100 м	Труба стальная по установленным конструкциям, по стенам с креплением скобами, диаметр: до 80 мм
ГЭСНм	08	08-02-407	Трубы стальные по установленным конструкциям	08-02-407-05	100 м	Труба стальная по установленным конструкциям, по стенам с креплением скобами, диаметр: до 100 мм
ГЭСНм	08	08-02-407	Трубы стальные по установленным конструкциям	08-02-407-06	100 м	Труба стальная по установленным конструкциям, в готовых бороздах, по основанию пола, диаметр: до 25 мм
ГЭСНм	08	08-02-407	Трубы стальные по установленным конструкциям	08-02-407-07	100 м	Труба стальная по установленным конструкциям, в готовых бороздах, по основанию пола, диаметр: до 40 мм
ГЭСНм	08	08-02-407	Трубы стальные по установленным конструкциям	08-02-407-08	100 м	Труба стальная по установленным конструкциям, в готовых бороздах, по основанию пола, диаметр: до 50 мм
ГЭСНм	08	08-02-407	Трубы стальные по установленным конструкциям	08-02-407-09	100 м	Труба стальная по установленным конструкциям, в готовых бороздах, по основанию пола, диаметр: до 80 мм
ГЭСНм	08	08-02-407	Трубы стальные по установленным конструкциям	08-02-407-10	100 м	Труба стальная по установленным конструкциям, в готовых бороздах, по основанию пола, диаметр: до 100 мм
ГЭСНм	08	08-02-407	Трубы стальные по установленным конструкциям	08-02-407-11	100 м	Труба стальная по установленным конструкциям, в опалубке фундаментов и перекрытиях, диаметр: до 25 мм
ГЭСНм	08	08-02-407	Трубы стальные по установленным конструкциям	08-02-407-12	100 м	Труба стальная по установленным конструкциям, в опалубке фундаментов и перекрытиях, диаметр: до 40 мм
ГЭСНм	08	08-02-407	Трубы стальные по установленным конструкциям	08-02-407-13	100 м	Труба стальная по установленным конструкциям, в опалубке фундаментов и перекрытиях, диаметр: до 50 мм
ГЭСНм	08	08-02-407	Трубы стальные по установленным конструкциям	08-02-407-14	100 м	Труба стальная по установленным конструкциям, в опалубке фундаментов и перекрытиях, диаметр: до 80 мм
ГЭСНм	08	08-02-407	Трубы стальные по установленным конструкциям	08-02-407-15	100 м	Труба стальная по установленным конструкциям, в опалубке фундаментов и перекрытиях, диаметр: до 100 мм
ГЭСНм	08	08-02-407	Трубы стальные по установленным конструкциям	08-02-407-16	100 м	Труба стальная по установленным конструкциям, по фермам, колоннам и другим стальным конструкциям, диаметр: до 40 мм
ГЭСНм	08	08-02-407	Трубы стальные по установленным конструкциям	08-02-407-17	100 м	Труба стальная по установленным конструкциям, по фермам, колоннам и другим стальным конструкциям, диаметр: до 50 мм
ГЭСНм	08	08-02-407	Трубы стальные по установленным конструкциям	08-02-407-18	100 м	Труба стальная по установленным конструкциям, по фермам, колоннам и другим стальным конструкциям, диаметр: до 80 мм
ГЭСНм	08	08-02-407	Трубы стальные по установленным конструкциям	08-02-407-19	100 м	Труба стальная по установленным конструкциям, по фермам, колоннам и другим стальным конструкциям, диаметр: до 100 мм
ГЭСНм	08	08-02-408	Трубы стальные во взрывоопасных и пожароопасных помещениях по установленным конструкциям	08-02-408-01	100 м	Труба стальная во взрывоопасных и пожароопасных помещениях по установленным конструкциям, с креплением накладными скобами, диаметр: до 25 мм
ГЭСНм	08	08-02-408	Трубы стальные во взрывоопасных и пожароопасных помещениях по установленным конструкциям	08-02-408-02	100 м	Труба стальная во взрывоопасных и пожароопасных помещениях по установленным конструкциям, с креплением накладными скобами, диаметр: до 40 мм
ГЭСНм	08	08-02-408	Трубы стальные во взрывоопасных и пожароопасных помещениях по установленным конструкциям	08-02-408-03	100 м	Труба стальная во взрывоопасных и пожароопасных помещениях по установленным конструкциям, с креплением накладными скобами, диаметр: до 50 мм
ГЭСНм	08	08-02-408	Трубы стальные во взрывоопасных и пожароопасных помещениях по установленным конструкциям	08-02-408-04	100 м	Труба стальная во взрывоопасных и пожароопасных помещениях по установленным конструкциям, в готовых бороздах, диаметр: до 25 мм
ГЭСНм	08	08-02-408	Трубы стальные во взрывоопасных и пожароопасных помещениях по установленным конструкциям	08-02-408-05	100 м	Труба стальная во взрывоопасных и пожароопасных помещениях по установленным конструкциям, в готовых бороздах, диаметр: до 40 мм
ГЭСНм	08	08-02-408	Трубы стальные во взрывоопасных и пожароопасных помещениях по установленным конструкциям	08-02-408-06	100 м	Труба стальная во взрывоопасных и пожароопасных помещениях по установленным конструкциям, в готовых бороздах, диаметр: до 50 мм
ГЭСНм	08	08-02-408	Трубы стальные во взрывоопасных и пожароопасных помещениях по установленным конструкциям	08-02-408-07	100 м	Труба стальная во взрывоопасных и пожароопасных помещениях по установленным конструкциям, в опалубке фундаментов, диаметр: до 25 мм
ГЭСНм	08	08-02-408	Трубы стальные во взрывоопасных и пожароопасных помещениях по установленным конструкциям	08-02-408-08	100 м	Труба стальная во взрывоопасных и пожароопасных помещениях по установленным конструкциям, в опалубке фундаментов, диаметр: до 40 мм
ГЭСНм	08	08-02-408	Трубы стальные во взрывоопасных и пожароопасных помещениях по установленным конструкциям	08-02-408-09	100 м	Труба стальная во взрывоопасных и пожароопасных помещениях по установленным конструкциям, в опалубке фундаментов, диаметр: до 50 мм
ГЭСНм	08	08-02-409	Трубы винипластовые, гофрированные ПВХ по установленным конструкциям	08-02-409-01	100 м	Труба винипластовая по установленным конструкциям, по стенам и колоннам с креплением скобами, диаметр: до 25 мм
ГЭСНм	08	08-02-409	Трубы винипластовые, гофрированные ПВХ по установленным конструкциям	08-02-409-02	100 м	Труба винипластовая по установленным конструкциям, по стенам и колоннам с креплением скобами, диаметр: до 50 мм
ГЭСНм	08	08-02-409	Трубы винипластовые, гофрированные ПВХ по установленным конструкциям	08-02-409-03	100 м	Труба винипластовая по установленным конструкциям, по стенам и колоннам с креплением скобами, диаметр: до 63 мм
ГЭСНм	08	08-02-409	Трубы винипластовые, гофрированные ПВХ по установленным конструкциям	08-02-409-04	100 м	Труба винипластовая по установленным конструкциям, по потолкам, диаметр: до 50 мм
ГЭСНм	08	08-02-409	Трубы винипластовые, гофрированные ПВХ по установленным конструкциям	08-02-409-05	100 м	Труба винипластовая по установленным конструкциям, по потолкам, диаметр: до 63 мм
ГЭСНм	08	08-02-409	Трубы винипластовые, гофрированные ПВХ по установленным конструкциям	08-02-409-06	100 м	Труба винипластовая по установленным конструкциям, по основанию пола, диаметр: до 25 мм
ГЭСНм	08	08-02-409	Трубы винипластовые, гофрированные ПВХ по установленным конструкциям	08-02-409-07	100 м	Труба винипластовая по установленным конструкциям, по основанию пола, диаметр: до 50 мм
ГЭСНм	08	08-02-409	Трубы винипластовые, гофрированные ПВХ по установленным конструкциям	08-02-409-08	100 м	Труба винипластовая по установленным конструкциям, по основанию пола, диаметр: до 63 мм
ГЭСНм	08	08-02-409	Трубы винипластовые, гофрированные ПВХ по установленным конструкциям	08-02-409-09	100 м	Труба гофрированная ПВХ для защиты проводов и кабелей по установленным конструкциям, по стенам, колоннам, потолкам, основанию пола
ГЭСНм	08	08-02-410	Трубы полиэтиленовые	08-02-410-01	100 м	Труба полиэтиленовая по основанию пола, диаметр: до 25 мм
ГЭСНм	08	08-02-410	Трубы полиэтиленовые	08-02-410-02	100 м	Труба полиэтиленовая по основанию пола, диаметр: до 50 мм
ГЭСНм	08	08-02-410	Трубы полиэтиленовые	08-02-410-03	100 м	Труба полиэтиленовая по основанию пола, диаметр: до 63 мм
ГЭСНм	08	08-02-411	Рукава металлические и вводы гибкие	08-02-411-01	100 м	Рукав металлический наружным диаметром: до 48 мм
ГЭСНм	08	08-02-411	Рукава металлические и вводы гибкие	08-02-411-02	100 м	Рукав металлический наружным диаметром: до 60 мм
ГЭСНм	08	08-02-411	Рукава металлические и вводы гибкие	08-02-411-03	100 м	Рукав металлический наружным диаметром: до 78 мм
ГЭСНм	08	08-02-411	Рукава металлические и вводы гибкие	08-02-411-04	шт	Ввод гибкий, наружный диаметр металлорукава: до 27 мм
ГЭСНм	08	08-02-411	Рукава металлические и вводы гибкие	08-02-411-05	шт	Ввод гибкий, наружный диаметр металлорукава: до 48 мм
ГЭСНм	08	08-02-411	Рукава металлические и вводы гибкие	08-02-411-06	шт	Ввод гибкий, наружный диаметр металлорукава: до 60 мм
ГЭСНм	08	08-02-411	Рукава металлические и вводы гибкие	08-02-411-07	шт	Ввод гибкий, наружный диаметр металлорукава: до 78 мм
ГЭСНм	08	08-02-412	Затягивание проводов в проложенные трубы и металлические рукава	08-02-412-01	100 м	Затягивание провода в проложенные трубы и металлические рукава первого одножильного или многожильного в общей оплетке, суммарное сечение: до 2,5 мм2
ГЭСНм	08	08-02-412	Затягивание проводов в проложенные трубы и металлические рукава	08-02-412-02	100 м	Затягивание провода в проложенные трубы и металлические рукава первого одножильного или многожильного в общей оплетке, суммарное сечение: до 6 мм2
ГЭСНм	08	08-02-412	Затягивание проводов в проложенные трубы и металлические рукава	08-02-412-03	100 м	Затягивание провода в проложенные трубы и металлические рукава первого одножильного или многожильного в общей оплетке, суммарное сечение: до 16 мм2
ГЭСНм	08	08-02-412	Затягивание проводов в проложенные трубы и металлические рукава	08-02-412-04	100 м	Затягивание провода в проложенные трубы и металлические рукава первого одножильного или многожильного в общей оплетке, суммарное сечение: до 35 мм2
ГЭСНм	08	08-02-412	Затягивание проводов в проложенные трубы и металлические рукава	08-02-412-05	100 м	Затягивание провода в проложенные трубы и металлические рукава первого одножильного или многожильного в общей оплетке, суммарное сечение: до 70 мм2
ГЭСНм	08	08-02-412	Затягивание проводов в проложенные трубы и металлические рукава	08-02-412-06	100 м	Затягивание провода в проложенные трубы и металлические рукава первого одножильного или многожильного в общей оплетке, суммарное сечение: до 120 мм2
ГЭСНм	08	08-02-412	Затягивание проводов в проложенные трубы и металлические рукава	08-02-412-07	100 м	Затягивание провода в проложенные трубы и металлические рукава первого одножильного или многожильного в общей оплетке, суммарное сечение: до 150 мм2
ГЭСНм	08	08-02-412	Затягивание проводов в проложенные трубы и металлические рукава	08-02-412-08	100 м	Затягивание провода в проложенные трубы и металлические рукава первого одножильного или многожильного в общей оплетке, суммарное сечение: до 240 мм2
ГЭСНм	08	08-02-412	Затягивание проводов в проложенные трубы и металлические рукава	08-02-412-09	100 м	Затягивание провода в проложенные трубы и металлические рукава каждого последующего одножильного или многожильного в общей оплетке, суммарное сечение: до 6 мм2
ГЭСНм	08	08-02-412	Затягивание проводов в проложенные трубы и металлические рукава	08-02-412-10	100 м	Затягивание провода в проложенные трубы и металлические рукава каждого последующего одножильного или многожильного в общей оплетке, суммарное сечение: до 35 мм2
ГЭСНм	08	08-02-412	Затягивание проводов в проложенные трубы и металлические рукава	08-02-412-11	100 м	Затягивание провода в проложенные трубы и металлические рукава каждого последующего одножильного или многожильного в общей оплетке, суммарное сечение: до 70 мм2
ГЭСНм	08	08-02-412	Затягивание проводов в проложенные трубы и металлические рукава	08-02-412-12	100 м	Затягивание провода в проложенные трубы и металлические рукава каждого последующего одножильного или многожильного в общей оплетке, суммарное сечение: до 120 мм2
ГЭСНм	08	08-02-412	Затягивание проводов в проложенные трубы и металлические рукава	08-02-412-13	100 м	Затягивание провода в проложенные трубы и металлические рукава каждого последующего одножильного или многожильного в общей оплетке, суммарное сечение: до 150 мм2
ГЭСНм	08	08-02-412	Затягивание проводов в проложенные трубы и металлические рукава	08-02-412-14	100 м	Затягивание провода в проложенные трубы и металлические рукава каждого последующего одножильного или многожильного в общей оплетке, суммарное сечение: до 240 мм2
ГЭСНм	08	08-02-413	Провод в резинобитумных трубках	08-02-413-01	100 м	Прокладка резинобитумных трубок с затягиванием проводов, количество проводов: до 2, сечение провода до 6 мм2
ГЭСНм	08	08-02-413	Провод в резинобитумных трубках	08-02-413-02	100 м	Прокладка резинобитумных трубок с затягиванием проводов, количество проводов: до 2, сечение провода свыше 6 до 16 мм2
ГЭСНм	08	08-02-413	Провод в резинобитумных трубках	08-02-413-03	100 м	Прокладка резинобитумных трубок с затягиванием проводов, количество проводов: свыше 2 до 3, сечение провода до 6 мм2
ГЭСНм	08	08-02-413	Провод в резинобитумных трубках	08-02-413-04	100 м	Прокладка резинобитумных трубок с затягиванием проводов, количество проводов: свыше 2 до 3, сечение провода свыше 6 до 16 мм2
ГЭСНм	08	08-02-413	Провод в резинобитумных трубках	08-02-413-05	100 м	Прокладка резинобитумных трубок с затягиванием проводов, количество проводов: свыше 2 до 3, сечение провода свыше 16 до 35 мм2
ГЭСНм	08	08-02-413	Провод в резинобитумных трубках	08-02-413-06	100 м	Прокладка резинобитумных трубок с затягиванием проводов, количество проводов: свыше 2 до 3, сечение провода свыше 35 до 70 мм2
ГЭСНм	08	08-02-413	Провод в резинобитумных трубках	08-02-413-07	100 м	Прокладка резинобитумных трубок с затягиванием проводов, количество проводов: свыше 3 до 4, сечение провода до 2,5 мм2
ГЭСНм	08	08-02-413	Провод в резинобитумных трубках	08-02-413-08	100 м	Прокладка резинобитумных трубок с затягиванием проводов, количество проводов: свыше 3 до 4, сечение провода свыше 2,5 до 6 мм2
ГЭСНм	08	08-02-413	Провод в резинобитумных трубках	08-02-413-09	100 м	Прокладка резинобитумных трубок с затягиванием проводов, количество проводов: свыше 3 до 4, сечение провода свыше 6 до 16 мм2
ГЭСНм	08	08-02-413	Провод в резинобитумных трубках	08-02-413-10	100 м	Прокладка резинобитумных трубок с затягиванием проводов, количество проводов: свыше 3 до 4, сечение провода свыше 16 до 35 мм2
ГЭСНм	08	08-02-413	Провод в резинобитумных трубках	08-02-413-11	100 м	Прокладка резинобитумных трубок с затягиванием проводов, количество проводов: свыше 3 до 4, сечение провода свыше 35 до 70 мм2
ГЭСНм	08	08-02-413	Провод в резинобитумных трубках	08-02-413-12	100 м	Прокладка резинобитумных трубок с затягиванием проводов, количество проводов: свыше 4 до 6, сечение провода до 2,5 мм2
ГЭСНм	08	08-02-413	Провод в резинобитумных трубках	08-02-413-13	100 м	Прокладка резинобитумных трубок с затягиванием проводов, количество проводов: свыше 4 до 6, сечение провода свыше 2,5 до 6 мм2
ГЭСНм	08	08-02-413	Провод в резинобитумных трубках	08-02-413-14	100 м	Прокладка резинобитумных трубок с затягиванием проводов, количество проводов: свыше 4 до 6, сечение провода свыше 6 до 16 мм2
ГЭСНм	08	08-02-413	Провод в резинобитумных трубках	08-02-413-15	100 м	Прокладка резинобитумных трубок с затягиванием проводов, количество проводов: свыше 4 до 6, сечение провода свыше 16 до 35 мм2
ГЭСНм	08	08-02-413	Провод в резинобитумных трубках	08-02-413-16	100 м	Прокладка резинобитумных трубок с затягиванием проводов, количество проводов: свыше 6 до 8, сечение провода до 2,5 мм2
ГЭСНм	08	08-02-413	Провод в резинобитумных трубках	08-02-413-17	100 м	Прокладка резинобитумных трубок с затягиванием проводов, количество проводов: свыше 6 до 8, сечение провода свыше 2,5 до 6 мм2
ГЭСНм	08	08-02-413	Провод в резинобитумных трубках	08-02-413-18	100 м	Прокладка резинобитумных трубок с затягиванием проводов, количество проводов: свыше 6 до 8, сечение провода свыше 6 до 16 мм2
ГЭСНм	08	08-02-414	Конструкции металлические для шинопроводов	08-02-414-01	т	Конструкция металлическая для шинопроводов
ГЭСНм	08	08-02-415	Шинопроводы открытые	08-02-415-01	100 м	Шинопровод открытый на установленных конструкциях, сечение: до 250 мм2
ГЭСНм	08	08-02-415	Шинопроводы открытые	08-02-415-02	100 м	Шинопровод открытый на установленных конструкциях, сечение: свыше 250 до 640 мм2
ГЭСНм	08	08-02-415	Шинопроводы открытые	08-02-415-03	100 м	Шинопровод открытый на установленных конструкциях, сечение: свыше 640 до 1200 мм2
ГЭСНм	08	08-02-416	Шинопроводы закрытые магистральные переменного тока	08-02-416-01	100 м	Шинопровод закрытый магистральный переменного тока на ток: до 1600 А, на стойках
ГЭСНм	08	08-02-416	Шинопроводы закрытые магистральные переменного тока	08-02-416-02	100 м	Шинопровод закрытый магистральный переменного тока на ток: до 1600 А, на конструкциях по стенам и колоннам
ГЭСНм	08	08-02-416	Шинопроводы закрытые магистральные переменного тока	08-02-416-03	100 м	Шинопровод закрытый магистральный переменного тока на ток: до 1600 А, на конструкциях по фермам
ГЭСНм	08	08-02-416	Шинопроводы закрытые магистральные переменного тока	08-02-416-04	100 м	Шинопровод закрытый магистральный переменного тока на ток: до 2500 А, на стойках
ГЭСНм	08	08-02-416	Шинопроводы закрытые магистральные переменного тока	08-02-416-05	100 м	Шинопровод закрытый магистральный переменного тока на ток: свыше 1600 до 2500 А, на конструкциях по стенам и колоннам
ГЭСНм	08	08-02-416	Шинопроводы закрытые магистральные переменного тока	08-02-416-06	100 м	Шинопровод закрытый магистральный переменного тока на ток: свыше 1600 до 2500 А, на конструкциях по фермам
ГЭСНм	08	08-02-416	Шинопроводы закрытые магистральные переменного тока	08-02-416-07	100 м	Шинопровод закрытый магистральный переменного тока на ток: до 4000 А, на стойках
ГЭСНм	08	08-02-416	Шинопроводы закрытые магистральные переменного тока	08-02-416-08	100 м	Шинопровод закрытый магистральный переменного тока на ток: свыше 2500 до 4000 А, на конструкциях по стенам и колоннам
ГЭСНм	08	08-02-416	Шинопроводы закрытые магистральные переменного тока	08-02-416-09	100 м	Шинопровод закрытый магистральный переменного тока на ток: свыше 2500 до 4000 А, на конструкциях по фермам
ГЭСНм	08	08-02-417	Шинопроводы закрытые распределительные переменного тока	08-02-417-01	100 м	Шинопровод закрытый распредилительный переменного тока на ток до 630 А на: стойках
ГЭСНм	08	08-02-417	Шинопроводы закрытые распределительные переменного тока	08-02-417-02	100 м	Шинопровод закрытый распредилительный переменного тока на ток до 630 А на: конструкциях по стенам
ГЭСНм	08	08-02-417	Шинопроводы закрытые распределительные переменного тока	08-02-417-03	100 м	Шинопровод закрытый распредилительный переменного тока на ток до 630 А на: конструкциях по колоннам
ГЭСНм	08	08-02-418	Шинопроводы закрытые постоянного тока	08-02-418-01	100 м	Шинопровод на конструкциях на напряжение до 1000 В на ток: до 2500 А
ГЭСНм	08	08-02-418	Шинопроводы закрытые постоянного тока	08-02-418-02	100 м	Шинопровод на конструкциях на напряжение до 1000 В на ток: свыше 2500 до 4000 А
ГЭСНм	08	08-02-418	Шинопроводы закрытые постоянного тока	08-02-418-03	100 м	Шинопровод на конструкциях на напряжение до 1000 В на ток: свыше 4000 до 6300 А
ГЭСНм	08	08-02-419	Шинопроводы осветительные	08-02-419-01	100 м	Шинопровод осветительный на установленных конструкциях
ГЭСНм	08	08-02-420	Коробки ответвительные к распределительному шинопроводу	08-02-420-01	100 шт	Коробка ответвительная с предохранителем или разъединителем, или автоматом, или указателем напряжения
ГЭСНм	08	08-02-421	Проводки модульные	08-02-421-01	100 м	Стальные трубы модульной проводки, прокладываемые в полу под заливку бетоном, расстояние между ответвительными коробками: до 2 м
ГЭСНм	08	08-02-421	Проводки модульные	08-02-421-02	100 м	Стальные трубы модульной проводки, прокладываемые в полу под заливку бетоном, расстояние между ответвительными коробками: свыше 2 м
ГЭСНм	08	08-02-422	Затягивание проводов в электротехнический плинтус	08-02-422-01	100 м	Один провод сечением: до 2х2,5 мм2
ГЭСНм	08	08-02-422	Затягивание проводов в электротехнический плинтус	08-02-422-02	100 м	Один провод сечением: до 3х4 мм2
ГЭСНм	08	08-02-422	Затягивание проводов в электротехнический плинтус	08-02-422-03	100 м	Два провода сечением до 2,5 мм2
ГЭСНм	08	08-02-422	Затягивание проводов в электротехнический плинтус	08-02-422-04	100 м	Три провода сечением до 4 мм2
ГЭСНм	08	08-02-423	Провода по роликам	08-02-423-01	100 м	Провод по роликам, сечением до 2,5 мм2
ГЭСНм	08	08-02-425	Блок распределения и управления	08-02-425-01	10 шт	Блок распределения и управления (БРУ)
ГЭСНм	08	08-02-427	Ответвительные коробки открытого типа	08-02-427-01	100 шт	Ответвительные коробки открытого типа: с креплением шурупами
ГЭСНм	08	08-02-427	Ответвительные коробки открытого типа	08-02-427-02	100 шт	Ответвительные коробки открытого типа: с креплением к лоткам
ГЭСНм	08	08-02-471	Заземлители	08-02-471-01	10 шт	Заземлитель вертикальный из угловой стали размером: 50х50х5 мм
ГЭСНм	08	08-02-471	Заземлители	08-02-471-02	10 шт	Заземлитель вертикальный из угловой стали размером: 63х63х6 мм
ГЭСНм	08	08-02-471	Заземлители	08-02-471-03	10 шт	Заземлитель вертикальный из круглой стали диаметром: 12 мм
ГЭСНм	08	08-02-471	Заземлители	08-02-471-04	10 шт	Заземлитель вертикальный из круглой стали диаметром: 16 мм
ГЭСНм	08	08-02-472	Заземляющие проводники	08-02-472-01	100 м	Заземлитель горизонтальный из стали: круглой диаметром 12 мм
ГЭСНм	08	08-02-472	Заземляющие проводники	08-02-472-02	100 м	Заземлитель горизонтальный из стали: полосовой сечением 160 мм2
ГЭСНм	08	08-02-472	Заземляющие проводники	08-02-472-03	100 м	Проводник заземляющий скрыто в подливке пола из стали: полосовой сечением 100 мм2
ГЭСНм	08	08-02-472	Заземляющие проводники	08-02-472-04	100 м	Проводник заземляющий скрыто в подливке пола из стали: круглой диаметром 8 мм
ГЭСНм	08	08-02-472	Заземляющие проводники	08-02-472-05	100 м	Проводник заземляющий скрыто в подливке пола из стали: круглой диаметром 12 мм
ГЭСНм	08	08-02-472	Заземляющие проводники	08-02-472-06	100 м	Проводник заземляющий открыто по строительным основаниям: из полосовой стали сечением 100 мм2
ГЭСНм	08	08-02-472	Заземляющие проводники	08-02-472-07	100 м	Проводник заземляющий открыто по строительным основаниям: из полосовой стали сечением 160 мм2
ГЭСНм	08	08-02-472	Заземляющие проводники	08-02-472-08	100 м	Проводник заземляющий открыто по строительным основаниям: из круглой стали диаметром 8 мм
ГЭСНм	08	08-02-472	Заземляющие проводники	08-02-472-09	100 м	Проводник заземляющий открыто по строительным основаниям: из круглой стали диаметром 12 мм
ГЭСНм	08	08-02-472	Заземляющие проводники	08-02-472-10	100 м	Проводник заземляющий из медного изолированного провода сечением 25 мм2 открыто по строительным основаниям
ГЭСНм	08	08-02-472	Заземляющие проводники	08-02-472-11	10 шт	Перемычка заземляющая тросовая диаметром до 9,2 мм для строительных металлических конструкций
ГЭСНм	08	08-02-472	Заземляющие проводники	08-02-472-12	100 м	Проводник заземляющий открыто по строительным конструкциям: из полосовой стали сечением 300 мм2
ГЭСНм	08	08-03-521	Рубильники (выключатели, разъединители)	08-03-521-01	шт	Рубильник на плите с центральной или боковой рукояткой или управлением штангой, устанавливаемый на металлическом основании,: однополюсный на ток до 250 А
ГЭСНм	08	08-03-521	Рубильники (выключатели, разъединители)	08-03-521-02	шт	Рубильник на плите с центральной или боковой рукояткой или управлением штангой, устанавливаемый на металлическом основании,: однополюсный на ток до 400 А
ГЭСНм	08	08-03-521	Рубильники (выключатели, разъединители)	08-03-521-03	шт	Рубильник на плите с центральной или боковой рукояткой или управлением штангой, устанавливаемый на металлическом основании,: однополюсный на ток до 630 А
ГЭСНм	08	08-03-521	Рубильники (выключатели, разъединители)	08-03-521-04	шт	Рубильник на плите с центральной или боковой рукояткой или управлением штангой, устанавливаемый на металлическом основании,: однополюсный на ток до 1600 А
ГЭСНм	08	08-03-521	Рубильники (выключатели, разъединители)	08-03-521-05	шт	Рубильник на плите с центральной или боковой рукояткой или управлением штангой, устанавливаемый на металлическом основании,: однополюсный на ток до 2500 А
ГЭСНм	08	08-03-521	Рубильники (выключатели, разъединители)	08-03-521-06	шт	Рубильник на плите с центральной или боковой рукояткой или управлением штангой, устанавливаемый на металлическом основании,: однополюсный на ток до 4000 А
ГЭСНм	08	08-03-521	Рубильники (выключатели, разъединители)	08-03-521-07	шт	Рубильник на плите с центральной или боковой рукояткой или управлением штангой, устанавливаемый на металлическом основании,: однополюсный на ток до 6300 А
ГЭСНм	08	08-03-521	Рубильники (выключатели, разъединители)	08-03-521-08	шт	Рубильник на плите с центральной или боковой рукояткой или управлением штангой, устанавливаемый на металлическом основании,: двухполюсный на ток до 250 А
ГЭСНм	08	08-03-521	Рубильники (выключатели, разъединители)	08-03-521-09	шт	Рубильник на плите с центральной или боковой рукояткой или управлением штангой, устанавливаемый на металлическом основании,: двухполюсный на ток до 400 А
ГЭСНм	08	08-03-521	Рубильники (выключатели, разъединители)	08-03-521-10	шт	Рубильник на плите с центральной или боковой рукояткой или управлением штангой, устанавливаемый на металлическом основании,: двухполюсный на ток до 630 А
ГЭСНм	08	08-03-521	Рубильники (выключатели, разъединители)	08-03-521-11	шт	Рубильник на плите с центральной или боковой рукояткой или управлением штангой, устанавливаемый на металлическом основании,: двухполюсный на ток до 1600 А
ГЭСНм	08	08-03-521	Рубильники (выключатели, разъединители)	08-03-521-12	шт	Рубильник на плите с центральной или боковой рукояткой или управлением штангой, устанавливаемый на металлическом основании,: двухполюсный на ток до 2500 А
ГЭСНм	08	08-03-521	Рубильники (выключатели, разъединители)	08-03-521-13	шт	Рубильник на плите с центральной или боковой рукояткой или управлением штангой, устанавливаемый на металлическом основании,: двухполюсный на ток до 4000 А
ГЭСНм	08	08-03-521	Рубильники (выключатели, разъединители)	08-03-521-14	шт	Рубильник на плите с центральной или боковой рукояткой или управлением штангой, устанавливаемый на металлическом основании,: двухполюсный на ток до 6300 А
ГЭСНм	08	08-03-521	Рубильники (выключатели, разъединители)	08-03-521-15	шт	Рубильник на плите с центральной или боковой рукояткой или управлением штангой, устанавливаемый на металлическом основании,: трехполюсный на ток до 250 А
ГЭСНм	08	08-03-521	Рубильники (выключатели, разъединители)	08-03-521-16	шт	Рубильник на плите с центральной или боковой рукояткой или управлением штангой, устанавливаемый на металлическом основании,: трехполюсный на ток до 400 А
ГЭСНм	08	08-03-521	Рубильники (выключатели, разъединители)	08-03-521-17	шт	Рубильник на плите с центральной или боковой рукояткой или управлением штангой, устанавливаемый на металлическом основании,: трехполюсный на ток до 630 А
ГЭСНм	08	08-03-521	Рубильники (выключатели, разъединители)	08-03-521-18	шт	Рубильник на плите с центральной или боковой рукояткой или управлением штангой, устанавливаемый на металлическом основании,: трехполюсный на ток до 1600 А
ГЭСНм	08	08-03-521	Рубильники (выключатели, разъединители)	08-03-521-19	шт	Рубильник на плите с центральной или боковой рукояткой или управлением штангой, устанавливаемый на металлическом основании,: трехполюсный на ток до 2500 А
ГЭСНм	08	08-03-521	Рубильники (выключатели, разъединители)	08-03-521-20	шт	Рубильник на плите с центральной или боковой рукояткой или управлением штангой, устанавливаемый на металлическом основании,: трехполюсный на ток до 4000 А
ГЭСНм	08	08-03-521	Рубильники (выключатели, разъединители)	08-03-521-21	шт	Рубильник на плите с центральной или боковой рукояткой или управлением штангой, устанавливаемый на металлическом основании,: трехполюсный на ток до 6300 А
ГЭСНм	08	08-03-521	Рубильники (выключатели, разъединители)	08-03-521-22	шт	Рубильник на плите с приводом, устанавливаемый на металлическом основании,: двухполюсный на ток до 250 А
ГЭСНм	08	08-03-521	Рубильники (выключатели, разъединители)	08-03-521-23	шт	Рубильник на плите с приводом, устанавливаемый на металлическом основании,: двухполюсный на ток до 400 А
ГЭСНм	08	08-03-521	Рубильники (выключатели, разъединители)	08-03-521-24	шт	Рубильник на плите с приводом, устанавливаемый на металлическом основании,: двухполюсный на ток до 630 А
ГЭСНм	08	08-03-521	Рубильники (выключатели, разъединители)	08-03-521-25	шт	Рубильник на плите с приводом, устанавливаемый на металлическом основании,: двухполюсный на ток до 1600 А
ГЭСНм	08	08-03-521	Рубильники (выключатели, разъединители)	08-03-521-26	шт	Рубильник на плите с приводом, устанавливаемый на металлическом основании,: двухполюсный на ток до 2500 А
ГЭСНм	08	08-03-521	Рубильники (выключатели, разъединители)	08-03-521-27	шт	Рубильник на плите с приводом, устанавливаемый на металлическом основании,: двухполюсный на ток до 4000 А
ГЭСНм	08	08-03-521	Рубильники (выключатели, разъединители)	08-03-521-28	шт	Рубильник на плите с приводом, устанавливаемый на металлическом основании,: трехполюсный на ток до 250 А
ГЭСНм	08	08-03-521	Рубильники (выключатели, разъединители)	08-03-521-29	шт	Рубильник на плите с приводом, устанавливаемый на металлическом основании,: трехполюсный на ток до 400 А
ГЭСНм	08	08-03-521	Рубильники (выключатели, разъединители)	08-03-521-30	шт	Рубильник на плите с приводом, устанавливаемый на металлическом основании,: трехполюсный на ток до 630 А
ГЭСНм	08	08-03-521	Рубильники (выключатели, разъединители)	08-03-521-31	шт	Рубильник на плите с приводом, устанавливаемый на металлическом основании,: трехполюсный на ток до 1600 А
ГЭСНм	08	08-03-521	Рубильники (выключатели, разъединители)	08-03-521-32	шт	Рубильник на плите с приводом, устанавливаемый на металлическом основании,: трехполюсный на ток до 2500 А
ГЭСНм	08	08-03-521	Рубильники (выключатели, разъединители)	08-03-521-33	шт	Рубильник на плите с приводом, устанавливаемый на металлическом основании,: трехполюсный на ток до 4000 А
ГЭСНм	08	08-03-522	Переключатели (рубильники переключающие)	08-03-522-01	шт	Переключатель на плите с центральной или боковой рукояткой или управлением штангой, устанавливаемый на металлическом основании,: однополюсный на ток до 250 А
ГЭСНм	08	08-03-522	Переключатели (рубильники переключающие)	08-03-522-02	шт	Переключатель на плите с центральной или боковой рукояткой или управлением штангой, устанавливаемый на металлическом основании,: однополюсный на ток до 400 А
ГЭСНм	08	08-03-522	Переключатели (рубильники переключающие)	08-03-522-03	шт	Переключатель на плите с центральной или боковой рукояткой или управлением штангой, устанавливаемый на металлическом основании,: однополюсный на ток до 630 А
ГЭСНм	08	08-03-522	Переключатели (рубильники переключающие)	08-03-522-04	шт	Переключатель на плите с центральной или боковой рукояткой или управлением штангой, устанавливаемый на металлическом основании,: однополюсный на ток до 1600 А
ГЭСНм	08	08-03-522	Переключатели (рубильники переключающие)	08-03-522-05	шт	Переключатель на плите с центральной или боковой рукояткой или управлением штангой, устанавливаемый на металлическом основании,: однополюсный на ток до 2500 А
ГЭСНм	08	08-03-522	Переключатели (рубильники переключающие)	08-03-522-06	шт	Переключатель на плите с центральной или боковой рукояткой или управлением штангой, устанавливаемый на металлическом основании,: однополюсный на ток до 4000 А
ГЭСНм	08	08-03-522	Переключатели (рубильники переключающие)	08-03-522-07	шт	Переключатель на плите с центральной или боковой рукояткой или управлением штангой, устанавливаемый на металлическом основании,: однополюсный на ток до 6300 А
ГЭСНм	08	08-03-522	Переключатели (рубильники переключающие)	08-03-522-08	шт	Переключатель на плите с центральной или боковой рукояткой или управлением штангой, устанавливаемый на металлическом основании,: двухполюсный на ток до 250 А
ГЭСНм	08	08-03-522	Переключатели (рубильники переключающие)	08-03-522-09	шт	Переключатель на плите с центральной или боковой рукояткой или управлением штангой, устанавливаемый на металлическом основании,: двухполюсный на ток до 400 А
ГЭСНм	08	08-03-522	Переключатели (рубильники переключающие)	08-03-522-10	шт	Переключатель на плите с центральной или боковой рукояткой или управлением штангой, устанавливаемый на металлическом основании,: двухполюсный на ток до 630 А
ГЭСНм	08	08-03-522	Переключатели (рубильники переключающие)	08-03-522-11	шт	Переключатель на плите с центральной или боковой рукояткой или управлением штангой, устанавливаемый на металлическом основании,: двухполюсный на ток до 1600 А
ГЭСНм	08	08-03-522	Переключатели (рубильники переключающие)	08-03-522-12	шт	Переключатель на плите с центральной или боковой рукояткой или управлением штангой, устанавливаемый на металлическом основании,: двухполюсный на ток до 2500 А
ГЭСНм	08	08-03-522	Переключатели (рубильники переключающие)	08-03-522-13	шт	Переключатель на плите с центральной или боковой рукояткой или управлением штангой, устанавливаемый на металлическом основании,: двухполюсный на ток до 4000 А
ГЭСНм	08	08-03-522	Переключатели (рубильники переключающие)	08-03-522-14	шт	Переключатель на плите с центральной или боковой рукояткой или управлением штангой, устанавливаемый на металлическом основании,: двухполюсный на ток до 6300 А
ГЭСНм	08	08-03-522	Переключатели (рубильники переключающие)	08-03-522-15	шт	Переключатель на плите с центральной или боковой рукояткой или управлением штангой, устанавливаемый на металлическом основании,: трехполюсный на ток до 250 А
ГЭСНм	08	08-03-522	Переключатели (рубильники переключающие)	08-03-522-16	шт	Переключатель на плите с центральной или боковой рукояткой или управлением штангой, устанавливаемый на металлическом основании,: трехполюсный на ток до 400 А
ГЭСНм	08	08-03-522	Переключатели (рубильники переключающие)	08-03-522-17	шт	Переключатель на плите с центральной или боковой рукояткой или управлением штангой, устанавливаемый на металлическом основании,: трехполюсный на ток до 630 А
ГЭСНм	08	08-03-522	Переключатели (рубильники переключающие)	08-03-522-18	шт	Переключатель на плите с центральной или боковой рукояткой или управлением штангой, устанавливаемый на металлическом основании,: трехполюсный на ток до 1600 А
ГЭСНм	08	08-03-522	Переключатели (рубильники переключающие)	08-03-522-19	шт	Переключатель на плите с центральной или боковой рукояткой или управлением штангой, устанавливаемый на металлическом основании,: трехполюсный на ток до 2500 А
ГЭСНм	08	08-03-522	Переключатели (рубильники переключающие)	08-03-522-20	шт	Переключатель на плите с центральной или боковой рукояткой или управлением штангой, устанавливаемый на металлическом основании,: трехполюсный на ток до 4000 А
ГЭСНм	08	08-03-522	Переключатели (рубильники переключающие)	08-03-522-21	шт	Переключатель на плите с центральной или боковой рукояткой или управлением штангой, устанавливаемый на металлическом основании,: трехполюсный на ток до 6300 А
ГЭСНм	08	08-03-522	Переключатели (рубильники переключающие)	08-03-522-22	шт	Переключатель на плите с приводом, устанавливаемый на металлическом основании,: двухполюсный на ток до 250 А
ГЭСНм	08	08-03-522	Переключатели (рубильники переключающие)	08-03-522-23	шт	Переключатель на плите с приводом, устанавливаемый на металлическом основании,: двухполюсный на ток до 400 А
ГЭСНм	08	08-03-522	Переключатели (рубильники переключающие)	08-03-522-24	шт	Переключатель на плите с приводом, устанавливаемый на металлическом основании,: двухполюсный на ток до 630 А
ГЭСНм	08	08-03-522	Переключатели (рубильники переключающие)	08-03-522-25	шт	Переключатель на плите с приводом, устанавливаемый на металлическом основании,: двухполюсный на ток до 1600 А
ГЭСНм	08	08-03-522	Переключатели (рубильники переключающие)	08-03-522-26	шт	Переключатель на плите с приводом, устанавливаемый на металлическом основании,: двухполюсный на ток до 2500 А
ГЭСНм	08	08-03-522	Переключатели (рубильники переключающие)	08-03-522-27	шт	Переключатель на плите с приводом, устанавливаемый на металлическом основании,: двухполюсный на ток до 4000 А
ГЭСНм	08	08-03-522	Переключатели (рубильники переключающие)	08-03-522-28	шт	Переключатель на плите с приводом, устанавливаемый на металлическом основании,: трехполюсный на ток до 250 А
ГЭСНм	08	08-03-522	Переключатели (рубильники переключающие)	08-03-522-29	шт	Переключатель на плите с приводом, устанавливаемый на металлическом основании,: трехполюсный на ток до 400 А
ГЭСНм	08	08-03-522	Переключатели (рубильники переключающие)	08-03-522-30	шт	Переключатель на плите с приводом, устанавливаемый на металлическом основании,: трехполюсный на ток до 630 А
ГЭСНм	08	08-03-522	Переключатели (рубильники переключающие)	08-03-522-31	шт	Переключатель на плите с приводом, устанавливаемый на металлическом основании,: трехполюсный на ток до 1600 А
ГЭСНм	08	08-03-522	Переключатели (рубильники переключающие)	08-03-522-32	шт	Переключатель на плите с приводом, устанавливаемый на металлическом основании,: трехполюсный на ток до 2500 А
ГЭСНм	08	08-03-522	Переключатели (рубильники переключающие)	08-03-522-33	шт	Переключатель на плите с приводом, устанавливаемый на металлическом основании,: трехполюсный на ток до 4000 А
ГЭСНм	08	08-03-523	Предохранители	08-03-523-01	шт	Предохранитель, устанавливаемый на изоляционном основании, на ток: до 100 А
ГЭСНм	08	08-03-523	Предохранители	08-03-523-02	шт	Предохранитель, устанавливаемый на изоляционном основании, на ток: до 250 А
ГЭСНм	08	08-03-523	Предохранители	08-03-523-03	шт	Предохранитель, устанавливаемый на изоляционном основании, на ток: до 400 А
ГЭСНм	08	08-03-523	Предохранители	08-03-523-04	шт	Предохранитель, устанавливаемый на изоляционном основании, на ток: до 630 А
ГЭСНм	08	08-03-524	Ящики и шкафы с рубильниками и предохранителями	08-03-524-01	шт	Ящик с одним двухполюсным рубильником, или с двухполюсным рубильником и двумя предохранителями, или с двумя блоками "предохранитель-выключатель", или с двумя предохранителями, устанавливаемый на конст
ГЭСНм	08	08-03-524	Ящики и шкафы с рубильниками и предохранителями	08-03-524-02	шт	Ящик с одним двухполюсным рубильником, или с двухполюсным рубильником и двумя предохранителями, или с двумя блоками "предохранитель-выключатель", или с двумя предохранителями, устанавливаемый на конст
ГЭСНм	08	08-03-524	Ящики и шкафы с рубильниками и предохранителями	08-03-524-03	шт	Ящик с одним двухполюсным рубильником, или с двухполюсным рубильником и двумя предохранителями, или с двумя блоками "предохранитель-выключатель", или с двумя предохранителями, устанавливаемый на конст
ГЭСНм	08	08-03-524	Ящики и шкафы с рубильниками и предохранителями	08-03-524-04	шт	Ящик с одним двухполюсным рубильником, или с двухполюсным рубильником и двумя предохранителями, или с двумя блоками "предохранитель-выключатель", или с двумя предохранителями, устанавливаемый на конст
ГЭСНм	08	08-03-524	Ящики и шкафы с рубильниками и предохранителями	08-03-524-05	шт	Ящик с одним двухполюсным рубильником, или с двухполюсным рубильником и двумя предохранителями, или с двумя блоками "предохранитель-выключатель", или с двумя предохранителями, устанавливаемый на конст
ГЭСНм	08	08-03-524	Ящики и шкафы с рубильниками и предохранителями	08-03-524-06	шт	Ящик с одним двухполюсным рубильником, или с двухполюсным рубильником и двумя предохранителями, или с двумя блоками "предохранитель-выключатель", или с двумя предохранителями, устанавливаемый на конст
ГЭСНм	08	08-03-524	Ящики и шкафы с рубильниками и предохранителями	08-03-524-07	шт	Ящик с одним трехполюсным рубильником, или с трехполюсным рубильником и тремя предохранителями, или с тремя блоками "предохранитель-выключатель", или с тремя предохранителями, устанавливаемый на конст
ГЭСНм	08	08-03-524	Ящики и шкафы с рубильниками и предохранителями	08-03-524-08	шт	Ящик с одним трехполюсным рубильником, или с трехполюсным рубильником и тремя предохранителями, или с тремя блоками "предохранитель-выключатель", или с тремя предохранителями, устанавливаемый на конст
ГЭСНм	08	08-03-524	Ящики и шкафы с рубильниками и предохранителями	08-03-524-09	шт	Ящик с одним трехполюсным рубильником, или с трехполюсным рубильником и тремя предохранителями, или с тремя блоками "предохранитель-выключатель", или с тремя предохранителями, устанавливаемый на конст
ГЭСНм	08	08-03-524	Ящики и шкафы с рубильниками и предохранителями	08-03-524-10	шт	Ящик с одним трехполюсным рубильником, или с трехполюсным рубильником и тремя предохранителями, или с тремя блоками "предохранитель-выключатель", или с тремя предохранителями, устанавливаемый на конст
ГЭСНм	08	08-03-524	Ящики и шкафы с рубильниками и предохранителями	08-03-524-11	шт	Ящик с одним трехполюсным рубильником, или с трехполюсным рубильником и тремя предохранителями, или с тремя блоками "предохранитель-выключатель", или с тремя предохранителями, устанавливаемый на конст
ГЭСНм	08	08-03-524	Ящики и шкафы с рубильниками и предохранителями	08-03-524-12	шт	Ящик с одним трехполюсным рубильником, или с трехполюсным рубильником и тремя предохранителями, или с тремя блоками "предохранитель-выключатель", или с тремя предохранителями, устанавливаемый на конст
ГЭСНм	08	08-03-524	Ящики и шкафы с рубильниками и предохранителями	08-03-524-13	сборка	Сборка из нескольких ящиков, устанавливаемых на конструкции на стене или колонне, с одним двухполюсным рубильником, или с двухполюсным рубильником и двумя предохранителями, или с двумя блоками "предох
ГЭСНм	08	08-03-524	Ящики и шкафы с рубильниками и предохранителями	08-03-524-14	сборка	Сборка из нескольких ящиков, устанавливаемых на конструкции на стене или колонне, с одним двухполюсным рубильником, или с двухполюсным рубильником и двумя предохранителями, или с двумя блоками "предох
ГЭСНм	08	08-03-524	Ящики и шкафы с рубильниками и предохранителями	08-03-524-15	сборка	Сборка из нескольких ящиков, устанавливаемых на конструкции на стене или колонне, с одним двухполюсным рубильником, или с двухполюсным рубильником и двумя предохранителями, или с двумя блоками "предох
ГЭСНм	08	08-03-524	Ящики и шкафы с рубильниками и предохранителями	08-03-524-16	сборка	Сборка из нескольких ящиков, устанавливаемых на конструкции на стене или колонне, с одним трехполюсным рубильником, или с трехполюсным рубильником и тремя предохранителями, или с тремя блоками "предох
ГЭСНм	08	08-03-524	Ящики и шкафы с рубильниками и предохранителями	08-03-524-17	сборка	Сборка из нескольких ящиков, устанавливаемых на конструкции на стене или колонне, с одним трехполюсным рубильником, или с трехполюсным рубильником и тремя предохранителями, или с тремя блоками "предох
ГЭСНм	08	08-03-524	Ящики и шкафы с рубильниками и предохранителями	08-03-524-18	сборка	Сборка из нескольких ящиков, устанавливаемых на конструкции на стене или колонне, с одним трехполюсным рубильником, или с трехполюсным рубильником и тремя предохранителями, или с тремя блоками "предох
ГЭСНм	08	08-03-524	Ящики и шкафы с рубильниками и предохранителями	08-03-524-19	шт	Шкаф с одним двухполюсным рубильником, устанавливаемый на конструкции на полу, на ток: до 630 А
ГЭСНм	08	08-03-524	Ящики и шкафы с рубильниками и предохранителями	08-03-524-20	шт	Шкаф с одним двухполюсным рубильником, устанавливаемый на конструкции на полу, на ток: до 1000 А
ГЭСНм	08	08-03-524	Ящики и шкафы с рубильниками и предохранителями	08-03-524-21	шт	Шкаф с одним трехполюсным рубильником, устанавливаемый на конструкции на полу, на ток: до 630 А
ГЭСНм	08	08-03-524	Ящики и шкафы с рубильниками и предохранителями	08-03-524-22	шт	Шкаф с одним трехполюсным рубильником, устанавливаемый на конструкции на полу, на ток: до 1000 А
ГЭСНм	08	08-03-525	Выключатели и переключатели пакетные, аппараты штепсельные	08-03-525-01	шт	Выключатель или переключатель пакетный в металлической оболочке, устанавливаемый на конструкции на стене или колонне, с количеством зажимов для подключения до 9 на ток: до 25 А
ГЭСНм	08	08-03-525	Выключатели и переключатели пакетные, аппараты штепсельные	08-03-525-02	шт	Выключатель или переключатель пакетный в металлической оболочке, устанавливаемый на конструкции на стене или колонне, с количеством зажимов для подключения до 9 на ток: до 100 А
ГЭСНм	08	08-03-525	Выключатели и переключатели пакетные, аппараты штепсельные	08-03-525-03	шт	Выключатель или переключатель пакетный в металлической оболочке, устанавливаемый на конструкции на стене или колонне, с количеством зажимов для подключения до 9 на ток: до 250 А
ГЭСНм	08	08-03-525	Выключатели и переключатели пакетные, аппараты штепсельные	08-03-525-04	шт	Выключатель или переключатель пакетный в металлической оболочке, устанавливаемый на конструкции на стене или колонне, с количеством зажимов для подключения до 9 на ток: до 400 А
ГЭСНм	08	08-03-525	Выключатели и переключатели пакетные, аппараты штепсельные	08-03-525-05	компл	Аппарат штепсельный общего назначения, устанавливаемый на конструкции на стене или колонне, с контактами силовых цепей и цепей управления на ток до 25 А с количеством контактов: до 4
ГЭСНм	08	08-03-525	Выключатели и переключатели пакетные, аппараты штепсельные	08-03-525-06	компл	Аппарат штепсельный общего назначения, устанавливаемый на конструкции на стене или колонне, с контактами силовых цепей и цепей управления на ток до 25 А с количеством контактов: до 12
ГЭСНм	08	08-03-525	Выключатели и переключатели пакетные, аппараты штепсельные	08-03-525-07	компл	Аппарат штепсельный общего назначения, устанавливаемый на конструкции на стене или колонне, с контактами силовых цепей и цепей управления на ток до 25 А с количеством контактов: до 36
ГЭСНм	08	08-03-525	Выключатели и переключатели пакетные, аппараты штепсельные	08-03-525-08	компл	Аппарат штепсельный общего назначения, устанавливаемый на конструкции на стене или колонне, с контактами силовых цепей и цепей управления на ток до 25 А с количеством контактов: до 64
ГЭСНм	08	08-03-525	Выключатели и переключатели пакетные, аппараты штепсельные	08-03-525-09	компл	Аппарат штепсельный общего назначения, устанавливаемый на конструкции на стене или колонне, с контактами силовых цепей на ток: до 63 А
ГЭСНм	08	08-03-525	Выключатели и переключатели пакетные, аппараты штепсельные	08-03-525-10	компл	Аппарат штепсельный общего назначения, устанавливаемый на конструкции на стене или колонне, с контактами силовых цепей на ток: до 100 А
ГЭСНм	08	08-03-525	Выключатели и переключатели пакетные, аппараты штепсельные	08-03-525-11	компл	Аппарат штепсельный общего назначения, устанавливаемый на конструкции на стене или колонне, с контактами силовых цепей на ток: до 250 А
ГЭСНм	08	08-03-525	Выключатели и переключатели пакетные, аппараты штепсельные	08-03-525-12	компл	Аппарат штепсельный общего назначения, устанавливаемый на конструкции на стене или колонне, с контактами силовых цепей на ток: до 400 А
ГЭСНм	08	08-03-525	Выключатели и переключатели пакетные, аппараты штепсельные	08-03-525-13	компл	Аппарат штепсельный взрывозащищенный до семи контактов на ток: до 63 А
ГЭСНм	08	08-03-525	Выключатели и переключатели пакетные, аппараты штепсельные	08-03-525-14	компл	Аппарат штепсельный взрывозащищенный до семи контактов на ток: до 160 А
ГЭСНм	08	08-03-525	Выключатели и переключатели пакетные, аппараты штепсельные	08-03-525-15	компл	Аппарат штепсельный взрывозащищенный до семи контактов на ток: до 320 А
ГЭСНм	08	08-03-526	Выключатели установочные автоматические (автоматы) или неавтоматические	08-03-526-01	шт	Автомат одно-, двух-, трехполюсный, устанавливаемый на конструкции: на стене или колонне, на ток до 25 А
ГЭСНм	08	08-03-526	Выключатели установочные автоматические (автоматы) или неавтоматические	08-03-526-02	шт	Автомат одно-, двух-, трехполюсный, устанавливаемый на конструкции: на стене или колонне, на ток до 100 А
ГЭСНм	08	08-03-526	Выключатели установочные автоматические (автоматы) или неавтоматические	08-03-526-03	шт	Автомат одно-, двух-, трехполюсный, устанавливаемый на конструкции: на стене или колонне, на ток до 250 А
ГЭСНм	08	08-03-526	Выключатели установочные автоматические (автоматы) или неавтоматические	08-03-526-04	шт	Автомат одно-, двух-, трехполюсный, устанавливаемый на конструкции: на стене или колонне, на ток до 400 А
ГЭСНм	08	08-03-526	Выключатели установочные автоматические (автоматы) или неавтоматические	08-03-526-05	шт	Автомат одно-, двух-, трехполюсный, устанавливаемый на конструкции: на стене или колонне, на ток до 630 А
ГЭСНм	08	08-03-526	Выключатели установочные автоматические (автоматы) или неавтоматические	08-03-526-06	шт	Автомат одно-, двух-, трехполюсный, устанавливаемый на конструкции: на полу, на ток до 25 А
ГЭСНм	08	08-03-526	Выключатели установочные автоматические (автоматы) или неавтоматические	08-03-526-07	шт	Автомат одно-, двух-, трехполюсный, устанавливаемый на конструкции: на полу, на ток до 100 А
ГЭСНм	08	08-03-526	Выключатели установочные автоматические (автоматы) или неавтоматические	08-03-526-08	шт	Автомат одно-, двух-, трехполюсный, устанавливаемый на конструкции: на полу, на ток до 400 А
ГЭСНм	08	08-03-526	Выключатели установочные автоматические (автоматы) или неавтоматические	08-03-526-09	шт	Автомат одно-, двух-, трехполюсный, устанавливаемый на конструкции: на полу, на ток до 630 А
ГЭСНм	08	08-03-527	Устройства вводные	08-03-527-01	шт	Ящик с трехполюсным рубильником и конденсаторами, устанавливаемый на конструкции на стене или колонне, на ток: до 70 А
ГЭСНм	08	08-03-527	Устройства вводные	08-03-527-02	шт	Ящик с трехполюсным рубильником и конденсаторами, устанавливаемый на конструкции на стене или колонне, на ток: до 160 А
ГЭСНм	08	08-03-528	Реверсоры и контакторы высокого напряжения	08-03-528-01	шт	Реверсор с вакуумными или электромагнитными контакторами на напряжение 6-10 кВ на ток до 400 А в шкафу, устанавливаемый на конструкции на полу
ГЭСНм	08	08-03-528	Реверсоры и контакторы высокого напряжения	08-03-528-02	шт	Контактор на напряжение 6-10 кВ на ток до 400 А, устанавливаемый на конструкции на полу: вакуумный
ГЭСНм	08	08-03-528	Реверсоры и контакторы высокого напряжения	08-03-528-03	шт	Контактор на напряжение 6-10 кВ на ток до 400 А, устанавливаемый на конструкции на полу: электромагнитный
ГЭСНм	08	08-03-529	Контакторы и блок-контакторы	08-03-529-01	шт	Контактор постоянного тока на конструкции на ток: до 160 А
ГЭСНм	08	08-03-529	Контакторы и блок-контакторы	08-03-529-02	шт	Контактор постоянного тока на конструкции на ток: до 400 А
ГЭСНм	08	08-03-529	Контакторы и блок-контакторы	08-03-529-03	шт	Контактор переменного тока на конструкции на ток: до 160 А
ГЭСНм	08	08-03-529	Контакторы и блок-контакторы	08-03-529-04	шт	Контактор переменного тока на конструкции на ток: до 400 А
ГЭСНм	08	08-03-529	Контакторы и блок-контакторы	08-03-529-05	шт	Блок-контактор на конструкции с количеством блок-контактов (вспомогательных контактов): до 12
ГЭСНм	08	08-03-529	Контакторы и блок-контакторы	08-03-529-06	шт	Блок-контактор на конструкции с количеством блок-контактов (вспомогательных контактов): до 24
ГЭСНм	08	08-03-530	Пускатели магнитные	08-03-530-01	шт	Пускатель магнитный общего назначения отдельно стоящий, устанавливаемый на конструкции: на полу, на ток до 40 А
ГЭСНм	08	08-03-530	Пускатели магнитные	08-03-530-02	шт	Пускатель магнитный общего назначения отдельно стоящий, устанавливаемый на конструкции: на полу, на ток до 100 А
ГЭСНм	08	08-03-530	Пускатели магнитные	08-03-530-03	шт	Пускатель магнитный общего назначения отдельно стоящий, устанавливаемый на конструкции: на полу, на ток до 200 А
ГЭСНм	08	08-03-530	Пускатели магнитные	08-03-530-04	шт	Пускатель магнитный общего назначения отдельно стоящий, устанавливаемый на конструкции: на стене или колонне, на ток до 40 А
ГЭСНм	08	08-03-530	Пускатели магнитные	08-03-530-05	шт	Пускатель магнитный общего назначения отдельно стоящий, устанавливаемый на конструкции: на стене или колонне, на ток до 100 А
ГЭСНм	08	08-03-530	Пускатели магнитные	08-03-530-06	шт	Пускатель магнитный общего назначения отдельно стоящий, устанавливаемый на конструкции: на стене или колонне, на ток до 160 А
ГЭСНм	08	08-03-530	Пускатели магнитные	08-03-530-07	шт	Пускатель магнитный общего назначения отдельно стоящий, устанавливаемый на конструкции: на стене или колонне, на ток до 200 А
ГЭСНм	08	08-03-530	Пускатели магнитные	08-03-530-08	пускатель	Сборка из нескольких пускателей магнитных общего назначения, устанавливаемая на конструкции: на полу, на ток до 40 А
ГЭСНм	08	08-03-530	Пускатели магнитные	08-03-530-09	пускатель	Сборка из нескольких пускателей магнитных общего назначения, устанавливаемая на конструкции: на полу, на ток до 100 А
ГЭСНм	08	08-03-530	Пускатели магнитные	08-03-530-10	пускатель	Сборка из нескольких пускателей магнитных общего назначения, устанавливаемая на конструкции: на полу, на ток до 200 А
ГЭСНм	08	08-03-530	Пускатели магнитные	08-03-530-11	пускатель	Сборка из нескольких пускателей магнитных общего назначения, устанавливаемая на конструкции: на стене или колонне, на ток до 40 А
ГЭСНм	08	08-03-530	Пускатели магнитные	08-03-530-12	пускатель	Сборка из нескольких пускателей магнитных общего назначения, устанавливаемая на конструкции: на стене или колонне, на ток до 100 А
ГЭСНм	08	08-03-530	Пускатели магнитные	08-03-530-13	пускатель	Сборка из нескольких пускателей магнитных общего назначения, устанавливаемая на конструкции: на стене или колонне, на ток до 160 А
ГЭСНм	08	08-03-530	Пускатели магнитные	08-03-530-14	пускатель	Сборка из нескольких пускателей магнитных общего назначения, устанавливаемая на конструкции: на стене или колонне, на ток до 200 А
ГЭСНм	08	08-03-530	Пускатели магнитные	08-03-530-15	шт	Пускатель магнитный взрывозащищенный маслонаполненный отдельно стоящий, устанавливаемый на конструкции: на полу, на ток до 100 А
ГЭСНм	08	08-03-530	Пускатели магнитные	08-03-530-16	шт	Пускатель магнитный взрывозащищенный маслонаполненный отдельно стоящий, устанавливаемый на конструкции: на полу, на ток до 250 А
ГЭСНм	08	08-03-530	Пускатели магнитные	08-03-530-17	шт	Пускатель магнитный взрывозащищенный маслонаполненный отдельно стоящий, устанавливаемый на конструкции: на стене или колонне, на ток до 100 А
ГЭСНм	08	08-03-530	Пускатели магнитные	08-03-530-18	шт	Пускатель магнитный взрывозащищенный маслонаполненный отдельно стоящий, устанавливаемый на конструкции: на стене или колонне, на ток до 250 А
ГЭСНм	08	08-03-530	Пускатели магнитные	08-03-530-19	пускатель	Сборка из нескольких пускателей магнитных взрывозащищенных маслонаполненных, устанавливаемая на конструкции: на полу, на ток до 100 А
ГЭСНм	08	08-03-530	Пускатели магнитные	08-03-530-20	пускатель	Сборка из нескольких пускателей магнитных взрывозащищенных маслонаполненных, устанавливаемая на конструкции: на полу, на ток до 250 А
ГЭСНм	08	08-03-530	Пускатели магнитные	08-03-530-21	пускатель	Сборка из нескольких пускателей магнитных взрывозащищенных маслонаполненных, устанавливаемая на конструкции: на стене или колонне, на ток до 100 А
ГЭСНм	08	08-03-530	Пускатели магнитные	08-03-530-22	пускатель	Сборка из нескольких пускателей магнитных взрывозащищенных маслонаполненных, устанавливаемая на конструкции: на стене или колонне, на ток до 250 А
ГЭСНм	08	08-03-530	Пускатели магнитные	08-03-530-23	шт	Пускатель магнитный взрывозащищенный в сухом исполнении отдельно стоящий, устанавливаемый на полу, на ток: до 25 А
ГЭСНм	08	08-03-530	Пускатели магнитные	08-03-530-24	шт	Пускатель магнитный взрывозащищенный в сухом исполнении отдельно стоящий, устанавливаемый на полу, на ток: до 100 А
ГЭСНм	08	08-03-530	Пускатели магнитные	08-03-530-25	шт	Пускатель магнитный взрывозащищенный в сухом исполнении отдельно стоящий, устанавливаемый на полу, на ток: до 250 А
ГЭСНм	08	08-03-531	Пускатели ручные	08-03-531-01	шт	Пускатель ручной общего назначения на ток до 25 А отдельно стоящий, устанавливаемый на конструкции: на полу
ГЭСНм	08	08-03-531	Пускатели ручные	08-03-531-02	шт	Пускатель ручной общего назначения на ток до 25 А отдельно стоящий, устанавливаемый на конструкции: на стене или колонне
ГЭСНм	08	08-03-532	Посты управления кнопочные	08-03-532-01	шт	Пост управления кнопочный общего назначения, устанавливаемый на конструкции: на полу, количество элементов поста до 3
ГЭСНм	08	08-03-532	Посты управления кнопочные	08-03-532-02	шт	Пост управления кнопочный общего назначения, устанавливаемый на конструкции: на полу, количество элементов поста до 9
ГЭСНм	08	08-03-532	Посты управления кнопочные	08-03-532-03	шт	Пост управления кнопочный общего назначения, устанавливаемый на конструкции: на полу, количество элементов поста до 16
ГЭСНм	08	08-03-532	Посты управления кнопочные	08-03-532-04	шт	Пост управления кнопочный общего назначения, устанавливаемый на конструкции: на стене или колонне, количество элементов поста до 3
ГЭСНм	08	08-03-532	Посты управления кнопочные	08-03-532-05	шт	Пост управления кнопочный общего назначения, устанавливаемый на конструкции: на стене или колонне, количество элементов поста до 6
ГЭСНм	08	08-03-532	Посты управления кнопочные	08-03-532-06	шт	Пост управления кнопочный общего назначения, устанавливаемый на конструкции: на стене или колонне, количество элементов поста до 9
ГЭСНм	08	08-03-532	Посты управления кнопочные	08-03-532-07	шт	Пост управления кнопочный общего назначения, устанавливаемый на конструкции: на стене или колонне, количество элементов поста до 16
ГЭСНм	08	08-03-532	Посты управления кнопочные	08-03-532-08	шт	Пост управления кнопочный взрывозащищенный с количеством элементов поста до 3, устанавливаемый на конструкции: на полу
ГЭСНм	08	08-03-532	Посты управления кнопочные	08-03-532-09	шт	Пост управления кнопочный взрывозащищенный с количеством элементов поста до 3, устанавливаемый на конструкции: на стене или колонне
ГЭСНм	08	08-03-532	Посты управления кнопочные	08-03-532-10	пост	Сборка из нескольких постов управления кнопочных общего назначения, устанавливаемая на конструкции: на полу, количество элементов поста до 3
ГЭСНм	08	08-03-532	Посты управления кнопочные	08-03-532-11	пост	Сборка из нескольких постов управления кнопочных общего назначения, устанавливаемая на конструкции: на полу, количество элементов поста до 6
ГЭСНм	08	08-03-532	Посты управления кнопочные	08-03-532-12	пост	Сборка из нескольких постов управления кнопочных общего назначения, устанавливаемая на конструкции: на стене или колонне, количество элементов поста до 3
ГЭСНм	08	08-03-532	Посты управления кнопочные	08-03-532-13	пост	Сборка из нескольких постов управления кнопочных общего назначения, устанавливаемая на конструкции: на стене или колонне, количество элементов поста до 6
ГЭСНм	08	08-03-532	Посты управления кнопочные	08-03-532-14	пост	Сборка из нескольких постов управления кнопочных взрывозащищенных с количеством элементов поста до 3, устанавливаемая на: на полу
ГЭСНм	08	08-03-532	Посты управления кнопочные	08-03-532-15	пост	Сборка из нескольких постов управления кнопочных взрывозащищенных с количеством элементов поста до 3, устанавливаемая на: на стене или колонне
ГЭСНм	08	08-03-533	Посты управления кнопочные подвесные	08-03-533-01	шт	Пост управления кнопочный подвесной, подвешиваемый на кабеле (тросе), количество элементов поста: до 3
ГЭСНм	08	08-03-533	Посты управления кнопочные подвесные	08-03-533-02	шт	Пост управления кнопочный подвесной, подвешиваемый на кабеле (тросе), количество элементов поста: до 10
ГЭСНм	08	08-03-533	Посты управления кнопочные подвесные	08-03-533-03	шт	Пост управления кнопочный подвесной, подвешиваемый на кабеле (тросе), количество элементов поста: до 16
ГЭСНм	08	08-03-534	Переключатели универсальные	08-03-534-01	шт	Переключатель универсальный пылеводозащищенный, устанавливаемый на конструкции на стене или колонне, количество секций: до 4
ГЭСНм	08	08-03-534	Переключатели универсальные	08-03-534-02	шт	Переключатель универсальный пылеводозащищенный, устанавливаемый на конструкции на стене или колонне, количество секций: до 10
ГЭСНм	08	08-03-534	Переключатели универсальные	08-03-534-03	шт	Переключатель универсальный пылеводозащищенный, устанавливаемый на конструкции на стене или колонне, количество секций: до 16
ГЭСНм	08	08-03-534	Переключатели универсальные	08-03-534-04	шт	Переключатель универсальный пылеводозащищенный, устанавливаемый на конструкции на стене или колонне, количество секций: до 24
ГЭСНм	08	08-03-534	Переключатели универсальные	08-03-534-05	шт	Переключатель универсальный взрывозащищенный, устанавливаемый на конструкции на стене или колонне, количество секций: до 4
ГЭСНм	08	08-03-534	Переключатели универсальные	08-03-534-06	шт	Переключатель универсальный взрывозащищенный, устанавливаемый на конструкции на стене или колонне, количество секций: до 14
ГЭСНм	08	08-03-535	Командоаппараты нерегулируемые (командоконтроллеры)	08-03-535-01	шт	Командоаппарат ручной контактный, устанавливаемый на конструкции на полу, масса до 15 кг, количество цепей: до 6
ГЭСНм	08	08-03-535	Командоаппараты нерегулируемые (командоконтроллеры)	08-03-535-02	шт	Командоаппарат ручной контактный, устанавливаемый на конструкции на полу, масса до 15 кг, количество цепей: до 12
ГЭСНм	08	08-03-535	Командоаппараты нерегулируемые (командоконтроллеры)	08-03-535-03	шт	Командоаппарат: ручной бесконтактный для подключения до 14 выводов, устанавливаемый на конструкции на полу, масса до 15 кг
ГЭСНм	08	08-03-535	Командоаппараты нерегулируемые (командоконтроллеры)	08-03-535-04	шт	Командоаппарат: педальный (ножной) бесконтактный для подключения до 20 выводов, устанавливаемый на конструкции на полу, масса до 35 кг
ГЭСНм	08	08-03-536	Контроллеры кулачковые	08-03-536-01	шт	Контроллер кулачковый постоянного или переменного тока на ток до 63 А, устанавливаемый на конструкции на полу
ГЭСНм	08	08-03-537	Командоаппараты регулируемые (Путевые выключатели)	08-03-537-01	шт	Командоаппарат кулачковый регулируемый без редуктора, устанавливаемый: на металлическом основании, количество цепей до 2
ГЭСНм	08	08-03-537	Командоаппараты регулируемые (Путевые выключатели)	08-03-537-02	шт	Командоаппарат кулачковый регулируемый без редуктора, устанавливаемый: на металлическом основании, количество цепей до 6
ГЭСНм	08	08-03-537	Командоаппараты регулируемые (Путевые выключатели)	08-03-537-03	шт	Командоаппарат кулачковый регулируемый без редуктора, устанавливаемый: на конструкции на полу, количество цепей до 2
ГЭСНм	08	08-03-537	Командоаппараты регулируемые (Путевые выключатели)	08-03-537-04	шт	Командоаппарат кулачковый регулируемый без редуктора, устанавливаемый: на конструкции на полу, количество цепей до 6
ГЭСНм	08	08-03-537	Командоаппараты регулируемые (Путевые выключатели)	08-03-537-05	шт	Командоаппарат кулачковый регулируемый со встроенным редуктором, устанавливаемый: на металлическом основании, количество цепей до 2
ГЭСНм	08	08-03-537	Командоаппараты регулируемые (Путевые выключатели)	08-03-537-06	шт	Командоаппарат кулачковый регулируемый со встроенным редуктором, устанавливаемый: на металлическом основании, количество цепей до 8
ГЭСНм	08	08-03-537	Командоаппараты регулируемые (Путевые выключатели)	08-03-537-07	шт	Командоаппарат кулачковый регулируемый со встроенным редуктором, устанавливаемый: на металлическом основании, количество цепей до 24
ГЭСНм	08	08-03-537	Командоаппараты регулируемые (Путевые выключатели)	08-03-537-08	шт	Командоаппарат кулачковый регулируемый со встроенным редуктором, устанавливаемый: на конструкции на полу, количество цепей до 2
ГЭСНм	08	08-03-537	Командоаппараты регулируемые (Путевые выключатели)	08-03-537-09	шт	Командоаппарат кулачковый регулируемый со встроенным редуктором, устанавливаемый: на конструкции на полу, количество цепей до 8
ГЭСНм	08	08-03-537	Командоаппараты регулируемые (Путевые выключатели)	08-03-537-10	шт	Командоаппарат кулачковый регулируемый со встроенным редуктором, устанавливаемый: на конструкции на полу, количество цепей до 24
ГЭСНм	08	08-03-537	Командоаппараты регулируемые (Путевые выключатели)	08-03-537-11	шт	Командоаппарат кулачковый регулируемый со встроенным редуктором, устанавливаемый: на конструкции на полу, количество цепей до 24, с электроприводом
ГЭСНм	08	08-03-537	Командоаппараты регулируемые (Путевые выключатели)	08-03-537-12	шт	Командоаппарат кулачковый регулируемый со встроенным редуктором, устанавливаемый: на конструкции на полу, количество цепей до 24, взрывозащищенный маслонаполненный
ГЭСНм	08	08-03-538	Выключатели путевые конечные и микропереключатели	08-03-538-01	шт	Выключатель путевой или конечный рычажный контактный общего назначения массой до 10 кг, устанавливаемый: на металлическом основании
ГЭСНм	08	08-03-538	Выключатели путевые конечные и микропереключатели	08-03-538-02	шт	Выключатель путевой или конечный рычажный контактный общего назначения массой до 10 кг, устанавливаемый: на конструкции на стене или колонне
ГЭСНм	08	08-03-538	Выключатели путевые конечные и микропереключатели	08-03-538-03	шт	Выключатель путевой или конечный контактный, устанавливаемый на металлическом основании: взрывозащищенный,в том числе маслонаполненный, масса до 10 кг
ГЭСНм	08	08-03-538	Выключатели путевые конечные и микропереключатели	08-03-538-04	шт	Выключатель путевой или конечный контактный, устанавливаемый на металлическом основании: малогабаритный одно-, двухкнопочный или микропереключатель
ГЭСНм	08	08-03-538	Выключатели путевые конечные и микропереключатели	08-03-538-05	шт	Выключатель путевой или конечный бесконтактный, устанавливаемый на металлическом основании
ГЭСНм	08	08-03-539	Линейки ограничения хода механизмов	08-03-539-01	шт	Линейка, устанавливаемая на металлической конструкции, масса: до 5 кг
ГЭСНм	08	08-03-539	Линейки ограничения хода механизмов	08-03-539-02	шт	Линейка, устанавливаемая на металлической конструкции, масса: до 10 кг
ГЭСНм	08	08-03-539	Линейки ограничения хода механизмов	08-03-539-03	шт	Линейка, устанавливаемая на металлической конструкции, масса: до 25 кг
ГЭСНм	08	08-03-540	Реостаты и регуляторы установочные и возбуждения	08-03-540-01	шт	Реостат переменного тока масляный с ручным приводом, устанавливаемый на конструкции на полу, масса (без масла) до 350 кг
ГЭСНм	08	08-03-540	Реостаты и регуляторы установочные и возбуждения	08-03-540-02	шт	Реостат постоянного тока пусковой или пускорегулирующий; регулятор возбуждения или установочный с ручным приводом, устанавливаемый на конструкции: на стене или колонне, масса до 25 кг
ГЭСНм	08	08-03-540	Реостаты и регуляторы установочные и возбуждения	08-03-540-03	шт	Реостат постоянного тока пусковой или пускорегулирующий; регулятор возбуждения или установочный с ручным приводом, устанавливаемый на конструкции: на стене или колонне, масса до 50 кг
ГЭСНм	08	08-03-540	Реостаты и регуляторы установочные и возбуждения	08-03-540-04	шт	Реостат постоянного тока пусковой или пускорегулирующий; регулятор возбуждения или установочный с ручным приводом, устанавливаемый на конструкции: на стене или колонне, масса до 100 кг
ГЭСНм	08	08-03-540	Реостаты и регуляторы установочные и возбуждения	08-03-540-05	шт	Реостат постоянного тока пусковой или пускорегулирующий; регулятор возбуждения или установочный с ручным приводом, устанавливаемый на конструкции: на полу, масса до 25 кг
ГЭСНм	08	08-03-540	Реостаты и регуляторы установочные и возбуждения	08-03-540-06	шт	Реостат постоянного тока пусковой или пускорегулирующий; регулятор возбуждения или установочный с ручным приводом, устанавливаемый на конструкции: на полу, масса до 100 кг
ГЭСНм	08	08-03-540	Реостаты и регуляторы установочные и возбуждения	08-03-540-07	шт	Реостат постоянного тока пусковой или пускорегулирующий; регулятор возбуждения или установочный с ручным приводом, устанавливаемый на конструкции: на полу, масса до 200 кг
ГЭСНм	08	08-03-540	Реостаты и регуляторы установочные и возбуждения	08-03-540-08	шт	Реостат постоянного тока пусковой или пускорегулирующий; регулятор возбуждения или установочный с ручным приводом, устанавливаемый на конструкции: на полу, масса до 350 кг
ГЭСНм	08	08-03-540	Реостаты и регуляторы установочные и возбуждения	08-03-540-09	шт	Реостат постоянного тока пусковой или пускорегулирующий; регулятор возбуждения или установочный с ручным приводом, устанавливаемый на конструкции: на полу, масса до 500 кг
ГЭСНм	08	08-03-540	Реостаты и регуляторы установочные и возбуждения	08-03-540-10	шт	Реостат постоянного тока пусковой или пускорегулирующий; регулятор возбуждения или установочный с ручным приводом, устанавливаемый на конструкции: на полу, масса до 800 кг
ГЭСНм	08	08-03-540	Реостаты и регуляторы установочные и возбуждения	08-03-540-11	шт	Регулятор возбуждения с электроприводом, устанавливаемый на конструкции на полу, масса: до 100 кг
ГЭСНм	08	08-03-540	Реостаты и регуляторы установочные и возбуждения	08-03-540-12	шт	Регулятор возбуждения с электроприводом, устанавливаемый на конструкции на полу, масса: до 200 кг
ГЭСНм	08	08-03-540	Реостаты и регуляторы установочные и возбуждения	08-03-540-13	шт	Регулятор возбуждения с электроприводом, устанавливаемый на конструкции на полу, масса: до 350 кг
ГЭСНм	08	08-03-540	Реостаты и регуляторы установочные и возбуждения	08-03-540-14	шт	Регулятор возбуждения с электроприводом, устанавливаемый на конструкции на полу, масса: до 500 кг
ГЭСНм	08	08-03-540	Реостаты и регуляторы установочные и возбуждения	08-03-540-15	шт	Регулятор возбуждения с электроприводом, устанавливаемый на конструкции на полу, масса: до 800 кг
ГЭСНм	08	08-03-541	Блоки резисторов (ящики сопротивлений) без ошиновки и других соединений между блоками	08-03-541-01	шт	Блок резисторов до 660 В защищенного исполнения (в кожухе), устанавливаемый без стеллажа на конструкции на полу, масса: до 50 кг
ГЭСНм	08	08-03-541	Блоки резисторов (ящики сопротивлений) без ошиновки и других соединений между блоками	08-03-541-02	шт	Блок резисторов до 660 В защищенного исполнения (в кожухе), устанавливаемый без стеллажа на конструкции на полу, масса: до 250 кг
ГЭСНм	08	08-03-541	Блоки резисторов (ящики сопротивлений) без ошиновки и других соединений между блоками	08-03-541-03	шт	Сборка из блоков резисторов до 660 В однорядная, устанавливаемая без стеллажа на конструкции на полу, до трех ярусов, масса блока до 50 кг
ГЭСНм	08	08-03-541	Блоки резисторов (ящики сопротивлений) без ошиновки и других соединений между блоками	08-03-541-04	шт	Стеллаж с блоками резисторов до 660 В многорядный, устанавливаемый на конструкции на полу, до пяти ярусов, масса блока: до 25 кг
ГЭСНм	08	08-03-541	Блоки резисторов (ящики сопротивлений) без ошиновки и других соединений между блоками	08-03-541-05	шт	Стеллаж с блоками резисторов до 660 В многорядный, устанавливаемый на конструкции на полу, до пяти ярусов, масса блока: до 50 кг
ГЭСНм	08	08-03-541	Блоки резисторов (ящики сопротивлений) без ошиновки и других соединений между блоками	08-03-541-06	шт	Блок резисторов до 660 В подвесной, устанавливаемый на конструкции на стене или колонне, масса: до 30 кг
ГЭСНм	08	08-03-541	Блоки резисторов (ящики сопротивлений) без ошиновки и других соединений между блоками	08-03-541-07	шт	Блок резисторов до 660 В подвесной, устанавливаемый на конструкции на стене или колонне, масса: до 60 кг
ГЭСНм	08	08-03-541	Блоки резисторов (ящики сопротивлений) без ошиновки и других соединений между блоками	08-03-541-08	сборка	Сборка из блоков резисторов до 1 кВ однорядная до четырех ярусов, устанавливаемая на конструкции на полу, масса сборки: до 130 кг
ГЭСНм	08	08-03-541	Блоки резисторов (ящики сопротивлений) без ошиновки и других соединений между блоками	08-03-541-09	сборка	Сборка из блоков резисторов до 1 кВ однорядная до четырех ярусов, устанавливаемая на конструкции на полу, масса сборки: до 220 кг
ГЭСНм	08	08-03-542	Электромагниты (электрическая часть)	08-03-542-01	шт	Электромагнит длинно- или короткоходовой, масса: до 15 кг
ГЭСНм	08	08-03-542	Электромагниты (электрическая часть)	08-03-542-02	шт	Электромагнит длинно- или короткоходовой, масса: до 50 кг
ГЭСНм	08	08-03-542	Электромагниты (электрическая часть)	08-03-542-03	шт	Электромагнит длинно- или короткоходовой, масса: до 100 кг
ГЭСНм	08	08-03-543	Световые сигнальные приборы	08-03-543-01	шт	Светофор с количеством ламп до трех, устанавливаемый на конструкции на: полу
ГЭСНм	08	08-03-543	Световые сигнальные приборы	08-03-543-02	шт	Светофор с количеством ламп до трех, устанавливаемый на конструкции на: стене, колонне или балке
ГЭСНм	08	08-03-543	Световые сигнальные приборы	08-03-543-03	шт	Светофор 3-х секционный: на выносном кронштейне
ГЭСНм	08	08-03-543	Световые сигнальные приборы	08-03-543-04	шт	Светофор 3-х секционный: на колонке с крепёжным кронштейном, на опорах
ГЭСНм	08	08-03-543	Световые сигнальные приборы	08-03-543-05	шт	Светофор 3-х секционный: на растяжке
ГЭСНм	08	08-03-543	Световые сигнальные приборы	08-03-543-06	шт	Светофор 2-х секционный: на выносном кронштейне
ГЭСНм	08	08-03-543	Световые сигнальные приборы	08-03-543-07	шт	Светофор 2-х секционный: на колонке, опоре с крепежным кронштейном
ГЭСНм	08	08-03-543	Световые сигнальные приборы	08-03-543-08	шт	Дополнительная секция светофора
ГЭСНм	08	08-03-543	Световые сигнальные приборы	08-03-543-09	шт	Дорожный знак с внутренним освещением (объемный световой)
ГЭСНм	08	08-03-544	Колонки распределительные для цеховых модульных распределительных сетей	08-03-544-01	шт	Колонка распределительная с автоматическими выключателями или с рубильником и предохранителями на ток до 63 А, устанавливаемая на модульной коробке и присоединяемая к магистрали из проводов с жилами с
ГЭСНм	08	08-03-544	Колонки распределительные для цеховых модульных распределительных сетей	08-03-544-02	шт	Колонка распределительная с автоматическими выключателями или с рубильником и предохранителями на ток до 63 А, устанавливаемая на модульной коробке и присоединяемая к магистрали из проводов с жилами с
ГЭСНм	08	08-03-544	Колонки распределительные для цеховых модульных распределительных сетей	08-03-544-03	шт	Колонка распределительная со штепсельными розетками на ток 25 А, устанавливаемая на модульной коробке и присоединяемая к магистрали из проводов с жилами сечением: до 35 мм2
ГЭСНм	08	08-03-544	Колонки распределительные для цеховых модульных распределительных сетей	08-03-544-04	шт	Колонка распределительная со штепсельными розетками на ток 25 А, устанавливаемая на модульной коробке и присоединяемая к магистрали из проводов с жилами сечением: до 95 мм2
ГЭСНм	08	08-03-545	Коробки (ящики) с зажимами и кожухи металлические для защиты вводов и электрооборудования	08-03-545-01	шт	Коробка (ящик) с зажимами для кабелей и проводов сечением до 6 мм2, устанавливаемая на конструкции на стене или колонне, количество зажимов: до 10
ГЭСНм	08	08-03-545	Коробки (ящики) с зажимами и кожухи металлические для защиты вводов и электрооборудования	08-03-545-02	шт	Коробка (ящик) с зажимами для кабелей и проводов сечением до 6 мм2, устанавливаемая на конструкции на стене или колонне, количество зажимов: до 20
ГЭСНм	08	08-03-545	Коробки (ящики) с зажимами и кожухи металлические для защиты вводов и электрооборудования	08-03-545-03	шт	Коробка (ящик) с зажимами для кабелей и проводов сечением до 6 мм2, устанавливаемая на конструкции на стене или колонне, количество зажимов: до 32
ГЭСНм	08	08-03-545	Коробки (ящики) с зажимами и кожухи металлические для защиты вводов и электрооборудования	08-03-545-04	шт	За каждый последующий зажим сверх 32 добавлять к норме 08-03-545-03
ГЭСНм	08	08-03-545	Коробки (ящики) с зажимами и кожухи металлические для защиты вводов и электрооборудования	08-03-545-05	шт	Коробка с зажимами, устанавливаемая на конструкции на стене или колонне, для кабелей или проводов сечением: до 10 мм2, с количеством зажимов до 4
ГЭСНм	08	08-03-545	Коробки (ящики) с зажимами и кожухи металлические для защиты вводов и электрооборудования	08-03-545-06	шт	Коробка с зажимами, устанавливаемая на конструкции на стене или колонне, для кабелей или проводов сечением: до 10 мм2, с количеством зажимов до 6
ГЭСНм	08	08-03-545	Коробки (ящики) с зажимами и кожухи металлические для защиты вводов и электрооборудования	08-03-545-07	шт	Коробка с зажимами, устанавливаемая на конструкции на стене или колонне, для кабелей или проводов сечением: до 16 мм2, с количеством зажимов до 4
ГЭСНм	08	08-03-545	Коробки (ящики) с зажимами и кожухи металлические для защиты вводов и электрооборудования	08-03-545-08	шт	Коробка с зажимами, устанавливаемая на конструкции на стене или колонне, для кабелей или проводов сечением: до 16 мм2, с количеством зажимов до 6
ГЭСНм	08	08-03-545	Коробки (ящики) с зажимами и кожухи металлические для защиты вводов и электрооборудования	08-03-545-09	шт	Коробка с зажимами, устанавливаемая на конструкции на стене или колонне, для кабелей или проводов сечением: до 32 мм2, с количеством зажимов до 4
ГЭСНм	08	08-03-545	Коробки (ящики) с зажимами и кожухи металлические для защиты вводов и электрооборудования	08-03-545-10	шт	Коробка с зажимами, устанавливаемая на конструкции на стене или колонне, для кабелей или проводов сечением: до 32 мм2, с количеством зажимов до 6
ГЭСНм	08	08-03-545	Коробки (ящики) с зажимами и кожухи металлические для защиты вводов и электрооборудования	08-03-545-11	шт	Коробка с зажимами, устанавливаемая на конструкции на стене или колонне, для кабелей или проводов сечением: до 70 мм2, с количеством зажимов до 4
ГЭСНм	08	08-03-545	Коробки (ящики) с зажимами и кожухи металлические для защиты вводов и электрооборудования	08-03-545-12	шт	Коробка с зажимами, устанавливаемая на конструкции на стене или колонне, для кабелей или проводов сечением: до 70 мм2, с количеством зажимов до 6
ГЭСНм	08	08-03-545	Коробки (ящики) с зажимами и кожухи металлические для защиты вводов и электрооборудования	08-03-545-13	шт	Коробка с зажимами, устанавливаемая на конструкции на стене или колонне, для кабелей или проводов сечением: до 120 мм2, с количеством зажимов до 4
ГЭСНм	08	08-03-545	Коробки (ящики) с зажимами и кожухи металлические для защиты вводов и электрооборудования	08-03-545-14	шт	Коробка с зажимами, устанавливаемая на конструкции на стене или колонне, для кабелей или проводов сечением: до 120 мм2, с количеством зажимов до 6
ГЭСНм	08	08-03-545	Коробки (ящики) с зажимами и кожухи металлические для защиты вводов и электрооборудования	08-03-545-15	шт	Коробка с зажимами, устанавливаемая на конструкции на стене или колонне, для кабелей или проводов сечением: до 185 мм2, с количеством зажимов до 4
ГЭСНм	08	08-03-545	Коробки (ящики) с зажимами и кожухи металлические для защиты вводов и электрооборудования	08-03-545-16	шт	Коробка с зажимами, устанавливаемая на конструкции на стене или колонне, для кабелей или проводов сечением: до 185 мм2, с количеством зажимов до 6
ГЭСНм	08	08-03-545	Коробки (ящики) с зажимами и кожухи металлические для защиты вводов и электрооборудования	08-03-545-17	кг	Кожух металлический для защиты вводов и электрооборудования
ГЭСНм	08	08-03-591	Выключатели, переключатели и штепсельные розетки	08-03-591-01	100 шт	Выключатель: одноклавишный неутопленного типа при открытой проводке
ГЭСНм	08	08-03-591	Выключатели, переключатели и штепсельные розетки	08-03-591-02	100 шт	Выключатель: одноклавишный утопленного типа при скрытой проводке
ГЭСНм	08	08-03-591	Выключатели, переключатели и штепсельные розетки	08-03-591-03	100 шт	Выключатель: полугерметический и герметический
ГЭСНм	08	08-03-591	Выключатели, переключатели и штепсельные розетки	08-03-591-04	100 шт	Выключатель: двухклавишный неутопленного типа при открытой проводке
ГЭСНм	08	08-03-591	Выключатели, переключатели и штепсельные розетки	08-03-591-05	100 шт	Выключатель: двухклавишный утопленного типа при скрытой проводке
ГЭСНм	08	08-03-591	Выключатели, переключатели и штепсельные розетки	08-03-591-06	100 шт	Переключатель: неутопленного типа при открытой проводке
ГЭСНм	08	08-03-591	Выключатели, переключатели и штепсельные розетки	08-03-591-07	100 шт	Переключатель: утопленного типа при скрытой проводке
ГЭСНм	08	08-03-591	Выключатели, переключатели и штепсельные розетки	08-03-591-08	100 шт	Розетка штепсельная: неутопленного типа при открытой проводке
ГЭСНм	08	08-03-591	Выключатели, переключатели и штепсельные розетки	08-03-591-09	100 шт	Розетка штепсельная: утопленного типа при скрытой проводке
ГЭСНм	08	08-03-591	Выключатели, переключатели и штепсельные розетки	08-03-591-10	100 шт	Розетка штепсельная: полугерметическая и герметическая
ГЭСНм	08	08-03-591	Выключатели, переключатели и штепсельные розетки	08-03-591-11	100 шт	Розетка штепсельная: трехполюсная
ГЭСНм	08	08-03-591	Выключатели, переключатели и штепсельные розетки	08-03-591-12	100 шт	Блоки с тремя выключателями и одной штепсельной розеткой утопленного типа при скрытой проводке
ГЭСНм	08	08-03-591	Выключатели, переключатели и штепсельные розетки	08-03-591-13	100 шт	Блоки с выключателями до трех штук и одной штепсельной розеткой неутопленного типа при открытой проводке, устанавливаемые на: бетонные стены
ГЭСНм	08	08-03-591	Выключатели, переключатели и штепсельные розетки	08-03-591-14	100 шт	Блоки с выключателями до трех штук и одной штепсельной розеткой неутопленного типа при открытой проводке, устанавливаемые на: кирпичные стены
ГЭСНм	08	08-03-591	Выключатели, переключатели и штепсельные розетки	08-03-591-15	100 шт	Блоки с выключателями до трех штук и одной штепсельной розеткой неутопленного типа при открытой проводке, устанавливаемые на: стены из ГКЛ
ГЭСНм	08	08-03-592	Патроны	08-03-592-01	100 шт	Патрон: стенной или потолочный
ГЭСНм	08	08-03-592	Патроны	08-03-592-02	100 шт	Патрон: подвесной
ГЭСНм	08	08-03-593	Светильники для ламп накаливания	08-03-593-01	100 шт	Светильник с подвеской на крюк для помещений: с нормальными условиями среды
ГЭСНм	08	08-03-593	Светильники для ламп накаливания	08-03-593-02	100 шт	Светильник с подвеской на крюк для помещений: с повышенной влажностью и пыльностью
ГЭСНм	08	08-03-593	Светильники для ламп накаливания	08-03-593-03	100 шт	Светильник с подвеской на крюк для помещений: с тяжелыми условиями среды
ГЭСНм	08	08-03-593	Светильники для ламп накаливания	08-03-593-04	100 шт	Светильник с навинчиванием на трубу для взрывоопасных помещений
ГЭСНм	08	08-03-593	Светильники для ламп накаливания	08-03-593-05	100 шт	Светильник потолочный или настенный с креплением винтами или болтами для помещений: с тяжелыми условиями среды, уплотненный
ГЭСНм	08	08-03-593	Светильники для ламп накаливания	08-03-593-06	100 шт	Светильник потолочный или настенный с креплением винтами или болтами для помещений: с нормальными условиями среды, одноламповый
ГЭСНм	08	08-03-593	Светильники для ламп накаливания	08-03-593-07	100 шт	Светильник потолочный или настенный с креплением винтами или болтами для помещений: с нормальными условиями среды, двухламповый
ГЭСНм	08	08-03-593	Светильники для ламп накаливания	08-03-593-08	100 шт	Светильник: с подвеской к смонтированной тросовой проводке
ГЭСНм	08	08-03-593	Светильники для ламп накаливания	08-03-593-09	100 шт	Светильник: местного освещения
ГЭСНм	08	08-03-593	Светильники для ламп накаливания	08-03-593-10	100 шт	Световые настенные указатели
ГЭСНм	08	08-03-593	Светильники для ламп накаливания	08-03-593-11	шт	Люстры и подвесы с количеством ламп: до 5
ГЭСНм	08	08-03-593	Светильники для ламп накаливания	08-03-593-12	шт	Люстры и подвесы с количеством ламп: свыше 5 до 12
ГЭСНм	08	08-03-593	Светильники для ламп накаливания	08-03-593-13	шт	Люстры и подвесы с количеством ламп: свыше 12 до 30
ГЭСНм	08	08-03-593	Светильники для ламп накаливания	08-03-593-14	шт	Люстры и подвесы с количеством ламп: свыше 30 до 50
ГЭСНм	08	08-03-593	Светильники для ламп накаливания	08-03-593-15	шт	Люстры и подвесы с количеством ламп: свыше 50 до 75
ГЭСНм	08	08-03-593	Светильники для ламп накаливания	08-03-593-16	шт	Люстры и подвесы с количеством ламп: свыше 75 до 100
ГЭСНм	08	08-03-593	Светильники для ламп накаливания	08-03-593-17	100 шт	Кронштейны со светильниками по: стенам и потолкам
ГЭСНм	08	08-03-593	Светильники для ламп накаливания	08-03-593-18	100 шт	Кронштейны со светильниками по: колоннам, фермам, балкам на мостиках
ГЭСНм	08	08-03-593	Светильники для ламп накаливания	08-03-593-19	100 шт	Светильник в подвесных потолках
ГЭСНм	08	08-03-594	Светильники с люминесцентными лампами	08-03-594-01	100 шт	Светильник отдельно устанавливаемый: на штырях с количеством ламп в светильнике 1
ГЭСНм	08	08-03-594	Светильники с люминесцентными лампами	08-03-594-02	100 шт	Светильник отдельно устанавливаемый: на штырях с количеством ламп в светильнике 2
ГЭСНм	08	08-03-594	Светильники с люминесцентными лампами	08-03-594-03	100 шт	Светильник отдельно устанавливаемый: на штырях с количеством ламп в светильнике свыше 2 до 4
ГЭСНм	08	08-03-594	Светильники с люминесцентными лампами	08-03-594-04	100 шт	Светильник отдельно устанавливаемый: на штырях с количеством ламп в светильнике свыше 4 до 6
ГЭСНм	08	08-03-594	Светильники с люминесцентными лампами	08-03-594-05	100 шт	Светильник отдельно устанавливаемый: на штырях с количеством ламп в светильнике свыше 6 до 10
ГЭСНм	08	08-03-594	Светильники с люминесцентными лампами	08-03-594-06	100 шт	Светильник отдельно устанавливаемый: на подвесах (штангах) с количеством ламп в светильнике 1
ГЭСНм	08	08-03-594	Светильники с люминесцентными лампами	08-03-594-07	100 шт	Светильник отдельно устанавливаемый: на подвесах (штангах) с количеством ламп в светильнике 2
ГЭСНм	08	08-03-594	Светильники с люминесцентными лампами	08-03-594-08	100 шт	Светильник отдельно устанавливаемый: на подвесах (штангах) с количеством ламп в светильнике свыше 2 до 4
ГЭСНм	08	08-03-594	Светильники с люминесцентными лампами	08-03-594-09	100 шт	Светильник на кронштейнах
ГЭСНм	08	08-03-594	Светильники с люминесцентными лампами	08-03-594-10	100 шт	Светильник в подвесных потолках, устанавливаемый: на подвесках, количество ламп в светильнике до 2
ГЭСНм	08	08-03-594	Светильники с люминесцентными лампами	08-03-594-11	100 шт	Светильник в подвесных потолках, устанавливаемый: на подвесках, количество ламп в светильнике свыше 2 до 4
ГЭСНм	08	08-03-594	Светильники с люминесцентными лампами	08-03-594-12	100 шт	Светильник в подвесных потолках, устанавливаемый: на подвесках, количество ламп в светильнике свыше 4 до 6
ГЭСНм	08	08-03-594	Светильники с люминесцентными лампами	08-03-594-13	100 шт	Светильник в подвесных потолках, устанавливаемый: на профиле, количество ламп в светильнике до 2
ГЭСНм	08	08-03-594	Светильники с люминесцентными лампами	08-03-594-14	100 шт	Светильник в подвесных потолках, устанавливаемый: на профиле, количество ламп в светильнике свыше 2 до 4
ГЭСНм	08	08-03-594	Светильники с люминесцентными лампами	08-03-594-15	100 шт	Светильник в подвесных потолках, устанавливаемый: на профиле, количество ламп в светильнике свыше 4 до 6
ГЭСНм	08	08-03-594	Светильники с люминесцентными лампами	08-03-594-16	100 шт	Светильник в подвесных потолках, устанавливаемый: на закладных деталях, количество ламп в светильнике до 2
ГЭСНм	08	08-03-594	Светильники с люминесцентными лампами	08-03-594-17	100 шт	Светильник в подвесных потолках, устанавливаемый: на закладных деталях, количество ламп в светильнике свыше 2 до 4
ГЭСНм	08	08-03-594	Светильники с люминесцентными лампами	08-03-594-18	100 шт	Светильник в подвесных потолках, устанавливаемый: на закладных деталях, количество ламп в светильнике свыше 4 до 6
ГЭСНм	08	08-03-594	Светильники с люминесцентными лампами	08-03-594-19	100 шт	Светильники, устанавливаемые блоками на коробах: на подвесках с количеством светильников в ряду 1
ГЭСНм	08	08-03-594	Светильники с люминесцентными лампами	08-03-594-20	100 шт	Светильники, устанавливаемые блоками на коробах: на подвесках с количеством светильников в ряду 2
ГЭСНм	08	08-03-594	Светильники с люминесцентными лампами	08-03-594-21	100 шт	Светильники, устанавливаемые блоками на коробах: на скобах с количеством светильников в ряду 1
ГЭСНм	08	08-03-594	Светильники с люминесцентными лампами	08-03-594-22	100 шт	Светильники, устанавливаемые блоками на коробах: на скобах с количеством светильников в ряду 2
ГЭСНм	08	08-03-595	Светильники с ртутными лампами	08-03-595-01	100 шт	Светильник с ртутными лампами, включая установку ПРА,: на кронштейнах на мостиках
ГЭСНм	08	08-03-595	Светильники с ртутными лампами	08-03-595-02	100 шт	Светильник с ртутными лампами, включая установку ПРА,: на кронштейнах на стенах, колоннах и фермах
ГЭСНм	08	08-03-595	Светильники с ртутными лампами	08-03-595-03	100 шт	Светильник с ртутными лампами, включая установку ПРА,: на трубчатых подвесах, длина подвеса до 2500 мм
ГЭСНм	08	08-03-596	Прожекторы	08-03-596-01	100 шт	Прожектор, отдельно устанавливаемый на стальной конструкции: на земле, с лампой мощностью 500 Вт
ГЭСНм	08	08-03-596	Прожекторы	08-03-596-02	100 шт	Прожектор, отдельно устанавливаемый на стальной конструкции: на земле, с лампой мощностью 1000 Вт
ГЭСНм	08	08-03-596	Прожекторы	08-03-596-03	100 шт	Прожектор, отдельно устанавливаемый на стальной конструкции: на крыше здания, с лампой мощностью 500 Вт
ГЭСНм	08	08-03-596	Прожекторы	08-03-596-04	100 шт	Прожектор, отдельно устанавливаемый на стальной конструкции: на крыше здания, с лампой мощностью 1000 Вт
ГЭСНм	08	08-03-596	Прожекторы	08-03-596-05	100 шт	Прожектор, отдельно устанавливаемый: на кронштейне, установленном на опоре, с лампой мощностью 500 Вт
ГЭСНм	08	08-03-596	Прожекторы	08-03-596-06	100 шт	Прожектор, отдельно устанавливаемый: на кронштейне, установленном на опоре, с лампой мощностью 1000 Вт
ГЭСНм	08	08-03-596	Прожекторы	08-03-596-07	100 шт	Прожектор, отдельно устанавливаемый: на стальной мачте, с лампой мощностью 500 Вт
ГЭСНм	08	08-03-596	Прожекторы	08-03-596-08	100 шт	Прожектор, отдельно устанавливаемый: на стальной мачте, с лампой мощностью 1000 Вт
ГЭСНм	08	08-03-596	Прожекторы	08-03-596-09	100 шт	Блок прожекторов с лампами мощностью до 1000 Вт, устанавливаемый на стальной: конструкции на крыше здания, количество прожекторов в блоке 2
ГЭСНм	08	08-03-596	Прожекторы	08-03-596-10	100 шт	Блок прожекторов с лампами мощностью до 1000 Вт, устанавливаемый на стальной: конструкции на крыше здания, количество прожекторов в блоке 3
ГЭСНм	08	08-03-596	Прожекторы	08-03-596-11	100 шт	Блок прожекторов с лампами мощностью до 1000 Вт, устанавливаемый на стальной: конструкции на крыше здания, количество прожекторов в блоке 4
ГЭСНм	08	08-03-596	Прожекторы	08-03-596-12	100 шт	Блок прожекторов с лампами мощностью до 1000 Вт, устанавливаемый на стальной: мачте, количество прожекторов в блоке 2
ГЭСНм	08	08-03-596	Прожекторы	08-03-596-13	100 шт	Блок прожекторов с лампами мощностью до 1000 Вт, устанавливаемый на стальной: мачте, количество прожекторов в блоке 3
ГЭСНм	08	08-03-596	Прожекторы	08-03-596-14	100 шт	Блок прожекторов с лампами мощностью до 1000 Вт, устанавливаемый на стальной: мачте, количество прожекторов в блоке 4
ГЭСНм	08	08-03-597	Комплектные осветительные устройства с щелевыми световодами	08-03-597-01	компл	Устройство (КОУ)
ГЭСНм	08	08-03-598	Универсальные сборные электромонтажные конструкции (УСЭК) для светильников	08-03-598-01	т	Конструкция, устанавливаемая на: потолке
ГЭСНм	08	08-03-598	Универсальные сборные электромонтажные конструкции (УСЭК) для светильников	08-03-598-02	т	Конструкция, устанавливаемая на: стене или колонне
ГЭСНм	08	08-03-599	Щитки осветительные	08-03-599-01	шт	Щитки осветительные, устанавливаемые в нише: распорными дюбелями, масса щитка до 6 кг
ГЭСНм	08	08-03-599	Щитки осветительные	08-03-599-02	шт	Щитки осветительные, устанавливаемые в нише: распорными дюбелями, масса щитка свыше 6 до 15 кг
ГЭСНм	08	08-03-599	Щитки осветительные	08-03-599-03	шт	Щитки осветительные, устанавливаемые в нише: распорными дюбелями, масса щитка свыше 15 до 25 кг
ГЭСНм	08	08-03-599	Щитки осветительные	08-03-599-04	шт	Щитки осветительные, устанавливаемые в нише: распорными дюбелями, масса щитка свыше 25 до 50 кг
ГЭСНм	08	08-03-599	Щитки осветительные	08-03-599-05	шт	Щитки осветительные, устанавливаемые в нише: болтами на конструкции, масса щитка до 6 кг
ГЭСНм	08	08-03-599	Щитки осветительные	08-03-599-06	шт	Щитки осветительные, устанавливаемые в нише: болтами на конструкции, масса щитка свыше 6 до 15 кг
ГЭСНм	08	08-03-599	Щитки осветительные	08-03-599-07	шт	Щитки осветительные, устанавливаемые в нише: болтами на конструкции, масса щитка свыше 15 до 25 кг
ГЭСНм	08	08-03-599	Щитки осветительные	08-03-599-08	шт	Щитки осветительные, устанавливаемые в нише: болтами на конструкции, масса щитка свыше 25 до 50 кг
ГЭСНм	08	08-03-599	Щитки осветительные	08-03-599-09	шт	Щитки осветительные, устанавливаемые на стене: распорными дюбелями, масса щитка до 6 кг
ГЭСНм	08	08-03-599	Щитки осветительные	08-03-599-10	шт	Щитки осветительные, устанавливаемые на стене: распорными дюбелями, масса щитка свыше 6 до 15 кг
ГЭСНм	08	08-03-599	Щитки осветительные	08-03-599-11	шт	Щитки осветительные, устанавливаемые на стене: распорными дюбелями, масса щитка свыше 15 до 40 кг
ГЭСНм	08	08-03-599	Щитки осветительные	08-03-599-12	шт	Щитки осветительные, устанавливаемые на стене: болтами на конструкции, масса щитка до 6 кг
ГЭСНм	08	08-03-599	Щитки осветительные	08-03-599-13	шт	Щитки осветительные, устанавливаемые на стене: болтами на конструкции, масса щитка свыше 6 до 15 кг
ГЭСНм	08	08-03-599	Щитки осветительные	08-03-599-14	шт	Щитки осветительные, устанавливаемые на стене: болтами на конструкции, масса щитка свыше 15 до 40 кг
ГЭСНм	08	08-03-600	Счетчики	08-03-600-01	шт	Счетчики, устанавливаемые на готовом основании: однофазные
ГЭСНм	08	08-03-600	Счетчики	08-03-600-02	шт	Счетчики, устанавливаемые на готовом основании: трехфазные
ГЭСНм	08	08-03-601	Щитки лабораторные	08-03-601-01	шт	Щиток лабораторный
ГЭСНм	08	08-03-602	Приборы нагревательные	08-03-602-01	шт	Электрополотенце
ГЭСНм	08	08-03-602	Приборы нагревательные	08-03-602-02	шт	Электроплита
ГЭСНм	08	08-03-602	Приборы нагревательные	08-03-602-03	100 шт	Электрические конвекторы, встраиваемые в конструкцию пола
ГЭСНм	08	08-03-602	Приборы нагревательные	08-03-602-04	10 шт	Электрообогревательные панели мощностью: 0,75 кВт
ГЭСНм	08	08-03-602	Приборы нагревательные	08-03-602-05	10 шт	Электрообогревательные панели мощностью: 1 кВт
ГЭСНм	08	08-03-602	Приборы нагревательные	08-03-602-06	10 шт	Электропечи мощностью: до 1 кВт
ГЭСНм	08	08-03-602	Приборы нагревательные	08-03-602-07	10 шт	Электропечи мощностью: свыше 1 кВт
ГЭСНм	08	08-03-602	Приборы нагревательные	08-03-602-08	10 шт	Обогреватели инфракрасные мощностью: до 2,2 кВт
ГЭСНм	08	08-03-602	Приборы нагревательные	08-03-602-09	10 шт	Обогреватели инфракрасные мощностью: свыше 2,2 до 10 кВт
ГЭСНм	08	08-03-603	Ящики с понижающими трансформаторами	08-03-603-01	шт	Ящик с понижающим трансформатором
ГЭСНм	08	08-03-604	Звонки электрические с кнопкой	08-03-604-01	100 компл	Звонок электрический с кнопкой
ГЭСНм	08	08-03-605	Вентиляторы	08-03-605-01	шт	Вентилятор
ГЭСНм	08	08-03-607	Монтаж изделий автономного пожаротушения с термоактивирующимся микрокапсулированным огнетушащим веществом в шкафах управления и щитах встраиваемого исполнения	08-03-607-01	10 шт	Монтаж изделий автономного пожаротушения с термоактивирующимся микрокапсулированным огнетушащим веществом в шкафах управления и щитах встраиваемого исполнения
ГЭСНм	08	08-03-608	Светильники светодиодные панельные	08-03-608-01	100 шт	Светильник светодиодный панельный, встраиваемый в подвесной потолок плитно-ячеистый, с подключением: соединительными клеммами
ГЭСНм	08	08-03-608	Светильники светодиодные панельные	08-03-608-02	100 шт	Светильник светодиодный панельный, встраиваемый в подвесной потолок плитно-ячеистый, с подключением: к клеммной колодке светильника
ГЭСНм	08	08-03-609	Светильники светодиодные накладные и подвесные	08-03-609-01	100 шт	Светильник светодиодный накладной и подвесной линейный с креплением на: монтажный лоток
ГЭСНм	08	08-03-609	Светильники светодиодные накладные и подвесные	08-03-609-02	100 шт	Светильник светодиодный накладной и подвесной линейный с креплением на: бетонное основание (стена, потолок)
ГЭСНм	08	08-03-609	Светильники светодиодные накладные и подвесные	08-03-609-03	100 шт	Светильник светодиодный накладной и подвесной линейный с креплением на: шпильках
ГЭСНм	08	08-03-609	Светильники светодиодные накладные и подвесные	08-03-609-04	100 шт	Светильник светодиодный накладной и подвесной одиночный с креплением на: бетонное основание (стена, потолок)
ГЭСНм	08	08-03-609	Светильники светодиодные накладные и подвесные	08-03-609-05	100 шт	Светильник светодиодный накладной и подвесной одиночный с креплением на: основание из керамических плиток
ГЭСНм	08	08-03-610	Светильники светодиодные встраиваемые	08-03-610-01	100 шт	Светильник светодиодный точечный встраиваемый в подвесной потолок решетчатого (растрового) типа: квадратный
ГЭСНм	08	08-03-610	Светильники светодиодные встраиваемые	08-03-610-02	100 шт	Светильник светодиодный точечный встраиваемый в подвесной потолок решетчатого (растрового) типа: круглый
ГЭСНм	08	08-03-610	Светильники светодиодные встраиваемые	08-03-610-03	100 шт	Светильник светодиодный точечный встраиваемый в реечный алюминиевый потолок
ГЭСНм	08	08-03-610	Светильники светодиодные встраиваемые	08-03-610-04	100 шт	Светильник светодиодный линейный встраиваемый в несущий профиль эксплуатируемого потолка для чистых помещений
ГЭСНм	10	10-01-014	Кроссы	10-01-014-01	стрейф	Кросс абонентских линий
ГЭСНм	10	10-01-014	Кроссы	10-01-014-02	стрейф	Кросс соединительных линий
ГЭСНм	10	10-02-030	Аппараты телефонные	10-02-030-01	шт	Аппарат телефонный системы ЦБ или АТС: настольный
ГЭСНм	10	10-02-030	Аппараты телефонные	10-02-030-02	шт	Аппарат телефонный системы ЦБ или АТС: настенный
ГЭСНм	10	10-02-030	Аппараты телефонные	10-02-030-03	шт	Таксофон и аппарат телефонный в сырых помещениях
ГЭСНм	10	10-02-030	Аппараты телефонные	10-02-030-04	компл	Сигнализация выносная для телефонных аппаратов, устанавливаемых в шумозащитных кабинах
ГЭСНм	10	10-02-030	Аппараты телефонные	10-02-030-05	компл	Грозозащита для воздушных абонентских линий
ГЭСНм	10	10-08-001	Аппараты приемные	10-08-001-01	шт	Приборы ПС приемно-контрольные, пусковые, концентратор: блок базовый на 10 лучей
ГЭСНм	10	10-08-001	Аппараты приемные	10-08-001-02	шт	Приборы ПС приемно-контрольные, пусковые, концентратор: блок базовый на 20 лучей
ГЭСНм	10	10-08-001	Аппараты приемные	10-08-001-03	10 лучей	Приборы ПС приемно-контрольные, пусковые, концентратор: блок линейный
ГЭСНм	10	10-08-001	Аппараты приемные	10-08-001-04	шт	Приборы ПС на: 4 луча
ГЭСНм	10	10-08-001	Аппараты приемные	10-08-001-05	шт	Приборы ПС на: 1 луч
ГЭСНм	10	10-08-001	Аппараты приемные	10-08-001-06	шт	Приборы приемно-контрольные сигнальные, концентратор: блок базовый на 10 лучей
ГЭСНм	10	10-08-001	Аппараты приемные	10-08-001-07	10 лучей	Приборы приемно-контрольные сигнальные, концентратор: блок линейный
ГЭСНм	10	10-08-001	Аппараты приемные	10-08-001-08	шт	Прибор ОПС на 4 луча
ГЭСНм	10	10-08-001	Аппараты приемные	10-08-001-09	шт	Приборы приемно-контрольные объектовые на: 2 луча
ГЭСНм	10	10-08-001	Аппараты приемные	10-08-001-10	шт	Приборы приемно-контрольные объектовые на: 1 луч
ГЭСНм	10	10-08-001	Аппараты приемные	10-08-001-11	шт	Устройства промежуточные на количество лучей: 10
ГЭСНм	10	10-08-001	Аппараты приемные	10-08-001-12	шт	Устройства промежуточные на количество лучей: 5
ГЭСНм	10	10-08-001	Аппараты приемные	10-08-001-13	шт	Устройства промежуточные на количество лучей: 1
ГЭСНм	10	10-08-002	Извещатели	10-08-002-01	шт	Извещатель ПС автоматический: тепловой электро-контактный, магнитоконтактный в нормальном исполнении
ГЭСНм	10	10-08-002	Извещатели	10-08-002-02	шт	Извещатель ПС автоматический: дымовой, фотоэлектрический, радиоизотопный, световой в нормальном исполнении
ГЭСНм	10	10-08-002	Извещатели	10-08-002-03	шт	Извещатель ПС автоматический: тепловой, дымовой, световой во взрывозащищенном исполнении
ГЭСНм	10	10-08-002	Извещатели	10-08-002-04	шт	Извещатель ОС автоматический: контактный, магнитоконтактный на открывание окон, дверей
ГЭСНм	10	10-08-002	Извещатели	10-08-002-05	шт	Извещатель ОС автоматический: ударно-контактный, бесконтактный электромагнитный или пьезоэлектрический, устанавливаемый на стекле
ГЭСНм	10	10-08-002	Извещатели	10-08-002-06	шт	Конструкция для установки извещателя
ГЭСНм	10	10-08-003	Приборы и устройства сигнализирующие объектовые	10-08-003-01	шт	Прибор сигнализирующий емкостной
ГЭСНм	10	10-08-003	Приборы и устройства сигнализирующие объектовые	10-08-003-02	шт	Устройство ультразвуковое,: прибор ультразвуковой в одноблочном исполнении
ГЭСНм	10	10-08-003	Приборы и устройства сигнализирующие объектовые	10-08-003-03	шт	Устройство ультразвуковое,: блок питания и контроля
ГЭСНм	10	10-08-003	Приборы и устройства сигнализирующие объектовые	10-08-003-04	шт	Устройство ультразвуковое,: преобразователь (излучатель или приемник)
ГЭСНм	10	10-08-003	Приборы и устройства сигнализирующие объектовые	10-08-003-05	шт	Устройство оптико-(фото)электрическое,: прибор оптико-электрический в одноблочном исполнении
ГЭСНм	10	10-08-003	Приборы и устройства сигнализирующие объектовые	10-08-003-06	шт	Устройство оптико-(фото)электрическое,: блок питания и контроля
ГЭСНм	10	10-08-003	Приборы и устройства сигнализирующие объектовые	10-08-003-07	компл	Устройство оптико-(фото)электрическое,: комплект преобразователей (излучатель, фотоприемник)
ГЭСНм	10	10-08-003	Приборы и устройства сигнализирующие объектовые	10-08-003-08	шт	Устройство оптико-(фото)электрическое,: отражатель неподвижный
ГЭСНм	10	10-08-003	Приборы и устройства сигнализирующие объектовые	10-08-003-09	шт	Устройство оптико-(фото)электрическое,: отражатель регулируемый
ГЭСНм	10	10-08-004	Блокировка поверхностей проводом, фольгой	10-08-004-01	100 м	Блокировка стеклянных окон, дверей, витрин проводом или фольгой
ГЭСНм	10	10-08-004	Блокировка поверхностей проводом, фольгой	10-08-004-02	м2	Блокировка поверхностей проводом, фольгой строительных конструкций на пролом: дверей, перегородок
ГЭСНм	10	10-08-004	Блокировка поверхностей проводом, фольгой	10-08-004-03	м2	Блокировка поверхностей проводом, фольгой строительных конструкций на пролом: потолков
ГЭСНм	10	10-08-004	Блокировка поверхностей проводом, фольгой	10-08-004-04	м2	Блокировка металлических решеток
ГЭСНм	10	10-08-005	Провода при открытой проводке для систем ОПС	10-08-005-01	100 м	Провод двух- и трехжильный с разделительным основанием по стенам и потолкам, прокладываемый по основаниям: деревянным
ГЭСНм	10	10-08-005	Провода при открытой проводке для систем ОПС	10-08-005-02	100 м	Провод двух- и трехжильный с разделительным основанием по стенам и потолкам, прокладываемый по основаниям: кирпичным
ГЭСНм	10	10-08-005	Провода при открытой проводке для систем ОПС	10-08-005-03	100 м	Провод двух- и трехжильный с разделительным основанием по стенам и потолкам, прокладываемый по основаниям: бетонным и металлическим
ГЭСНм	10	10-08-005	Провода при открытой проводке для систем ОПС	10-08-005-04	м	Линия (скрутка) из 2-3 одножильных проводов по любому основанию
ГЭСНм	10	10-08-006	Сигнализация вызывная	10-08-006-01	шт	Пульт или табло с количеством сигналов: до 5
ГЭСНм	10	10-08-006	Сигнализация вызывная	10-08-006-02	шт	Пульт или табло с количеством сигналов: свыше 5 до 10
ГЭСНм	10	10-08-006	Сигнализация вызывная	10-08-006-03	шт	Пульт или табло с количеством сигналов: свыше 10 до 15
ГЭСНм	10	10-08-006	Сигнализация вызывная	10-08-006-04	шт	Пульт или табло с количеством сигналов: свыше 15 до 20
ГЭСНм	10	10-08-006	Сигнализация вызывная	10-08-006-05	шт	Пульт или табло с количеством сигналов: свыше 20 до 30
ГЭСНм	10	10-08-015	Электрочасы первичные	10-08-015-01	шт	Часы первичные электрические показывающие кварцевые типа ПКЧЗ-2-РН-Р24-Р6-1
ГЭСНм	10	10-08-016	Электрочасы вторичные для помещений	10-08-016-01	шт	Электрочасы вторичные для помещений односторонние: на стене
ГЭСНм	10	10-08-016	Электрочасы вторичные для помещений	10-08-016-02	шт	Электрочасы вторичные для помещений односторонние: на стене с установкой кронштейна на бетонной стене
ГЭСНм	10	10-08-016	Электрочасы вторичные для помещений	10-08-016-03	шт	Электрочасы вторичные для помещений односторонние: на кронштейне с установкой кронштейна на металлоконструкции
ГЭСНм	10	10-08-016	Электрочасы вторичные для помещений	10-08-016-04	шт	Электрочасы вторичные для помещений односторонние: на кронштейне с установкой кронштейна на колонне
ГЭСНм	10	10-08-016	Электрочасы вторичные для помещений	10-08-016-05	шт	Электрочасы вторичные для помещений двусторонние: на кронштейне с установкой кронштейна на бетонной стене
ГЭСНм	10	10-08-016	Электрочасы вторичные для помещений	10-08-016-06	шт	Электрочасы вторичные для помещений двусторонние: на кронштейне с установкой кронштейна на металлической конструкции
ГЭСНм	10	10-08-016	Электрочасы вторичные для помещений	10-08-016-07	шт	Электрочасы вторичные для помещений двусторонние: на кронштейне с установкой кронштейна на колонне
ГЭСНм	10	10-08-017	Электрочасы вторичные уличные	10-08-017-01	шт	Электрочасы вторичные уличные односторонние: на стене
ГЭСНм	10	10-08-017	Электрочасы вторичные уличные	10-08-017-02	шт	Электрочасы вторичные уличные односторонние: на кронштейне с установкой кронштейна на бетонной стене
ГЭСНм	10	10-08-017	Электрочасы вторичные уличные	10-08-017-03	шт	Электрочасы вторичные уличные односторонние: на кронштейне с установкой кронштейна на металлической конструкции
ГЭСНм	10	10-08-017	Электрочасы вторичные уличные	10-08-017-04	шт	Электрочасы вторичные уличные односторонние: на кронштейне с установкой кронштейна на колонне
ГЭСНм	10	10-08-017	Электрочасы вторичные уличные	10-08-017-05	шт	Электрочасы вторичные уличные двусторонние: на кронштейне с установкой кронштейна на бетонной колонне
ГЭСНм	10	10-08-017	Электрочасы вторичные уличные	10-08-017-06	шт	Электрочасы вторичные уличные двусторонние: на кронштейне с установкой кронштейна на металлической конструкции
ГЭСНм	10	10-08-017	Электрочасы вторичные уличные	10-08-017-07	шт	Электрочасы вторичные уличные двусторонние: на кронштейне с установкой кронштейна на колонне
ГЭСНм	10	10-08-018	Электрочасы специальные	10-08-018-01	шт	Часы процедурные физиотерапевтической аппаратуры, тип РВ-1-30
ГЭСНм	10	10-08-018	Электрочасы специальные	10-08-018-02	шт	Механизм часов электровторичных башенных, тип ЭВЧ-15м
ГЭСНм	10	10-08-019	Прочее оборудование электрочасофикации	10-08-019-01	шт	Коробка ответвительная на стене
ГЭСНм	10	10-08-019	Прочее оборудование электрочасофикации	10-08-019-02	шт	Реле трансляции минутных импульсов на стене
ГЭСНм	10	10-08-019	Прочее оборудование электрочасофикации	10-08-019-03	шт	Секундомер электронный с таймерным выходом, тип СТЦ-1
ГЭСНм	10	10-08-019	Прочее оборудование электрочасофикации	10-08-019-04	шт	Реле времени программное, тип 2РВМ
ГЭСНм	10	10-08-020	Часы электронные	10-08-020-01	шт	Часы цифровые электронные подвесные
ГЭСНм	10	10-09-001	Аппаратура телевизионная	10-09-001-01	компл	Аппаратура телевизионная прикладная для дефектоскопии с 1 камерой
ГЭСНм	10	10-09-001	Аппаратура телевизионная	10-09-001-02	компл	Аппаратура телевизионная с 1 малогабаритной беструбочной камерой
ГЭСНм	10	10-10-001	Камеры видеонаблюдения	10-10-001-01	10 шт	Камеры видеонаблюдения: внутренняя
ГЭСНм	10	10-10-001	Камеры видеонаблюдения	10-10-001-02	10 шт	Камеры видеонаблюдения: наружная
ГЭСНм	10	10-10-007	Монтаж домофона, видеодомофона в одном подъезде	10-10-007-01	10 шт	Монтаж домофона
ГЭСНм	10	10-10-007	Монтаж домофона, видеодомофона в одном подъезде	10-10-007-02	10 шт	Монтаж видеодомофона
ГЭСНм	10	10-10-007	Монтаж домофона, видеодомофона в одном подъезде	10-10-007-03	10 шт	Монтаж блока вызова
ГЭСНм	10	10-10-011	Оборудование системы видеонаблюдения	10-10-011-01	10 шт	Установка: блока контроля датчиков
ГЭСНм	10	10-10-011	Оборудование системы видеонаблюдения	10-10-011-02	10 шт	Установка: регистратора домового
ГЭСНм	11	11-01-001	Конструкции для установки приборов	11-01-001-01	шт	Конструкции для установки приборов, масса: до 1 кг
ГЭСНм	11	11-01-001	Конструкции для установки приборов	11-01-001-02	шт	Конструкции для установки приборов, масса: до 2 кг
ГЭСНм	11	11-01-001	Конструкции для установки приборов	11-01-001-03	шт	Конструкции для установки приборов, масса: до 3 кг
ГЭСНм	11	11-01-001	Конструкции для установки приборов	11-01-001-04	шт	Конструкции для установки приборов, масса: до 5 кг
ГЭСНм	11	11-01-001	Конструкции для установки приборов	11-01-001-05	шт	Конструкции для установки приборов, масса: до 10 кг
ГЭСНм	11	11-01-001	Конструкции для установки приборов	11-01-001-06	шт	Конструкции для установки приборов, масса: до 25 кг
ГЭСНм	11	11-01-001	Конструкции для установки приборов	11-01-001-07	шт	Конструкции для установки приборов, масса: до 40 кг
ГЭСНм	11	11-01-001	Конструкции для установки приборов	11-01-001-08	10 кг	Добавлять за каждые 10 кг свыше 40 кг
ГЭСНм	11	11-01-002	Конструкции для установки исполнительных механизмов	11-01-002-01	шт	Конструкции для установки исполнительных механизмов, устанавливаемые: на стене, масса до 20 кг
ГЭСНм	11	11-01-002	Конструкции для установки исполнительных механизмов	11-01-002-02	шт	Конструкции для установки исполнительных механизмов, устанавливаемые: на стене, масса до 25 кг
ГЭСНм	11	11-01-002	Конструкции для установки исполнительных механизмов	11-01-002-03	шт	Конструкции для установки исполнительных механизмов, устанавливаемые: на стене, масса до 35 кг
ГЭСНм	11	11-01-002	Конструкции для установки исполнительных механизмов	11-01-002-04	шт	Конструкции для установки исполнительных механизмов, устанавливаемые: на полу, масса до 20 кг
ГЭСНм	11	11-01-002	Конструкции для установки исполнительных механизмов	11-01-002-05	шт	Конструкции для установки исполнительных механизмов, устанавливаемые: на полу, масса до 25 кг
ГЭСНм	11	11-01-002	Конструкции для установки исполнительных механизмов	11-01-002-06	шт	Конструкции для установки исполнительных механизмов, устанавливаемые: на полу, масса до 35 кг
ГЭСНм	11	11-02-001	Приборы, устанавливаемые на резьбовых соединениях	11-02-001-01	шт	Прибор, устанавливаемый на резьбовых соединениях, масса: до 1,5 кг
ГЭСНм	11	11-02-001	Приборы, устанавливаемые на резьбовых соединениях	11-02-001-02	шт	Прибор, устанавливаемый на резьбовых соединениях, масса: до 5 кг
ГЭСНм	11	11-02-001	Приборы, устанавливаемые на резьбовых соединениях	11-02-001-03	шт	Прибор, устанавливаемый на резьбовых соединениях, масса: до 10 кг
ГЭСНм	11	11-02-002	Приборы, устанавливаемые на фланцевых соединениях	11-02-002-01	шт	Прибор, устанавливаемый на фланцевых соединениях, масса: до 1,5 кг
ГЭСНм	11	11-02-002	Приборы, устанавливаемые на фланцевых соединениях	11-02-002-02	шт	Прибор, устанавливаемый на фланцевых соединениях, масса: до 5 кг
ГЭСНм	11	11-02-002	Приборы, устанавливаемые на фланцевых соединениях	11-02-002-03	шт	Прибор, устанавливаемый на фланцевых соединениях, масса: до 10 кг
ГЭСНм	11	11-02-003	Система измерения уровня топлива на АЗС с контроллером	11-02-003-01	шт	Система измерения уровня топлива на АЗС с контроллером на пять зондов
ГЭСНм	11	11-02-003	Система измерения уровня топлива на АЗС с контроллером	11-02-003-02	шт	На каждый последующий зонд добавлять или исключать к норме 11-02-003-01
ГЭСНм	11	11-02-004	Преобразователи электрические многозонные	11-02-004-01	шт	Преобразователь электрический многозонный
ГЭСНм	11	11-02-012	Сужающие устройства расходомеров	11-02-012-01	шт	Сужающие устройства расходомеров, диафрагма: камерная, диаметр условного прохода до 125 мм
ГЭСНм	11	11-02-012	Сужающие устройства расходомеров	11-02-012-02	шт	Сужающие устройства расходомеров, диафрагма: камерная, диаметр условного прохода до 200 мм
ГЭСНм	11	11-02-012	Сужающие устройства расходомеров	11-02-012-03	шт	Сужающие устройства расходомеров, диафрагма: камерная, диаметр условного прохода до 500 мм
ГЭСНм	11	11-02-012	Сужающие устройства расходомеров	11-02-012-04	шт	Сужающие устройства расходомеров, диафрагма: бескамерная, диаметр условного прохода до 1000 мм
ГЭСНм	11	11-02-012	Сужающие устройства расходомеров	11-02-012-05	шт	Сужающие устройства расходомеров, диафрагма: бескамерная, диаметр условного прохода до 1600 мм
ГЭСНм	11	11-02-022	Приборы, показывающие первичные (проточные) преобразователи, монтируемые на технологическом трубопроводе	11-02-022-01	шт	Ротаметр показывающий, диаметр условного прохода до 10 мм; счетчик, диаметр условного прохода до 40 мм, устанавливаемые на резьбовых (муфтовых) соединениях
ГЭСНм	11	11-02-022	Приборы, показывающие первичные (проточные) преобразователи, монтируемые на технологическом трубопроводе	11-02-022-02	шт	Ротаметр, счетчик, преобразователь, устанавливаемые на фланцевых соединениях, диаметр условного прохода: до 20 мм
ГЭСНм	11	11-02-022	Приборы, показывающие первичные (проточные) преобразователи, монтируемые на технологическом трубопроводе	11-02-022-03	шт	Ротаметр, счетчик, преобразователь, устанавливаемые на фланцевых соединениях, диаметр условного прохода: до 32 мм
ГЭСНм	11	11-02-022	Приборы, показывающие первичные (проточные) преобразователи, монтируемые на технологическом трубопроводе	11-02-022-04	шт	Ротаметр, счетчик, преобразователь, устанавливаемые на фланцевых соединениях, диаметр условного прохода: до 50 мм
ГЭСНм	11	11-02-022	Приборы, показывающие первичные (проточные) преобразователи, монтируемые на технологическом трубопроводе	11-02-022-05	шт	Ротаметр, счетчик, преобразователь, устанавливаемые на фланцевых соединениях, диаметр условного прохода: до 80 мм
ГЭСНм	11	11-02-022	Приборы, показывающие первичные (проточные) преобразователи, монтируемые на технологическом трубопроводе	11-02-022-06	шт	Ротаметр, счетчик, преобразователь, устанавливаемые на фланцевых соединениях, диаметр условного прохода: до 120 мм
ГЭСНм	11	11-02-022	Приборы, показывающие первичные (проточные) преобразователи, монтируемые на технологическом трубопроводе	11-02-022-07	шт	Ротаметр, счетчик, преобразователь, устанавливаемые на фланцевых соединениях, диаметр условного прохода: до 150 мм
ГЭСНм	11	11-02-022	Приборы, показывающие первичные (проточные) преобразователи, монтируемые на технологическом трубопроводе	11-02-022-08	шт	Ротаметр, счетчик, преобразователь, устанавливаемые на фланцевых соединениях, диаметр условного прохода: до 200 мм
ГЭСНм	11	11-02-022	Приборы, показывающие первичные (проточные) преобразователи, монтируемые на технологическом трубопроводе	11-02-022-09	шт	Ротаметр, счетчик, преобразователь, устанавливаемые на фланцевых соединениях, диаметр условного прохода: до 250 мм
ГЭСНм	11	11-02-022	Приборы, показывающие первичные (проточные) преобразователи, монтируемые на технологическом трубопроводе	11-02-022-10	шт	Ротаметр, счетчик, преобразователь, устанавливаемые на фланцевых соединениях, диаметр условного прохода: до 300 мм
ГЭСНм	11	11-02-022	Приборы, показывающие первичные (проточные) преобразователи, монтируемые на технологическом трубопроводе	11-02-022-11	шт	Ротаметр, счетчик, преобразователь, устанавливаемые на фланцевых соединениях, диаметр условного прохода: до 350 мм
ГЭСНм	11	11-02-022	Приборы, показывающие первичные (проточные) преобразователи, монтируемые на технологическом трубопроводе	11-02-022-12	шт	Ротаметр, счетчик, преобразователь, устанавливаемые на фланцевых соединениях, диаметр условного прохода: до 400 мм
ГЭСНм	11	11-02-022	Приборы, показывающие первичные (проточные) преобразователи, монтируемые на технологическом трубопроводе	11-02-022-13	шт	Ротаметр, счетчик, преобразователь, устанавливаемые на фланцевых соединениях, диаметр условного прохода: до 450 мм
ГЭСНм	11	11-02-022	Приборы, показывающие первичные (проточные) преобразователи, монтируемые на технологическом трубопроводе	11-02-022-14	шт	Ротаметр, счетчик, преобразователь, устанавливаемые на фланцевых соединениях, диаметр условного прохода: до 500 мм
ГЭСНм	11	11-02-032	Первичные преобразователи уровнемеров	11-02-032-01	шт	Первичный преобразователь уровнемер, устанавливаемый на резервуаре, работающем: при атмосферном давлении, масса до 10 кг
ГЭСНм	11	11-02-032	Первичные преобразователи уровнемеров	11-02-032-02	шт	Первичный преобразователь уровнемер, устанавливаемый на резервуаре, работающем: при атмосферном давлении, масса до 20 кг
ГЭСНм	11	11-02-032	Первичные преобразователи уровнемеров	11-02-032-03	шт	Первичный преобразователь уровнемер, устанавливаемый на резервуаре, работающем: при атмосферном давлении, масса до 40 кг
ГЭСНм	11	11-02-032	Первичные преобразователи уровнемеров	11-02-032-04	шт	Первичный преобразователь уровнемер, устанавливаемый на резервуаре, работающем: под давлением до 4 МПа
ГЭСНм	11	11-02-032	Первичные преобразователи уровнемеров	11-02-032-05	шт	Первичный преобразователь уровнемер, устанавливаемый на резервуаре, работающем: под давлением до 6,3 МПа
ГЭСНм	11	11-02-032	Первичные преобразователи уровнемеров	11-02-032-06	шт	Первичный преобразователь уровнемер, устанавливаемый на резервуаре, работающем: под давлением до 20 МПа
ГЭСНм	11	11-02-033	Уровнемер поплавковый	11-02-033-01	компл	Уровнемер поплавковый с мерной лентой (типа УДУ) для резервуаров: наземных
ГЭСНм	11	11-02-033	Уровнемер поплавковый	11-02-033-02	компл	Уровнемер поплавковый с мерной лентой (типа УДУ) для резервуаров: подземных
ГЭСНм	11	11-02-034	Электродница	11-02-034-01	100 шт	Электродница
ГЭСНм	11	11-02-042	Клапаны и заслонки с рычажным приводом	11-02-042-01	шт	Клапан с рычажным приводом регулирующий, диаметр условного прохода: 10 мм
ГЭСНм	11	11-02-042	Клапаны и заслонки с рычажным приводом	11-02-042-02	шт	Клапан с рычажным приводом регулирующий, диаметр условного прохода: 15; 20 мм
ГЭСНм	11	11-02-042	Клапаны и заслонки с рычажным приводом	11-02-042-03	шт	Клапан с рычажным приводом регулирующий, диаметр условного прохода: 25; 32 мм
ГЭСНм	11	11-02-042	Клапаны и заслонки с рычажным приводом	11-02-042-04	шт	Клапан с рычажным приводом регулирующий, диаметр условного прохода: 40; 50 мм
ГЭСНм	11	11-02-042	Клапаны и заслонки с рычажным приводом	11-02-042-05	шт	Клапан с рычажным приводом регулирующий, диаметр условного прохода: 65; 80 мм
ГЭСНм	11	11-02-042	Клапаны и заслонки с рычажным приводом	11-02-042-06	шт	Клапан с рычажным приводом регулирующий, диаметр условного прохода: 100; 125 мм
ГЭСНм	11	11-02-042	Клапаны и заслонки с рычажным приводом	11-02-042-07	шт	Клапан с рычажным приводом регулирующий, диаметр условного прохода: 150; 175 мм
ГЭСНм	11	11-02-042	Клапаны и заслонки с рычажным приводом	11-02-042-08	шт	Клапан с рычажным приводом регулирующий, диаметр условного прохода: 200; 225 мм
ГЭСНм	11	11-02-042	Клапаны и заслонки с рычажным приводом	11-02-042-09	шт	Клапан с рычажным приводом регулирующий, диаметр условного прохода: 250 мм
ГЭСНм	11	11-02-042	Клапаны и заслонки с рычажным приводом	11-02-042-10	шт	Клапан с рычажным приводом регулирующий, диаметр условного прохода: 300 мм
ГЭСНм	11	11-02-042	Клапаны и заслонки с рычажным приводом	11-02-042-11	шт	Клапан с рычажным приводом регулирующий, диаметр условного прохода: 500 мм
ГЭСНм	11	11-02-042	Клапаны и заслонки с рычажным приводом	11-02-042-12	шт	Заслонка с рычажным приводом, диаметр условного прохода: 30 мм
ГЭСНм	11	11-02-042	Клапаны и заслонки с рычажным приводом	11-02-042-13	шт	Заслонка с рычажным приводом, диаметр условного прохода: 40 мм
ГЭСНм	11	11-02-042	Клапаны и заслонки с рычажным приводом	11-02-042-14	шт	Заслонка с рычажным приводом, диаметр условного прохода: 50 мм
ГЭСНм	11	11-02-042	Клапаны и заслонки с рычажным приводом	11-02-042-15	шт	Заслонка с рычажным приводом, диаметр условного прохода: 60 мм
ГЭСНм	11	11-02-042	Клапаны и заслонки с рычажным приводом	11-02-042-16	шт	Заслонка с рычажным приводом, диаметр условного прохода: 70 мм
ГЭСНм	11	11-02-042	Клапаны и заслонки с рычажным приводом	11-02-042-17	шт	Заслонка с рычажным приводом, диаметр условного прохода: 80 мм
ГЭСНм	11	11-02-042	Клапаны и заслонки с рычажным приводом	11-02-042-18	шт	Заслонка с рычажным приводом, диаметр условного прохода: 90 мм
ГЭСНм	11	11-02-043	Приборы для измерения и регулирования уровня	11-02-043-01	100 компл	Приборы для измерения и регулирования уровня: реле РМ-51 (ДПЭ-3)
ГЭСНм	11	11-03-001	Приборы, устанавливаемые на металлоконструкциях, щитах и пультах	11-03-001-01	шт	Приборы, устанавливаемые на металлоконструкциях, щитах и пультах, масса: до 5 кг
ГЭСНм	11	11-03-001	Приборы, устанавливаемые на металлоконструкциях, щитах и пультах	11-03-001-02	шт	Приборы, устанавливаемые на металлоконструкциях, щитах и пультах, масса: до 10 кг
ГЭСНм	11	11-03-001	Приборы, устанавливаемые на металлоконструкциях, щитах и пультах	11-03-001-03	5 кг	Добавлять за каждые 5 кг свыше 10 кг
ГЭСНм	11	11-03-011	Приборы для анализа физико-химического состава вещества	11-03-011-01	компл	Прибор для анализа физико-химического состава вещества, категория сложности: I
ГЭСНм	11	11-03-011	Приборы для анализа физико-химического состава вещества	11-03-011-02	компл	Прибор для анализа физико-химического состава вещества, категория сложности: II
ГЭСНм	11	11-03-011	Приборы для анализа физико-химического состава вещества	11-03-011-03	компл	Прибор для анализа физико-химического состава вещества, категория сложности: III
ГЭСНм	11	11-04-001	Рамы под аппаратуру	11-04-001-01	шт	Рама под аппаратуру, площадь основания оборудования: до 0,25 м2
ГЭСНм	11	11-04-001	Рамы под аппаратуру	11-04-001-02	шт	Рама под аппаратуру, площадь основания оборудования: свыше 0,25 до 0,5 м2
ГЭСНм	11	11-04-001	Рамы под аппаратуру	11-04-001-03	шт	Рама под аппаратуру, площадь основания оборудования: свыше 0,5 до 0,75 м2
ГЭСНм	11	11-04-001	Рамы под аппаратуру	11-04-001-04	шт	Рама под аппаратуру, площадь основания оборудования: свыше 0,75 до 1 м2
ГЭСНм	11	11-04-001	Рамы под аппаратуру	11-04-001-05	шт	Рама под аппаратуру, площадь основания оборудования: свыше 1 до 1,5 м2
ГЭСНм	11	11-04-001	Рамы под аппаратуру	11-04-001-06	шт	Рама под аппаратуру, площадь основания оборудования: свыше 1,5 до 2 м2
ГЭСНм	11	11-04-001	Рамы под аппаратуру	11-04-001-07	шт	Рама под аппаратуру, площадь основания оборудования: свыше 2 до 2,5 м2
ГЭСНм	11	11-04-002	Аппаратура настольная	11-04-002-01	шт	Аппарат настольный, масса: до 0,015 т
ГЭСНм	11	11-04-002	Аппаратура настольная	11-04-002-02	шт	Аппарат настольный, масса: до 0,03 т
ГЭСНм	11	11-04-002	Аппаратура настольная	11-04-002-03	шт	Аппарат настольный, масса: до 0,06 т
ГЭСНм	11	11-04-002	Аппаратура настольная	11-04-002-04	шт	Аппарат настольный, масса: до 0,1 т
ГЭСНм	11	11-04-003	Аппаратура напольная	11-04-003-01	шт	Аппарат напольный, масса: до 0,2 т
ГЭСНм	11	11-04-003	Аппаратура напольная	11-04-003-02	шт	Аппарат напольный, масса: до 0,3 т
ГЭСНм	11	11-04-003	Аппаратура напольная	11-04-003-03	шт	Аппарат напольный, масса: до 0,5 т
ГЭСНм	11	11-04-003	Аппаратура напольная	11-04-003-04	шт	Аппарат напольный, масса: до 0,8 т
ГЭСНм	11	11-04-003	Аппаратура напольная	11-04-003-05	шт	Аппарат напольный, масса: до 2 т
ГЭСНм	11	11-04-004	Аппаратура настенная	11-04-004-01	шт	Аппарат настенный, масса от 0,15 т до 0,2 т
ГЭСНм	11	11-04-005	Пульты и рабочие места	11-04-005-01	шт	Пульт, рабочее место, масса: до 0,3 т
ГЭСНм	11	11-04-005	Пульты и рабочие места	11-04-005-02	шт	Пульт, рабочее место, масса: свыше 0,3 до 0,5 т
ГЭСНм	11	11-04-005	Пульты и рабочие места	11-04-005-03	шт	Пульт, рабочее место, масса: свыше 0,5 до 0,8 т
ГЭСНм	11	11-04-006	Табло с электронно-лучевыми трубками	11-04-006-01	шт	Табло с электронно-лучевыми трубками, количество трубок: до 4
ГЭСНм	11	11-04-006	Табло с электронно-лучевыми трубками	11-04-006-02	шт	Табло с электронно-лучевыми трубками, количество трубок: свыше 4 до 6
ГЭСНм	11	11-04-006	Табло с электронно-лучевыми трубками	11-04-006-03	шт	Табло с электронно-лучевыми трубками, количество трубок: свыше 6 до 8
ГЭСНм	11	11-04-007	Экраны	11-04-007-01	шт	Экран проекционный с алюминированным полотном, размер: 4х4 м
ГЭСНм	11	11-04-007	Экраны	11-04-007-02	шт	Экран проекционный с алюминированным полотном, размер: 4х8 м
ГЭСНм	11	11-04-007	Экраны	11-04-007-03	шт	Экран-табло отображения цифровой информации с люминесцентным подсветом до 500 знакомест
ГЭСНм	11	11-04-007	Экраны	11-04-007-04	100 шт	Проектор информационный с поворотной плитой
ГЭСНм	11	11-04-007	Экраны	11-04-007-05	100 шт	Устройство управления с пишущим механизмом проектора, отдельно устанавливаемое
ГЭСНм	11	11-04-007	Экраны	11-04-007-06	100 шт	Блок питания проектора стабилизированный, отдельно устанавливаемый
ГЭСНм	11	11-04-008	Съемные и выдвижные блоки (модули, ячейки, ТЭЗ)	11-04-008-01	шт	Съемные и выдвижные блоки (модули, ячейки, ТЭЗ), масса: до 5 кг
ГЭСНм	11	11-04-008	Съемные и выдвижные блоки (модули, ячейки, ТЭЗ)	11-04-008-02	шт	Съемные и выдвижные блоки (модули, ячейки, ТЭЗ), масса: до 10 кг
ГЭСНм	11	11-04-008	Съемные и выдвижные блоки (модули, ячейки, ТЭЗ)	11-04-008-03	шт	Съемные и выдвижные блоки (модули, ячейки, ТЭЗ), масса: до 20 кг
ГЭСНм	11	11-04-008	Съемные и выдвижные блоки (модули, ячейки, ТЭЗ)	11-04-008-04	шт	Съемные и выдвижные блоки (модули, ячейки, ТЭЗ), масса: до 30 кг
ГЭСНм	11	11-04-008	Съемные и выдвижные блоки (модули, ячейки, ТЭЗ)	11-04-008-05	шт	Съемные и выдвижные блоки (модули, ячейки, ТЭЗ), масса: до 50 кг
ГЭСНм	11	11-04-008	Съемные и выдвижные блоки (модули, ячейки, ТЭЗ)	11-04-008-06	шт	Съемные и выдвижные блоки (модули, ячейки, ТЭЗ), масса: до 75 кг
ГЭСНм	11	11-04-008	Съемные и выдвижные блоки (модули, ячейки, ТЭЗ)	11-04-008-07	шт	Съемные и выдвижные блоки (модули, ячейки, ТЭЗ), масса: до 100 кг
ГЭСНм	11	11-04-020	Разъемы штепсельные с разделкой и включением экранированного кабеля	11-04-020-01	шт	Разъемы штепсельные с разделкой и включением экранированного кабеля, сечение жилы до 1 мм2, количество подключаемых жил: 14 шт.
ГЭСНм	11	11-04-020	Разъемы штепсельные с разделкой и включением экранированного кабеля	11-04-020-02	шт	Разъемы штепсельные с разделкой и включением экранированного кабеля, сечение жилы до 1 мм2, количество подключаемых жил: 24 шт.
ГЭСНм	11	11-04-020	Разъемы штепсельные с разделкой и включением экранированного кабеля	11-04-020-03	шт	Разъемы штепсельные с разделкой и включением экранированного кабеля, сечение жилы до 1 мм2, количество подключаемых жил: 37 шт.
ГЭСНм	11	11-04-020	Разъемы штепсельные с разделкой и включением экранированного кабеля	11-04-020-04	шт	Разъемы штепсельные с разделкой и включением экранированного кабеля, сечение жилы до 1 мм2, количество подключаемых жил: 52 шт.
ГЭСНм	11	11-04-020	Разъемы штепсельные с разделкой и включением экранированного кабеля	11-04-020-05	шт	Разъемы штепсельные с разделкой и включением экранированного кабеля, сечение жилы до 1 мм2, количество подключаемых жил: 61 шт.
ГЭСНм	11	11-04-020	Разъемы штепсельные с разделкой и включением экранированного кабеля	11-04-020-06	шт	Разъемы штепсельные с разделкой и включением экранированного кабеля, сечение жилы до 1 мм2, количество подключаемых жил: 91 шт.
ГЭСНм	11	11-04-020	Разъемы штепсельные с разделкой и включением экранированного кабеля	11-04-020-07	шт	Разъемы штепсельные с разделкой и включением экранированного кабеля, сечение жилы до 1 мм2, количество подключаемых жил: 108 шт.
ГЭСНм	11	11-04-021	Кабель экранированный дополнительно подключаемый в штепсельный разъем (к табл. ГЭСНм 11-04-020)	11-04-021-01	шт	Конец экранированного кабеля дополнительно подключаемый в штепсельный разъем (к табл. ГЭСНм 11-04-020), сечение жилы до 1 мм2, количество подключаемых жил: 14 шт.
ГЭСНм	11	11-04-021	Кабель экранированный дополнительно подключаемый в штепсельный разъем (к табл. ГЭСНм 11-04-020)	11-04-021-02	шт	Конец экранированного кабеля дополнительно подключаемый в штепсельный разъем (к табл. ГЭСНм 11-04-020), сечение жилы до 1 мм2, количество подключаемых жил: 24 шт.
ГЭСНм	11	11-04-021	Кабель экранированный дополнительно подключаемый в штепсельный разъем (к табл. ГЭСНм 11-04-020)	11-04-021-03	шт	Конец экранированного кабеля дополнительно подключаемый в штепсельный разъем (к табл. ГЭСНм 11-04-020), сечение жилы до 1 мм2, количество подключаемых жил: 37 шт.
ГЭСНм	11	11-04-021	Кабель экранированный дополнительно подключаемый в штепсельный разъем (к табл. ГЭСНм 11-04-020)	11-04-021-04	шт	Конец экранированного кабеля дополнительно подключаемый в штепсельный разъем (к табл. ГЭСНм 11-04-020), сечение жилы до 1 мм2, количество подключаемых жил: 52 шт.
ГЭСНм	11	11-04-021	Кабель экранированный дополнительно подключаемый в штепсельный разъем (к табл. ГЭСНм 11-04-020)	11-04-021-05	шт	Конец экранированного кабеля дополнительно подключаемый в штепсельный разъем (к табл. ГЭСНм 11-04-020), сечение жилы до 1 мм2, количество подключаемых жил: 61 шт.
ГЭСНм	11	11-04-021	Кабель экранированный дополнительно подключаемый в штепсельный разъем (к табл. ГЭСНм 11-04-020)	11-04-021-06	шт	Конец экранированного кабеля дополнительно подключаемый в штепсельный разъем (к табл. ГЭСНм 11-04-020), сечение жилы до 1 мм2, количество подключаемых жил: 91 шт.
ГЭСНм	11	11-04-021	Кабель экранированный дополнительно подключаемый в штепсельный разъем (к табл. ГЭСНм 11-04-020)	11-04-021-07	шт	Конец экранированного кабеля дополнительно подключаемый в штепсельный разъем (к табл. ГЭСНм 11-04-020), сечение жилы до 1 мм2, количество подключаемых жил: 108 шт.
ГЭСНм	11	11-04-022	Разъемы штепсельные с разделкой кабеля с экранированными жилами	11-04-022-01	шт	Разъемы штепсельные с разделкой кабеля с экранированными жилами, сечение жилы до 1 мм2, количество подключаемых жил: 14 шт.
ГЭСНм	11	11-04-022	Разъемы штепсельные с разделкой кабеля с экранированными жилами	11-04-022-02	шт	Разъемы штепсельные с разделкой кабеля с экранированными жилами, сечение жилы до 1 мм2, количество подключаемых жил: 24 шт.
ГЭСНм	11	11-04-022	Разъемы штепсельные с разделкой кабеля с экранированными жилами	11-04-022-03	шт	Разъемы штепсельные с разделкой кабеля с экранированными жилами, сечение жилы до 1 мм2, количество подключаемых жил: 37 шт.
ГЭСНм	11	11-04-022	Разъемы штепсельные с разделкой кабеля с экранированными жилами	11-04-022-04	шт	Разъемы штепсельные с разделкой кабеля с экранированными жилами, сечение жилы до 1 мм2, количество подключаемых жил: 52 шт.
ГЭСНм	11	11-04-022	Разъемы штепсельные с разделкой кабеля с экранированными жилами	11-04-022-05	шт	Разъемы штепсельные с разделкой кабеля с экранированными жилами, сечение жилы до 1 мм2, количество подключаемых жил: 61 шт.
ГЭСНм	11	11-04-022	Разъемы штепсельные с разделкой кабеля с экранированными жилами	11-04-022-06	шт	Разъемы штепсельные с разделкой кабеля с экранированными жилами, сечение жилы до 1 мм2, количество подключаемых жил: 91 шт.
ГЭСНм	11	11-04-022	Разъемы штепсельные с разделкой кабеля с экранированными жилами	11-04-022-07	шт	Разъемы штепсельные с разделкой кабеля с экранированными жилами, сечение жилы до 1 мм2, количество подключаемых жил: 108 шт.
ГЭСНм	11	11-04-023	Кабель с экранированными жилами, дополнительно подключаемый в разъем (к табл. ГЭСНм 11-04-022)	11-04-023-01	шт	Конец кабеля с экранированными жилами, дополнительно подключаемый в разъем (к табл. ГЭСНм 11-04-022), сечение жилы до 1 мм2, количество подключаемых жил: 14 шт.
ГЭСНм	11	11-04-023	Кабель с экранированными жилами, дополнительно подключаемый в разъем (к табл. ГЭСНм 11-04-022)	11-04-023-02	шт	Конец кабеля с экранированными жилами, дополнительно подключаемый в разъем (к табл. ГЭСНм 11-04-022), сечение жилы до 1 мм2, количество подключаемых жил: 24 шт.
ГЭСНм	11	11-04-023	Кабель с экранированными жилами, дополнительно подключаемый в разъем (к табл. ГЭСНм 11-04-022)	11-04-023-03	шт	Конец кабеля с экранированными жилами, дополнительно подключаемый в разъем (к табл. ГЭСНм 11-04-022), сечение жилы до 1 мм2, количество подключаемых жил: 37 шт.
ГЭСНм	11	11-04-023	Кабель с экранированными жилами, дополнительно подключаемый в разъем (к табл. ГЭСНм 11-04-022)	11-04-023-04	шт	Конец кабеля с экранированными жилами, дополнительно подключаемый в разъем (к табл. ГЭСНм 11-04-022), сечение жилы до 1 мм2, количество подключаемых жил: 52 шт.
ГЭСНм	11	11-04-023	Кабель с экранированными жилами, дополнительно подключаемый в разъем (к табл. ГЭСНм 11-04-022)	11-04-023-05	шт	Конец кабеля с экранированными жилами, дополнительно подключаемый в разъем (к табл. ГЭСНм 11-04-022), сечение жилы до 1 мм2, количество подключаемых жил: 61 шт.
ГЭСНм	11	11-04-023	Кабель с экранированными жилами, дополнительно подключаемый в разъем (к табл. ГЭСНм 11-04-022)	11-04-023-06	шт	Конец кабеля с экранированными жилами, дополнительно подключаемый в разъем (к табл. ГЭСНм 11-04-022), сечение жилы до 1 мм2, количество подключаемых жил: 91 шт.
ГЭСНм	11	11-04-023	Кабель с экранированными жилами, дополнительно подключаемый в разъем (к табл. ГЭСНм 11-04-022)	11-04-023-07	шт	Конец кабеля с экранированными жилами, дополнительно подключаемый в разъем (к табл. ГЭСНм 11-04-022), сечение жилы до 1 мм2, количество подключаемых жил: 108 шт.
ГЭСНм	11	11-04-024	Разъемы штепсельные с разделкой и включением экранированного кабеля с экранированными жилами	11-04-024-01	шт	Разъемы штепсельные с разделкой и включением экранированного кабеля с экранированными жилами, сечение жилы до 1 мм2, количество подключаемых жил: 14 шт.
ГЭСНм	11	11-04-024	Разъемы штепсельные с разделкой и включением экранированного кабеля с экранированными жилами	11-04-024-02	шт	Разъемы штепсельные с разделкой и включением экранированного кабеля с экранированными жилами, сечение жилы до 1 мм2, количество подключаемых жил: 24 шт.
ГЭСНм	11	11-04-024	Разъемы штепсельные с разделкой и включением экранированного кабеля с экранированными жилами	11-04-024-03	шт	Разъемы штепсельные с разделкой и включением экранированного кабеля с экранированными жилами, сечение жилы до 1 мм2, количество подключаемых жил: 37 шт.
ГЭСНм	11	11-04-024	Разъемы штепсельные с разделкой и включением экранированного кабеля с экранированными жилами	11-04-024-04	шт	Разъемы штепсельные с разделкой и включением экранированного кабеля с экранированными жилами, сечение жилы до 1 мм2, количество подключаемых жил: 52 шт.
ГЭСНм	11	11-04-024	Разъемы штепсельные с разделкой и включением экранированного кабеля с экранированными жилами	11-04-024-05	шт	Разъемы штепсельные с разделкой и включением экранированного кабеля с экранированными жилами, сечение жилы до 1 мм2, количество подключаемых жил: 61 шт.
ГЭСНм	11	11-04-024	Разъемы штепсельные с разделкой и включением экранированного кабеля с экранированными жилами	11-04-024-06	шт	Разъемы штепсельные с разделкой и включением экранированного кабеля с экранированными жилами, сечение жилы до 1 мм2, количество подключаемых жил: 91 шт.
ГЭСНм	11	11-04-024	Разъемы штепсельные с разделкой и включением экранированного кабеля с экранированными жилами	11-04-024-07	шт	Разъемы штепсельные с разделкой и включением экранированного кабеля с экранированными жилами, сечение жилы до 1 мм2, количество подключаемых жил: 108 шт.
ГЭСНм	11	11-04-025	Кабель экранированный с экранированными жилами, дополнительно подключаемый в разъем (к табл. ГЭСНм 11-04-024)	11-04-025-01	шт	Конец экранированного кабеля с экранированными жилами, дополнительно подключаемый в разъем (к табл. ГЭСНм 11-04-024), сечение жилы до 1 мм2, количество подключаемых жил: 14 шт.
ГЭСНм	11	11-04-025	Кабель экранированный с экранированными жилами, дополнительно подключаемый в разъем (к табл. ГЭСНм 11-04-024)	11-04-025-02	шт	Конец экранированного кабеля с экранированными жилами, дополнительно подключаемый в разъем (к табл. ГЭСНм 11-04-024), сечение жилы до 1 мм2, количество подключаемых жил: 24 шт.
ГЭСНм	11	11-04-025	Кабель экранированный с экранированными жилами, дополнительно подключаемый в разъем (к табл. ГЭСНм 11-04-024)	11-04-025-03	шт	Конец экранированного кабеля с экранированными жилами, дополнительно подключаемый в разъем (к табл. ГЭСНм 11-04-024), сечение жилы до 1 мм2, количество подключаемых жил: 37 шт.
ГЭСНм	11	11-04-025	Кабель экранированный с экранированными жилами, дополнительно подключаемый в разъем (к табл. ГЭСНм 11-04-024)	11-04-025-04	шт	Конец экранированного кабеля с экранированными жилами, дополнительно подключаемый в разъем (к табл. ГЭСНм 11-04-024), сечение жилы до 1 мм2, количество подключаемых жил: 52 шт.
ГЭСНм	11	11-04-025	Кабель экранированный с экранированными жилами, дополнительно подключаемый в разъем (к табл. ГЭСНм 11-04-024)	11-04-025-05	шт	Конец экранированного кабеля с экранированными жилами, дополнительно подключаемый в разъем (к табл. ГЭСНм 11-04-024), сечение жилы до 1 мм2, количество подключаемых жил: 61 шт.
ГЭСНм	11	11-04-025	Кабель экранированный с экранированными жилами, дополнительно подключаемый в разъем (к табл. ГЭСНм 11-04-024)	11-04-025-06	шт	Конец экранированного кабеля с экранированными жилами, дополнительно подключаемый в разъем (к табл. ГЭСНм 11-04-024), сечение жилы до 1 мм2, количество подключаемых жил: 91 шт.
ГЭСНм	11	11-04-025	Кабель экранированный с экранированными жилами, дополнительно подключаемый в разъем (к табл. ГЭСНм 11-04-024)	11-04-025-07	шт	Конец экранированного кабеля с экранированными жилами, дополнительно подключаемый в разъем (к табл. ГЭСНм 11-04-024), сечение жилы до 1 мм2, количество подключаемых жил: 108 шт.
ГЭСНм	11	11-04-026	Разъемы штепсельные	11-04-026-01	шт	Разъемы штепсельные с разделкой и включением кабеля: с экранированными парами, емкость 5х2
ГЭСНм	11	11-04-026	Разъемы штепсельные	11-04-026-02	шт	Разъемы штепсельные с разделкой и включением кабеля: с экранированными парами, емкость 10х2
ГЭСНм	11	11-04-026	Разъемы штепсельные	11-04-026-03	шт	Разъемы штепсельные с разделкой и включением кабеля: радиочастотного коаксиального импульсного, диаметр оболочки до 6 мм
ГЭСНм	11	11-04-027	Кабель дополнительно подключаемый в штепсельный разъем (к табл. ГЭСНм 11-04-026)	11-04-027-01	шт	Конец кабеля дополнительно подключаемый в штепсельный разъем (к табл. ГЭСНм 11-04-026): с экранированными парами, емкость 5х2
ГЭСНм	11	11-04-027	Кабель дополнительно подключаемый в штепсельный разъем (к табл. ГЭСНм 11-04-026)	11-04-027-02	шт	Конец кабеля дополнительно подключаемый в штепсельный разъем (к табл. ГЭСНм 11-04-026): с экранированными парами, емкость 10х2
ГЭСНм	11	11-04-027	Кабель дополнительно подключаемый в штепсельный разъем (к табл. ГЭСНм 11-04-026)	11-04-027-03	шт	Конец кабеля дополнительно подключаемый в штепсельный разъем (к табл. ГЭСНм 11-04-026): радиочастотный коаксиальный импульсный, диаметр оболочки до 6 мм
ГЭСНм	11	11-04-028	Включение штепсельных разъемов в аппаратуру	11-04-028-01	шт	Включение в аппаратуру разъемов штепсельных, количество контактов в разъеме: до 14 шт.
ГЭСНм	11	11-04-028	Включение штепсельных разъемов в аппаратуру	11-04-028-02	шт	Включение в аппаратуру разъемов штепсельных, количество контактов в разъеме: до 24 шт.
ГЭСНм	11	11-04-028	Включение штепсельных разъемов в аппаратуру	11-04-028-03	шт	Включение в аппаратуру разъемов штепсельных, количество контактов в разъеме: до 37 шт.
ГЭСНм	11	11-04-028	Включение штепсельных разъемов в аппаратуру	11-04-028-04	шт	Включение в аппаратуру разъемов штепсельных, количество контактов в разъеме: до 52 шт.
ГЭСНм	11	11-04-028	Включение штепсельных разъемов в аппаратуру	11-04-028-05	шт	Включение в аппаратуру разъемов штепсельных, количество контактов в разъеме: до 61 шт.
ГЭСНм	11	11-04-028	Включение штепсельных разъемов в аппаратуру	11-04-028-06	шт	Включение в аппаратуру разъемов штепсельных, количество контактов в разъеме: до 91 шт.
ГЭСНм	11	11-04-028	Включение штепсельных разъемов в аппаратуру	11-04-028-07	шт	Включение в аппаратуру разъемов штепсельных, количество контактов в разъеме: до 108 шт.
ГЭСНм	11	11-04-029	Разные работы	11-04-029-01	м	Сборка кабеля многожильного в пластикатной трубке, внутренний диаметр трубки: до 10 мм
ГЭСНм	11	11-04-029	Разные работы	11-04-029-02	м	Сборка кабеля многожильного в пластикатной трубке, внутренний диаметр трубки: свыше 10 до 20 мм
ГЭСНм	11	11-04-029	Разные работы	11-04-029-03	м	Сборка кабеля многожильного в пластикатной трубке, внутренний диаметр трубки: свыше 20 до 30 мм
ГЭСНм	11	11-04-029	Разные работы	11-04-029-04	м	Сборка кабеля многожильного в пластикатной трубке, внутренний диаметр трубки: свыше 30 до 40 мм
ГЭСНм	11	11-04-029	Разные работы	11-04-029-05	м	Сборка кабеля многожильного в пластикатной трубке, внутренний диаметр трубки: свыше 40 до 50 мм
ГЭСНм	11	11-04-029	Разные работы	11-04-029-06	м	Сборка кабеля многожильного с надеванием экранной оплетки, внутренний диаметр трубки: до 10 мм
ГЭСНм	11	11-04-029	Разные работы	11-04-029-07	м	Сборка кабеля многожильного с надеванием экранной оплетки, внутренний диаметр трубки: свыше 10 до 20 мм
ГЭСНм	11	11-04-029	Разные работы	11-04-029-08	м	Сборка кабеля многожильного с надеванием экранной оплетки, внутренний диаметр трубки: свыше 20 до 30 мм
ГЭСНм	11	11-04-029	Разные работы	11-04-029-09	м	Сборка кабеля многожильного с надеванием экранной оплетки, внутренний диаметр трубки: свыше 30 до 40 мм
ГЭСНм	11	11-04-029	Разные работы	11-04-029-10	м	Сборка кабеля многожильного с надеванием экранной оплетки, внутренний диаметр трубки: свыше 40 до 50 мм
ГЭСНм	11	11-05-001	Механизмы исполнительные	11-05-001-01	шт	Механизм исполнительный, масса: до 20 кг
ГЭСНм	11	11-05-001	Механизмы исполнительные	11-05-001-02	шт	Механизм исполнительный, масса: до 50 кг
ГЭСНм	11	11-05-001	Механизмы исполнительные	11-05-001-03	шт	Механизм исполнительный, масса: до 100 кг
ГЭСНм	11	11-05-001	Механизмы исполнительные	11-05-001-04	шт	Механизм исполнительный, масса: до 200 кг
ГЭСНм	11	11-05-001	Механизмы исполнительные	11-05-001-05	шт	Механизм исполнительный, масса: до 300 кг
ГЭСНм	11	11-05-002	Узлы сочленения	11-05-002-01	шт	Узел сочленения для исполнительных механизмов, масса исполнительных механизмов: до 20 кг
ГЭСНм	11	11-05-002	Узлы сочленения	11-05-002-02	шт	Узел сочленения для исполнительных механизмов, масса исполнительных механизмов: до 200 кг
ГЭСНм	11	11-05-002	Узлы сочленения	11-05-002-03	шт	Узел сочленения для исполнительных механизмов, масса исполнительных механизмов: до 300 кг
ГЭСНм	11	11-06-001	Щиты и пульты	11-06-001-01	шт	Щиты и пульты, масса: до 50 кг
ГЭСНм	11	11-06-001	Щиты и пульты	11-06-001-02	шт	Щиты и пульты, масса: до 100 кг
ГЭСНм	11	11-06-001	Щиты и пульты	11-06-001-03	шт	Щиты и пульты, масса: до 150 кг
ГЭСНм	11	11-06-001	Щиты и пульты	11-06-001-04	шт	Щиты и пульты, масса: до 250 кг
ГЭСНм	11	11-06-001	Щиты и пульты	11-06-001-05	шт	Щиты и пульты, масса: до 350 кг
ГЭСНм	11	11-06-002	Проводки в щитах и пультах	11-06-002-01	100 м	Электрические проводки в щитах и пультах: шкафных и панельных
ГЭСНм	11	11-06-002	Проводки в щитах и пультах	11-06-002-02	100 м	Электрические проводки в щитах и пультах: малогабаритных
ГЭСНм	11	11-06-002	Проводки в щитах и пультах	11-06-002-03	100 м	Трубные проводки в щитах и пультах: из цветных металлов
ГЭСНм	11	11-06-002	Проводки в щитах и пультах	11-06-002-04	100 м	Трубные проводки в щитах и пультах: из стальных труб
ГЭСНм	11	11-06-002	Проводки в щитах и пультах	11-06-002-05	100 м	Трубные проводки в щитах и пультах: из пластмассовых труб
ГЭСНм	11	11-07-001	Вспомогательная аппаратура и вспомогательные устройства	11-07-001-01	шт	Сосуд влагоотделительный, разделительный, конденсационный, уравнительный
ГЭСНм	11	11-07-001	Вспомогательная аппаратура и вспомогательные устройства	11-07-001-02	шт	Блок питания воздухом
ГЭСНм	11	11-07-001	Вспомогательная аппаратура и вспомогательные устройства	11-07-001-03	узел	Узел обвязки приборов
ГЭСНм	11	11-07-001	Вспомогательная аппаратура и вспомогательные устройства	11-07-001-04	10 м	Прокладка капилляров манометрических приборов
ГЭСНм	11	11-07-001	Вспомогательная аппаратура и вспомогательные устройства	11-07-001-05	шт	Панели и переключатели измерительных цепей: резисторы и конденсаторы
ГЭСНм	11	11-08-001	Присоединение к приборам электрических проводок	11-08-001-01	100 шт	Присоединение к приборам концов жил электрических проводок под винт: с оконцеванием наконечником
ГЭСНм	11	11-08-001	Присоединение к приборам электрических проводок	11-08-001-02	100 шт	Присоединение к приборам концов жил электрических проводок под винт: с изготовлением колец
ГЭСНм	11	11-08-001	Присоединение к приборам электрических проводок	11-08-001-03	100 шт	Присоединение к приборам концов жил электрических проводок под винт: без изготовления колец с облуживанием
ГЭСНм	11	11-08-001	Присоединение к приборам электрических проводок	11-08-001-04	100 шт	Присоединение к приборам концов жил электрических проводок пайкой
ГЭСНм	11	11-08-002	Присоединение к приборам трубных проводок	11-08-002-01	10 шт	Присоединение к приборам трубных проводок: из водогазопроводных труб, диаметр условного прохода до 25 мм
ГЭСНм	11	11-08-002	Присоединение к приборам трубных проводок	11-08-002-02	10 шт	Присоединение к приборам трубных проводок: из водогазопроводных труб, диаметр условного прохода до 50 мм
ГЭСНм	11	11-08-002	Присоединение к приборам трубных проводок	11-08-002-03	10 шт	Присоединение к приборам трубных проводок: из стальных бесшовных труб, диаметр условного прохода до 10 мм
ГЭСНм	11	11-08-002	Присоединение к приборам трубных проводок	11-08-002-04	10 шт	Присоединение к приборам трубных проводок: из стальных бесшовных труб, диаметр условного прохода до 22 мм
ГЭСНм	11	11-08-002	Присоединение к приборам трубных проводок	11-08-002-05	10 шт	Присоединение к приборам трубных проводок: из пластмассовых и резиновых труб, диаметр до 10 мм
ГЭСНм	11	11-08-002	Присоединение к приборам трубных проводок	11-08-002-06	10 шт	Присоединение к приборам трубных проводок: из пластмассовых и резиновых труб, диаметр до 22 мм
ГЭСНм	11	11-08-002	Присоединение к приборам трубных проводок	11-08-002-07	10 шт	Присоединение к приборам трубных проводок: из труб цветных металлов, наружный диаметр до 10 мм
ГЭСНм	12	12-01-001	Трубопроводы из водогазопроводных труб с фитингами на резьбе	12-01-001-01	100 м	Трубопровод из водогазопроводных труб с фитингами на резьбе, номинальный диаметр: 15-25 мм
ГЭСНм	12	12-01-001	Трубопроводы из водогазопроводных труб с фитингами на резьбе	12-01-001-02	100 м	Трубопровод из водогазопроводных труб с фитингами на резьбе, номинальный диаметр: 32-50 мм
ГЭСНм	12	12-01-001	Трубопроводы из водогазопроводных труб с фитингами на резьбе	12-01-001-03	100 м	Трубопровод из водогазопроводных труб с фитингами на резьбе, номинальный диаметр: 65-80 мм
ГЭСНм	12	12-01-001	Трубопроводы из водогазопроводных труб с фитингами на резьбе	12-01-001-04	100 м	Трубопровод из водогазопроводных труб с фитингами на резьбе, номинальный диаметр: 100 мм
ГЭСНм	12	12-01-001	Трубопроводы из водогазопроводных труб с фитингами на резьбе	12-01-001-05	100 м	Трубопровод из водогазопроводных труб с фитингами на резьбе, номинальный диаметр: 125 мм
ГЭСНм	12	12-01-001	Трубопроводы из водогазопроводных труб с фитингами на резьбе	12-01-001-06	100 м	Трубопровод из водогазопроводных труб с фитингами на резьбе, номинальный диаметр: 150 мм
ГЭСНм	12	12-03-001	Трубопроводы из углеродистой стали для воды, пара и мазута на условное давление до 4 МПа	12-03-001-01	т	Трубопровод из углеродистой стали для воды, пара и мазута на номинальное давление до 4 МПа, диаметр наружный: 14-18 мм, толщина стенки 2 мм
ГЭСНм	12	12-03-001	Трубопроводы из углеродистой стали для воды, пара и мазута на условное давление до 4 МПа	12-03-001-02	т	Трубопровод из углеродистой стали для воды, пара и мазута на номинальное давление до 4 МПа, диаметр наружный: 25-32 мм, толщина стенки 2 мм
ГЭСНм	12	12-03-001	Трубопроводы из углеродистой стали для воды, пара и мазута на условное давление до 4 МПа	12-03-001-03	т	Трубопровод из углеродистой стали для воды, пара и мазута на номинальное давление до 4 МПа, диаметр наружный: 38-45 мм, толщина стенки 2,5 мм
ГЭСНм	12	12-03-001	Трубопроводы из углеродистой стали для воды, пара и мазута на условное давление до 4 МПа	12-03-001-04	т	Трубопровод из углеродистой стали для воды, пара и мазута на номинальное давление до 4 МПа, диаметр наружный: 57 мм, толщина стенки 3 мм
ГЭСНм	12	12-03-001	Трубопроводы из углеродистой стали для воды, пара и мазута на условное давление до 4 МПа	12-03-001-05	т	Трубопровод из углеродистой стали для воды, пара и мазута на номинальное давление до 4 МПа, диаметр наружный: 76 мм, толщина стенки 3 мм
ГЭСНм	12	12-03-002	Трубопроводы из углеродистой стали для воды и пара на условное давление до 6,3 МПа	12-03-002-01	т	Трубопровод из углеродистой стали для воды и пара на номинальное давление до 6,3 МПа, диаметр наружный: 16 мм, толщина стенки 2 мм
ГЭСНм	12	12-03-002	Трубопроводы из углеродистой стали для воды и пара на условное давление до 6,3 МПа	12-03-002-02	т	Трубопровод из углеродистой стали для воды и пара на номинальное давление до 6,3 МПа, диаметр наружный: 28 мм, толщина стенки 3 мм
ГЭСНм	12	12-03-002	Трубопроводы из углеродистой стали для воды и пара на условное давление до 6,3 МПа	12-03-002-03	т	Трубопровод из углеродистой стали для воды и пара на номинальное давление до 6,3 МПа, диаметр наружный: 38 мм, толщина стенки 3 мм
ГЭСНм	12	12-03-002	Трубопроводы из углеродистой стали для воды и пара на условное давление до 6,3 МПа	12-03-002-04	т	Трубопровод из углеродистой стали для воды и пара на номинальное давление до 6,3 МПа, диаметр наружный: 57 мм, толщина стенки 3,5 мм
ГЭСНм	12	12-03-002	Трубопроводы из углеродистой стали для воды и пара на условное давление до 6,3 МПа	12-03-002-05	т	Трубопровод из углеродистой стали для воды и пара на номинальное давление до 6,3 МПа, диаметр наружный: 76 мм, толщина стенки 3,5 мм
ГЭСНм	12	12-03-003	Трубопроводы из углеродистой стали для воды на условное давление 20 и 25 МПа	12-03-003-01	т	Трубопровод из углеродистой стали для воды на номинальное давление 20 и 25 МПа, диаметр наружный: 16 мм, толщина стенки 2 мм
ГЭСНм	12	12-03-003	Трубопроводы из углеродистой стали для воды на условное давление 20 и 25 МПа	12-03-003-02	т	Трубопровод из углеродистой стали для воды на номинальное давление 20 и 25 МПа, диаметр наружный: 28 мм, толщина стенки 3 мм
ГЭСНм	12	12-03-004	Трубопроводы из легированной стали 12Х1МФ для пара на условное давление 10 МПа	12-03-004-01	т	Трубопровод из легированной стали 12Х1МФ для пара на номинальное давление 10 МПа, диаметр наружный: 16 мм, толщина стенки 2,5 мм
ГЭСНм	12	12-03-004	Трубопроводы из легированной стали 12Х1МФ для пара на условное давление 10 МПа	12-03-004-02	т	Трубопровод из легированной стали 12Х1МФ для пара на номинальное давление 10 МПа, диаметр наружный: 28 мм, толщина стенки 3 мм
ГЭСНм	12	12-03-004	Трубопроводы из легированной стали 12Х1МФ для пара на условное давление 10 МПа	12-03-004-03	т	Трубопровод из легированной стали 12Х1МФ для пара на номинальное давление 10 МПа, диаметр наружный: 57 мм, толщина стенки 3,5 мм
ГЭСНм	12	12-03-005	Трубопроводы из легированной стали 12Х1МФ для пара на условное давление 20 МПа	12-03-005-01	т	Трубопровод из легированной стали 12Х1МФ для пара на номинальное давление 20 МПа, диаметр наружный: 16 мм, толщина стенки 2,5 мм
ГЭСНм	12	12-03-005	Трубопроводы из легированной стали 12Х1МФ для пара на условное давление 20 МПа	12-03-005-02	т	Трубопровод из легированной стали 12Х1МФ для пара на номинальное давление 20 МПа, диаметр наружный: 28 мм, толщина стенки 3 мм
ГЭСНм	12	12-03-005	Трубопроводы из легированной стали 12Х1МФ для пара на условное давление 20 МПа	12-03-005-03	т	Трубопровод из легированной стали 12Х1МФ для пара на номинальное давление 20 МПа, диаметр наружный: 76 мм, толщина стенки 7 мм
ГЭСНм	12	12-03-006	Трубопроводы из легированной стали 12Х1МФ для пара на условное давление 40 МПа	12-03-006-01	т	Трубопровод из легированной стали 12Х1МФ для пара на номинальное давление 40 МПа, диаметр наружный: 16 мм, толщина стенки 2,5 мм
ГЭСНм	12	12-03-006	Трубопроводы из легированной стали 12Х1МФ для пара на условное давление 40 МПа	12-03-006-02	т	Трубопровод из легированной стали 12Х1МФ для пара на номинальное давление 40 МПа, диаметр наружный: 28 мм, толщина стенки 3 мм
ГЭСНм	12	12-03-006	Трубопроводы из легированной стали 12Х1МФ для пара на условное давление 40 МПа	12-03-006-03	т	Трубопровод из легированной стали 12Х1МФ для пара на номинальное давление 40 МПа, диаметр наружный: 28 мм, толщина стенки 4,5 мм
ГЭСНм	12	12-03-006	Трубопроводы из легированной стали 12Х1МФ для пара на условное давление 40 МПа	12-03-006-04	т	Трубопровод из легированной стали 12Х1МФ для пара на номинальное давление 40 МПа, диаметр наружный: 76 мм, толщина стенки 9 мм
ГЭСНм	12	12-03-006	Трубопроводы из легированной стали 12Х1МФ для пара на условное давление 40 МПа	12-03-006-05	т	Трубопровод из легированной стали 12Х1МФ для пара на номинальное давление 40 МПа, диаметр наружный: 76 мм, толщина стенки 13 мм
ГЭСНм	12	12-03-007	Трубопроводы из легированной стали 12Х1МФ для пара на условное давление 80 МПа	12-03-007-01	т	Трубопровод из легированной стали 12Х1МФ для пара на номинальное давление 80 МПа, диаметр наружный: 16 мм, толщина стенки 3,5 мм
ГЭСНм	12	12-03-007	Трубопроводы из легированной стали 12Х1МФ для пара на условное давление 80 МПа	12-03-007-02	т	Трубопровод из легированной стали 12Х1МФ для пара на номинальное давление 80 МПа, диаметр наружный: 28 мм, толщина стенки 6 мм
ГЭСНм	12	12-03-007	Трубопроводы из легированной стали 12Х1МФ для пара на условное давление 80 МПа	12-03-007-03	т	Трубопровод из легированной стали 12Х1МФ для пара на номинальное давление 80 МПа, диаметр наружный: 57 мм, толщина стенки 13 мм
ГЭСНм	12	12-03-008	Трубопроводы из низколегированной стали 15ГС для воды на условное давление 25 и 50 МПа	12-03-008-01	т	Трубопровод из низколегированной стали 15ГС для воды на номинальное давление 25 и 50 МПа, диаметр наружный: 16 мм, толщина стенки 2,5 мм
ГЭСНм	12	12-03-008	Трубопроводы из низколегированной стали 15ГС для воды на условное давление 25 и 50 МПа	12-03-008-02	т	Трубопровод из низколегированной стали 15ГС для воды на номинальное давление 25 и 50 МПа, диаметр наружный: 28 мм, толщина стенки 4 мм
ГЭСНм	12	12-03-008	Трубопроводы из низколегированной стали 15ГС для воды на условное давление 25 и 50 МПа	12-03-008-03	т	Трубопровод из низколегированной стали 15ГС для воды на номинальное давление 25 и 50 МПа, диаметр наружный: 57 мм, толщина стенки 9 мм
ГЭСНм	12	12-03-008	Трубопроводы из низколегированной стали 15ГС для воды на условное давление 25 и 50 МПа	12-03-008-04	т	Трубопровод из низколегированной стали 15ГС для воды на номинальное давление 25 и 50 МПа, диаметр наружный: 76 мм, толщина стенки 9 мм
ГЭСНм	12	12-03-009	Трубопроводы водоподготовительных установок и химводоочисток из углеродистой стали с фланцами и сварными соединениями на условное давление не более 2,5 МПа, вну	12-03-009-01	т	Трубопровод водоподготовительных установок и химводоочисток из углеродистой стали с фланцами и сварными соединениями на номинальное давление не более 2,5 МПа, внутри здания, диаметр наружный: 14 мм, т
ГЭСНм	12	12-03-009	Трубопроводы водоподготовительных установок и химводоочисток из углеродистой стали с фланцами и сварными соединениями на условное давление не более 2,5 МПа, вну	12-03-009-02	т	Трубопровод водоподготовительных установок и химводоочисток из углеродистой стали с фланцами и сварными соединениями на номинальное давление не более 2,5 МПа, внутри здания, диаметр наружный: 18 мм, т
ГЭСНм	12	12-03-009	Трубопроводы водоподготовительных установок и химводоочисток из углеродистой стали с фланцами и сварными соединениями на условное давление не более 2,5 МПа, вну	12-03-009-03	т	Трубопровод водоподготовительных установок и химводоочисток из углеродистой стали с фланцами и сварными соединениями на номинальное давление не более 2,5 МПа, внутри здания, диаметр наружный: 25 мм, т
ГЭСНм	12	12-03-009	Трубопроводы водоподготовительных установок и химводоочисток из углеродистой стали с фланцами и сварными соединениями на условное давление не более 2,5 МПа, вну	12-03-009-04	т	Трубопровод водоподготовительных установок и химводоочисток из углеродистой стали с фланцами и сварными соединениями на номинальное давление не более 2,5 МПа, внутри здания, диаметр наружный: 32-38 мм
ГЭСНм	12	12-03-009	Трубопроводы водоподготовительных установок и химводоочисток из углеродистой стали с фланцами и сварными соединениями на условное давление не более 2,5 МПа, вну	12-03-009-05	т	Трубопровод водоподготовительных установок и химводоочисток из углеродистой стали с фланцами и сварными соединениями на номинальное давление не более 2,5 МПа, внутри здания, диаметр наружный: 57 мм, т
ГЭСНм	12	12-03-009	Трубопроводы водоподготовительных установок и химводоочисток из углеродистой стали с фланцами и сварными соединениями на условное давление не более 2,5 МПа, вну	12-03-009-06	т	Трубопровод водоподготовительных установок и химводоочисток из углеродистой стали с фланцами и сварными соединениями на номинальное давление не более 2,5 МПа, внутри здания, диаметр наружный: 89 мм, т
ГЭСНм	12	12-03-009	Трубопроводы водоподготовительных установок и химводоочисток из углеродистой стали с фланцами и сварными соединениями на условное давление не более 2,5 МПа, вну	12-03-009-07	т	Трубопровод водоподготовительных установок и химводоочисток из углеродистой стали с фланцами и сварными соединениями на номинальное давление не более 2,5 МПа, внутри здания, диаметр наружный: 108 мм, 
ГЭСНм	12	12-03-009	Трубопроводы водоподготовительных установок и химводоочисток из углеродистой стали с фланцами и сварными соединениями на условное давление не более 2,5 МПа, вну	12-03-009-08	т	Трубопровод водоподготовительных установок и химводоочисток из углеродистой стали с фланцами и сварными соединениями на номинальное давление не более 2,5 МПа, внутри здания, диаметр наружный: 133 мм, 
ГЭСНм	12	12-03-009	Трубопроводы водоподготовительных установок и химводоочисток из углеродистой стали с фланцами и сварными соединениями на условное давление не более 2,5 МПа, вну	12-03-009-09	т	Трубопровод водоподготовительных установок и химводоочисток из углеродистой стали с фланцами и сварными соединениями на номинальное давление не более 2,5 МПа, внутри здания, диаметр наружный: 159 мм, 
ГЭСНм	12	12-03-009	Трубопроводы водоподготовительных установок и химводоочисток из углеродистой стали с фланцами и сварными соединениями на условное давление не более 2,5 МПа, вну	12-03-009-10	т	Трубопровод водоподготовительных установок и химводоочисток из углеродистой стали с фланцами и сварными соединениями на номинальное давление не более 2,5 МПа, внутри здания, диаметр наружный: 219 мм, 
ГЭСНм	12	12-03-009	Трубопроводы водоподготовительных установок и химводоочисток из углеродистой стали с фланцами и сварными соединениями на условное давление не более 2,5 МПа, вну	12-03-009-11	т	Трубопровод водоподготовительных установок и химводоочисток из углеродистой стали с фланцами и сварными соединениями на номинальное давление не более 2,5 МПа, внутри здания, диаметр наружный: 219 мм, 
ГЭСНм	12	12-03-009	Трубопроводы водоподготовительных установок и химводоочисток из углеродистой стали с фланцами и сварными соединениями на условное давление не более 2,5 МПа, вну	12-03-009-12	т	Трубопровод водоподготовительных установок и химводоочисток из углеродистой стали с фланцами и сварными соединениями на номинальное давление не более 2,5 МПа, внутри здания, диаметр наружный: 273 мм, 
ГЭСНм	12	12-03-009	Трубопроводы водоподготовительных установок и химводоочисток из углеродистой стали с фланцами и сварными соединениями на условное давление не более 2,5 МПа, вну	12-03-009-13	т	Трубопровод водоподготовительных установок и химводоочисток из углеродистой стали с фланцами и сварными соединениями на номинальное давление не более 2,5 МПа, внутри здания, диаметр наружный: 273 мм, 
ГЭСНм	12	12-03-009	Трубопроводы водоподготовительных установок и химводоочисток из углеродистой стали с фланцами и сварными соединениями на условное давление не более 2,5 МПа, вну	12-03-009-14	т	Трубопровод водоподготовительных установок и химводоочисток из углеродистой стали с фланцами и сварными соединениями на номинальное давление не более 2,5 МПа, внутри здания, диаметр наружный: 325 мм, 
ГЭСНм	12	12-03-009	Трубопроводы водоподготовительных установок и химводоочисток из углеродистой стали с фланцами и сварными соединениями на условное давление не более 2,5 МПа, вну	12-03-009-15	т	Трубопровод водоподготовительных установок и химводоочисток из углеродистой стали с фланцами и сварными соединениями на номинальное давление не более 2,5 МПа, внутри здания, диаметр наружный: 377 мм, 
ГЭСНм	12	12-03-010	Трубопроводы водоподготовительных установок и химводоочисток из высоколегированной стали с фланцами и сварными соединениями на условное давление не более 2,5 МП	12-03-010-01	т	Трубопровод водоподготовительных установок и химводоочисток из высоколегированной стали с фланцами и сварными соединениями на номинальное давление не более 2,5 МПа, внутри здания, диаметр наружный: 12
ГЭСНм	12	12-03-010	Трубопроводы водоподготовительных установок и химводоочисток из высоколегированной стали с фланцами и сварными соединениями на условное давление не более 2,5 МП	12-03-010-02	т	Трубопровод водоподготовительных установок и химводоочисток из высоколегированной стали с фланцами и сварными соединениями на номинальное давление не более 2,5 МПа, внутри здания, диаметр наружный: 14
ГЭСНм	12	12-03-010	Трубопроводы водоподготовительных установок и химводоочисток из высоколегированной стали с фланцами и сварными соединениями на условное давление не более 2,5 МП	12-03-010-03	т	Трубопровод водоподготовительных установок и химводоочисток из высоколегированной стали с фланцами и сварными соединениями на номинальное давление не более 2,5 МПа, внутри здания, диаметр наружный: 18
ГЭСНм	12	12-03-010	Трубопроводы водоподготовительных установок и химводоочисток из высоколегированной стали с фланцами и сварными соединениями на условное давление не более 2,5 МП	12-03-010-04	т	Трубопровод водоподготовительных установок и химводоочисток из высоколегированной стали с фланцами и сварными соединениями на номинальное давление не более 2,5 МПа, внутри здания, диаметр наружный: 56
ГЭСНм	12	12-03-011	Трубопроводы водоподготовительных установок и химводоочисток из углеродистой стали с фланцами и сварными соединениями на условное давление не более 2,5 МПа, на 	12-03-011-01	т	Трубопровод водоподготовительных установок и химводоочисток из углеродистой стали с фланцами и сварными соединениями на номинальное давление не более 2,5 МПа, на эстакадах, диаметр наружный: 25 мм, то
ГЭСНм	12	12-03-011	Трубопроводы водоподготовительных установок и химводоочисток из углеродистой стали с фланцами и сварными соединениями на условное давление не более 2,5 МПа, на 	12-03-011-02	т	Трубопровод водоподготовительных установок и химводоочисток из углеродистой стали с фланцами и сварными соединениями на номинальное давление не более 2,5 МПа, на эстакадах, диаметр наружный: 32 мм, то
ГЭСНм	12	12-03-011	Трубопроводы водоподготовительных установок и химводоочисток из углеродистой стали с фланцами и сварными соединениями на условное давление не более 2,5 МПа, на 	12-03-011-03	т	Трубопровод водоподготовительных установок и химводоочисток из углеродистой стали с фланцами и сварными соединениями на номинальное давление не более 2,5 МПа, на эстакадах, диаметр наружный: 45 мм, то
ГЭСНм	12	12-03-011	Трубопроводы водоподготовительных установок и химводоочисток из углеродистой стали с фланцами и сварными соединениями на условное давление не более 2,5 МПа, на 	12-03-011-04	т	Трубопровод водоподготовительных установок и химводоочисток из углеродистой стали с фланцами и сварными соединениями на номинальное давление не более 2,5 МПа, на эстакадах, диаметр наружный: 57 мм, то
ГЭСНм	12	12-03-011	Трубопроводы водоподготовительных установок и химводоочисток из углеродистой стали с фланцами и сварными соединениями на условное давление не более 2,5 МПа, на 	12-03-011-05	т	Трубопровод водоподготовительных установок и химводоочисток из углеродистой стали с фланцами и сварными соединениями на номинальное давление не более 2,5 МПа, на эстакадах, диаметр наружный: 89 мм, то
ГЭСНм	12	12-03-011	Трубопроводы водоподготовительных установок и химводоочисток из углеродистой стали с фланцами и сварными соединениями на условное давление не более 2,5 МПа, на 	12-03-011-06	т	Трубопровод водоподготовительных установок и химводоочисток из углеродистой стали с фланцами и сварными соединениями на номинальное давление не более 2,5 МПа, на эстакадах, диаметр наружный: 108 мм, т
ГЭСНм	12	12-03-011	Трубопроводы водоподготовительных установок и химводоочисток из углеродистой стали с фланцами и сварными соединениями на условное давление не более 2,5 МПа, на 	12-03-011-07	т	Трубопровод водоподготовительных установок и химводоочисток из углеродистой стали с фланцами и сварными соединениями на номинальное давление не более 2,5 МПа, на эстакадах, диаметр наружный: 159 мм, т
ГЭСНм	12	12-03-011	Трубопроводы водоподготовительных установок и химводоочисток из углеродистой стали с фланцами и сварными соединениями на условное давление не более 2,5 МПа, на 	12-03-011-08	т	Трубопровод водоподготовительных установок и химводоочисток из углеродистой стали с фланцами и сварными соединениями на номинальное давление не более 2,5 МПа, на эстакадах, диаметр наружный: 219 мм, т
ГЭСНм	12	12-03-011	Трубопроводы водоподготовительных установок и химводоочисток из углеродистой стали с фланцами и сварными соединениями на условное давление не более 2,5 МПа, на 	12-03-011-09	т	Трубопровод водоподготовительных установок и химводоочисток из углеродистой стали с фланцами и сварными соединениями на номинальное давление не более 2,5 МПа, на эстакадах, диаметр наружный: 273 мм, т
ГЭСНм	12	12-03-030	Трубопроводы из углеродистой стали для воды, пара и мазута на условное давление до 4 МПа	12-03-030-01	т	Трубопровод из углеродистой стали для воды, пара и мазута на номинальное давление до 4 МПа, диаметр наружный: 89 мм, толщина стенки 3,5 мм
ГЭСНм	12	12-03-030	Трубопроводы из углеродистой стали для воды, пара и мазута на условное давление до 4 МПа	12-03-030-02	т	Трубопровод из углеродистой стали для воды, пара и мазута на номинальное давление до 4 МПа, диаметр наружный: 108 мм, толщина стенки 4 мм
ГЭСНм	12	12-03-030	Трубопроводы из углеродистой стали для воды, пара и мазута на условное давление до 4 МПа	12-03-030-03	т	Трубопровод из углеродистой стали для воды, пара и мазута на номинальное давление до 4 МПа, диаметр наружный: 133 мм, толщина стенки 4 мм
ГЭСНм	12	12-03-030	Трубопроводы из углеродистой стали для воды, пара и мазута на условное давление до 4 МПа	12-03-030-04	т	Трубопровод из углеродистой стали для воды, пара и мазута на номинальное давление до 4 МПа, диаметр наружный: 159 мм, толщина стенки 5 мм
ГЭСНм	12	12-03-030	Трубопроводы из углеродистой стали для воды, пара и мазута на условное давление до 4 МПа	12-03-030-05	т	Трубопровод из углеродистой стали для воды, пара и мазута на номинальное давление до 4 МПа, диаметр наружный: 219 мм, толщина стенки 6 мм
ГЭСНм	12	12-03-030	Трубопроводы из углеродистой стали для воды, пара и мазута на условное давление до 4 МПа	12-03-030-06	т	Трубопровод из углеродистой стали для воды, пара и мазута на номинальное давление до 4 МПа, диаметр наружный: 219 мм, толщина стенки 7 мм
ГЭСНм	12	12-03-030	Трубопроводы из углеродистой стали для воды, пара и мазута на условное давление до 4 МПа	12-03-030-07	т	Трубопровод из углеродистой стали для воды, пара и мазута на номинальное давление до 4 МПа, диаметр наружный: 273 мм, толщина стенки 6 мм
ГЭСНм	12	12-03-030	Трубопроводы из углеродистой стали для воды, пара и мазута на условное давление до 4 МПа	12-03-030-08	т	Трубопровод из углеродистой стали для воды, пара и мазута на номинальное давление до 4 МПа, диаметр наружный: 273 мм, толщина стенки 8 мм
ГЭСНм	12	12-03-030	Трубопроводы из углеродистой стали для воды, пара и мазута на условное давление до 4 МПа	12-03-030-09	т	Трубопровод из углеродистой стали для воды, пара и мазута на номинальное давление до 4 МПа, диаметр наружный: 325 мм, толщина стенки 6 мм
ГЭСНм	12	12-03-030	Трубопроводы из углеродистой стали для воды, пара и мазута на условное давление до 4 МПа	12-03-030-10	т	Трубопровод из углеродистой стали для воды, пара и мазута на номинальное давление до 4 МПа, диаметр наружный: 325-377 мм, толщина стенки 10 мм
ГЭСНм	12	12-03-030	Трубопроводы из углеродистой стали для воды, пара и мазута на условное давление до 4 МПа	12-03-030-11	т	Трубопровод из углеродистой стали для воды, пара и мазута на номинальное давление до 4 МПа, диаметр наружный: 426 мм, толщина стенки 8 мм
ГЭСНм	12	12-03-030	Трубопроводы из углеродистой стали для воды, пара и мазута на условное давление до 4 МПа	12-03-030-12	т	Трубопровод из углеродистой стали для воды, пара и мазута на номинальное давление до 4 МПа, диаметр наружный: 426 мм, толщина стенки 9 мм
ГЭСНм	12	12-03-030	Трубопроводы из углеродистой стали для воды, пара и мазута на условное давление до 4 МПа	12-03-030-13	т	Трубопровод из углеродистой стали для воды, пара и мазута на номинальное давление до 4 МПа, диаметр наружный: 630 мм, толщина стенки 8 мм
ГЭСНм	12	12-03-030	Трубопроводы из углеродистой стали для воды, пара и мазута на условное давление до 4 МПа	12-03-030-14	т	Трубопровод из углеродистой стали для воды, пара и мазута на номинальное давление до 4 МПа, диаметр наружный: 630 мм, толщина стенки 15 мм
ГЭСНм	12	12-03-030	Трубопроводы из углеродистой стали для воды, пара и мазута на условное давление до 4 МПа	12-03-030-15	т	Трубопровод из углеродистой стали для воды, пара и мазута на номинальное давление до 4 МПа, диаметр наружный: 1420 мм, толщина стенки 14 мм
ГЭСНм	12	12-03-030	Трубопроводы из углеродистой стали для воды, пара и мазута на условное давление до 4 МПа	12-03-030-16	т	Трубопровод из углеродистой стали для воды, пара и мазута на номинальное давление до 4 МПа, диаметр наружный: 1620 мм, толщина стенки 14 мм
ГЭСНм	12	12-03-031	Трубопроводы из углеродистой стали для воды и пара на условное давление 6,3 МПа	12-03-031-01	т	Трубопровод из углеродистой стали для воды и пара на номинальное давление 6,3 МПа, диаметр наружный: 89 мм, толщина стенки 4 мм
ГЭСНм	12	12-03-031	Трубопроводы из углеродистой стали для воды и пара на условное давление 6,3 МПа	12-03-031-02	т	Трубопровод из углеродистой стали для воды и пара на номинальное давление 6,3 МПа, диаметр наружный: 89 мм, толщина стенки 6 мм
ГЭСНм	12	12-03-031	Трубопроводы из углеродистой стали для воды и пара на условное давление 6,3 МПа	12-03-031-03	т	Трубопровод из углеродистой стали для воды и пара на номинальное давление 6,3 МПа, диаметр наружный: 108 мм, толщина стенки 8 мм
ГЭСНм	12	12-03-031	Трубопроводы из углеродистой стали для воды и пара на условное давление 6,3 МПа	12-03-031-04	т	Трубопровод из углеродистой стали для воды и пара на номинальное давление 6,3 МПа, диаметр наружный: 133 мм, толщина стенки 5 мм
ГЭСНм	12	12-03-031	Трубопроводы из углеродистой стали для воды и пара на условное давление 6,3 МПа	12-03-031-05	т	Трубопровод из углеродистой стали для воды и пара на номинальное давление 6,3 МПа, диаметр наружный: 159 мм, толщина стенки 9 мм
ГЭСНм	12	12-03-031	Трубопроводы из углеродистой стали для воды и пара на условное давление 6,3 МПа	12-03-031-06	т	Трубопровод из углеродистой стали для воды и пара на номинальное давление 6,3 МПа, диаметр наружный: 219 мм, толщина стенки 9 мм
ГЭСНм	12	12-03-031	Трубопроводы из углеродистой стали для воды и пара на условное давление 6,3 МПа	12-03-031-07	т	Трубопровод из углеродистой стали для воды и пара на номинальное давление 6,3 МПа, диаметр наружный: 219 мм, толщина стенки 13 мм
ГЭСНм	12	12-03-031	Трубопроводы из углеродистой стали для воды и пара на условное давление 6,3 МПа	12-03-031-08	т	Трубопровод из углеродистой стали для воды и пара на номинальное давление 6,3 МПа, диаметр наружный: 273 мм, толщина стенки 10 мм
ГЭСНм	12	12-03-031	Трубопроводы из углеродистой стали для воды и пара на условное давление 6,3 МПа	12-03-031-09	т	Трубопровод из углеродистой стали для воды и пара на номинальное давление 6,3 МПа, диаметр наружный: 273 мм, толщина стенки 16 мм
ГЭСНм	12	12-03-031	Трубопроводы из углеродистой стали для воды и пара на условное давление 6,3 МПа	12-03-031-10	т	Трубопровод из углеродистой стали для воды и пара на номинальное давление 6,3 МПа, диаметр наружный: 325-377 мм, толщина стенки 13 мм
ГЭСНм	12	12-03-031	Трубопроводы из углеродистой стали для воды и пара на условное давление 6,3 МПа	12-03-031-11	т	Трубопровод из углеродистой стали для воды и пара на номинальное давление 6,3 МПа, диаметр наружный: 325 мм, толщина стенки 19 мм
ГЭСНм	12	12-03-031	Трубопроводы из углеродистой стали для воды и пара на условное давление 6,3 МПа	12-03-031-12	т	Трубопровод из углеродистой стали для воды и пара на номинальное давление 6,3 МПа, диаметр наружный: 426 мм, толщина стенки 14 мм
ГЭСНм	12	12-03-031	Трубопроводы из углеродистой стали для воды и пара на условное давление 6,3 МПа	12-03-031-13	т	Трубопровод из углеродистой стали для воды и пара на номинальное давление 6,3 МПа, диаметр наружный: 465 мм, толщина стенки 16 мм
ГЭСНм	12	12-03-032	Трубопроводы из легированной стали 12Х1МФ для пара на условное давление 10 МПа	12-03-032-01	т	Трубопровод из легированной стали 12Х1МФ для пара на номинальное давление 10 МПа, диаметр наружный: 108 мм, толщина стенки 6 мм
ГЭСНм	12	12-03-032	Трубопроводы из легированной стали 12Х1МФ для пара на условное давление 10 МПа	12-03-032-02	т	Трубопровод из легированной стали 12Х1МФ для пара на номинальное давление 10 МПа, диаметр наружный: 159 мм, толщина стенки 8 мм
ГЭСНм	12	12-03-032	Трубопроводы из легированной стали 12Х1МФ для пара на условное давление 10 МПа	12-03-032-03	т	Трубопровод из легированной стали 12Х1МФ для пара на номинальное давление 10 МПа, диаметр наружный: 273 мм, толщина стенки 13 мм
ГЭСНм	12	12-03-032	Трубопроводы из легированной стали 12Х1МФ для пара на условное давление 10 МПа	12-03-032-04	т	Трубопровод из легированной стали 12Х1МФ для пара на номинальное давление 10 МПа, диаметр наружный: 377 мм, толщина стенки 17 мм
ГЭСНм	12	12-03-032	Трубопроводы из легированной стали 12Х1МФ для пара на условное давление 10 МПа	12-03-032-05	т	Трубопровод из легированной стали 12Х1МФ для пара на номинальное давление 10 МПа, диаметр наружный: 426 мм, толщина стенки 19 мм
ГЭСНм	12	12-03-032	Трубопроводы из легированной стали 12Х1МФ для пара на условное давление 10 МПа	12-03-032-06	т	Трубопровод из легированной стали 12Х1МФ для пара на номинальное давление 10 МПа, диаметр наружный: 465 мм, толщина стенки 22 мм
ГЭСНм	12	12-03-032	Трубопроводы из легированной стали 12Х1МФ для пара на условное давление 10 МПа	12-03-032-07	т	Трубопровод из легированной стали 12Х1МФ для пара на номинальное давление 10 МПа, диаметр наружный: 530 мм, толщина стенки 25 мм
ГЭСНм	12	12-03-032	Трубопроводы из легированной стали 12Х1МФ для пара на условное давление 10 МПа	12-03-032-08	т	Трубопровод из легированной стали 12Х1МФ для пара на номинальное давление 10 МПа, диаметр наружный: 630 мм, толщина стенки 28 мм
ГЭСНм	12	12-03-032	Трубопроводы из легированной стали 12Х1МФ для пара на условное давление 10 МПа	12-03-032-09	т	Трубопровод из легированной стали 12Х1МФ для пара на номинальное давление 10 МПа, диаметр наружный: 720 мм, толщина стенки 25 мм
ГЭСНм	12	12-03-033	Трубопроводы из легированной стали 12Х1МФ для пара на условное давление 20 МПа	12-03-033-01	т	Трубопровод из легированной стали 12Х1МФ для пара на номинальное давление 20 МПа, диаметр наружный: 133 мм, толщина стенки 11 мм
ГЭСНм	12	12-03-033	Трубопроводы из легированной стали 12Х1МФ для пара на условное давление 20 МПа	12-03-033-02	т	Трубопровод из легированной стали 12Х1МФ для пара на номинальное давление 20 МПа, диаметр наружный: 159 мм, толщина стенки 13 мм
ГЭСНм	12	12-03-033	Трубопроводы из легированной стали 12Х1МФ для пара на условное давление 20 МПа	12-03-033-03	т	Трубопровод из легированной стали 12Х1МФ для пара на номинальное давление 20 МПа, диаметр наружный: 194 мм, толщина стенки 16 мм
ГЭСНм	12	12-03-033	Трубопроводы из легированной стали 12Х1МФ для пара на условное давление 20 МПа	12-03-033-04	т	Трубопровод из легированной стали 12Х1МФ для пара на номинальное давление 20 МПа, диаметр наружный: 219 мм, толщина стенки 18 мм
ГЭСНм	12	12-03-033	Трубопроводы из легированной стали 12Х1МФ для пара на условное давление 20 МПа	12-03-033-05	т	Трубопровод из легированной стали 12Х1МФ для пара на номинальное давление 20 МПа, диаметр наружный: 273 мм, толщина стенки 22 мм
ГЭСНм	12	12-03-033	Трубопроводы из легированной стали 12Х1МФ для пара на условное давление 20 МПа	12-03-033-06	т	Трубопровод из легированной стали 12Х1МФ для пара на номинальное давление 20 МПа, диаметр наружный: 325 мм, толщина стенки 26 мм
ГЭСНм	12	12-03-034	Трубопроводы из легированной стали 12Х1МФ и 15Х1МФ для пара на условное давление 40 МПа	12-03-034-01	т	Трубопровод из легированной стали 12Х1МФ и 15Х1МФ для пара на номинальное давление 40 МПа, диаметр наружный: 133 мм, толщина стенки 14 мм
ГЭСНм	12	12-03-034	Трубопроводы из легированной стали 12Х1МФ и 15Х1МФ для пара на условное давление 40 МПа	12-03-034-02	т	Трубопровод из легированной стали 12Х1МФ и 15Х1МФ для пара на номинальное давление 40 МПа, диаметр наружный: 133 мм, толщина стенки 20 мм
ГЭСНм	12	12-03-034	Трубопроводы из легированной стали 12Х1МФ и 15Х1МФ для пара на условное давление 40 МПа	12-03-034-03	т	Трубопровод из легированной стали 12Х1МФ и 15Х1МФ для пара на номинальное давление 40 МПа, диаметр наружный: 159 мм, толщина стенки 16 мм
ГЭСНм	12	12-03-034	Трубопроводы из легированной стали 12Х1МФ и 15Х1МФ для пара на условное давление 40 МПа	12-03-034-04	т	Трубопровод из легированной стали 12Х1МФ и 15Х1МФ для пара на номинальное давление 40 МПа, диаметр наружный: 194 мм, толщина стенки 20 мм
ГЭСНм	12	12-03-034	Трубопроводы из легированной стали 12Х1МФ и 15Х1МФ для пара на условное давление 40 МПа	12-03-034-05	т	Трубопровод из легированной стали 12Х1МФ и 15Х1МФ для пара на номинальное давление 40 МПа, диаметр наружный: 219 мм, толщина стенки 28 мм
ГЭСНм	12	12-03-034	Трубопроводы из легированной стали 12Х1МФ и 15Х1МФ для пара на условное давление 40 МПа	12-03-034-06	т	Трубопровод из легированной стали 12Х1МФ и 15Х1МФ для пара на номинальное давление 40 МПа, диаметр наружный: 219 мм, толщина стенки 32 мм
ГЭСНм	12	12-03-034	Трубопроводы из легированной стали 12Х1МФ и 15Х1МФ для пара на условное давление 40 МПа	12-03-034-07	т	Трубопровод из легированной стали 12Х1МФ и 15Х1МФ для пара на номинальное давление 40 МПа, диаметр наружный: 273 мм, толщина стенки 26 мм
ГЭСНм	12	12-03-034	Трубопроводы из легированной стали 12Х1МФ и 15Х1МФ для пара на условное давление 40 МПа	12-03-034-08	т	Трубопровод из легированной стали 12Х1МФ и 15Х1МФ для пара на номинальное давление 40 МПа, диаметр наружный: 273 мм, толщина стенки 36 мм
ГЭСНм	12	12-03-034	Трубопроводы из легированной стали 12Х1МФ и 15Х1МФ для пара на условное давление 40 МПа	12-03-034-09	т	Трубопровод из легированной стали 12Х1МФ и 15Х1МФ для пара на номинальное давление 40 МПа, диаметр наружный: 325 мм, толщина стенки 38 мм
ГЭСНм	12	12-03-034	Трубопроводы из легированной стали 12Х1МФ и 15Х1МФ для пара на условное давление 40 МПа	12-03-034-10	т	Трубопровод из легированной стали 12Х1МФ и 15Х1МФ для пара на номинальное давление 40 МПа, диаметр наружный: 377 мм, толщина стенки 50 мм
ГЭСНм	12	12-03-034	Трубопроводы из легированной стали 12Х1МФ и 15Х1МФ для пара на условное давление 40 МПа	12-03-034-11	т	Трубопровод из легированной стали 12Х1МФ и 15Х1МФ для пара на номинальное давление 40 МПа, диаметр наружный: 426 мм, толщина стенки 38 мм
ГЭСНм	12	12-03-035	Трубопроводы из легированной стали 12Х1МФ и 15Х1МФ для пара на условное давление 80 МПа	12-03-035-01	т	Трубопровод из легированной стали 12Х1МФ и 15Х1МФ для пара на номинальное давление 80 МПа, диаметр наружный: 108 мм, толщина стенки 22 мм
ГЭСНм	12	12-03-035	Трубопроводы из легированной стали 12Х1МФ и 15Х1МФ для пара на условное давление 80 МПа	12-03-035-02	т	Трубопровод из легированной стали 12Х1МФ и 15Х1МФ для пара на номинальное давление 80 МПа, диаметр наружный: 159 мм, толщина стенки 32 мм
ГЭСНм	12	12-03-035	Трубопроводы из легированной стали 12Х1МФ и 15Х1МФ для пара на условное давление 80 МПа	12-03-035-03	т	Трубопровод из легированной стали 12Х1МФ и 15Х1МФ для пара на номинальное давление 80 МПа, диаметр наружный: 194 мм, толщина стенки 38 мм
ГЭСНм	12	12-03-035	Трубопроводы из легированной стали 12Х1МФ и 15Х1МФ для пара на условное давление 80 МПа	12-03-035-04	т	Трубопровод из легированной стали 12Х1МФ и 15Х1МФ для пара на номинальное давление 80 МПа, диаметр наружный: 245 мм, толщина стенки 48 мм
ГЭСНм	12	12-03-035	Трубопроводы из легированной стали 12Х1МФ и 15Х1МФ для пара на условное давление 80 МПа	12-03-035-05	т	Трубопровод из легированной стали 12Х1МФ и 15Х1МФ для пара на номинальное давление 80 МПа, диаметр наружный: 273 мм, толщина стенки 52 мм
ГЭСНм	12	12-03-035	Трубопроводы из легированной стали 12Х1МФ и 15Х1МФ для пара на условное давление 80 МПа	12-03-035-06	т	Трубопровод из легированной стали 12Х1МФ и 15Х1МФ для пара на номинальное давление 80 МПа, диаметр наружный: 325 мм, толщина стенки 60 мм
ГЭСНм	12	12-03-035	Трубопроводы из легированной стали 12Х1МФ и 15Х1МФ для пара на условное давление 80 МПа	12-03-035-07	т	Трубопровод из легированной стали 12Х1МФ и 15Х1МФ для пара на номинальное давление 80 МПа, диаметр наружный: 377 мм, толщина стенки 70 мм
ГЭСНм	12	12-03-035	Трубопроводы из легированной стали 12Х1МФ и 15Х1МФ для пара на условное давление 80 МПа	12-03-035-08	т	Трубопровод из легированной стали 12Х1МФ и 15Х1МФ для пара на номинальное давление 80 МПа, диаметр наружный: 426 мм, толщина стенки 80 мм
ГЭСНм	12	12-03-035	Трубопроводы из легированной стали 12Х1МФ и 15Х1МФ для пара на условное давление 80 МПа	12-03-035-09	т	Трубопровод из легированной стали 12Х1МФ и 15Х1МФ для пара на номинальное давление 80 МПа, диаметр наружный: 465 мм, толщина стенки 80 мм
ГЭСНм	12	12-03-036	Трубопроводы из низколегированной стали 17ГС для воды на условное давление 2,2 МПа	12-03-036-01	т	Трубопровод из низколегированной стали 17ГС для воды на номинальное давление 2,2 МПа, диаметр наружный: 530 мм, толщина стенки 8 мм
ГЭСНм	12	12-03-036	Трубопроводы из низколегированной стали 17ГС для воды на условное давление 2,2 МПа	12-03-036-02	т	Трубопровод из низколегированной стали 17ГС для воды на номинальное давление 2,2 МПа, диаметр наружный: 530 мм, толщина стенки 11 мм
ГЭСНм	12	12-03-036	Трубопроводы из низколегированной стали 17ГС для воды на условное давление 2,2 МПа	12-03-036-03	т	Трубопровод из низколегированной стали 17ГС для воды на номинальное давление 2,2 МПа, диаметр наружный: 720 мм, толщина стенки 9 мм
ГЭСНм	12	12-03-036	Трубопроводы из низколегированной стали 17ГС для воды на условное давление 2,2 МПа	12-03-036-04	т	Трубопровод из низколегированной стали 17ГС для воды на номинальное давление 2,2 МПа, диаметр наружный: 720 мм, толщина стенки11 мм
ГЭСНм	12	12-03-036	Трубопроводы из низколегированной стали 17ГС для воды на условное давление 2,2 МПа	12-03-036-05	т	Трубопровод из низколегированной стали 17ГС для воды на номинальное давление 2,2 МПа, диаметр наружный: 820 мм, толщина стенки 9 мм
ГЭСНм	12	12-03-036	Трубопроводы из низколегированной стали 17ГС для воды на условное давление 2,2 МПа	12-03-036-06	т	Трубопровод из низколегированной стали 17ГС для воды на номинальное давление 2,2 МПа, диаметр наружный: 820 мм, толщина стенки 11 мм
ГЭСНм	12	12-03-036	Трубопроводы из низколегированной стали 17ГС для воды на условное давление 2,2 МПа	12-03-036-07	т	Трубопровод из низколегированной стали 17ГС для воды на номинальное давление 2,2 МПа, диаметр наружный: 1020 мм, толщина стенки10 мм
ГЭСНм	12	12-03-036	Трубопроводы из низколегированной стали 17ГС для воды на условное давление 2,2 МПа	12-03-036-08	т	Трубопровод из низколегированной стали 17ГС для воды на номинальное давление 2,2 МПа, диаметр наружный: 1020 мм, толщина стенки 14 мм
ГЭСНм	12	12-03-036	Трубопроводы из низколегированной стали 17ГС для воды на условное давление 2,2 МПа	12-03-036-09	т	Трубопровод из низколегированной стали 17ГС для воды на номинальное давление 2,2 МПа, диаметр наружный: 1220 мм, толщина стенки 14 мм
ГЭСНм	12	12-03-037	Трубопроводы из низколегированной стали 16ГС для воды на условное давление 6,3 МПа	12-03-037-01	т	Трубопровод из низколегированной стали 16ГС для воды на номинальное давление 6,3 МПа, диаметр наружный: 630 мм, толщина стенки 17 мм
ГЭСНм	12	12-03-037	Трубопроводы из низколегированной стали 16ГС для воды на условное давление 6,3 МПа	12-03-037-02	т	Трубопровод из низколегированной стали 16ГС для воды на номинальное давление 6,3 МПа, диаметр наружный: 630 мм, толщина стенки 25 мм
ГЭСНм	12	12-03-037	Трубопроводы из низколегированной стали 16ГС для воды на условное давление 6,3 МПа	12-03-037-03	т	Трубопровод из низколегированной стали 16ГС для воды на номинальное давление 6,3 МПа, диаметр наружный: 720 мм, толщина стенки 22 мм
ГЭСНм	12	12-03-038	Трубопроводы из низколегированной стали 15ГС для воды на условное давление 20 МПа	12-03-038-01	т	Трубопровод из низколегированной стали 15ГС для воды на номинальное давление 20 МПа, диаметр наружный: 133 мм, толщина стенки 13 мм
ГЭСНм	12	12-03-038	Трубопроводы из низколегированной стали 15ГС для воды на условное давление 20 МПа	12-03-038-02	т	Трубопровод из низколегированной стали 15ГС для воды на номинальное давление 20 МПа, диаметр наружный: 194 мм, толщина стенки 15 мм
ГЭСНм	12	12-03-038	Трубопроводы из низколегированной стали 15ГС для воды на условное давление 20 МПа	12-03-038-03	т	Трубопровод из низколегированной стали 15ГС для воды на номинальное давление 20 МПа, диаметр наружный: 219 мм, толщина стенки 16 мм
ГЭСНм	12	12-03-038	Трубопроводы из низколегированной стали 15ГС для воды на условное давление 20 МПа	12-03-038-04	т	Трубопровод из низколегированной стали 15ГС для воды на номинальное давление 20 МПа, диаметр наружный: 273 мм, толщина стенки 20 мм
ГЭСНм	12	12-03-038	Трубопроводы из низколегированной стали 15ГС для воды на условное давление 20 МПа	12-03-038-05	т	Трубопровод из низколегированной стали 15ГС для воды на номинальное давление 20 МПа, диаметр наружный: 325 мм, толщина стенки 22 мм
ГЭСНм	12	12-03-038	Трубопроводы из низколегированной стали 15ГС для воды на условное давление 20 МПа	12-03-038-06	т	Трубопровод из низколегированной стали 15ГС для воды на номинальное давление 20 МПа, диаметр наружный: 377 мм, толщина стенки 26 мм
ГЭСНм	12	12-03-039	Трубопроводы из низколегированной стали 15ГС для воды на условное давление 25 МПа	12-03-039-01	т	Трубопровод из низколегированной стали 15ГС для воды на номинальное давление 25 МПа, диаметр наружный: 194 мм, толщина стенки 17 мм
ГЭСНм	12	12-03-039	Трубопроводы из низколегированной стали 15ГС для воды на условное давление 25 МПа	12-03-039-02	т	Трубопровод из низколегированной стали 15ГС для воды на номинальное давление 25 МПа, диаметр наружный: 219 мм, толщина стенки 19 мм
ГЭСНм	12	12-03-039	Трубопроводы из низколегированной стали 15ГС для воды на условное давление 25 МПа	12-03-039-03	т	Трубопровод из низколегированной стали 15ГС для воды на номинальное давление 25 МПа, диаметр наружный: 273 мм, толщина стенки 24 мм
ГЭСНм	12	12-03-039	Трубопроводы из низколегированной стали 15ГС для воды на условное давление 25 МПа	12-03-039-04	т	Трубопровод из низколегированной стали 15ГС для воды на номинальное давление 25 МПа, диаметр наружный: 325 мм, толщина стенки 28 мм
ГЭСНм	12	12-03-039	Трубопроводы из низколегированной стали 15ГС для воды на условное давление 25 МПа	12-03-039-05	т	Трубопровод из низколегированной стали 15ГС для воды на номинальное давление 25 МПа, диаметр наружный: 377 мм, толщина стенки 32 мм
ГЭСНм	12	12-03-039	Трубопроводы из низколегированной стали 15ГС для воды на условное давление 25 МПа	12-03-039-06	т	Трубопровод из низколегированной стали 15ГС для воды на номинальное давление 25 МПа, диаметр наружный: 426 мм, толщина стенки 36 мм
ГЭСНм	12	12-03-040	Трубопроводы из низколегированной стали 15ГС для воды на условное давление 50 МПа	12-03-040-01	т	Трубопровод из низколегированной стали 15ГС для воды на номинальное давление 50 МПа, диаметр наружный: 133 мм, толщина стенки 18 мм
ГЭСНм	12	12-03-040	Трубопроводы из низколегированной стали 15ГС для воды на условное давление 50 МПа	12-03-040-02	т	Трубопровод из низколегированной стали 15ГС для воды на номинальное давление 50 МПа, диаметр наружный: 194 мм, толщина стенки 26 мм
ГЭСНм	12	12-03-040	Трубопроводы из низколегированной стали 15ГС для воды на условное давление 50 МПа	12-03-040-03	т	Трубопровод из низколегированной стали 15ГС для воды на номинальное давление 50 МПа, диаметр наружный: 273 мм, толщина стенки 36 мм
ГЭСНм	12	12-03-040	Трубопроводы из низколегированной стали 15ГС для воды на условное давление 50 МПа	12-03-040-04	т	Трубопровод из низколегированной стали 15ГС для воды на номинальное давление 50 МПа, диаметр наружный: 325 мм, толщина стенки 42 мм
ГЭСНм	12	12-03-040	Трубопроводы из низколегированной стали 15ГС для воды на условное давление 50 МПа	12-03-040-05	т	Трубопровод из низколегированной стали 15ГС для воды на номинальное давление 50 МПа, диаметр наружный: 377 мм, толщина стенки 50 мм
ГЭСНм	12	12-03-040	Трубопроводы из низколегированной стали 15ГС для воды на условное давление 50 МПа	12-03-040-06	т	Трубопровод из низколегированной стали 15ГС для воды на номинальное давление 50 МПа, диаметр наружный: 465 мм, толщина стенки 60 мм
ГЭСНм	12	12-03-040	Трубопроводы из низколегированной стали 15ГС для воды на условное давление 50 МПа	12-03-040-07	т	Трубопровод из низколегированной стали 15ГС для воды на номинальное давление 50 МПа, диаметр наружный: 530 мм, толщина стенки 65 мм
ГЭСНм	12	12-03-041	Трубопроводы водоподготовительных установок и химводоочисток из стальных гуммированных или фаолитированных труб из готовых отводов внутри зданий	12-03-041-01	м	Трубопровод водоподготовительных установок и химводоочисток из стальных гуммированных или фаолитированных труб из готовых отводов внутри зданий, диаметр наружный: 57 мм, толщина стенки 3 мм
ГЭСНм	12	12-03-041	Трубопроводы водоподготовительных установок и химводоочисток из стальных гуммированных или фаолитированных труб из готовых отводов внутри зданий	12-03-041-02	м	Трубопровод водоподготовительных установок и химводоочисток из стальных гуммированных или фаолитированных труб из готовых отводов внутри зданий, диаметр наружный: 76 мм, толщина стенки 3 мм
ГЭСНм	12	12-03-041	Трубопроводы водоподготовительных установок и химводоочисток из стальных гуммированных или фаолитированных труб из готовых отводов внутри зданий	12-03-041-03	м	Трубопровод водоподготовительных установок и химводоочисток из стальных гуммированных или фаолитированных труб из готовых отводов внутри зданий, диаметр наружный: 89 мм, толщина стенки 3,5 мм
ГЭСНм	12	12-03-041	Трубопроводы водоподготовительных установок и химводоочисток из стальных гуммированных или фаолитированных труб из готовых отводов внутри зданий	12-03-041-04	м	Трубопровод водоподготовительных установок и химводоочисток из стальных гуммированных или фаолитированных труб из готовых отводов внутри зданий, диаметр наружный: 108 мм, толщина стенки 4 мм
ГЭСНм	12	12-03-041	Трубопроводы водоподготовительных установок и химводоочисток из стальных гуммированных или фаолитированных труб из готовых отводов внутри зданий	12-03-041-05	м	Трубопровод водоподготовительных установок и химводоочисток из стальных гуммированных или фаолитированных труб из готовых отводов внутри зданий, диаметр наружный: 133 мм, толщина стенки 4 мм
ГЭСНм	12	12-03-041	Трубопроводы водоподготовительных установок и химводоочисток из стальных гуммированных или фаолитированных труб из готовых отводов внутри зданий	12-03-041-06	м	Трубопровод водоподготовительных установок и химводоочисток из стальных гуммированных или фаолитированных труб из готовых отводов внутри зданий, диаметр наружный: 159 мм, толщина стенки 4,5 мм
ГЭСНм	12	12-03-041	Трубопроводы водоподготовительных установок и химводоочисток из стальных гуммированных или фаолитированных труб из готовых отводов внутри зданий	12-03-041-07	м	Трубопровод водоподготовительных установок и химводоочисток из стальных гуммированных или фаолитированных труб из готовых отводов внутри зданий, диаметр наружный: 219 мм, толщина стенки 6 мм
ГЭСНм	12	12-03-041	Трубопроводы водоподготовительных установок и химводоочисток из стальных гуммированных или фаолитированных труб из готовых отводов внутри зданий	12-03-041-08	м	Трубопровод водоподготовительных установок и химводоочисток из стальных гуммированных или фаолитированных труб из готовых отводов внутри зданий, диаметр наружный: 273 мм, толщина стенки 7 мм
ГЭСНм	12	12-03-041	Трубопроводы водоподготовительных установок и химводоочисток из стальных гуммированных или фаолитированных труб из готовых отводов внутри зданий	12-03-041-09	м	Трубопровод водоподготовительных установок и химводоочисток из стальных гуммированных или фаолитированных труб из готовых отводов внутри зданий, диаметр наружный: 325 мм, толщина стенки 8 мм
ГЭСНм	12	12-03-041	Трубопроводы водоподготовительных установок и химводоочисток из стальных гуммированных или фаолитированных труб из готовых отводов внутри зданий	12-03-041-10	м	Трубопровод водоподготовительных установок и химводоочисток из стальных гуммированных или фаолитированных труб из готовых отводов внутри зданий, диаметр наружный: 377 мм, толщина стенки 9 мм
ГЭСНм	12	12-03-042	Трубопроводы водоподготовительных установок и химводоочисток из стальных гуммированных или фаолитированных труб из готовых отводов на эстакадах	12-03-042-01	м	Трубопровод водоподготовительных установок и химводоочисток из стальных гуммированных или фаолитированных труб из готовых отводов на эстакадах, диаметр наружный: 108 мм, толщина стенки 4 мм
ГЭСНм	12	12-03-042	Трубопроводы водоподготовительных установок и химводоочисток из стальных гуммированных или фаолитированных труб из готовых отводов на эстакадах	12-03-042-02	м	Трубопровод водоподготовительных установок и химводоочисток из стальных гуммированных или фаолитированных труб из готовых отводов на эстакадах, диаметр наружный: 159 мм, толщина стенки 5 мм
ГЭСНм	12	12-03-042	Трубопроводы водоподготовительных установок и химводоочисток из стальных гуммированных или фаолитированных труб из готовых отводов на эстакадах	12-03-042-03	м	Трубопровод водоподготовительных установок и химводоочисток из стальных гуммированных или фаолитированных труб из готовых отводов на эстакадах, диаметр наружный: 219 мм, толщина стенки 7 мм
ГЭСНм	12	12-07-001	Трубные проводки из водогазопроводных труб	12-07-001-01	1000 м	Трубная проводка из водогазопроводных труб углеродистых и низколегированных сталей на соединениях: разъемных, номинальный диаметр 25 мм
ГЭСНм	12	12-07-001	Трубные проводки из водогазопроводных труб	12-07-001-02	1000 м	Трубная проводка из водогазопроводных труб углеродистых и низколегированных сталей на соединениях: разъемных, номинальный диаметр 50 мм
ГЭСНм	12	12-07-001	Трубные проводки из водогазопроводных труб	12-07-001-03	1000 м	Трубная проводка из водогазопроводных труб углеродистых и низколегированных сталей на соединениях: сварных, номинальный диаметр 25 мм
ГЭСНм	12	12-07-001	Трубные проводки из водогазопроводных труб	12-07-001-04	1000 м	Трубная проводка из водогазопроводных труб углеродистых и низколегированных сталей на соединениях: сварных, номинальный диаметр 50 мм
ГЭСНм	12	12-07-002	Трубные проводки из бесшовных труб на условное давление до 10 МПа	12-07-002-01	1000 м	Трубная проводка из бесшовных труб углеродистых и низколегированных сталей на номинальное давление до 10 МПа на соединениях: разъемных, диаметр наружный 10 мм
ГЭСНм	12	12-07-002	Трубные проводки из бесшовных труб на условное давление до 10 МПа	12-07-002-02	1000 м	Трубная проводка из бесшовных труб углеродистых и низколегированных сталей на номинальное давление до 10 МПа на соединениях: разъемных, диаметр наружный 22 мм
ГЭСНм	12	12-07-002	Трубные проводки из бесшовных труб на условное давление до 10 МПа	12-07-002-03	1000 м	Трубная проводка из бесшовных труб углеродистых и низколегированных сталей на номинальное давление до 10 МПа на соединениях: сварных, диаметр наружный 10 мм
ГЭСНм	12	12-07-002	Трубные проводки из бесшовных труб на условное давление до 10 МПа	12-07-002-04	1000 м	Трубная проводка из бесшовных труб углеродистых и низколегированных сталей на номинальное давление до 10 МПа на соединениях: сварных, диаметр наружный 22 мм
ГЭСНм	12	12-07-004	Трубные проводки из стальных труб и труб из цветных металлов, прокладываемые блоками	12-07-004-01	1000 м	Трубная проводка из труб: стальных углеродистых и низколегированных сталей диаметром 10 мм, прокладываемая блоками
ГЭСНм	12	12-07-004	Трубные проводки из стальных труб и труб из цветных металлов, прокладываемые блоками	12-07-004-02	1000 м	Трубная проводка из труб: цветных металлов диаметром 10 мм, прокладываемая блоками
ГЭСНм	12	12-07-015	Трубные проводки из бесшовных труб на условное давление до 10 МПа	12-07-015-01	1000 м	Трубная проводка из бесшовных труб легированных и коррозионно-стойких сталей на номинальное давление до 10 МПа на соединениях: разъемных, диаметр наружный 10 мм
ГЭСНм	12	12-07-015	Трубные проводки из бесшовных труб на условное давление до 10 МПа	12-07-015-02	1000 м	Трубная проводка из бесшовных труб легированных и коррозионно-стойких сталей на номинальное давление до 10 МПа на соединениях: разъемных, диаметр наружный 22 мм
ГЭСНм	12	12-07-015	Трубные проводки из бесшовных труб на условное давление до 10 МПа	12-07-015-03	1000 м	Трубная проводка из бесшовных труб легированных и коррозионно-стойких сталей на номинальное давление до 10 МПа на соединениях: сварных, диаметр наружный 10 мм
ГЭСНм	12	12-07-015	Трубные проводки из бесшовных труб на условное давление до 10 МПа	12-07-015-04	1000 м	Трубная проводка из бесшовных труб легированных и коррозионно-стойких сталей на номинальное давление до 10 МПа на соединениях: сварных, диаметр наружный 22 мм
ГЭСНм	12	12-07-016	Трубные проводки систем обогрева	12-07-016-01	1000 м	Трубная проводка систем обогрева из труб легированных и коррозионно-стойких сталей, диаметр наружный 22 мм
ГЭСНм	12	12-07-027	Трубные проводки из труб цветных металлов	12-07-027-01	100 м	Трубная проводка из труб цветных металлов, диаметр наружный 10 мм
ГЭСНм	12	12-07-038	Трубные проводки из пластмассовых труб по металлоконструкциям в защитных трубах, по лоткам и в коробах	12-07-038-01	1000 м	Трубная проводка из пластмассовых труб по металлоконструкциям в защитных трубах, по лоткам и в коробах, диаметр труб номинальный 10 мм
ГЭСНм	12	12-08-001	Трубопроводы дренчерных установок водяного и пенного пожаротушения из стальных труб, монтируемые из готовых узлов	12-08-001-01	100 м	Трубопровод дренчерных установок водяного и пенного пожаротушения из стальных труб, монтируемый из готовых узлов, номинальный диаметр: 40 мм
ГЭСНм	12	12-08-001	Трубопроводы дренчерных установок водяного и пенного пожаротушения из стальных труб, монтируемые из готовых узлов	12-08-001-02	100 м	Трубопровод дренчерных установок водяного и пенного пожаротушения из стальных труб, монтируемый из готовых узлов, номинальный диаметр: 50 мм
ГЭСНм	12	12-08-001	Трубопроводы дренчерных установок водяного и пенного пожаротушения из стальных труб, монтируемые из готовых узлов	12-08-001-03	100 м	Трубопровод дренчерных установок водяного и пенного пожаротушения из стальных труб, монтируемый из готовых узлов, номинальный диаметр: 100 мм
ГЭСНм	12	12-08-001	Трубопроводы дренчерных установок водяного и пенного пожаротушения из стальных труб, монтируемые из готовых узлов	12-08-001-04	100 м	Трубопровод дренчерных установок водяного и пенного пожаротушения из стальных труб, монтируемый из готовых узлов, номинальный диаметр: 150 мм
ГЭСНм	12	12-08-001	Трубопроводы дренчерных установок водяного и пенного пожаротушения из стальных труб, монтируемые из готовых узлов	12-08-001-05	100 м	Трубопровод дренчерных установок водяного и пенного пожаротушения из стальных труб, монтируемый из готовых узлов, номинальный диаметр: 200 мм
ГЭСНм	12	12-08-001	Трубопроводы дренчерных установок водяного и пенного пожаротушения из стальных труб, монтируемые из готовых узлов	12-08-001-06	100 м	Трубопровод дренчерных установок водяного и пенного пожаротушения из стальных труб, монтируемый из готовых узлов, номинальный диаметр: 250 мм
ГЭСНм	12	12-08-002	Трубопроводы спринклерных установок водяного и пенного пожаротушения и побудительный из стальных труб, монтируемые из готовых узлов	12-08-002-01	100 м	Трубопровод спринклерных установок водяного и пенного пожаротушения и побудительный из стальных труб, монтируемый из готовых узлов, номинальный диаметр: 40 мм
ГЭСНм	12	12-08-002	Трубопроводы спринклерных установок водяного и пенного пожаротушения и побудительный из стальных труб, монтируемые из готовых узлов	12-08-002-02	100 м	Трубопровод спринклерных установок водяного и пенного пожаротушения и побудительный из стальных труб, монтируемый из готовых узлов, номинальный диаметр: 50 мм
ГЭСНм	12	12-08-002	Трубопроводы спринклерных установок водяного и пенного пожаротушения и побудительный из стальных труб, монтируемые из готовых узлов	12-08-002-03	100 м	Трубопровод спринклерных установок водяного и пенного пожаротушения и побудительный из стальных труб, монтируемый из готовых узлов, номинальный диаметр: 100 мм
ГЭСНм	12	12-08-002	Трубопроводы спринклерных установок водяного и пенного пожаротушения и побудительный из стальных труб, монтируемые из готовых узлов	12-08-002-04	100 м	Трубопровод спринклерных установок водяного и пенного пожаротушения и побудительный из стальных труб, монтируемый из готовых узлов, номинальный диаметр: 150 мм
ГЭСНм	12	12-08-002	Трубопроводы спринклерных установок водяного и пенного пожаротушения и побудительный из стальных труб, монтируемые из готовых узлов	12-08-002-05	100 м	Трубопровод спринклерных установок водяного и пенного пожаротушения и побудительный из стальных труб, монтируемый из готовых узлов, номинальный диаметр: 200 мм
ГЭСНм	12	12-08-002	Трубопроводы спринклерных установок водяного и пенного пожаротушения и побудительный из стальных труб, монтируемые из готовых узлов	12-08-002-06	100 м	Трубопровод спринклерных установок водяного и пенного пожаротушения и побудительный из стальных труб, монтируемый из готовых узлов, номинальный диаметр: 250 мм
ГЭСНм	12	12-08-003	Трубопроводы установок газового пожаротушения из стальных труб, монтируемые из готовых узлов	12-08-003-01	1000 м	Трубопровод установок газового пожаротушения из стальных труб, монтируемый из готовых узлов, номинальный диаметр: 10 мм
ГЭСНм	12	12-08-003	Трубопроводы установок газового пожаротушения из стальных труб, монтируемые из готовых узлов	12-08-003-02	1000 м	Трубопровод установок газового пожаротушения из стальных труб, монтируемый из готовых узлов, номинальный диаметр: 32 мм
ГЭСНм	12	12-08-003	Трубопроводы установок газового пожаротушения из стальных труб, монтируемые из готовых узлов	12-08-003-03	1000 м	Трубопровод установок газового пожаротушения из стальных труб, монтируемый из готовых узлов, номинальный диаметр: 50 мм
ГЭСНм	12	12-08-003	Трубопроводы установок газового пожаротушения из стальных труб, монтируемые из готовых узлов	12-08-003-04	1000 м	Трубопровод установок газового пожаротушения из стальных труб, монтируемый из готовых узлов, номинальный диаметр: 80 мм
ГЭСНм	12	12-08-004	Трубопроводы в помещениях с подвесными потолками	12-08-004-01	1000 м	Трубопровод спринклерных установок водяного пожаротушения и побудительный из стальных труб, монтируемый из готовых узлов в помещениях с подвесными потолками, номинальный диаметр до 40 мм
ГЭСНм	12	12-08-004	Трубопроводы в помещениях с подвесными потолками	12-08-004-02	1000 м	Трубопровод установок газового пожаротушения из стальных труб, монтируемый из готовых узлов в помещениях с подвесными потолками, номинальный диаметр до 32 мм
ГЭСНм	12	12-08-005	Оросители, насадки, генераторы пены	12-08-005-01	100 шт	Оросители, насадки установок водяного и пенного пожаротушения: спринклерные
ГЭСНм	12	12-08-005	Оросители, насадки, генераторы пены	12-08-005-02	100 шт	Оросители, насадки установок водяного и пенного пожаротушения: спринклерные с декоративной розеткой
ГЭСНм	12	12-08-005	Оросители, насадки, генераторы пены	12-08-005-03	100 шт	Оросители, насадки установок водяного и пенного пожаротушения дренчерные, номинальный диаметр: до 16 мм
ГЭСНм	12	12-08-005	Оросители, насадки, генераторы пены	12-08-005-04	100 шт	Оросители, насадки установок водяного и пенного пожаротушения дренчерные, номинальный диаметр: свыше 16 до 25 мм
ГЭСНм	12	12-08-005	Оросители, насадки, генераторы пены	12-08-005-05	100 шт	Оросители, насадки установок водяного и пенного пожаротушения дренчерные, номинальный диаметр: свыше 25 до 40 мм
ГЭСНм	12	12-08-005	Оросители, насадки, генераторы пены	12-08-005-06	100 шт	Оросители, насадки установок водяного и пенного пожаротушения дренчерные, номинальный диаметр: свыше 40 до 50 мм
ГЭСНм	12	12-08-005	Оросители, насадки, генераторы пены	12-08-005-07	100 шт	Генераторы пены, номинальный диаметр: до 50 мм
ГЭСНм	12	12-08-005	Оросители, насадки, генераторы пены	12-08-005-08	100 шт	Генераторы пены, номинальный диаметр: свыше 50 до 75 мм
ГЭСНм	12	12-08-005	Оросители, насадки, генераторы пены	12-08-005-09	100 шт	Генераторы пены, номинальный диаметр: свыше 75 до 100 мм
ГЭСНм	12	12-08-005	Оросители, насадки, генераторы пены	12-08-005-10	100 шт	Оросители, насадки газового пожаротушения: без декоративной розетки
ГЭСНм	12	12-08-005	Оросители, насадки, генераторы пены	12-08-005-11	100 шт	Оросители, насадки газового пожаротушения: с декоративной розеткой
ГЭСНм	12	12-08-006	Арматура тросовой побудительной системы	12-08-006-01	100 шт	Устройство ручного пуска, приспособление натяжения троса
ГЭСНм	12	12-08-006	Арматура тросовой побудительной системы	12-08-006-02	100 шт	Ролик натяжения троса
ГЭСНм	12	12-08-006	Арматура тросовой побудительной системы	12-08-006-03	1000 м	Трос с замками тросовой системы
ГЭСНм	12	12-08-007	Разные работы	12-08-007-01	100 м3	Приготовление раствора пенообразования и заполнения им пневмобака
ГЭСНм	12	12-08-007	Разные работы	12-08-007-02	100 м3	Заполнение бака пенообразователем
ГЭСНм	12	12-08-008	Трубопроводы установок автоматического пожаротушения из углеродистых сталей, монтируемые из готовых узлов	12-08-008-01	100 м	Трубопроводы установок автоматического пожаротушения из углеродистых сталей, монтируемые из готовых узлов, диаметр трубопровода наружный: 32 мм
ГЭСНм	12	12-08-008	Трубопроводы установок автоматического пожаротушения из углеродистых сталей, монтируемые из готовых узлов	12-08-008-02	100 м	Трубопроводы установок автоматического пожаротушения из углеродистых сталей, монтируемые из готовых узлов, диаметр трубопровода наружный: 57 мм
ГЭСНм	12	12-08-008	Трубопроводы установок автоматического пожаротушения из углеродистых сталей, монтируемые из готовых узлов	12-08-008-03	100 м	Трубопроводы установок автоматического пожаротушения из углеродистых сталей, монтируемые из готовых узлов, диаметр трубопровода наружный: 76 мм
ГЭСНм	12	12-08-008	Трубопроводы установок автоматического пожаротушения из углеродистых сталей, монтируемые из готовых узлов	12-08-008-04	100 м	Трубопроводы установок автоматического пожаротушения из углеродистых сталей, монтируемые из готовых узлов, диаметр трубопровода наружный: 89 мм
ГЭСНм	12	12-08-008	Трубопроводы установок автоматического пожаротушения из углеродистых сталей, монтируемые из готовых узлов	12-08-008-05	100 м	Трубопроводы установок автоматического пожаротушения из углеродистых сталей, монтируемые из готовых узлов, диаметр трубопровода наружный: 108 мм
ГЭСНм	12	12-08-008	Трубопроводы установок автоматического пожаротушения из углеродистых сталей, монтируемые из готовых узлов	12-08-008-06	100 м	Трубопроводы установок автоматического пожаротушения из углеродистых сталей, монтируемые из готовых узлов, диаметр трубопровода наружный: 133 мм
ГЭСНм	12	12-08-008	Трубопроводы установок автоматического пожаротушения из углеродистых сталей, монтируемые из готовых узлов	12-08-008-07	100 м	Трубопроводы установок автоматического пожаротушения из углеродистых сталей, монтируемые из готовых узлов, диаметр трубопровода наружный: 159 мм
ГЭСНм	12	12-08-008	Трубопроводы установок автоматического пожаротушения из углеродистых сталей, монтируемые из готовых узлов	12-08-008-08	100 м	Трубопроводы установок автоматического пожаротушения из углеродистых сталей, монтируемые из готовых узлов, диаметр трубопровода наружный: 219 мм
ГЭСНм	12	12-08-008	Трубопроводы установок автоматического пожаротушения из углеродистых сталей, монтируемые из готовых узлов	12-08-008-09	100 м	Трубопроводы установок автоматического пожаротушения из углеродистых сталей, монтируемые из готовых узлов, диаметр трубопровода наружный: 273 мм
ГЭСНм	12	12-08-008	Трубопроводы установок автоматического пожаротушения из углеродистых сталей, монтируемые из готовых узлов	12-08-008-10	1 стык	Добавлять на 1 стык, диаметр трубопровода наружный: 32 мм
ГЭСНм	12	12-08-008	Трубопроводы установок автоматического пожаротушения из углеродистых сталей, монтируемые из готовых узлов	12-08-008-11	1 стык	Добавлять на 1 стык, диаметр трубопровода наружный: 57 мм
ГЭСНм	12	12-08-008	Трубопроводы установок автоматического пожаротушения из углеродистых сталей, монтируемые из готовых узлов	12-08-008-12	1 стык	Добавлять на 1 стык, диаметр трубопровода наружный: 76 мм
ГЭСНм	12	12-08-008	Трубопроводы установок автоматического пожаротушения из углеродистых сталей, монтируемые из готовых узлов	12-08-008-13	1 стык	Добавлять на 1 стык, диаметр трубопровода наружный: 89 мм
ГЭСНм	12	12-08-008	Трубопроводы установок автоматического пожаротушения из углеродистых сталей, монтируемые из готовых узлов	12-08-008-14	1 стык	Добавлять на 1 стык, диаметр трубопровода наружный: 108 мм
ГЭСНм	12	12-08-008	Трубопроводы установок автоматического пожаротушения из углеродистых сталей, монтируемые из готовых узлов	12-08-008-15	1 стык	Добавлять на 1 стык, диаметр трубопровода наружный: 133 мм
ГЭСНм	12	12-08-008	Трубопроводы установок автоматического пожаротушения из углеродистых сталей, монтируемые из готовых узлов	12-08-008-16	1 стык	Добавлять на 1 стык, диаметр трубопровода наружный: 159 мм
ГЭСНм	12	12-08-008	Трубопроводы установок автоматического пожаротушения из углеродистых сталей, монтируемые из готовых узлов	12-08-008-17	1 стык	Добавлять на 1 стык, диаметр трубопровода наружный: 219 мм
ГЭСНм	12	12-08-008	Трубопроводы установок автоматического пожаротушения из углеродистых сталей, монтируемые из готовых узлов	12-08-008-18	1 стык	Добавлять на 1 стык, диаметр трубопровода наружный: 273 мм
ГЭСНм	12	12-08-009	Устройство трубопроводов из огнестойких полипропиленовых труб и фитингов, армированных стекловолокном и базальтом, для систем водяного и пенного пожаротушения	12-08-009-01	100 сварных соединений	Сборка узла трубопровода из огнестойких полипропиленовых труб и фитингов, армированных стекловолокном и базальтом, для систем водяного и пенного пожаротушения, раструбная сварка, наружный диаметр: 25 
ГЭСНм	12	12-08-009	Устройство трубопроводов из огнестойких полипропиленовых труб и фитингов, армированных стекловолокном и базальтом, для систем водяного и пенного пожаротушения	12-08-009-02	100 сварных соединений	Сборка узла трубопровода из огнестойких полипропиленовых труб и фитингов, армированных стекловолокном и базальтом, для систем водяного и пенного пожаротушения, раструбная сварка, наружный диаметр: 32 
ГЭСНм	12	12-08-009	Устройство трубопроводов из огнестойких полипропиленовых труб и фитингов, армированных стекловолокном и базальтом, для систем водяного и пенного пожаротушения	12-08-009-03	100 сварных соединений	Сборка узла трубопровода из огнестойких полипропиленовых труб и фитингов, армированных стекловолокном и базальтом, для систем водяного и пенного пожаротушения, раструбная сварка, наружный диаметр: 40 
ГЭСНм	12	12-08-009	Устройство трубопроводов из огнестойких полипропиленовых труб и фитингов, армированных стекловолокном и базальтом, для систем водяного и пенного пожаротушения	12-08-009-04	100 сварных соединений	Сборка узла трубопровода из огнестойких полипропиленовых труб и фитингов, армированных стекловолокном и базальтом, для систем водяного и пенного пожаротушения, раструбная сварка, наружный диаметр: 50 
ГЭСНм	12	12-08-009	Устройство трубопроводов из огнестойких полипропиленовых труб и фитингов, армированных стекловолокном и базальтом, для систем водяного и пенного пожаротушения	12-08-009-05	100 сварных соединений	Сборка узла трубопровода из огнестойких полипропиленовых труб и фитингов, армированных стекловолокном и базальтом, для систем водяного и пенного пожаротушения, раструбная сварка, наружный диаметр: 63 
ГЭСНм	12	12-08-009	Устройство трубопроводов из огнестойких полипропиленовых труб и фитингов, армированных стекловолокном и базальтом, для систем водяного и пенного пожаротушения	12-08-009-06	100 сварных соединений	Сборка узла трубопровода из огнестойких полипропиленовых труб и фитингов, армированных стекловолокном и базальтом, для систем водяного и пенного пожаротушения, раструбная сварка, наружный диаметр: 75 
ГЭСНм	12	12-08-009	Устройство трубопроводов из огнестойких полипропиленовых труб и фитингов, армированных стекловолокном и базальтом, для систем водяного и пенного пожаротушения	12-08-009-07	100 сварных соединений	Сборка узла трубопровода из огнестойких полипропиленовых труб и фитингов, армированных стекловолокном и базальтом, для систем водяного и пенного пожаротушения, раструбная сварка, наружный диаметр: 90 
ГЭСНм	12	12-08-009	Устройство трубопроводов из огнестойких полипропиленовых труб и фитингов, армированных стекловолокном и базальтом, для систем водяного и пенного пожаротушения	12-08-009-08	100 сварных соединений	Сборка узла трубопровода из огнестойких полипропиленовых труб и фитингов, армированных стекловолокном и базальтом, для систем водяного и пенного пожаротушения, раструбная сварка, наружный диаметр: 110
ГЭСНм	12	12-08-009	Устройство трубопроводов из огнестойких полипропиленовых труб и фитингов, армированных стекловолокном и базальтом, для систем водяного и пенного пожаротушения	12-08-009-09	100 фланцевых соединений	Сборка узла трубопровода из огнестойких полипропиленовых труб и фитингов, армированных стекловолокном и базальтом, для систем водяного и пенного пожаротушения, фланцевое соединение, наружный диаметр 4
ГЭСНм	12	12-08-009	Устройство трубопроводов из огнестойких полипропиленовых труб и фитингов, армированных стекловолокном и базальтом, для систем водяного и пенного пожаротушения	12-08-009-10	100 м	Прокладка трубопровода из огнестойких полипропиленовых труб и фитингов, армированных стекловолокном и базальтом, для систем водяного и пенного пожаротушения, из заранее собранных узлов, наружный диаме
ГЭСНм	12	12-08-009	Устройство трубопроводов из огнестойких полипропиленовых труб и фитингов, армированных стекловолокном и базальтом, для систем водяного и пенного пожаротушения	12-08-009-11	100 м	Прокладка трубопровода из огнестойких полипропиленовых труб и фитингов, армированных стекловолокном и базальтом, для систем водяного и пенного пожаротушения, из заранее собранных узлов, наружный диаме
ГЭСНм	12	12-08-009	Устройство трубопроводов из огнестойких полипропиленовых труб и фитингов, армированных стекловолокном и базальтом, для систем водяного и пенного пожаротушения	12-08-009-12	100 м	Прокладка трубопровода из огнестойких полипропиленовых труб и фитингов, армированных стекловолокном и базальтом, для систем водяного и пенного пожаротушения, из заранее собранных узлов, наружный диаме
ГЭСНм	12	12-08-009	Устройство трубопроводов из огнестойких полипропиленовых труб и фитингов, армированных стекловолокном и базальтом, для систем водяного и пенного пожаротушения	12-08-009-13	100 м	Прокладка трубопровода из огнестойких полипропиленовых труб и фитингов, армированных стекловолокном и базальтом, для систем водяного и пенного пожаротушения, из заранее собранных узлов, наружный диаме
ГЭСНм	12	12-08-009	Устройство трубопроводов из огнестойких полипропиленовых труб и фитингов, армированных стекловолокном и базальтом, для систем водяного и пенного пожаротушения	12-08-009-14	100 м	Прокладка трубопровода из огнестойких полипропиленовых труб и фитингов, армированных стекловолокном и базальтом, для систем водяного и пенного пожаротушения, из заранее собранных узлов, наружный диаме
ГЭСНм	12	12-08-009	Устройство трубопроводов из огнестойких полипропиленовых труб и фитингов, армированных стекловолокном и базальтом, для систем водяного и пенного пожаротушения	12-08-009-15	100 м	Прокладка трубопровода из огнестойких полипропиленовых труб и фитингов, армированных стекловолокном и базальтом, для систем водяного и пенного пожаротушения, из заранее собранных узлов, наружный диаме
ГЭСНм	12	12-08-009	Устройство трубопроводов из огнестойких полипропиленовых труб и фитингов, армированных стекловолокном и базальтом, для систем водяного и пенного пожаротушения	12-08-009-16	100 м	Прокладка трубопровода из огнестойких полипропиленовых труб и фитингов, армированных стекловолокном и базальтом, для систем водяного и пенного пожаротушения, из заранее собранных узлов, наружный диаме
ГЭСНм	12	12-08-009	Устройство трубопроводов из огнестойких полипропиленовых труб и фитингов, армированных стекловолокном и базальтом, для систем водяного и пенного пожаротушения	12-08-009-17	100 м	Прокладка трубопровода из огнестойких полипропиленовых труб и фитингов, армированных стекловолокном и базальтом, для систем водяного и пенного пожаротушения, из заранее собранных узлов, наружный диаме
ГЭСНм	12	12-09-001	Компенсаторы стальные сальниковые двухсторонние на условное давление 1,6 МПа	12-09-001-01	10 шт	Компенсатор стальной сальниковый двухсторонний на номинальное давление 1,6 МПа, номинальный диаметр: 100 мм
ГЭСНм	12	12-09-001	Компенсаторы стальные сальниковые двухсторонние на условное давление 1,6 МПа	12-09-001-02	10 шт	Компенсатор стальной сальниковый двухсторонний на номинальное давление 1,6 МПа, номинальный диаметр: 125-150 мм
ГЭСНм	12	12-09-001	Компенсаторы стальные сальниковые двухсторонние на условное давление 1,6 МПа	12-09-001-03	10 шт	Компенсатор стальной сальниковый двухсторонний на номинальное давление 1,6 МПа, номинальный диаметр: 175-200 мм
ГЭСНм	12	12-09-001	Компенсаторы стальные сальниковые двухсторонние на условное давление 1,6 МПа	12-09-001-04	10 шт	Компенсатор стальной сальниковый двухсторонний на номинальное давление 1,6 МПа, номинальный диаметр: 250-300 мм
ГЭСНм	12	12-09-001	Компенсаторы стальные сальниковые двухсторонние на условное давление 1,6 МПа	12-09-001-05	10 шт	Компенсатор стальной сальниковый двухсторонний на номинальное давление 1,6 МПа, номинальный диаметр: 350 мм
ГЭСНм	12	12-09-001	Компенсаторы стальные сальниковые двухсторонние на условное давление 1,6 МПа	12-09-001-06	10 шт	Компенсатор стальной сальниковый двухсторонний на номинальное давление 1,6 МПа, номинальный диаметр: 400 мм
ГЭСНм	12	12-09-001	Компенсаторы стальные сальниковые двухсторонние на условное давление 1,6 МПа	12-09-001-07	10 шт	Компенсатор стальной сальниковый двухсторонний на номинальное давление 1,6 МПа, номинальный диаметр: 450-500 мм
ГЭСНм	12	12-09-001	Компенсаторы стальные сальниковые двухсторонние на условное давление 1,6 МПа	12-09-001-08	10 шт	Компенсатор стальной сальниковый двухсторонний на номинальное давление 1,6 МПа, номинальный диаметр: 600 мм
ГЭСНм	12	12-09-001	Компенсаторы стальные сальниковые двухсторонние на условное давление 1,6 МПа	12-09-001-09	10 шт	Компенсатор стальной сальниковый двухсторонний на номинальное давление 1,6 МПа, номинальный диаметр: 700-800 мм
ГЭСНм	12	12-09-001	Компенсаторы стальные сальниковые двухсторонние на условное давление 1,6 МПа	12-09-001-10	10 шт	Компенсатор стальной сальниковый двухсторонний на номинальное давление 1,6 МПа, номинальный диаметр: 900 мм
ГЭСНм	12	12-09-001	Компенсаторы стальные сальниковые двухсторонние на условное давление 1,6 МПа	12-09-001-11	10 шт	Компенсатор стальной сальниковый двухсторонний на номинальное давление 1,6 МПа, номинальный диаметр: 1000 мм
ГЭСНм	12	12-09-022	Компенсаторы волнистые типа КВПТ из стали 20 на сварке до 3 волн на условное давление 6,4 МПа	12-09-022-01	шт	Компенсатор сильфонный сдвиговой (волнистый типа КВПТ) из стали 20 на сварке на номинальное давление 6,4 МПа, номинальный диаметр: 150 мм
ГЭСНм	12	12-09-022	Компенсаторы волнистые типа КВПТ из стали 20 на сварке до 3 волн на условное давление 6,4 МПа	12-09-022-02	шт	Компенсатор сильфонный сдвиговой (волнистый типа КВПТ) из стали 20 на сварке на номинальное давление 6,4 МПа, номинальный диаметр: 200 мм
ГЭСНм	12	12-09-022	Компенсаторы волнистые типа КВПТ из стали 20 на сварке до 3 волн на условное давление 6,4 МПа	12-09-022-03	шт	Компенсатор сильфонный сдвиговой (волнистый типа КВПТ) из стали 20 на сварке на номинальное давление 6,4 МПа, номинальный диаметр: 250-300 мм
ГЭСНм	12	12-09-022	Компенсаторы волнистые типа КВПТ из стали 20 на сварке до 3 волн на условное давление 6,4 МПа	12-09-022-04	шт	Компенсатор сильфонный сдвиговой (волнистый типа КВПТ) из стали 20 на сварке на номинальное давление 6,4 МПа, номинальный диаметр: 350-400 мм
ГЭСНм	12	12-09-023	Компенсаторы волнистые типа КВО или КВО5 из стали легированной, коррозионно-стойкой и жаростойкой на сварке до 3 волн на условное давление 2,5 МПа	12-09-023-01	шт	Компенсатор сильфонный осевой (волнистый типа КВО или КВО5) до 3 волн из стали легированной, коррозионно-стойкой и жаростойкой на сварке на номинальное давление 2,5 МПа, диаметр номинальный: 200 мм
ГЭСНм	12	12-09-023	Компенсаторы волнистые типа КВО или КВО5 из стали легированной, коррозионно-стойкой и жаростойкой на сварке до 3 волн на условное давление 2,5 МПа	12-09-023-02	шт	Компенсатор сильфонный осевой (волнистый типа КВО или КВО5) до 3 волн из стали легированной, коррозионно-стойкой и жаростойкой на сварке на номинальное давление 2,5 МПа, диаметр номинальный: 300 мм
ГЭСНм	12	12-09-023	Компенсаторы волнистые типа КВО или КВО5 из стали легированной, коррозионно-стойкой и жаростойкой на сварке до 3 волн на условное давление 2,5 МПа	12-09-023-03	шт	Компенсатор сильфонный осевой (волнистый типа КВО или КВО5) до 3 волн из стали легированной, коррозионно-стойкой и жаростойкой на сварке на номинальное давление 2,5 МПа, диаметр номинальный: 400 мм
ГЭСНм	12	12-09-024	Компенсаторы волнистые типа КВО, КВО5 и КВП из стали легированной, коррозионно-стойкой и жаростойкой на сварке от 4 волн на условное давление 2,5 МПа	12-09-024-01	шт	Компенсатор сильфонный осевой (волнистый типа КВО, КВО5) от 4 волн и сильфонный сдвиговой (волнистый типа КВП) из стали легированной, коррозионно-стойкой и жаростойкой на сварке на номинальное давлени
ГЭСНм	12	12-09-024	Компенсаторы волнистые типа КВО, КВО5 и КВП из стали легированной, коррозионно-стойкой и жаростойкой на сварке от 4 волн на условное давление 2,5 МПа	12-09-024-02	шт	Компенсатор сильфонный осевой (волнистый типа КВО, КВО5) от 4 волн и сильфонный сдвиговой (волнистый типа КВП) из стали легированной, коррозионно-стойкой и жаростойкой на сварке на номинальное давлени
ГЭСНм	12	12-09-024	Компенсаторы волнистые типа КВО, КВО5 и КВП из стали легированной, коррозионно-стойкой и жаростойкой на сварке от 4 волн на условное давление 2,5 МПа	12-09-024-03	шт	Компенсатор сильфонный осевой (волнистый типа КВО, КВО5) от 4 волн и сильфонный сдвиговой (волнистый типа КВП) из стали легированной, коррозионно-стойкой и жаростойкой на сварке на номинальное давлени
ГЭСНм	12	12-09-024	Компенсаторы волнистые типа КВО, КВО5 и КВП из стали легированной, коррозионно-стойкой и жаростойкой на сварке от 4 волн на условное давление 2,5 МПа	12-09-024-04	шт	Компенсатор сильфонный осевой (волнистый типа КВО, КВО5) от 4 волн и сильфонный сдвиговой (волнистый типа КВП) из стали легированной, коррозионно-стойкой и жаростойкой на сварке на номинальное давлени
ГЭСНм	12	12-09-025	Компенсаторы волнистые типа КВО или КВУ из стали легированной, коррозионно-стойкой и жаростойкой на сварке до 3 волн на условное давление 6,4 МПа	12-09-025-01	шт	Компенсатор сильфонный осевой (волнистый типа КВО) или сильфонный поворотный (волнистый типа КВУ) из стали легированной, коррозионно-стойкой и жаростойкой на сварке на номинальное давление 6,4 МПа, ди
ГЭСНм	12	12-09-025	Компенсаторы волнистые типа КВО или КВУ из стали легированной, коррозионно-стойкой и жаростойкой на сварке до 3 волн на условное давление 6,4 МПа	12-09-025-02	шт	Компенсатор сильфонный осевой (волнистый типа КВО) или сильфонный поворотный (волнистый типа КВУ) из стали легированной, коррозионно-стойкой и жаростойкой на сварке на номинальное давление 6,4 МПа, ди
ГЭСНм	12	12-09-025	Компенсаторы волнистые типа КВО или КВУ из стали легированной, коррозионно-стойкой и жаростойкой на сварке до 3 волн на условное давление 6,4 МПа	12-09-025-03	шт	Компенсатор сильфонный осевой (волнистый типа КВО) или сильфонный поворотный (волнистый типа КВУ) из стали легированной, коррозионно-стойкой и жаростойкой на сварке на номинальное давление 6,4 МПа, ди
ГЭСНм	12	12-09-025	Компенсаторы волнистые типа КВО или КВУ из стали легированной, коррозионно-стойкой и жаростойкой на сварке до 3 волн на условное давление 6,4 МПа	12-09-025-04	шт	Компенсатор сильфонный осевой (волнистый типа КВО) или сильфонный поворотный (волнистый типа КВУ) из стали легированной, коррозионно-стойкой и жаростойкой на сварке на номинальное давление 6,4 МПа, ди
ГЭСНм	12	12-09-026	Компенсаторы волнистые типа КВО или КВУ из стали 20 на фланцах до 3 волн на условное давление 1 МПа	12-09-026-01	шт	Компенсатор сильфонный осевой (волнистый типа КВО) или сильфонный поворотный (волнистый типа КВУ) из стали 20 на фланцах на номинальное давление 1 МПа, диаметр номинальный: 150 мм
ГЭСНм	12	12-09-026	Компенсаторы волнистые типа КВО или КВУ из стали 20 на фланцах до 3 волн на условное давление 1 МПа	12-09-026-02	шт	Компенсатор сильфонный осевой (волнистый типа КВО) или сильфонный поворотный (волнистый типа КВУ) из стали 20 на фланцах на номинальное давление 1 МПа, диаметр номинальный: 200 мм
ГЭСНм	12	12-09-026	Компенсаторы волнистые типа КВО или КВУ из стали 20 на фланцах до 3 волн на условное давление 1 МПа	12-09-026-03	шт	Компенсатор сильфонный осевой (волнистый типа КВО) или сильфонный поворотный (волнистый типа КВУ) из стали 20 на фланцах на номинальное давление 1 МПа, диаметр номинальный: 250-300 мм
ГЭСНм	12	12-09-026	Компенсаторы волнистые типа КВО или КВУ из стали 20 на фланцах до 3 волн на условное давление 1 МПа	12-09-026-04	шт	Компенсатор сильфонный осевой (волнистый типа КВО) или сильфонный поворотный (волнистый типа КВУ) из стали 20 на фланцах на номинальное давление 1 МПа, диаметр номинальный: 350-400 мм
ГЭСНм	12	12-09-027	Компенсаторы волнистые типа КВО и КВО5 из стали 20 на фланцах до 3 волн на условное давление 2,5 МПа	12-09-027-01	шт	Компенсатор сильфонный осевой (волнистый типа КВО и КВО5) из стали 20 на фланцах на номинальное давление 2,5 МПа, диаметр номинальный: 150 мм
ГЭСНм	12	12-09-027	Компенсаторы волнистые типа КВО и КВО5 из стали 20 на фланцах до 3 волн на условное давление 2,5 МПа	12-09-027-02	шт	Компенсатор сильфонный осевой (волнистый типа КВО и КВО5) из стали 20 на фланцах на номинальное давление 2,5 МПа, диаметр номинальный: 200 мм
ГЭСНм	12	12-09-027	Компенсаторы волнистые типа КВО и КВО5 из стали 20 на фланцах до 3 волн на условное давление 2,5 МПа	12-09-027-03	шт	Компенсатор сильфонный осевой (волнистый типа КВО и КВО5) из стали 20 на фланцах на номинальное давление 2,5 МПа, диаметр номинальный: 250-300 мм
ГЭСНм	12	12-09-027	Компенсаторы волнистые типа КВО и КВО5 из стали 20 на фланцах до 3 волн на условное давление 2,5 МПа	12-09-027-04	шт	Компенсатор сильфонный осевой (волнистый типа КВО и КВО5) из стали 20 на фланцах на номинальное давление 2,5 МПа, диаметр номинальный: 350-400 мм
ГЭСНм	12	12-09-028	Компенсаторы волнистые типа КВО и КВВ из стали 20 на фланцах до 3 волн на условное давление 6,4 МПа	12-09-028-01	шт	Компенсатор сильфонный осевой (волнистый типа КВО и КВВ) из стали 20 на фланцах на номинальное давление 6,4 МПа, диаметр номинальный: 150 мм
ГЭСНм	12	12-09-028	Компенсаторы волнистые типа КВО и КВВ из стали 20 на фланцах до 3 волн на условное давление 6,4 МПа	12-09-028-02	шт	Компенсатор сильфонный осевой (волнистый типа КВО и КВВ) из стали 20 на фланцах на номинальное давление 6,4 МПа, диаметр номинальный: 200 мм
ГЭСНм	12	12-09-028	Компенсаторы волнистые типа КВО и КВВ из стали 20 на фланцах до 3 волн на условное давление 6,4 МПа	12-09-028-03	шт	Компенсатор сильфонный осевой (волнистый типа КВО и КВВ) из стали 20 на фланцах на номинальное давление 6,4 МПа, диаметр номинальный: 250-300 мм
ГЭСНм	12	12-09-028	Компенсаторы волнистые типа КВО и КВВ из стали 20 на фланцах до 3 волн на условное давление 6,4 МПа	12-09-028-04	шт	Компенсатор сильфонный осевой (волнистый типа КВО и КВВ) из стали 20 на фланцах на номинальное давление 6,4 МПа, диаметр номинальный: 350-400 мм
ГЭСНм	12	12-09-029	Компенсаторы волнистые типа КВПФ из стали 20 на фланцах до 3 волн на условное давление 6,4 МПа	12-09-029-01	шт	Компенсатор сильфонный сдвиговой (волнистый типа КВПФ) из стали 20 на фланцах на номинальное давление 6,4 МПа, диаметр номинальный: 300 мм
ГЭСНм	12	12-09-029	Компенсаторы волнистые типа КВПФ из стали 20 на фланцах до 3 волн на условное давление 6,4 МПа	12-09-029-02	шт	Компенсатор сильфонный сдвиговой (волнистый типа КВПФ) из стали 20 на фланцах на номинальное давление 6,4 МПа, диаметр номинальный: 400 мм
ГЭСНм	12	12-09-030	Компенсаторы волнистые типа КВО, КВО5, КВВ и КВПФ из стали легированной, коррозионно-стойкой и жаростойкой на фланцах до 3 волн на условное давление 6,4 МПа	12-09-030-01	шт	Компенсатор сильфонный осевой (волнистый типа КВО и КВО5), сильфонный сдвиговой (волнистый типа КВВ и КВПФ) из стали легированной, коррозионно-стойкой и жаростойкой на фланцах на номинальное давление 
ГЭСНм	12	12-09-030	Компенсаторы волнистые типа КВО, КВО5, КВВ и КВПФ из стали легированной, коррозионно-стойкой и жаростойкой на фланцах до 3 волн на условное давление 6,4 МПа	12-09-030-02	шт	Компенсатор сильфонный осевой (волнистый типа КВО и КВО5), сильфонный сдвиговой (волнистый типа КВВ и КВПФ) из стали легированной, коррозионно-стойкой и жаростойкой на фланцах на номинальное давление 
ГЭСНм	12	12-09-030	Компенсаторы волнистые типа КВО, КВО5, КВВ и КВПФ из стали легированной, коррозионно-стойкой и жаростойкой на фланцах до 3 волн на условное давление 6,4 МПа	12-09-030-03	шт	Компенсатор сильфонный осевой (волнистый типа КВО и КВО5), сильфонный сдвиговой (волнистый типа КВВ и КВПФ) из стали легированной, коррозионно-стойкой и жаростойкой на фланцах на номинальное давление 
ГЭСНм	12	12-09-030	Компенсаторы волнистые типа КВО, КВО5, КВВ и КВПФ из стали легированной, коррозионно-стойкой и жаростойкой на фланцах до 3 волн на условное давление 6,4 МПа	12-09-030-04	шт	Компенсатор сильфонный осевой (волнистый типа КВО и КВО5), сильфонный сдвиговой (волнистый типа КВВ и КВПФ) из стали легированной, коррозионно-стойкой и жаростойкой на фланцах на номинальное давление 
ГЭСНм	12	12-09-031	Компенсаторы волнистые типа КВО и КВО5 из стали легированной, коррозионно-стойкой и жаростойкой на фланцах до 3 волн на условное давление 2,5 МПа	12-09-031-01	шт	Компенсатор сильфонный осевой (волнистый типа КВО и КВО5) из стали легированной, коррозионно-стойкой и жаростойкой на фланцах на номинальное давление 2,5 МПа, диаметр номинальный: 150 мм
ГЭСНм	12	12-09-031	Компенсаторы волнистые типа КВО и КВО5 из стали легированной, коррозионно-стойкой и жаростойкой на фланцах до 3 волн на условное давление 2,5 МПа	12-09-031-02	шт	Компенсатор сильфонный осевой (волнистый типа КВО и КВО5) из стали легированной, коррозионно-стойкой и жаростойкой на фланцах на номинальное давление 2,5 МПа, диаметр номинальный: 200 мм
ГЭСНм	12	12-09-031	Компенсаторы волнистые типа КВО и КВО5 из стали легированной, коррозионно-стойкой и жаростойкой на фланцах до 3 волн на условное давление 2,5 МПа	12-09-031-03	шт	Компенсатор сильфонный осевой (волнистый типа КВО и КВО5) из стали легированной, коррозионно-стойкой и жаростойкой на фланцах на номинальное давление 2,5 МПа, диаметр номинальный: 250-300 мм
ГЭСНм	12	12-09-031	Компенсаторы волнистые типа КВО и КВО5 из стали легированной, коррозионно-стойкой и жаростойкой на фланцах до 3 волн на условное давление 2,5 МПа	12-09-031-04	шт	Компенсатор сильфонный осевой (волнистый типа КВО и КВО5) из стали легированной, коррозионно-стойкой и жаростойкой на фланцах на номинальное давление 2,5 МПа, диаметр номинальный: 350-400 мм
ГЭСНм	12	12-10-001	Закладные устройства приборов	12-10-001-01	100 шт	Бобышки, штуцеры на номинальное давление: до 10 МПа
ГЭСНм	12	12-10-001	Закладные устройства приборов	12-10-001-02	100 шт	Бобышки, штуцеры на номинальное давление: свыше 10 МПа
ГЭСНм	12	12-10-001	Закладные устройства приборов	12-10-001-03	100 шт	Расширитель с бобышкой из углеродистой стали, диаметр корпуса расширителя до 108 мм на номинальное давление до 10 МПа для трубопроводов диаметром до 76 мм
ГЭСНм	12	12-10-001	Закладные устройства приборов	12-10-001-04	100 шт	Закладное устройство: для установки поверхностных приборов - прижим
ГЭСНм	12	12-10-001	Закладные устройства приборов	12-10-001-05	100 шт	Закладное устройство: с фланцем на металлической стенке (аппаратов, трубопроводов)
ГЭСНм	12	12-10-001	Закладные устройства приборов	12-10-001-06	100 шт	Закладное устройство: в кирпичной кладке
ГЭСНм	12	12-10-002	Закладные и отборные устройства для приборов измерения давления и разрежения	12-10-002-01	1000 шт	Закладное устройство отбора давления идеальных газов
ГЭСНм	12	12-10-002	Закладные и отборные устройства для приборов измерения давления и разрежения	12-10-002-02	1000 шт	Устройство отборное для измерения разрежения чистых газов
ГЭСНм	12	12-11-001	Предварительный подогрев сварных соединений труб	12-11-001-01	стык	Предварительный подогрев сварных соединений труб, диаметр наружный: 14 мм
ГЭСНм	12	12-11-001	Предварительный подогрев сварных соединений труб	12-11-001-02	стык	Предварительный подогрев сварных соединений труб, диаметр наружный: 18 мм
ГЭСНм	12	12-11-001	Предварительный подогрев сварных соединений труб	12-11-001-03	стык	Предварительный подогрев сварных соединений труб, диаметр наружный: 25 мм
ГЭСНм	12	12-11-001	Предварительный подогрев сварных соединений труб	12-11-001-04	стык	Предварительный подогрев сварных соединений труб, диаметр наружный: 32 мм
ГЭСНм	12	12-11-001	Предварительный подогрев сварных соединений труб	12-11-001-05	стык	Предварительный подогрев сварных соединений труб, диаметр наружный: 38 мм
ГЭСНм	12	12-11-001	Предварительный подогрев сварных соединений труб	12-11-001-06	стык	Предварительный подогрев сварных соединений труб, диаметр наружный: 45 мм
ГЭСНм	12	12-11-001	Предварительный подогрев сварных соединений труб	12-11-001-07	стык	Предварительный подогрев сварных соединений труб, диаметр наружный: 57 мм
ГЭСНм	12	12-11-001	Предварительный подогрев сварных соединений труб	12-11-001-08	стык	Предварительный подогрев сварных соединений труб, диаметр наружный: 76 мм
ГЭСНм	12	12-11-001	Предварительный подогрев сварных соединений труб	12-11-001-09	стык	Предварительный подогрев сварных соединений труб, диаметр наружный: 89 мм
ГЭСНм	12	12-11-001	Предварительный подогрев сварных соединений труб	12-11-001-10	стык	Предварительный подогрев сварных соединений труб, диаметр наружный: 108 мм
ГЭСНм	12	12-11-001	Предварительный подогрев сварных соединений труб	12-11-001-11	стык	Предварительный подогрев сварных соединений труб, диаметр наружный: 133 мм
ГЭСНм	12	12-11-001	Предварительный подогрев сварных соединений труб	12-11-001-12	стык	Предварительный подогрев сварных соединений труб, диаметр наружный: 159 мм
ГЭСНм	12	12-11-001	Предварительный подогрев сварных соединений труб	12-11-001-13	стык	Предварительный подогрев сварных соединений труб, диаметр наружный: 219 мм
ГЭСНм	12	12-11-001	Предварительный подогрев сварных соединений труб	12-11-001-14	стык	Предварительный подогрев сварных соединений труб, диаметр наружный: 273 мм
ГЭСНм	12	12-11-001	Предварительный подогрев сварных соединений труб	12-11-001-15	стык	Предварительный подогрев сварных соединений труб, диаметр наружный: 325 мм
ГЭСНм	12	12-11-001	Предварительный подогрев сварных соединений труб	12-11-001-16	стык	Предварительный подогрев сварных соединений труб, диаметр наружный: 377 мм
ГЭСНм	12	12-11-001	Предварительный подогрев сварных соединений труб	12-11-001-17	стык	Предварительный подогрев сварных соединений труб, диаметр наружный: 426 мм
ГЭСНм	12	12-11-001	Предварительный подогрев сварных соединений труб	12-11-001-18	стык	Предварительный подогрев сварных соединений труб, диаметр наружный: 530 мм
ГЭСНм	12	12-11-001	Предварительный подогрев сварных соединений труб	12-11-001-19	стык	Предварительный подогрев сварных соединений труб, диаметр наружный: 630 мм
ГЭСНм	12	12-11-001	Предварительный подогрев сварных соединений труб	12-11-001-20	стык	Предварительный подогрев сварных соединений труб, диаметр наружный: 820 мм
ГЭСНм	12	12-11-001	Предварительный подогрев сварных соединений труб	12-11-001-21	стык	Предварительный подогрев сварных соединений труб, диаметр наружный: 1020 мм
ГЭСНм	12	12-11-001	Предварительный подогрев сварных соединений труб	12-11-001-22	стык	Предварительный подогрев сварных соединений труб, диаметр наружный: 1220 мм
ГЭСНм	12	12-11-002	Сопутствующий подогрев сварных соединений труб	12-11-002-01	стык	Сопутствующий подогрев сварных соединений труб, диаметр наружный: 14 мм
ГЭСНм	12	12-11-002	Сопутствующий подогрев сварных соединений труб	12-11-002-02	стык	Сопутствующий подогрев сварных соединений труб, диаметр наружный: 18 мм
ГЭСНм	12	12-11-002	Сопутствующий подогрев сварных соединений труб	12-11-002-03	стык	Сопутствующий подогрев сварных соединений труб, диаметр наружный: 25 мм
ГЭСНм	12	12-11-002	Сопутствующий подогрев сварных соединений труб	12-11-002-04	стык	Сопутствующий подогрев сварных соединений труб, диаметр наружный: 32 мм
ГЭСНм	12	12-11-002	Сопутствующий подогрев сварных соединений труб	12-11-002-05	стык	Сопутствующий подогрев сварных соединений труб, диаметр наружный: 38 мм
ГЭСНм	12	12-11-002	Сопутствующий подогрев сварных соединений труб	12-11-002-06	стык	Сопутствующий подогрев сварных соединений труб, диаметр наружный: 45 мм
ГЭСНм	12	12-11-002	Сопутствующий подогрев сварных соединений труб	12-11-002-07	стык	Сопутствующий подогрев сварных соединений труб, диаметр наружный: 57 мм
ГЭСНм	12	12-11-002	Сопутствующий подогрев сварных соединений труб	12-11-002-08	стык	Сопутствующий подогрев сварных соединений труб, диаметр наружный: 76 мм
ГЭСНм	12	12-11-002	Сопутствующий подогрев сварных соединений труб	12-11-002-09	стык	Сопутствующий подогрев сварных соединений труб, диаметр наружный: 89 мм
ГЭСНм	12	12-11-002	Сопутствующий подогрев сварных соединений труб	12-11-002-10	стык	Сопутствующий подогрев сварных соединений труб, диаметр наружный: 108 мм
ГЭСНм	12	12-11-002	Сопутствующий подогрев сварных соединений труб	12-11-002-11	стык	Сопутствующий подогрев сварных соединений труб, диаметр наружный: 133 мм
ГЭСНм	12	12-11-002	Сопутствующий подогрев сварных соединений труб	12-11-002-12	стык	Сопутствующий подогрев сварных соединений труб, диаметр наружный: 159 мм
ГЭСНм	12	12-11-002	Сопутствующий подогрев сварных соединений труб	12-11-002-13	стык	Сопутствующий подогрев сварных соединений труб, диаметр наружный: 219 мм
ГЭСНм	12	12-11-002	Сопутствующий подогрев сварных соединений труб	12-11-002-14	стык	Сопутствующий подогрев сварных соединений труб, диаметр наружный: 273 мм
ГЭСНм	12	12-11-002	Сопутствующий подогрев сварных соединений труб	12-11-002-15	стык	Сопутствующий подогрев сварных соединений труб, диаметр наружный: 325 мм
ГЭСНм	12	12-11-002	Сопутствующий подогрев сварных соединений труб	12-11-002-16	стык	Сопутствующий подогрев сварных соединений труб, диаметр наружный: 377 мм
ГЭСНм	12	12-11-002	Сопутствующий подогрев сварных соединений труб	12-11-002-17	стык	Сопутствующий подогрев сварных соединений труб, диаметр наружный: 426 мм
ГЭСНм	12	12-11-002	Сопутствующий подогрев сварных соединений труб	12-11-002-18	стык	Сопутствующий подогрев сварных соединений труб, диаметр наружный: 530 мм
ГЭСНм	12	12-11-002	Сопутствующий подогрев сварных соединений труб	12-11-002-19	стык	Сопутствующий подогрев сварных соединений труб, диаметр наружный: 630 мм
ГЭСНм	12	12-11-002	Сопутствующий подогрев сварных соединений труб	12-11-002-20	стык	Сопутствующий подогрев сварных соединений труб, диаметр наружный: 820 мм
ГЭСНм	12	12-11-002	Сопутствующий подогрев сварных соединений труб	12-11-002-21	стык	Сопутствующий подогрев сварных соединений труб, диаметр наружный: 1020 мм
ГЭСНм	12	12-11-002	Сопутствующий подогрев сварных соединений труб	12-11-002-22	стык	Сопутствующий подогрев сварных соединений труб, диаметр наружный: 1220 мм
ГЭСНм	12	12-11-003	Термическая обработка сварных стыков трубопроводов	12-11-003-01	стык	Термическая обработка сварного стыка трубопроводов, диаметр наружный: 14-89 мм
ГЭСНм	12	12-11-003	Термическая обработка сварных стыков трубопроводов	12-11-003-02	стык	Термическая обработка сварного стыка трубопроводов, диаметр наружный: 108-159 мм, толщина стенки до 12 мм
ГЭСНм	12	12-11-003	Термическая обработка сварных стыков трубопроводов	12-11-003-03	стык	Термическая обработка сварного стыка трубопроводов, диаметр наружный: 108-159 мм, толщина стенки свыше 12 до 14 мм
ГЭСНм	12	12-11-003	Термическая обработка сварных стыков трубопроводов	12-11-003-04	стык	Термическая обработка сварного стыка трубопроводов, диаметр наружный: 108-159 мм, толщина стенки свыше 14 до 16 мм
ГЭСНм	12	12-11-003	Термическая обработка сварных стыков трубопроводов	12-11-003-05	стык	Термическая обработка сварного стыка трубопроводов, диаметр наружный: 108-159 мм, толщина стенки свыше 16 до 18 мм
ГЭСНм	12	12-11-003	Термическая обработка сварных стыков трубопроводов	12-11-003-06	стык	Термическая обработка сварного стыка трубопроводов, диаметр наружный: 219-273 мм, толщина стенки до 12 мм
ГЭСНм	12	12-11-003	Термическая обработка сварных стыков трубопроводов	12-11-003-07	стык	Термическая обработка сварного стыка трубопроводов, диаметр наружный: 219-273 мм, толщина стенки свыше 12 до 16 мм
ГЭСНм	12	12-11-003	Термическая обработка сварных стыков трубопроводов	12-11-003-08	стык	Термическая обработка сварного стыка трубопроводов, диаметр наружный: 219-273 мм, толщина стенки свыше 16 до 20 мм
ГЭСНм	12	12-11-003	Термическая обработка сварных стыков трубопроводов	12-11-003-09	стык	Термическая обработка сварного стыка трубопроводов, диаметр наружный: 219-273 мм, толщина стенки свыше 20 до 24 мм
ГЭСНм	12	12-11-003	Термическая обработка сварных стыков трубопроводов	12-11-003-10	стык	Термическая обработка сварного стыка трубопроводов, диаметр наружный: 325 мм, толщина стенки до 12 мм
ГЭСНм	12	12-11-003	Термическая обработка сварных стыков трубопроводов	12-11-003-11	стык	Термическая обработка сварного стыка трубопроводов, диаметр наружный: 325 мм, толщина стенки свыше 12 до 16 мм
ГЭСНм	12	12-11-003	Термическая обработка сварных стыков трубопроводов	12-11-003-12	стык	Термическая обработка сварного стыка трубопроводов, диаметр наружный: 325 мм, толщина стенки свыше 16 до 20 мм
ГЭСНм	12	12-11-003	Термическая обработка сварных стыков трубопроводов	12-11-003-13	стык	Термическая обработка сварного стыка трубопроводов, диаметр наружный: 325 мм, толщина стенки свыше 20 до 24 мм
ГЭСНм	12	12-11-003	Термическая обработка сварных стыков трубопроводов	12-11-003-14	стык	Термическая обработка сварного стыка трубопроводов, диаметр наружный: 377 мм, толщина стенки до 12 мм
ГЭСНм	12	12-11-003	Термическая обработка сварных стыков трубопроводов	12-11-003-15	стык	Термическая обработка сварного стыка трубопроводов, диаметр наружный: 377 мм, толщина стенки свыше 12 до 16 мм
ГЭСНм	12	12-11-003	Термическая обработка сварных стыков трубопроводов	12-11-003-16	стык	Термическая обработка сварного стыка трубопроводов, диаметр наружный: 377 мм, толщина стенки свыше 16 до 20 мм
ГЭСНм	12	12-11-003	Термическая обработка сварных стыков трубопроводов	12-11-003-17	стык	Термическая обработка сварного стыка трубопроводов, диаметр наружный: 377 мм, толщина стенки свыше 20 до 24 мм
ГЭСНм	12	12-11-003	Термическая обработка сварных стыков трубопроводов	12-11-003-18	стык	Термическая обработка сварного стыка трубопроводов, диаметр наружный: 426 мм, толщина стенки до 12 мм
ГЭСНм	12	12-11-003	Термическая обработка сварных стыков трубопроводов	12-11-003-19	стык	Термическая обработка сварного стыка трубопроводов, диаметр наружный: 426 мм, толщина стенки свыше 12 до 16 мм
ГЭСНм	12	12-11-003	Термическая обработка сварных стыков трубопроводов	12-11-003-20	стык	Термическая обработка сварного стыка трубопроводов, диаметр наружный: 426 мм, толщина стенки свыше 16 до 20 мм
ГЭСНм	12	12-11-003	Термическая обработка сварных стыков трубопроводов	12-11-003-21	стык	Термическая обработка сварного стыка трубопроводов, диаметр наружный: 426 мм, толщина стенки свыше 20 до 24 мм
ГЭСНм	12	12-11-003	Термическая обработка сварных стыков трубопроводов	12-11-003-22	стык	Термическая обработка сварного стыка трубопроводов, диаметр наружный: 530 мм, толщина стенки до 12 мм
ГЭСНм	12	12-11-003	Термическая обработка сварных стыков трубопроводов	12-11-003-23	стык	Термическая обработка сварного стыка трубопроводов, диаметр наружный: 530 мм, толщина стенки свыше 12 до 16 мм
ГЭСНм	12	12-11-003	Термическая обработка сварных стыков трубопроводов	12-11-003-24	стык	Термическая обработка сварного стыка трубопроводов, диаметр наружный: 530 мм, толщина стенки свыше 16 до 20 мм
ГЭСНм	12	12-11-003	Термическая обработка сварных стыков трубопроводов	12-11-003-25	стык	Термическая обработка сварного стыка трубопроводов, диаметр наружный: 530 мм, толщина стенки свыше 20 до 28 мм
ГЭСНм	12	12-11-003	Термическая обработка сварных стыков трубопроводов	12-11-003-26	стык	Термическая обработка сварного стыка трубопроводов, диаметр наружный: 630 мм, толщина стенки до 12 мм
ГЭСНм	12	12-11-003	Термическая обработка сварных стыков трубопроводов	12-11-003-27	стык	Термическая обработка сварного стыка трубопроводов, диаметр наружный: 630 мм, толщина стенки свыше 12 до 16 мм
ГЭСНм	12	12-11-003	Термическая обработка сварных стыков трубопроводов	12-11-003-28	стык	Термическая обработка сварного стыка трубопроводов, диаметр наружный: 630 мм, толщина стенки свыше 16 до 20 мм
ГЭСНм	12	12-11-003	Термическая обработка сварных стыков трубопроводов	12-11-003-29	стык	Термическая обработка сварного стыка трубопроводов, диаметр наружный: 630 мм, толщина стенки свыше 20 до 28 мм
ГЭСНм	12	12-11-003	Термическая обработка сварных стыков трубопроводов	12-11-003-30	стык	Термическая обработка сварного стыка трубопроводов, диаметр наружный: 820 мм, толщина стенки до 12 мм
ГЭСНм	12	12-11-003	Термическая обработка сварных стыков трубопроводов	12-11-003-31	стык	Термическая обработка сварного стыка трубопроводов, диаметр наружный: 820 мм, толщина стенки свыше 12 до 18 мм
ГЭСНм	12	12-11-003	Термическая обработка сварных стыков трубопроводов	12-11-003-32	стык	Термическая обработка сварного стыка трубопроводов, диаметр наружный: 820 мм, толщина стенки свыше 18 до 24 мм
ГЭСНм	12	12-11-003	Термическая обработка сварных стыков трубопроводов	12-11-003-33	стык	Термическая обработка сварного стыка трубопроводов, диаметр наружный: 820 мм, толщина стенки свыше 24 до 28 мм
ГЭСНм	12	12-11-003	Термическая обработка сварных стыков трубопроводов	12-11-003-34	стык	Термическая обработка сварного стыка трубопроводов, диаметр наружный: 1020 мм, толщина стенки до 12 мм
ГЭСНм	12	12-11-003	Термическая обработка сварных стыков трубопроводов	12-11-003-35	стык	Термическая обработка сварного стыка трубопроводов, диаметр наружный: 1020 мм, толщина стенки свыше 12 до 18 мм
ГЭСНм	12	12-11-003	Термическая обработка сварных стыков трубопроводов	12-11-003-36	стык	Термическая обработка сварного стыка трубопроводов, диаметр наружный: 1020 мм, толщина стенки свыше 18 до 24 мм
ГЭСНм	12	12-11-003	Термическая обработка сварных стыков трубопроводов	12-11-003-37	стык	Термическая обработка сварного стыка трубопроводов, диаметр наружный: 1020 мм, толщина стенки свыше 24 до 28 мм
ГЭСНм	12	12-11-003	Термическая обработка сварных стыков трубопроводов	12-11-003-38	стык	Термическая обработка сварного стыка трубопроводов, диаметр наружный: 1220 мм, толщина стенки до 12 мм
ГЭСНм	12	12-11-003	Термическая обработка сварных стыков трубопроводов	12-11-003-39	стык	Термическая обработка сварного стыка трубопроводов, диаметр наружный: 1220 мм, толщина стенки свыше 12 до 18 мм
ГЭСНм	12	12-11-003	Термическая обработка сварных стыков трубопроводов	12-11-003-40	стык	Термическая обработка сварного стыка трубопроводов, диаметр наружный: 1220 мм, толщина стенки свыше 18 до 24 мм
ГЭСНм	12	12-11-003	Термическая обработка сварных стыков трубопроводов	12-11-003-41	стык	Термическая обработка сварного стыка трубопроводов, диаметр наружный: 1220 мм, толщина стенки свыше 24 до 28 мм
ГЭСНм	12	12-11-003	Термическая обработка сварных стыков трубопроводов	12-11-003-42	час	На каждый последующий час выдержки добавлять: к нормам с 12-11-003-01 по 12-003-33
ГЭСНм	12	12-11-003	Термическая обработка сварных стыков трубопроводов	12-11-003-43	час	На каждый последующий час выдержки добавлять: к нормам с 12-11-003-34 по 12-003-41
ГЭСНм	12	12-11-004	Протравка и промывка труб различными реактивами	12-11-004-01	100 м	Протравка и промывка труб различными реактивами, диаметр труб наружный: 15-38 мм
ГЭСНм	12	12-11-004	Протравка и промывка труб различными реактивами	12-11-004-02	100 м	Протравка и промывка труб различными реактивами, диаметр труб наружный: 48 мм
ГЭСНм	12	12-11-004	Протравка и промывка труб различными реактивами	12-11-004-03	100 м	Протравка и промывка труб различными реактивами, диаметр труб наружный: 57 мм
ГЭСНм	12	12-11-004	Протравка и промывка труб различными реактивами	12-11-004-04	100 м	Протравка и промывка труб различными реактивами, диаметр труб наружный: 76 мм
ГЭСНм	12	12-11-004	Протравка и промывка труб различными реактивами	12-11-004-05	100 м	Протравка и промывка труб различными реактивами, диаметр труб наружный: 89 мм
ГЭСНм	12	12-11-004	Протравка и промывка труб различными реактивами	12-11-004-06	100 м	Протравка и промывка труб различными реактивами, диаметр труб наружный: 108 мм
ГЭСНм	12	12-11-004	Протравка и промывка труб различными реактивами	12-11-004-07	100 м	Протравка и промывка труб различными реактивами, диаметр труб наружный: 133-159 мм
ГЭСНм	12	12-11-004	Протравка и промывка труб различными реактивами	12-11-004-08	100 м	Протравка и промывка труб различными реактивами, диаметр труб наружный: 219-426 мм
ГЭСНм	12	12-11-004	Протравка и промывка труб различными реактивами	12-11-004-09	100 м	Протравка и промывка труб различными реактивами, диаметр труб наружный: 530-630 мм
ГЭСНм	12	12-11-005	Врезка трубопроводов условным давлением 2,5 МПа в действующие магистрали	12-11-005-01	шт	Врезка трубопровода номинальным давлением 2,5 МПа в действующие магистрали, диаметр наружный врезаемой трубы: 57 мм
ГЭСНм	12	12-11-005	Врезка трубопроводов условным давлением 2,5 МПа в действующие магистрали	12-11-005-02	шт	Врезка трубопровода номинальным давлением 2,5 МПа в действующие магистрали, диаметр наружный врезаемой трубы: 76 мм
ГЭСНм	12	12-11-005	Врезка трубопроводов условным давлением 2,5 МПа в действующие магистрали	12-11-005-03	шт	Врезка трубопровода номинальным давлением 2,5 МПа в действующие магистрали, диаметр наружный врезаемой трубы: 89 мм
ГЭСНм	12	12-11-005	Врезка трубопроводов условным давлением 2,5 МПа в действующие магистрали	12-11-005-04	шт	Врезка трубопровода номинальным давлением 2,5 МПа в действующие магистрали, диаметр наружный врезаемой трубы: 108 мм
ГЭСНм	12	12-11-005	Врезка трубопроводов условным давлением 2,5 МПа в действующие магистрали	12-11-005-05	шт	Врезка трубопровода номинальным давлением 2,5 МПа в действующие магистрали, диаметр наружный врезаемой трубы: 133 мм
ГЭСНм	12	12-11-005	Врезка трубопроводов условным давлением 2,5 МПа в действующие магистрали	12-11-005-06	шт	Врезка трубопровода номинальным давлением 2,5 МПа в действующие магистрали, диаметр наружный врезаемой трубы: 159 мм
ГЭСНм	12	12-11-005	Врезка трубопроводов условным давлением 2,5 МПа в действующие магистрали	12-11-005-07	шт	Врезка трубопровода номинальным давлением 2,5 МПа в действующие магистрали, диаметр наружный врезаемой трубы: 219 мм
ГЭСНм	12	12-11-005	Врезка трубопроводов условным давлением 2,5 МПа в действующие магистрали	12-11-005-08	шт	Врезка трубопровода номинальным давлением 2,5 МПа в действующие магистрали, диаметр наружный врезаемой трубы: 273 мм
ГЭСНм	12	12-11-005	Врезка трубопроводов условным давлением 2,5 МПа в действующие магистрали	12-11-005-09	шт	Врезка трубопровода номинальным давлением 2,5 МПа в действующие магистрали, диаметр наружный врезаемой трубы: 325 мм
ГЭСНм	12	12-11-005	Врезка трубопроводов условным давлением 2,5 МПа в действующие магистрали	12-11-005-10	шт	Врезка трубопровода номинальным давлением 2,5 МПа в действующие магистрали, диаметр наружный врезаемой трубы: 377 мм
ГЭСНм	12	12-11-005	Врезка трубопроводов условным давлением 2,5 МПа в действующие магистрали	12-11-005-11	шт	Врезка трубопровода номинальным давлением 2,5 МПа в действующие магистрали, диаметр наружный врезаемой трубы: 426 мм
ГЭСНм	12	12-11-006	Присоединение трубопроводов условным давлением до 2,5 МПа к действующей магистрали	12-11-006-01	присоединение	Присоединение трубопровода номинальным давлением до 2,5 МПа к действующей магистрали, диаметр наружный присоединяемой трубы: 57 мм
ГЭСНм	12	12-11-006	Присоединение трубопроводов условным давлением до 2,5 МПа к действующей магистрали	12-11-006-02	присоединение	Присоединение трубопровода номинальным давлением до 2,5 МПа к действующей магистрали, диаметр наружный присоединяемой трубы: 76 мм
ГЭСНм	12	12-11-006	Присоединение трубопроводов условным давлением до 2,5 МПа к действующей магистрали	12-11-006-03	присоединение	Присоединение трубопровода номинальным давлением до 2,5 МПа к действующей магистрали, диаметр наружный присоединяемой трубы: 89 мм
ГЭСНм	12	12-11-006	Присоединение трубопроводов условным давлением до 2,5 МПа к действующей магистрали	12-11-006-04	присоединение	Присоединение трубопровода номинальным давлением до 2,5 МПа к действующей магистрали, диаметр наружный присоединяемой трубы: 108 мм
ГЭСНм	12	12-11-006	Присоединение трубопроводов условным давлением до 2,5 МПа к действующей магистрали	12-11-006-05	присоединение	Присоединение трубопровода номинальным давлением до 2,5 МПа к действующей магистрали, диаметр наружный присоединяемой трубы: 133 мм
ГЭСНм	12	12-11-006	Присоединение трубопроводов условным давлением до 2,5 МПа к действующей магистрали	12-11-006-06	присоединение	Присоединение трубопровода номинальным давлением до 2,5 МПа к действующей магистрали, диаметр наружный присоединяемой трубы: 159 мм
ГЭСНм	12	12-11-006	Присоединение трубопроводов условным давлением до 2,5 МПа к действующей магистрали	12-11-006-07	присоединение	Присоединение трубопровода номинальным давлением до 2,5 МПа к действующей магистрали, диаметр наружный присоединяемой трубы: 219 мм
ГЭСНм	12	12-11-006	Присоединение трубопроводов условным давлением до 2,5 МПа к действующей магистрали	12-11-006-08	присоединение	Присоединение трубопровода номинальным давлением до 2,5 МПа к действующей магистрали, диаметр наружный присоединяемой трубы: 273 мм
ГЭСНм	12	12-11-006	Присоединение трубопроводов условным давлением до 2,5 МПа к действующей магистрали	12-11-006-09	присоединение	Присоединение трубопровода номинальным давлением до 2,5 МПа к действующей магистрали, диаметр наружный присоединяемой трубы: 325 мм
ГЭСНм	12	12-11-006	Присоединение трубопроводов условным давлением до 2,5 МПа к действующей магистрали	12-11-006-10	присоединение	Присоединение трубопровода номинальным давлением до 2,5 МПа к действующей магистрали, диаметр наружный присоединяемой трубы: 377 мм
ГЭСНм	12	12-11-006	Присоединение трубопроводов условным давлением до 2,5 МПа к действующей магистрали	12-11-006-11	присоединение	Присоединение трубопровода номинальным давлением до 2,5 МПа к действующей магистрали, диаметр наружный присоединяемой трубы: 426 мм
ГЭСНм	12	12-11-006	Присоединение трубопроводов условным давлением до 2,5 МПа к действующей магистрали	12-11-006-12	присоединение	Присоединение трубопровода номинальным давлением до 2,5 МПа к действующей магистрали, диаметр наружный присоединяемой трубы: 530 мм
ГЭСНм	12	12-11-006	Присоединение трубопроводов условным давлением до 2,5 МПа к действующей магистрали	12-11-006-13	присоединение	Присоединение трубопровода номинальным давлением до 2,5 МПа к действующей магистрали, диаметр наружный присоединяемой трубы: 630 мм
ГЭСНм	12	12-11-006	Присоединение трубопроводов условным давлением до 2,5 МПа к действующей магистрали	12-11-006-14	присоединение	Присоединение трубопровода номинальным давлением до 2,5 МПа к действующей магистрали, диаметр наружный присоединяемой трубы: 720 мм
ГЭСНм	12	12-11-006	Присоединение трубопроводов условным давлением до 2,5 МПа к действующей магистрали	12-11-006-15	присоединение	Присоединение трубопровода номинальным давлением до 2,5 МПа к действующей магистрали, диаметр наружный присоединяемой трубы: 820 мм
ГЭСНм	12	12-11-006	Присоединение трубопроводов условным давлением до 2,5 МПа к действующей магистрали	12-11-006-16	присоединение	Присоединение трубопровода номинальным давлением до 2,5 МПа к действующей магистрали, диаметр наружный присоединяемой трубы: 1020 мм
ГЭСНм	12	12-11-006	Присоединение трубопроводов условным давлением до 2,5 МПа к действующей магистрали	12-11-006-17	присоединение	Присоединение трубопровода номинальным давлением до 2,5 МПа к действующей магистрали, диаметр наружный присоединяемой трубы: 1220 мм
ГЭСНм	12	12-11-006	Присоединение трубопроводов условным давлением до 2,5 МПа к действующей магистрали	12-11-006-18	присоединение	Присоединение трубопровода номинальным давлением до 2,5 МПа к действующей магистрали, диаметр наружный присоединяемой трубы: 1420 мм
ГЭСНм	12	12-11-006	Присоединение трубопроводов условным давлением до 2,5 МПа к действующей магистрали	12-11-006-19	присоединение	Присоединение трубопровода номинальным давлением до 2,5 МПа к действующей магистрали, диаметр наружный присоединяемой трубы: 1620 мм
ГЭСНм	12	12-12-001	Арматура фланцевая с ручным приводом или без привода водопроводная на условное давление до 4 МПа	12-12-001-01	шт	Арматура фланцевая с ручным приводом или без привода водопроводная на номинальное давление до 4 МПа, номинальный диаметр: 10 мм
ГЭСНм	12	12-12-001	Арматура фланцевая с ручным приводом или без привода водопроводная на условное давление до 4 МПа	12-12-001-02	шт	Арматура фланцевая с ручным приводом или без привода водопроводная на номинальное давление до 4 МПа, номинальный диаметр: 15 мм
ГЭСНм	12	12-12-001	Арматура фланцевая с ручным приводом или без привода водопроводная на условное давление до 4 МПа	12-12-001-03	шт	Арматура фланцевая с ручным приводом или без привода водопроводная на номинальное давление до 4 МПа, номинальный диаметр: 20 мм
ГЭСНм	12	12-12-001	Арматура фланцевая с ручным приводом или без привода водопроводная на условное давление до 4 МПа	12-12-001-04	шт	Арматура фланцевая с ручным приводом или без привода водопроводная на номинальное давление до 4 МПа, номинальный диаметр: 25 мм
ГЭСНм	12	12-12-001	Арматура фланцевая с ручным приводом или без привода водопроводная на условное давление до 4 МПа	12-12-001-05	шт	Арматура фланцевая с ручным приводом или без привода водопроводная на номинальное давление до 4 МПа, номинальный диаметр: 32 мм
ГЭСНм	12	12-12-001	Арматура фланцевая с ручным приводом или без привода водопроводная на условное давление до 4 МПа	12-12-001-06	шт	Арматура фланцевая с ручным приводом или без привода водопроводная на номинальное давление до 4 МПа, номинальный диаметр: 40 мм
ГЭСНм	12	12-12-001	Арматура фланцевая с ручным приводом или без привода водопроводная на условное давление до 4 МПа	12-12-001-07	шт	Арматура фланцевая с ручным приводом или без привода водопроводная на номинальное давление до 4 МПа, номинальный диаметр: 50 мм
ГЭСНм	12	12-12-001	Арматура фланцевая с ручным приводом или без привода водопроводная на условное давление до 4 МПа	12-12-001-08	шт	Арматура фланцевая с ручным приводом или без привода водопроводная на номинальное давление до 4 МПа, номинальный диаметр: 65 мм
ГЭСНм	12	12-12-001	Арматура фланцевая с ручным приводом или без привода водопроводная на условное давление до 4 МПа	12-12-001-09	шт	Арматура фланцевая с ручным приводом или без привода водопроводная на номинальное давление до 4 МПа, номинальный диаметр: 80 мм
ГЭСНм	12	12-12-001	Арматура фланцевая с ручным приводом или без привода водопроводная на условное давление до 4 МПа	12-12-001-10	шт	Арматура фланцевая с ручным приводом или без привода водопроводная на номинальное давление до 4 МПа, номинальный диаметр: 100 мм
ГЭСНм	12	12-12-001	Арматура фланцевая с ручным приводом или без привода водопроводная на условное давление до 4 МПа	12-12-001-11	шт	Арматура фланцевая с ручным приводом или без привода водопроводная на номинальное давление до 4 МПа, номинальный диаметр: 125 мм
ГЭСНм	12	12-12-001	Арматура фланцевая с ручным приводом или без привода водопроводная на условное давление до 4 МПа	12-12-001-12	шт	Арматура фланцевая с ручным приводом или без привода водопроводная на номинальное давление до 4 МПа, номинальный диаметр: 150 мм
ГЭСНм	12	12-12-001	Арматура фланцевая с ручным приводом или без привода водопроводная на условное давление до 4 МПа	12-12-001-13	шт	Арматура фланцевая с ручным приводом или без привода водопроводная на номинальное давление до 4 МПа, номинальный диаметр: 200 мм
ГЭСНм	12	12-12-001	Арматура фланцевая с ручным приводом или без привода водопроводная на условное давление до 4 МПа	12-12-001-14	шт	Арматура фланцевая с ручным приводом или без привода водопроводная на номинальное давление до 4 МПа, номинальный диаметр: 250 мм
ГЭСНм	12	12-12-001	Арматура фланцевая с ручным приводом или без привода водопроводная на условное давление до 4 МПа	12-12-001-15	шт	Арматура фланцевая с ручным приводом или без привода водопроводная на номинальное давление до 4 МПа, номинальный диаметр: 300 мм
ГЭСНм	12	12-12-001	Арматура фланцевая с ручным приводом или без привода водопроводная на условное давление до 4 МПа	12-12-001-16	шт	Арматура фланцевая с ручным приводом или без привода водопроводная на номинальное давление до 4 МПа, номинальный диаметр: 350 мм
ГЭСНм	12	12-12-001	Арматура фланцевая с ручным приводом или без привода водопроводная на условное давление до 4 МПа	12-12-001-17	шт	Арматура фланцевая с ручным приводом или без привода водопроводная на номинальное давление до 4 МПа, номинальный диаметр: 400 мм
ГЭСНм	12	12-12-001	Арматура фланцевая с ручным приводом или без привода водопроводная на условное давление до 4 МПа	12-12-001-18	шт	Арматура фланцевая с ручным приводом или без привода водопроводная на номинальное давление до 4 МПа, номинальный диаметр: 500 мм
ГЭСНм	12	12-12-001	Арматура фланцевая с ручным приводом или без привода водопроводная на условное давление до 4 МПа	12-12-001-19	шт	Арматура фланцевая с ручным приводом или без привода водопроводная на номинальное давление до 4 МПа, номинальный диаметр: 600 мм
ГЭСНм	12	12-12-001	Арматура фланцевая с ручным приводом или без привода водопроводная на условное давление до 4 МПа	12-12-001-20	шт	Арматура фланцевая с ручным приводом или без привода водопроводная на номинальное давление до 4 МПа, номинальный диаметр: 800 мм
ГЭСНм	12	12-12-001	Арматура фланцевая с ручным приводом или без привода водопроводная на условное давление до 4 МПа	12-12-001-21	шт	Арматура фланцевая с ручным приводом или без привода водопроводная на номинальное давление до 4 МПа, номинальный диаметр: 1000 мм
ГЭСНм	12	12-12-001	Арматура фланцевая с ручным приводом или без привода водопроводная на условное давление до 4 МПа	12-12-001-22	шт	Арматура фланцевая с ручным приводом или без привода водопроводная на номинальное давление до 4 МПа, номинальный диаметр: 1200 мм
ГЭСНм	12	12-12-002	Арматура фланцевая с ручным приводом или без привода водопроводная на условное давление до 10 МПа	12-12-002-01	шт	Арматура фланцевая с ручным приводом или без привода водопроводная на номинальное давление до 10 МПа, номинальный диаметр: 10 мм
ГЭСНм	12	12-12-002	Арматура фланцевая с ручным приводом или без привода водопроводная на условное давление до 10 МПа	12-12-002-02	шт	Арматура фланцевая с ручным приводом или без привода водопроводная на номинальное давление до 10 МПа, номинальный диаметр: 15 мм
ГЭСНм	12	12-12-002	Арматура фланцевая с ручным приводом или без привода водопроводная на условное давление до 10 МПа	12-12-002-03	шт	Арматура фланцевая с ручным приводом или без привода водопроводная на номинальное давление до 10 МПа, номинальный диаметр: 20 мм
ГЭСНм	12	12-12-002	Арматура фланцевая с ручным приводом или без привода водопроводная на условное давление до 10 МПа	12-12-002-04	шт	Арматура фланцевая с ручным приводом или без привода водопроводная на номинальное давление до 10 МПа, номинальный диаметр: 25 мм
ГЭСНм	12	12-12-002	Арматура фланцевая с ручным приводом или без привода водопроводная на условное давление до 10 МПа	12-12-002-05	шт	Арматура фланцевая с ручным приводом или без привода водопроводная на номинальное давление до 10 МПа, номинальный диаметр: 32 мм
ГЭСНм	12	12-12-002	Арматура фланцевая с ручным приводом или без привода водопроводная на условное давление до 10 МПа	12-12-002-06	шт	Арматура фланцевая с ручным приводом или без привода водопроводная на номинальное давление до 10 МПа, номинальный диаметр: 40 мм
ГЭСНм	12	12-12-002	Арматура фланцевая с ручным приводом или без привода водопроводная на условное давление до 10 МПа	12-12-002-07	шт	Арматура фланцевая с ручным приводом или без привода водопроводная на номинальное давление до 10 МПа, номинальный диаметр: 50 мм
ГЭСНм	12	12-12-002	Арматура фланцевая с ручным приводом или без привода водопроводная на условное давление до 10 МПа	12-12-002-08	шт	Арматура фланцевая с ручным приводом или без привода водопроводная на номинальное давление до 10 МПа, номинальный диаметр: 65 мм
ГЭСНм	12	12-12-002	Арматура фланцевая с ручным приводом или без привода водопроводная на условное давление до 10 МПа	12-12-002-09	шт	Арматура фланцевая с ручным приводом или без привода водопроводная на номинальное давление до 10 МПа, номинальный диаметр: 80 мм
ГЭСНм	12	12-12-002	Арматура фланцевая с ручным приводом или без привода водопроводная на условное давление до 10 МПа	12-12-002-10	шт	Арматура фланцевая с ручным приводом или без привода водопроводная на номинальное давление до 10 МПа, номинальный диаметр: 100 мм
ГЭСНм	12	12-12-002	Арматура фланцевая с ручным приводом или без привода водопроводная на условное давление до 10 МПа	12-12-002-11	шт	Арматура фланцевая с ручным приводом или без привода водопроводная на номинальное давление до 10 МПа, номинальный диаметр: 125 мм
ГЭСНм	12	12-12-002	Арматура фланцевая с ручным приводом или без привода водопроводная на условное давление до 10 МПа	12-12-002-12	шт	Арматура фланцевая с ручным приводом или без привода водопроводная на номинальное давление до 10 МПа, номинальный диаметр: 150 мм
ГЭСНм	12	12-12-002	Арматура фланцевая с ручным приводом или без привода водопроводная на условное давление до 10 МПа	12-12-002-13	шт	Арматура фланцевая с ручным приводом или без привода водопроводная на номинальное давление до 10 МПа, номинальный диаметр: 200 мм
ГЭСНм	12	12-12-002	Арматура фланцевая с ручным приводом или без привода водопроводная на условное давление до 10 МПа	12-12-002-14	шт	Арматура фланцевая с ручным приводом или без привода водопроводная на номинальное давление до 10 МПа, номинальный диаметр: 250 мм
ГЭСНм	12	12-12-002	Арматура фланцевая с ручным приводом или без привода водопроводная на условное давление до 10 МПа	12-12-002-15	шт	Арматура фланцевая с ручным приводом или без привода водопроводная на номинальное давление до 10 МПа, номинальный диаметр: 300 мм
ГЭСНм	12	12-12-002	Арматура фланцевая с ручным приводом или без привода водопроводная на условное давление до 10 МПа	12-12-002-16	шт	Арматура фланцевая с ручным приводом или без привода водопроводная на номинальное давление до 10 МПа, номинальный диаметр: 350 мм
ГЭСНм	12	12-12-002	Арматура фланцевая с ручным приводом или без привода водопроводная на условное давление до 10 МПа	12-12-002-17	шт	Арматура фланцевая с ручным приводом или без привода водопроводная на номинальное давление до 10 МПа, номинальный диаметр: 400 мм
ГЭСНм	12	12-12-002	Арматура фланцевая с ручным приводом или без привода водопроводная на условное давление до 10 МПа	12-12-002-18	шт	Арматура фланцевая с ручным приводом или без привода водопроводная на номинальное давление до 10 МПа, номинальный диаметр: 500 мм
ГЭСНм	12	12-12-003	Арматура фланцевая с электрическим приводом на условное давление до 4 МПа	12-12-003-01	шт	Арматура фланцевая с электрическим приводом на номинальное давление до 4 МПа, номинальный диаметр: 32 мм
ГЭСНм	12	12-12-003	Арматура фланцевая с электрическим приводом на условное давление до 4 МПа	12-12-003-02	шт	Арматура фланцевая с электрическим приводом на номинальное давление до 4 МПа, номинальный диаметр: 40 мм
ГЭСНм	12	12-12-003	Арматура фланцевая с электрическим приводом на условное давление до 4 МПа	12-12-003-03	шт	Арматура фланцевая с электрическим приводом на номинальное давление до 4 МПа, номинальный диаметр: 50 мм
ГЭСНм	12	12-12-003	Арматура фланцевая с электрическим приводом на условное давление до 4 МПа	12-12-003-04	шт	Арматура фланцевая с электрическим приводом на номинальное давление до 4 МПа, номинальный диаметр: 65 мм
ГЭСНм	12	12-12-003	Арматура фланцевая с электрическим приводом на условное давление до 4 МПа	12-12-003-05	шт	Арматура фланцевая с электрическим приводом на номинальное давление до 4 МПа, номинальный диаметр: 80 мм
ГЭСНм	12	12-12-003	Арматура фланцевая с электрическим приводом на условное давление до 4 МПа	12-12-003-06	шт	Арматура фланцевая с электрическим приводом на номинальное давление до 4 МПа, номинальный диаметр: 100 мм
ГЭСНм	12	12-12-003	Арматура фланцевая с электрическим приводом на условное давление до 4 МПа	12-12-003-07	шт	Арматура фланцевая с электрическим приводом на номинальное давление до 4 МПа, номинальный диаметр: 125 мм
ГЭСНм	12	12-12-003	Арматура фланцевая с электрическим приводом на условное давление до 4 МПа	12-12-003-08	шт	Арматура фланцевая с электрическим приводом на номинальное давление до 4 МПа, номинальный диаметр: 150 мм
ГЭСНм	12	12-12-003	Арматура фланцевая с электрическим приводом на условное давление до 4 МПа	12-12-003-09	шт	Арматура фланцевая с электрическим приводом на номинальное давление до 4 МПа, номинальный диаметр: 200 мм
ГЭСНм	12	12-12-003	Арматура фланцевая с электрическим приводом на условное давление до 4 МПа	12-12-003-10	шт	Арматура фланцевая с электрическим приводом на номинальное давление до 4 МПа, номинальный диаметр: 250 мм
ГЭСНм	12	12-12-003	Арматура фланцевая с электрическим приводом на условное давление до 4 МПа	12-12-003-11	шт	Арматура фланцевая с электрическим приводом на номинальное давление до 4 МПа, номинальный диаметр: 300 мм
ГЭСНм	12	12-12-003	Арматура фланцевая с электрическим приводом на условное давление до 4 МПа	12-12-003-12	шт	Арматура фланцевая с электрическим приводом на номинальное давление до 4 МПа, номинальный диаметр: 350 мм
ГЭСНм	12	12-12-003	Арматура фланцевая с электрическим приводом на условное давление до 4 МПа	12-12-003-13	шт	Арматура фланцевая с электрическим приводом на номинальное давление до 4 МПа, номинальный диаметр: 400 мм
ГЭСНм	12	12-12-003	Арматура фланцевая с электрическим приводом на условное давление до 4 МПа	12-12-003-14	шт	Арматура фланцевая с электрическим приводом на номинальное давление до 4 МПа, номинальный диаметр: 500 мм
ГЭСНм	12	12-12-003	Арматура фланцевая с электрическим приводом на условное давление до 4 МПа	12-12-003-15	шт	Арматура фланцевая с электрическим приводом на номинальное давление до 4 МПа, номинальный диаметр: 600 мм
ГЭСНм	12	12-12-003	Арматура фланцевая с электрическим приводом на условное давление до 4 МПа	12-12-003-16	шт	Арматура фланцевая с электрическим приводом на номинальное давление до 4 МПа, номинальный диаметр: 800 мм
ГЭСНм	12	12-12-003	Арматура фланцевая с электрическим приводом на условное давление до 4 МПа	12-12-003-17	шт	Арматура фланцевая с электрическим приводом на номинальное давление до 4 МПа, номинальный диаметр: 1000 мм
ГЭСНм	12	12-12-003	Арматура фланцевая с электрическим приводом на условное давление до 4 МПа	12-12-003-18	шт	Арматура фланцевая с электрическим приводом на номинальное давление до 4 МПа, номинальный диаметр: 1200 мм
ГЭСНм	12	12-12-003	Арматура фланцевая с электрическим приводом на условное давление до 4 МПа	12-12-003-19	шт	Арматура фланцевая с электрическим приводом на номинальное давление до 4 МПа, номинальный диаметр: 1400 мм
ГЭСНм	12	12-12-004	Арматура фланцевая с электрическим приводом на условное давление до 10 МПа	12-12-004-01	шт	Арматура фланцевая с электрическим приводом на номинальное давление до 10 МПа, номинальный диаметр: 32 мм
ГЭСНм	12	12-12-004	Арматура фланцевая с электрическим приводом на условное давление до 10 МПа	12-12-004-02	шт	Арматура фланцевая с электрическим приводом на номинальное давление до 10 МПа, номинальный диаметр: 40 мм
ГЭСНм	12	12-12-004	Арматура фланцевая с электрическим приводом на условное давление до 10 МПа	12-12-004-03	шт	Арматура фланцевая с электрическим приводом на номинальное давление до 10 МПа, номинальный диаметр: 50 мм
ГЭСНм	12	12-12-004	Арматура фланцевая с электрическим приводом на условное давление до 10 МПа	12-12-004-04	шт	Арматура фланцевая с электрическим приводом на номинальное давление до 10 МПа, номинальный диаметр: 65 мм
ГЭСНм	12	12-12-004	Арматура фланцевая с электрическим приводом на условное давление до 10 МПа	12-12-004-05	шт	Арматура фланцевая с электрическим приводом на номинальное давление до 10 МПа, номинальный диаметр: 80 мм
ГЭСНм	12	12-12-004	Арматура фланцевая с электрическим приводом на условное давление до 10 МПа	12-12-004-06	шт	Арматура фланцевая с электрическим приводом на номинальное давление до 10 МПа, номинальный диаметр: 100 мм
ГЭСНм	12	12-12-004	Арматура фланцевая с электрическим приводом на условное давление до 10 МПа	12-12-004-07	шт	Арматура фланцевая с электрическим приводом на номинальное давление до 10 МПа, номинальный диаметр: 125 мм
ГЭСНм	12	12-12-004	Арматура фланцевая с электрическим приводом на условное давление до 10 МПа	12-12-004-08	шт	Арматура фланцевая с электрическим приводом на номинальное давление до 10 МПа, номинальный диаметр: 150 мм
ГЭСНм	12	12-12-004	Арматура фланцевая с электрическим приводом на условное давление до 10 МПа	12-12-004-09	шт	Арматура фланцевая с электрическим приводом на номинальное давление до 10 МПа, номинальный диаметр: 200 мм
ГЭСНм	12	12-12-004	Арматура фланцевая с электрическим приводом на условное давление до 10 МПа	12-12-004-10	шт	Арматура фланцевая с электрическим приводом на номинальное давление до 10 МПа, номинальный диаметр: 250 мм
ГЭСНм	12	12-12-004	Арматура фланцевая с электрическим приводом на условное давление до 10 МПа	12-12-004-11	шт	Арматура фланцевая с электрическим приводом на номинальное давление до 10 МПа, номинальный диаметр: 300 мм
ГЭСНм	12	12-12-004	Арматура фланцевая с электрическим приводом на условное давление до 10 МПа	12-12-004-12	шт	Арматура фланцевая с электрическим приводом на номинальное давление до 10 МПа, номинальный диаметр: 350 мм
ГЭСНм	12	12-12-004	Арматура фланцевая с электрическим приводом на условное давление до 10 МПа	12-12-004-13	шт	Арматура фланцевая с электрическим приводом на номинальное давление до 10 МПа, номинальный диаметр: 400 мм
ГЭСНм	12	12-12-004	Арматура фланцевая с электрическим приводом на условное давление до 10 МПа	12-12-004-14	шт	Арматура фланцевая с электрическим приводом на номинальное давление до 10 МПа, номинальный диаметр: 500 мм
ГЭСНм	12	12-12-005	Арматура приварная с ручным приводом или без привода водопроводная на условное давление до 4 МПа	12-12-005-01	шт	Арматура приварная с ручным приводом или без привода водопроводная на номинальное давление до 4 МПа, номинальный диаметр: 10 мм
ГЭСНм	12	12-12-005	Арматура приварная с ручным приводом или без привода водопроводная на условное давление до 4 МПа	12-12-005-02	шт	Арматура приварная с ручным приводом или без привода водопроводная на номинальное давление до 4 МПа, номинальный диаметр: 15 мм
ГЭСНм	12	12-12-005	Арматура приварная с ручным приводом или без привода водопроводная на условное давление до 4 МПа	12-12-005-03	шт	Арматура приварная с ручным приводом или без привода водопроводная на номинальное давление до 4 МПа, номинальный диаметр: 20 мм
ГЭСНм	12	12-12-005	Арматура приварная с ручным приводом или без привода водопроводная на условное давление до 4 МПа	12-12-005-04	шт	Арматура приварная с ручным приводом или без привода водопроводная на номинальное давление до 4 МПа, номинальный диаметр: 25 мм
ГЭСНм	12	12-12-005	Арматура приварная с ручным приводом или без привода водопроводная на условное давление до 4 МПа	12-12-005-05	шт	Арматура приварная с ручным приводом или без привода водопроводная на номинальное давление до 4 МПа, номинальный диаметр: 32 мм
ГЭСНм	12	12-12-005	Арматура приварная с ручным приводом или без привода водопроводная на условное давление до 4 МПа	12-12-005-06	шт	Арматура приварная с ручным приводом или без привода водопроводная на номинальное давление до 4 МПа, номинальный диаметр: 40 мм
ГЭСНм	12	12-12-005	Арматура приварная с ручным приводом или без привода водопроводная на условное давление до 4 МПа	12-12-005-07	шт	Арматура приварная с ручным приводом или без привода водопроводная на номинальное давление до 4 МПа, номинальный диаметр: 50 мм
ГЭСНм	12	12-12-005	Арматура приварная с ручным приводом или без привода водопроводная на условное давление до 4 МПа	12-12-005-08	шт	Арматура приварная с ручным приводом или без привода водопроводная на номинальное давление до 4 МПа, номинальный диаметр: 65 мм
ГЭСНм	12	12-12-005	Арматура приварная с ручным приводом или без привода водопроводная на условное давление до 4 МПа	12-12-005-09	шт	Арматура приварная с ручным приводом или без привода водопроводная на номинальное давление до 4 МПа, номинальный диаметр: 80 мм
ГЭСНм	12	12-12-005	Арматура приварная с ручным приводом или без привода водопроводная на условное давление до 4 МПа	12-12-005-10	шт	Арматура приварная с ручным приводом или без привода водопроводная на номинальное давление до 4 МПа, номинальный диаметр: 100 мм
ГЭСНм	12	12-12-005	Арматура приварная с ручным приводом или без привода водопроводная на условное давление до 4 МПа	12-12-005-11	шт	Арматура приварная с ручным приводом или без привода водопроводная на номинальное давление до 4 МПа, номинальный диаметр: 125 мм
ГЭСНм	12	12-12-005	Арматура приварная с ручным приводом или без привода водопроводная на условное давление до 4 МПа	12-12-005-12	шт	Арматура приварная с ручным приводом или без привода водопроводная на номинальное давление до 4 МПа, номинальный диаметр: 150 мм
ГЭСНм	12	12-12-005	Арматура приварная с ручным приводом или без привода водопроводная на условное давление до 4 МПа	12-12-005-13	шт	Арматура приварная с ручным приводом или без привода водопроводная на номинальное давление до 4 МПа, номинальный диаметр: 200 мм
ГЭСНм	12	12-12-005	Арматура приварная с ручным приводом или без привода водопроводная на условное давление до 4 МПа	12-12-005-14	шт	Арматура приварная с ручным приводом или без привода водопроводная на номинальное давление до 4 МПа, номинальный диаметр: 250 мм
ГЭСНм	12	12-12-005	Арматура приварная с ручным приводом или без привода водопроводная на условное давление до 4 МПа	12-12-005-15	шт	Арматура приварная с ручным приводом или без привода водопроводная на номинальное давление до 4 МПа, номинальный диаметр: 300 мм
ГЭСНм	12	12-12-005	Арматура приварная с ручным приводом или без привода водопроводная на условное давление до 4 МПа	12-12-005-16	шт	Арматура приварная с ручным приводом или без привода водопроводная на номинальное давление до 4 МПа, номинальный диаметр: 350 мм
ГЭСНм	12	12-12-005	Арматура приварная с ручным приводом или без привода водопроводная на условное давление до 4 МПа	12-12-005-17	шт	Арматура приварная с ручным приводом или без привода водопроводная на номинальное давление до 4 МПа, номинальный диаметр: 400 мм
ГЭСНм	12	12-12-005	Арматура приварная с ручным приводом или без привода водопроводная на условное давление до 4 МПа	12-12-005-18	шт	Арматура приварная с ручным приводом или без привода водопроводная на номинальное давление до 4 МПа, номинальный диаметр: 500 мм
ГЭСНм	12	12-12-005	Арматура приварная с ручным приводом или без привода водопроводная на условное давление до 4 МПа	12-12-005-19	шт	Арматура приварная с ручным приводом или без привода водопроводная на номинальное давление до 4 МПа, номинальный диаметр: 600 мм
ГЭСНм	12	12-12-005	Арматура приварная с ручным приводом или без привода водопроводная на условное давление до 4 МПа	12-12-005-20	шт	Арматура приварная с ручным приводом или без привода водопроводная на номинальное давление до 4 МПа, номинальный диаметр: 800 мм
ГЭСНм	12	12-12-005	Арматура приварная с ручным приводом или без привода водопроводная на условное давление до 4 МПа	12-12-005-21	шт	Арматура приварная с ручным приводом или без привода водопроводная на номинальное давление до 4 МПа, номинальный диаметр: 1000 мм
ГЭСНм	12	12-12-005	Арматура приварная с ручным приводом или без привода водопроводная на условное давление до 4 МПа	12-12-005-22	шт	Арматура приварная с ручным приводом или без привода водопроводная на номинальное давление до 4 МПа, номинальный диаметр: 1200 мм
ГЭСНм	12	12-12-005	Арматура приварная с ручным приводом или без привода водопроводная на условное давление до 4 МПа	12-12-005-23	шт	Арматура приварная с ручным приводом или без привода водопроводная на номинальное давление до 4 МПа, номинальный диаметр: 1400 мм
ГЭСНм	12	12-12-006	Арматура приварная с ручным приводом или без привода водопроводная на условное давление до 10 МПа	12-12-006-01	шт	Арматура приварная с ручным приводом или без привода водопроводная на номинальное давление до 10 МПа, номинальный диаметр: 10 мм
ГЭСНм	12	12-12-006	Арматура приварная с ручным приводом или без привода водопроводная на условное давление до 10 МПа	12-12-006-02	шт	Арматура приварная с ручным приводом или без привода водопроводная на номинальное давление до 10 МПа, номинальный диаметр: 15 мм
ГЭСНм	12	12-12-006	Арматура приварная с ручным приводом или без привода водопроводная на условное давление до 10 МПа	12-12-006-03	шт	Арматура приварная с ручным приводом или без привода водопроводная на номинальное давление до 10 МПа, номинальный диаметр: 20 мм
ГЭСНм	12	12-12-006	Арматура приварная с ручным приводом или без привода водопроводная на условное давление до 10 МПа	12-12-006-04	шт	Арматура приварная с ручным приводом или без привода водопроводная на номинальное давление до 10 МПа, номинальный диаметр: 25 мм
ГЭСНм	12	12-12-006	Арматура приварная с ручным приводом или без привода водопроводная на условное давление до 10 МПа	12-12-006-05	шт	Арматура приварная с ручным приводом или без привода водопроводная на номинальное давление до 10 МПа, номинальный диаметр: 32 мм
ГЭСНм	12	12-12-006	Арматура приварная с ручным приводом или без привода водопроводная на условное давление до 10 МПа	12-12-006-06	шт	Арматура приварная с ручным приводом или без привода водопроводная на номинальное давление до 10 МПа, номинальный диаметр: 40 мм
ГЭСНм	12	12-12-006	Арматура приварная с ручным приводом или без привода водопроводная на условное давление до 10 МПа	12-12-006-07	шт	Арматура приварная с ручным приводом или без привода водопроводная на номинальное давление до 10 МПа, номинальный диаметр: 50 мм
ГЭСНм	12	12-12-006	Арматура приварная с ручным приводом или без привода водопроводная на условное давление до 10 МПа	12-12-006-08	шт	Арматура приварная с ручным приводом или без привода водопроводная на номинальное давление до 10 МПа, номинальный диаметр: 65 мм
ГЭСНм	12	12-12-006	Арматура приварная с ручным приводом или без привода водопроводная на условное давление до 10 МПа	12-12-006-09	шт	Арматура приварная с ручным приводом или без привода водопроводная на номинальное давление до 10 МПа, номинальный диаметр: 80 мм
ГЭСНм	12	12-12-006	Арматура приварная с ручным приводом или без привода водопроводная на условное давление до 10 МПа	12-12-006-10	шт	Арматура приварная с ручным приводом или без привода водопроводная на номинальное давление до 10 МПа, номинальный диаметр: 100 мм
ГЭСНм	12	12-12-006	Арматура приварная с ручным приводом или без привода водопроводная на условное давление до 10 МПа	12-12-006-11	шт	Арматура приварная с ручным приводом или без привода водопроводная на номинальное давление до 10 МПа, номинальный диаметр: 125 мм
ГЭСНм	12	12-12-006	Арматура приварная с ручным приводом или без привода водопроводная на условное давление до 10 МПа	12-12-006-12	шт	Арматура приварная с ручным приводом или без привода водопроводная на номинальное давление до 10 МПа, номинальный диаметр: 150 мм
ГЭСНм	12	12-12-006	Арматура приварная с ручным приводом или без привода водопроводная на условное давление до 10 МПа	12-12-006-13	шт	Арматура приварная с ручным приводом или без привода водопроводная на номинальное давление до 10 МПа, номинальный диаметр: 200 мм
ГЭСНм	12	12-12-006	Арматура приварная с ручным приводом или без привода водопроводная на условное давление до 10 МПа	12-12-006-14	шт	Арматура приварная с ручным приводом или без привода водопроводная на номинальное давление до 10 МПа, номинальный диаметр: 250 мм
ГЭСНм	12	12-12-006	Арматура приварная с ручным приводом или без привода водопроводная на условное давление до 10 МПа	12-12-006-15	шт	Арматура приварная с ручным приводом или без привода водопроводная на номинальное давление до 10 МПа, номинальный диаметр: 300 мм
ГЭСНм	12	12-12-006	Арматура приварная с ручным приводом или без привода водопроводная на условное давление до 10 МПа	12-12-006-16	шт	Арматура приварная с ручным приводом или без привода водопроводная на номинальное давление до 10 МПа, номинальный диаметр: 350 мм
ГЭСНм	12	12-12-006	Арматура приварная с ручным приводом или без привода водопроводная на условное давление до 10 МПа	12-12-006-17	шт	Арматура приварная с ручным приводом или без привода водопроводная на номинальное давление до 10 МПа, номинальный диаметр: 400 мм
ГЭСНм	12	12-12-006	Арматура приварная с ручным приводом или без привода водопроводная на условное давление до 10 МПа	12-12-006-18	шт	Арматура приварная с ручным приводом или без привода водопроводная на номинальное давление до 10 МПа, номинальный диаметр: 500 мм
ГЭСНм	12	12-12-007	Арматура приварная с электрическим приводом на условное давление до 4 МПа	12-12-007-01	шт	Арматура приварная с электрическим приводом на номинальное давление до 4 МПа, номинальный диаметр: 32 мм
ГЭСНм	12	12-12-007	Арматура приварная с электрическим приводом на условное давление до 4 МПа	12-12-007-02	шт	Арматура приварная с электрическим приводом на номинальное давление до 4 МПа, номинальный диаметр: 40 мм
ГЭСНм	12	12-12-007	Арматура приварная с электрическим приводом на условное давление до 4 МПа	12-12-007-03	шт	Арматура приварная с электрическим приводом на номинальное давление до 4 МПа, номинальный диаметр: 50 мм
ГЭСНм	12	12-12-007	Арматура приварная с электрическим приводом на условное давление до 4 МПа	12-12-007-04	шт	Арматура приварная с электрическим приводом на номинальное давление до 4 МПа, номинальный диаметр: 65 мм
ГЭСНм	12	12-12-007	Арматура приварная с электрическим приводом на условное давление до 4 МПа	12-12-007-05	шт	Арматура приварная с электрическим приводом на номинальное давление до 4 МПа, номинальный диаметр: 80 мм
ГЭСНм	12	12-12-007	Арматура приварная с электрическим приводом на условное давление до 4 МПа	12-12-007-06	шт	Арматура приварная с электрическим приводом на номинальное давление до 4 МПа, номинальный диаметр: 100 мм
ГЭСНм	12	12-12-007	Арматура приварная с электрическим приводом на условное давление до 4 МПа	12-12-007-07	шт	Арматура приварная с электрическим приводом на номинальное давление до 4 МПа, номинальный диаметр: 125 мм
ГЭСНм	12	12-12-007	Арматура приварная с электрическим приводом на условное давление до 4 МПа	12-12-007-08	шт	Арматура приварная с электрическим приводом на номинальное давление до 4 МПа, номинальный диаметр: 150 мм
ГЭСНм	12	12-12-007	Арматура приварная с электрическим приводом на условное давление до 4 МПа	12-12-007-09	шт	Арматура приварная с электрическим приводом на номинальное давление до 4 МПа, номинальный диаметр: 200 мм
ГЭСНм	12	12-12-007	Арматура приварная с электрическим приводом на условное давление до 4 МПа	12-12-007-10	шт	Арматура приварная с электрическим приводом на номинальное давление до 4 МПа, номинальный диаметр: 250 мм
ГЭСНм	12	12-12-007	Арматура приварная с электрическим приводом на условное давление до 4 МПа	12-12-007-11	шт	Арматура приварная с электрическим приводом на номинальное давление до 4 МПа, номинальный диаметр: 300 мм
ГЭСНм	12	12-12-007	Арматура приварная с электрическим приводом на условное давление до 4 МПа	12-12-007-12	шт	Арматура приварная с электрическим приводом на номинальное давление до 4 МПа, номинальный диаметр: 350 мм
ГЭСНм	12	12-12-007	Арматура приварная с электрическим приводом на условное давление до 4 МПа	12-12-007-13	шт	Арматура приварная с электрическим приводом на номинальное давление до 4 МПа, номинальный диаметр: 400 мм
ГЭСНм	12	12-12-007	Арматура приварная с электрическим приводом на условное давление до 4 МПа	12-12-007-14	шт	Арматура приварная с электрическим приводом на номинальное давление до 4 МПа, номинальный диаметр: 500 мм
ГЭСНм	12	12-12-007	Арматура приварная с электрическим приводом на условное давление до 4 МПа	12-12-007-15	шт	Арматура приварная с электрическим приводом на номинальное давление до 4 МПа, номинальный диаметр: 600 мм
ГЭСНм	12	12-12-007	Арматура приварная с электрическим приводом на условное давление до 4 МПа	12-12-007-16	шт	Арматура приварная с электрическим приводом на номинальное давление до 4 МПа, номинальный диаметр: 800 мм
ГЭСНм	12	12-12-007	Арматура приварная с электрическим приводом на условное давление до 4 МПа	12-12-007-17	шт	Арматура приварная с электрическим приводом на номинальное давление до 4 МПа, номинальный диаметр: 1000 мм
ГЭСНм	12	12-12-007	Арматура приварная с электрическим приводом на условное давление до 4 МПа	12-12-007-18	шт	Арматура приварная с электрическим приводом на номинальное давление до 4 МПа, номинальный диаметр: 1200 мм
ГЭСНм	12	12-12-007	Арматура приварная с электрическим приводом на условное давление до 4 МПа	12-12-007-19	шт	Арматура приварная с электрическим приводом на номинальное давление до 4 МПа, номинальный диаметр: 1400 мм
ГЭСНм	12	12-12-008	Арматура приварная с электрическим приводом на условное давление до 10 МПа	12-12-008-01	шт	Арматура приварная с электрическим приводом на номинальное давление до 10 МПа, номинальный диаметр: 32 мм
ГЭСНм	12	12-12-008	Арматура приварная с электрическим приводом на условное давление до 10 МПа	12-12-008-02	шт	Арматура приварная с электрическим приводом на номинальное давление до 10 МПа, номинальный диаметр: 40 мм
ГЭСНм	12	12-12-008	Арматура приварная с электрическим приводом на условное давление до 10 МПа	12-12-008-03	шт	Арматура приварная с электрическим приводом на номинальное давление до 10 МПа, номинальный диаметр: 50 мм
ГЭСНм	12	12-12-008	Арматура приварная с электрическим приводом на условное давление до 10 МПа	12-12-008-04	шт	Арматура приварная с электрическим приводом на номинальное давление до 10 МПа, номинальный диаметр: 65 мм
ГЭСНм	12	12-12-008	Арматура приварная с электрическим приводом на условное давление до 10 МПа	12-12-008-05	шт	Арматура приварная с электрическим приводом на номинальное давление до 10 МПа, номинальный диаметр: 80 мм
ГЭСНм	12	12-12-008	Арматура приварная с электрическим приводом на условное давление до 10 МПа	12-12-008-06	шт	Арматура приварная с электрическим приводом на номинальное давление до 10 МПа, номинальный диаметр: 100 мм
ГЭСНм	12	12-12-008	Арматура приварная с электрическим приводом на условное давление до 10 МПа	12-12-008-07	шт	Арматура приварная с электрическим приводом на номинальное давление до 10 МПа, номинальный диаметр: 125 мм
ГЭСНм	12	12-12-008	Арматура приварная с электрическим приводом на условное давление до 10 МПа	12-12-008-08	шт	Арматура приварная с электрическим приводом на номинальное давление до 10 МПа, номинальный диаметр: 150 мм
ГЭСНм	12	12-12-008	Арматура приварная с электрическим приводом на условное давление до 10 МПа	12-12-008-09	шт	Арматура приварная с электрическим приводом на номинальное давление до 10 МПа, номинальный диаметр: 200 мм
ГЭСНм	12	12-12-008	Арматура приварная с электрическим приводом на условное давление до 10 МПа	12-12-008-10	шт	Арматура приварная с электрическим приводом на номинальное давление до 10 МПа, номинальный диаметр: 250 мм
ГЭСНм	12	12-12-008	Арматура приварная с электрическим приводом на условное давление до 10 МПа	12-12-008-11	шт	Арматура приварная с электрическим приводом на номинальное давление до 10 МПа, номинальный диаметр: 300 мм
ГЭСНм	12	12-12-008	Арматура приварная с электрическим приводом на условное давление до 10 МПа	12-12-008-12	шт	Арматура приварная с электрическим приводом на номинальное давление до 10 МПа, номинальный диаметр: 350 мм
ГЭСНм	12	12-12-008	Арматура приварная с электрическим приводом на условное давление до 10 МПа	12-12-008-13	шт	Арматура приварная с электрическим приводом на номинальное давление до 10 МПа, номинальный диаметр: 400 мм
ГЭСНм	12	12-12-008	Арматура приварная с электрическим приводом на условное давление до 10 МПа	12-12-008-14	шт	Арматура приварная с электрическим приводом на номинальное давление до 10 МПа, номинальный диаметр: 500 мм
ГЭСНм	12	12-12-009	Арматура муфтовая с ручным приводом или без привода водопроводная на условное давление до 10 МПа	12-12-009-01	шт	Арматура муфтовая с ручным приводом или без привода водопроводная на номинальное давление до 10 МПа, номинальный диаметр: 10 мм
ГЭСНм	12	12-12-009	Арматура муфтовая с ручным приводом или без привода водопроводная на условное давление до 10 МПа	12-12-009-02	шт	Арматура муфтовая с ручным приводом или без привода водопроводная на номинальное давление до 10 МПа, номинальный диаметр: 15 мм
ГЭСНм	12	12-12-009	Арматура муфтовая с ручным приводом или без привода водопроводная на условное давление до 10 МПа	12-12-009-03	шт	Арматура муфтовая с ручным приводом или без привода водопроводная на номинальное давление до 10 МПа, номинальный диаметр: 20 мм
ГЭСНм	12	12-12-009	Арматура муфтовая с ручным приводом или без привода водопроводная на условное давление до 10 МПа	12-12-009-04	шт	Арматура муфтовая с ручным приводом или без привода водопроводная на номинальное давление до 10 МПа, номинальный диаметр: 25 мм
ГЭСНм	12	12-12-009	Арматура муфтовая с ручным приводом или без привода водопроводная на условное давление до 10 МПа	12-12-009-05	шт	Арматура муфтовая с ручным приводом или без привода водопроводная на номинальное давление до 10 МПа, номинальный диаметр: 32 мм
ГЭСНм	12	12-12-009	Арматура муфтовая с ручным приводом или без привода водопроводная на условное давление до 10 МПа	12-12-009-06	шт	Арматура муфтовая с ручным приводом или без привода водопроводная на номинальное давление до 10 МПа, номинальный диаметр: 40 мм
ГЭСНм	12	12-12-009	Арматура муфтовая с ручным приводом или без привода водопроводная на условное давление до 10 МПа	12-12-009-07	шт	Арматура муфтовая с ручным приводом или без привода водопроводная на номинальное давление до 10 МПа, номинальный диаметр: 50 мм
ГЭСНм	12	12-12-009	Арматура муфтовая с ручным приводом или без привода водопроводная на условное давление до 10 МПа	12-12-009-08	шт	Арматура муфтовая с ручным приводом или без привода водопроводная на номинальное давление до 10 МПа, номинальный диаметр: 65 мм
ГЭСНм	12	12-12-009	Арматура муфтовая с ручным приводом или без привода водопроводная на условное давление до 10 МПа	12-12-009-09	шт	Арматура муфтовая с ручным приводом или без привода водопроводная на номинальное давление до 10 МПа, номинальный диаметр: 80 мм
ГЭСНм	12	12-12-020	Краны со смазкой бесколодезной установки с концами под приварку на условное давление 6,4 МПа	12-12-020-01	шт	Кран со смазкой бесколодезной установки с концами под приварку на номинальное давление 6,4 МПа, номинальный диаметр: 400 мм
ГЭСНм	12	12-12-020	Краны со смазкой бесколодезной установки с концами под приварку на условное давление 6,4 МПа	12-12-020-02	шт	Кран со смазкой бесколодезной установки с концами под приварку на номинальное давление 6,4 МПа, номинальный диаметр: 500 мм
ГЭСНм	12	12-12-021	Краны со смазкой бесколодезной установки с концами под приварку на условное давление 8 МПа	12-12-021-01	10 шт	Кран со смазкой бесколодезной установки с концами под приварку на номинальное давление 8 МПа, номинальный диаметр: 400 мм
ГЭСНм	12	12-12-021	Краны со смазкой бесколодезной установки с концами под приварку на условное давление 8 МПа	12-12-021-02	10 шт	Кран со смазкой бесколодезной установки с концами под приварку на номинальное давление 8 МПа, номинальный диаметр: 500 мм
ГЭСНм	12	12-12-021	Краны со смазкой бесколодезной установки с концами под приварку на условное давление 8 МПа	12-12-021-03	10 шт	Кран со смазкой бесколодезной установки с концами под приварку на номинальное давление 8 МПа, номинальный диаметр: 700 мм
ГЭСНм	12	12-12-021	Краны со смазкой бесколодезной установки с концами под приварку на условное давление 8 МПа	12-12-021-04	10 шт	Кран со смазкой бесколодезной установки с концами под приварку на номинальное давление 8 МПа, номинальный диаметр: 1000 мм
ГЭСНм	12	12-12-021	Краны со смазкой бесколодезной установки с концами под приварку на условное давление 8 МПа	12-12-021-05	10 шт	Кран со смазкой бесколодезной установки с концами под приварку на номинальное давление 8 МПа, номинальный диаметр: 1200 мм
ГЭСНм	12	12-12-021	Краны со смазкой бесколодезной установки с концами под приварку на условное давление 8 МПа	12-12-021-06	10 шт	Кран со смазкой бесколодезной установки с концами под приварку на номинальное давление 8 МПа, номинальный диаметр: 1400 мм
ГЭСНм	12	12-12-038	Фильтры стальные фланцевые для жидкого аммиака на условное давление до 2,5 МПа	12-12-038-01	100 шт	Фильтр стальной фланцевый для жидкого аммиака на номинальное давление до 2,5 МПа, номинальный диаметр: 15-25 мм
ГЭСНм	12	12-12-038	Фильтры стальные фланцевые для жидкого аммиака на условное давление до 2,5 МПа	12-12-038-02	100 шт	Фильтр стальной фланцевый для жидкого аммиака на номинальное давление до 2,5 МПа, номинальный диаметр: 40-50 мм
ГЭСНм	12	12-13-001	Арматура для воды и пара на условное давление до 2,5 МПа с ручным приводом	12-13-001-01	шт	Арматура для воды и пара на номинальное давление до 2,5 МПа с ручным приводом, номинальный диаметр: 50 мм
ГЭСНм	12	12-13-001	Арматура для воды и пара на условное давление до 2,5 МПа с ручным приводом	12-13-001-02	шт	Арматура для воды и пара на номинальное давление до 2,5 МПа с ручным приводом, номинальный диаметр: 100 мм
ГЭСНм	12	12-13-001	Арматура для воды и пара на условное давление до 2,5 МПа с ручным приводом	12-13-001-03	шт	Арматура для воды и пара на номинальное давление до 2,5 МПа с ручным приводом, номинальный диаметр: 150 мм
ГЭСНм	12	12-13-001	Арматура для воды и пара на условное давление до 2,5 МПа с ручным приводом	12-13-001-04	шт	Арматура для воды и пара на номинальное давление до 2,5 МПа с ручным приводом, номинальный диаметр: 250 мм
ГЭСНм	12	12-13-002	Арматура для воды и пара на условное давление 6,3 МПа с ручным приводом	12-13-002-01	шт	Арматура для воды и пара на номинальное давление 6,3 МПа с ручным приводом, номинальный диаметр: 10 мм
ГЭСНм	12	12-13-002	Арматура для воды и пара на условное давление 6,3 МПа с ручным приводом	12-13-002-02	шт	Арматура для воды и пара на номинальное давление 6,3 МПа с ручным приводом, номинальный диаметр: 20 мм
ГЭСНм	12	12-13-002	Арматура для воды и пара на условное давление 6,3 МПа с ручным приводом	12-13-002-03	шт	Арматура для воды и пара на номинальное давление 6,3 МПа с ручным приводом, номинальный диаметр: 32 мм
ГЭСНм	12	12-13-002	Арматура для воды и пара на условное давление 6,3 МПа с ручным приводом	12-13-002-04	шт	Арматура для воды и пара на номинальное давление 6,3 МПа с ручным приводом, номинальный диаметр: 50 мм
ГЭСНм	12	12-13-002	Арматура для воды и пара на условное давление 6,3 МПа с ручным приводом	12-13-002-05	шт	Арматура для воды и пара на номинальное давление 6,3 МПа с ручным приводом, номинальный диаметр: 80 мм
ГЭСНм	12	12-13-002	Арматура для воды и пара на условное давление 6,3 МПа с ручным приводом	12-13-002-06	шт	Арматура для воды и пара на номинальное давление 6,3 МПа с ручным приводом, номинальный диаметр: 150 мм
ГЭСНм	12	12-13-002	Арматура для воды и пара на условное давление 6,3 МПа с ручным приводом	12-13-002-07	шт	Арматура для воды и пара на номинальное давление 6,3 МПа с ручным приводом, номинальный диаметр: 200 мм
ГЭСНм	12	12-13-002	Арматура для воды и пара на условное давление 6,3 МПа с ручным приводом	12-13-002-08	шт	Арматура для воды и пара на номинальное давление 6,3 МПа с ручным приводом, номинальный диаметр: 250 мм
ГЭСНм	12	12-13-002	Арматура для воды и пара на условное давление 6,3 МПа с ручным приводом	12-13-002-09	шт	Арматура для воды и пара на номинальное давление 6,3 МПа с ручным приводом, номинальный диаметр: 300 мм
ГЭСНм	12	12-13-002	Арматура для воды и пара на условное давление 6,3 МПа с ручным приводом	12-13-002-10	шт	Арматура для воды и пара на номинальное давление 6,3 МПа с ручным приводом, номинальный диаметр: 350 мм
ГЭСНм	12	12-13-002	Арматура для воды и пара на условное давление 6,3 МПа с ручным приводом	12-13-002-11	шт	Арматура для воды и пара на номинальное давление 6,3 МПа с ручным приводом, номинальный диаметр: 400 мм
ГЭСНм	12	12-13-003	Арматура для воды и пара на условное давление 6,3 МПа с электроприводом	12-13-003-01	шт	Арматура для воды и пара на номинальное давление 6,3 МПа с электроприводом, номинальный диаметр 100 мм
ГЭСНм	12	12-13-004	Арматура для воды и пара на условное давление 10 МПа с ручным приводом	12-13-004-01	шт	Арматура для воды и пара на номинальное давление 10 МПа с ручным приводом, номинальный диаметр: 10 мм
ГЭСНм	12	12-13-004	Арматура для воды и пара на условное давление 10 МПа с ручным приводом	12-13-004-02	шт	Арматура для воды и пара на номинальное давление 10 МПа с ручным приводом, номинальный диаметр: 32 мм
ГЭСНм	12	12-13-004	Арматура для воды и пара на условное давление 10 МПа с ручным приводом	12-13-004-03	шт	Арматура для воды и пара на номинальное давление 10 МПа с ручным приводом, номинальный диаметр: 50 мм
ГЭСНм	12	12-13-004	Арматура для воды и пара на условное давление 10 МПа с ручным приводом	12-13-004-04	шт	Арматура для воды и пара на номинальное давление 10 МПа с ручным приводом, номинальный диаметр: 80 мм
ГЭСНм	12	12-13-004	Арматура для воды и пара на условное давление 10 МПа с ручным приводом	12-13-004-05	шт	Арматура для воды и пара на номинальное давление 10 МПа с ручным приводом, номинальный диаметр: 100 мм
ГЭСНм	12	12-13-004	Арматура для воды и пара на условное давление 10 МПа с ручным приводом	12-13-004-06	шт	Арматура для воды и пара на номинальное давление 10 МПа с ручным приводом, номинальный диаметр: 150 мм
ГЭСНм	12	12-13-004	Арматура для воды и пара на условное давление 10 МПа с ручным приводом	12-13-004-07	шт	Арматура для воды и пара на номинальное давление 10 МПа с ручным приводом, номинальный диаметр: 200 мм
ГЭСНм	12	12-13-004	Арматура для воды и пара на условное давление 10 МПа с ручным приводом	12-13-004-08	шт	Арматура для воды и пара на номинальное давление 10 МПа с ручным приводом, номинальный диаметр: 250 мм
ГЭСНм	12	12-13-004	Арматура для воды и пара на условное давление 10 МПа с ручным приводом	12-13-004-09	шт	Арматура для воды и пара на номинальное давление 10 МПа с ручным приводом, номинальный диаметр: 300 мм
ГЭСНм	12	12-13-005	Арматура для воды и пара на условное давление 10 МПа с электроприводом	12-13-005-01	шт	Арматура для воды и пара на номинальное давление 10 МПа с электроприводом, номинальный диаметр 65 мм
ГЭСНм	12	12-13-006	Арматура для пара на условное давление 10 МПа с ручным приводом	12-13-006-01	шт	Арматура для пара на номинальное давление 10 МПа с ручным приводом, номинальный диаметр: 150 мм
ГЭСНм	12	12-13-006	Арматура для пара на условное давление 10 МПа с ручным приводом	12-13-006-02	шт	Арматура для пара на номинальное давление 10 МПа с ручным приводом, номинальный диаметр: 250 мм
ГЭСНм	12	12-13-006	Арматура для пара на условное давление 10 МПа с ручным приводом	12-13-006-03	шт	Арматура для пара на номинальное давление 10 МПа с ручным приводом, номинальный диаметр: 350 мм
ГЭСНм	12	12-13-006	Арматура для пара на условное давление 10 МПа с ручным приводом	12-13-006-04	шт	Арматура для пара на номинальное давление 10 МПа с ручным приводом, номинальный диаметр: 400 мм
ГЭСНм	12	12-13-006	Арматура для пара на условное давление 10 МПа с ручным приводом	12-13-006-05	шт	Арматура для пара на номинальное давление 10 МПа с ручным приводом, номинальный диаметр: 450 мм
ГЭСНм	12	12-13-007	Арматура для пара на условное давление 10 МПа с электроприводом	12-13-007-01	шт	Арматура для пара на номинальное давление 10 МПа с электроприводом, номинальный диаметр: 150 мм
ГЭСНм	12	12-13-007	Арматура для пара на условное давление 10 МПа с электроприводом	12-13-007-02	шт	Арматура для пара на номинальное давление 10 МПа с электроприводом, номинальный диаметр: 250 мм
ГЭСНм	12	12-13-007	Арматура для пара на условное давление 10 МПа с электроприводом	12-13-007-03	шт	Арматура для пара на номинальное давление 10 МПа с электроприводом, номинальный диаметр: 400 мм
ГЭСНм	12	12-13-007	Арматура для пара на условное давление 10 МПа с электроприводом	12-13-007-04	шт	Арматура для пара на номинальное давление 10 МПа с электроприводом, номинальный диаметр: 450 мм
ГЭСНм	12	12-13-008	Арматура для пара на условное давление 20 МПа с ручным приводом	12-13-008-01	шт	Арматура для пара на номинальное давление 20 МПа с ручным приводом, номинальный диаметр: 65 мм
ГЭСНм	12	12-13-008	Арматура для пара на условное давление 20 МПа с ручным приводом	12-13-008-02	шт	Арматура для пара на номинальное давление 20 МПа с ручным приводом, номинальный диаметр: 100 мм
ГЭСНм	12	12-13-008	Арматура для пара на условное давление 20 МПа с ручным приводом	12-13-008-03	шт	Арматура для пара на номинальное давление 20 МПа с ручным приводом, номинальный диаметр: 125 мм
ГЭСНм	12	12-13-008	Арматура для пара на условное давление 20 МПа с ручным приводом	12-13-008-04	шт	Арматура для пара на номинальное давление 20 МПа с ручным приводом, номинальный диаметр: 150 мм
ГЭСНм	12	12-13-008	Арматура для пара на условное давление 20 МПа с ручным приводом	12-13-008-05	шт	Арматура для пара на номинальное давление 20 МПа с ручным приводом, номинальный диаметр: 175 мм
ГЭСНм	12	12-13-008	Арматура для пара на условное давление 20 МПа с ручным приводом	12-13-008-06	шт	Арматура для пара на номинальное давление 20 МПа с ручным приводом, номинальный диаметр: 225 мм
ГЭСНм	12	12-13-008	Арматура для пара на условное давление 20 МПа с ручным приводом	12-13-008-07	шт	Арматура для пара на номинальное давление 20 МПа с ручным приводом, номинальный диаметр: 250 мм
ГЭСНм	12	12-13-009	Арматура для пара на условное давление 20 МПа с электроприводом	12-13-009-01	шт	Арматура для пара на номинальное давление 20 МПа с электроприводом, номинальный диаметр: 65 мм
ГЭСНм	12	12-13-009	Арматура для пара на условное давление 20 МПа с электроприводом	12-13-009-02	шт	Арматура для пара на номинальное давление 20 МПа с электроприводом, номинальный диаметр: 100 мм
ГЭСНм	12	12-13-009	Арматура для пара на условное давление 20 МПа с электроприводом	12-13-009-03	шт	Арматура для пара на номинальное давление 20 МПа с электроприводом, номинальный диаметр: 150 мм
ГЭСНм	12	12-13-009	Арматура для пара на условное давление 20 МПа с электроприводом	12-13-009-04	шт	Арматура для пара на номинальное давление 20 МПа с электроприводом, номинальный диаметр: 175 мм
ГЭСНм	12	12-13-009	Арматура для пара на условное давление 20 МПа с электроприводом	12-13-009-05	шт	Арматура для пара на номинальное давление 20 МПа с электроприводом, номинальный диаметр: 225 мм
ГЭСНм	12	12-13-010	Арматура для воды на условное давление 20 и 25 МПа с ручным приводом	12-13-010-01	шт	Арматура для воды на номинальное давление 20 и 25 МПа с ручным приводом, номинальный диаметр: 65 мм
ГЭСНм	12	12-13-010	Арматура для воды на условное давление 20 и 25 МПа с ручным приводом	12-13-010-02	шт	Арматура для воды на номинальное давление 20 и 25 МПа с ручным приводом, номинальный диаметр: 100 мм
ГЭСНм	12	12-13-010	Арматура для воды на условное давление 20 и 25 МПа с ручным приводом	12-13-010-03	шт	Арматура для воды на номинальное давление 20 и 25 МПа с ручным приводом, номинальный диаметр: 150 мм
ГЭСНм	12	12-13-010	Арматура для воды на условное давление 20 и 25 МПа с ручным приводом	12-13-010-04	шт	Арматура для воды на номинальное давление 20 и 25 МПа с ручным приводом, номинальный диаметр: 175 мм
ГЭСНм	12	12-13-010	Арматура для воды на условное давление 20 и 25 МПа с ручным приводом	12-13-010-05	шт	Арматура для воды на номинальное давление 20 и 25 МПа с ручным приводом, номинальный диаметр: 225 мм
ГЭСНм	12	12-13-010	Арматура для воды на условное давление 20 и 25 МПа с ручным приводом	12-13-010-06	шт	Арматура для воды на номинальное давление 20 и 25 МПа с ручным приводом, номинальный диаметр: 250 мм
ГЭСНм	12	12-13-010	Арматура для воды на условное давление 20 и 25 МПа с ручным приводом	12-13-010-07	шт	Арматура для воды на номинальное давление 20 и 25 МПа с ручным приводом, номинальный диаметр: 300 мм
ГЭСНм	12	12-13-011	Арматура для воды на условное давление 20 и 25 МПа с электроприводом	12-13-011-01	шт	Арматура для воды на номинальное давление 20 и 25 МПа с электроприводом, номинальный диаметр: 20 мм
ГЭСНм	12	12-13-011	Арматура для воды на условное давление 20 и 25 МПа с электроприводом	12-13-011-02	шт	Арматура для воды на номинальное давление 20 и 25 МПа с электроприводом, номинальный диаметр: 65 мм
ГЭСНм	12	12-13-011	Арматура для воды на условное давление 20 и 25 МПа с электроприводом	12-13-011-03	шт	Арматура для воды на номинальное давление 20 и 25 МПа с электроприводом, номинальный диаметр: 100 мм
ГЭСНм	12	12-13-011	Арматура для воды на условное давление 20 и 25 МПа с электроприводом	12-13-011-04	шт	Арматура для воды на номинальное давление 20 и 25 МПа с электроприводом, номинальный диаметр: 150 мм
ГЭСНм	12	12-13-011	Арматура для воды на условное давление 20 и 25 МПа с электроприводом	12-13-011-05	шт	Арматура для воды на номинальное давление 20 и 25 МПа с электроприводом, номинальный диаметр: 175 мм
ГЭСНм	12	12-13-011	Арматура для воды на условное давление 20 и 25 МПа с электроприводом	12-13-011-06	шт	Арматура для воды на номинальное давление 20 и 25 МПа с электроприводом, номинальный диаметр: 225 мм
ГЭСНм	12	12-13-011	Арматура для воды на условное давление 20 и 25 МПа с электроприводом	12-13-011-07	шт	Арматура для воды на номинальное давление 20 и 25 МПа с электроприводом, номинальный диаметр: 250 мм
ГЭСНм	12	12-13-011	Арматура для воды на условное давление 20 и 25 МПа с электроприводом	12-13-011-08	шт	Арматура для воды на номинальное давление 20 и 25 МПа с электроприводом, номинальный диаметр: 300 мм
ГЭСНм	12	12-13-012	Арматура для пара на условное давление 40 МПа с ручным приводом	12-13-012-01	шт	Арматура для пара на номинальное давление 40 МПа с ручным приводом, номинальный диаметр: 10 мм
ГЭСНм	12	12-13-012	Арматура для пара на условное давление 40 МПа с ручным приводом	12-13-012-02	шт	Арматура для пара на номинальное давление 40 МПа с ручным приводом, номинальный диаметр: 50 мм
ГЭСНм	12	12-13-012	Арматура для пара на условное давление 40 МПа с ручным приводом	12-13-012-03	шт	Арматура для пара на номинальное давление 40 МПа с ручным приводом, номинальный диаметр: 100 мм
ГЭСНм	12	12-13-012	Арматура для пара на условное давление 40 МПа с ручным приводом	12-13-012-04	шт	Арматура для пара на номинальное давление 40 МПа с ручным приводом, номинальный диаметр: 175 мм
ГЭСНм	12	12-13-012	Арматура для пара на условное давление 40 МПа с ручным приводом	12-13-012-05	шт	Арматура для пара на номинальное давление 40 МПа с ручным приводом, номинальный диаметр: 200 мм
ГЭСНм	12	12-13-012	Арматура для пара на условное давление 40 МПа с ручным приводом	12-13-012-06	шт	Арматура для пара на номинальное давление 40 МПа с ручным приводом, номинальный диаметр: 250 мм
ГЭСНм	12	12-13-012	Арматура для пара на условное давление 40 МПа с ручным приводом	12-13-012-07	шт	Арматура для пара на номинальное давление 40 МПа с ручным приводом, номинальный диаметр: 300 мм
ГЭСНм	12	12-13-013	Арматура для пара на условное давление 40 МПа с электроприводом	12-13-013-01	шт	Арматура для пара на номинальное давление 40 МПа с электроприводом, номинальный диаметр: 100 мм
ГЭСНм	12	12-13-013	Арматура для пара на условное давление 40 МПа с электроприводом	12-13-013-02	шт	Арматура для пара на номинальное давление 40 МПа с электроприводом, номинальный диаметр: 175 мм
ГЭСНм	12	12-13-013	Арматура для пара на условное давление 40 МПа с электроприводом	12-13-013-03	шт	Арматура для пара на номинальное давление 40 МПа с электроприводом, номинальный диаметр: 200 мм
ГЭСНм	12	12-13-013	Арматура для пара на условное давление 40 МПа с электроприводом	12-13-013-04	шт	Арматура для пара на номинальное давление 40 МПа с электроприводом, номинальный диаметр: 250 мм
ГЭСНм	12	12-13-013	Арматура для пара на условное давление 40 МПа с электроприводом	12-13-013-05	шт	Арматура для пара на номинальное давление 40 МПа с электроприводом, номинальный диаметр: 300 мм
ГЭСНм	12	12-13-014	Арматура для воды на условное давление 50 МПа с ручным приводом	12-13-014-01	шт	Арматура для воды на номинальное давление 50 МПа с ручным приводом, номинальный диаметр: 10 мм
ГЭСНм	12	12-13-014	Арматура для воды на условное давление 50 МПа с ручным приводом	12-13-014-02	шт	Арматура для воды на номинальное давление 50 МПа с ручным приводом, номинальный диаметр: 20 мм
ГЭСНм	12	12-13-014	Арматура для воды на условное давление 50 МПа с ручным приводом	12-13-014-03	шт	Арматура для воды на номинальное давление 50 МПа с ручным приводом, номинальный диаметр: 50 мм
ГЭСНм	12	12-13-014	Арматура для воды на условное давление 50 МПа с ручным приводом	12-13-014-04	шт	Арматура для воды на номинальное давление 50 МПа с ручным приводом, номинальный диаметр: 100 мм
ГЭСНм	12	12-13-014	Арматура для воды на условное давление 50 МПа с ручным приводом	12-13-014-05	шт	Арматура для воды на номинальное давление 50 МПа с ручным приводом, номинальный диаметр: 150 мм
ГЭСНм	12	12-13-014	Арматура для воды на условное давление 50 МПа с ручным приводом	12-13-014-06	шт	Арматура для воды на номинальное давление 50 МПа с ручным приводом, номинальный диаметр: 200 мм
ГЭСНм	12	12-13-014	Арматура для воды на условное давление 50 МПа с ручным приводом	12-13-014-07	шт	Арматура для воды на номинальное давление 50 МПа с ручным приводом, номинальный диаметр: 250 мм
ГЭСНм	12	12-13-014	Арматура для воды на условное давление 50 МПа с ручным приводом	12-13-014-08	шт	Арматура для воды на номинальное давление 50 МПа с ручным приводом, номинальный диаметр: 300 мм
ГЭСНм	12	12-13-015	Арматура для воды на условное давление 50 МПа с электроприводом	12-13-015-01	шт	Арматура для воды на номинальное давление 50 МПа с электроприводом, номинальный диаметр: 20 мм
ГЭСНм	12	12-13-015	Арматура для воды на условное давление 50 МПа с электроприводом	12-13-015-02	шт	Арматура для воды на номинальное давление 50 МПа с электроприводом, номинальный диаметр: 50 мм
ГЭСНм	12	12-13-015	Арматура для воды на условное давление 50 МПа с электроприводом	12-13-015-03	шт	Арматура для воды на номинальное давление 50 МПа с электроприводом, номинальный диаметр: 100 мм
ГЭСНм	12	12-13-015	Арматура для воды на условное давление 50 МПа с электроприводом	12-13-015-04	шт	Арматура для воды на номинальное давление 50 МПа с электроприводом, номинальный диаметр: 150 мм
ГЭСНм	12	12-13-015	Арматура для воды на условное давление 50 МПа с электроприводом	12-13-015-05	шт	Арматура для воды на номинальное давление 50 МПа с электроприводом, номинальный диаметр: 200 мм
ГЭСНм	12	12-13-015	Арматура для воды на условное давление 50 МПа с электроприводом	12-13-015-06	шт	Арматура для воды на номинальное давление 50 МПа с электроприводом, номинальный диаметр: 250 мм
ГЭСНм	12	12-13-015	Арматура для воды на условное давление 50 МПа с электроприводом	12-13-015-07	шт	Арматура для воды на номинальное давление 50 МПа с электроприводом, номинальный диаметр: 300 мм
ГЭСНм	12	12-13-015	Арматура для воды на условное давление 50 МПа с электроприводом	12-13-015-08	шт	Арматура для воды на номинальное давление 50 МПа с электроприводом, номинальный диаметр: 350 мм
ГЭСНм	12	12-13-015	Арматура для воды на условное давление 50 МПа с электроприводом	12-13-015-09	шт	Арматура для воды на номинальное давление 50 МПа с электроприводом, номинальный диаметр: 400 мм
ГЭСНм	12	12-13-016	Арматура для пара на условное давление 80 МПа с ручным приводом	12-13-016-01	шт	Арматура для пара на номинальное давление 80 МПа с ручным приводом, номинальный диаметр: 10 мм
ГЭСНм	12	12-13-016	Арматура для пара на условное давление 80 МПа с ручным приводом	12-13-016-02	шт	Арматура для пара на номинальное давление 80 МПа с ручным приводом, номинальный диаметр: 20 мм
ГЭСНм	12	12-13-016	Арматура для пара на условное давление 80 МПа с ручным приводом	12-13-016-03	шт	Арматура для пара на номинальное давление 80 МПа с ручным приводом, номинальный диаметр: 40 мм
ГЭСНм	12	12-13-016	Арматура для пара на условное давление 80 МПа с ручным приводом	12-13-016-04	шт	Арматура для пара на номинальное давление 80 МПа с ручным приводом, номинальный диаметр: 100 мм
ГЭСНм	12	12-13-016	Арматура для пара на условное давление 80 МПа с ручным приводом	12-13-016-05	шт	Арматура для пара на номинальное давление 80 МПа с ручным приводом, номинальный диаметр: 150 мм
ГЭСНм	12	12-13-016	Арматура для пара на условное давление 80 МПа с ручным приводом	12-13-016-06	шт	Арматура для пара на номинальное давление 80 МПа с ручным приводом, номинальный диаметр: 200 мм
ГЭСНм	12	12-13-017	Арматура для пара на условное давление 80 МПа с электроприводом	12-13-017-01	шт	Арматура для пара на номинальное давление 80 МПа с электроприводом, номинальный диаметр: 20 мм
ГЭСНм	12	12-13-017	Арматура для пара на условное давление 80 МПа с электроприводом	12-13-017-02	шт	Арматура для пара на номинальное давление 80 МПа с электроприводом, номинальный диаметр: 40 мм
ГЭСНм	12	12-13-017	Арматура для пара на условное давление 80 МПа с электроприводом	12-13-017-03	шт	Арматура для пара на номинальное давление 80 МПа с электроприводом, номинальный диаметр: 100 мм
ГЭСНм	12	12-13-017	Арматура для пара на условное давление 80 МПа с электроприводом	12-13-017-04	шт	Арматура для пара на номинальное давление 80 МПа с электроприводом, номинальный диаметр: 150 мм
ГЭСНм	12	12-13-017	Арматура для пара на условное давление 80 МПа с электроприводом	12-13-017-05	шт	Арматура для пара на номинальное давление 80 МПа с электроприводом, номинальный диаметр: 175 мм
ГЭСНм	12	12-13-017	Арматура для пара на условное давление 80 МПа с электроприводом	12-13-017-06	шт	Арматура для пара на номинальное давление 80 МПа с электроприводом, номинальный диаметр: 200 мм
ГЭСНм	12	12-13-017	Арматура для пара на условное давление 80 МПа с электроприводом	12-13-017-07	шт	Арматура для пара на номинальное давление 80 МПа с электроприводом, номинальный диаметр: 250 мм
ГЭСНм	12	12-13-050	Арматура для воды и пара на условное давление 2,5 МПа	12-13-050-01	шт	Арматура для воды и пара на номинальное давление 2,5 МПа, номинальный диаметр 250 мм
ГЭСНм	12	12-13-051	Арматура для воды и пара на условное давление 6,3 МПа	12-13-051-01	шт	Арматура для воды и пара на номинальное давление 6,3 МПа, номинальный диаметр: 20 мм
ГЭСНм	12	12-13-051	Арматура для воды и пара на условное давление 6,3 МПа	12-13-051-02	шт	Арматура для воды и пара на номинальное давление 6,3 МПа, номинальный диаметр: 80 мм
ГЭСНм	12	12-13-052	Арматура для воды и пара на условное давление 10 МПа	12-13-052-01	шт	Арматура для воды и пара на номинальное давление 10 МПа, номинальный диаметр: 20-25 мм
ГЭСНм	12	12-13-052	Арматура для воды и пара на условное давление 10 МПа	12-13-052-02	шт	Арматура для воды и пара на номинальное давление 10 МПа, номинальный диаметр: 32 мм
ГЭСНм	12	12-13-052	Арматура для воды и пара на условное давление 10 МПа	12-13-052-03	шт	Арматура для воды и пара на номинальное давление 10 МПа, номинальный диаметр: 80 мм
ГЭСНм	12	12-13-052	Арматура для воды и пара на условное давление 10 МПа	12-13-052-04	шт	Арматура для воды и пара на номинальное давление 10 МПа, номинальный диаметр: 100 мм
ГЭСНм	12	12-13-052	Арматура для воды и пара на условное давление 10 МПа	12-13-052-05	шт	Арматура для воды и пара на номинальное давление 10 МПа, номинальный диаметр: 150 мм
ГЭСНм	12	12-13-052	Арматура для воды и пара на условное давление 10 МПа	12-13-052-06	шт	Арматура для воды и пара на номинальное давление 10 МПа, номинальный диаметр: 200 мм
ГЭСНм	12	12-13-053	Арматура для пара на условное давление 10 МПа	12-13-053-01	шт	Арматура для пара на номинальное давление 10 МПа, номинальный диаметр: 20 мм
ГЭСНм	12	12-13-053	Арматура для пара на условное давление 10 МПа	12-13-053-02	шт	Арматура для пара на номинальное давление 10 МПа, номинальный диаметр: 250 мм
ГЭСНм	12	12-13-054	Арматура для пара на условное давление 20 МПа	12-13-054-01	шт	Арматура для пара на номинальное давление 20 МПа, номинальный диаметр: 50 мм
ГЭСНм	12	12-13-054	Арматура для пара на условное давление 20 МПа	12-13-054-02	шт	Арматура для пара на номинальное давление 20 МПа, номинальный диаметр: 65 мм
ГЭСНм	12	12-13-054	Арматура для пара на условное давление 20 МПа	12-13-054-03	шт	Арматура для пара на номинальное давление 20 МПа, номинальный диаметр: 100 мм
ГЭСНм	12	12-13-054	Арматура для пара на условное давление 20 МПа	12-13-054-04	шт	Арматура для пара на номинальное давление 20 МПа, номинальный диаметр: 150 мм
ГЭСНм	12	12-13-054	Арматура для пара на условное давление 20 МПа	12-13-054-05	шт	Арматура для пара на номинальное давление 20 МПа, номинальный диаметр: 175 мм
ГЭСНм	12	12-13-055	Арматура для воды на условное давление 20 и 25 МПа	12-13-055-01	шт	Арматура для воды на номинальное давление 20 и 25 МПа, номинальный диаметр: 65 мм
ГЭСНм	12	12-13-055	Арматура для воды на условное давление 20 и 25 МПа	12-13-055-02	шт	Арматура для воды на номинальное давление 20 и 25 МПа, номинальный диаметр: 100 мм
ГЭСНм	12	12-13-055	Арматура для воды на условное давление 20 и 25 МПа	12-13-055-03	шт	Арматура для воды на номинальное давление 20 и 25 МПа, номинальный диаметр: 150 мм
ГЭСНм	12	12-13-055	Арматура для воды на условное давление 20 и 25 МПа	12-13-055-04	шт	Арматура для воды на номинальное давление 20 и 25 МПа, номинальный диаметр: 175 мм
ГЭСНм	12	12-13-055	Арматура для воды на условное давление 20 и 25 МПа	12-13-055-05	шт	Арматура для воды на номинальное давление 20 и 25 МПа, номинальный диаметр: 200 мм
ГЭСНм	12	12-13-055	Арматура для воды на условное давление 20 и 25 МПа	12-13-055-06	шт	Арматура для воды на номинальное давление 20 и 25 МПа, номинальный диаметр: 250 мм
ГЭСНм	12	12-13-056	Арматура для пара на условное давление 40 МПа	12-13-056-01	шт	Арматура для пара на номинальное давление 40 МПа, номинальный диаметр: 20 мм
ГЭСНм	12	12-13-056	Арматура для пара на условное давление 40 МПа	12-13-056-02	шт	Арматура для пара на номинальное давление 40 МПа, номинальный диаметр: 175 мм
ГЭСНм	12	12-13-057	Арматура для воды на условное давление 50 МПа	12-13-057-01	шт	Арматура для воды на номинальное давление 50 МПа, номинальный диаметр: 20 мм
ГЭСНм	12	12-13-057	Арматура для воды на условное давление 50 МПа	12-13-057-02	шт	Арматура для воды на номинальное давление 50 МПа, номинальный диаметр: 50 мм
ГЭСНм	12	12-13-057	Арматура для воды на условное давление 50 МПа	12-13-057-03	шт	Арматура для воды на номинальное давление 50 МПа, номинальный диаметр: 100 мм
ГЭСНм	12	12-13-057	Арматура для воды на условное давление 50 МПа	12-13-057-04	шт	Арматура для воды на номинальное давление 50 МПа, номинальный диаметр: 150 мм
ГЭСНм	12	12-13-057	Арматура для воды на условное давление 50 МПа	12-13-057-05	шт	Арматура для воды на номинальное давление 50 МПа, номинальный диаметр: 200 мм
ГЭСНм	12	12-13-057	Арматура для воды на условное давление 50 МПа	12-13-057-06	шт	Арматура для воды на номинальное давление 50 МПа, номинальный диаметр: 250 мм
ГЭСНм	12	12-13-057	Арматура для воды на условное давление 50 МПа	12-13-057-07	шт	Арматура для воды на номинальное давление 50 МПа, номинальный диаметр: 300 мм
ГЭСНм	12	12-13-057	Арматура для воды на условное давление 50 МПа	12-13-057-08	шт	Арматура для воды на номинальное давление 50 МПа, номинальный диаметр: 325 мм
ГЭСНм	12	12-13-057	Арматура для воды на условное давление 50 МПа	12-13-057-09	шт	Арматура для воды на номинальное давление 50 МПа, номинальный диаметр: 350 мм
ГЭСНм	12	12-13-057	Арматура для воды на условное давление 50 МПа	12-13-057-10	шт	Арматура для воды на номинальное давление 50 МПа, номинальный диаметр: 400 мм
ГЭСНм	12	12-13-058	Арматура для пара на условное давление 80 МПа	12-13-058-01	шт	Арматура для пара на номинальное давление 80 МПа, номинальный диаметр: 20 мм
ГЭСНм	12	12-13-058	Арматура для пара на условное давление 80 МПа	12-13-058-02	шт	Арматура для пара на номинальное давление 80 МПа, номинальный диаметр: 40 мм
ГЭСНм	12	12-13-058	Арматура для пара на условное давление 80 МПа	12-13-058-03	шт	Арматура для пара на номинальное давление 80 МПа, номинальный диаметр: 125 мм
ГЭСНм	12	12-13-058	Арматура для пара на условное давление 80 МПа	12-13-058-04	шт	Арматура для пара на номинальное давление 80 МПа, номинальный диаметр: 200 мм
ГЭСНм	12	12-13-058	Арматура для пара на условное давление 80 МПа	12-13-058-05	шт	Арматура для пара на номинальное давление 80 МПа, номинальный диаметр: 300 мм
ГЭСНм	12	12-13-070	Арматура стальная фланцевая на условное давление до 6,4 МПа	12-13-070-01	шт	Арматура стальная фланцевая на номинальное давление до 6,4 МПа, номинальный диаметр: 40-50 мм
ГЭСНм	12	12-13-070	Арматура стальная фланцевая на условное давление до 6,4 МПа	12-13-070-02	шт	Арматура стальная фланцевая на номинальное давление до 6,4 МПа, номинальный диаметр: 80 мм
ГЭСНм	12	12-13-070	Арматура стальная фланцевая на условное давление до 6,4 МПа	12-13-070-03	шт	Арматура стальная фланцевая на номинальное давление до 6,4 МПа, номинальный диаметр: 100 мм
ГЭСНм	12	12-13-071	Арматура чугунная фланцевая на условное давление до 2,5 МПа	12-13-071-01	шт	Арматура чугунная фланцевая на номинальное давление до 2,5 МПа, номинальный диаметр: 25 мм
ГЭСНм	12	12-13-071	Арматура чугунная фланцевая на условное давление до 2,5 МПа	12-13-071-02	шт	Арматура чугунная фланцевая на номинальное давление до 2,5 МПа, номинальный диаметр: 40 мм
ГЭСНм	12	12-13-071	Арматура чугунная фланцевая на условное давление до 2,5 МПа	12-13-071-03	шт	Арматура чугунная фланцевая на номинальное давление до 2,5 МПа, номинальный диаметр: 50 мм
ГЭСНм	12	12-13-071	Арматура чугунная фланцевая на условное давление до 2,5 МПа	12-13-071-04	шт	Арматура чугунная фланцевая на номинальное давление до 2,5 МПа, номинальный диаметр: 80 мм
ГЭСНм	12	12-13-071	Арматура чугунная фланцевая на условное давление до 2,5 МПа	12-13-071-05	шт	Арматура чугунная фланцевая на номинальное давление до 2,5 МПа, номинальный диаметр: 100 мм
ГЭСНм	12	12-13-071	Арматура чугунная фланцевая на условное давление до 2,5 МПа	12-13-071-06	шт	Арматура чугунная фланцевая на номинальное давление до 2,5 МПа, номинальный диаметр: 125 мм
ГЭСНм	12	12-13-071	Арматура чугунная фланцевая на условное давление до 2,5 МПа	12-13-071-07	шт	Арматура чугунная фланцевая на номинальное давление до 2,5 МПа, номинальный диаметр: 150 мм
ГЭСНм	12	12-13-071	Арматура чугунная фланцевая на условное давление до 2,5 МПа	12-13-071-08	шт	Арматура чугунная фланцевая на номинальное давление до 2,5 МПа, номинальный диаметр: 200 мм
ГЭСНм	12	12-13-071	Арматура чугунная фланцевая на условное давление до 2,5 МПа	12-13-071-09	шт	Арматура чугунная фланцевая на номинальное давление до 2,5 МПа, номинальный диаметр: 250 мм
ГЭСНм	12	12-13-071	Арматура чугунная фланцевая на условное давление до 2,5 МПа	12-13-071-10	шт	Арматура чугунная фланцевая на номинальное давление до 2,5 МПа, номинальный диаметр: 300 мм
ГЭСНм	12	12-13-072	Арматура чугунная муфтовая на условное давление до 1 МПа	12-13-072-01	шт	Арматура чугунная муфтовая на номинальное давление до 1 МПа, номинальный диаметр 20-25 мм
ГЭСНм	12	12-13-073	Арматура чугунная фланцевая, гуммированная или футерованная полиэтиленом на условное давление до 1,6 МПа	12-13-073-01	шт	Арматура чугунная фланцевая, гуммированная или футерованная полиэтиленом на номинальное давление до 1,6 МПа, номинальный диаметр: 10-25 мм
ГЭСНм	12	12-13-073	Арматура чугунная фланцевая, гуммированная или футерованная полиэтиленом на условное давление до 1,6 МПа	12-13-073-02	шт	Арматура чугунная фланцевая, гуммированная или футерованная полиэтиленом на номинальное давление до 1,6 МПа, номинальный диаметр: 32-40 мм
ГЭСНм	12	12-13-073	Арматура чугунная фланцевая, гуммированная или футерованная полиэтиленом на условное давление до 1,6 МПа	12-13-073-03	шт	Арматура чугунная фланцевая, гуммированная или футерованная полиэтиленом на номинальное давление до 1,6 МПа, номинальный диаметр: 50 мм
ГЭСНм	12	12-13-073	Арматура чугунная фланцевая, гуммированная или футерованная полиэтиленом на условное давление до 1,6 МПа	12-13-073-04	шт	Арматура чугунная фланцевая, гуммированная или футерованная полиэтиленом на номинальное давление до 1,6 МПа, номинальный диаметр: 80 мм
ГЭСНм	12	12-13-073	Арматура чугунная фланцевая, гуммированная или футерованная полиэтиленом на условное давление до 1,6 МПа	12-13-073-05	шт	Арматура чугунная фланцевая, гуммированная или футерованная полиэтиленом на номинальное давление до 1,6 МПа, номинальный диаметр: 100 мм
ГЭСНм	12	12-13-073	Арматура чугунная фланцевая, гуммированная или футерованная полиэтиленом на условное давление до 1,6 МПа	12-13-073-06	шт	Арматура чугунная фланцевая, гуммированная или футерованная полиэтиленом на номинальное давление до 1,6 МПа, номинальный диаметр: 150 мм
ГЭСНм	12	12-13-073	Арматура чугунная фланцевая, гуммированная или футерованная полиэтиленом на условное давление до 1,6 МПа	12-13-073-07	шт	Арматура чугунная фланцевая, гуммированная или футерованная полиэтиленом на номинальное давление до 1,6 МПа, номинальный диаметр: 200 мм
ГЭСНм	12	12-13-073	Арматура чугунная фланцевая, гуммированная или футерованная полиэтиленом на условное давление до 1,6 МПа	12-13-073-08	шт	Арматура чугунная фланцевая, гуммированная или футерованная полиэтиленом на номинальное давление до 1,6 МПа, номинальный диаметр: 250 мм
ГЭСНм	12	12-13-073	Арматура чугунная фланцевая, гуммированная или футерованная полиэтиленом на условное давление до 1,6 МПа	12-13-073-09	шт	Арматура чугунная фланцевая, гуммированная или футерованная полиэтиленом на номинальное давление до 1,6 МПа, номинальный диаметр: 300 мм
ГЭСНм	12	12-14-001	Вентили латунные запорные теплые низкого давления	12-14-001-01	100 шт	Вентиль латунный запорный теплый низкого давления, номинальный диаметр: 25 мм
ГЭСНм	12	12-14-001	Вентили латунные запорные теплые низкого давления	12-14-001-02	100 шт	Вентиль латунный запорный теплый низкого давления, номинальный диаметр: 40 мм
ГЭСНм	12	12-14-001	Вентили латунные запорные теплые низкого давления	12-14-001-03	100 шт	Вентиль латунный запорный теплый низкого давления, номинальный диаметр: 60 мм
ГЭСНм	12	12-14-001	Вентили латунные запорные теплые низкого давления	12-14-001-04	100 шт	Вентиль латунный запорный теплый низкого давления, номинальный диаметр: 80 мм
ГЭСНм	12	12-14-001	Вентили латунные запорные теплые низкого давления	12-14-001-05	100 шт	Вентиль латунный запорный теплый низкого давления, номинальный диаметр: 100 мм
ГЭСНм	12	12-14-002	Вентили латунные запорные холодные низкого давления	12-14-002-01	100 шт	Вентиль латунный запорный холодный низкого давления, номинальный диаметр: 20 мм
ГЭСНм	12	12-14-002	Вентили латунные запорные холодные низкого давления	12-14-002-02	100 шт	Вентиль латунный запорный холодный низкого давления, номинальный диаметр: 32 мм
ГЭСНм	12	12-14-002	Вентили латунные запорные холодные низкого давления	12-14-002-03	100 шт	Вентиль латунный запорный холодный низкого давления, номинальный диаметр: 50 мм
ГЭСНм	12	12-14-003	Вентили латунные дроссельные холодные высокого давления	12-14-003-01	100 шт	Вентиль латунный дроссельный холодный высокого давления, номинальный диаметр: 6 мм
ГЭСНм	12	12-14-003	Вентили латунные дроссельные холодные высокого давления	12-14-003-02	100 шт	Вентиль латунный дроссельный холодный высокого давления, номинальный диаметр: 12 мм
ГЭСНм	12	12-14-004	Вентили латунные дроссельные холодные низкого давления с электроприводом	12-14-004-01	100 шт	Вентиль латунный дроссельный холодный низкого давления с электроприводом, номинальный диаметр: 10 мм
ГЭСНм	12	12-14-004	Вентили латунные дроссельные холодные низкого давления с электроприводом	12-14-004-02	100 шт	Вентиль латунный дроссельный холодный низкого давления с электроприводом, номинальный диаметр: 40 мм
ГЭСНм	12	12-14-020	Вентили стальные низкого давления	12-14-020-01	100 шт	Вентиль стальной низкого давления, номинальный диаметр: 20 мм
ГЭСНм	12	12-14-020	Вентили стальные низкого давления	12-14-020-02	100 шт	Вентиль стальной низкого давления, номинальный диаметр: 32 мм
ГЭСНм	12	12-14-020	Вентили стальные низкого давления	12-14-020-03	100 шт	Вентиль стальной низкого давления, номинальный диаметр: 50 мм
ГЭСНм	12	12-14-020	Вентили стальные низкого давления	12-14-020-04	100 шт	Вентиль стальной низкого давления, номинальный диаметр: 80 мм
ГЭСНм	12	12-14-020	Вентили стальные низкого давления	12-14-020-05	100 шт	Вентиль стальной низкого давления, номинальный диаметр: 100 мм
ГЭСНм	12	12-14-020	Вентили стальные низкого давления	12-14-020-06	100 шт	Вентиль стальной низкого давления, номинальный диаметр: 150 мм
ГЭСНм	12	12-14-020	Вентили стальные низкого давления	12-14-020-07	100 шт	Вентиль стальной низкого давления, номинальный диаметр: 200 мм
ГЭСНм	12	12-14-020	Вентили стальные низкого давления	12-14-020-08	100 шт	Вентиль стальной низкого давления, номинальный диаметр: 250 мм
ГЭСНм	12	12-14-021	Вентили стальные высокого давления	12-14-021-01	100 шт	Вентиль стальной высокого давления, номинальный диаметр 100 мм
ГЭСНм	12	12-14-022	Вентили стальные низкого давления с электроприводом	12-14-022-01	100 шт	Вентиль стальной низкого давления с электроприводом, номинальный диаметр: 32 мм
ГЭСНм	12	12-14-022	Вентили стальные низкого давления с электроприводом	12-14-022-02	100 шт	Вентиль стальной низкого давления с электроприводом, номинальный диаметр: 50 мм
ГЭСНм	12	12-14-022	Вентили стальные низкого давления с электроприводом	12-14-022-03	100 шт	Вентиль стальной низкого давления с электроприводом, номинальный диаметр: 80 мм
ГЭСНм	12	12-14-022	Вентили стальные низкого давления с электроприводом	12-14-022-04	100 шт	Вентиль стальной низкого давления с электроприводом, номинальный диаметр: 100 мм
ГЭСНм	12	12-14-022	Вентили стальные низкого давления с электроприводом	12-14-022-05	100 шт	Вентиль стальной низкого давления с электроприводом, номинальный диаметр: 150 мм
ГЭСНм	12	12-14-033	Задвижки стальные блочные низкого давления с электроприводом	12-14-033-01	100 шт	Задвижка стальная блочная низкого давления с электроприводом, номинальный диаметр: 300 мм
ГЭСНм	12	12-14-033	Задвижки стальные блочные низкого давления с электроприводом	12-14-033-02	100 шт	Задвижка стальная блочная низкого давления с электроприводом, номинальный диаметр: 400 мм
ГЭСНм	12	12-14-033	Задвижки стальные блочные низкого давления с электроприводом	12-14-033-03	100 шт	Задвижка стальная блочная низкого давления с электроприводом, номинальный диаметр: 600 мм
ГЭСНм	12	12-14-044	Заслонки стальные холодные низкого давления	12-14-044-01	100 шт	Заслонка стальная холодная низкого давления, номинальный диаметр: 50 мм
ГЭСНм	12	12-14-044	Заслонки стальные холодные низкого давления	12-14-044-02	100 шт	Заслонка стальная холодная низкого давления, номинальный диаметр: 100 мм
ГЭСНм	12	12-14-044	Заслонки стальные холодные низкого давления	12-14-044-03	100 шт	Заслонка стальная холодная низкого давления, номинальный диаметр: 160 мм
ГЭСНм	12	12-14-044	Заслонки стальные холодные низкого давления	12-14-044-04	100 шт	Заслонка стальная холодная низкого давления, номинальный диаметр: 200 мм
ГЭСНм	12	12-14-044	Заслонки стальные холодные низкого давления	12-14-044-05	100 шт	Заслонка стальная холодная низкого давления, номинальный диаметр: 300 мм
ГЭСНм	12	12-14-044	Заслонки стальные холодные низкого давления	12-14-044-06	100 шт	Заслонка стальная холодная низкого давления, номинальный диаметр: 400 мм
ГЭСНм	12	12-14-044	Заслонки стальные холодные низкого давления	12-14-044-07	100 шт	Заслонка стальная холодная низкого давления, номинальный диаметр: 500 мм
ГЭСНм	12	12-14-044	Заслонки стальные холодные низкого давления	12-14-044-08	100 шт	Заслонка стальная холодная низкого давления, номинальный диаметр: 600 мм
ГЭСНм	12	12-14-044	Заслонки стальные холодные низкого давления	12-14-044-09	100 шт	Заслонка стальная холодная низкого давления, номинальный диаметр: 800 мм
ГЭСНм	12	12-14-045	Заслонки стальные холодные низкого давления с электроприводом	12-14-045-01	100 шт	Заслонка стальная холодная низкого давления с электроприводом, номинальный диаметр: 100 мм
ГЭСНм	12	12-14-045	Заслонки стальные холодные низкого давления с электроприводом	12-14-045-02	100 шт	Заслонка стальная холодная низкого давления с электроприводом, номинальный диаметр: 200 мм
ГЭСНм	12	12-14-045	Заслонки стальные холодные низкого давления с электроприводом	12-14-045-03	100 шт	Заслонка стальная холодная низкого давления с электроприводом, номинальный диаметр: 300 мм
ГЭСНм	12	12-14-045	Заслонки стальные холодные низкого давления с электроприводом	12-14-045-04	100 шт	Заслонка стальная холодная низкого давления с электроприводом, номинальный диаметр: 400 мм
ГЭСНм	12	12-14-045	Заслонки стальные холодные низкого давления с электроприводом	12-14-045-05	100 шт	Заслонка стальная холодная низкого давления с электроприводом, номинальный диаметр: 500 мм
ГЭСНм	12	12-14-045	Заслонки стальные холодные низкого давления с электроприводом	12-14-045-06	100 шт	Заслонка стальная холодная низкого давления с электроприводом, номинальный диаметр: 600 мм
ГЭСНм	12	12-14-046	Заслонки стальные переключающие низкого давления с пневмоприводом	12-14-046-01	100 шт	Заслонка стальная переключающая низкого давления с пневмоприводом, номинальный диаметр: 400 мм
ГЭСНм	12	12-14-046	Заслонки стальные переключающие низкого давления с пневмоприводом	12-14-046-02	100 шт	Заслонка стальная переключающая низкого давления с пневмоприводом, номинальный диаметр: 600 мм
ГЭСНм	12	12-14-046	Заслонки стальные переключающие низкого давления с пневмоприводом	12-14-046-03	100 шт	Заслонка стальная переключающая низкого давления с пневмоприводом, номинальный диаметр: 1000 мм
ГЭСНм	12	12-14-062	Клапаны латунные низкого давления	12-14-062-01	100 шт	Клапан латунный низкого давления, номинальный диаметр: 25 мм
ГЭСНм	12	12-14-062	Клапаны латунные низкого давления	12-14-062-02	100 шт	Клапан латунный низкого давления, номинальный диаметр: 50 мм
ГЭСНм	12	12-14-062	Клапаны латунные низкого давления	12-14-062-03	100 шт	Клапан латунный низкого давления, номинальный диаметр: 80 мм
ГЭСНм	12	12-14-062	Клапаны латунные низкого давления	12-14-062-04	100 шт	Клапан латунный низкого давления, номинальный диаметр: 150 мм
ГЭСНм	12	12-14-062	Клапаны латунные низкого давления	12-14-062-05	100 шт	Клапан латунный низкого давления, номинальный диаметр: 250 мм
ГЭСНм	12	12-14-063	Клапаны латунные высокого давления	12-14-063-01	100 шт	Клапан латунный высокого давления, номинальный диаметр: 6 мм
ГЭСНм	12	12-14-063	Клапаны латунные высокого давления	12-14-063-02	100 шт	Клапан латунный высокого давления, номинальный диаметр: 10 мм
ГЭСНм	12	12-14-063	Клапаны латунные высокого давления	12-14-063-03	100 шт	Клапан латунный высокого давления, номинальный диаметр: 20 мм
ГЭСНм	12	12-14-064	Клапаны стальные низкого давления	12-14-064-01	100 шт	Клапан стальной низкого давления, номинальный диаметр: 25 мм
ГЭСНм	12	12-14-064	Клапаны стальные низкого давления	12-14-064-02	100 шт	Клапан стальной низкого давления, номинальный диаметр: 50 мм
ГЭСНм	12	12-14-064	Клапаны стальные низкого давления	12-14-064-03	100 шт	Клапан стальной низкого давления, номинальный диаметр: 80 мм
ГЭСНм	12	12-14-064	Клапаны стальные низкого давления	12-14-064-04	100 шт	Клапан стальной низкого давления, номинальный диаметр: 100 мм
ГЭСНм	12	12-14-064	Клапаны стальные низкого давления	12-14-064-05	100 шт	Клапан стальной низкого давления, номинальный диаметр: 150 мм
ГЭСНм	12	12-14-064	Клапаны стальные низкого давления	12-14-064-06	100 шт	Клапан стальной низкого давления, номинальный диаметр: 200 мм
ГЭСНм	12	12-14-064	Клапаны стальные низкого давления	12-14-064-07	100 шт	Клапан стальной низкого давления, номинальный диаметр: 300 мм
ГЭСНм	12	12-14-064	Клапаны стальные низкого давления	12-14-064-08	100 шт	Клапан стальной низкого давления, номинальный диаметр: 400 мм
ГЭСНм	12	12-14-064	Клапаны стальные низкого давления	12-14-064-09	100 шт	Клапан стальной низкого давления, номинальный диаметр: 600 мм
ГЭСНм	12	12-14-065	Клапаны чугунные переключающие с пневмоприводом	12-14-065-01	100 шт	Клапан чугунный переключающий с пневмоприводом, номинальный диаметр: 80 мм
ГЭСНм	12	12-14-065	Клапаны чугунные переключающие с пневмоприводом	12-14-065-02	100 шт	Клапан чугунный переключающий с пневмоприводом, номинальный диаметр: 100 мм
ГЭСНм	12	12-14-065	Клапаны чугунные переключающие с пневмоприводом	12-14-065-03	100 шт	Клапан чугунный переключающий с пневмоприводом, номинальный диаметр: 150 мм
ГЭСНм	12	12-14-065	Клапаны чугунные переключающие с пневмоприводом	12-14-065-04	100 шт	Клапан чугунный переключающий с пневмоприводом, номинальный диаметр: 250 мм
ГЭСНм	12	12-14-065	Клапаны чугунные переключающие с пневмоприводом	12-14-065-05	100 шт	Клапан чугунный переключающий с пневмоприводом, номинальный диаметр: 300 мм
ГЭСНм	12	12-14-065	Клапаны чугунные переключающие с пневмоприводом	12-14-065-06	100 шт	Клапан чугунный переключающий с пневмоприводом, номинальный диаметр: 400 мм
ГЭСНм	12	12-14-065	Клапаны чугунные переключающие с пневмоприводом	12-14-065-07	100 шт	Клапан чугунный переключающий с пневмоприводом, номинальный диаметр: 500 мм
ГЭСНм	12	12-14-065	Клапаны чугунные переключающие с пневмоприводом	12-14-065-08	100 шт	Клапан чугунный переключающий с пневмоприводом, номинальный диаметр: 600 мм
ГЭСНм	12	12-14-065	Клапаны чугунные переключающие с пневмоприводом	12-14-065-09	100 шт	Клапан чугунный переключающий с пневмоприводом, номинальный диаметр: 800 мм
ГЭСНм	12	12-16-001	Узлы централизованной системы пластичной смазки	12-16-001-01	10 м	Узел централизованной системы пластичной смазки, номинальный диаметр: 15 мм
ГЭСНм	12	12-16-001	Узлы централизованной системы пластичной смазки	12-16-001-02	10 м	Узел централизованной системы пластичной смазки, номинальный диаметр: 20 мм
ГЭСНм	12	12-16-001	Узлы централизованной системы пластичной смазки	12-16-001-03	10 м	Узел централизованной системы пластичной смазки, номинальный диаметр: 25 мм
ГЭСНм	12	12-16-001	Узлы централизованной системы пластичной смазки	12-16-001-04	10 м	Узел централизованной системы пластичной смазки, номинальный диаметр: 32 мм
ГЭСНм	12	12-16-001	Узлы централизованной системы пластичной смазки	12-16-001-05	10 м	Узел централизованной системы пластичной смазки, номинальный диаметр: 40 мм
ГЭСНм	12	12-16-001	Узлы централизованной системы пластичной смазки	12-16-001-06	10 м	Узел централизованной системы пластичной смазки, номинальный диаметр: 50 мм
ГЭСНм	12	12-16-001	Узлы централизованной системы пластичной смазки	12-16-001-07	10 м	Узел централизованной системы пластичной смазки, номинальный диаметр: 65 мм
ГЭСНм	12	12-16-002	Аппараты и приборы для систем пластичной смазки	12-16-002-01	шт	Насос ручной ПРТ-М
ГЭСНм	12	12-16-002	Аппараты и приборы для систем пластичной смазки	12-16-002-02	шт	Блок переключения смазочный типа БПС-21, БПС-22
ГЭСНм	12	12-16-002	Аппараты и приборы для систем пластичной смазки	12-16-002-03	шт	Распределитель линейный двух- и четырехходовый типа РРЭ, РЧЭ-11, РЧР
ГЭСНм	12	12-16-002	Аппараты и приборы для систем пластичной смазки	12-16-002-04	шт	Клапан обратный КОГ-15
ГЭСНм	12	12-16-002	Аппараты и приборы для систем пластичной смазки	12-16-002-05	шт	Фильтр сетчатый 16-250-2
ГЭСНм	12	12-16-003	Питатели двухлинейные	12-16-003-01	компл	Питатель двухлинейный с разводящим трубопроводом типа: 2-0200-1, 2-0500-1, 2-1000-1, 2-2500-1, одноотводный
ГЭСНм	12	12-16-003	Питатели двухлинейные	12-16-003-02	компл	Питатель двухлинейный с разводящим трубопроводом типа: 2-0200-2, 2-0500-2, 2-1000-2, двухотводный
ГЭСНм	12	12-16-003	Питатели двухлинейные	12-16-003-03	компл	Питатель двухлинейный с разводящим трубопроводом типа: 2-0200-3, 2-0500-3, трехотводный
ГЭСНм	12	12-16-003	Питатели двухлинейные	12-16-003-04	компл	Питатель двухлинейный с разводящим трубопроводом типа: 2-0200-4, 2-0500-4, четырехотводный
ГЭСНм	12	12-18-001	Изготовление узлов трубопроводов из труб углеродистых и качественных сталей, монтируемых в помещениях или на открытых площадках в пределах цехов	12-18-001-01	100 м	Изготовление узла трубопроводов из труб углеродистых и качественных сталей, монтируемого в помещениях или на открытых площадках в пределах цехов, диаметр трубопровода наружный: 14 мм
ГЭСНм	12	12-18-001	Изготовление узлов трубопроводов из труб углеродистых и качественных сталей, монтируемых в помещениях или на открытых площадках в пределах цехов	12-18-001-02	100 м	Изготовление узла трубопроводов из труб углеродистых и качественных сталей, монтируемого в помещениях или на открытых площадках в пределах цехов, диаметр трубопровода наружный: 18 мм
ГЭСНм	12	12-18-001	Изготовление узлов трубопроводов из труб углеродистых и качественных сталей, монтируемых в помещениях или на открытых площадках в пределах цехов	12-18-001-03	100 м	Изготовление узла трубопроводов из труб углеродистых и качественных сталей, монтируемого в помещениях или на открытых площадках в пределах цехов, диаметр трубопровода наружный: 25 мм
ГЭСНм	12	12-18-001	Изготовление узлов трубопроводов из труб углеродистых и качественных сталей, монтируемых в помещениях или на открытых площадках в пределах цехов	12-18-001-04	100 м	Изготовление узла трубопроводов из труб углеродистых и качественных сталей, монтируемого в помещениях или на открытых площадках в пределах цехов, диаметр трубопровода наружный: 32 мм
ГЭСНм	12	12-18-001	Изготовление узлов трубопроводов из труб углеродистых и качественных сталей, монтируемых в помещениях или на открытых площадках в пределах цехов	12-18-001-05	100 м	Изготовление узла трубопроводов из труб углеродистых и качественных сталей, монтируемого в помещениях или на открытых площадках в пределах цехов, диаметр трубопровода наружный: 38 мм
ГЭСНм	12	12-18-001	Изготовление узлов трубопроводов из труб углеродистых и качественных сталей, монтируемых в помещениях или на открытых площадках в пределах цехов	12-18-001-06	100 м	Изготовление узла трубопроводов из труб углеродистых и качественных сталей, монтируемого в помещениях или на открытых площадках в пределах цехов, диаметр трубопровода наружный: 45 мм
ГЭСНм	12	12-18-001	Изготовление узлов трубопроводов из труб углеродистых и качественных сталей, монтируемых в помещениях или на открытых площадках в пределах цехов	12-18-001-07	100 м	Изготовление узла трубопроводов из труб углеродистых и качественных сталей, монтируемого в помещениях или на открытых площадках в пределах цехов, диаметр трубопровода наружный: 57 мм
ГЭСНм	12	12-18-001	Изготовление узлов трубопроводов из труб углеродистых и качественных сталей, монтируемых в помещениях или на открытых площадках в пределах цехов	12-18-001-08	100 м	Изготовление узла трубопроводов из труб углеродистых и качественных сталей, монтируемого в помещениях или на открытых площадках в пределах цехов, диаметр трубопровода наружный: 76 мм
ГЭСНм	12	12-18-001	Изготовление узлов трубопроводов из труб углеродистых и качественных сталей, монтируемых в помещениях или на открытых площадках в пределах цехов	12-18-001-09	100 м	Изготовление узла трубопроводов из труб углеродистых и качественных сталей, монтируемого в помещениях или на открытых площадках в пределах цехов, диаметр трубопровода наружный: 89 мм
ГЭСНм	12	12-18-001	Изготовление узлов трубопроводов из труб углеродистых и качественных сталей, монтируемых в помещениях или на открытых площадках в пределах цехов	12-18-001-10	100 м	Изготовление узла трубопроводов из труб углеродистых и качественных сталей, монтируемого в помещениях или на открытых площадках в пределах цехов, диаметр трубопровода наружный: 108 мм
ГЭСНм	12	12-18-001	Изготовление узлов трубопроводов из труб углеродистых и качественных сталей, монтируемых в помещениях или на открытых площадках в пределах цехов	12-18-001-11	100 м	Изготовление узла трубопроводов из труб углеродистых и качественных сталей, монтируемого в помещениях или на открытых площадках в пределах цехов, диаметр трубопровода наружный: 133 мм
ГЭСНм	12	12-18-001	Изготовление узлов трубопроводов из труб углеродистых и качественных сталей, монтируемых в помещениях или на открытых площадках в пределах цехов	12-18-001-12	100 м	Изготовление узла трубопроводов из труб углеродистых и качественных сталей, монтируемого в помещениях или на открытых площадках в пределах цехов, диаметр трубопровода наружный: 159 мм
ГЭСНм	12	12-18-001	Изготовление узлов трубопроводов из труб углеродистых и качественных сталей, монтируемых в помещениях или на открытых площадках в пределах цехов	12-18-001-13	100 м	Изготовление узла трубопроводов из труб углеродистых и качественных сталей, монтируемого в помещениях или на открытых площадках в пределах цехов, диаметр трубопровода наружный: 219 мм
ГЭСНм	12	12-18-001	Изготовление узлов трубопроводов из труб углеродистых и качественных сталей, монтируемых в помещениях или на открытых площадках в пределах цехов	12-18-001-14	100 м	Изготовление узла трубопроводов из труб углеродистых и качественных сталей, монтируемого в помещениях или на открытых площадках в пределах цехов, диаметр трубопровода наружный: 273 мм
ГЭСНм	12	12-18-001	Изготовление узлов трубопроводов из труб углеродистых и качественных сталей, монтируемых в помещениях или на открытых площадках в пределах цехов	12-18-001-15	100 м	Изготовление узла трубопроводов из труб углеродистых и качественных сталей, монтируемого в помещениях или на открытых площадках в пределах цехов, диаметр трубопровода наружный: 325 мм
ГЭСНм	12	12-18-001	Изготовление узлов трубопроводов из труб углеродистых и качественных сталей, монтируемых в помещениях или на открытых площадках в пределах цехов	12-18-001-16	100 м	Изготовление узла трубопроводов из труб углеродистых и качественных сталей, монтируемого в помещениях или на открытых площадках в пределах цехов, диаметр трубопровода наружный: 377 мм
ГЭСНм	12	12-18-001	Изготовление узлов трубопроводов из труб углеродистых и качественных сталей, монтируемых в помещениях или на открытых площадках в пределах цехов	12-18-001-17	100 м	Изготовление узла трубопроводов из труб углеродистых и качественных сталей, монтируемого в помещениях или на открытых площадках в пределах цехов, диаметр трубопровода наружный: 426 мм
ГЭСНм	12	12-18-001	Изготовление узлов трубопроводов из труб углеродистых и качественных сталей, монтируемых в помещениях или на открытых площадках в пределах цехов	12-18-001-18	100 м	Изготовление узла трубопроводов из труб углеродистых и качественных сталей, монтируемого в помещениях или на открытых площадках в пределах цехов, диаметр трубопровода наружный: 530 мм
ГЭСНм	12	12-18-001	Изготовление узлов трубопроводов из труб углеродистых и качественных сталей, монтируемых в помещениях или на открытых площадках в пределах цехов	12-18-001-19	100 м	Изготовление узла трубопроводов из труб углеродистых и качественных сталей, монтируемого в помещениях или на открытых площадках в пределах цехов, диаметр трубопровода наружный: 630 мм
ГЭСНм	12	12-18-002	Изготовление узлов трубопроводов из труб углеродистых и качественных сталей, монтируемых в дизельных, насосно-компрессорных, парокотельных и т.п.	12-18-002-01	100 м	Изготовление узла трубопроводов из труб углеродистых и качественных сталей, монтируемого в дизельных, насосно-компрессорных, парокотельных и т.п., диаметр трубопровода наружный: 14 мм
ГЭСНм	12	12-18-002	Изготовление узлов трубопроводов из труб углеродистых и качественных сталей, монтируемых в дизельных, насосно-компрессорных, парокотельных и т.п.	12-18-002-02	100 м	Изготовление узла трубопроводов из труб углеродистых и качественных сталей, монтируемого в дизельных, насосно-компрессорных, парокотельных и т.п., диаметр трубопровода наружный: 18 мм
ГЭСНм	12	12-18-002	Изготовление узлов трубопроводов из труб углеродистых и качественных сталей, монтируемых в дизельных, насосно-компрессорных, парокотельных и т.п.	12-18-002-03	100 м	Изготовление узла трубопроводов из труб углеродистых и качественных сталей, монтируемого в дизельных, насосно-компрессорных, парокотельных и т.п., диаметр трубопровода наружный: 25 мм
ГЭСНм	12	12-18-002	Изготовление узлов трубопроводов из труб углеродистых и качественных сталей, монтируемых в дизельных, насосно-компрессорных, парокотельных и т.п.	12-18-002-04	100 м	Изготовление узла трубопроводов из труб углеродистых и качественных сталей, монтируемого в дизельных, насосно-компрессорных, парокотельных и т.п., диаметр трубопровода наружный: 32 мм
ГЭСНм	12	12-18-002	Изготовление узлов трубопроводов из труб углеродистых и качественных сталей, монтируемых в дизельных, насосно-компрессорных, парокотельных и т.п.	12-18-002-05	100 м	Изготовление узла трубопроводов из труб углеродистых и качественных сталей, монтируемого в дизельных, насосно-компрессорных, парокотельных и т.п., диаметр трубопровода наружный: 38 мм
ГЭСНм	12	12-18-002	Изготовление узлов трубопроводов из труб углеродистых и качественных сталей, монтируемых в дизельных, насосно-компрессорных, парокотельных и т.п.	12-18-002-06	100 м	Изготовление узла трубопроводов из труб углеродистых и качественных сталей, монтируемого в дизельных, насосно-компрессорных, парокотельных и т.п., диаметр трубопровода наружный: 45 мм
ГЭСНм	12	12-18-002	Изготовление узлов трубопроводов из труб углеродистых и качественных сталей, монтируемых в дизельных, насосно-компрессорных, парокотельных и т.п.	12-18-002-07	100 м	Изготовление узла трубопроводов из труб углеродистых и качественных сталей, монтируемого в дизельных, насосно-компрессорных, парокотельных и т.п., диаметр трубопровода наружный: 57 мм
ГЭСНм	12	12-18-002	Изготовление узлов трубопроводов из труб углеродистых и качественных сталей, монтируемых в дизельных, насосно-компрессорных, парокотельных и т.п.	12-18-002-08	100 м	Изготовление узла трубопроводов из труб углеродистых и качественных сталей, монтируемого в дизельных, насосно-компрессорных, парокотельных и т.п., диаметр трубопровода наружный: 76 мм
ГЭСНм	12	12-18-002	Изготовление узлов трубопроводов из труб углеродистых и качественных сталей, монтируемых в дизельных, насосно-компрессорных, парокотельных и т.п.	12-18-002-09	100 м	Изготовление узла трубопроводов из труб углеродистых и качественных сталей, монтируемого в дизельных, насосно-компрессорных, парокотельных и т.п., диаметр трубопровода наружный: 89 мм
ГЭСНм	12	12-18-002	Изготовление узлов трубопроводов из труб углеродистых и качественных сталей, монтируемых в дизельных, насосно-компрессорных, парокотельных и т.п.	12-18-002-10	100 м	Изготовление узла трубопроводов из труб углеродистых и качественных сталей, монтируемого в дизельных, насосно-компрессорных, парокотельных и т.п., диаметр трубопровода наружный: 108 мм
ГЭСНм	12	12-18-002	Изготовление узлов трубопроводов из труб углеродистых и качественных сталей, монтируемых в дизельных, насосно-компрессорных, парокотельных и т.п.	12-18-002-11	100 м	Изготовление узла трубопроводов из труб углеродистых и качественных сталей, монтируемого в дизельных, насосно-компрессорных, парокотельных и т.п., диаметр трубопровода наружный: 133 мм
ГЭСНм	12	12-18-002	Изготовление узлов трубопроводов из труб углеродистых и качественных сталей, монтируемых в дизельных, насосно-компрессорных, парокотельных и т.п.	12-18-002-12	100 м	Изготовление узла трубопроводов из труб углеродистых и качественных сталей, монтируемого в дизельных, насосно-компрессорных, парокотельных и т.п., диаметр трубопровода наружный: 159 мм
ГЭСНм	12	12-18-002	Изготовление узлов трубопроводов из труб углеродистых и качественных сталей, монтируемых в дизельных, насосно-компрессорных, парокотельных и т.п.	12-18-002-13	100 м	Изготовление узла трубопроводов из труб углеродистых и качественных сталей, монтируемого в дизельных, насосно-компрессорных, парокотельных и т.п., диаметр трубопровода наружный: 219 мм
ГЭСНм	12	12-18-002	Изготовление узлов трубопроводов из труб углеродистых и качественных сталей, монтируемых в дизельных, насосно-компрессорных, парокотельных и т.п.	12-18-002-14	100 м	Изготовление узла трубопроводов из труб углеродистых и качественных сталей, монтируемого в дизельных, насосно-компрессорных, парокотельных и т.п., диаметр трубопровода наружный: 273 мм
ГЭСНм	12	12-18-002	Изготовление узлов трубопроводов из труб углеродистых и качественных сталей, монтируемых в дизельных, насосно-компрессорных, парокотельных и т.п.	12-18-002-15	100 м	Изготовление узла трубопроводов из труб углеродистых и качественных сталей, монтируемого в дизельных, насосно-компрессорных, парокотельных и т.п., диаметр трубопровода наружный: 325 мм
ГЭСНм	12	12-18-002	Изготовление узлов трубопроводов из труб углеродистых и качественных сталей, монтируемых в дизельных, насосно-компрессорных, парокотельных и т.п.	12-18-002-16	100 м	Изготовление узла трубопроводов из труб углеродистых и качественных сталей, монтируемого в дизельных, насосно-компрессорных, парокотельных и т.п., диаметр трубопровода наружный: 377 мм
ГЭСНм	12	12-18-002	Изготовление узлов трубопроводов из труб углеродистых и качественных сталей, монтируемых в дизельных, насосно-компрессорных, парокотельных и т.п.	12-18-002-17	100 м	Изготовление узла трубопроводов из труб углеродистых и качественных сталей, монтируемого в дизельных, насосно-компрессорных, парокотельных и т.п., диаметр трубопровода наружный: 426 мм
ГЭСНм	12	12-18-002	Изготовление узлов трубопроводов из труб углеродистых и качественных сталей, монтируемых в дизельных, насосно-компрессорных, парокотельных и т.п.	12-18-002-18	100 м	Изготовление узла трубопроводов из труб углеродистых и качественных сталей, монтируемого в дизельных, насосно-компрессорных, парокотельных и т.п., диаметр трубопровода наружный: 530 мм
ГЭСНм	12	12-18-003	Изготовление узлов трубопроводов из труб легированных сталей, монтируемых в помещениях или на открытых площадках в пределах цехов	12-18-003-01	100 м	Изготовление узла трубопроводов из труб легированных сталей, монтируемого в помещениях или на открытых площадках в пределах цехов, диаметр трубопровода наружный: 45 мм
ГЭСНм	12	12-18-003	Изготовление узлов трубопроводов из труб легированных сталей, монтируемых в помещениях или на открытых площадках в пределах цехов	12-18-003-02	100 м	Изготовление узла трубопроводов из труб легированных сталей, монтируемого в помещениях или на открытых площадках в пределах цехов, диаметр трубопровода наружный: 57 мм
ГЭСНм	12	12-18-003	Изготовление узлов трубопроводов из труб легированных сталей, монтируемых в помещениях или на открытых площадках в пределах цехов	12-18-003-03	100 м	Изготовление узла трубопроводов из труб легированных сталей, монтируемого в помещениях или на открытых площадках в пределах цехов, диаметр трубопровода наружный: 76 мм
ГЭСНм	12	12-18-003	Изготовление узлов трубопроводов из труб легированных сталей, монтируемых в помещениях или на открытых площадках в пределах цехов	12-18-003-04	100 м	Изготовление узла трубопроводов из труб легированных сталей, монтируемого в помещениях или на открытых площадках в пределах цехов, диаметр трубопровода наружный: 89 мм
ГЭСНм	12	12-18-003	Изготовление узлов трубопроводов из труб легированных сталей, монтируемых в помещениях или на открытых площадках в пределах цехов	12-18-003-05	100 м	Изготовление узла трубопроводов из труб легированных сталей, монтируемого в помещениях или на открытых площадках в пределах цехов, диаметр трубопровода наружный: 108 мм
ГЭСНм	12	12-18-003	Изготовление узлов трубопроводов из труб легированных сталей, монтируемых в помещениях или на открытых площадках в пределах цехов	12-18-003-06	100 м	Изготовление узла трубопроводов из труб легированных сталей, монтируемого в помещениях или на открытых площадках в пределах цехов, диаметр трубопровода наружный: 133 мм
ГЭСНм	12	12-18-003	Изготовление узлов трубопроводов из труб легированных сталей, монтируемых в помещениях или на открытых площадках в пределах цехов	12-18-003-07	100 м	Изготовление узла трубопроводов из труб легированных сталей, монтируемого в помещениях или на открытых площадках в пределах цехов, диаметр трубопровода наружный: 159 мм
ГЭСНм	12	12-18-003	Изготовление узлов трубопроводов из труб легированных сталей, монтируемых в помещениях или на открытых площадках в пределах цехов	12-18-003-08	100 м	Изготовление узла трубопроводов из труб легированных сталей, монтируемого в помещениях или на открытых площадках в пределах цехов, диаметр трубопровода наружный: 219 мм
ГЭСНм	12	12-18-003	Изготовление узлов трубопроводов из труб легированных сталей, монтируемых в помещениях или на открытых площадках в пределах цехов	12-18-003-09	100 м	Изготовление узла трубопроводов из труб легированных сталей, монтируемого в помещениях или на открытых площадках в пределах цехов, диаметр трубопровода наружный: 273 мм
ГЭСНм	12	12-18-003	Изготовление узлов трубопроводов из труб легированных сталей, монтируемых в помещениях или на открытых площадках в пределах цехов	12-18-003-10	100 м	Изготовление узла трубопроводов из труб легированных сталей, монтируемого в помещениях или на открытых площадках в пределах цехов, диаметр трубопровода наружный: 325 мм
ГЭСНм	12	12-18-003	Изготовление узлов трубопроводов из труб легированных сталей, монтируемых в помещениях или на открытых площадках в пределах цехов	12-18-003-11	100 м	Изготовление узла трубопроводов из труб легированных сталей, монтируемого в помещениях или на открытых площадках в пределах цехов, диаметр трубопровода наружный: 377 мм
ГЭСНм	12	12-18-003	Изготовление узлов трубопроводов из труб легированных сталей, монтируемых в помещениях или на открытых площадках в пределах цехов	12-18-003-12	100 м	Изготовление узла трубопроводов из труб легированных сталей, монтируемого в помещениях или на открытых площадках в пределах цехов, диаметр трубопровода наружный: 426 мм
ГЭСНм	12	12-18-003	Изготовление узлов трубопроводов из труб легированных сталей, монтируемых в помещениях или на открытых площадках в пределах цехов	12-18-003-13	100 м	Изготовление узла трубопроводов из труб легированных сталей, монтируемого в помещениях или на открытых площадках в пределах цехов, диаметр трубопровода наружный: 530 мм
ГЭСНм	12	12-18-004	Изготовление узлов трубопроводов из труб легированных сталей, монтируемых в дизельных, насосно-компрессорных, парокотельных, и т.п.	12-18-004-01	100 м	Изготовление узла трубопроводов из труб легированных сталей, монтируемого в дизельных, насосно-компрессорных, парокотельных и т.п., диаметр трубопровода наружный: 45 мм
ГЭСНм	12	12-18-004	Изготовление узлов трубопроводов из труб легированных сталей, монтируемых в дизельных, насосно-компрессорных, парокотельных, и т.п.	12-18-004-02	100 м	Изготовление узла трубопроводов из труб легированных сталей, монтируемого в дизельных, насосно-компрессорных, парокотельных и т.п., диаметр трубопровода наружный: 57 мм
ГЭСНм	12	12-18-004	Изготовление узлов трубопроводов из труб легированных сталей, монтируемых в дизельных, насосно-компрессорных, парокотельных, и т.п.	12-18-004-03	100 м	Изготовление узла трубопроводов из труб легированных сталей, монтируемого в дизельных, насосно-компрессорных, парокотельных и т.п., диаметр трубопровода наружный: 76 мм
ГЭСНм	12	12-18-004	Изготовление узлов трубопроводов из труб легированных сталей, монтируемых в дизельных, насосно-компрессорных, парокотельных, и т.п.	12-18-004-04	100 м	Изготовление узла трубопроводов из труб легированных сталей, монтируемого в дизельных, насосно-компрессорных, парокотельных и т.п., диаметр трубопровода наружный: 89 мм
ГЭСНм	12	12-18-004	Изготовление узлов трубопроводов из труб легированных сталей, монтируемых в дизельных, насосно-компрессорных, парокотельных, и т.п.	12-18-004-05	100 м	Изготовление узла трубопроводов из труб легированных сталей, монтируемого в дизельных, насосно-компрессорных, парокотельных и т.п., диаметр трубопровода наружный: 108 мм
ГЭСНм	12	12-18-004	Изготовление узлов трубопроводов из труб легированных сталей, монтируемых в дизельных, насосно-компрессорных, парокотельных, и т.п.	12-18-004-06	100 м	Изготовление узла трубопроводов из труб легированных сталей, монтируемого в дизельных, насосно-компрессорных, парокотельных и т.п., диаметр трубопровода наружный: 133 мм
ГЭСНм	12	12-18-004	Изготовление узлов трубопроводов из труб легированных сталей, монтируемых в дизельных, насосно-компрессорных, парокотельных, и т.п.	12-18-004-07	100 м	Изготовление узла трубопроводов из труб легированных сталей, монтируемого в дизельных, насосно-компрессорных, парокотельных и т.п., диаметр трубопровода наружный: 159 мм
ГЭСНм	12	12-18-004	Изготовление узлов трубопроводов из труб легированных сталей, монтируемых в дизельных, насосно-компрессорных, парокотельных, и т.п.	12-18-004-08	100 м	Изготовление узла трубопроводов из труб легированных сталей, монтируемого в дизельных, насосно-компрессорных, парокотельных и т.п., диаметр трубопровода наружный: 219 мм
ГЭСНм	12	12-18-004	Изготовление узлов трубопроводов из труб легированных сталей, монтируемых в дизельных, насосно-компрессорных, парокотельных, и т.п.	12-18-004-09	100 м	Изготовление узла трубопроводов из труб легированных сталей, монтируемого в дизельных, насосно-компрессорных, парокотельных и т.п., диаметр трубопровода наружный: 273 мм
ГЭСНм	12	12-18-004	Изготовление узлов трубопроводов из труб легированных сталей, монтируемых в дизельных, насосно-компрессорных, парокотельных, и т.п.	12-18-004-10	100 м	Изготовление узла трубопроводов из труб легированных сталей, монтируемого в дизельных, насосно-компрессорных, парокотельных и т.п., диаметр трубопровода наружный: 325 мм
ГЭСНм	12	12-18-004	Изготовление узлов трубопроводов из труб легированных сталей, монтируемых в дизельных, насосно-компрессорных, парокотельных, и т.п.	12-18-004-11	100 м	Изготовление узла трубопроводов из труб легированных сталей, монтируемого в дизельных, насосно-компрессорных, парокотельных и т.п., диаметр трубопровода наружный: 377 мм
ГЭСНм	12	12-18-004	Изготовление узлов трубопроводов из труб легированных сталей, монтируемых в дизельных, насосно-компрессорных, парокотельных, и т.п.	12-18-004-12	100 м	Изготовление узла трубопроводов из труб легированных сталей, монтируемого в дизельных, насосно-компрессорных, парокотельных и т.п., диаметр трубопровода наружный: 426 мм
ГЭСНм	12	12-18-004	Изготовление узлов трубопроводов из труб легированных сталей, монтируемых в дизельных, насосно-компрессорных, парокотельных, и т.п.	12-18-004-13	100 м	Изготовление узла трубопроводов из труб легированных сталей, монтируемого в дизельных, насосно-компрессорных, парокотельных и т.п., диаметр трубопровода наружный: 530 мм
ГЭСНм	12	12-18-005	Изготовление узлов трубопроводов из труб высоколегированных сталей, монтируемых в помещениях или на открытых площадках в пределах цехов	12-18-005-01	100 м	Изготовление узла трубопроводов из труб высоколегированных сталей, монтируемого в помещениях или на открытых площадках в пределах цехов, диаметр трубопровода наружный: 45 мм
ГЭСНм	12	12-18-005	Изготовление узлов трубопроводов из труб высоколегированных сталей, монтируемых в помещениях или на открытых площадках в пределах цехов	12-18-005-02	100 м	Изготовление узла трубопроводов из труб высоколегированных сталей, монтируемого в помещениях или на открытых площадках в пределах цехов, диаметр трубопровода наружный: 57 мм
ГЭСНм	12	12-18-005	Изготовление узлов трубопроводов из труб высоколегированных сталей, монтируемых в помещениях или на открытых площадках в пределах цехов	12-18-005-03	100 м	Изготовление узла трубопроводов из труб высоколегированных сталей, монтируемого в помещениях или на открытых площадках в пределах цехов, диаметр трубопровода наружный: 76 мм
ГЭСНм	12	12-18-005	Изготовление узлов трубопроводов из труб высоколегированных сталей, монтируемых в помещениях или на открытых площадках в пределах цехов	12-18-005-04	100 м	Изготовление узла трубопроводов из труб высоколегированных сталей, монтируемого в помещениях или на открытых площадках в пределах цехов, диаметр трубопровода наружный: 89 мм
ГЭСНм	12	12-18-005	Изготовление узлов трубопроводов из труб высоколегированных сталей, монтируемых в помещениях или на открытых площадках в пределах цехов	12-18-005-05	100 м	Изготовление узла трубопроводов из труб высоколегированных сталей, монтируемого в помещениях или на открытых площадках в пределах цехов, диаметр трубопровода наружный: 108 мм
ГЭСНм	12	12-18-005	Изготовление узлов трубопроводов из труб высоколегированных сталей, монтируемых в помещениях или на открытых площадках в пределах цехов	12-18-005-06	100 м	Изготовление узла трубопроводов из труб высоколегированных сталей, монтируемого в помещениях или на открытых площадках в пределах цехов, диаметр трубопровода наружный: 133 мм
ГЭСНм	12	12-18-005	Изготовление узлов трубопроводов из труб высоколегированных сталей, монтируемых в помещениях или на открытых площадках в пределах цехов	12-18-005-07	100 м	Изготовление узла трубопроводов из труб высоколегированных сталей, монтируемого в помещениях или на открытых площадках в пределах цехов, диаметр трубопровода наружный: 159 мм
ГЭСНм	12	12-18-005	Изготовление узлов трубопроводов из труб высоколегированных сталей, монтируемых в помещениях или на открытых площадках в пределах цехов	12-18-005-08	100 м	Изготовление узла трубопроводов из труб высоколегированных сталей, монтируемого в помещениях или на открытых площадках в пределах цехов, диаметр трубопровода наружный: 219 мм
ГЭСНм	12	12-18-005	Изготовление узлов трубопроводов из труб высоколегированных сталей, монтируемых в помещениях или на открытых площадках в пределах цехов	12-18-005-09	100 м	Изготовление узла трубопроводов из труб высоколегированных сталей, монтируемого в помещениях или на открытых площадках в пределах цехов, диаметр трубопровода наружный: 273 мм
ГЭСНм	12	12-18-005	Изготовление узлов трубопроводов из труб высоколегированных сталей, монтируемых в помещениях или на открытых площадках в пределах цехов	12-18-005-10	100 м	Изготовление узла трубопроводов из труб высоколегированных сталей, монтируемого в помещениях или на открытых площадках в пределах цехов, диаметр трубопровода наружный: 325 мм
ГЭСНм	12	12-18-006	Изготовление узлов трубопроводов из труб высоколегированных сталей, монтируемых в дизельных, насосно-компрессорных, парокотельных, и т.п.	12-18-006-01	100 м	Изготовление узла трубопроводов из труб высоколегированных сталей, монтируемого в дизельных, насосно-компрессорных, парокотельных и т.п., диаметр трубопровода наружный: 45 мм
ГЭСНм	12	12-18-006	Изготовление узлов трубопроводов из труб высоколегированных сталей, монтируемых в дизельных, насосно-компрессорных, парокотельных, и т.п.	12-18-006-02	100 м	Изготовление узла трубопроводов из труб высоколегированных сталей, монтируемого в дизельных, насосно-компрессорных, парокотельных и т.п., диаметр трубопровода наружный: 57 мм
ГЭСНм	12	12-18-006	Изготовление узлов трубопроводов из труб высоколегированных сталей, монтируемых в дизельных, насосно-компрессорных, парокотельных, и т.п.	12-18-006-03	100 м	Изготовление узла трубопроводов из труб высоколегированных сталей, монтируемого в дизельных, насосно-компрессорных, парокотельных и т.п., диаметр трубопровода наружный: 76 мм
ГЭСНм	12	12-18-006	Изготовление узлов трубопроводов из труб высоколегированных сталей, монтируемых в дизельных, насосно-компрессорных, парокотельных, и т.п.	12-18-006-04	100 м	Изготовление узла трубопроводов из труб высоколегированных сталей, монтируемого в дизельных, насосно-компрессорных, парокотельных и т.п., диаметр трубопровода наружный: 89 мм
ГЭСНм	12	12-18-006	Изготовление узлов трубопроводов из труб высоколегированных сталей, монтируемых в дизельных, насосно-компрессорных, парокотельных, и т.п.	12-18-006-05	100 м	Изготовление узла трубопроводов из труб высоколегированных сталей, монтируемого в дизельных, насосно-компрессорных, парокотельных и т.п., диаметр трубопровода наружный: 108 мм
ГЭСНм	12	12-18-006	Изготовление узлов трубопроводов из труб высоколегированных сталей, монтируемых в дизельных, насосно-компрессорных, парокотельных, и т.п.	12-18-006-06	100 м	Изготовление узла трубопроводов из труб высоколегированных сталей, монтируемого в дизельных, насосно-компрессорных, парокотельных и т.п., диаметр трубопровода наружный: 133 мм
ГЭСНм	12	12-18-006	Изготовление узлов трубопроводов из труб высоколегированных сталей, монтируемых в дизельных, насосно-компрессорных, парокотельных, и т.п.	12-18-006-07	100 м	Изготовление узла трубопроводов из труб высоколегированных сталей, монтируемого в дизельных, насосно-компрессорных, парокотельных и т.п., диаметр трубопровода наружный: 159 мм
ГЭСНм	12	12-18-006	Изготовление узлов трубопроводов из труб высоколегированных сталей, монтируемых в дизельных, насосно-компрессорных, парокотельных, и т.п.	12-18-006-08	100 м	Изготовление узла трубопроводов из труб высоколегированных сталей, монтируемого в дизельных, насосно-компрессорных, парокотельных и т.п., диаметр трубопровода наружный: 219 мм
ГЭСНм	12	12-18-006	Изготовление узлов трубопроводов из труб высоколегированных сталей, монтируемых в дизельных, насосно-компрессорных, парокотельных, и т.п.	12-18-006-09	100 м	Изготовление узла трубопроводов из труб высоколегированных сталей, монтируемого в дизельных, насосно-компрессорных, парокотельных и т.п., диаметр трубопровода наружный: 273 мм
ГЭСНм	12	12-18-006	Изготовление узлов трубопроводов из труб высоколегированных сталей, монтируемых в дизельных, насосно-компрессорных, парокотельных, и т.п.	12-18-006-10	100 м	Изготовление узла трубопроводов из труб высоколегированных сталей, монтируемого в дизельных, насосно-компрессорных, парокотельных и т.п., диаметр трубопровода наружный: 325 мм
ГЭСНм	12	12-20-001	Трубопроводы в помещениях или на открытых площадках, монтируемые из труб и готовых деталей, на условное давление не более 2,5 МПа	12-20-001-01	м	Трубопроводы в помещениях или на открытых площадках, монтируемые из труб и готовых деталей, на номинальное давление не более 2,5 МПа, диаметр трубопровода наружный: до 14 мм
ГЭСНм	12	12-20-001	Трубопроводы в помещениях или на открытых площадках, монтируемые из труб и готовых деталей, на условное давление не более 2,5 МПа	12-20-001-02	м	Трубопроводы в помещениях или на открытых площадках, монтируемые из труб и готовых деталей, на номинальное давление не более 2,5 МПа, диаметр трубопровода наружный: до 18 мм
ГЭСНм	12	12-20-001	Трубопроводы в помещениях или на открытых площадках, монтируемые из труб и готовых деталей, на условное давление не более 2,5 МПа	12-20-001-03	м	Трубопроводы в помещениях или на открытых площадках, монтируемые из труб и готовых деталей, на номинальное давление не более 2,5 МПа, диаметр трубопровода наружный: до 25 мм
ГЭСНм	12	12-20-001	Трубопроводы в помещениях или на открытых площадках, монтируемые из труб и готовых деталей, на условное давление не более 2,5 МПа	12-20-001-04	м	Трубопроводы в помещениях или на открытых площадках, монтируемые из труб и готовых деталей, на номинальное давление не более 2,5 МПа, диаметр трубопровода наружный: до 32 мм
ГЭСНм	12	12-20-001	Трубопроводы в помещениях или на открытых площадках, монтируемые из труб и готовых деталей, на условное давление не более 2,5 МПа	12-20-001-05	м	Трубопроводы в помещениях или на открытых площадках, монтируемые из труб и готовых деталей, на номинальное давление не более 2,5 МПа, диаметр трубопровода наружный: до 38 мм
ГЭСНм	12	12-20-001	Трубопроводы в помещениях или на открытых площадках, монтируемые из труб и готовых деталей, на условное давление не более 2,5 МПа	12-20-001-06	м	Трубопроводы в помещениях или на открытых площадках, монтируемые из труб и готовых деталей, на номинальное давление не более 2,5 МПа, диаметр трубопровода наружный: до 45 мм
ГЭСНм	12	12-20-001	Трубопроводы в помещениях или на открытых площадках, монтируемые из труб и готовых деталей, на условное давление не более 2,5 МПа	12-20-001-07	м	Трубопроводы в помещениях или на открытых площадках, монтируемые из труб и готовых деталей, на номинальное давление не более 2,5 МПа, диаметр трубопровода наружный: до 57 мм
ГЭСНм	12	12-20-001	Трубопроводы в помещениях или на открытых площадках, монтируемые из труб и готовых деталей, на условное давление не более 2,5 МПа	12-20-001-08	м	Трубопроводы в помещениях или на открытых площадках, монтируемые из труб и готовых деталей, на номинальное давление не более 2,5 МПа, диаметр трубопровода наружный: до 76 мм
ГЭСНм	12	12-20-001	Трубопроводы в помещениях или на открытых площадках, монтируемые из труб и готовых деталей, на условное давление не более 2,5 МПа	12-20-001-09	м	Трубопроводы в помещениях или на открытых площадках, монтируемые из труб и готовых деталей, на номинальное давление не более 2,5 МПа, диаметр трубопровода наружный: до 89 мм
ГЭСНм	12	12-20-001	Трубопроводы в помещениях или на открытых площадках, монтируемые из труб и готовых деталей, на условное давление не более 2,5 МПа	12-20-001-10	м	Трубопроводы в помещениях или на открытых площадках, монтируемые из труб и готовых деталей, на номинальное давление не более 2,5 МПа, диаметр трубопровода наружный: до 108 мм
ГЭСНм	12	12-20-001	Трубопроводы в помещениях или на открытых площадках, монтируемые из труб и готовых деталей, на условное давление не более 2,5 МПа	12-20-001-11	м	Трубопроводы в помещениях или на открытых площадках, монтируемые из труб и готовых деталей, на номинальное давление не более 2,5 МПа, диаметр трубопровода наружный: до 133 мм
ГЭСНм	12	12-20-001	Трубопроводы в помещениях или на открытых площадках, монтируемые из труб и готовых деталей, на условное давление не более 2,5 МПа	12-20-001-12	м	Трубопроводы в помещениях или на открытых площадках, монтируемые из труб и готовых деталей, на номинальное давление не более 2,5 МПа, диаметр трубопровода наружный: до 159 мм
ГЭСНм	12	12-20-001	Трубопроводы в помещениях или на открытых площадках, монтируемые из труб и готовых деталей, на условное давление не более 2,5 МПа	12-20-001-13	м	Трубопроводы в помещениях или на открытых площадках, монтируемые из труб и готовых деталей, на номинальное давление не более 2,5 МПа, диаметр трубопровода наружный: до 219 мм
ГЭСНм	12	12-20-001	Трубопроводы в помещениях или на открытых площадках, монтируемые из труб и готовых деталей, на условное давление не более 2,5 МПа	12-20-001-14	м	Трубопроводы в помещениях или на открытых площадках, монтируемые из труб и готовых деталей, на номинальное давление не более 2,5 МПа, диаметр трубопровода наружный: до 273 мм
ГЭСНм	12	12-20-001	Трубопроводы в помещениях или на открытых площадках, монтируемые из труб и готовых деталей, на условное давление не более 2,5 МПа	12-20-001-15	м	Трубопроводы в помещениях или на открытых площадках, монтируемые из труб и готовых деталей, на номинальное давление не более 2,5 МПа, диаметр трубопровода наружный: до 325 мм
ГЭСНм	12	12-20-001	Трубопроводы в помещениях или на открытых площадках, монтируемые из труб и готовых деталей, на условное давление не более 2,5 МПа	12-20-001-16	м	Трубопроводы в помещениях или на открытых площадках, монтируемые из труб и готовых деталей, на номинальное давление не более 2,5 МПа, диаметр трубопровода наружный: до 377 мм
ГЭСНм	12	12-20-001	Трубопроводы в помещениях или на открытых площадках, монтируемые из труб и готовых деталей, на условное давление не более 2,5 МПа	12-20-001-17	м	Трубопроводы в помещениях или на открытых площадках, монтируемые из труб и готовых деталей, на номинальное давление не более 2,5 МПа, диаметр трубопровода наружный: до 426 мм
ГЭСНм	12	12-20-001	Трубопроводы в помещениях или на открытых площадках, монтируемые из труб и готовых деталей, на условное давление не более 2,5 МПа	12-20-001-18	м	Трубопроводы в помещениях или на открытых площадках, монтируемые из труб и готовых деталей, на номинальное давление не более 2,5 МПа, диаметр трубопровода наружный: до 530 мм
ГЭСНм	12	12-20-001	Трубопроводы в помещениях или на открытых площадках, монтируемые из труб и готовых деталей, на условное давление не более 2,5 МПа	12-20-001-19	м	Трубопроводы в помещениях или на открытых площадках, монтируемые из труб и готовых деталей, на номинальное давление не более 2,5 МПа, диаметр трубопровода наружный: до 630 мм
ГЭСНм	12	12-20-001	Трубопроводы в помещениях или на открытых площадках, монтируемые из труб и готовых деталей, на условное давление не более 2,5 МПа	12-20-001-20	м	Трубопроводы в помещениях или на открытых площадках, монтируемые из труб и готовых деталей, на номинальное давление не более 2,5 МПа, диаметр трубопровода наружный: до 820 мм
ГЭСНм	12	12-20-001	Трубопроводы в помещениях или на открытых площадках, монтируемые из труб и готовых деталей, на условное давление не более 2,5 МПа	12-20-001-21	м	Трубопроводы в помещениях или на открытых площадках, монтируемые из труб и готовых деталей, на номинальное давление не более 2,5 МПа, диаметр трубопровода наружный: до 1020 мм
ГЭСНм	12	12-20-001	Трубопроводы в помещениях или на открытых площадках, монтируемые из труб и готовых деталей, на условное давление не более 2,5 МПа	12-20-001-22	м	Трубопроводы в помещениях или на открытых площадках, монтируемые из труб и готовых деталей, на номинальное давление не более 2,5 МПа, диаметр трубопровода наружный: до 1220 мм
ГЭСНм	12	12-20-001	Трубопроводы в помещениях или на открытых площадках, монтируемые из труб и готовых деталей, на условное давление не более 2,5 МПа	12-20-001-23	м	Трубопроводы в помещениях или на открытых площадках, монтируемые из труб и готовых деталей, на номинальное давление не более 2,5 МПа, диаметр трубопровода наружный: до 1420 мм
ГЭСНм	12	12-20-001	Трубопроводы в помещениях или на открытых площадках, монтируемые из труб и готовых деталей, на условное давление не более 2,5 МПа	12-20-001-24	стык	Добавлять на 1 стык, диаметр трубопровода наружный до 14 мм к норме 12-20-001-01
ГЭСНм	12	12-20-001	Трубопроводы в помещениях или на открытых площадках, монтируемые из труб и готовых деталей, на условное давление не более 2,5 МПа	12-20-001-25	стык	Добавлять на 1 стык, диаметр трубопровода наружный до 18 мм к норме 12-20-001-02
ГЭСНм	12	12-20-001	Трубопроводы в помещениях или на открытых площадках, монтируемые из труб и готовых деталей, на условное давление не более 2,5 МПа	12-20-001-26	стык	Добавлять на 1 стык, диаметр трубопровода наружный до 25 мм к норме 12-20-001-03
ГЭСНм	12	12-20-001	Трубопроводы в помещениях или на открытых площадках, монтируемые из труб и готовых деталей, на условное давление не более 2,5 МПа	12-20-001-27	стык	Добавлять на 1 стык, диаметр трубопровода наружный до 32 мм к норме 12-20-001-04
ГЭСНм	12	12-20-001	Трубопроводы в помещениях или на открытых площадках, монтируемые из труб и готовых деталей, на условное давление не более 2,5 МПа	12-20-001-28	стык	Добавлять на 1 стык, диаметр трубопровода наружный до 38 мм к норме 12-20-001-05
ГЭСНм	12	12-20-001	Трубопроводы в помещениях или на открытых площадках, монтируемые из труб и готовых деталей, на условное давление не более 2,5 МПа	12-20-001-29	стык	Добавлять на 1 стык, диаметр трубопровода наружный до 45 мм к норме 12-20-001-06
ГЭСНм	12	12-20-001	Трубопроводы в помещениях или на открытых площадках, монтируемые из труб и готовых деталей, на условное давление не более 2,5 МПа	12-20-001-30	стык	Добавлять на 1 стык, диаметр трубопровода наружный до 57 мм к норме 12-20-001-07
ГЭСНм	12	12-20-001	Трубопроводы в помещениях или на открытых площадках, монтируемые из труб и готовых деталей, на условное давление не более 2,5 МПа	12-20-001-31	стык	Добавлять на 1 стык, диаметр трубопровода наружный до 76 мм к норме 12-20-001-08
ГЭСНм	12	12-20-001	Трубопроводы в помещениях или на открытых площадках, монтируемые из труб и готовых деталей, на условное давление не более 2,5 МПа	12-20-001-32	стык	Добавлять на 1 стык, диаметр трубопровода наружный до 89 мм к норме 12-20-001-09
ГЭСНм	12	12-20-001	Трубопроводы в помещениях или на открытых площадках, монтируемые из труб и готовых деталей, на условное давление не более 2,5 МПа	12-20-001-33	стык	Добавлять на 1 стык, диаметр трубопровода наружный до 108 мм к норме 12-20-001-10
ГЭСНм	12	12-20-001	Трубопроводы в помещениях или на открытых площадках, монтируемые из труб и готовых деталей, на условное давление не более 2,5 МПа	12-20-001-34	стык	Добавлять на 1 стык, диаметр трубопровода наружный до 133 мм к норме 12-20-001-11
ГЭСНм	12	12-20-001	Трубопроводы в помещениях или на открытых площадках, монтируемые из труб и готовых деталей, на условное давление не более 2,5 МПа	12-20-001-35	стык	Добавлять на 1 стык, диаметр трубопровода наружный до 159 мм к норме 12-20-001-12
ГЭСНм	12	12-20-001	Трубопроводы в помещениях или на открытых площадках, монтируемые из труб и готовых деталей, на условное давление не более 2,5 МПа	12-20-001-36	стык	Добавлять на 1 стык, диаметр трубопровода наружный до 219 мм к норме 12-20-001-13
ГЭСНм	12	12-20-001	Трубопроводы в помещениях или на открытых площадках, монтируемые из труб и готовых деталей, на условное давление не более 2,5 МПа	12-20-001-37	стык	Добавлять на 1 стык, диаметр трубопровода наружный до 273 мм к норме 12-20-001-14
ГЭСНм	12	12-20-001	Трубопроводы в помещениях или на открытых площадках, монтируемые из труб и готовых деталей, на условное давление не более 2,5 МПа	12-20-001-38	стык	Добавлять на 1 стык, диаметр трубопровода наружный до 325 мм к норме 12-20-001-15
ГЭСНм	12	12-20-001	Трубопроводы в помещениях или на открытых площадках, монтируемые из труб и готовых деталей, на условное давление не более 2,5 МПа	12-20-001-39	стык	Добавлять на 1 стык, диаметр трубопровода наружный до 377 мм к норме 12-20-001-16
ГЭСНм	12	12-20-001	Трубопроводы в помещениях или на открытых площадках, монтируемые из труб и готовых деталей, на условное давление не более 2,5 МПа	12-20-001-40	стык	Добавлять на 1 стык, диаметр трубопровода наружный до 426 мм к норме 12-20-001-17
ГЭСНм	12	12-20-001	Трубопроводы в помещениях или на открытых площадках, монтируемые из труб и готовых деталей, на условное давление не более 2,5 МПа	12-20-001-41	стык	Добавлять на 1 стык, диаметр трубопровода наружный до 530 мм к норме 12-20-001-18
ГЭСНм	12	12-20-001	Трубопроводы в помещениях или на открытых площадках, монтируемые из труб и готовых деталей, на условное давление не более 2,5 МПа	12-20-001-42	стык	Добавлять на 1 стык, диаметр трубопровода наружный до 630 мм к норме 12-20-001-19
ГЭСНм	12	12-20-001	Трубопроводы в помещениях или на открытых площадках, монтируемые из труб и готовых деталей, на условное давление не более 2,5 МПа	12-20-001-43	стык	Добавлять на 1 стык, диаметр трубопровода наружный до 820 мм к норме 12-20-001-20
ГЭСНм	12	12-20-001	Трубопроводы в помещениях или на открытых площадках, монтируемые из труб и готовых деталей, на условное давление не более 2,5 МПа	12-20-001-44	стык	Добавлять на 1 стык, диаметр трубопровода наружный до 1020 мм к норме 12-20-001-21
ГЭСНм	12	12-20-001	Трубопроводы в помещениях или на открытых площадках, монтируемые из труб и готовых деталей, на условное давление не более 2,5 МПа	12-20-001-45	стык	Добавлять на 1 стык, диаметр трубопровода наружный до 1220 мм к норме 12-20-001-22
ГЭСНм	12	12-20-001	Трубопроводы в помещениях или на открытых площадках, монтируемые из труб и готовых деталей, на условное давление не более 2,5 МПа	12-20-001-46	стык	Добавлять на 1 стык, диаметр трубопровода наружный до 1420 мм к норме 12-20-001-23
ГЭСНм	12	12-20-002	Трубопроводы в помещениях или на открытых площадках, монтируемые из труб и готовых деталей, на условное давление не более 2,5 МПа в траншеях	12-20-002-01	м	Трубопроводы в помещениях или на открытых площадках, монтируемые из труб и готовых деталей, на номинальное давление не более 2,5 МПа в траншеях, диаметр трубопровода наружный: до 14 мм
ГЭСНм	12	12-20-002	Трубопроводы в помещениях или на открытых площадках, монтируемые из труб и готовых деталей, на условное давление не более 2,5 МПа в траншеях	12-20-002-02	м	Трубопроводы в помещениях или на открытых площадках, монтируемые из труб и готовых деталей, на номинальное давление не более 2,5 МПа в траншеях, диаметр трубопровода наружный: до 18 мм
ГЭСНм	12	12-20-002	Трубопроводы в помещениях или на открытых площадках, монтируемые из труб и готовых деталей, на условное давление не более 2,5 МПа в траншеях	12-20-002-03	м	Трубопроводы в помещениях или на открытых площадках, монтируемые из труб и готовых деталей, на номинальное давление не более 2,5 МПа в траншеях, диаметр трубопровода наружный: до 25 мм
ГЭСНм	12	12-20-002	Трубопроводы в помещениях или на открытых площадках, монтируемые из труб и готовых деталей, на условное давление не более 2,5 МПа в траншеях	12-20-002-04	м	Трубопроводы в помещениях или на открытых площадках, монтируемые из труб и готовых деталей, на номинальное давление не более 2,5 МПа в траншеях, диаметр трубопровода наружный: до 32 мм
ГЭСНм	12	12-20-002	Трубопроводы в помещениях или на открытых площадках, монтируемые из труб и готовых деталей, на условное давление не более 2,5 МПа в траншеях	12-20-002-05	м	Трубопроводы в помещениях или на открытых площадках, монтируемые из труб и готовых деталей, на номинальное давление не более 2,5 МПа в траншеях, диаметр трубопровода наружный: до 38 мм
ГЭСНм	12	12-20-002	Трубопроводы в помещениях или на открытых площадках, монтируемые из труб и готовых деталей, на условное давление не более 2,5 МПа в траншеях	12-20-002-06	м	Трубопроводы в помещениях или на открытых площадках, монтируемые из труб и готовых деталей, на номинальное давление не более 2,5 МПа в траншеях, диаметр трубопровода наружный: до 45 мм
ГЭСНм	12	12-20-002	Трубопроводы в помещениях или на открытых площадках, монтируемые из труб и готовых деталей, на условное давление не более 2,5 МПа в траншеях	12-20-002-07	м	Трубопроводы в помещениях или на открытых площадках, монтируемые из труб и готовых деталей, на номинальное давление не более 2,5 МПа в траншеях, диаметр трубопровода наружный: до 57 мм
ГЭСНм	12	12-20-002	Трубопроводы в помещениях или на открытых площадках, монтируемые из труб и готовых деталей, на условное давление не более 2,5 МПа в траншеях	12-20-002-08	м	Трубопроводы в помещениях или на открытых площадках, монтируемые из труб и готовых деталей, на номинальное давление не более 2,5 МПа в траншеях, диаметр трубопровода наружный: до 76 мм
ГЭСНм	12	12-20-002	Трубопроводы в помещениях или на открытых площадках, монтируемые из труб и готовых деталей, на условное давление не более 2,5 МПа в траншеях	12-20-002-09	м	Трубопроводы в помещениях или на открытых площадках, монтируемые из труб и готовых деталей, на номинальное давление не более 2,5 МПа в траншеях, диаметр трубопровода наружный: до 89 мм
ГЭСНм	12	12-20-002	Трубопроводы в помещениях или на открытых площадках, монтируемые из труб и готовых деталей, на условное давление не более 2,5 МПа в траншеях	12-20-002-10	м	Трубопроводы в помещениях или на открытых площадках, монтируемые из труб и готовых деталей, на номинальное давление не более 2,5 МПа в траншеях, диаметр трубопровода наружный: до 108 мм
ГЭСНм	12	12-20-002	Трубопроводы в помещениях или на открытых площадках, монтируемые из труб и готовых деталей, на условное давление не более 2,5 МПа в траншеях	12-20-002-11	м	Трубопроводы в помещениях или на открытых площадках, монтируемые из труб и готовых деталей, на номинальное давление не более 2,5 МПа в траншеях, диаметр трубопровода наружный: до 133 мм
ГЭСНм	12	12-20-002	Трубопроводы в помещениях или на открытых площадках, монтируемые из труб и готовых деталей, на условное давление не более 2,5 МПа в траншеях	12-20-002-12	м	Трубопроводы в помещениях или на открытых площадках, монтируемые из труб и готовых деталей, на номинальное давление не более 2,5 МПа в траншеях, диаметр трубопровода наружный: до 159 мм
ГЭСНм	12	12-20-002	Трубопроводы в помещениях или на открытых площадках, монтируемые из труб и готовых деталей, на условное давление не более 2,5 МПа в траншеях	12-20-002-13	м	Трубопроводы в помещениях или на открытых площадках, монтируемые из труб и готовых деталей, на номинальное давление не более 2,5 МПа в траншеях, диаметр трубопровода наружный: до 219 мм
ГЭСНм	12	12-20-002	Трубопроводы в помещениях или на открытых площадках, монтируемые из труб и готовых деталей, на условное давление не более 2,5 МПа в траншеях	12-20-002-14	м	Трубопроводы в помещениях или на открытых площадках, монтируемые из труб и готовых деталей, на номинальное давление не более 2,5 МПа в траншеях, диаметр трубопровода наружный: до 273 мм
ГЭСНм	12	12-20-002	Трубопроводы в помещениях или на открытых площадках, монтируемые из труб и готовых деталей, на условное давление не более 2,5 МПа в траншеях	12-20-002-15	м	Трубопроводы в помещениях или на открытых площадках, монтируемые из труб и готовых деталей, на номинальное давление не более 2,5 МПа в траншеях, диаметр трубопровода наружный: до 325 мм
ГЭСНм	12	12-20-002	Трубопроводы в помещениях или на открытых площадках, монтируемые из труб и готовых деталей, на условное давление не более 2,5 МПа в траншеях	12-20-002-16	м	Трубопроводы в помещениях или на открытых площадках, монтируемые из труб и готовых деталей, на номинальное давление не более 2,5 МПа в траншеях, диаметр трубопровода наружный: до 377 мм
ГЭСНм	12	12-20-002	Трубопроводы в помещениях или на открытых площадках, монтируемые из труб и готовых деталей, на условное давление не более 2,5 МПа в траншеях	12-20-002-17	м	Трубопроводы в помещениях или на открытых площадках, монтируемые из труб и готовых деталей, на номинальное давление не более 2,5 МПа в траншеях, диаметр трубопровода наружный: до 426 мм
ГЭСНм	12	12-20-002	Трубопроводы в помещениях или на открытых площадках, монтируемые из труб и готовых деталей, на условное давление не более 2,5 МПа в траншеях	12-20-002-18	м	Трубопроводы в помещениях или на открытых площадках, монтируемые из труб и готовых деталей, на номинальное давление не более 2,5 МПа в траншеях, диаметр трубопровода наружный: до 530 мм
ГЭСНм	12	12-20-002	Трубопроводы в помещениях или на открытых площадках, монтируемые из труб и готовых деталей, на условное давление не более 2,5 МПа в траншеях	12-20-002-19	м	Трубопроводы в помещениях или на открытых площадках, монтируемые из труб и готовых деталей, на номинальное давление не более 2,5 МПа в траншеях, диаметр трубопровода наружный: до 630 мм
ГЭСНм	12	12-20-002	Трубопроводы в помещениях или на открытых площадках, монтируемые из труб и готовых деталей, на условное давление не более 2,5 МПа в траншеях	12-20-002-20	м	Трубопроводы в помещениях или на открытых площадках, монтируемые из труб и готовых деталей, на номинальное давление не более 2,5 МПа в траншеях, диаметр трубопровода наружный: до 820 мм
ГЭСНм	12	12-20-002	Трубопроводы в помещениях или на открытых площадках, монтируемые из труб и готовых деталей, на условное давление не более 2,5 МПа в траншеях	12-20-002-21	м	Трубопроводы в помещениях или на открытых площадках, монтируемые из труб и готовых деталей, на номинальное давление не более 2,5 МПа в траншеях, диаметр трубопровода наружный: до 1020 мм
ГЭСНм	12	12-20-002	Трубопроводы в помещениях или на открытых площадках, монтируемые из труб и готовых деталей, на условное давление не более 2,5 МПа в траншеях	12-20-002-22	м	Трубопроводы в помещениях или на открытых площадках, монтируемые из труб и готовых деталей, на номинальное давление не более 2,5 МПа в траншеях, диаметр трубопровода наружный: до 1220 мм
ГЭСНм	12	12-20-002	Трубопроводы в помещениях или на открытых площадках, монтируемые из труб и готовых деталей, на условное давление не более 2,5 МПа в траншеях	12-20-002-23	м	Трубопроводы в помещениях или на открытых площадках, монтируемые из труб и готовых деталей, на номинальное давление не более 2,5 МПа в траншеях, диаметр трубопровода наружный: до 1420 мм
ГЭСНм	12	12-20-002	Трубопроводы в помещениях или на открытых площадках, монтируемые из труб и готовых деталей, на условное давление не более 2,5 МПа в траншеях	12-20-002-24	стык	Добавлять на 1 стык, диаметр трубопровода наружный до 14 мм к норме 12-20-002-01
ГЭСНм	12	12-20-002	Трубопроводы в помещениях или на открытых площадках, монтируемые из труб и готовых деталей, на условное давление не более 2,5 МПа в траншеях	12-20-002-25	стык	Добавлять на 1 стык, диаметр трубопровода наружный до 18 мм к норме 12-20-002-02
ГЭСНм	12	12-20-002	Трубопроводы в помещениях или на открытых площадках, монтируемые из труб и готовых деталей, на условное давление не более 2,5 МПа в траншеях	12-20-002-26	стык	Добавлять на 1 стык, диаметр трубопровода наружный до 25 мм к норме 12-20-002-03
ГЭСНм	12	12-20-002	Трубопроводы в помещениях или на открытых площадках, монтируемые из труб и готовых деталей, на условное давление не более 2,5 МПа в траншеях	12-20-002-27	стык	Добавлять на 1 стык, диаметр трубопровода наружный до 32 мм к норме 12-20-002-04
ГЭСНм	12	12-20-002	Трубопроводы в помещениях или на открытых площадках, монтируемые из труб и готовых деталей, на условное давление не более 2,5 МПа в траншеях	12-20-002-28	стык	Добавлять на 1 стык, диаметр трубопровода наружный до 38 мм к норме 12-20-002-05
ГЭСНм	12	12-20-002	Трубопроводы в помещениях или на открытых площадках, монтируемые из труб и готовых деталей, на условное давление не более 2,5 МПа в траншеях	12-20-002-29	стык	Добавлять на 1 стык, диаметр трубопровода наружный до 45 мм к норме 12-20-002-06
ГЭСНм	12	12-20-002	Трубопроводы в помещениях или на открытых площадках, монтируемые из труб и готовых деталей, на условное давление не более 2,5 МПа в траншеях	12-20-002-30	стык	Добавлять на 1 стык, диаметр трубопровода наружный до 57 мм к норме 12-20-002-07
ГЭСНм	12	12-20-002	Трубопроводы в помещениях или на открытых площадках, монтируемые из труб и готовых деталей, на условное давление не более 2,5 МПа в траншеях	12-20-002-31	стык	Добавлять на 1 стык, диаметр трубопровода наружный до 76 мм к норме 12-20-002-08
ГЭСНм	12	12-20-002	Трубопроводы в помещениях или на открытых площадках, монтируемые из труб и готовых деталей, на условное давление не более 2,5 МПа в траншеях	12-20-002-32	стык	Добавлять на 1 стык, диаметр трубопровода наружный до 89 мм к норме 12-20-002-09
ГЭСНм	12	12-20-002	Трубопроводы в помещениях или на открытых площадках, монтируемые из труб и готовых деталей, на условное давление не более 2,5 МПа в траншеях	12-20-002-33	стык	Добавлять на 1 стык, диаметр трубопровода наружный до 108 мм к норме 12-20-002-10
ГЭСНм	12	12-20-002	Трубопроводы в помещениях или на открытых площадках, монтируемые из труб и готовых деталей, на условное давление не более 2,5 МПа в траншеях	12-20-002-34	стык	Добавлять на 1 стык, диаметр трубопровода наружный до 133 мм к норме 12-20-002-11
ГЭСНм	12	12-20-002	Трубопроводы в помещениях или на открытых площадках, монтируемые из труб и готовых деталей, на условное давление не более 2,5 МПа в траншеях	12-20-002-35	стык	Добавлять на 1 стык, диаметр трубопровода наружный до 159 мм к норме 12-20-002-12
ГЭСНм	12	12-20-002	Трубопроводы в помещениях или на открытых площадках, монтируемые из труб и готовых деталей, на условное давление не более 2,5 МПа в траншеях	12-20-002-36	стык	Добавлять на 1 стык, диаметр трубопровода наружный до 219 мм к норме 12-20-002-13
ГЭСНм	12	12-20-002	Трубопроводы в помещениях или на открытых площадках, монтируемые из труб и готовых деталей, на условное давление не более 2,5 МПа в траншеях	12-20-002-37	стык	Добавлять на 1 стык, диаметр трубопровода наружный до 273 мм к норме 12-20-002-14
ГЭСНм	12	12-20-002	Трубопроводы в помещениях или на открытых площадках, монтируемые из труб и готовых деталей, на условное давление не более 2,5 МПа в траншеях	12-20-002-38	стык	Добавлять на 1 стык, диаметр трубопровода наружный до 325 мм к норме 12-20-002-15
ГЭСНм	12	12-20-002	Трубопроводы в помещениях или на открытых площадках, монтируемые из труб и готовых деталей, на условное давление не более 2,5 МПа в траншеях	12-20-002-39	стык	Добавлять на 1 стык, диаметр трубопровода наружный до 377 мм к норме 12-20-002-16
ГЭСНм	12	12-20-002	Трубопроводы в помещениях или на открытых площадках, монтируемые из труб и готовых деталей, на условное давление не более 2,5 МПа в траншеях	12-20-002-40	стык	Добавлять на 1 стык, диаметр трубопровода наружный до 426 мм к норме 12-20-002-17
ГЭСНм	12	12-20-002	Трубопроводы в помещениях или на открытых площадках, монтируемые из труб и готовых деталей, на условное давление не более 2,5 МПа в траншеях	12-20-002-41	стык	Добавлять на 1 стык, диаметр трубопровода наружный до 530 мм к норме 12-20-002-18
ГЭСНм	12	12-20-002	Трубопроводы в помещениях или на открытых площадках, монтируемые из труб и готовых деталей, на условное давление не более 2,5 МПа в траншеях	12-20-002-42	стык	Добавлять на 1 стык, диаметр трубопровода наружный до 630 мм к норме 12-20-002-19
ГЭСНм	12	12-20-002	Трубопроводы в помещениях или на открытых площадках, монтируемые из труб и готовых деталей, на условное давление не более 2,5 МПа в траншеях	12-20-002-43	стык	Добавлять на 1 стык, диаметр трубопровода наружный до 820 мм к норме 12-20-002-20
ГЭСНм	12	12-20-002	Трубопроводы в помещениях или на открытых площадках, монтируемые из труб и готовых деталей, на условное давление не более 2,5 МПа в траншеях	12-20-002-44	стык	Добавлять на 1 стык, диаметр трубопровода наружный до 1020 мм к норме 12-20-002-21
ГЭСНм	12	12-20-002	Трубопроводы в помещениях или на открытых площадках, монтируемые из труб и готовых деталей, на условное давление не более 2,5 МПа в траншеях	12-20-002-45	стык	Добавлять на 1 стык, диаметр трубопровода наружный до 1220 мм к норме 12-20-002-22
ГЭСНм	12	12-20-002	Трубопроводы в помещениях или на открытых площадках, монтируемые из труб и готовых деталей, на условное давление не более 2,5 МПа в траншеях	12-20-002-46	стык	Добавлять на 1 стык, диаметр трубопровода наружный до 1420 мм к норме 12-20-002-23
ГЭСНм	12	12-20-030	Трубопроводы в помещениях или на открытых площадках, монтируемые из труб и готовых деталей углеродистых сталей, на условное давление до 10 МПа	12-20-030-01	м	Трубопроводы в помещениях или на открытых площадках, монтируемые из труб и готовых деталей углеродистых сталей, на номинальное давление до 10 МПа, диаметр трубопровода наружный: 25-32 мм
ГЭСНм	12	12-20-030	Трубопроводы в помещениях или на открытых площадках, монтируемые из труб и готовых деталей углеродистых сталей, на условное давление до 10 МПа	12-20-030-02	м	Трубопроводы в помещениях или на открытых площадках, монтируемые из труб и готовых деталей углеродистых сталей, на номинальное давление до 10 МПа, диаметр трубопровода наружный: 45 мм
ГЭСНм	12	12-20-030	Трубопроводы в помещениях или на открытых площадках, монтируемые из труб и готовых деталей углеродистых сталей, на условное давление до 10 МПа	12-20-030-03	м	Трубопроводы в помещениях или на открытых площадках, монтируемые из труб и готовых деталей углеродистых сталей, на номинальное давление до 10 МПа, диаметр трубопровода наружный: 57 мм
ГЭСНм	12	12-20-030	Трубопроводы в помещениях или на открытых площадках, монтируемые из труб и готовых деталей углеродистых сталей, на условное давление до 10 МПа	12-20-030-04	м	Трубопроводы в помещениях или на открытых площадках, монтируемые из труб и готовых деталей углеродистых сталей, на номинальное давление до 10 МПа, диаметр трубопровода наружный: 76 мм
ГЭСНм	12	12-20-030	Трубопроводы в помещениях или на открытых площадках, монтируемые из труб и готовых деталей углеродистых сталей, на условное давление до 10 МПа	12-20-030-05	м	Трубопроводы в помещениях или на открытых площадках, монтируемые из труб и готовых деталей углеродистых сталей, на номинальное давление до 10 МПа, диаметр трубопровода наружный: 89 мм
ГЭСНм	12	12-20-030	Трубопроводы в помещениях или на открытых площадках, монтируемые из труб и готовых деталей углеродистых сталей, на условное давление до 10 МПа	12-20-030-06	м	Трубопроводы в помещениях или на открытых площадках, монтируемые из труб и готовых деталей углеродистых сталей, на номинальное давление до 10 МПа, диаметр трубопровода наружный: 108 мм
ГЭСНм	12	12-20-030	Трубопроводы в помещениях или на открытых площадках, монтируемые из труб и готовых деталей углеродистых сталей, на условное давление до 10 МПа	12-20-030-07	м	Трубопроводы в помещениях или на открытых площадках, монтируемые из труб и готовых деталей углеродистых сталей, на номинальное давление до 10 МПа, диаметр трубопровода наружный: 133 мм
ГЭСНм	12	12-20-030	Трубопроводы в помещениях или на открытых площадках, монтируемые из труб и готовых деталей углеродистых сталей, на условное давление до 10 МПа	12-20-030-08	м	Трубопроводы в помещениях или на открытых площадках, монтируемые из труб и готовых деталей углеродистых сталей, на номинальное давление до 10 МПа, диаметр трубопровода наружный: 159 мм
ГЭСНм	12	12-20-030	Трубопроводы в помещениях или на открытых площадках, монтируемые из труб и готовых деталей углеродистых сталей, на условное давление до 10 МПа	12-20-030-09	м	Трубопроводы в помещениях или на открытых площадках, монтируемые из труб и готовых деталей углеродистых сталей, на номинальное давление до 10 МПа, диаметр трубопровода наружный: 219 мм
ГЭСНм	12	12-20-030	Трубопроводы в помещениях или на открытых площадках, монтируемые из труб и готовых деталей углеродистых сталей, на условное давление до 10 МПа	12-20-030-10	м	Трубопроводы в помещениях или на открытых площадках, монтируемые из труб и готовых деталей углеродистых сталей, на номинальное давление до 10 МПа, диаметр трубопровода наружный: 273 мм
ГЭСНм	12	12-20-030	Трубопроводы в помещениях или на открытых площадках, монтируемые из труб и готовых деталей углеродистых сталей, на условное давление до 10 МПа	12-20-030-11	м	Трубопроводы в помещениях или на открытых площадках, монтируемые из труб и готовых деталей углеродистых сталей, на номинальное давление до 10 МПа, диаметр трубопровода наружный: 325 мм
ГЭСНм	12	12-20-030	Трубопроводы в помещениях или на открытых площадках, монтируемые из труб и готовых деталей углеродистых сталей, на условное давление до 10 МПа	12-20-030-12	м	Трубопроводы в помещениях или на открытых площадках, монтируемые из труб и готовых деталей углеродистых сталей, на номинальное давление до 10 МПа, диаметр трубопровода наружный: 377 мм
ГЭСНм	12	12-20-030	Трубопроводы в помещениях или на открытых площадках, монтируемые из труб и готовых деталей углеродистых сталей, на условное давление до 10 МПа	12-20-030-13	м	Трубопроводы в помещениях или на открытых площадках, монтируемые из труб и готовых деталей углеродистых сталей, на номинальное давление до 10 МПа, диаметр трубопровода наружный: 426 мм
ГЭСНм	12	12-20-030	Трубопроводы в помещениях или на открытых площадках, монтируемые из труб и готовых деталей углеродистых сталей, на условное давление до 10 МПа	12-20-030-14	м	Трубопроводы в помещениях или на открытых площадках, монтируемые из труб и готовых деталей углеродистых сталей, на номинальное давление до 10 МПа, диаметр трубопровода наружный: 530 мм
ГЭСНм	12	12-20-030	Трубопроводы в помещениях или на открытых площадках, монтируемые из труб и готовых деталей углеродистых сталей, на условное давление до 10 МПа	12-20-030-15	м	Трубопроводы в помещениях или на открытых площадках, монтируемые из труб и готовых деталей углеродистых сталей, на номинальное давление до 10 МПа, диаметр трубопровода наружный: 630 мм
ГЭСНм	12	12-20-030	Трубопроводы в помещениях или на открытых площадках, монтируемые из труб и готовых деталей углеродистых сталей, на условное давление до 10 МПа	12-20-030-16	стык	Добавлять на 1 стык, диаметр трубопровода наружный 25 мм к норме 12-20-030-01
ГЭСНм	12	12-20-030	Трубопроводы в помещениях или на открытых площадках, монтируемые из труб и готовых деталей углеродистых сталей, на условное давление до 10 МПа	12-20-030-17	стык	Добавлять на 1 стык, диаметр трубопровода наружный 32 мм к норме 12-20-030-01
ГЭСНм	12	12-20-030	Трубопроводы в помещениях или на открытых площадках, монтируемые из труб и готовых деталей углеродистых сталей, на условное давление до 10 МПа	12-20-030-18	стык	Добавлять на 1 стык, диаметр трубопровода наружный 45 мм к норме 12-20-030-02
ГЭСНм	12	12-20-030	Трубопроводы в помещениях или на открытых площадках, монтируемые из труб и готовых деталей углеродистых сталей, на условное давление до 10 МПа	12-20-030-19	стык	Добавлять на 1 стык, диаметр трубопровода наружный 57 мм к норме 12-20-030-03
ГЭСНм	12	12-20-030	Трубопроводы в помещениях или на открытых площадках, монтируемые из труб и готовых деталей углеродистых сталей, на условное давление до 10 МПа	12-20-030-20	стык	Добавлять на 1 стык, диаметр трубопровода наружный 76 мм к норме 12-20-030-04
ГЭСНм	12	12-20-030	Трубопроводы в помещениях или на открытых площадках, монтируемые из труб и готовых деталей углеродистых сталей, на условное давление до 10 МПа	12-20-030-21	стык	Добавлять на 1 стык, диаметр трубопровода наружный 89 мм к норме 12-20-030-05
ГЭСНм	12	12-20-030	Трубопроводы в помещениях или на открытых площадках, монтируемые из труб и готовых деталей углеродистых сталей, на условное давление до 10 МПа	12-20-030-22	стык	Добавлять на 1 стык, диаметр трубопровода наружный 108 мм к норме 12-20-030-06
ГЭСНм	12	12-20-030	Трубопроводы в помещениях или на открытых площадках, монтируемые из труб и готовых деталей углеродистых сталей, на условное давление до 10 МПа	12-20-030-23	стык	Добавлять на 1 стык, диаметр трубопровода наружный 133 мм к норме 12-20-030-07
ГЭСНм	12	12-20-030	Трубопроводы в помещениях или на открытых площадках, монтируемые из труб и готовых деталей углеродистых сталей, на условное давление до 10 МПа	12-20-030-24	стык	Добавлять на 1 стык, диаметр трубопровода наружный 159 мм к норме 12-20-030-08
ГЭСНм	12	12-20-030	Трубопроводы в помещениях или на открытых площадках, монтируемые из труб и готовых деталей углеродистых сталей, на условное давление до 10 МПа	12-20-030-25	стык	Добавлять на 1 стык, диаметр трубопровода наружный 219 мм к норме 12-20-030-09
ГЭСНм	12	12-20-030	Трубопроводы в помещениях или на открытых площадках, монтируемые из труб и готовых деталей углеродистых сталей, на условное давление до 10 МПа	12-20-030-26	стык	Добавлять на 1 стык, диаметр трубопровода наружный 273 мм к норме 12-20-030-10
ГЭСНм	12	12-20-030	Трубопроводы в помещениях или на открытых площадках, монтируемые из труб и готовых деталей углеродистых сталей, на условное давление до 10 МПа	12-20-030-27	стык	Добавлять на 1 стык, диаметр трубопровода наружный 325 мм к норме 12-20-030-11
ГЭСНм	12	12-20-030	Трубопроводы в помещениях или на открытых площадках, монтируемые из труб и готовых деталей углеродистых сталей, на условное давление до 10 МПа	12-20-030-28	стык	Добавлять на 1 стык, диаметр трубопровода наружный 377 мм к норме 12-20-030-12
ГЭСНм	12	12-20-030	Трубопроводы в помещениях или на открытых площадках, монтируемые из труб и готовых деталей углеродистых сталей, на условное давление до 10 МПа	12-20-030-29	стык	Добавлять на 1 стык, диаметр трубопровода наружный 426 мм к норме 12-20-030-13
ГЭСНм	12	12-20-030	Трубопроводы в помещениях или на открытых площадках, монтируемые из труб и готовых деталей углеродистых сталей, на условное давление до 10 МПа	12-20-030-30	стык	Добавлять на 1 стык, диаметр трубопровода наружный 530 мм к норме 12-20-030-14
ГЭСНм	12	12-20-030	Трубопроводы в помещениях или на открытых площадках, монтируемые из труб и готовых деталей углеродистых сталей, на условное давление до 10 МПа	12-20-030-31	стык	Добавлять на 1 стык, диаметр трубопровода наружный 630 мм к норме 12-20-030-15
ГЭСНм	12	12-23-001	Прокладка трубопроводов из стальных труб на бессварных разъемных муфтовых соединениях	12-23-001-01	100 м	Прокладка трубопроводов из стальных труб на бессварных разъемных муфтовых соединениях диаметром: 25 мм
ГЭСНм	12	12-23-001	Прокладка трубопроводов из стальных труб на бессварных разъемных муфтовых соединениях	12-23-001-02	100 м	Прокладка трубопроводов из стальных труб на бессварных разъемных муфтовых соединениях диаметром: 32 мм
ГЭСНм	12	12-23-001	Прокладка трубопроводов из стальных труб на бессварных разъемных муфтовых соединениях	12-23-001-03	100 м	Прокладка трубопроводов из стальных труб на бессварных разъемных муфтовых соединениях диаметром: 40 мм
ГЭСНм	12	12-23-001	Прокладка трубопроводов из стальных труб на бессварных разъемных муфтовых соединениях	12-23-001-04	100 м	Прокладка трубопроводов из стальных труб на бессварных разъемных муфтовых соединениях диаметром: 50 мм
ГЭСНм	12	12-23-001	Прокладка трубопроводов из стальных труб на бессварных разъемных муфтовых соединениях	12-23-001-05	100 м	Прокладка трубопроводов из стальных труб на бессварных разъемных муфтовых соединениях диаметром: 65 мм
ГЭСНм	12	12-23-001	Прокладка трубопроводов из стальных труб на бессварных разъемных муфтовых соединениях	12-23-001-06	100 м	Прокладка трубопроводов из стальных труб на бессварных разъемных муфтовых соединениях диаметром: 80 мм
ГЭСНм	12	12-23-001	Прокладка трубопроводов из стальных труб на бессварных разъемных муфтовых соединениях	12-23-001-07	100 м	Прокладка трубопроводов из стальных труб на бессварных разъемных муфтовых соединениях диаметром: 100 мм
ГЭСНм	12	12-23-001	Прокладка трубопроводов из стальных труб на бессварных разъемных муфтовых соединениях	12-23-001-08	100 м	Прокладка трубопроводов из стальных труб на бессварных разъемных муфтовых соединениях диаметром: 125 мм
ГЭСНм	12	12-23-001	Прокладка трубопроводов из стальных труб на бессварных разъемных муфтовых соединениях	12-23-001-09	100 м	Прокладка трубопроводов из стальных труб на бессварных разъемных муфтовых соединениях диаметром: 150 мм
ГЭСНм	12	12-23-001	Прокладка трубопроводов из стальных труб на бессварных разъемных муфтовых соединениях	12-23-001-10	100 м	Прокладка трубопроводов из стальных труб на бессварных разъемных муфтовых соединениях диаметром: 200 мм
ГЭСНм	12	12-23-001	Прокладка трубопроводов из стальных труб на бессварных разъемных муфтовых соединениях	12-23-001-11	100 м	Прокладка трубопроводов из стальных труб на бессварных разъемных муфтовых соединениях диаметром: 250 мм
ГЭСНм	12	12-23-001	Прокладка трубопроводов из стальных труб на бессварных разъемных муфтовых соединениях	12-23-001-12	100 м	Прокладка трубопроводов из стальных труб на бессварных разъемных муфтовых соединениях диаметром: 300 мм
ГЭСНм	40	40-01-001	Горизонтальное перемещение	40-01-001-01	10 т	Горизонтальное перемещение сверх предусмотренного в ГЭСНм: 100 м, на расстояние до 200 м
ГЭСНм	40	40-01-001	Горизонтальное перемещение	40-01-001-02	10 т	Горизонтальное перемещение сверх предусмотренного в ГЭСНм: 100 м, на расстояние до 300 м
ГЭСНм	40	40-01-001	Горизонтальное перемещение	40-01-001-03	10 т	Горизонтальное перемещение сверх предусмотренного в ГЭСНм: 100 м, на расстояние до 400 м
ГЭСНм	40	40-01-001	Горизонтальное перемещение	40-01-001-04	10 т	Горизонтальное перемещение сверх предусмотренного в ГЭСНм: 150 м, на расстояние до 200 м
ГЭСНм	40	40-01-001	Горизонтальное перемещение	40-01-001-05	10 т	Горизонтальное перемещение сверх предусмотренного в ГЭСНм: 150 м, на расстояние до 300 м
ГЭСНм	40	40-01-001	Горизонтальное перемещение	40-01-001-06	10 т	Горизонтальное перемещение сверх предусмотренного в ГЭСНм: 150 м, на расстояние до 400 м
ГЭСНм	40	40-01-001	Горизонтальное перемещение	40-01-001-07	10 т	Горизонтальное перемещение сверх предусмотренного в ГЭСНм: 200 м, на расстояние до 300 м
ГЭСНм	40	40-01-001	Горизонтальное перемещение	40-01-001-08	10 т	Горизонтальное перемещение сверх предусмотренного в ГЭСНм: 200 м, на расстояние до 400 м
ГЭСНм	40	40-01-001	Горизонтальное перемещение	40-01-001-09	10 т	Горизонтальное перемещение свыше 400 м, добавлять на каждые следующие 100 м
ГЭСНм	40	40-01-002	Вертикальное перемещение (подъем)	40-01-002-01	10 т	Вертикальное перемещение сверх предусмотренного в ГЭСНм: 1 м, на высоту до 5 м
ГЭСНм	40	40-01-002	Вертикальное перемещение (подъем)	40-01-002-02	10 т	Вертикальное перемещение сверх предусмотренного в ГЭСНм: 1 м, на высоту до 10 м
ГЭСНм	40	40-01-002	Вертикальное перемещение (подъем)	40-01-002-03	10 т	Вертикальное перемещение сверх предусмотренного в ГЭСНм: 1 м, на высоту до 15 м
ГЭСНм	40	40-01-002	Вертикальное перемещение (подъем)	40-01-002-04	10 т	Вертикальное перемещение сверх предусмотренного в ГЭСНм: 1 м, на высоту до 20 м
ГЭСНм	40	40-01-002	Вертикальное перемещение (подъем)	40-01-002-05	10 т	Вертикальное перемещение сверх предусмотренного в ГЭСНм: 1 м, на высоту до 25 м
ГЭСНм	40	40-01-002	Вертикальное перемещение (подъем)	40-01-002-06	10 т	Вертикальное перемещение сверх предусмотренного в ГЭСНм: 2 м, на высоту до 5 м
ГЭСНм	40	40-01-002	Вертикальное перемещение (подъем)	40-01-002-07	10 т	Вертикальное перемещение сверх предусмотренного в ГЭСНм: 2 м, на высоту до 10 м
ГЭСНм	40	40-01-002	Вертикальное перемещение (подъем)	40-01-002-08	10 т	Вертикальное перемещение сверх предусмотренного в ГЭСНм: 2 м, на высоту до 15 м
ГЭСНм	40	40-01-002	Вертикальное перемещение (подъем)	40-01-002-09	10 т	Вертикальное перемещение сверх предусмотренного в ГЭСНм: 2 м, на высоту до 20 м
ГЭСНм	40	40-01-002	Вертикальное перемещение (подъем)	40-01-002-10	10 т	Вертикальное перемещение сверх предусмотренного в ГЭСНм: 2 м, на высоту до 25 м
ГЭСНм	40	40-01-002	Вертикальное перемещение (подъем)	40-01-002-11	10 т	Вертикальное перемещение сверх предусмотренного в ГЭСНм: 5 м, на высоту до 10 м
ГЭСНм	40	40-01-002	Вертикальное перемещение (подъем)	40-01-002-12	10 т	Вертикальное перемещение сверх предусмотренного в ГЭСНм: 5 м, на высоту до 15 м
ГЭСНм	40	40-01-002	Вертикальное перемещение (подъем)	40-01-002-13	10 т	Вертикальное перемещение сверх предусмотренного в ГЭСНм: 5 м, на высоту до 20 м
ГЭСНм	40	40-01-002	Вертикальное перемещение (подъем)	40-01-002-14	10 т	Вертикальное перемещение сверх предусмотренного в ГЭСНм: 5 м, на высоту до 25 м
ГЭСНм	40	40-01-002	Вертикальное перемещение (подъем)	40-01-002-15	10 т	Вертикальное перемещение сверх предусмотренного в ГЭСНм: 8 м, на высоту до 10 м
ГЭСНм	40	40-01-002	Вертикальное перемещение (подъем)	40-01-002-16	10 т	Вертикальное перемещение сверх предусмотренного в ГЭСНм: 8 м, на высоту до 15 м
ГЭСНм	40	40-01-002	Вертикальное перемещение (подъем)	40-01-002-17	10 т	Вертикальное перемещение сверх предусмотренного в ГЭСНм: 8 м, на высоту до 20 м
ГЭСНм	40	40-01-002	Вертикальное перемещение (подъем)	40-01-002-18	10 т	Вертикальное перемещение сверх предусмотренного в ГЭСНм: 8 м, на высоту до 25 м
ГЭСНм	40	40-01-002	Вертикальное перемещение (подъем)	40-01-002-19	10 т	Вертикальное перемещение сверх предусмотренного в ГЭСНм: 10 м, на высоту до 15 м
ГЭСНм	40	40-01-002	Вертикальное перемещение (подъем)	40-01-002-20	10 т	Вертикальное перемещение сверх предусмотренного в ГЭСНм: 10 м, на высоту до 20 м
ГЭСНм	40	40-01-002	Вертикальное перемещение (подъем)	40-01-002-21	10 т	Вертикальное перемещение сверх предусмотренного в ГЭСНм: 10 м, на высоту до 25 м
ГЭСНм	40	40-01-002	Вертикальное перемещение (подъем)	40-01-002-22	10 т	Вертикальное перемещение сверх предусмотренного в ГЭСНм: 15 м, на высоту до 20 м
ГЭСНм	40	40-01-002	Вертикальное перемещение (подъем)	40-01-002-23	10 т	Вертикальное перемещение сверх предусмотренного в ГЭСНм: 15 м, на высоту до 25 м
ГЭСНм	40	40-01-002	Вертикальное перемещение (подъем)	40-01-002-24	10 т	Вертикальное перемещение свыше 25 м, добавлять на каждые следующие 5 м
ГЭСНм	40	40-01-003	Вертикальное перемещение кранами мостовыми электрическими	40-01-003-01	10 м	Вертикальное перемещение сверх предусмотренного в ГЭСНм краном мостовым электрическим, грузоподъемность: 125 т
ГЭСНм	40	40-01-003	Вертикальное перемещение кранами мостовыми электрическими	40-01-003-02	10 м	Вертикальное перемещение сверх предусмотренного в ГЭСНм краном мостовым электрическим, грузоподъемность: 200 т
ГЭСНм	40	40-01-003	Вертикальное перемещение кранами мостовыми электрическими	40-01-003-03	10 м	Вертикальное перемещение сверх предусмотренного в ГЭСНм краном мостовым электрическим, грузоподъемность: 320 т
ГЭСНм	40	40-02-001	Перемещение в метрополитенах и тоннелях	40-02-001-01	т	Перемещение оборудования и материальных ресурсов на расстояние 200 м на вагонетках или площадках вручную с погрузкой и выгрузкой, масса: до 2 т, при спуске в клети
ГЭСНм	40	40-02-001	Перемещение в метрополитенах и тоннелях	40-02-001-02	т	Перемещение оборудования и материальных ресурсов на расстояние 200 м на вагонетках или площадках вручную с погрузкой и выгрузкой, масса: свыше 2 т, при спуске под клетью на специальном канате
ГЭСНм	40	40-02-001	Перемещение в метрополитенах и тоннелях	40-02-001-03	т	Перемещение оборудования и материальных ресурсов на расстояние 200 м на вагонетках или площадках вручную с погрузкой и выгрузкой, масса: свыше 2 т, при спуске на подъемном канате при снятой клети
ГЭСНм	40	40-02-001	Перемещение в метрополитенах и тоннелях	40-02-001-04	т	Добавлять на каждые следующие 50 м перемещения сверх 200 м к нормам 40-02-001-01, -02, -03
ГЭСНм	40	40-02-001	Перемещение в метрополитенах и тоннелях	40-02-001-05	т	Перемещение крупногабаритного оборудования на катках и салазках при помощи электролебедок на расстояние 200 м, включая выгрузку
ГЭСНм	40	40-02-001	Перемещение в метрополитенах и тоннелях	40-02-001-06	т	Добавлять на каждые следующие 50 м перемещения сверх 200 м к норме 40-02-001-05
ГЭСНм	40	40-03-001	Перемещение в угольных и сланцевых шахтах	40-03-001-01	т	Спуск (подъем) оборудования и материальных ресурсов в клети на платформах или в вагонетках с погрузкой и выгрузкой
ГЭСНм	40	40-03-001	Перемещение в угольных и сланцевых шахтах	40-03-001-02	т	Спуск (подъем) крупногабаритного оборудования с погрузкой и выгрузкой, включая последующую погрузку на специальную платформу и откатку ее на 50 м: в клети
ГЭСНм	40	40-03-001	Перемещение в угольных и сланцевых шахтах	40-03-001-03	т	Спуск (подъем) крупногабаритного оборудования с погрузкой и выгрузкой, включая последующую погрузку на специальную платформу и откатку ее на 50 м: под клетью при отсутствии хвостового каната, включая 
ГЭСНм	40	40-03-001	Перемещение в угольных и сланцевых шахтах	40-03-001-04	т	Спуск (подъем) крупногабаритного оборудования с погрузкой и выгрузкой, включая последующую погрузку на специальную платформу и откатку ее на 50 м: на подъемном канате, включая снятие и навеску клети, 
ГЭСНм	40	40-03-001	Перемещение в угольных и сланцевых шахтах	40-03-001-05	10 т	Перемещение оборудования и материальных ресурсов в вагонетках или на платформах при помощи электролебедок, включая выгрузку, по горным выработкам с рельсовыми путями и углом наклона до 13 градусов пер
ГЭСНм	40	40-03-001	Перемещение в угольных и сланцевых шахтах	40-03-001-06	10 т	Добавлять на каждые следующие 50 м к норме 40-03-001-05
ГЭСНм	40	40-03-001	Перемещение в угольных и сланцевых шахтах	40-03-001-07	10 т	Перемещение оборудования и материальных ресурсов в вагонетках или на платформах при помощи электролебедок, включая выгрузку, по горным выработкам с рельсовыми путями и углом наклона более 13 градусов 
ГЭСНм	40	40-03-001	Перемещение в угольных и сланцевых шахтах	40-03-001-08	10 т	Добавлять на каждые следующие 50 м к норме 40-03-001-07
ГЭСНм	40	40-03-001	Перемещение в угольных и сланцевых шахтах	40-03-001-09	10 т	Перемещение крупногабаритного оборудования на катках, салазках и листах при помощи электролебедок, включая выгрузку, по горным выработкам без рельсовых путей с углом наклона до 13 градусов первые 100 
ГЭСНм	40	40-03-001	Перемещение в угольных и сланцевых шахтах	40-03-001-10	10 т	Добавлять на каждые следующие 10 м к норме 40-03-001-09
ГЭСНм	40	40-03-001	Перемещение в угольных и сланцевых шахтах	40-03-001-11	10 т	Перемещение крупногабаритного оборудования на катках, салазках и листах при помощи электролебедок, включая выгрузку, по горным выработкам без рельсовых путей с углом наклона более 13 градусов первые 1
ГЭСНм	40	40-03-001	Перемещение в угольных и сланцевых шахтах	40-03-001-12	10 т	Добавлять на каждые следующие 10 м к норме 40-03-001-11