base_type	col	table_code	table_name	norm_code	unit	norm_name
ГЭСН	15	15-01-001	Облицовка стен гранитными плитами	15-01-001-01	100 м2	Облицовка стен гранитными плитами полированными толщиной до 40 мм при числе плит в 1 м2: до 2
ГЭСН	15	15-01-001	Облицовка стен гранитными плитами	15-01-001-02	100 м2	Облицовка стен гранитными плитами полированными толщиной до 40 мм при числе плит в 1 м2: свыше 2 до 3
ГЭСН	15	15-01-001	Облицовка стен гранитными плитами	15-01-001-03	100 м2	Облицовка стен гранитными плитами полированными толщиной до 40 мм при числе плит в 1 м2: свыше 3 до 4
ГЭСН	15	15-01-001	Облицовка стен гранитными плитами	15-01-001-04	100 м2	Облицовка стен гранитными плитами полированными толщиной до 40 мм при числе плит в 1 м2: свыше 4 до 6
ГЭСН	15	15-01-001	Облицовка стен гранитными плитами	15-01-001-05	100 м2	Облицовка стен гранитными плитами полированными толщиной до 40 мм при числе плит в 1 м2: свыше 6
ГЭСН	15	15-01-001	Облицовка стен гранитными плитами	15-01-001-06	100 м2	Облицовка стен гранитными плитами шлифованными, термообработанными, бучардированными толщиной до 100 мм при числе плит в 1 м2: до 2
ГЭСН	15	15-01-001	Облицовка стен гранитными плитами	15-01-001-07	100 м2	Облицовка стен гранитными плитами шлифованными, термообработанными, бучардированными толщиной до 100 мм при числе плит в 1 м2: свыше 2 до 3
ГЭСН	15	15-01-001	Облицовка стен гранитными плитами	15-01-001-08	100 м2	Облицовка стен гранитными плитами шлифованными, термообработанными, бучардированными толщиной до 100 мм при числе плит в 1 м2: свыше 3 до 4
ГЭСН	15	15-01-001	Облицовка стен гранитными плитами	15-01-001-09	100 м2	Облицовка стен гранитными плитами шлифованными, термообработанными, бучардированными толщиной до 100 мм при числе плит в 1 м2: свыше 4 до 6
ГЭСН	15	15-01-001	Облицовка стен гранитными плитами	15-01-001-10	100 м2	Облицовка стен гранитными плитами шлифованными, термообработанными, бучардированными толщиной до 100 мм при числе плит в 1 м2: свыше 6
ГЭСН	15	15-01-001	Облицовка стен гранитными плитами	15-01-001-11	100 м2	Облицовка стен гранитными плитами с поверхностью "под скалу" толщиной до 150 мм при числе плит в 1 м2: до 2
ГЭСН	15	15-01-001	Облицовка стен гранитными плитами	15-01-001-12	100 м2	Облицовка стен гранитными плитами с поверхностью "под скалу" толщиной до 150 мм при числе плит в 1 м2: свыше 2 до 3
ГЭСН	15	15-01-001	Облицовка стен гранитными плитами	15-01-001-13	100 м2	Облицовка стен гранитными плитами с поверхностью "под скалу" толщиной до 150 мм при числе плит в 1 м2: свыше 3 до 4
ГЭСН	15	15-01-001	Облицовка стен гранитными плитами	15-01-001-14	100 м2	Облицовка стен гранитными плитами с поверхностью "под скалу" толщиной до 150 мм при числе плит в 1 м2: свыше 4 до 6
ГЭСН	15	15-01-001	Облицовка стен гранитными плитами	15-01-001-15	100 м2	Облицовка стен гранитными плитами с поверхностью "под скалу" толщиной до 150 мм при числе плит в 1 м2: свыше 6
ГЭСН	15	15-01-002	Облицовка стен плитами из известняка, мрамора и травертина	15-01-002-01	100 м2	Облицовка стен плитами из известняка толщиной 60 мм при числе плит в 1 м2: до 2
ГЭСН	15	15-01-002	Облицовка стен плитами из известняка, мрамора и травертина	15-01-002-02	100 м2	Облицовка стен плитами из известняка толщиной 60 мм при числе плит в 1 м2: до 3
ГЭСН	15	15-01-002	Облицовка стен плитами из известняка, мрамора и травертина	15-01-002-03	100 м2	Облицовка стен плитами из известняка толщиной 60 мм при числе плит в 1 м2: до 4
ГЭСН	15	15-01-002	Облицовка стен плитами из известняка, мрамора и травертина	15-01-002-04	100 м2	Облицовка стен плитами из известняка толщиной 60 мм при числе плит в 1 м2: до 6
ГЭСН	15	15-01-002	Облицовка стен плитами из известняка, мрамора и травертина	15-01-002-05	100 м2	Облицовка стен плитами из известняка толщиной 60 мм при числе плит в 1 м2: более 6
ГЭСН	15	15-01-002	Облицовка стен плитами из известняка, мрамора и травертина	15-01-002-06	100 м2	Облицовка стен плитами из мрамора или травертина (полированного) толщиной 25 мм при числе плит в 1 м2: до 2
ГЭСН	15	15-01-002	Облицовка стен плитами из известняка, мрамора и травертина	15-01-002-07	100 м2	Облицовка стен плитами из мрамора или травертина (полированного) толщиной 25 мм при числе плит в 1 м2: до 3
ГЭСН	15	15-01-002	Облицовка стен плитами из известняка, мрамора и травертина	15-01-002-08	100 м2	Облицовка стен плитами из мрамора или травертина (полированного) толщиной 25 мм при числе плит в 1 м2: до 4
ГЭСН	15	15-01-002	Облицовка стен плитами из известняка, мрамора и травертина	15-01-002-09	100 м2	Облицовка стен плитами из мрамора или травертина (полированного) толщиной 25 мм при числе плит в 1 м2: до 6
ГЭСН	15	15-01-002	Облицовка стен плитами из известняка, мрамора и травертина	15-01-002-10	100 м2	Облицовка стен плитами из мрамора или травертина (полированного) толщиной 25 мм при числе плит в 1 м2: более 6
ГЭСН	15	15-01-003	Облицовка колонн гранитными плитами	15-01-003-01	100 м2	Облицовка гранитными плитами полированными толщиной до 40 мм четырехгранных колонн при числе плит в 1 м2: до 3
ГЭСН	15	15-01-003	Облицовка колонн гранитными плитами	15-01-003-02	100 м2	Облицовка гранитными плитами полированными толщиной до 40 мм четырехгранных колонн при числе плит в 1 м2: свыше 3 до 4
ГЭСН	15	15-01-003	Облицовка колонн гранитными плитами	15-01-003-03	100 м2	Облицовка гранитными плитами полированными толщиной до 40 мм четырехгранных колонн при числе плит в 1 м2: свыше 4 до 6
ГЭСН	15	15-01-003	Облицовка колонн гранитными плитами	15-01-003-04	100 м2	Облицовка гранитными плитами полированными толщиной до 40 мм четырехгранных колонн при числе плит в 1 м2: свыше 6
ГЭСН	15	15-01-003	Облицовка колонн гранитными плитами	15-01-003-05	100 м2	Облицовка гранитными плитами полированными толщиной до 40 мм многогранных колонн при числе плит в 1 м2: до 3
ГЭСН	15	15-01-003	Облицовка колонн гранитными плитами	15-01-003-06	100 м2	Облицовка гранитными плитами полированными толщиной до 40 мм многогранных колонн при числе плит в 1 м2: свыше 3 до 4
ГЭСН	15	15-01-003	Облицовка колонн гранитными плитами	15-01-003-07	100 м2	Облицовка гранитными плитами полированными толщиной до 40 мм многогранных колонн при числе плит в 1 м2: свыше 4 до 6
ГЭСН	15	15-01-003	Облицовка колонн гранитными плитами	15-01-003-08	100 м2	Облицовка гранитными плитами полированными толщиной до 40 мм многогранных колонн при числе плит в 1 м2: свыше 6
ГЭСН	15	15-01-003	Облицовка колонн гранитными плитами	15-01-003-09	100 м2	Облицовка гранитными плитами шлифованными, термообработанными, бучардированными толщиной до 100 мм четырехгранных колонн при числе плит в 1 м2: до 3
ГЭСН	15	15-01-003	Облицовка колонн гранитными плитами	15-01-003-10	100 м2	Облицовка гранитными плитами шлифованными, термообработанными, бучардированными толщиной до 100 мм четырехгранных колонн при числе плит в 1 м2: свыше 3 до 4
ГЭСН	15	15-01-003	Облицовка колонн гранитными плитами	15-01-003-11	100 м2	Облицовка гранитными плитами шлифованными, термообработанными, бучардированными толщиной до 100 мм четырехгранных колонн при числе плит в 1 м2: свыше 4 до 6
ГЭСН	15	15-01-003	Облицовка колонн гранитными плитами	15-01-003-12	100 м2	Облицовка гранитными плитами шлифованными, термообработанными, бучардированными толщиной до 100 мм четырехгранных колонн при числе плит в 1 м2: свыше 6
ГЭСН	15	15-01-003	Облицовка колонн гранитными плитами	15-01-003-13	100 м2	Облицовка гранитными плитами шлифованными, термообработанными, бучардированными толщиной до 100 мм многогранных колонн при числе плит в 1 м2: до 3
ГЭСН	15	15-01-003	Облицовка колонн гранитными плитами	15-01-003-14	100 м2	Облицовка гранитными плитами шлифованными, термообработанными, бучардированными толщиной до 100 мм многогранных колонн при числе плит в 1 м2: свыше 3 до 4
ГЭСН	15	15-01-003	Облицовка колонн гранитными плитами	15-01-003-15	100 м2	Облицовка гранитными плитами шлифованными, термообработанными, бучардированными толщиной до 100 мм многогранных колонн при числе плит в 1 м2: свыше 4 до 6
ГЭСН	15	15-01-003	Облицовка колонн гранитными плитами	15-01-003-16	100 м2	Облицовка гранитными плитами шлифованными, термообработанными, бучардированными толщиной до 100 мм многогранных колонн при числе плит в 1 м2: свыше 6
ГЭСН	15	15-01-004	Облицовка колонн плитами из известняка, мрамора и травертина	15-01-004-01	100 м2	Облицовка плитами из известняка толщиной 60 мм четырехгранных колонн при числе плит в 1 м2: до 3
ГЭСН	15	15-01-004	Облицовка колонн плитами из известняка, мрамора и травертина	15-01-004-02	100 м2	Облицовка плитами из известняка толщиной 60 мм четырехгранных колонн при числе плит в 1 м2: до 4
ГЭСН	15	15-01-004	Облицовка колонн плитами из известняка, мрамора и травертина	15-01-004-03	100 м2	Облицовка плитами из известняка толщиной 60 мм четырехгранных колонн при числе плит в 1 м2: до 6
ГЭСН	15	15-01-004	Облицовка колонн плитами из известняка, мрамора и травертина	15-01-004-04	100 м2	Облицовка плитами из известняка толщиной 60 мм четырехгранных колонн при числе плит в 1 м2: более 6
ГЭСН	15	15-01-004	Облицовка колонн плитами из известняка, мрамора и травертина	15-01-004-05	100 м2	Облицовка плитами из известняка толщиной 60 мм многогранных колонн при числе плит в 1 м2: до 3
ГЭСН	15	15-01-004	Облицовка колонн плитами из известняка, мрамора и травертина	15-01-004-06	100 м2	Облицовка плитами из известняка толщиной 60 мм многогранных колонн при числе плит в 1 м2: до 4
ГЭСН	15	15-01-004	Облицовка колонн плитами из известняка, мрамора и травертина	15-01-004-07	100 м2	Облицовка плитами из известняка толщиной 60 мм многогранных колонн при числе плит в 1 м2: до 6
ГЭСН	15	15-01-004	Облицовка колонн плитами из известняка, мрамора и травертина	15-01-004-08	100 м2	Облицовка плитами из известняка толщиной 60 мм многогранных колонн при числе плит в 1 м2: более 6
ГЭСН	15	15-01-004	Облицовка колонн плитами из известняка, мрамора и травертина	15-01-004-09	100 м2	Облицовка плитами из мрамора и травертина (полированного) толщиной 25 мм четырехгранных колонн при числе плит в 1 м2: до 3
ГЭСН	15	15-01-004	Облицовка колонн плитами из известняка, мрамора и травертина	15-01-004-10	100 м2	Облицовка плитами из мрамора и травертина (полированного) толщиной 25 мм четырехгранных колонн при числе плит в 1 м2: до 4
ГЭСН	15	15-01-004	Облицовка колонн плитами из известняка, мрамора и травертина	15-01-004-11	100 м2	Облицовка плитами из мрамора и травертина (полированного) толщиной 25 мм четырехгранных колонн при числе плит в 1 м2: до 6
ГЭСН	15	15-01-004	Облицовка колонн плитами из известняка, мрамора и травертина	15-01-004-12	100 м2	Облицовка плитами из мрамора и травертина (полированного) толщиной 25 мм четырехгранных колонн при числе плит в 1 м2: более 6
ГЭСН	15	15-01-004	Облицовка колонн плитами из известняка, мрамора и травертина	15-01-004-13	100 м2	Облицовка плитами из мрамора и травертина (полированного) толщиной 25 мм многогранных колонн при числе плит в 1 м2: до 3
ГЭСН	15	15-01-004	Облицовка колонн плитами из известняка, мрамора и травертина	15-01-004-14	100 м2	Облицовка плитами из мрамора и травертина (полированного) толщиной 25 мм многогранных колонн при числе плит в 1 м2: до 4
ГЭСН	15	15-01-004	Облицовка колонн плитами из известняка, мрамора и травертина	15-01-004-15	100 м2	Облицовка плитами из мрамора и травертина (полированного) толщиной 25 мм многогранных колонн при числе плит в 1 м2: до 6
ГЭСН	15	15-01-004	Облицовка колонн плитами из известняка, мрамора и травертина	15-01-004-16	100 м2	Облицовка плитами из мрамора и травертина (полированного) толщиной 25 мм многогранных колонн при числе плит в 1 м2: более 6
ГЭСН	15	15-01-005	На каждые 10 мм изменения толщины плит при облицовке стен и колонн	15-01-005-01	100 м2	На каждые 10 мм изменения толщины плит добавлять или исключать к нормам 15-01-001, 15-01-002, 15-01-003, 15-01-004 при облицовке стен и колонн: гранитом полированным
ГЭСН	15	15-01-005	На каждые 10 мм изменения толщины плит при облицовке стен и колонн	15-01-005-02	100 м2	На каждые 10 мм изменения толщины плит добавлять или исключать к нормам 15-01-001, 15-01-002, 15-01-003, 15-01-004 при облицовке стен и колонн: гранитом чистотесанным и под "скалу"
ГЭСН	15	15-01-005	На каждые 10 мм изменения толщины плит при облицовке стен и колонн	15-01-005-03	100 м2	На каждые 10 мм изменения толщины плит добавлять или исключать к нормам 15-01-001, 15-01-002, 15-01-003, 15-01-004 при облицовке стен и колонн: известняком
ГЭСН	15	15-01-006	При облицовке поверхностей природным камнем с прокладкой в горизонтальных швах свинца	15-01-006-01	100 м2	При облицовке поверхностей природным камнем с прокладкой в горизонтальных швах свинца добавлять
ГЭСН	15	15-01-007	Облицовка поверхностей линейными полированными фасонными камнями	15-01-007-01	100 м2	Облицовка поверхностей линейными полированными фасонными камнями гранитными при ширине большей стороны камня: до 150 мм
ГЭСН	15	15-01-007	Облицовка поверхностей линейными полированными фасонными камнями	15-01-007-02	100 м2	Облицовка поверхностей линейными полированными фасонными камнями гранитными при ширине большей стороны камня: свыше 150 до 250 мм
ГЭСН	15	15-01-007	Облицовка поверхностей линейными полированными фасонными камнями	15-01-007-03	100 м2	Облицовка поверхностей линейными полированными фасонными камнями гранитными при ширине большей стороны камня: свыше 250 до 450 мм
ГЭСН	15	15-01-007	Облицовка поверхностей линейными полированными фасонными камнями	15-01-007-04	100 м2	Облицовка поверхностей линейными полированными фасонными камнями мраморными при ширине большей стороны камня: до 150 мм
ГЭСН	15	15-01-007	Облицовка поверхностей линейными полированными фасонными камнями	15-01-007-05	100 м2	Облицовка поверхностей линейными полированными фасонными камнями мраморными при ширине большей стороны камня: свыше 150 до 250 мм
ГЭСН	15	15-01-007	Облицовка поверхностей линейными полированными фасонными камнями	15-01-007-06	100 м2	Облицовка поверхностей линейными полированными фасонными камнями мраморными при ширине большей стороны камня: свыше 250 до 450 мм
ГЭСН	15	15-01-008	Облицовка поверхностей линейными чистотесанными фасонными камнями	15-01-008-01	100 м2	Облицовка поверхностей линейными чистотесанными фасонными камнями гранитными при ширине большей стороны камня: до 150 мм
ГЭСН	15	15-01-008	Облицовка поверхностей линейными чистотесанными фасонными камнями	15-01-008-02	100 м2	Облицовка поверхностей линейными чистотесанными фасонными камнями гранитными при ширине большей стороны камня: свыше 150 до 250 мм
ГЭСН	15	15-01-008	Облицовка поверхностей линейными чистотесанными фасонными камнями	15-01-008-03	100 м2	Облицовка поверхностей линейными чистотесанными фасонными камнями гранитными при ширине большей стороны камня: свыше 250 до 450 мм
ГЭСН	15	15-01-008	Облицовка поверхностей линейными чистотесанными фасонными камнями	15-01-008-04	100 м2	Облицовка поверхностей линейными чистотесанными фасонными камнями известняковыми при ширине большей стороны камня: до 150 мм
ГЭСН	15	15-01-008	Облицовка поверхностей линейными чистотесанными фасонными камнями	15-01-008-05	100 м2	Облицовка поверхностей линейными чистотесанными фасонными камнями известняковыми при ширине большей стороны камня: свыше 150 до 250 мм
ГЭСН	15	15-01-008	Облицовка поверхностей линейными чистотесанными фасонными камнями	15-01-008-06	100 м2	Облицовка поверхностей линейными чистотесанными фасонными камнями известняковыми при ширине большей стороны камня: свыше 250 до 450 мм
ГЭСН	15	15-01-009	Облицовка поверхностей полированными плитами толщиной 10 мм	15-01-009-01	100 м2	Облицовка поверхностей полированными плитами толщиной 10 мм из мрамора и травертина при числе плит в 1 м2: до 6
ГЭСН	15	15-01-009	Облицовка поверхностей полированными плитами толщиной 10 мм	15-01-009-02	100 м2	Облицовка поверхностей полированными плитами толщиной 10 мм из мрамора и травертина при числе плит в 1 м2: свыше 6 до 8
ГЭСН	15	15-01-009	Облицовка поверхностей полированными плитами толщиной 10 мм	15-01-009-03	100 м2	Облицовка поверхностей полированными плитами толщиной 10 мм из мрамора и травертина при числе плит в 1 м2: свыше 8 до 10
ГЭСН	15	15-01-010	Облицовка мрамором ступеней и укладка мраморных плит	15-01-010-01	100 м2	Облицовка ступеней и подступенников мраморными полированными плитами
ГЭСН	15	15-01-010	Облицовка мрамором ступеней и укладка мраморных плит	15-01-010-02	100 м2	Укладка подоконных мраморных полированных плит
ГЭСН	15	15-01-011	Облицовка фасадов гранитными плитами со скрытым креплением без утеплителя на металлическом каркасе с его устройством	15-01-011-01	100 м2	Облицовка фасадов гранитными плитами со скрытым креплением без утеплителя на металлическом каркасе с его устройством
ГЭСН	15	15-01-011	Облицовка фасадов гранитными плитами со скрытым креплением без утеплителя на металлическом каркасе с его устройством	15-01-011-02	м	На каждый пропил торца гранитных плит под скрытое крепление в построечных условиях добавлять к норме 15-01-011-01
ГЭСН	15	15-01-011	Облицовка фасадов гранитными плитами со скрытым креплением без утеплителя на металлическом каркасе с его устройством	15-01-011-03	м	На каждую полировку видимой поверхности торца гранитных плит в построечных условиях добавлять к норме 15-01-011-01
ГЭСН	15	15-01-016	Наружная облицовка по бетонной поверхности керамическими отдельными плитками	15-01-016-01	100 м2	Наружная облицовка по бетонной поверхности керамическими отдельными плитками: на полимерцементной мастике стен и колонн
ГЭСН	15	15-01-016	Наружная облицовка по бетонной поверхности керамическими отдельными плитками	15-01-016-02	100 м2	Наружная облицовка по бетонной поверхности керамическими отдельными плитками: на цементном растворе стен
ГЭСН	15	15-01-016	Наружная облицовка по бетонной поверхности керамическими отдельными плитками	15-01-016-03	100 м2	Наружная облицовка по бетонной поверхности керамическими отдельными плитками: на цементном растворе колонн
ГЭСН	15	15-01-017	Наружная облицовка по бетонной поверхности фасадными керамическими цветными плитками (типа "кабанчик") на цементном растворе	15-01-017-01	100 м2	Наружная облицовка по бетонной поверхности фасадными керамическими цветными плитками (типа "кабанчик") на цементном растворе: стен
ГЭСН	15	15-01-017	Наружная облицовка по бетонной поверхности фасадными керамическими цветными плитками (типа "кабанчик") на цементном растворе	15-01-017-02	100 м2	Наружная облицовка по бетонной поверхности фасадными керамическими цветными плитками (типа "кабанчик") на цементном растворе: колонн
ГЭСН	15	15-01-018	Наружная облицовка по бетонной поверхности коврами из мелких керамических плиток на полимерцементной мастике	15-01-018-01	100 м2	Наружная облицовка по бетонной поверхности коврами из мелких керамических плиток на полимерцементной мастике: стен
ГЭСН	15	15-01-018	Наружная облицовка по бетонной поверхности коврами из мелких керамических плиток на полимерцементной мастике	15-01-018-02	100 м2	Наружная облицовка по бетонной поверхности коврами из мелких керамических плиток на полимерцементной мастике: колонн
ГЭСН	15	15-01-019	Гладкая облицовка стен, столбов, пилястр и откосов (без карнизных, плинтусных и угловых плиток)	15-01-019-01	100 м2	Гладкая облицовка стен, столбов, пилястр и откосов (без карнизных, плинтусных и угловых плиток) без установки плиток туалетного гарнитура на цементном растворе: по кирпичу и бетону
ГЭСН	15	15-01-019	Гладкая облицовка стен, столбов, пилястр и откосов (без карнизных, плинтусных и угловых плиток)	15-01-019-02	100 м2	Гладкая облицовка стен, столбов, пилястр и откосов (без карнизных, плинтусных и угловых плиток) без установки плиток туалетного гарнитура на цементном растворе: по дереву
ГЭСН	15	15-01-019	Гладкая облицовка стен, столбов, пилястр и откосов (без карнизных, плинтусных и угловых плиток)	15-01-019-05	100 м2	Гладкая облицовка стен, столбов, пилястр и откосов (без карнизных, плинтусных и угловых плиток) без установки плиток туалетного гарнитура на клее из сухих смесей: по кирпичу и бетону
ГЭСН	15	15-01-019	Гладкая облицовка стен, столбов, пилястр и откосов (без карнизных, плинтусных и угловых плиток)	15-01-019-06	100 м2	Гладкая облицовка стен, столбов, пилястр и откосов (без карнизных, плинтусных и угловых плиток) без установки плиток туалетного гарнитура на клее из сухих смесей: по дереву
ГЭСН	15	15-01-019	Гладкая облицовка стен, столбов, пилястр и откосов (без карнизных, плинтусных и угловых плиток)	15-01-019-09	100 м	Установка бордюрных и фризовых керамических плиток при облицовке стен по кирпичу и бетону: на растворе
ГЭСН	15	15-01-019	Гладкая облицовка стен, столбов, пилястр и откосов (без карнизных, плинтусных и угловых плиток)	15-01-019-10	100 м	Установка бордюрных и фризовых керамических плиток при облицовке стен по кирпичу и бетону: на клее из сухих смесей
ГЭСН	15	15-01-020	Облицовка поверхностей с карнизными, плинтусными и угловыми плитками	15-01-020-01	100 м2	Облицовка стен на цементном растворе с карнизными, плинтусными и угловыми плитками: в жилых зданиях по кирпичу и бетону
ГЭСН	15	15-01-020	Облицовка поверхностей с карнизными, плинтусными и угловыми плитками	15-01-020-02	100 м2	Облицовка стен на цементном растворе с карнизными, плинтусными и угловыми плитками: в жилых зданиях по дереву
ГЭСН	15	15-01-020	Облицовка поверхностей с карнизными, плинтусными и угловыми плитками	15-01-020-03	100 м2	Облицовка стен на цементном растворе с карнизными, плинтусными и угловыми плитками: в общественных зданиях по кирпичу и бетону
ГЭСН	15	15-01-020	Облицовка поверхностей с карнизными, плинтусными и угловыми плитками	15-01-020-04	100 м2	Облицовка стен на цементном растворе с карнизными, плинтусными и угловыми плитками: в общественных зданиях по дереву
ГЭСН	15	15-01-020	Облицовка поверхностей с карнизными, плинтусными и угловыми плитками	15-01-020-05	100 м2	Облицовка стен на цементном растворе с карнизными, плинтусными и угловыми плитками: в промышленных зданиях по кирпичу и бетону
ГЭСН	15	15-01-020	Облицовка поверхностей с карнизными, плинтусными и угловыми плитками	15-01-020-06	100 м2	Облицовка стен на цементном растворе с карнизными, плинтусными и угловыми плитками: в промышленных зданиях по дереву
ГЭСН	15	15-01-020	Облицовка поверхностей с карнизными, плинтусными и угловыми плитками	15-01-020-07	100 м2	Облицовка столбов пилястр и откосов на цементном растворе с карнизными, плинтусными и угловыми плитками: по кирпичу и бетону
ГЭСН	15	15-01-020	Облицовка поверхностей с карнизными, плинтусными и угловыми плитками	15-01-020-08	100 м2	Облицовка столбов пилястр и откосов на цементном растворе с карнизными, плинтусными и угловыми плитками: по дереву
ГЭСН	15	15-01-020	Облицовка поверхностей с карнизными, плинтусными и угловыми плитками	15-01-020-09	100 м2	Облицовка стен на клее из сухих смесей с карнизными, плинтусными и угловыми плитками: в жилых зданиях по кирпичу и бетону
ГЭСН	15	15-01-020	Облицовка поверхностей с карнизными, плинтусными и угловыми плитками	15-01-020-10	100 м2	Облицовка стен на клее из сухих смесей с карнизными, плинтусными и угловыми плитками: в жилых зданиях по дереву
ГЭСН	15	15-01-020	Облицовка поверхностей с карнизными, плинтусными и угловыми плитками	15-01-020-11	100 м2	Облицовка стен на клее из сухих смесей с карнизными, плинтусными и угловыми плитками: в общественных зданиях по кирпичу и бетону
ГЭСН	15	15-01-020	Облицовка поверхностей с карнизными, плинтусными и угловыми плитками	15-01-020-12	100 м2	Облицовка стен на клее из сухих смесей с карнизными, плинтусными и угловыми плитками: в общественных зданиях по дереву
ГЭСН	15	15-01-020	Облицовка поверхностей с карнизными, плинтусными и угловыми плитками	15-01-020-13	100 м2	Облицовка стен на клее из сухих смесей с карнизными, плинтусными и угловыми плитками: в промышленных зданиях по кирпичу и бетону
ГЭСН	15	15-01-020	Облицовка поверхностей с карнизными, плинтусными и угловыми плитками	15-01-020-14	100 м2	Облицовка стен на клее из сухих смесей с карнизными, плинтусными и угловыми плитками: в промышленных зданиях по дереву
ГЭСН	15	15-01-020	Облицовка поверхностей с карнизными, плинтусными и угловыми плитками	15-01-020-15	100 м2	Облицовка столбов, пилястр и откосов на клее из сухих смесей с карнизными, плинтусными и угловыми плитками: по кирпичу и бетону
ГЭСН	15	15-01-020	Облицовка поверхностей с карнизными, плинтусными и угловыми плитками	15-01-020-16	100 м2	Облицовка столбов, пилястр и откосов на клее из сухих смесей с карнизными, плинтусными и угловыми плитками: по дереву
ГЭСН	15	15-01-021	Устройство основания под облицовку искусственным мрамором	15-01-021-01	100 м2	Устройство основания под облицовку искусственным мрамором: стен по камню
ГЭСН	15	15-01-021	Устройство основания под облицовку искусственным мрамором	15-01-021-02	100 м2	Устройство основания под облицовку искусственным мрамором: стен по дереву
ГЭСН	15	15-01-021	Устройство основания под облицовку искусственным мрамором	15-01-021-03	100 м2	Устройство основания под облицовку искусственным мрамором: прямоугольных и цилиндрических колонн, столбов, пилонов, пилястр и куполов по камню и бетону
ГЭСН	15	15-01-021	Устройство основания под облицовку искусственным мрамором	15-01-021-04	100 м2	Устройство основания под облицовку искусственным мрамором: прямоугольных и цилиндрических колонн, столбов, пилонов, пилястр и куполов по дереву
ГЭСН	15	15-01-021	Устройство основания под облицовку искусственным мрамором	15-01-021-05	100 м2	Устройство основания под облицовку искусственным мрамором: откосов
ГЭСН	15	15-01-022	Облицовка оселковым мрамором стен, столбов, колонн и пилястр	15-01-022-01	100 м2	Облицовка оселковым мрамором: стен гладких
ГЭСН	15	15-01-022	Облицовка оселковым мрамором стен, столбов, колонн и пилястр	15-01-022-02	100 м2	Облицовка оселковым мрамором: столбов, колонн и пилястр высотой до 4 м гладких
ГЭСН	15	15-01-022	Облицовка оселковым мрамором стен, столбов, колонн и пилястр	15-01-022-03	100 м2	Облицовка оселковым мрамором: столбов, колонн и пилястр высотой до 4 м с каннелюрами
ГЭСН	15	15-01-022	Облицовка оселковым мрамором стен, столбов, колонн и пилястр	15-01-022-04	100 м2	Облицовка оселковым мрамором: столбов, колонн и пилястр высотой более 4 м гладких
ГЭСН	15	15-01-022	Облицовка оселковым мрамором стен, столбов, колонн и пилястр	15-01-022-05	100 м2	Облицовка оселковым мрамором: столбов, колонн и пилястр высотой более 4 м с каннелюрами
ГЭСН	15	15-01-023	Облицовка оселковым мрамором откосов, тяг, поясков, плинтусов и капителей	15-01-023-01	100 м2	Облицовка оселковым мрамором: откосов
ГЭСН	15	15-01-023	Облицовка оселковым мрамором откосов, тяг, поясков, плинтусов и капителей	15-01-023-02	100 м2	Облицовка оселковым мрамором: тяг, поясков и плинтусов простых
ГЭСН	15	15-01-023	Облицовка оселковым мрамором откосов, тяг, поясков, плинтусов и капителей	15-01-023-03	100 м2	Облицовка оселковым мрамором: тяг, поясков и плинтусов сложных
ГЭСН	15	15-01-023	Облицовка оселковым мрамором откосов, тяг, поясков, плинтусов и капителей	15-01-023-04	100 м2	Облицовка оселковым мрамором: капителей простых
ГЭСН	15	15-01-023	Облицовка оселковым мрамором откосов, тяг, поясков, плинтусов и капителей	15-01-023-05	100 м2	Облицовка оселковым мрамором: капителей сложных
ГЭСН	15	15-01-024	Облицовка утюжным мрамором стен, столбов, колонн и пилястр	15-01-024-01	100 м2	Облицовка утюжным мрамором: стен гладких
ГЭСН	15	15-01-024	Облицовка утюжным мрамором стен, столбов, колонн и пилястр	15-01-024-02	100 м2	Облицовка утюжным мрамором: столбов, колонн и пилястр высотой до 4 м гладких
ГЭСН	15	15-01-024	Облицовка утюжным мрамором стен, столбов, колонн и пилястр	15-01-024-03	100 м2	Облицовка утюжным мрамором: столбов, колонн и пилястр высотой до 4 м с каннелюрами
ГЭСН	15	15-01-024	Облицовка утюжным мрамором стен, столбов, колонн и пилястр	15-01-024-04	100 м2	Облицовка утюжным мрамором: столбов, колонн и пилястр высотой более 4 м гладких
ГЭСН	15	15-01-024	Облицовка утюжным мрамором стен, столбов, колонн и пилястр	15-01-024-05	100 м2	Облицовка утюжным мрамором: столбов, колонн и пилястр высотой более 4 м с каннелюрами
ГЭСН	15	15-01-025	Облицовка утюжным мрамором откосов, тяг, поясков, плинтусов и капителей	15-01-025-01	100 м2	Облицовка утюжным мрамором: откосов
ГЭСН	15	15-01-025	Облицовка утюжным мрамором откосов, тяг, поясков, плинтусов и капителей	15-01-025-02	100 м2	Облицовка утюжным мрамором: тяг, поясков и плинтусов простых
ГЭСН	15	15-01-025	Облицовка утюжным мрамором откосов, тяг, поясков, плинтусов и капителей	15-01-025-03	100 м2	Облицовка утюжным мрамором: тяг, поясков и плинтусов сложных
ГЭСН	15	15-01-025	Облицовка утюжным мрамором откосов, тяг, поясков, плинтусов и капителей	15-01-025-04	100 м2	Облицовка утюжным мрамором: капителей простых
ГЭСН	15	15-01-025	Облицовка утюжным мрамором откосов, тяг, поясков, плинтусов и капителей	15-01-025-05	100 м2	Облицовка утюжным мрамором: капителей сложных
ГЭСН	15	15-01-026	Облицовка стен крупноразмерными керамогранитными плитами	15-01-026-01	100 м2	Облицовка наружных стен крупноразмерными многоцветными керамогранитными плитами на цементном растворе с затиркой швов: цементным раствором
ГЭСН	15	15-01-026	Облицовка стен крупноразмерными керамогранитными плитами	15-01-026-02	100 м2	Облицовка наружных стен крупноразмерными многоцветными керамогранитными плитами на цементном растворе с затиркой швов: фуговочной смесью
ГЭСН	15	15-01-026	Облицовка стен крупноразмерными керамогранитными плитами	15-01-026-03	100 м2	Облицовка внутренних стен крупноразмерными многоцветными керамогранитными плитами на цементном растворе с затиркой швов: цементным раствором
ГЭСН	15	15-01-026	Облицовка стен крупноразмерными керамогранитными плитами	15-01-026-04	100 м2	Облицовка внутренних стен крупноразмерными многоцветными керамогранитными плитами на цементном растворе с затиркой швов: фуговочной смесью
ГЭСН	15	15-01-027	Затирка швов между плитками ранее облицованных поверхностей	15-01-027-01	1000 м	Затирка швов между плитками ранее облицованных поверхностей с применением сухой смеси
ГЭСН	15	15-01-027	Затирка швов между плитками ранее облицованных поверхностей	15-01-027-02	1000 м	На каждый 1 мм изменения ширины швов между плитками добавлять или исключать к норме 15-01-027-01
ГЭСН	15	15-01-028	Облицовка поверхностей бетонными камнями	15-01-028-01	100 м2	Облицовка наружных стен бетонными камнями при числе камней в 1 м2 до 9 шт
ГЭСН	15	15-01-028	Облицовка поверхностей бетонными камнями	15-01-028-02	100 м2	Облицовка поверхностей архитектурных форм бетонными накрывными камнями при числе камней в 1 м2 до 13 шт
ГЭСН	15	15-01-029	Облицовка стен и колонн коврами из мелких мозаичных плиток	15-01-029-01	100 м2	Облицовка стен коврами из мелких мозаичных плиток на клеевом растворе из сухих смесей с затиркой швов
ГЭСН	15	15-01-029	Облицовка стен и колонн коврами из мелких мозаичных плиток	15-01-029-02	100 м2	Облицовка колонн коврами из мелких мозаичных плиток на клеевом растворе из сухих смесей с затиркой швов
ГЭСН	15	15-01-031	Облицовка стен полированными плитами	15-01-031-01	100 м2	Облицовка стен полированными мраморными плитами толщиной до 30 мм, число плит в 1 м2: до 2
ГЭСН	15	15-01-031	Облицовка стен полированными плитами	15-01-031-02	100 м2	Облицовка стен полированными мраморными плитами толщиной до 30 мм, число плит в 1 м2: до 3
ГЭСН	15	15-01-031	Облицовка стен полированными плитами	15-01-031-03	100 м2	Облицовка стен полированными мраморными плитами толщиной до 30 мм, число плит в 1 м2: до 4
ГЭСН	15	15-01-031	Облицовка стен полированными плитами	15-01-031-04	100 м2	Облицовка стен полированными мраморными плитами толщиной до 30 мм, число плит в 1 м2: до 6
ГЭСН	15	15-01-031	Облицовка стен полированными плитами	15-01-031-05	100 м2	Облицовка стен полированными мраморными плитами толщиной до 30 мм, число плит в 1 м2: до 9
ГЭСН	15	15-01-031	Облицовка стен полированными плитами	15-01-031-06	100 м2	Облицовка стен полированными мраморными плитами толщиной до 30 мм, число плит в 1 м2: до 12
ГЭСН	15	15-01-031	Облицовка стен полированными плитами	15-01-031-07	100 м2	Облицовка стен полированными мраморными плитами толщиной до 30 мм, число плит в 1 м2: до 15
ГЭСН	15	15-01-031	Облицовка стен полированными плитами	15-01-031-08	100 м2	Облицовка стен полированными мраморными плитами толщиной до 30 мм, число плит в 1 м2: более 15
ГЭСН	15	15-01-031	Облицовка стен полированными плитами	15-01-031-09	100 м2	Облицовка стен полированными гранитными плитами толщиной до 40 мм, число плит в 1 м2: до 2
ГЭСН	15	15-01-031	Облицовка стен полированными плитами	15-01-031-10	100 м2	Облицовка стен полированными гранитными плитами толщиной до 40 мм, число плит в 1 м2: до 3
ГЭСН	15	15-01-031	Облицовка стен полированными плитами	15-01-031-11	100 м2	Облицовка стен полированными гранитными плитами толщиной до 40 мм, число плит в 1 м2: до 4
ГЭСН	15	15-01-031	Облицовка стен полированными плитами	15-01-031-12	100 м2	Облицовка стен полированными гранитными плитами толщиной до 40 мм, число плит в 1 м2: до 6
ГЭСН	15	15-01-031	Облицовка стен полированными плитами	15-01-031-13	100 м2	Облицовка стен полированными гранитными плитами толщиной до 40 мм, число плит в 1 м2: до 8
ГЭСН	15	15-01-031	Облицовка стен полированными плитами	15-01-031-14	100 м2	Облицовка стен полированными гранитными плитами толщиной до 40 мм, число плит в 1 м2: до 10
ГЭСН	15	15-01-031	Облицовка стен полированными плитами	15-01-031-15	100 м2	Облицовка стен полированными гранитными плитами толщиной до 40 мм, число плит в 1 м2: до 12
ГЭСН	15	15-01-031	Облицовка стен полированными плитами	15-01-031-16	100 м2	Облицовка стен полированными гранитными плитами толщиной до 40 мм, число плит в 1 м2: более 12
ГЭСН	15	15-01-032	Облицовка колонн полированными плитами	15-01-032-01	100 м2	Облицовка колонн четырехгранных полированными гранитными плитами толщиной до 30 мм, число плит в 1 м2: до 3
ГЭСН	15	15-01-032	Облицовка колонн полированными плитами	15-01-032-02	100 м2	Облицовка колонн четырехгранных полированными гранитными плитами толщиной до 30 мм, число плит в 1 м2: до 4
ГЭСН	15	15-01-032	Облицовка колонн полированными плитами	15-01-032-03	100 м2	Облицовка колонн четырехгранных полированными гранитными плитами толщиной до 30 мм, число плит в 1 м2: до 6
ГЭСН	15	15-01-032	Облицовка колонн полированными плитами	15-01-032-04	100 м2	Облицовка колонн четырехгранных полированными гранитными плитами толщиной до 30 мм, число плит в 1 м2: до 9
ГЭСН	15	15-01-032	Облицовка колонн полированными плитами	15-01-032-05	100 м2	Облицовка колонн четырехгранных полированными гранитными плитами толщиной до 30 мм, число плит в 1 м2: до 12
ГЭСН	15	15-01-032	Облицовка колонн полированными плитами	15-01-032-06	100 м2	Облицовка колонн четырехгранных полированными гранитными плитами толщиной до 30 мм, число плит в 1 м2: до 15
ГЭСН	15	15-01-032	Облицовка колонн полированными плитами	15-01-032-07	100 м2	Облицовка колонн четырехгранных полированными гранитными плитами толщиной до 30 мм, число плит в 1 м2: более 15
ГЭСН	15	15-01-032	Облицовка колонн полированными плитами	15-01-032-08	100 м2	Облицовка колонн многогранных полированными гранитными плитами толщиной 30 мм, число плит в 1 м2: до 3
ГЭСН	15	15-01-032	Облицовка колонн полированными плитами	15-01-032-09	100 м2	Облицовка колонн многогранных полированными гранитными плитами толщиной 30 мм, число плит в 1 м2: до 4
ГЭСН	15	15-01-032	Облицовка колонн полированными плитами	15-01-032-10	100 м2	Облицовка колонн многогранных полированными гранитными плитами толщиной 30 мм, число плит в 1 м2: до 6
ГЭСН	15	15-01-032	Облицовка колонн полированными плитами	15-01-032-11	100 м2	Облицовка колонн многогранных полированными гранитными плитами толщиной 30 мм, число плит в 1 м2: до 9
ГЭСН	15	15-01-032	Облицовка колонн полированными плитами	15-01-032-12	100 м2	Облицовка колонн многогранных полированными гранитными плитами толщиной 30 мм, число плит в 1 м2: до 12
ГЭСН	15	15-01-032	Облицовка колонн полированными плитами	15-01-032-13	100 м2	Облицовка колонн многогранных полированными гранитными плитами толщиной 30 мм, число плит в 1 м2: до 15
ГЭСН	15	15-01-032	Облицовка колонн полированными плитами	15-01-032-14	100 м2	Облицовка колонн многогранных полированными гранитными плитами толщиной 30 мм, число плит в 1 м2: более 15
ГЭСН	15	15-01-032	Облицовка колонн полированными плитами	15-01-032-15	100 м2	Облицовка колонн четырехгранных полированными мраморными плитами толщиной до 20 мм, число плит в 1 м2: до 3
ГЭСН	15	15-01-032	Облицовка колонн полированными плитами	15-01-032-16	100 м2	Облицовка колонн четырехгранных полированными мраморными плитами толщиной до 20 мм, число плит в 1 м2: до 4
ГЭСН	15	15-01-032	Облицовка колонн полированными плитами	15-01-032-17	100 м2	Облицовка колонн четырехгранных полированными мраморными плитами толщиной до 20 мм, число плит в 1 м2: до 6
ГЭСН	15	15-01-032	Облицовка колонн полированными плитами	15-01-032-18	100 м2	Облицовка колонн четырехгранных полированными мраморными плитами толщиной до 20 мм, число плит в 1 м2: до 9
ГЭСН	15	15-01-032	Облицовка колонн полированными плитами	15-01-032-19	100 м2	Облицовка колонн четырехгранных полированными мраморными плитами толщиной до 20 мм, число плит в 1 м2: до 12
ГЭСН	15	15-01-032	Облицовка колонн полированными плитами	15-01-032-20	100 м2	Облицовка колонн четырехгранных полированными мраморными плитами толщиной до 20 мм, число плит в 1 м2: до 15
ГЭСН	15	15-01-032	Облицовка колонн полированными плитами	15-01-032-21	100 м2	Облицовка колонн четырехгранных полированными мраморными плитами толщиной до 20 мм, число плит в 1 м2: более 15
ГЭСН	15	15-01-032	Облицовка колонн полированными плитами	15-01-032-22	100 м2	Облицовка колонн многогранных полированными мраморными плитами толщиной до 20 мм, число плит в 1 м2: до 4
ГЭСН	15	15-01-032	Облицовка колонн полированными плитами	15-01-032-23	100 м2	Облицовка колонн многогранных полированными мраморными плитами толщиной до 20 мм, число плит в 1 м2: до 6
ГЭСН	15	15-01-032	Облицовка колонн полированными плитами	15-01-032-24	100 м2	Облицовка колонн многогранных полированными мраморными плитами толщиной до 20 мм, число плит в 1 м2: до 9
ГЭСН	15	15-01-032	Облицовка колонн полированными плитами	15-01-032-25	100 м2	Облицовка колонн многогранных полированными мраморными плитами толщиной до 20 мм, число плит в 1 м2: до 12
ГЭСН	15	15-01-032	Облицовка колонн полированными плитами	15-01-032-26	100 м2	Облицовка колонн многогранных полированными мраморными плитами толщиной до 20 мм, число плит в 1 м2: до 15
ГЭСН	15	15-01-032	Облицовка колонн полированными плитами	15-01-032-27	100 м2	Облицовка колонн многогранных полированными мраморными плитами толщиной до 20 мм, число плит в 1 м2: более 15
ГЭСН	15	15-01-033	Облицовка стен, пилястр, откосов, проемов плитами толщиной до 40 мм из туфа, известняка и ракушечника	15-01-033-01	100 м2	Облицовка стен плитами толщиной до 40 мм из туфа, известняка и ракушечника, число плит в 1 м2: до 4
ГЭСН	15	15-01-033	Облицовка стен, пилястр, откосов, проемов плитами толщиной до 40 мм из туфа, известняка и ракушечника	15-01-033-02	100 м2	Облицовка стен плитами толщиной до 40 мм из туфа, известняка и ракушечника, число плит в 1 м2: до 6
ГЭСН	15	15-01-033	Облицовка стен, пилястр, откосов, проемов плитами толщиной до 40 мм из туфа, известняка и ракушечника	15-01-033-03	100 м2	Облицовка стен плитами толщиной до 40 мм из туфа, известняка и ракушечника, число плит в 1 м2: до 9
ГЭСН	15	15-01-033	Облицовка стен, пилястр, откосов, проемов плитами толщиной до 40 мм из туфа, известняка и ракушечника	15-01-033-04	100 м2	Облицовка стен плитами толщиной до 40 мм из туфа, известняка и ракушечника, число плит в 1 м2: до 12
ГЭСН	15	15-01-033	Облицовка стен, пилястр, откосов, проемов плитами толщиной до 40 мм из туфа, известняка и ракушечника	15-01-033-05	100 м2	Облицовка стен плитами толщиной до 40 мм из туфа, известняка и ракушечника, число плит в 1 м2: более 12
ГЭСН	15	15-01-033	Облицовка стен, пилястр, откосов, проемов плитами толщиной до 40 мм из туфа, известняка и ракушечника	15-01-033-06	100 м2	Облицовка пилястр, откосов, проемов плитами толщиной до 40 мм из туфа, известняка и ракушечника, число плит в 1 м2: до 4
ГЭСН	15	15-01-033	Облицовка стен, пилястр, откосов, проемов плитами толщиной до 40 мм из туфа, известняка и ракушечника	15-01-033-07	100 м2	Облицовка пилястр, откосов, проемов плитами толщиной до 40 мм из туфа, известняка и ракушечника, число плит в 1 м2: до 6
ГЭСН	15	15-01-033	Облицовка стен, пилястр, откосов, проемов плитами толщиной до 40 мм из туфа, известняка и ракушечника	15-01-033-08	100 м2	Облицовка пилястр, откосов, проемов плитами толщиной до 40 мм из туфа, известняка и ракушечника, число плит в 1 м2: до 9
ГЭСН	15	15-01-033	Облицовка стен, пилястр, откосов, проемов плитами толщиной до 40 мм из туфа, известняка и ракушечника	15-01-033-09	100 м2	Облицовка пилястр, откосов, проемов плитами толщиной до 40 мм из туфа, известняка и ракушечника, число плит в 1 м2: до 12
ГЭСН	15	15-01-033	Облицовка стен, пилястр, откосов, проемов плитами толщиной до 40 мм из туфа, известняка и ракушечника	15-01-033-10	100 м2	Облицовка пилястр, откосов, проемов плитами толщиной до 40 мм из туфа, известняка и ракушечника, число плит в 1 м2: более 12
ГЭСН	15	15-01-034	Облицовка колонн плитами толщиной до 40 мм из туфа, известняка и ракушечника	15-01-034-01	100 м2	Облицовка колонн четырехгранных плитами толщиной до 40 мм из туфа, известняка и ракушечника, число плит в 1 м2: до 4
ГЭСН	15	15-01-034	Облицовка колонн плитами толщиной до 40 мм из туфа, известняка и ракушечника	15-01-034-02	100 м2	Облицовка колонн четырехгранных плитами толщиной до 40 мм из туфа, известняка и ракушечника, число плит в 1 м2: до 6
ГЭСН	15	15-01-034	Облицовка колонн плитами толщиной до 40 мм из туфа, известняка и ракушечника	15-01-034-03	100 м2	Облицовка колонн четырехгранных плитами толщиной до 40 мм из туфа, известняка и ракушечника, число плит в 1 м2: до 9
ГЭСН	15	15-01-034	Облицовка колонн плитами толщиной до 40 мм из туфа, известняка и ракушечника	15-01-034-04	100 м2	Облицовка колонн четырехгранных плитами толщиной до 40 мм из туфа, известняка и ракушечника, число плит в 1 м2: до 12
ГЭСН	15	15-01-034	Облицовка колонн плитами толщиной до 40 мм из туфа, известняка и ракушечника	15-01-034-05	100 м2	Облицовка колонн четырехгранных плитами толщиной до 40 мм из туфа, известняка и ракушечника, число плит в 1 м2: более 12
ГЭСН	15	15-01-034	Облицовка колонн плитами толщиной до 40 мм из туфа, известняка и ракушечника	15-01-034-06	100 м2	Облицовка колонн многогранных плитами толщиной до 40 мм из туфа, известняка и ракушечника, число плит в 1 м2: до 4
ГЭСН	15	15-01-034	Облицовка колонн плитами толщиной до 40 мм из туфа, известняка и ракушечника	15-01-034-07	100 м2	Облицовка колонн многогранных плитами толщиной до 40 мм из туфа, известняка и ракушечника, число плит в 1 м2: до 6
ГЭСН	15	15-01-034	Облицовка колонн плитами толщиной до 40 мм из туфа, известняка и ракушечника	15-01-034-08	100 м2	Облицовка колонн многогранных плитами толщиной до 40 мм из туфа, известняка и ракушечника, число плит в 1 м2: до 9
ГЭСН	15	15-01-034	Облицовка колонн плитами толщиной до 40 мм из туфа, известняка и ракушечника	15-01-034-09	100 м2	Облицовка колонн многогранных плитами толщиной до 40 мм из туфа, известняка и ракушечника, число плит в 1 м2: до 12
ГЭСН	15	15-01-034	Облицовка колонн плитами толщиной до 40 мм из туфа, известняка и ракушечника	15-01-034-10	100 м2	Облицовка колонн многогранных плитами толщиной до 40 мм из туфа, известняка и ракушечника, число плит в 1 м2: более 12
ГЭСН	15	15-01-035	Устройство полов из полированных плит различной формы	15-01-035-01	100 м2	Устройство полов из полированных плит различной формы: мраморных типа "брекчия"
ГЭСН	15	15-01-035	Устройство полов из полированных плит различной формы	15-01-035-02	100 м2	Устройство полов из полированных плит различной формы: гранитных типа "брекчия"
ГЭСН	15	15-01-035	Устройство полов из полированных плит различной формы	15-01-035-03	100 м2	Устройство полов из полированных плит различной формы: мраморно-гранитных типа "брекчия"
ГЭСН	15	15-01-035	Устройство полов из полированных плит различной формы	15-01-035-04	100 м2	Устройство полов из мраморно-гранитных полированных плит различной формы, число плит в 1 м2: до 4
ГЭСН	15	15-01-035	Устройство полов из полированных плит различной формы	15-01-035-05	100 м2	Устройство полов из мраморно-гранитных полированных плит различной формы, число плит в 1 м2: до 6
ГЭСН	15	15-01-035	Устройство полов из полированных плит различной формы	15-01-035-06	100 м2	Устройство полов из мраморно-гранитных полированных плит различной формы, число плит в 1 м2: до 10
ГЭСН	15	15-01-035	Устройство полов из полированных плит различной формы	15-01-035-07	100 м2	Устройство полов из мраморно-гранитных полированных плит различной формы, число плит в 1 м2: более 10
ГЭСН	15	15-01-036	Облицовка арок полированными плитами	15-01-036-01	100 м2	Облицовка арок мраморными полированными плитами толщиной 20 мм, число плит в 1 м2: до 10
ГЭСН	15	15-01-036	Облицовка арок полированными плитами	15-01-036-02	100 м2	Облицовка арок мраморными полированными плитами толщиной 20 мм, число плит в 1 м2: до 20
ГЭСН	15	15-01-036	Облицовка арок полированными плитами	15-01-036-03	100 м2	Облицовка арок мраморными полированными плитами толщиной 20 мм, число плит в 1 м2: до 30
ГЭСН	15	15-01-036	Облицовка арок полированными плитами	15-01-036-04	100 м2	Облицовка арок гранитными полированными плитами толщиной 30 мм, число плит в 1 м2: до 10
ГЭСН	15	15-01-036	Облицовка арок полированными плитами	15-01-036-05	100 м2	Облицовка арок гранитными полированными плитами толщиной 30 мм, число плит в 1 м2: до 20
ГЭСН	15	15-01-036	Облицовка арок полированными плитами	15-01-036-06	100 м2	Облицовка арок гранитными полированными плитами толщиной 30 мм, число плит в 1 м2: до 30
ГЭСН	15	15-01-037	Облицовка крышки парапета гранитными полированными плитами толщиной 40-60 мм	15-01-037-01	100 м2	Облицовка крышки парапета гранитными полированными плитами толщиной 40-60 мм, число плит в 1 м2: до 4
ГЭСН	15	15-01-037	Облицовка крышки парапета гранитными полированными плитами толщиной 40-60 мм	15-01-037-02	100 м2	Облицовка крышки парапета гранитными полированными плитами толщиной 40-60 мм, число плит в 1 м2: до 6
ГЭСН	15	15-01-037	Облицовка крышки парапета гранитными полированными плитами толщиной 40-60 мм	15-01-037-03	100 м2	Облицовка крышки парапета гранитными полированными плитами толщиной 40-60 мм, число плит в 1 м2: до 10
ГЭСН	15	15-01-038	Облицовка ступеней гранитными плитами	15-01-038-01	100 м2	Облицовка ступеней гранитными плитами
ГЭСН	15	15-01-039	Установка цельных гранитных ступеней толщиной 150 мм	15-01-039-01	100 м ступеней	Установка цельных гранитных ступеней толщиной 150 мм
ГЭСН	15	15-01-040	Устройство полов гладких или орнаментированных из полированных плит	15-01-040-01	100 м2	Устройство полов гладких или орнаментированных из мраморных полированных плит, число плит в 1 м2: до 4
ГЭСН	15	15-01-040	Устройство полов гладких или орнаментированных из полированных плит	15-01-040-02	100 м2	Устройство полов гладких или орнаментированных из мраморных полированных плит, число плит в 1 м2: до 6
ГЭСН	15	15-01-040	Устройство полов гладких или орнаментированных из полированных плит	15-01-040-03	100 м2	Устройство полов гладких или орнаментированных из мраморных полированных плит, число плит в 1 м2: до 10
ГЭСН	15	15-01-040	Устройство полов гладких или орнаментированных из полированных плит	15-01-040-04	100 м2	Устройство полов гладких или орнаментированных из мраморных полированных плит, число плит в 1 м2: более 10
ГЭСН	15	15-01-040	Устройство полов гладких или орнаментированных из полированных плит	15-01-040-05	100 м2	Устройство полов гладких или орнаментированных из гранитных полированных плит, число плит в 1 м2: до 4
ГЭСН	15	15-01-040	Устройство полов гладких или орнаментированных из полированных плит	15-01-040-06	100 м2	Устройство полов гладких или орнаментированных из гранитных полированных плит, число плит в 1 м2: до 6
ГЭСН	15	15-01-040	Устройство полов гладких или орнаментированных из полированных плит	15-01-040-07	100 м2	Устройство полов гладких или орнаментированных из гранитных полированных плит, число плит в 1 м2: до 10
ГЭСН	15	15-01-040	Устройство полов гладких или орнаментированных из полированных плит	15-01-040-08	100 м2	Устройство полов гладких или орнаментированных из гранитных полированных плит, число плит в 1 м2: более 10
ГЭСН	15	15-01-041	Облицовка пилястр, откосов полированными плитами из мрамора	15-01-041-01	100 м2	Облицовка пилястр, откосов полированными плитами из мрамора, число плит в 1 м2: до 4
ГЭСН	15	15-01-041	Облицовка пилястр, откосов полированными плитами из мрамора	15-01-041-02	100 м2	Облицовка пилястр, откосов полированными плитами из мрамора, число плит в 1 м2: до 6
ГЭСН	15	15-01-041	Облицовка пилястр, откосов полированными плитами из мрамора	15-01-041-03	100 м2	Облицовка пилястр, откосов полированными плитами из мрамора, число плит в 1 м2: до 9
ГЭСН	15	15-01-041	Облицовка пилястр, откосов полированными плитами из мрамора	15-01-041-04	100 м2	Облицовка пилястр, откосов полированными плитами из мрамора, число плит в 1 м2: до 12
ГЭСН	15	15-01-041	Облицовка пилястр, откосов полированными плитами из мрамора	15-01-041-05	100 м2	Облицовка пилястр, откосов полированными плитами из мрамора, число плит в 1 м2: до 15
ГЭСН	15	15-01-041	Облицовка пилястр, откосов полированными плитами из мрамора	15-01-041-06	100 м2	Облицовка пилястр, откосов полированными плитами из мрамора, число плит в 1 м2: до 18
ГЭСН	15	15-01-041	Облицовка пилястр, откосов полированными плитами из мрамора	15-01-041-07	100 м2	Облицовка пилястр, откосов полированными плитами из мрамора, число плит в 1 м2: до 20
ГЭСН	15	15-01-043	Облицовка лестничных площадок и маршей керамогранитными плитами	15-01-043-01	100 м2	Облицовка лестничных площадок и маршей керамогранитными плитами
ГЭСН	15	15-01-045	Облицовка ступеней керамогранитными плитками толщиной до 15 мм	15-01-045-01	100 м2	Облицовка ступеней керамогранитными плитками толщиной до 15 мм
ГЭСН	15	15-01-047	Облицовка потолков декоративными плитами с установкой каркасов	15-01-047-01	100 м2	Облицовка потолков плитами из гранулированной или стеклянной ваты по: бетонной поверхности на клее
ГЭСН	15	15-01-047	Облицовка потолков декоративными плитами с установкой каркасов	15-01-047-02	100 м2	Облицовка потолков плитами из гранулированной или стеклянной ваты по: деревянному каркасу с относом 5 см
ГЭСН	15	15-01-047	Облицовка потолков декоративными плитами с установкой каркасов	15-01-047-03	100 м2	Облицовка потолков плитами из гранулированной или стеклянной ваты по: деревянному каркасу и алюминиевым направляющим без относа
ГЭСН	15	15-01-047	Облицовка потолков декоративными плитами с установкой каркасов	15-01-047-04	100 м2	Облицовка потолков плитами с текстильной подложкой из гипсовой смеси, армированной стекловолокном, по деревянному каркасу: с относом 5 см с установкой нащельников
ГЭСН	15	15-01-047	Облицовка потолков декоративными плитами с установкой каркасов	15-01-047-05	100 м2	Облицовка потолков плитами с текстильной подложкой из гипсовой смеси, армированной стекловолокном, по деревянному каркасу: с относом 5 см с открытым рустом
ГЭСН	15	15-01-047	Облицовка потолков декоративными плитами с установкой каркасов	15-01-047-06	100 м2	Облицовка потолков плитами с текстильной подложкой из гипсовой смеси, армированной стекловолокном, по деревянному каркасу: с относом 10 см с установкой нащельников
ГЭСН	15	15-01-047	Облицовка потолков декоративными плитами с установкой каркасов	15-01-047-07	100 м2	Облицовка потолков плитами с текстильной подложкой из гипсовой смеси, армированной стекловолокном, по деревянному каркасу: с относом 10 см с открытым рустом
ГЭСН	15	15-01-047	Облицовка потолков декоративными плитами с установкой каркасов	15-01-047-08	100 м2	Облицовка потолков гипсокартонными или гипсоволокнистыми листами: по деревянному каркасу с относом 5 см с установкой нащельников
ГЭСН	15	15-01-047	Облицовка потолков декоративными плитами с установкой каркасов	15-01-047-09	100 м2	Облицовка потолков гипсокартонными или гипсоволокнистыми листами: по деревянному каркасу с относом 5 см с открытым рустом
ГЭСН	15	15-01-047	Облицовка потолков декоративными плитами с установкой каркасов	15-01-047-10	100 м2	Облицовка потолков гипсокартонными или гипсоволокнистыми листами: по деревянному каркасу с относом 10 см с установкой нащельников
ГЭСН	15	15-01-047	Облицовка потолков декоративными плитами с установкой каркасов	15-01-047-11	100 м2	Облицовка потолков гипсокартонными или гипсоволокнистыми листами: по деревянному каркасу с относом 10 см с открытым рустом
ГЭСН	15	15-01-047	Облицовка потолков декоративными плитами с установкой каркасов	15-01-047-12	100 м2	Облицовка потолков алюминиевыми плитами по деревянному каркасу при относе 6 см
ГЭСН	15	15-01-047	Облицовка потолков декоративными плитами с установкой каркасов	15-01-047-13	100 м2	Облицовка потолков гипсовыми рельефными плитами размером 400х400 мм по металлическим направляющим: с относом
ГЭСН	15	15-01-047	Облицовка потолков декоративными плитами с установкой каркасов	15-01-047-14	100 м2	Облицовка потолков гипсовыми рельефными плитами размером 400х400 мм по металлическим направляющим: без относа
ГЭСН	15	15-01-047	Облицовка потолков декоративными плитами с установкой каркасов	15-01-047-15	100 м2	Устройство потолков: плитно-ячеистых по каркасу из оцинкованного профиля
ГЭСН	15	15-01-047	Облицовка потолков декоративными плитами с установкой каркасов	15-01-047-16	100 м2	Устройство потолков: реечных алюминиевых
ГЭСН	15	15-01-047	Облицовка потолков декоративными плитами с установкой каркасов	15-01-047-17	100 м2	Устройство подвесных потолков из декоративно-акустических плит по готовому каркасу с установкой направляющих и деталей крепления
ГЭСН	15	15-01-048	Облицовка стен, колонн, пилястр и откосов доломитовыми плитами	15-01-048-01	100 м2	Облицовка стен доломитовыми плитами скобой 200 мм толщиной 25 мм: с нулевым швом
ГЭСН	15	15-01-048	Облицовка стен, колонн, пилястр и откосов доломитовыми плитами	15-01-048-02	100 м2	Облицовка стен доломитовыми плитами скобой 200 мм толщиной 25 мм: с расшивкой швов
ГЭСН	15	15-01-048	Облицовка стен, колонн, пилястр и откосов доломитовыми плитами	15-01-048-03	100 м2	Облицовка стен доломитовыми плитами скобой 200 мм (300 мм), толщиной 40 мм: с нулевым швом
ГЭСН	15	15-01-048	Облицовка стен, колонн, пилястр и откосов доломитовыми плитами	15-01-048-04	100 м2	Облицовка стен доломитовыми плитами скобой 200 мм (300 мм), толщиной 40 мм: с расшивкой швов
ГЭСН	15	15-01-048	Облицовка стен, колонн, пилястр и откосов доломитовыми плитами	15-01-048-05	100 м2	Облицовка стен доломитовыми плитами "под скалу" 150 мм (200 мм) толщиной 80-100 мм
ГЭСН	15	15-01-048	Облицовка стен, колонн, пилястр и откосов доломитовыми плитами	15-01-048-06	100 м2	Облицовка цоколей, стилобатов, крышек доломитовыми плитами скобой 300 мм толщиной 40 мм: с нулевым швом
ГЭСН	15	15-01-048	Облицовка стен, колонн, пилястр и откосов доломитовыми плитами	15-01-048-07	100 м2	Облицовка цоколей, стилобатов, крышек доломитовыми плитами скобой 300 мм толщиной 40 мм: с расшивкой швов
ГЭСН	15	15-01-048	Облицовка стен, колонн, пилястр и откосов доломитовыми плитами	15-01-048-08	100 м2	Облицовка колонн, пилястр и откосов доломитовыми плитами скобой 200 мм толщиной 25 мм, поверхность пиленая: с нулевым швом
ГЭСН	15	15-01-048	Облицовка стен, колонн, пилястр и откосов доломитовыми плитами	15-01-048-09	100 м2	Облицовка колонн, пилястр и откосов доломитовыми плитами скобой 200 мм толщиной 25 мм, поверхность пиленая: с расшивкой швов
ГЭСН	15	15-01-048	Облицовка стен, колонн, пилястр и откосов доломитовыми плитами	15-01-048-10	100 м2	Облицовка колонн, пилястр и откосов доломитовыми плитами скобой 200 мм (300 мм) толщиной 40 мм, поверхность пиленая: с нулевым швом
ГЭСН	15	15-01-048	Облицовка стен, колонн, пилястр и откосов доломитовыми плитами	15-01-048-11	100 м2	Облицовка колонн, пилястр и откосов доломитовыми плитами скобой 200 мм (300 мм) толщиной 40 мм, поверхность пиленая: с расшивкой швов
ГЭСН	15	15-01-049	Облицовка стен по готовому каркасу щитами-картинами из древесностружечных плит (ДСП)	15-01-049-01	100 м2	Облицовка стен по готовому каркасу щитами-картинами из древесностружечных плит: покрытых эмалями
ГЭСН	15	15-01-049	Облицовка стен по готовому каркасу щитами-картинами из древесностружечных плит (ДСП)	15-01-049-02	100 м2	Облицовка стен по готовому каркасу щитами-картинами из древесностружечных плит: обтянутых винилискожей
ГЭСН	15	15-01-049	Облицовка стен по готовому каркасу щитами-картинами из древесностружечных плит (ДСП)	15-01-049-03	100 м2	Облицовка стен по готовому каркасу щитами-картинами из древесностружечных плит: облицованных слоистым пластиком
ГЭСН	15	15-01-049	Облицовка стен по готовому каркасу щитами-картинами из древесностружечных плит (ДСП)	15-01-049-04	100 м2	Облицовка стен по готовому каркасу щитами-картинами из древесностружечных плит: фанерованных шпоном
ГЭСН	15	15-01-050	Облицовка стен и откосов декоративным бумажно-слоистым пластиком или листами из синтетических материалов	15-01-050-01	100 м2	Облицовка стен декоративным бумажно-слоистым пластиком или листами из синтетических материалов: по деревянной обрешетке
ГЭСН	15	15-01-050	Облицовка стен и откосов декоративным бумажно-слоистым пластиком или листами из синтетических материалов	15-01-050-02	100 м2	Облицовка стен декоративным бумажно-слоистым пластиком или листами из синтетических материалов: с печатным рисунком по деревянной обрешетке
ГЭСН	15	15-01-050	Облицовка стен и откосов декоративным бумажно-слоистым пластиком или листами из синтетических материалов	15-01-050-03	100 м2	Облицовка стен декоративным бумажно-слоистым пластиком или листами из синтетических материалов: по сплошному основанию на клее
ГЭСН	15	15-01-050	Облицовка стен и откосов декоративным бумажно-слоистым пластиком или листами из синтетических материалов	15-01-050-04	100 м2	Облицовка оконных и дверных откосов декоративным бумажно-слоистым пластиком или листами из синтетических материалов на клее
ГЭСН	15	15-01-051	Устройство натяжных потолков из поливинилхлоридной пленки (ПВХ) гарпунным способом	15-01-051-01	100 м2	Устройство натяжных потолков из поливинилхлоридной пленки (ПВХ) гарпунным способом в помещениях площадью: до 10 м2
ГЭСН	15	15-01-051	Устройство натяжных потолков из поливинилхлоридной пленки (ПВХ) гарпунным способом	15-01-051-02	100 м2	Устройство натяжных потолков из поливинилхлоридной пленки (ПВХ) гарпунным способом в помещениях площадью: от 10 до 50 м2
ГЭСН	15	15-01-051	Устройство натяжных потолков из поливинилхлоридной пленки (ПВХ) гарпунным способом	15-01-051-03	100 м2	Устройство натяжных потолков из поливинилхлоридной пленки (ПВХ) гарпунным способом в помещениях площадью: более 50 м2
ГЭСН	15	15-01-052	Устройство в натяжном потолке монтажных отверстий	15-01-052-01	100 отверстий	Устройство в натяжном потолке монтажных отверстий
ГЭСН	15	15-01-053	Устройство подвесных звукопоглощающих потолков в полускрытой подвесной системе	15-01-053-01	100 м2	Устройство подвесных звукопоглощающих потолков в полускрытой подвесной системе: без относа
ГЭСН	15	15-01-053	Устройство подвесных звукопоглощающих потолков в полускрытой подвесной системе	15-01-053-02	100 м2	Устройство подвесных звукопоглощающих потолков в полускрытой подвесной системе: с относом до 15 см
ГЭСН	15	15-01-054	Устройство монтажных отверстий в потолках реечных алюминиевых	15-01-054-01	100 отверстий	Устройство монтажных отверстий в потолках реечных алюминиевых
ГЭСН	15	15-01-055	Установка подвесного решетчатого (растрового) потолка	15-01-055-01	100 м2	Установка подвесного решетчатого (растрового) потолка
ГЭСН	15	15-01-056	Устройство каркаса	15-01-056-01	100 м2	Устройство каркасов из деревянных брусков сечением 40 х 25 мм пропитанных: составом, с его приготовлением
ГЭСН	15	15-01-056	Устройство каркаса	15-01-056-02	100 м2	Устройство каркасов из деревянных брусков сечением 40 х 25 мм пропитанных: готовым составом
ГЭСН	15	15-01-057	Облицовка стен внутренних поверхностей листовыми материалами по готовому каркасу	15-01-057-01	100 м2	Облицовка стен хризотилцементными листами по готовому деревянному каркасу с креплением шурупами через алюминиевые раскладки
ГЭСН	15	15-01-057	Облицовка стен внутренних поверхностей листовыми материалами по готовому каркасу	15-01-057-02	100 м2	Облицовка стен отделочными гипсокартонными панелями по готовому деревянному каркасу с креплением шурупами через поливинилхлоридные раскладки
ГЭСН	15	15-01-058	Облицовка потолков в чистых помещениях по готовому каркасу	15-01-058-01	100 м2	Монтаж потолочных панелей в чистых помещениях
ГЭСН	15	15-01-058	Облицовка потолков в чистых помещениях по готовому каркасу	15-01-058-02	100 м	Монтаж скругляющего потолочного профиля в чистых помещениях
ГЭСН	15	15-01-062	Наружная облицовка поверхности стен в горизонтальном исполнении по металлическому каркасу (с его устройством) металлосайдингом	15-01-062-01	100 м2	Наружная облицовка поверхности стен в горизонтальном исполнении по металлическому каркасу (с его устройством): металлосайдингом с пароизоляционным слоем
ГЭСН	15	15-01-062	Наружная облицовка поверхности стен в горизонтальном исполнении по металлическому каркасу (с его устройством) металлосайдингом	15-01-062-02	100 м2	Наружная облицовка поверхности стен в горизонтальном исполнении по металлическому каркасу (с его устройством): металлосайдингом без пароизоляционного слоя
ГЭСН	15	15-01-063	Наружная облицовка поверхности стен в вертикальном исполнении по металлическому каркасу (с его устройством) металлосайдингом	15-01-063-01	100 м2	Наружная облицовка поверхности стен в вертикальном исполнении по металлическому каркасу (с его устройством): металлосайдингом с пароизоляционным слоем
ГЭСН	15	15-01-063	Наружная облицовка поверхности стен в вертикальном исполнении по металлическому каркасу (с его устройством) металлосайдингом	15-01-063-02	100 м2	Наружная облицовка поверхности стен в вертикальном исполнении по металлическому каркасу (с его устройством): металлосайдингом без пароизоляционного слоя
ГЭСН	15	15-01-064	Облицовка стен фасадов зданий искусственными фиброцементными (и хризотилцементными) плитами гладкими или с покрытием на металлическом каркасе	15-01-064-01	100 м2	Облицовка стен фасадов зданий искусственными фиброцементными (и хризотилцементными) плитами гладкими или с покрытием на металлическом каркасе
ГЭСН	15	15-01-065	Наружная облицовка поверхности стен сайдингом металлическим с полимерным покрытием с устройством металлического каркаса и теплоизоляционного слоя	15-01-065-01	100 м2	Наружная облицовка поверхности стен сайдингом металлическим с полимерным покрытием с устройством металлического каркаса и теплоизоляционного слоя
ГЭСН	15	15-01-066	Устройство системы навесного вентилируемого фасада с облицовкой фиброцементными плитами по подоблицовочной конструкции из стали по кронштейнам	15-01-066-01	100 м2	Устройство системы навесного вентилируемого фасада с облицовкой фиброцементными плитами по подоблицовочной конструкции из стали по кронштейнам поверхность фасада цоколь: без утеплителя
ГЭСН	15	15-01-066	Устройство системы навесного вентилируемого фасада с облицовкой фиброцементными плитами по подоблицовочной конструкции из стали по кронштейнам	15-01-066-02	100 м2	Устройство системы навесного вентилируемого фасада с облицовкой фиброцементными плитами по подоблицовочной конструкции из стали по кронштейнам поверхность фасада цоколь: с утеплителем в один слой
ГЭСН	15	15-01-066	Устройство системы навесного вентилируемого фасада с облицовкой фиброцементными плитами по подоблицовочной конструкции из стали по кронштейнам	15-01-066-03	100 м2	Устройство системы навесного вентилируемого фасада с облицовкой фиброцементными плитами по подоблицовочной конструкции из стали по кронштейнам поверхность фасада выше цоколя с оконными и дверными прое
ГЭСН	15	15-01-066	Устройство системы навесного вентилируемого фасада с облицовкой фиброцементными плитами по подоблицовочной конструкции из стали по кронштейнам	15-01-066-04	100 м2	Устройство системы навесного вентилируемого фасада с облицовкой фиброцементными плитами по подоблицовочной конструкции из стали по кронштейнам поверхность фасада выше цоколя с оконными и дверными прое
ГЭСН	15	15-01-066	Устройство системы навесного вентилируемого фасада с облицовкой фиброцементными плитами по подоблицовочной конструкции из стали по кронштейнам	15-01-066-05	100 м2	Устройство системы навесного вентилируемого фасада с облицовкой фиброцементными плитами по подоблицовочной конструкции из стали по кронштейнам поверхность фасада выше цоколя с оконными и дверными прое
ГЭСН	15	15-01-066	Устройство системы навесного вентилируемого фасада с облицовкой фиброцементными плитами по подоблицовочной конструкции из стали по кронштейнам	15-01-066-06	100 м2	Устройство системы навесного вентилируемого фасада с облицовкой фиброцементными плитами по подоблицовочной конструкции из стали по кронштейнам поверхность фасада выше цоколя с оконными и дверными прое
ГЭСН	15	15-01-066	Устройство системы навесного вентилируемого фасада с облицовкой фиброцементными плитами по подоблицовочной конструкции из стали по кронштейнам	15-01-066-07	100 м2	Облицовка вертикальных откосов оконных и дверных проемов фиброцементными плитами с установкой сливов и верхнего откоса из оцинкованной стали: с лесов
ГЭСН	15	15-01-066	Устройство системы навесного вентилируемого фасада с облицовкой фиброцементными плитами по подоблицовочной конструкции из стали по кронштейнам	15-01-066-08	100 м2	Облицовка вертикальных откосов оконных и дверных проемов фиброцементными плитами с установкой сливов и верхнего откоса из оцинкованной стали: с люлек
ГЭСН	15	15-01-066	Устройство системы навесного вентилируемого фасада с облицовкой фиброцементными плитами по подоблицовочной конструкции из стали по кронштейнам	15-01-066-09	100 м2	Устройство системы навесного вентилируемого фасада с облицовкой фиброцементными плитами по подоблицовочной конструкции из стали по кронштейнам поверхность фасада выше цоколя глухая: без утеплителя с л
ГЭСН	15	15-01-066	Устройство системы навесного вентилируемого фасада с облицовкой фиброцементными плитами по подоблицовочной конструкции из стали по кронштейнам	15-01-066-10	100 м2	Устройство системы навесного вентилируемого фасада с облицовкой фиброцементными плитами по подоблицовочной конструкции из стали по кронштейнам поверхность фасада выше цоколя глухая: с утеплителем в од
ГЭСН	15	15-01-066	Устройство системы навесного вентилируемого фасада с облицовкой фиброцементными плитами по подоблицовочной конструкции из стали по кронштейнам	15-01-066-11	100 м2	Устройство системы навесного вентилируемого фасада с облицовкой фиброцементными плитами по подоблицовочной конструкции из стали по кронштейнам поверхность фасада выше цоколя глухая: без утеплителя с л
ГЭСН	15	15-01-066	Устройство системы навесного вентилируемого фасада с облицовкой фиброцементными плитами по подоблицовочной конструкции из стали по кронштейнам	15-01-066-12	100 м2	Устройство системы навесного вентилируемого фасада с облицовкой фиброцементными плитами по подоблицовочной конструкции из стали по кронштейнам поверхность фасада выше цоколя глухая: с утеплителем в од
ГЭСН	15	15-01-066	Устройство системы навесного вентилируемого фасада с облицовкой фиброцементными плитами по подоблицовочной конструкции из стали по кронштейнам	15-01-066-13	100 м2	Добавлять при увеличении количества слоев утеплителя выше цоколя фасадов глухих: с лесов
ГЭСН	15	15-01-066	Устройство системы навесного вентилируемого фасада с облицовкой фиброцементными плитами по подоблицовочной конструкции из стали по кронштейнам	15-01-066-14	100 м2	Добавлять при увеличении количества слоев утеплителя выше цоколя фасадов глухих: с люлек
ГЭСН	15	15-01-066	Устройство системы навесного вентилируемого фасада с облицовкой фиброцементными плитами по подоблицовочной конструкции из стали по кронштейнам	15-01-066-15	100 м2	Добавлять при увеличении количества слоев утеплителя выше цоколя фасадов с оконными и дверными проемами: с лесов
ГЭСН	15	15-01-066	Устройство системы навесного вентилируемого фасада с облицовкой фиброцементными плитами по подоблицовочной конструкции из стали по кронштейнам	15-01-066-16	100 м2	Добавлять при увеличении количества слоев утеплителя выше цоколя фасадов с оконными и дверными проемами: с люлек
ГЭСН	15	15-01-067	Устройство системы навесного вентилируемого фасада с облицовкой плитками из мраморной крошки	15-01-067-01	100 м2	Устройство системы навесного вентилируемого фасада с облицовкой плитками из мраморной крошки по подсистеме из оцинкованной стали
ГЭСН	15	15-01-070	Облицовка проемов в наружных стенах	15-01-070-01	м2	Облицовка: оконных проемов в наружных стенах откосной планкой из оцинкованной стали с полимерным покрытием с устройством водоотлива оконного из оцинкованной стали с полимерным покрытием
ГЭСН	15	15-01-070	Облицовка проемов в наружных стенах	15-01-070-02	м2	Облицовка: дверных проемов в наружных стенах откосной планкой из оцинкованной стали с полимерным покрытием с установкой наличников из оцинкованной стали с полимерным покрытием
ГЭСН	15	15-01-080	Устройство наружной теплоизоляции зданий с тонкой штукатуркой по утеплителю	15-01-080-01	100 м2	Устройство наружной теплоизоляции зданий с тонкой штукатуркой по утеплителю толщиной плит до: 50 мм
ГЭСН	15	15-01-080	Устройство наружной теплоизоляции зданий с тонкой штукатуркой по утеплителю	15-01-080-02	100 м2	Устройство наружной теплоизоляции зданий с тонкой штукатуркой по утеплителю толщиной плит до: 100 мм
ГЭСН	15	15-01-080	Устройство наружной теплоизоляции зданий с тонкой штукатуркой по утеплителю	15-01-080-03	100 м2	Устройство наружной теплоизоляции зданий с тонкой штукатуркой по утеплителю толщиной плит до: 120 мм
ГЭСН	15	15-01-080	Устройство наружной теплоизоляции зданий с тонкой штукатуркой по утеплителю	15-01-080-04	100 м2	Устройство наружной теплоизоляции зданий с тонкой штукатуркой по утеплителю толщиной плит до: 150 мм
ГЭСН	15	15-01-080	Устройство наружной теплоизоляции зданий с тонкой штукатуркой по утеплителю	15-01-080-05	100 м2	Устройство наружной теплоизоляции зданий с тонкой штукатуркой по утеплителю толщиной плит до: 200 мм
ГЭСН	15	15-01-081	Утепление наружных стен зданий многокомпонентной системой с применением пенополистирольных и минераловатных плит толщиной 50 мм с люльки	15-01-081-01	м2	Утепление наружных стен зданий многокомпонентной системой с применением пенополистирольных и минераловатных плит толщиной 50 мм с люльки
ГЭСН	15	15-01-090	Устройство вентилируемых фасадов	15-01-090-01	100 м2	Устройство вентилируемых фасадов с облицовкой панелями из композитных материалов: с устройством теплоизоляционного слоя
ГЭСН	15	15-01-090	Устройство вентилируемых фасадов	15-01-090-02	100 м2	Устройство вентилируемых фасадов с облицовкой панелями из композитных материалов: без теплоизоляционного слоя
ГЭСН	15	15-01-090	Устройство вентилируемых фасадов	15-01-090-03	100 м2	Устройство вентилируемых фасадов с облицовкой плитами из керамогранита: с устройством теплоизоляционного слоя
ГЭСН	15	15-01-090	Устройство вентилируемых фасадов	15-01-090-04	100 м2	Устройство вентилируемых фасадов с облицовкой плитами из керамогранита: без теплоизоляционного слоя
ГЭСН	15	15-01-091	Крепление связями гибкими базальтопластиковыми многослойных ограждающих конструкций	15-01-091-01	100 шт	Крепление связями гибкими базальтопластиковыми многослойных ограждающих конструкций с несущим слоем из: монолитного железобетона
ГЭСН	15	15-01-091	Крепление связями гибкими базальтопластиковыми многослойных ограждающих конструкций	15-01-091-02	100 шт	Крепление связями гибкими базальтопластиковыми многослойных ограждающих конструкций с несущим слоем из: кирпича, керамических камней, керамзитобетонных блоков
ГЭСН	15	15-01-091	Крепление связями гибкими базальтопластиковыми многослойных ограждающих конструкций	15-01-091-03	100 шт	Крепление связями гибкими базальтопластиковыми многослойных ограждающих конструкций с несущим слоем из: легкобетонных камней
ГЭСН	15	15-01-092	Монтаж навесных вентилируемых фасадных модулей заводской готовности	15-01-092-01	шт	Монтаж навесных вентилируемых фасадных модулей заводской готовности к межэтажным перекрытиям: высота модуля до 2 м
ГЭСН	15	15-01-092	Монтаж навесных вентилируемых фасадных модулей заводской готовности	15-01-092-02	шт	Монтаж навесных вентилируемых фасадных модулей заводской готовности к межэтажным перекрытиям: высота модуля от 2 м до 5 м
ГЭСН	15	15-01-092	Монтаж навесных вентилируемых фасадных модулей заводской готовности	15-01-092-03	100 шт	Установка кронштейнов для крепления фасадных навесных модулей: к межэтажным перекрытиям
ГЭСН	15	15-01-092	Монтаж навесных вентилируемых фасадных модулей заводской готовности	15-01-092-04	100 шт	Установка кронштейнов для крепления фасадных навесных модулей: к торцевой поверхности перекрытий с люлек
ГЭСН	15	15-01-093	Установка вентилируемых фасадов с люлек	15-01-093-01	100 м	Установка профилей из оцинкованной стали для вентилируемых фасадов на железобетонное основание направляющих, с люлек: рядовых
ГЭСН	15	15-01-093	Установка вентилируемых фасадов с люлек	15-01-093-02	100 м	Установка профилей из оцинкованной стали для вентилируемых фасадов на железобетонное основание направляющих, с люлек: угловых
ГЭСН	15	15-01-093	Установка вентилируемых фасадов с люлек	15-01-093-03	100 м2	Облицовка фасада по навесной системе из оцинкованной стали плитами типа керамогранит, с люлек
ГЭСН	15	15-01-094	Устройство вентилируемого фасада с облицовкой изделиями бетонными декоративно-облицовочными по вертикально-горизонтальной навесной системе с лесов	15-01-094-01	100 м2	Устройство вентилируемых фасадов с вертикально-горизонтальным каркасом, с лесов: установка направляющих профилей плоских поверхностей фасада
ГЭСН	15	15-01-094	Устройство вентилируемого фасада с облицовкой изделиями бетонными декоративно-облицовочными по вертикально-горизонтальной навесной системе с лесов	15-01-094-02	100 м2	Устройство вентилируемых фасадов с вертикально-горизонтальным каркасом, с лесов: установка направляющих профилей с изготовлением горизонтальных направляющих сложной конфигурации
ГЭСН	15	15-01-094	Устройство вентилируемого фасада с облицовкой изделиями бетонными декоративно-облицовочными по вертикально-горизонтальной навесной системе с лесов	15-01-094-03	100 м2	Устройство вентилируемых фасадов с вертикально-горизонтальным каркасом, с лесов: установка направляющих профилей по нерегулируемым кронштейнам
ГЭСН	15	15-01-094	Устройство вентилируемого фасада с облицовкой изделиями бетонными декоративно-облицовочными по вертикально-горизонтальной навесной системе с лесов	15-01-094-04	100 м2	Установка отсечек из оцинкованной стали наружных и внутренних углов для вентилируемых фасадов, с лесов
ГЭСН	15	15-01-094	Устройство вентилируемого фасада с облицовкой изделиями бетонными декоративно-облицовочными по вертикально-горизонтальной навесной системе с лесов	15-01-094-05	100 м2	Устройство проемов в вентилируемых фасадах с вертикально-горизонтальным каркасом, с лесов: устройство каркаса обрамления проемов с устройством откосов
ГЭСН	15	15-01-094	Устройство вентилируемого фасада с облицовкой изделиями бетонными декоративно-облицовочными по вертикально-горизонтальной навесной системе с лесов	15-01-094-06	100 м2	Устройство проемов в вентилируемых фасадах с вертикально-горизонтальным каркасом, с лесов: устройство оконного отлива
ГЭСН	15	15-01-094	Устройство вентилируемого фасада с облицовкой изделиями бетонными декоративно-облицовочными по вертикально-горизонтальной навесной системе с лесов	15-01-094-07	100 м2	Облицовка изделиями бетонными декоративно-облицовочными: по направляющим профилям для плоских поверхностей фасада
ГЭСН	15	15-01-094	Устройство вентилируемого фасада с облицовкой изделиями бетонными декоративно-облицовочными по вертикально-горизонтальной навесной системе с лесов	15-01-094-08	100 м2	Облицовка изделиями бетонными декоративно-облицовочными: по направляющим профилям для фасада сложной конфигурации
ГЭСН	15	15-01-094	Устройство вентилируемого фасада с облицовкой изделиями бетонными декоративно-облицовочными по вертикально-горизонтальной навесной системе с лесов	15-01-094-09	100 м2	Облицовка откосов изделиями бетонными декоративно-облицовочными по навесной системе из оцинкованной стали, с лесов
ГЭСН	15	15-01-095	Устройство навесных вентилируемых фасадов по навесной системе из алюминиевых сплавов без утеплителя с креплением в межэтажное перекрытие	15-01-095-01	100 м2	Установка кронштейнов и вертикальных направляющих с шагом 600 мм для вентилируемых фасадов, с люлек
ГЭСН	15	15-01-095	Устройство навесных вентилируемых фасадов по навесной системе из алюминиевых сплавов без утеплителя с креплением в межэтажное перекрытие	15-01-095-02	100 м2	На каждые 10 мм изменения шага вертикальных направляющих добавлять или исключать к норме 15-01-095-01
ГЭСН	15	15-01-095	Устройство навесных вентилируемых фасадов по навесной системе из алюминиевых сплавов без утеплителя с креплением в межэтажное перекрытие	15-01-095-03	100 м2	Облицовка фасада декоративными изделиями с помощью штучных крепежных элементов, при количестве штучных крепежных элементов 13 шт/м2, с люлек
ГЭСН	15	15-01-095	Устройство навесных вентилируемых фасадов по навесной системе из алюминиевых сплавов без утеплителя с креплением в межэтажное перекрытие	15-01-095-04	100 м2	На каждые 1 шт/м2 изменения количества штучных крепежных элементов добавлять или исключать к норме 15-01-095-03
ГЭСН	15	15-01-095	Устройство навесных вентилируемых фасадов по навесной системе из алюминиевых сплавов без утеплителя с креплением в межэтажное перекрытие	15-01-095-05	100 м2	Облицовка фасада декоративными изделиями с помощью горизонтальных крепежных планок с шагом 300 мм, с люлек
ГЭСН	15	15-01-095	Устройство навесных вентилируемых фасадов по навесной системе из алюминиевых сплавов без утеплителя с креплением в межэтажное перекрытие	15-01-095-06	100 м2	На каждые 10 мм изменения шага горизонтальных крепежных планок добавлять или исключать к норме 15-01-095-05
ГЭСН	15	15-01-095	Устройство навесных вентилируемых фасадов по навесной системе из алюминиевых сплавов без утеплителя с креплением в межэтажное перекрытие	15-01-095-07	100 м2	Облицовка фасада декоративными пазогребневыми изделиями с помощью горизонтальных крепежных планок с шагом 200 мм, с люлек
ГЭСН	15	15-01-095	Устройство навесных вентилируемых фасадов по навесной системе из алюминиевых сплавов без утеплителя с креплением в межэтажное перекрытие	15-01-095-08	100 м2	На каждые 10 мм изменения шага горизонтальных крепежных планок добавлять или исключать к норме 15-01-095-07
ГЭСН	15	15-01-095	Устройство навесных вентилируемых фасадов по навесной системе из алюминиевых сплавов без утеплителя с креплением в межэтажное перекрытие	15-01-095-09	100 м2	Облицовка фасада декоративными кассетными панелями с усиливающей рамкой площадью до 1 м2, с люлек
ГЭСН	15	15-01-095	Устройство навесных вентилируемых фасадов по навесной системе из алюминиевых сплавов без утеплителя с креплением в межэтажное перекрытие	15-01-095-10	100 м2	На каждые 0,1 м2 увеличения площади облицовочной кассетной панели с усиливающей рамкой исключать из нормы 15-01-095-09
ГЭСН	15	15-01-096	Устройство температурных швов при устройстве вентилируемого фасада	15-01-096-01	100 м	Устройство горизонтального температурного шва при устройстве вентилируемого фасада
ГЭСН	15	15-01-096	Устройство температурных швов при устройстве вентилируемого фасада	15-01-096-02	100 м	Устройство вертикального температурного шва при устройстве вентилируемого фасада с креплением температурного элемента: к вертикальной направляющей
ГЭСН	15	15-01-096	Устройство температурных швов при устройстве вентилируемого фасада	15-01-096-03	100 м	Устройство вертикального температурного шва при устройстве вентилируемого фасада с креплением температурного элемента: между вертикальными направляющими
ГЭСН	15	15-01-097	Декоративная облицовка фасадов изделиями из стеклофибробетона	15-01-097-01	100 м2	Декоративная облицовка фасадов изделиями из стеклофибробетона: на кронштейнах с люлек
ГЭСН	15	15-01-097	Декоративная облицовка фасадов изделиями из стеклофибробетона	15-01-097-02	100 м2	Декоративная облицовка фасадов изделиями из стеклофибробетона: на кронштейнах по несущему каркасу с люлек
ГЭСН	15	15-01-098	Монтаж элементов карниза из композитных материалов с помощью альпинистского снаряжения	15-01-098-01	100 м	Монтаж элементов карниза из композитных материалов на кронштейнах с помощью альпинистского снаряжения: одноярусного высотой 500 мм
ГЭСН	15	15-01-098	Монтаж элементов карниза из композитных материалов с помощью альпинистского снаряжения	15-01-098-02	100 м	Монтаж элементов карниза из композитных материалов на кронштейнах с помощью альпинистского снаряжения: одноярусного высотой 1000 мм
ГЭСН	15	15-01-098	Монтаж элементов карниза из композитных материалов с помощью альпинистского снаряжения	15-01-098-03	100 м	Монтаж элементов карниза из композитных материалов на кронштейнах с помощью альпинистского снаряжения: двухярусного высотой 1500 мм
ГЭСН	15	15-01-099	Облицовка декоративными отделочными панелями	15-01-099-01	100 м2	Облицовка поверхностей декоративными отделочными панелями из древесных материалов
ГЭСН	15	15-01-099	Облицовка декоративными отделочными панелями	15-01-099-02	100 м2	При облицовке поверхностей в построечных условиях на раскрой панелей добавлять к норме 15-01-099-01
ГЭСН	15	15-01-100	Бескаркасная облицовка фасадов теплозащитными панелями	15-01-100-01	100 м2	Бескаркасная облицовка фасадов с проемами теплозащитными панелями толщиной 80 мм: с лесов
ГЭСН	15	15-01-100	Бескаркасная облицовка фасадов теплозащитными панелями	15-01-100-02	100 м2	Бескаркасная облицовка фасадов с проемами теплозащитными панелями толщиной 80 мм: с люлек
ГЭСН	15	15-01-100	Бескаркасная облицовка фасадов теплозащитными панелями	15-01-100-03	100 м2	Бескаркасная облицовка фасадов без проемов теплозащитными панелями толщиной 80 мм: с лесов
ГЭСН	15	15-01-100	Бескаркасная облицовка фасадов теплозащитными панелями	15-01-100-04	100 м2	Бескаркасная облицовка фасадов без проемов теплозащитными панелями толщиной 80 мм: с люлек
ГЭСН	15	15-02-001	Улучшенная штукатурка цементно-известковым раствором по камню	15-02-001-01	100 м2	Улучшенная штукатурка фасадов цементно-известковым раствором по камню: стен
ГЭСН	15	15-02-001	Улучшенная штукатурка цементно-известковым раствором по камню	15-02-001-02	100 м2	Улучшенная штукатурка фасадов цементно-известковым раствором по камню: колонн круглых (цилиндрических и переменного сечения)
ГЭСН	15	15-02-001	Улучшенная штукатурка цементно-известковым раствором по камню	15-02-001-03	100 м2	Улучшенная штукатурка фасадов цементно-известковым раствором по камню: колонн прямоугольных
ГЭСН	15	15-02-001	Улучшенная штукатурка цементно-известковым раствором по камню	15-02-001-04	100 м2	Улучшенная штукатурка фасадов цементно-известковым раствором по камню: пилястр переменного сечения
ГЭСН	15	15-02-001	Улучшенная штукатурка цементно-известковым раствором по камню	15-02-001-05	100 м2	Улучшенная штукатурка фасадов цементно-известковым раствором по камню: пилястр прямых
ГЭСН	15	15-02-001	Улучшенная штукатурка цементно-известковым раствором по камню	15-02-001-06	100 м2	Улучшенная штукатурка фасадов цементно-известковым раствором по камню: карнизов, тяг и наличников прямолинейных
ГЭСН	15	15-02-001	Улучшенная штукатурка цементно-известковым раствором по камню	15-02-001-07	100 м2	Улучшенная штукатурка фасадов цементно-известковым раствором по камню: карнизов, тяг и наличников криволинейных
ГЭСН	15	15-02-002	Высококачественная штукатурка цементно-известковым раствором по камню стен, колонн, пилястр	15-02-002-01	100 м2	Высококачественная штукатурка фасадов цементно-известковым раствором по камню стен: гладких
ГЭСН	15	15-02-002	Высококачественная штукатурка цементно-известковым раствором по камню стен, колонн, пилястр	15-02-002-02	100 м2	Высококачественная штукатурка фасадов цементно-известковым раствором по камню стен: с прорезными рустами
ГЭСН	15	15-02-002	Высококачественная штукатурка цементно-известковым раствором по камню стен, колонн, пилястр	15-02-002-03	100 м2	Высококачественная штукатурка фасадов цементно-известковым раствором по камню колонн круглых (цилиндрических и переменного сечения): гладких
ГЭСН	15	15-02-002	Высококачественная штукатурка цементно-известковым раствором по камню стен, колонн, пилястр	15-02-002-04	100 м2	Высококачественная штукатурка фасадов цементно-известковым раствором по камню колонн круглых (цилиндрических и переменного сечения): с прорезными рустами
ГЭСН	15	15-02-002	Высококачественная штукатурка цементно-известковым раствором по камню стен, колонн, пилястр	15-02-002-05	100 м2	Высококачественная штукатурка фасадов цементно-известковым раствором по камню: колонн прямоугольных гладких
ГЭСН	15	15-02-002	Высококачественная штукатурка цементно-известковым раствором по камню стен, колонн, пилястр	15-02-002-06	100 м2	Высококачественная штукатурка фасадов цементно-известковым раствором по камню: колонн прямоугольных с прорезными рустами
ГЭСН	15	15-02-002	Высококачественная штукатурка цементно-известковым раствором по камню стен, колонн, пилястр	15-02-002-07	100 м2	Высококачественная штукатурка фасадов цементно-известковым раствором по камню: пилястр переменного сечения гладких
ГЭСН	15	15-02-002	Высококачественная штукатурка цементно-известковым раствором по камню стен, колонн, пилястр	15-02-002-08	100 м2	Высококачественная штукатурка фасадов цементно-известковым раствором по камню: пилястр переменного сечения с прорезными рустами
ГЭСН	15	15-02-002	Высококачественная штукатурка цементно-известковым раствором по камню стен, колонн, пилястр	15-02-002-09	100 м2	Высококачественная штукатурка фасадов цементно-известковым раствором по камню: пилястр прямых гладких
ГЭСН	15	15-02-002	Высококачественная штукатурка цементно-известковым раствором по камню стен, колонн, пилястр	15-02-002-10	100 м2	Высококачественная штукатурка фасадов цементно-известковым раствором по камню: пилястр прямых с прорезными рустами
ГЭСН	15	15-02-003	Высококачественная штукатурка цементно-известковым раствором по камню откосов	15-02-003-01	100 м	Высококачественная штукатурка фасадов цементно-известковым раствором по камню откосов при ширине: до 200 мм плоских
ГЭСН	15	15-02-003	Высококачественная штукатурка цементно-известковым раствором по камню откосов	15-02-003-02	100 м	Высококачественная штукатурка фасадов цементно-известковым раствором по камню откосов при ширине: до 200 мм криволинейных
ГЭСН	15	15-02-003	Высококачественная штукатурка цементно-известковым раствором по камню откосов	15-02-003-03	100 м	Высококачественная штукатурка фасадов цементно-известковым раствором по камню откосов при ширине: более 200 мм плоских
ГЭСН	15	15-02-003	Высококачественная штукатурка цементно-известковым раствором по камню откосов	15-02-003-04	100 м	Высококачественная штукатурка фасадов цементно-известковым раствором по камню откосов при ширине: более 200 мм криволинейных
ГЭСН	15	15-02-004	Высококачественная штукатурка цементно-известковым раствором по камню карнизов, тяг, наличников	15-02-004-01	100 м2	Высококачественная штукатурка фасадов цементно-известковым раствором по камню карнизов, тяг, наличников: прямолинейных
ГЭСН	15	15-02-004	Высококачественная штукатурка цементно-известковым раствором по камню карнизов, тяг, наличников	15-02-004-02	100 м2	Высококачественная штукатурка фасадов цементно-известковым раствором по камню карнизов, тяг, наличников: криволинейных
ГЭСН	15	15-02-005	Высококачественная штукатурка декоративным раствором по камню стен, колонн, пилястр	15-02-005-01	100 м2	Высококачественная штукатурка фасадов декоративным раствором по камню: стен гладких
ГЭСН	15	15-02-005	Высококачественная штукатурка декоративным раствором по камню стен, колонн, пилястр	15-02-005-02	100 м2	Высококачественная штукатурка фасадов декоративным раствором по камню: стен с прорезными рустами
ГЭСН	15	15-02-005	Высококачественная штукатурка декоративным раствором по камню стен, колонн, пилястр	15-02-005-03	100 м2	Высококачественная штукатурка фасадов декоративным раствором по камню: колонн круглых (цилиндрических и переменного сечения) гладких
ГЭСН	15	15-02-005	Высококачественная штукатурка декоративным раствором по камню стен, колонн, пилястр	15-02-005-04	100 м2	Высококачественная штукатурка фасадов декоративным раствором по камню: колонн круглых (цилиндрических и переменного сечения) с прорезными рустами
ГЭСН	15	15-02-005	Высококачественная штукатурка декоративным раствором по камню стен, колонн, пилястр	15-02-005-05	100 м2	Высококачественная штукатурка фасадов декоративным раствором по камню: колонн прямоугольных гладких
ГЭСН	15	15-02-005	Высококачественная штукатурка декоративным раствором по камню стен, колонн, пилястр	15-02-005-06	100 м2	Высококачественная штукатурка фасадов декоративным раствором по камню: колонн прямоугольных с прорезными рустами
ГЭСН	15	15-02-005	Высококачественная штукатурка декоративным раствором по камню стен, колонн, пилястр	15-02-005-07	100 м2	Высококачественная штукатурка фасадов декоративным раствором по камню: пилястр переменного сечения гладких
ГЭСН	15	15-02-005	Высококачественная штукатурка декоративным раствором по камню стен, колонн, пилястр	15-02-005-08	100 м2	Высококачественная штукатурка фасадов декоративным раствором по камню: пилястр переменного сечения с прорезными рустами
ГЭСН	15	15-02-005	Высококачественная штукатурка декоративным раствором по камню стен, колонн, пилястр	15-02-005-09	100 м2	Высококачественная штукатурка фасадов декоративным раствором по камню: пилястр прямых гладких
ГЭСН	15	15-02-005	Высококачественная штукатурка декоративным раствором по камню стен, колонн, пилястр	15-02-005-10	100 м2	Высококачественная штукатурка фасадов декоративным раствором по камню: пилястр прямых с прорезными рустами
ГЭСН	15	15-02-006	Высококачественная штукатурка декоративным раствором по камню откосов	15-02-006-01	100 м	Высококачественная штукатурка фасадов декоративным раствором по камню откосов при ширине: до 200 мм плоских
ГЭСН	15	15-02-006	Высококачественная штукатурка декоративным раствором по камню откосов	15-02-006-02	100 м	Высококачественная штукатурка фасадов декоративным раствором по камню откосов при ширине: до 200 мм криволинейных
ГЭСН	15	15-02-006	Высококачественная штукатурка декоративным раствором по камню откосов	15-02-006-03	100 м	Высококачественная штукатурка фасадов декоративным раствором по камню откосов при ширине: более 200 мм плоских
ГЭСН	15	15-02-006	Высококачественная штукатурка декоративным раствором по камню откосов	15-02-006-04	100 м	Высококачественная штукатурка фасадов декоративным раствором по камню откосов при ширине: более 200 мм криволинейных
ГЭСН	15	15-02-007	Высококачественная штукатурка декоративным раствором по камню карнизов, тяг, наличников	15-02-007-01	100 м2	Высококачественная штукатурка фасадов декоративным раствором по камню карнизов, тяг, наличников: прямолинейных
ГЭСН	15	15-02-007	Высококачественная штукатурка декоративным раствором по камню карнизов, тяг, наличников	15-02-007-02	100 м2	Высококачественная штукатурка фасадов декоративным раствором по камню карнизов, тяг, наличников: криволинейных
ГЭСН	15	15-02-008	Фактурная отделка фасадов мраморной крошкой	15-02-008-01	100 м2	Фактурная отделка фасадов мраморной крошкой
ГЭСН	15	15-02-009	Фактурная отделка фасадов стеклянной крошкой	15-02-009-01	100 м2	Фактурная отделка фасадов стеклянной крошкой
ГЭСН	15	15-02-010	Высококачественная штукатурка фасадов терразитовым раствором	15-02-010-01	100 м2	Высококачественная штукатурка фасадов терразитовым раствором: поверхности стен гладких
ГЭСН	15	15-02-010	Высококачественная штукатурка фасадов терразитовым раствором	15-02-010-02	100 м2	Высококачественная штукатурка фасадов терразитовым раствором: поверхности стен с прорезными рустами
ГЭСН	15	15-02-010	Высококачественная штукатурка фасадов терразитовым раствором	15-02-010-03	100 м2	Высококачественная штукатурка фасадов терразитовым раствором: поверхностей колонн гладких круглых (цилиндрического и переменного сечения)
ГЭСН	15	15-02-010	Высококачественная штукатурка фасадов терразитовым раствором	15-02-010-04	100 м2	Высококачественная штукатурка фасадов терразитовым раствором: поверхностей колонн с прорезными рустами круглых (цилиндрического и переменного сечения)
ГЭСН	15	15-02-010	Высококачественная штукатурка фасадов терразитовым раствором	15-02-010-05	100 м2	Высококачественная штукатурка фасадов терразитовым раствором: колонн гладких прямоугольных
ГЭСН	15	15-02-010	Высококачественная штукатурка фасадов терразитовым раствором	15-02-010-06	100 м2	Высококачественная штукатурка фасадов терразитовым раствором: колонн с прорезными рустами прямоугольных
ГЭСН	15	15-02-010	Высококачественная штукатурка фасадов терразитовым раствором	15-02-010-07	100 м	Высококачественная штукатурка фасадов терразитовым раствором: откосов плоских фасадов при ширине до 200 мм
ГЭСН	15	15-02-010	Высококачественная штукатурка фасадов терразитовым раствором	15-02-010-08	100 м	Высококачественная штукатурка фасадов терразитовым раствором: откосов криволинейных фасадов при ширине до 200 мм
ГЭСН	15	15-02-010	Высококачественная штукатурка фасадов терразитовым раствором	15-02-010-09	100 м	Высококачественная штукатурка фасадов терразитовым раствором: откосов плоских фасадов при ширине свыше 200 мм
ГЭСН	15	15-02-010	Высококачественная штукатурка фасадов терразитовым раствором	15-02-010-10	100 м	Высококачественная штукатурка фасадов терразитовым раствором: откосов криволинейных фасадов при ширине свыше 200 мм
ГЭСН	15	15-02-010	Высококачественная штукатурка фасадов терразитовым раствором	15-02-010-11	100 м2	Высококачественная штукатурка фасадов терразитовым раствором: пилястр гладких переменного сечения фасадов
ГЭСН	15	15-02-010	Высококачественная штукатурка фасадов терразитовым раствором	15-02-010-12	100 м2	Высококачественная штукатурка фасадов терразитовым раствором: пилястр с прорезными рустами переменного сечения фасадов
ГЭСН	15	15-02-010	Высококачественная штукатурка фасадов терразитовым раствором	15-02-010-13	100 м2	Высококачественная штукатурка фасадов терразитовым раствором: пилястр гладких прямых фасадов
ГЭСН	15	15-02-010	Высококачественная штукатурка фасадов терразитовым раствором	15-02-010-14	100 м2	Высококачественная штукатурка фасадов терразитовым раствором: пилястр с прорезными рустами прямых фасадов
ГЭСН	15	15-02-010	Высококачественная штукатурка фасадов терразитовым раствором	15-02-010-15	100 м2	Высококачественная штукатурка фасадов терразитовым раствором: карнизов, тяг, наличников прямолинейных фасадов
ГЭСН	15	15-02-010	Высококачественная штукатурка фасадов терразитовым раствором	15-02-010-16	100 м2	Высококачественная штукатурка фасадов терразитовым раствором: карнизов, тяг, наличников криволинейных фасадов
ГЭСН	15	15-02-015	Штукатурка поверхностей известковым раствором	15-02-015-01	100 м2	Штукатурка поверхностей внутри здания известковым раствором простая: по камню и бетону стен
ГЭСН	15	15-02-015	Штукатурка поверхностей известковым раствором	15-02-015-02	100 м2	Штукатурка поверхностей внутри здания известковым раствором простая: по камню и бетону потолков
ГЭСН	15	15-02-015	Штукатурка поверхностей известковым раствором	15-02-015-03	100 м2	Штукатурка поверхностей внутри здания известковым раствором простая: по дереву стен
ГЭСН	15	15-02-015	Штукатурка поверхностей известковым раствором	15-02-015-04	100 м2	Штукатурка поверхностей внутри здания известковым раствором простая: по дереву потолков
ГЭСН	15	15-02-015	Штукатурка поверхностей известковым раствором	15-02-015-05	100 м2	Штукатурка поверхностей внутри здания известковым раствором улучшенная: по камню и бетону стен
ГЭСН	15	15-02-015	Штукатурка поверхностей известковым раствором	15-02-015-06	100 м2	Штукатурка поверхностей внутри здания известковым раствором улучшенная: по камню и бетону потолков
ГЭСН	15	15-02-015	Штукатурка поверхностей известковым раствором	15-02-015-07	100 м2	Штукатурка поверхностей внутри здания известковым раствором улучшенная: по дереву стен
ГЭСН	15	15-02-015	Штукатурка поверхностей известковым раствором	15-02-015-08	100 м2	Штукатурка поверхностей внутри здания известковым раствором улучшенная: по дереву потолков
ГЭСН	15	15-02-015	Штукатурка поверхностей известковым раствором	15-02-015-09	100 м2	Штукатурка поверхностей внутри здания известковым раствором высококачественная: по камню и бетону стен
ГЭСН	15	15-02-015	Штукатурка поверхностей известковым раствором	15-02-015-10	100 м2	Штукатурка поверхностей внутри здания известковым раствором высококачественная: по камню и бетону потолков
ГЭСН	15	15-02-015	Штукатурка поверхностей известковым раствором	15-02-015-11	100 м2	Штукатурка поверхностей внутри здания известковым раствором высококачественная: по дереву стен
ГЭСН	15	15-02-015	Штукатурка поверхностей известковым раствором	15-02-015-12	100 м2	Штукатурка поверхностей внутри здания известковым раствором высококачественная: по дереву потолков
ГЭСН	15	15-02-016	Штукатурка поверхностей цементно-известковым или цементным раствором по камню и бетону	15-02-016-01	100 м2	Штукатурка поверхностей внутри здания цементно-известковым или цементным раствором по камню и бетону: простая стен
ГЭСН	15	15-02-016	Штукатурка поверхностей цементно-известковым или цементным раствором по камню и бетону	15-02-016-02	100 м2	Штукатурка поверхностей внутри здания цементно-известковым или цементным раствором по камню и бетону: простая потолков
ГЭСН	15	15-02-016	Штукатурка поверхностей цементно-известковым или цементным раствором по камню и бетону	15-02-016-03	100 м2	Штукатурка поверхностей внутри здания цементно-известковым или цементным раствором по камню и бетону: улучшенная стен
ГЭСН	15	15-02-016	Штукатурка поверхностей цементно-известковым или цементным раствором по камню и бетону	15-02-016-04	100 м2	Штукатурка поверхностей внутри здания цементно-известковым или цементным раствором по камню и бетону: улучшенная потолков
ГЭСН	15	15-02-016	Штукатурка поверхностей цементно-известковым или цементным раствором по камню и бетону	15-02-016-05	100 м2	Штукатурка поверхностей внутри здания цементно-известковым или цементным раствором по камню и бетону: высококачественная стен
ГЭСН	15	15-02-016	Штукатурка поверхностей цементно-известковым или цементным раствором по камню и бетону	15-02-016-06	100 м2	Штукатурка поверхностей внутри здания цементно-известковым или цементным раствором по камню и бетону: высококачественная потолков
ГЭСН	15	15-02-017	Штукатурка внутренних поверхностей наружных стен известковым раствором по камню и бетону (когда остальные поверхности не оштукатуриваются)	15-02-017-01	100 м2	Штукатурка внутренних поверхностей наружных стен, когда остальные поверхности не оштукатуриваются, известковым раствором по камню и бетону: простая
ГЭСН	15	15-02-017	Штукатурка внутренних поверхностей наружных стен известковым раствором по камню и бетону (когда остальные поверхности не оштукатуриваются)	15-02-017-02	100 м2	Штукатурка внутренних поверхностей наружных стен, когда остальные поверхности не оштукатуриваются, известковым раствором по камню и бетону: улучшенная
ГЭСН	15	15-02-017	Штукатурка внутренних поверхностей наружных стен известковым раствором по камню и бетону (когда остальные поверхности не оштукатуриваются)	15-02-017-03	100 м2	Штукатурка внутренних поверхностей наружных стен, когда остальные поверхности не оштукатуриваются, известковым раствором по камню и бетону: высококачественная
ГЭСН	15	15-02-018	Штукатурка внутренних поверхностей наружных стен цементно-известковым или цементным раствором по камню и бетону (когда остальные поверхности не оштукатуриваются	15-02-018-01	100 м2	Штукатурка внутренних поверхностей наружных стен, цементно-известковым или цементным раствором по камню и бетону, когда остальные поверхности не оштукатуриваются: простая
ГЭСН	15	15-02-018	Штукатурка внутренних поверхностей наружных стен цементно-известковым или цементным раствором по камню и бетону (когда остальные поверхности не оштукатуриваются	15-02-018-02	100 м2	Штукатурка внутренних поверхностей наружных стен, цементно-известковым или цементным раствором по камню и бетону, когда остальные поверхности не оштукатуриваются: улучшенная
ГЭСН	15	15-02-018	Штукатурка внутренних поверхностей наружных стен цементно-известковым или цементным раствором по камню и бетону (когда остальные поверхности не оштукатуриваются	15-02-018-03	100 м2	Штукатурка внутренних поверхностей наружных стен, цементно-известковым или цементным раствором по камню и бетону, когда остальные поверхности не оштукатуриваются: высококачественная
ГЭСН	15	15-02-019	Сплошное выравнивание внутренних поверхностей (однослойное оштукатуривание) из сухих растворных смесей	15-02-019-01	100 м2	Сплошное выравнивание внутренних бетонных поверхностей (однослойное оштукатуривание) известковым раствором: стен
ГЭСН	15	15-02-019	Сплошное выравнивание внутренних поверхностей (однослойное оштукатуривание) из сухих растворных смесей	15-02-019-02	100 м2	Сплошное выравнивание внутренних бетонных поверхностей (однослойное оштукатуривание) известковым раствором: потолков
ГЭСН	15	15-02-019	Сплошное выравнивание внутренних поверхностей (однослойное оштукатуривание) из сухих растворных смесей	15-02-019-03	100 м2	Сплошное выравнивание внутренних поверхностей (однослойное оштукатуривание) из сухих растворных смесей толщиной до 10 мм: стен
ГЭСН	15	15-02-019	Сплошное выравнивание внутренних поверхностей (однослойное оштукатуривание) из сухих растворных смесей	15-02-019-04	100 м2	Сплошное выравнивание внутренних поверхностей (однослойное оштукатуривание) из сухих растворных смесей толщиной до 10 мм: потолков
ГЭСН	15	15-02-019	Сплошное выравнивание внутренних поверхностей (однослойное оштукатуривание) из сухих растворных смесей	15-02-019-05	100 м2	Сплошное выравнивание внутренних поверхностей (однослойное оштукатуривание) из сухих растворных смесей толщиной до 10 мм: оконных и дверных откосов плоских
ГЭСН	15	15-02-019	Сплошное выравнивание внутренних поверхностей (однослойное оштукатуривание) из сухих растворных смесей	15-02-019-06	100 м2	Сплошное выравнивание внутренних поверхностей (однослойное оштукатуривание) из сухих растворных смесей толщиной до 10 мм: оконных и дверных откосов криволинейных
ГЭСН	15	15-02-019	Сплошное выравнивание внутренних поверхностей (однослойное оштукатуривание) из сухих растворных смесей	15-02-019-07	100 м2	Сплошное выравнивание внутренних поверхностей (однослойное оштукатуривание) из сухих растворных смесей на каждый 1 мм изменения толщины слоя добавлять или исключать к норме: 15-02-019-03
ГЭСН	15	15-02-019	Сплошное выравнивание внутренних поверхностей (однослойное оштукатуривание) из сухих растворных смесей	15-02-019-08	100 м2	Сплошное выравнивание внутренних поверхностей (однослойное оштукатуривание) из сухих растворных смесей на каждый 1 мм изменения толщины слоя добавлять или исключать к норме: 15-02-019-04
ГЭСН	15	15-02-019	Сплошное выравнивание внутренних поверхностей (однослойное оштукатуривание) из сухих растворных смесей	15-02-019-09	100 м2	Сплошное выравнивание внутренних поверхностей (однослойное оштукатуривание) из сухих растворных смесей на каждый 1 мм изменения толщины слоя добавлять или исключать к норме: 15-02-019-05
ГЭСН	15	15-02-019	Сплошное выравнивание внутренних поверхностей (однослойное оштукатуривание) из сухих растворных смесей	15-02-019-10	100 м2	Сплошное выравнивание внутренних поверхностей (однослойное оштукатуривание) из сухих растворных смесей на каждый 1 мм изменения толщины слоя добавлять или исключать к норме: 15-02-019-06
ГЭСН	15	15-02-020	Штукатурка цементно-церезитовая по камню и бетону	15-02-020-01	100 м2	Штукатурка цементно-церезитовым раствором по камню и бетону
ГЭСН	15	15-02-021	Оштукатуривание рентгенозащитным раствором	15-02-021-01	100 м2	Оштукатуривание стен рентгенозащитным раствором толщиной 30 мм по бетону, камню или кирпичу
ГЭСН	15	15-02-021	Оштукатуривание рентгенозащитным раствором	15-02-021-02	100 м2	На каждые 10 мм увеличения толщины грунта добавлять к норме 15-02-021-01
ГЭСН	15	15-02-021	Оштукатуривание рентгенозащитным раствором	15-02-021-03	100 м2	Устройство стяжки под полы из рентгенозащитного раствора толщиной 30 мм по бетону
ГЭСН	15	15-02-021	Оштукатуривание рентгенозащитным раствором	15-02-021-04	100 м2	На каждые 12 мм увеличения толщины грунта добавлять к норме 15-02-021-03
ГЭСН	15	15-02-022	Оштукатуривание прямоугольных кессонов площадью проекции до 12 м2 по ребристому железобетонному перекрытию	15-02-022-01	100 м2	Оштукатуривание прямоугольных кессонов площадью проекции до 12 м2 по ребристому железобетонному перекрытию цементно-известковым раствором при площади горизонтальной проекции кессона: до 0,8 м2
ГЭСН	15	15-02-022	Оштукатуривание прямоугольных кессонов площадью проекции до 12 м2 по ребристому железобетонному перекрытию	15-02-022-02	100 м2	Оштукатуривание прямоугольных кессонов площадью проекции до 12 м2 по ребристому железобетонному перекрытию цементно-известковым раствором при площади горизонтальной проекции кессона: свыше 0,8 до 2 м2
ГЭСН	15	15-02-022	Оштукатуривание прямоугольных кессонов площадью проекции до 12 м2 по ребристому железобетонному перекрытию	15-02-022-03	100 м2	Оштукатуривание прямоугольных кессонов площадью проекции до 12 м2 по ребристому железобетонному перекрытию цементно-известковым раствором при площади горизонтальной проекции кессона: свыше 2 до 4 м2
ГЭСН	15	15-02-022	Оштукатуривание прямоугольных кессонов площадью проекции до 12 м2 по ребристому железобетонному перекрытию	15-02-022-04	100 м2	Оштукатуривание прямоугольных кессонов площадью проекции до 12 м2 по ребристому железобетонному перекрытию цементно-известковым раствором при площади горизонтальной проекции кессона: свыше 4 до 6 м2
ГЭСН	15	15-02-022	Оштукатуривание прямоугольных кессонов площадью проекции до 12 м2 по ребристому железобетонному перекрытию	15-02-022-05	100 м2	Оштукатуривание прямоугольных кессонов площадью проекции до 12 м2 по ребристому железобетонному перекрытию цементно-известковым раствором при площади горизонтальной проекции кессона: свыше 6 до 12 м2
ГЭСН	15	15-02-022	Оштукатуривание прямоугольных кессонов площадью проекции до 12 м2 по ребристому железобетонному перекрытию	15-02-022-06	100 м2	Оштукатуривание прямоугольных кессонов по ребристому железобетонному перекрытию декоративным раствором при площади горизонтальной проекции кессона: до 0,8 м2
ГЭСН	15	15-02-022	Оштукатуривание прямоугольных кессонов площадью проекции до 12 м2 по ребристому железобетонному перекрытию	15-02-022-07	100 м2	Оштукатуривание прямоугольных кессонов по ребристому железобетонному перекрытию декоративным раствором при площади горизонтальной проекции кессона: свыше 0,8 до 2 м2
ГЭСН	15	15-02-022	Оштукатуривание прямоугольных кессонов площадью проекции до 12 м2 по ребристому железобетонному перекрытию	15-02-022-08	100 м2	Оштукатуривание прямоугольных кессонов по ребристому железобетонному перекрытию декоративным раствором при площади горизонтальной проекции кессона: свыше 2 до 4 м2
ГЭСН	15	15-02-022	Оштукатуривание прямоугольных кессонов площадью проекции до 12 м2 по ребристому железобетонному перекрытию	15-02-022-09	100 м2	Оштукатуривание прямоугольных кессонов по ребристому железобетонному перекрытию декоративным раствором при площади горизонтальной проекции кессона: свыше 4 до 6 м2
ГЭСН	15	15-02-022	Оштукатуривание прямоугольных кессонов площадью проекции до 12 м2 по ребристому железобетонному перекрытию	15-02-022-10	100 м2	Оштукатуривание прямоугольных кессонов по ребристому железобетонному перекрытию декоративным раствором при площади горизонтальной проекции кессона: свыше 6 до 12 м2
ГЭСН	15	15-02-023	Оштукатуривание прямоугольных кессонов площадью проекции более 12 м2 по ребристому железобетонному перекрытию	15-02-023-01	100 м2	Оштукатуривание прямоугольных кессонов площадью проекции более 12 м2 по ребристому железобетонному перекрытию: цементно-известковым раствором
ГЭСН	15	15-02-023	Оштукатуривание прямоугольных кессонов площадью проекции более 12 м2 по ребристому железобетонному перекрытию	15-02-023-02	100 м2	Оштукатуривание прямоугольных кессонов площадью проекции более 12 м2 по ребристому железобетонному перекрытию: декоративным раствором
ГЭСН	15	15-02-024	Облицовка стен листовыми материалами	15-02-024-01	100 м2	Облицовка гипсовыми и гипсоволокнистыми листами: стен при отделке под окраску
ГЭСН	15	15-02-024	Облицовка стен листовыми материалами	15-02-024-02	100 м2	Облицовка гипсовыми и гипсоволокнистыми листами: стен при отделке под оклейку обоями
ГЭСН	15	15-02-024	Облицовка стен листовыми материалами	15-02-024-03	100 м2	Облицовка гипсовыми и гипсоволокнистыми листами: откосов при отделке под окраску
ГЭСН	15	15-02-024	Облицовка стен листовыми материалами	15-02-024-04	100 м2	Облицовка древесноволокнистыми листами стен при отделке под оклейку обоями
ГЭСН	15	15-02-024	Облицовка стен листовыми материалами	15-02-024-05	100 м2	Облицовка стен листами сухой штукатурки при отделке под окраску и оклейку обоями с креплением на пристенный металлический каркас
ГЭСН	15	15-02-025	Обработка швов сухой штукатурки	15-02-025-01	100 м2	Обработка швов сухой штукатурки постановкой раскладок
ГЭСН	15	15-02-026	Оштукатуривание механизированным способом готовой растворной смесью, по камню и бетону	15-02-026-01	100 м2	Улучшенное оштукатуривание механизированным способом готовой растворной смесью толщиной 15 мм, по камню и бетону: стен
ГЭСН	15	15-02-026	Оштукатуривание механизированным способом готовой растворной смесью, по камню и бетону	15-02-026-02	100 м2	Улучшенное оштукатуривание механизированным способом готовой растворной смесью толщиной 15 мм, по камню и бетону: потолков
ГЭСН	15	15-02-026	Оштукатуривание механизированным способом готовой растворной смесью, по камню и бетону	15-02-026-03	100 м2	Улучшенное оштукатуривание механизированным способом готовой растворной смесью толщиной 15 мм, по камню и бетону: прямоугольных колонн
ГЭСН	15	15-02-026	Оштукатуривание механизированным способом готовой растворной смесью, по камню и бетону	15-02-026-04	100 м2	Улучшенное оштукатуривание механизированным способом готовой растворной смесью толщиной 15 мм, по камню и бетону: откосов
ГЭСН	15	15-02-026	Оштукатуривание механизированным способом готовой растворной смесью, по камню и бетону	15-02-026-05	100 м2	На каждый 1 мм изменения толщины слоя добавлять или исключать к норме: 15-02-026-01
ГЭСН	15	15-02-026	Оштукатуривание механизированным способом готовой растворной смесью, по камню и бетону	15-02-026-06	100 м2	На каждый 1 мм изменения толщины слоя добавлять или исключать к норме: 15-02-026-02
ГЭСН	15	15-02-026	Оштукатуривание механизированным способом готовой растворной смесью, по камню и бетону	15-02-026-07	100 м2	На каждый 1 мм изменения толщины слоя добавлять или исключать к норме: 15-02-026-03
ГЭСН	15	15-02-026	Оштукатуривание механизированным способом готовой растворной смесью, по камню и бетону	15-02-026-08	100 м2	На каждый 1 мм изменения толщины слоя добавлять или исключать к норме: 15-02-026-04
ГЭСН	15	15-02-026	Оштукатуривание механизированным способом готовой растворной смесью, по камню и бетону	15-02-026-09	100 м2	Высококачественное оштукатуривание механизированным способом готовой растворной смесью толщиной 20 мм, по камню и бетону: стен
ГЭСН	15	15-02-026	Оштукатуривание механизированным способом готовой растворной смесью, по камню и бетону	15-02-026-10	100 м2	Высококачественное оштукатуривание механизированным способом готовой растворной смесью толщиной 20 мм, по камню и бетону: потолков
ГЭСН	15	15-02-026	Оштукатуривание механизированным способом готовой растворной смесью, по камню и бетону	15-02-026-11	100 м2	Высококачественное оштукатуривание механизированным способом готовой растворной смесью толщиной 20 мм, по камню и бетону: прямоугольных колонн
ГЭСН	15	15-02-026	Оштукатуривание механизированным способом готовой растворной смесью, по камню и бетону	15-02-026-12	100 м2	Высококачественное оштукатуривание механизированным способом готовой растворной смесью толщиной 20 мм, по камню и бетону: откосов
ГЭСН	15	15-02-026	Оштукатуривание механизированным способом готовой растворной смесью, по камню и бетону	15-02-026-13	100 м2	На каждый 1 мм изменения толщины слоя добавлять или исключать к норме: 15-02-026-09
ГЭСН	15	15-02-026	Оштукатуривание механизированным способом готовой растворной смесью, по камню и бетону	15-02-026-14	100 м2	На каждый 1 мм изменения толщины слоя добавлять или исключать к норме: 15-02-026-10
ГЭСН	15	15-02-026	Оштукатуривание механизированным способом готовой растворной смесью, по камню и бетону	15-02-026-15	100 м2	На каждый 1 мм изменения толщины слоя добавлять или исключать к норме: 15-02-026-11
ГЭСН	15	15-02-026	Оштукатуривание механизированным способом готовой растворной смесью, по камню и бетону	15-02-026-16	100 м2	На каждый 1 мм изменения толщины слоя добавлять или исключать к норме: 15-02-026-12
ГЭСН	15	15-02-027	Оштукатуривание механизированным способом из сухих растворных смесей, по камню и бетону	15-02-027-01	100 м2	Высококачественное оштукатуривание механизированным способом из сухих растворных смесей, по камню и бетону толщиной слоя 20 мм стен
ГЭСН	15	15-02-027	Оштукатуривание механизированным способом из сухих растворных смесей, по камню и бетону	15-02-027-05	100 м2	На каждый 1 мм изменения толщины слоя добавлять или исключать к норме 15-02-027-01
ГЭСН	15	15-02-028	Высококачественная штукатурка по бетону полимерцементным раствором	15-02-028-01	100 м2	Высококачественная штукатурка стен по бетону полимерцементным раствором: толщиной 10 мм
ГЭСН	15	15-02-028	Высококачественная штукатурка по бетону полимерцементным раствором	15-02-028-02	100 м2	Высококачественная штукатурка стен по бетону полимерцементным раствором: на каждый последующий слой толщиной 1 мм добавлять к норме 15-02-028-01
ГЭСН	15	15-02-028	Высококачественная штукатурка по бетону полимерцементным раствором	15-02-028-03	100 м2	Высококачественная штукатурка потолков по бетону полимерцементным раствором: толщиной 10 мм
ГЭСН	15	15-02-028	Высококачественная штукатурка по бетону полимерцементным раствором	15-02-028-04	100 м2	Высококачественная штукатурка потолков по бетону полимерцементным раствором: на каждый последующий слой толщиной 1 мм добавлять к норме 15-02-028-03
ГЭСН	15	15-02-028	Высококачественная штукатурка по бетону полимерцементным раствором	15-02-028-05	100 м2	Высококачественная штукатурка столбов и колонн прямоугольного сечения по бетону полимерцементным раствором: толщиной 10 мм
ГЭСН	15	15-02-028	Высококачественная штукатурка по бетону полимерцементным раствором	15-02-028-06	100 м2	Высококачественная штукатурка столбов и колонн прямоугольного сечения по бетону полимерцементным раствором: на каждый последующий слой толщиной 1 мм добавлять к норме 15-02-028-05
ГЭСН	15	15-02-031	Штукатурка отдельных мест	15-02-031-01	100 м2	Штукатурка поверхностей оконных и дверных откосов по бетону и камню: плоских
ГЭСН	15	15-02-031	Штукатурка отдельных мест	15-02-031-02	100 м2	Штукатурка поверхностей оконных и дверных откосов по бетону и камню: криволинейных
ГЭСН	15	15-02-031	Штукатурка отдельных мест	15-02-031-03	100 м2	Устройство нижних заглушин
ГЭСН	15	15-02-031	Штукатурка отдельных мест	15-02-031-04	100 м2	Вытягивание тяг и падуг: при улучшенной штукатурке по камню и бетону
ГЭСН	15	15-02-031	Штукатурка отдельных мест	15-02-031-05	100 м2	Вытягивание тяг и падуг: при улучшенной штукатурке по дереву
ГЭСН	15	15-02-031	Штукатурка отдельных мест	15-02-031-06	100 м2	Вытягивание тяг и падуг: при высококачественной штукатурке по камню и бетону
ГЭСН	15	15-02-031	Штукатурка отдельных мест	15-02-031-07	100 м2	Вытягивание тяг и падуг: при высококачественной штукатурке по дереву
ГЭСН	15	15-02-031	Штукатурка отдельных мест	15-02-031-08	100 м2	Насечка поверхности: стен
ГЭСН	15	15-02-031	Штукатурка отдельных мест	15-02-031-09	100 м2	Насечка поверхности: потолков
ГЭСН	15	15-02-032	Устройство наличников тянутых	15-02-032-01	100 м2	Устройство наличников тянутых
ГЭСН	15	15-02-033	Обивка поверхностей	15-02-033-01	100 м2	Обивка поверхностей: изоляционным материалом
ГЭСН	15	15-02-033	Обивка поверхностей	15-02-033-02	100 м2	Обивка поверхностей: дранью по деревянным неодранкованным поверхностям
ГЭСН	15	15-02-033	Обивка поверхностей	15-02-033-03	100 м2	Обивка поверхностей: сеткой проволочной тканой
ГЭСН	15	15-02-034	Штукатурка лестничных маршей и площадок	15-02-034-01	100 м2	Штукатурка лестничных маршей и площадок: улучшенная без отделки косоуров и балок
ГЭСН	15	15-02-034	Штукатурка лестничных маршей и площадок	15-02-034-02	100 м2	Штукатурка лестничных маршей и площадок: улучшенная с отделкой косоуров и балок без тяг
ГЭСН	15	15-02-034	Штукатурка лестничных маршей и площадок	15-02-034-03	100 м2	Штукатурка лестничных маршей и площадок: высококачественная с отделкой косоуров и балок без тяг
ГЭСН	15	15-02-034	Штукатурка лестничных маршей и площадок	15-02-034-04	100 м2	Штукатурка лестничных маршей и площадок: высококачественная с отделкой косоуров и балок с тягами
ГЭСН	15	15-02-035	Отделка поверхностей из сборных элементов и плит под окраску или оклейку обоями	15-02-035-01	100 м2	Отделка поверхностей из сборных элементов и плит под окраску или оклейку обоями: стен и перегородок панельных
ГЭСН	15	15-02-035	Отделка поверхностей из сборных элементов и плит под окраску или оклейку обоями	15-02-035-02	100 м2	Отделка поверхностей из сборных элементов и плит под окраску или оклейку обоями: стен и перегородок из блоков и плит
ГЭСН	15	15-02-035	Отделка поверхностей из сборных элементов и плит под окраску или оклейку обоями	15-02-035-03	100 м2	Отделка поверхностей из сборных элементов и плит под окраску или оклейку обоями: потолков сборных панельных
ГЭСН	15	15-02-035	Отделка поверхностей из сборных элементов и плит под окраску или оклейку обоями	15-02-035-04	100 м2	Отделка поверхностей из сборных элементов и плит под окраску или оклейку обоями: потолков сборных из плит
ГЭСН	15	15-02-036	Штукатурка по сетке без устройства каркаса	15-02-036-01	100 м2	Штукатурка по сетке без устройства каркаса: улучшенная стен
ГЭСН	15	15-02-036	Штукатурка по сетке без устройства каркаса	15-02-036-02	100 м2	Штукатурка по сетке без устройства каркаса: улучшенная потолков
ГЭСН	15	15-02-036	Штукатурка по сетке без устройства каркаса	15-02-036-03	100 м2	Штукатурка по сетке без устройства каркаса: высококачественная стен
ГЭСН	15	15-02-036	Штукатурка по сетке без устройства каркаса	15-02-036-04	100 м2	Штукатурка по сетке без устройства каркаса: высококачественная потолков
ГЭСН	15	15-02-036	Штукатурка по сетке без устройства каркаса	15-02-036-05	100 м2	Штукатурка по сетке без устройства каркаса: высококачественная колонн
ГЭСН	15	15-02-036	Штукатурка по сетке без устройства каркаса	15-02-036-06	100 м2	Штукатурка по сетке без устройства каркаса: карнизов и тяг
ГЭСН	15	15-02-037	Устройство каркаса	15-02-037-01	100 м2	Устройство каркаса при оштукатуривании: стен
ГЭСН	15	15-02-037	Устройство каркаса	15-02-037-02	100 м2	Устройство каркаса при оштукатуривании: потолков
ГЭСН	15	15-02-037	Устройство каркаса	15-02-037-03	100 м2	Устройство каркаса при оштукатуривании: колонн
ГЭСН	15	15-02-037	Устройство каркаса	15-02-037-04	100 м2	Устройство каркаса при оштукатуривании: карнизов и тяг
ГЭСН	15	15-02-038	Механизированная отделка поверхности под мелкозернистую фактуру шагрень	15-02-038-01	100 м2	Механизированная отделка поверхности под мелкозернистую фактуру шагрень: стен
ГЭСН	15	15-02-038	Механизированная отделка поверхности под мелкозернистую фактуру шагрень	15-02-038-02	100 м2	Механизированная отделка поверхности под мелкозернистую фактуру шагрень: потолков
ГЭСН	15	15-02-040	Отделка венецианской штукатуркой предварительно подготовленных поверхностей	15-02-040-01	100 м2	Отделка венецианской штукатуркой предварительно подготовленных поверхностей в два слоя
ГЭСН	15	15-02-040	Отделка венецианской штукатуркой предварительно подготовленных поверхностей	15-02-040-02	100 м2	На каждый последующий слой венецианской штукатурки добавлять к норме 15-02-040-01
ГЭСН	15	15-02-041	Устройство металлического каркаса из направляющих профилей под облицовку различными материалами	15-02-041-01	100 м2	Устройство металлического каркаса из направляющих профилей под облицовку различными материалами: потолков
ГЭСН	15	15-02-041	Устройство металлического каркаса из направляющих профилей под облицовку различными материалами	15-02-041-02	100 м2	Устройство металлического каркаса из направляющих профилей под облицовку различными материалами: перегородок
ГЭСН	15	15-02-041	Устройство металлического каркаса из направляющих профилей под облицовку различными материалами	15-02-041-03	100 м2	Устройство металлического каркаса из направляющих профилей под облицовку различными материалами: стен
ГЭСН	15	15-03-001	Установка гипсовых погонных деталей орнаментированных плоских, выпуклых, рельефных, простого или сложного рисунка (порезки, пояса, фриза, капли и т.п.)	15-03-001-01	100 м	Установка гипсовых погонных деталей орнаментированных, плоских, выпуклых, рельефных, простого или сложного рисунка (порезки, пояса, фризы, капли и т.п.) высотой: до 100 мм
ГЭСН	15	15-03-001	Установка гипсовых погонных деталей орнаментированных плоских, выпуклых, рельефных, простого или сложного рисунка (порезки, пояса, фриза, капли и т.п.)	15-03-001-02	100 м	Установка гипсовых погонных деталей орнаментированных, плоских, выпуклых, рельефных, простого или сложного рисунка (порезки, пояса, фризы, капли и т.п.) высотой: до 250 мм
ГЭСН	15	15-03-001	Установка гипсовых погонных деталей орнаментированных плоских, выпуклых, рельефных, простого или сложного рисунка (порезки, пояса, фриза, капли и т.п.)	15-03-001-03	100 м	Установка гипсовых погонных деталей орнаментированных, плоских, выпуклых, рельефных, простого или сложного рисунка (порезки, пояса, фризы, капли и т.п.) высотой: до 500 мм
ГЭСН	15	15-03-001	Установка гипсовых погонных деталей орнаментированных плоских, выпуклых, рельефных, простого или сложного рисунка (порезки, пояса, фриза, капли и т.п.)	15-03-001-04	100 м	Установка гипсовых погонных деталей орнаментированных, плоских, выпуклых, рельефных, простого или сложного рисунка (порезки, пояса, фризы, капли и т.п.) высотой: до 750 мм
ГЭСН	15	15-03-002	Установка гипсовых штучных розеток (кессонных, потолочных круглых, многогранных простого, среднего и сложного рисунков)	15-03-002-01	шт	Установка гипсовых штучных розеток (кессонных, потолочных круглых, многогранных простого, среднего и сложного рисунков) диаметром: до 250 мм
ГЭСН	15	15-03-002	Установка гипсовых штучных розеток (кессонных, потолочных круглых, многогранных простого, среднего и сложного рисунков)	15-03-002-02	шт	Установка гипсовых штучных розеток (кессонных, потолочных круглых, многогранных простого, среднего и сложного рисунков) диаметром: до 500 мм
ГЭСН	15	15-03-002	Установка гипсовых штучных розеток (кессонных, потолочных круглых, многогранных простого, среднего и сложного рисунков)	15-03-002-03	шт	Установка гипсовых штучных розеток (кессонных, потолочных круглых, многогранных простого, среднего и сложного рисунков) диаметром: до 750 мм
ГЭСН	15	15-03-002	Установка гипсовых штучных розеток (кессонных, потолочных круглых, многогранных простого, среднего и сложного рисунков)	15-03-002-04	шт	Установка гипсовых штучных розеток (кессонных, потолочных круглых, многогранных простого, среднего и сложного рисунков) диаметром: до 1750 мм
ГЭСН	15	15-03-003	Установка на колоннах гипсовых штучных деталей	15-03-003-01	шт	Установка на колоннах гипсовых капителей ионических гладких и орнаментированных, дорических и тосканских высотой: до 500 мм
ГЭСН	15	15-03-003	Установка на колоннах гипсовых штучных деталей	15-03-003-02	шт	Установка на колоннах гипсовых капителей ионических гладких и орнаментированных, дорических и тосканских высотой: до 750 мм
ГЭСН	15	15-03-003	Установка на колоннах гипсовых штучных деталей	15-03-003-03	шт	Установка на колоннах гипсовых капителей коринфских сборных высотой: до 500 мм
ГЭСН	15	15-03-003	Установка на колоннах гипсовых штучных деталей	15-03-003-04	шт	Установка на колоннах гипсовых капителей коринфских сборных высотой: до 1000 мм
ГЭСН	15	15-03-003	Установка на колоннах гипсовых штучных деталей	15-03-003-05	шт	Установка на колоннах гипсовых капителей коринфских сборных высотой: до 2000 мм
ГЭСН	15	15-03-003	Установка на колоннах гипсовых штучных деталей	15-03-003-06	шт	Установка на колоннах гипсовых баз гладких прямоугольных или круглых высотой до 500 мм
ГЭСН	15	15-03-004	Установка гипсовых штучных деталей	15-03-004-01	шт	Установка гипсовых шишек гладких и орнаментированных высотой до 200 мм
ГЭСН	15	15-03-004	Установка гипсовых штучных деталей	15-03-004-02	шт	Установка гипсовых сухарей гладких и орнаментированных длиной большей стороны: до 250 мм
ГЭСН	15	15-03-004	Установка гипсовых штучных деталей	15-03-004-03	шт	Установка гипсовых сухарей гладких и орнаментированных длиной большей стороны: до 400 мм
ГЭСН	15	15-03-004	Установка гипсовых штучных деталей	15-03-004-04	шт	Установка гипсовых кронштейнов и модульонов гладких длиной большей стороны: до 200 мм
ГЭСН	15	15-03-004	Установка гипсовых штучных деталей	15-03-004-05	шт	Установка гипсовых кронштейнов и модульонов гладких длиной большей стороны: до 400 мм
ГЭСН	15	15-03-004	Установка гипсовых штучных деталей	15-03-004-06	шт	Установка гипсовых кронштейнов и модульонов гладких длиной большей стороны: до 750 мм
ГЭСН	15	15-03-004	Установка гипсовых штучных деталей	15-03-004-07	шт	Установка гипсовых кронштейнов и модульонов гладких длиной большей стороны: до 1100 мм
ГЭСН	15	15-03-004	Установка гипсовых штучных деталей	15-03-004-08	шт	Установка гипсовых вентиляционных решеток площадью: до 0,1 м2
ГЭСН	15	15-03-004	Установка гипсовых штучных деталей	15-03-004-09	шт	Установка гипсовых вентиляционных решеток площадью: до 0,5 м2
ГЭСН	15	15-03-004	Установка гипсовых штучных деталей	15-03-004-10	шт	Установка гипсовых ваз гладких высотой: до 500 мм
ГЭСН	15	15-03-004	Установка гипсовых штучных деталей	15-03-004-11	шт	Установка гипсовых ваз гладких высотой: до 1000 мм
ГЭСН	15	15-03-004	Установка гипсовых штучных деталей	15-03-004-12	шт	Установка гипсовых ваз гладких высотой: до 1350 мм
ГЭСН	15	15-03-004	Установка гипсовых штучных деталей	15-03-004-13	шт	Установка гипсовых гербов высотой: до 750 мм
ГЭСН	15	15-03-004	Установка гипсовых штучных деталей	15-03-004-14	шт	Установка гипсовых гербов высотой: до 1000 мм
ГЭСН	15	15-03-004	Установка гипсовых штучных деталей	15-03-004-15	шт	Установка гипсовых гербов высотой: до 1500 мм
ГЭСН	15	15-03-005	Установка цементных деталей погонных орнаментированных плоских, выпуклых и рельефных простого или сложного рисунка	15-03-005-01	100 м	Установка цементных деталей погонных орнаментированных плоских, выпуклых и рельефных простого или сложного рисунка (порезки, пояса, фризы, капли и т.п.) высотой: до 100 мм
ГЭСН	15	15-03-005	Установка цементных деталей погонных орнаментированных плоских, выпуклых и рельефных простого или сложного рисунка	15-03-005-02	100 м	Установка цементных деталей погонных орнаментированных плоских, выпуклых и рельефных простого или сложного рисунка (порезки, пояса, фризы, капли и т.п.) высотой: свыше 100 до 250 мм
ГЭСН	15	15-03-005	Установка цементных деталей погонных орнаментированных плоских, выпуклых и рельефных простого или сложного рисунка	15-03-005-03	100 м	Установка цементных деталей погонных орнаментированных плоских, выпуклых и рельефных простого или сложного рисунка (порезки, пояса, фризы, капли и т.п.) высотой: свыше 250 до 500 мм
ГЭСН	15	15-03-005	Установка цементных деталей погонных орнаментированных плоских, выпуклых и рельефных простого или сложного рисунка	15-03-005-04	100 м	Установка цементных деталей погонных орнаментированных плоских, выпуклых и рельефных простого или сложного рисунка (порезки, пояса, фризы, капли и т.п.) высотой: свыше 500 до 750 мм
ГЭСН	15	15-03-005	Установка цементных деталей погонных орнаментированных плоских, выпуклых и рельефных простого или сложного рисунка	15-03-005-05	100 м	Установка цементных поручней и тетив любого профиля: без орнамента
ГЭСН	15	15-03-005	Установка цементных деталей погонных орнаментированных плоских, выпуклых и рельефных простого или сложного рисунка	15-03-005-06	100 м	Установка цементных поручней и тетив любого профиля: с орнаментом
ГЭСН	15	15-03-006	Установка цементных штучных деталей (розеток кессонных, балясин)	15-03-006-01	шт	Установка цементных розеток кессонных диаметром до 250 мм
ГЭСН	15	15-03-006	Установка цементных штучных деталей (розеток кессонных, балясин)	15-03-006-02	шт	Установка цементных балясин круглых гладких и орнаментированных, бутылочных или с перехватом без орнамента: рядовых высотой до 650 мм
ГЭСН	15	15-03-006	Установка цементных штучных деталей (розеток кессонных, балясин)	15-03-006-03	шт	Установка цементных балясин круглых гладких и орнаментированных, бутылочных или с перехватом без орнамента: рядовых высотой свыше 650 до 1100 мм
ГЭСН	15	15-03-006	Установка цементных штучных деталей (розеток кессонных, балясин)	15-03-006-04	шт	Установка цементных балясин круглых гладких и орнаментированных, бутылочных или с перехватом без орнамента: угловых высотой до 650 мм
ГЭСН	15	15-03-006	Установка цементных штучных деталей (розеток кессонных, балясин)	15-03-006-05	шт	Установка цементных балясин круглых гладких и орнаментированных, бутылочных или с перехватом без орнамента: угловых высотой свыше 650 до 1100 мм
ГЭСН	15	15-03-007	Установка цементных деталей (капителей, баз, шишек, сухарей, кронштейнов и модульонов)	15-03-007-01	шт	Установка цементных капителей на колоннах гладких и орнаментированных дорических, тосканских высотой: до 500 мм
ГЭСН	15	15-03-007	Установка цементных деталей (капителей, баз, шишек, сухарей, кронштейнов и модульонов)	15-03-007-02	шт	Установка цементных капителей на колоннах гладких и орнаментированных дорических, тосканских высотой: свыше 650 до 750 мм
ГЭСН	15	15-03-007	Установка цементных деталей (капителей, баз, шишек, сухарей, кронштейнов и модульонов)	15-03-007-03	шт	Установка цементных капителей на колоннах сборных высотой: до 500 мм
ГЭСН	15	15-03-007	Установка цементных деталей (капителей, баз, шишек, сухарей, кронштейнов и модульонов)	15-03-007-04	шт	Установка цементных капителей на колоннах сборных высотой: свыше 500 до 1000 мм
ГЭСН	15	15-03-007	Установка цементных деталей (капителей, баз, шишек, сухарей, кронштейнов и модульонов)	15-03-007-05	шт	Установка цементных капителей на колоннах сборных высотой: свыше 1000 до 2000 мм
ГЭСН	15	15-03-007	Установка цементных деталей (капителей, баз, шишек, сухарей, кронштейнов и модульонов)	15-03-007-06	шт	Установка цементных баз на колоннах гладких орнаментированных высотой до 500 мм
ГЭСН	15	15-03-007	Установка цементных деталей (капителей, баз, шишек, сухарей, кронштейнов и модульонов)	15-03-007-07	шт	Установка цементных шишек гладких и орнаментированных высотой до 200 мм
ГЭСН	15	15-03-007	Установка цементных деталей (капителей, баз, шишек, сухарей, кронштейнов и модульонов)	15-03-007-08	шт	Установка цементных сухарей гладких и орнаментированных длиной большей стороны: до 250 мм
ГЭСН	15	15-03-007	Установка цементных деталей (капителей, баз, шишек, сухарей, кронштейнов и модульонов)	15-03-007-09	шт	Установка цементных сухарей гладких и орнаментированных длиной большей стороны: свыше 250 до 400 мм
ГЭСН	15	15-03-007	Установка цементных деталей (капителей, баз, шишек, сухарей, кронштейнов и модульонов)	15-03-007-10	шт	Установка цементных кронштейнов и модульонов гладких длиной большей стороны: до 200 мм
ГЭСН	15	15-03-007	Установка цементных деталей (капителей, баз, шишек, сухарей, кронштейнов и модульонов)	15-03-007-11	шт	Установка цементных кронштейнов и модульонов гладких длиной большей стороны: свыше 200 до 400 мм
ГЭСН	15	15-03-007	Установка цементных деталей (капителей, баз, шишек, сухарей, кронштейнов и модульонов)	15-03-007-12	шт	Установка цементных кронштейнов и модульонов гладких длиной большей стороны: свыше 400 до 750 мм
ГЭСН	15	15-03-007	Установка цементных деталей (капителей, баз, шишек, сухарей, кронштейнов и модульонов)	15-03-007-13	шт	Установка цементных кронштейнов и модульонов гладких длиной большей стороны: свыше 750 до 1100 мм
ГЭСН	15	15-03-008	Установка цементных деталей (ваз, гербов)	15-03-008-01	шт	Установка цементных ваз гладких высотой: до 500 мм
ГЭСН	15	15-03-008	Установка цементных деталей (ваз, гербов)	15-03-008-02	шт	Установка цементных ваз гладких высотой: свыше 500 до 1000 мм
ГЭСН	15	15-03-008	Установка цементных деталей (ваз, гербов)	15-03-008-03	шт	Установка цементных ваз гладких высотой: свыше 1000 до 1350 мм
ГЭСН	15	15-03-008	Установка цементных деталей (ваз, гербов)	15-03-008-04	шт	Установка цементных гербов высотой: до 750 мм
ГЭСН	15	15-03-008	Установка цементных деталей (ваз, гербов)	15-03-008-05	шт	Установка цементных гербов высотой: свыше 750 до 1000 мм
ГЭСН	15	15-03-008	Установка цементных деталей (ваз, гербов)	15-03-008-06	шт	Установка цементных гербов высотой: свыше 1000 до 1500 мм
ГЭСН	15	15-04-001	Окраска клеевыми и казеиновыми составами внутри помещений	15-04-001-01	100 м2	Окраска водными составами внутри помещений клеевая: простая
ГЭСН	15	15-04-001	Окраска клеевыми и казеиновыми составами внутри помещений	15-04-001-02	100 м2	Окраска водными составами внутри помещений клеевая: улучшенная
ГЭСН	15	15-04-001	Окраска клеевыми и казеиновыми составами внутри помещений	15-04-001-03	100 м2	Окраска водными составами внутри помещений клеевая: высококачественная по штукатурке
ГЭСН	15	15-04-001	Окраска клеевыми и казеиновыми составами внутри помещений	15-04-001-04	100 м2	Окраска водными составами внутри помещений клеевая: высококачественная по сборным конструкциям, подготовленным под окраску
ГЭСН	15	15-04-001	Окраска клеевыми и казеиновыми составами внутри помещений	15-04-001-05	100 м2	Окраска водными составами внутри помещений казеиновая: улучшенная
ГЭСН	15	15-04-001	Окраска клеевыми и казеиновыми составами внутри помещений	15-04-001-06	100 м2	Окраска водными составами внутри помещений казеиновая: высококачественная по штукатурке
ГЭСН	15	15-04-001	Окраска клеевыми и казеиновыми составами внутри помещений	15-04-001-07	100 м2	Окраска водными составами внутри помещений казеиновая: высококачественная по сборным конструкциям, подготовленным под окраску
ГЭСН	15	15-04-002	Окраска известковыми и силикатными составами внутри помещений	15-04-002-01	100 м2	Известковая окраска водными составами внутри помещений: по штукатурке
ГЭСН	15	15-04-002	Окраска известковыми и силикатными составами внутри помещений	15-04-002-02	100 м2	Известковая окраска водными составами внутри помещений: по кирпичу и бетону
ГЭСН	15	15-04-002	Окраска известковыми и силикатными составами внутри помещений	15-04-002-03	100 м2	Известковая окраска водными составами внутри помещений: по дереву
ГЭСН	15	15-04-002	Окраска известковыми и силикатными составами внутри помещений	15-04-002-04	100 м2	Силикатная окраска водными составами внутри помещений: по штукатурке и кирпичу
ГЭСН	15	15-04-002	Окраска известковыми и силикатными составами внутри помещений	15-04-002-05	100 м2	Силикатная окраска водными составами внутри помещений: по дереву
ГЭСН	15	15-04-003	Силикатная окраска деревянных сегментных ферм (со всех сторон за 2 раза)	15-04-003-01	100 м2	Силикатная окраска деревянных сегментных ферм (со всех сторон за 2 раза)
ГЭСН	15	15-04-004	Разделка поверхности по клеевой окраске	15-04-004-01	100 м2	Разделка поверхности по клеевой окраске: кистью, количество тонов 1
ГЭСН	15	15-04-004	Разделка поверхности по клеевой окраске	15-04-004-02	100 м2	Разделка поверхности по клеевой окраске: кистью, количество тонов 2 и более
ГЭСН	15	15-04-004	Разделка поверхности по клеевой окраске	15-04-004-03	100 м2	Разделка поверхности по клеевой окраске: валиком, количество тонов 1
ГЭСН	15	15-04-004	Разделка поверхности по клеевой окраске	15-04-004-04	100 м2	Разделка поверхности по клеевой окраске: валиком, количество тонов 2 и более
ГЭСН	15	15-04-004	Разделка поверхности по клеевой окраске	15-04-004-05	100 м2	Разделка поверхности по клеевой окраске: набрызгом, количество тонов 1
ГЭСН	15	15-04-004	Разделка поверхности по клеевой окраске	15-04-004-06	100 м2	Разделка поверхности по клеевой окраске: набрызгом, количество тонов 2 и более
ГЭСН	15	15-04-005	Окраска поливинилацетатными водоэмульсионными составами	15-04-005-01	100 м2	Окраска поливинилацетатными водоэмульсионными составами простая по штукатурке и сборным конструкциям: стен, подготовленным под окраску
ГЭСН	15	15-04-005	Окраска поливинилацетатными водоэмульсионными составами	15-04-005-02	100 м2	Окраска поливинилацетатными водоэмульсионными составами простая по штукатурке и сборным конструкциям: потолков, подготовленным под окраску
ГЭСН	15	15-04-005	Окраска поливинилацетатными водоэмульсионными составами	15-04-005-03	100 м2	Окраска поливинилацетатными водоэмульсионными составами улучшенная: по штукатурке стен
ГЭСН	15	15-04-005	Окраска поливинилацетатными водоэмульсионными составами	15-04-005-04	100 м2	Окраска поливинилацетатными водоэмульсионными составами улучшенная: по штукатурке потолков
ГЭСН	15	15-04-005	Окраска поливинилацетатными водоэмульсионными составами	15-04-005-05	100 м2	Окраска поливинилацетатными водоэмульсионными составами улучшенная: по сборным конструкциям стен, подготовленным под окраску
ГЭСН	15	15-04-005	Окраска поливинилацетатными водоэмульсионными составами	15-04-005-06	100 м2	Окраска поливинилацетатными водоэмульсионными составами улучшенная: по сборным конструкциям потолков, подготовленным под окраску
ГЭСН	15	15-04-005	Окраска поливинилацетатными водоэмульсионными составами	15-04-005-07	100 м2	Окраска поливинилацетатными водоэмульсионными составами высококачественная: по штукатурке стен
ГЭСН	15	15-04-005	Окраска поливинилацетатными водоэмульсионными составами	15-04-005-08	100 м2	Окраска поливинилацетатными водоэмульсионными составами высококачественная: по штукатурке потолков
ГЭСН	15	15-04-005	Окраска поливинилацетатными водоэмульсионными составами	15-04-005-09	100 м2	Окраска поливинилацетатными водоэмульсионными составами высококачественная: по сборным конструкциям стен, подготовленным под окраску
ГЭСН	15	15-04-005	Окраска поливинилацетатными водоэмульсионными составами	15-04-005-10	100 м2	Окраска поливинилацетатными водоэмульсионными составами высококачественная: по сборным конструкциям потолков, подготовленным под окраску
ГЭСН	15	15-04-006	Покрытие поверхностей грунтовкой глубокого проникновения	15-04-006-01	100 м2	Покрытие поверхностей грунтовкой глубокого проникновения: за 1 раз потолков
ГЭСН	15	15-04-006	Покрытие поверхностей грунтовкой глубокого проникновения	15-04-006-02	100 м2	Покрытие поверхностей грунтовкой глубокого проникновения: за 2 раза потолков
ГЭСН	15	15-04-006	Покрытие поверхностей грунтовкой глубокого проникновения	15-04-006-03	100 м2	Покрытие поверхностей грунтовкой глубокого проникновения: за 1 раз стен
ГЭСН	15	15-04-006	Покрытие поверхностей грунтовкой глубокого проникновения	15-04-006-04	100 м2	Покрытие поверхностей грунтовкой глубокого проникновения: за 2 раза стен
ГЭСН	15	15-04-007	Окраска водно-дисперсионными акриловыми составами внутри помещения	15-04-007-01	100 м2	Окраска водно-дисперсионными акриловыми составами улучшенная: по штукатурке стен
ГЭСН	15	15-04-007	Окраска водно-дисперсионными акриловыми составами внутри помещения	15-04-007-02	100 м2	Окраска водно-дисперсионными акриловыми составами улучшенная: по штукатурке потолков
ГЭСН	15	15-04-007	Окраска водно-дисперсионными акриловыми составами внутри помещения	15-04-007-03	100 м2	Окраска водно-дисперсионными акриловыми составами улучшенная: по сборным конструкциям стен, подготовленным под окраску
ГЭСН	15	15-04-007	Окраска водно-дисперсионными акриловыми составами внутри помещения	15-04-007-04	100 м2	Окраска водно-дисперсионными акриловыми составами улучшенная: по сборным конструкциям потолков, подготовленным под окраску
ГЭСН	15	15-04-007	Окраска водно-дисперсионными акриловыми составами внутри помещения	15-04-007-05	100 м2	Окраска водно-дисперсионными акриловыми составами высококачественная: по штукатурке стен
ГЭСН	15	15-04-007	Окраска водно-дисперсионными акриловыми составами внутри помещения	15-04-007-06	100 м2	Окраска водно-дисперсионными акриловыми составами высококачественная: по штукатурке потолков
ГЭСН	15	15-04-007	Окраска водно-дисперсионными акриловыми составами внутри помещения	15-04-007-07	100 м2	Окраска водно-дисперсионными акриловыми составами высококачественная: по сборным конструкциям стен, подготовленным под окраску
ГЭСН	15	15-04-007	Окраска водно-дисперсионными акриловыми составами внутри помещения	15-04-007-08	100 м2	Окраска водно-дисперсионными акриловыми составами высококачественная: по сборным конструкциям потолков, подготовленным под окраску
ГЭСН	15	15-04-011	Окраска фасадов с лесов с подготовкой поверхности известковыми, силикатными и цементными составами	15-04-011-01	100 м2	Окраска фасадов с лесов с подготовкой поверхности: известковая
ГЭСН	15	15-04-011	Окраска фасадов с лесов с подготовкой поверхности известковыми, силикатными и цементными составами	15-04-011-02	100 м2	Окраска фасадов с лесов с подготовкой поверхности: силикатная
ГЭСН	15	15-04-011	Окраска фасадов с лесов с подготовкой поверхности известковыми, силикатными и цементными составами	15-04-011-03	100 м2	Окраска фасадов с лесов с подготовкой поверхности: цементная
ГЭСН	15	15-04-012	Окраска фасадов с лесов с подготовкой поверхности перхлорвиниловыми, кремнийорганическими и поливинилацетатными составами	15-04-012-01	100 м2	Окраска фасадов с лесов с подготовкой поверхности: перхлорвиниловая
ГЭСН	15	15-04-012	Окраска фасадов с лесов с подготовкой поверхности перхлорвиниловыми, кремнийорганическими и поливинилацетатными составами	15-04-012-02	100 м2	Окраска фасадов с лесов с подготовкой поверхности: кремнийорганическая
ГЭСН	15	15-04-012	Окраска фасадов с лесов с подготовкой поверхности перхлорвиниловыми, кремнийорганическими и поливинилацетатными составами	15-04-012-03	100 м2	Окраска фасадов с лесов с подготовкой поверхности: поливинилацетатная
ГЭСН	15	15-04-013	Окраска фасадов с лесов по подготовленной поверхности известковыми, силикатными и цементными составами	15-04-013-01	100 м2	Окраска фасадов с лесов по подготовленной поверхности: известковая
ГЭСН	15	15-04-013	Окраска фасадов с лесов по подготовленной поверхности известковыми, силикатными и цементными составами	15-04-013-02	100 м2	Окраска фасадов с лесов по подготовленной поверхности: силикатная
ГЭСН	15	15-04-013	Окраска фасадов с лесов по подготовленной поверхности известковыми, силикатными и цементными составами	15-04-013-03	100 м2	Окраска фасадов с лесов по подготовленной поверхности: цементная
ГЭСН	15	15-04-014	Окраска фасадов с лесов по подготовленной поверхности перхлорвиниловыми, кремнийорганическими и поливинилацетатными составами	15-04-014-01	100 м2	Окраска фасадов с лесов по подготовленной поверхности: перхлорвиниловая
ГЭСН	15	15-04-014	Окраска фасадов с лесов по подготовленной поверхности перхлорвиниловыми, кремнийорганическими и поливинилацетатными составами	15-04-014-02	100 м2	Окраска фасадов с лесов по подготовленной поверхности: кремнийорганическая
ГЭСН	15	15-04-014	Окраска фасадов с лесов по подготовленной поверхности перхлорвиниловыми, кремнийорганическими и поливинилацетатными составами	15-04-014-03	100 м2	Окраска фасадов с лесов по подготовленной поверхности: поливинилацетатная
ГЭСН	15	15-04-015	Окраска фасадов с люлек с подготовкой поверхности известковыми, силикатными и цементными составами	15-04-015-01	100 м2	Окраска фасадов с люлек с подготовкой поверхности: известковая
ГЭСН	15	15-04-015	Окраска фасадов с люлек с подготовкой поверхности известковыми, силикатными и цементными составами	15-04-015-02	100 м2	Окраска фасадов с люлек с подготовкой поверхности: силикатная
ГЭСН	15	15-04-015	Окраска фасадов с люлек с подготовкой поверхности известковыми, силикатными и цементными составами	15-04-015-03	100 м2	Окраска фасадов с люлек с подготовкой поверхности: цементная
ГЭСН	15	15-04-016	Окраска фасадов с люлек с подготовкой поверхности перхлорвиниловыми, кремнийорганическими и поливинилацетатными составами	15-04-016-01	100 м2	Окраска фасадов с люлек с подготовкой поверхности: перхлорвиниловая
ГЭСН	15	15-04-016	Окраска фасадов с люлек с подготовкой поверхности перхлорвиниловыми, кремнийорганическими и поливинилацетатными составами	15-04-016-02	100 м2	Окраска фасадов с люлек с подготовкой поверхности: кремнийорганическая
ГЭСН	15	15-04-016	Окраска фасадов с люлек с подготовкой поверхности перхлорвиниловыми, кремнийорганическими и поливинилацетатными составами	15-04-016-03	100 м2	Окраска фасадов с люлек с подготовкой поверхности: поливинилацетатная
ГЭСН	15	15-04-017	Окраска фасадов с люлек по подготовленной поверхности известковыми, силикатными и цементными составами	15-04-017-01	100 м2	Окраска фасадов с люлек по подготовленной поверхности: известковая
ГЭСН	15	15-04-017	Окраска фасадов с люлек по подготовленной поверхности известковыми, силикатными и цементными составами	15-04-017-02	100 м2	Окраска фасадов с люлек по подготовленной поверхности: силикатная
ГЭСН	15	15-04-017	Окраска фасадов с люлек по подготовленной поверхности известковыми, силикатными и цементными составами	15-04-017-03	100 м2	Окраска фасадов с люлек по подготовленной поверхности: цементная
ГЭСН	15	15-04-018	Окраска фасадов с люлек по подготовленной поверхности перхлорвиниловыми, кремнийорганическими и поливинилацетатными составами	15-04-018-01	100 м2	Окраска фасадов с люлек по подготовленной поверхности: перхлорвиниловая
ГЭСН	15	15-04-018	Окраска фасадов с люлек по подготовленной поверхности перхлорвиниловыми, кремнийорганическими и поливинилацетатными составами	15-04-018-02	100 м2	Окраска фасадов с люлек по подготовленной поверхности: кремнийорганическая
ГЭСН	15	15-04-018	Окраска фасадов с люлек по подготовленной поверхности перхлорвиниловыми, кремнийорганическими и поливинилацетатными составами	15-04-018-03	100 м2	Окраска фасадов с люлек по подготовленной поверхности: поливинилацетатная
ГЭСН	15	15-04-019	Окраска фасадов акриловыми составами	15-04-019-01	100 м2	Окраска фасадов акриловыми составами в один тон: с люлек вручную с подготовкой поверхности
ГЭСН	15	15-04-019	Окраска фасадов акриловыми составами	15-04-019-02	100 м2	Окраска фасадов акриловыми составами в один тон: с люлек краскопультами с подготовкой поверхности
ГЭСН	15	15-04-019	Окраска фасадов акриловыми составами	15-04-019-03	100 м2	Окраска фасадов акриловыми составами в один тон: с люлек вручную по подготовленной поверхности
ГЭСН	15	15-04-019	Окраска фасадов акриловыми составами	15-04-019-04	100 м2	Окраска фасадов акриловыми составами в один тон: с люлек краскопультом по подготовленной поверхности
ГЭСН	15	15-04-019	Окраска фасадов акриловыми составами	15-04-019-05	100 м2	Окраска фасадов акриловыми составами в один тон: с лесов вручную с подготовкой поверхности
ГЭСН	15	15-04-019	Окраска фасадов акриловыми составами	15-04-019-06	100 м2	Окраска фасадов акриловыми составами в один тон: с лесов краскопультами с подготовкой поверхности
ГЭСН	15	15-04-019	Окраска фасадов акриловыми составами	15-04-019-07	100 м2	Окраска фасадов акриловыми составами в один тон: с лесов вручную по подготовленной поверхности
ГЭСН	15	15-04-019	Окраска фасадов акриловыми составами	15-04-019-08	100 м2	Окраска фасадов акриловыми составами в один тон: с лесов краскопультом по подготовленной поверхности
ГЭСН	15	15-04-019	Окраска фасадов акриловыми составами	15-04-019-09	100 м2	Окраска фасадов акриловыми составами в два тона: с люлек вручную с подготовкой поверхности
ГЭСН	15	15-04-019	Окраска фасадов акриловыми составами	15-04-019-10	100 м2	Окраска фасадов акриловыми составами в два тона: с люлек краскопультами с подготовкой поверхности
ГЭСН	15	15-04-019	Окраска фасадов акриловыми составами	15-04-019-11	100 м2	Окраска фасадов акриловыми составами в два тона: с люлек вручную по подготовленной поверхности
ГЭСН	15	15-04-019	Окраска фасадов акриловыми составами	15-04-019-12	100 м2	Окраска фасадов акриловыми составами в два тона: с люлек краскопультом по подготовленной поверхности
ГЭСН	15	15-04-019	Окраска фасадов акриловыми составами	15-04-019-13	100 м2	Окраска фасадов акриловыми составами в два тона: с лесов вручную с подготовкой поверхности
ГЭСН	15	15-04-019	Окраска фасадов акриловыми составами	15-04-019-14	100 м2	Окраска фасадов акриловыми составами в два тона: с лесов краскопультами с подготовкой поверхности
ГЭСН	15	15-04-019	Окраска фасадов акриловыми составами	15-04-019-15	100 м2	Окраска фасадов акриловыми составами в два тона: с лесов вручную по подготовленной поверхности
ГЭСН	15	15-04-019	Окраска фасадов акриловыми составами	15-04-019-16	100 м2	Окраска фасадов акриловыми составами в два тона: с лесов краскопультом по подготовленной поверхности
ГЭСН	15	15-04-019	Окраска фасадов акриловыми составами	15-04-019-17	100 м2	Окраска фасадов акриловыми составами по сборным конструкциям более чем в два тона: с люлек вручную с подготовкой поверхности
ГЭСН	15	15-04-019	Окраска фасадов акриловыми составами	15-04-019-18	100 м2	Окраска фасадов акриловыми составами по сборным конструкциям более чем в два тона: с люлек краскопультами с подготовкой поверхности
ГЭСН	15	15-04-019	Окраска фасадов акриловыми составами	15-04-019-19	100 м2	Окраска фасадов акриловыми составами по сборным конструкциям более чем в два тона: с люлек вручную по подготовленной поверхности
ГЭСН	15	15-04-019	Окраска фасадов акриловыми составами	15-04-019-20	100 м2	Окраска фасадов акриловыми составами по сборным конструкциям более чем в два тона: с люлек краскопультом по подготовленной поверхности
ГЭСН	15	15-04-019	Окраска фасадов акриловыми составами	15-04-019-21	100 м2	Окраска фасадов акриловыми составами по сборным конструкциям более чем в два тона: с лесов вручную с подготовкой поверхности
ГЭСН	15	15-04-019	Окраска фасадов акриловыми составами	15-04-019-22	100 м2	Окраска фасадов акриловыми составами по сборным конструкциям более чем в два тона: с лесов краскопультами с подготовкой поверхности
ГЭСН	15	15-04-019	Окраска фасадов акриловыми составами	15-04-019-23	100 м2	Окраска фасадов акриловыми составами по сборным конструкциям более чем в два тона: с лесов вручную по подготовленной поверхности
ГЭСН	15	15-04-019	Окраска фасадов акриловыми составами	15-04-019-24	100 м2	Окраска фасадов акриловыми составами по сборным конструкциям более чем в два тона: с лесов краскопультом по подготовленной поверхности
ГЭСН	15	15-04-020	Окраска фасадов с лесов всесезонной (морозостойкой) акриловой краской с подготовкой поверхности	15-04-020-01	100 м2	Окраска фасадов с лесов всесезонной (морозостойкой) акриловой краской с подготовкой поверхности
ГЭСН	15	15-04-024	Простая окраска масляными составами	15-04-024-01	100 м2	Простая окраска масляными составами по дереву: стен
ГЭСН	15	15-04-024	Простая окраска масляными составами	15-04-024-02	100 м2	Простая окраска масляными составами по дереву: потолков
ГЭСН	15	15-04-024	Простая окраска масляными составами	15-04-024-03	100 м2	Простая окраска масляными составами по дереву: полов
ГЭСН	15	15-04-024	Простая окраска масляными составами	15-04-024-04	100 м2	Простая окраска масляными составами по дереву: заполнений дверных проемов
ГЭСН	15	15-04-024	Простая окраска масляными составами	15-04-024-05	100 м2	Простая окраска масляными составами по дереву: заполнений оконных проемов
ГЭСН	15	15-04-024	Простая окраска масляными составами	15-04-024-06	100 м2	Простая окраска масляными составами по дереву: дверных блоков, подготовленных под вторую окраску
ГЭСН	15	15-04-024	Простая окраска масляными составами	15-04-024-07	100 м2	Простая окраска масляными составами по дереву: оконных блоков, подготовленных под вторую окраску
ГЭСН	15	15-04-024	Простая окраска масляными составами	15-04-024-08	100 м2	Простая окраска масляными составами по штукатурке и сборным конструкциям: стен, подготовленных под окраску
ГЭСН	15	15-04-024	Простая окраска масляными составами	15-04-024-09	100 м2	Простая окраска масляными составами по штукатурке и сборным конструкциям: потолков, подготовленных под окраску
ГЭСН	15	15-04-025	Улучшенная окраска масляными составами	15-04-025-01	100 м2	Улучшенная окраска масляными составами по дереву: стен
ГЭСН	15	15-04-025	Улучшенная окраска масляными составами	15-04-025-02	100 м2	Улучшенная окраска масляными составами по дереву: потолков
ГЭСН	15	15-04-025	Улучшенная окраска масляными составами	15-04-025-03	100 м2	Улучшенная окраска масляными составами по дереву: полов
ГЭСН	15	15-04-025	Улучшенная окраска масляными составами	15-04-025-04	100 м2	Улучшенная окраска масляными составами по дереву: заполнений дверных проемов
ГЭСН	15	15-04-025	Улучшенная окраска масляными составами	15-04-025-05	100 м2	Улучшенная окраска масляными составами по дереву: заполнений оконных проемов
ГЭСН	15	15-04-025	Улучшенная окраска масляными составами	15-04-025-06	100 м2	Улучшенная окраска масляными составами по дереву: дверных блоков, подготовленных под вторую окраску
ГЭСН	15	15-04-025	Улучшенная окраска масляными составами	15-04-025-07	100 м2	Улучшенная окраска масляными составами по дереву: оконных блоков, подготовленных под вторую окраску
ГЭСН	15	15-04-025	Улучшенная окраска масляными составами	15-04-025-08	100 м2	Улучшенная окраска масляными составами по штукатурке: стен
ГЭСН	15	15-04-025	Улучшенная окраска масляными составами	15-04-025-09	100 м2	Улучшенная окраска масляными составами по штукатурке: потолков
ГЭСН	15	15-04-025	Улучшенная окраска масляными составами	15-04-025-10	100 м2	Улучшенная окраска масляными составами по сборным конструкциям: стен, подготовленных под окраску
ГЭСН	15	15-04-025	Улучшенная окраска масляными составами	15-04-025-11	100 м2	Улучшенная окраска масляными составами по сборным конструкциям: потолков, подготовленных под окраску
ГЭСН	15	15-04-026	Высококачественная окраска масляными составами	15-04-026-01	100 м2	Высококачественная окраска масляными составами по дереву: стен
ГЭСН	15	15-04-026	Высококачественная окраска масляными составами	15-04-026-02	100 м2	Высококачественная окраска масляными составами по дереву: потолков
ГЭСН	15	15-04-026	Высококачественная окраска масляными составами	15-04-026-03	100 м2	Высококачественная окраска масляными составами по дереву: полов
ГЭСН	15	15-04-026	Высококачественная окраска масляными составами	15-04-026-04	100 м2	Высококачественная окраска масляными составами по дереву: заполнений дверных проемов
ГЭСН	15	15-04-026	Высококачественная окраска масляными составами	15-04-026-05	100 м2	Высококачественная окраска масляными составами по дереву: заполнений оконных проемов
ГЭСН	15	15-04-026	Высококачественная окраска масляными составами	15-04-026-06	100 м2	Высококачественная окраска масляными составами по штукатурке: стен
ГЭСН	15	15-04-026	Высококачественная окраска масляными составами	15-04-026-07	100 м2	Высококачественная окраска масляными составами по штукатурке: потолков
ГЭСН	15	15-04-026	Высококачественная окраска масляными составами	15-04-026-08	100 м2	Высококачественная окраска масляными составами по сборным конструкциям: стен, подготовленных под окраску
ГЭСН	15	15-04-026	Высококачественная окраска масляными составами	15-04-026-09	100 м2	Высококачественная окраска масляными составами по сборным конструкциям: потолков, подготовленных под окраску
ГЭСН	15	15-04-027	Третья шпатлевка при высококачественной окраске	15-04-027-01	100 м2	Третья шпатлевка при высококачественной окраске по дереву: стен
ГЭСН	15	15-04-027	Третья шпатлевка при высококачественной окраске	15-04-027-02	100 м2	Третья шпатлевка при высококачественной окраске по дереву: потолков
ГЭСН	15	15-04-027	Третья шпатлевка при высококачественной окраске	15-04-027-03	100 м2	Третья шпатлевка при высококачественной окраске по дереву: заполнений дверных проемов
ГЭСН	15	15-04-027	Третья шпатлевка при высококачественной окраске	15-04-027-04	100 м2	Третья шпатлевка при высококачественной окраске по дереву: заполнений оконных проемов
ГЭСН	15	15-04-027	Третья шпатлевка при высококачественной окраске	15-04-027-05	100 м2	Третья шпатлевка при высококачественной окраске по штукатурке и сборным конструкциям: стен, подготовленных под окраску
ГЭСН	15	15-04-027	Третья шпатлевка при высококачественной окраске	15-04-027-06	100 м2	Третья шпатлевка при высококачественной окраске по штукатурке и сборным конструкциям: потолков, подготовленных под окраску
ГЭСН	15	15-04-028	Рядовая разделка с последующей лессировкой окрашиваемой поверхности	15-04-028-01	100 м2	Рядовая разделка с последующей лессировкой окрашиваемой поверхности: стен
ГЭСН	15	15-04-028	Рядовая разделка с последующей лессировкой окрашиваемой поверхности	15-04-028-02	100 м2	Рядовая разделка с последующей лессировкой окрашиваемой поверхности: дверных заполнений
ГЭСН	15	15-04-029	Покрытие полов лаком и оклейка полов и стен тканями	15-04-029-01	100 м2	Покрытие полов лаком по огрунтованной или окрашенной поверхности: за 1 раз
ГЭСН	15	15-04-029	Покрытие полов лаком и оклейка полов и стен тканями	15-04-029-02	100 м2	Покрытие полов лаком по огрунтованной или окрашенной поверхности: за 2 раза
ГЭСН	15	15-04-029	Покрытие полов лаком и оклейка полов и стен тканями	15-04-029-05	100 м2	Огнезащитная пропитка текстильных (тканевых) покрытий
ГЭСН	15	15-04-030	Масляная окраска металлических поверхностей и трубопроводов по изоляции	15-04-030-01	100 м2	Масляная окраска металлических поверхностей: больших (кроме кровель), количество окрасок 1
ГЭСН	15	15-04-030	Масляная окраска металлических поверхностей и трубопроводов по изоляции	15-04-030-02	100 м2	Масляная окраска металлических поверхностей: больших (кроме кровель), количество окрасок 2
ГЭСН	15	15-04-030	Масляная окраска металлических поверхностей и трубопроводов по изоляции	15-04-030-03	100 м2	Масляная окраска металлических поверхностей: стальных балок, труб диаметром более 50 мм и т.п., количество окрасок 2
ГЭСН	15	15-04-030	Масляная окраска металлических поверхностей и трубопроводов по изоляции	15-04-030-04	100 м2	Масляная окраска металлических поверхностей: решеток, переплетов, труб диаметром менее 50 мм и т.п., количество окрасок 2
ГЭСН	15	15-04-030	Масляная окраска металлических поверхностей и трубопроводов по изоляции	15-04-030-05	100 м2	Окраска масляными составами трубопроводов по изоляции
ГЭСН	15	15-04-031	Окраска кровли суриком	15-04-031-01	100 м2	Окраска кровли суриком: за 1 раз
ГЭСН	15	15-04-031	Окраска кровли суриком	15-04-031-02	100 м2	Окраска кровли суриком: за 2 раза
ГЭСН	15	15-04-032	Окраска суриком стальных обделок на фасадах	15-04-032-01	100 м2	Окраска суриком стальных обделок на фасадах: с водосточными трубами
ГЭСН	15	15-04-032	Окраска суриком стальных обделок на фасадах	15-04-032-02	100 м2	Окраска суриком стальных обделок на фасадах: без водосточных труб
ГЭСН	15	15-04-033	Окраска суриком металлических поверхностей	15-04-033-01	100 м2	Окраска суриком больших металлических поверхностей (кроме кровель): за один раз
ГЭСН	15	15-04-033	Окраска суриком металлических поверхностей	15-04-033-02	100 м2	Окраска суриком больших металлических поверхностей (кроме кровель): за два раза
ГЭСН	15	15-04-033	Окраска суриком металлических поверхностей	15-04-033-03	100 м2	Окраска суриком за два раза: стальных балок, труб диаметром более 50 мм
ГЭСН	15	15-04-033	Окраска суриком металлических поверхностей	15-04-033-04	100 м2	Окраска суриком за два раза: металлических решеток, переплетов, радиаторов, труб диаметром менее 50 мм
ГЭСН	15	15-04-034	Окраска белилами	15-04-034-01	100 м2	Простая окраска белилами по дереву: стен
ГЭСН	15	15-04-034	Окраска белилами	15-04-034-02	100 м2	Простая окраска белилами по дереву: потолков
ГЭСН	15	15-04-034	Окраска белилами	15-04-034-03	100 м2	Простая окраска белилами по дереву заполнений проемов: дверных
ГЭСН	15	15-04-034	Окраска белилами	15-04-034-04	100 м2	Простая окраска белилами по дереву заполнений проемов: оконных
ГЭСН	15	15-04-034	Окраска белилами	15-04-034-05	100 м2	Простая окраска белилами по дереву блоков, подготовленных под вторую окраску: дверных
ГЭСН	15	15-04-034	Окраска белилами	15-04-034-06	100 м2	Простая окраска белилами по дереву блоков, подготовленных под вторую окраску: оконных
ГЭСН	15	15-04-034	Окраска белилами	15-04-034-07	100 м2	Простая окраска белилами по штукатурке и сборным конструкциям, подготовленным под окраску: стен
ГЭСН	15	15-04-034	Окраска белилами	15-04-034-08	100 м2	Простая окраска белилами по штукатурке и сборным конструкциям, подготовленным под окраску: потолков
ГЭСН	15	15-04-034	Окраска белилами	15-04-034-09	100 м2	Высококачественная окраска белилами по дереву: стен
ГЭСН	15	15-04-034	Окраска белилами	15-04-034-10	100 м2	Высококачественная окраска белилами по дереву: потолков
ГЭСН	15	15-04-034	Окраска белилами	15-04-034-11	100 м2	Высококачественная окраска белилами по дереву заполнений проемов: дверных
ГЭСН	15	15-04-034	Окраска белилами	15-04-034-12	100 м2	Высококачественная окраска белилами по дереву заполнений проемов: оконных
ГЭСН	15	15-04-034	Окраска белилами	15-04-034-13	100 м2	Высококачественная окраска белилами по штукатурке: стен
ГЭСН	15	15-04-034	Окраска белилами	15-04-034-14	100 м2	Высококачественная окраска белилами по штукатурке: потолков
ГЭСН	15	15-04-034	Окраска белилами	15-04-034-15	100 м2	Высококачественная окраска белилами по сборным конструкциям, подготовленным под окраску: стен
ГЭСН	15	15-04-034	Окраска белилами	15-04-034-16	100 м2	Высококачественная окраска белилами по сборным конструкциям, подготовленным под окраску: потолков
ГЭСН	15	15-04-034	Окраска белилами	15-04-034-17	100 м2	Улучшенная окраска белилами по дереву: стен
ГЭСН	15	15-04-034	Окраска белилами	15-04-034-18	100 м2	Улучшенная окраска белилами по дереву: потолков
ГЭСН	15	15-04-034	Окраска белилами	15-04-034-19	100 м2	Улучшенная окраска белилами по дереву заполнений проемов: дверных
ГЭСН	15	15-04-034	Окраска белилами	15-04-034-20	100 м2	Улучшенная окраска белилами по дереву заполнений проемов: оконных
ГЭСН	15	15-04-034	Окраска белилами	15-04-034-21	100 м2	Улучшенная окраска белилами по дереву блоков, подготовленных под вторую окраску: дверных
ГЭСН	15	15-04-034	Окраска белилами	15-04-034-22	100 м2	Улучшенная окраска белилами по дереву блоков, подготовленных под вторую окраску: оконных
ГЭСН	15	15-04-034	Окраска белилами	15-04-034-23	100 м2	Улучшенная окраска белилами по штукатурке: стен
ГЭСН	15	15-04-034	Окраска белилами	15-04-034-24	100 м2	Улучшенная окраска белилами по штукатурке: потолков
ГЭСН	15	15-04-034	Окраска белилами	15-04-034-25	100 м2	Улучшенная окраска белилами по сборным конструкциям, подготовленным под окраску: стен
ГЭСН	15	15-04-034	Окраска белилами	15-04-034-26	100 м2	Улучшенная окраска белилами по сборным конструкциям, подготовленным под окраску: потолков
ГЭСН	15	15-04-037	Проолифка поверхностей	15-04-037-01	100 м2	Проолифка деревянных поверхностей: механизированным способом
ГЭСН	15	15-04-037	Проолифка поверхностей	15-04-037-02	100 м2	Проолифка деревянных поверхностей: валиком
ГЭСН	15	15-04-037	Проолифка поверхностей	15-04-037-03	100 м2	Проолифка деревянных поверхностей: кистью
ГЭСН	15	15-04-037	Проолифка поверхностей	15-04-037-04	100 м2	Проолифка бетонных и оштукатуренных поверхностей: механизированным способом
ГЭСН	15	15-04-037	Проолифка поверхностей	15-04-037-05	100 м2	Проолифка бетонных и оштукатуренных поверхностей: валиком
ГЭСН	15	15-04-037	Проолифка поверхностей	15-04-037-06	100 м2	Проолифка бетонных и оштукатуренных поверхностей: кистью
ГЭСН	15	15-04-037	Проолифка поверхностей	15-04-037-07	100 м2	Проолифка металлических поверхностей: механизированным способом
ГЭСН	15	15-04-037	Проолифка поверхностей	15-04-037-08	100 м2	Проолифка металлических поверхностей: вручную
ГЭСН	15	15-04-038	Окраска эмалевыми составами, покрытие масляными и спиртовыми лаками	15-04-038-01	100 м2	Окраска эмалевыми составами по дереву с подготовкой поверхности: стен
ГЭСН	15	15-04-038	Окраска эмалевыми составами, покрытие масляными и спиртовыми лаками	15-04-038-02	100 м2	Окраска эмалевыми составами по дереву с подготовкой поверхности: заполнений дверных проемов
ГЭСН	15	15-04-038	Окраска эмалевыми составами, покрытие масляными и спиртовыми лаками	15-04-038-03	100 м2	Окраска эмалевыми составами по дереву с подготовкой поверхности: заполнений оконных проемов
ГЭСН	15	15-04-038	Окраска эмалевыми составами, покрытие масляными и спиртовыми лаками	15-04-038-04	100 м2	Покрытие масляными и спиртовыми лаками по окрашиваемой или огрунтованной поверхности: стен за 1 раз
ГЭСН	15	15-04-038	Окраска эмалевыми составами, покрытие масляными и спиртовыми лаками	15-04-038-05	100 м2	Покрытие масляными и спиртовыми лаками по окрашиваемой или огрунтованной поверхности: потолков за 1 раз
ГЭСН	15	15-04-038	Окраска эмалевыми составами, покрытие масляными и спиртовыми лаками	15-04-038-06	100 м2	Покрытие масляными и спиртовыми лаками по окрашиваемой или огрунтованной поверхности: заполнений дверных проемов за 1 раз
ГЭСН	15	15-04-038	Окраска эмалевыми составами, покрытие масляными и спиртовыми лаками	15-04-038-07	100 м2	Покрытие масляными и спиртовыми лаками по окрашиваемой или огрунтованной поверхности: заполнений оконных проемов за 1 раз
ГЭСН	15	15-04-038	Окраска эмалевыми составами, покрытие масляными и спиртовыми лаками	15-04-038-08	100 м2	Покрытие масляными и спиртовыми лаками по окрашиваемой или огрунтованной поверхности: стен за 2 раза
ГЭСН	15	15-04-038	Окраска эмалевыми составами, покрытие масляными и спиртовыми лаками	15-04-038-09	100 м2	Покрытие масляными и спиртовыми лаками по окрашиваемой или огрунтованной поверхности: потолков за 2 раза
ГЭСН	15	15-04-038	Окраска эмалевыми составами, покрытие масляными и спиртовыми лаками	15-04-038-10	100 м2	Покрытие масляными и спиртовыми лаками по окрашиваемой или огрунтованной поверхности: заполнений дверных проемов за 2 раза
ГЭСН	15	15-04-038	Окраска эмалевыми составами, покрытие масляными и спиртовыми лаками	15-04-038-11	100 м2	Покрытие масляными и спиртовыми лаками по окрашиваемой или огрунтованной поверхности: заполнений оконных проемов за 2 раза
ГЭСН	15	15-04-039	Покрытие масляными или спиртовыми лаками по проолифленной поверхности	15-04-039-01	100 м2	Покрытие масляными или спиртовыми лаками по проолифленной поверхности: стен за 1 раз
ГЭСН	15	15-04-039	Покрытие масляными или спиртовыми лаками по проолифленной поверхности	15-04-039-02	100 м2	Покрытие масляными или спиртовыми лаками по проолифленной поверхности: потолков за 1 раз
ГЭСН	15	15-04-039	Покрытие масляными или спиртовыми лаками по проолифленной поверхности	15-04-039-03	100 м2	Покрытие масляными или спиртовыми лаками по проолифленной поверхности: заполнений дверных проемов за 1 раз
ГЭСН	15	15-04-039	Покрытие масляными или спиртовыми лаками по проолифленной поверхности	15-04-039-04	100 м2	Покрытие масляными или спиртовыми лаками по проолифленной поверхности: заполнений оконных проемов за 1 раз
ГЭСН	15	15-04-039	Покрытие масляными или спиртовыми лаками по проолифленной поверхности	15-04-039-05	100 м2	Покрытие масляными или спиртовыми лаками по проолифленной поверхности: стен за 2 раза
ГЭСН	15	15-04-039	Покрытие масляными или спиртовыми лаками по проолифленной поверхности	15-04-039-06	100 м2	Покрытие масляными или спиртовыми лаками по проолифленной поверхности: потолков за 2 раза
ГЭСН	15	15-04-039	Покрытие масляными или спиртовыми лаками по проолифленной поверхности	15-04-039-07	100 м2	Покрытие масляными или спиртовыми лаками по проолифленной поверхности: заполнений дверных проемов за 2 раза
ГЭСН	15	15-04-039	Покрытие масляными или спиртовыми лаками по проолифленной поверхности	15-04-039-08	100 м2	Покрытие масляными или спиртовыми лаками по проолифленной поверхности: заполнений оконных проемов за 2 раза
ГЭСН	15	15-04-040	Окраска по металлу за 1 раз	15-04-040-01	100 м2	Окраска по металлу за 1 раз печным лаком: стен
ГЭСН	15	15-04-040	Окраска по металлу за 1 раз	15-04-040-02	100 м2	Окраска по металлу за 1 раз печным лаком: заполнений дверных проемов и печей
ГЭСН	15	15-04-040	Окраска по металлу за 1 раз	15-04-040-03	100 м2	Окраска по металлу за 1 раз печным лаком: заполнений оконных проемов, решеток и печных труб
ГЭСН	15	15-04-040	Окраска по металлу за 1 раз	15-04-040-04	100 м2	Окраска по металлу за 1 раз кузбасским лаком: стен
ГЭСН	15	15-04-040	Окраска по металлу за 1 раз	15-04-040-05	100 м2	Окраска по металлу за 1 раз кузбасским лаком: заполнений дверных проемов и печей
ГЭСН	15	15-04-040	Окраска по металлу за 1 раз	15-04-040-06	100 м2	Окраска по металлу за 1 раз кузбасским лаком: заполнений оконных проемов и решеток
ГЭСН	15	15-04-040	Окраска по металлу за 1 раз	15-04-040-10	100 м2	Окраска по металлу за 1 раз металлическим порошком решеток
ГЭСН	15	15-04-041	Окраска по металлу за 2 раза	15-04-041-01	100 м2	Окраска по металлу за 2 раза печным лаком: стен
ГЭСН	15	15-04-041	Окраска по металлу за 2 раза	15-04-041-02	100 м2	Окраска по металлу за 2 раза печным лаком: заполнений дверных проемов и печей
ГЭСН	15	15-04-041	Окраска по металлу за 2 раза	15-04-041-03	100 м2	Окраска по металлу за 2 раза печным лаком: заполнений оконных проемов, решеток и печных труб
ГЭСН	15	15-04-041	Окраска по металлу за 2 раза	15-04-041-04	100 м2	Окраска по металлу за 2 раза кузбасским лаком: стен
ГЭСН	15	15-04-041	Окраска по металлу за 2 раза	15-04-041-05	100 м2	Окраска по металлу за 2 раза кузбасским лаком: заполнений дверных проемов и печей
ГЭСН	15	15-04-041	Окраска по металлу за 2 раза	15-04-041-06	100 м2	Окраска по металлу за 2 раза кузбасским лаком: заполнений оконных проемов и решеток
ГЭСН	15	15-04-043	Гидрофобизация поверхности штукатурки фасадов	15-04-043-01	100 м2	Гидрофобизация поверхности штукатурки фасадов гладких с лесов: вручную
ГЭСН	15	15-04-043	Гидрофобизация поверхности штукатурки фасадов	15-04-043-02	100 м2	Гидрофобизация поверхности штукатурки фасадов гладких с лесов: с применением распылителя
ГЭСН	15	15-04-044	Гидрофобизация поверхности внутренней штукатурки стен	15-04-044-01	100 м2	Гидрофобизация поверхности внутренней штукатурки стен: вручную
ГЭСН	15	15-04-044	Гидрофобизация поверхности внутренней штукатурки стен	15-04-044-02	100 м2	Гидрофобизация поверхности внутренней штукатурки стен: с применением распылителя
ГЭСН	15	15-04-045	Гидрофобизация поверхности облицовки цоколей	15-04-045-01	100 м2	Гидрофобизация поверхности облицовки цоколей: из гранита вручную
ГЭСН	15	15-04-045	Гидрофобизация поверхности облицовки цоколей	15-04-045-02	100 м2	Гидрофобизация поверхности облицовки цоколей: из гранита с применением распылителя
ГЭСН	15	15-04-045	Гидрофобизация поверхности облицовки цоколей	15-04-045-03	100 м2	Гидрофобизация поверхности облицовки цоколей: из известняка и мрамора вручную
ГЭСН	15	15-04-045	Гидрофобизация поверхности облицовки цоколей	15-04-045-04	100 м2	Гидрофобизация поверхности облицовки цоколей: из известняка и мрамора с применением распылителя
ГЭСН	15	15-04-047	Декоративная отделка поверхностей	15-04-047-01	100 м2	Декоративная отделка поверхностей под мрамор: клеевая
ГЭСН	15	15-04-047	Декоративная отделка поверхностей	15-04-047-02	100 м2	Декоративная отделка поверхностей под мрамор: масляная
ГЭСН	15	15-04-047	Декоративная отделка поверхностей	15-04-047-03	100 м2	Декоративная отделка поверхностей под шелк картами (коврами) клеевая, категория сложности: 1
ГЭСН	15	15-04-047	Декоративная отделка поверхностей	15-04-047-04	100 м2	Декоративная отделка поверхностей под шелк картами (коврами) клеевая, категория сложности: 2
ГЭСН	15	15-04-047	Декоративная отделка поверхностей	15-04-047-05	100 м2	Декоративная отделка поверхностей под шелк картами (коврами) клеевая, категория сложности: 3
ГЭСН	15	15-04-047	Декоративная отделка поверхностей	15-04-047-06	100 м2	Декоративная отделка поверхностей под шелк картами (коврами) масляная, категория сложности: 1
ГЭСН	15	15-04-047	Декоративная отделка поверхностей	15-04-047-07	100 м2	Декоративная отделка поверхностей под шелк картами (коврами) масляная, категория сложности: 2
ГЭСН	15	15-04-047	Декоративная отделка поверхностей	15-04-047-08	100 м2	Декоративная отделка поверхностей под шелк картами (коврами) масляная, категория сложности: 3
ГЭСН	15	15-04-047	Декоративная отделка поверхностей	15-04-047-09	100 м2	Декоративная отделка поверхностей клеевая - разделка по эскизам, категория сложности: 1
ГЭСН	15	15-04-047	Декоративная отделка поверхностей	15-04-047-10	100 м2	Декоративная отделка поверхностей клеевая - разделка по эскизам, категория сложности: 2
ГЭСН	15	15-04-047	Декоративная отделка поверхностей	15-04-047-11	100 м2	Декоративная отделка поверхностей клеевая - разделка по эскизам, категория сложности: 3
ГЭСН	15	15-04-047	Декоративная отделка поверхностей	15-04-047-12	100 м2	Декоративная отделка поверхностей - набивка фриза по трафарету: клеевая
ГЭСН	15	15-04-047	Декоративная отделка поверхностей	15-04-047-13	100 м2	Декоративная отделка поверхностей - набивка фриза по трафарету: масляная
ГЭСН	15	15-04-048	Отделка поверхностей мелкозернистыми декоративными покрытиями из минеральных или полимерминеральных составов	15-04-048-01	100 м2	Отделка фасадов мелкозернистыми декоративными покрытиями из минеральных или полимерминеральных составов по подготовленной поверхности с лесов и земли, состав с наполнителем: из микроминерала (размер з
ГЭСН	15	15-04-048	Отделка поверхностей мелкозернистыми декоративными покрытиями из минеральных или полимерминеральных составов	15-04-048-02	100 м2	Отделка фасадов мелкозернистыми декоративными покрытиями из минеральных или полимерминеральных составов по подготовленной поверхности с лесов и земли, состав с наполнителем: из мелкозернистого минерал
ГЭСН	15	15-04-048	Отделка поверхностей мелкозернистыми декоративными покрытиями из минеральных или полимерминеральных составов	15-04-048-03	100 м2	Отделка фасадов мелкозернистыми декоративными покрытиями из минеральных или полимерминеральных составов по подготовленной поверхности с лесов и земли, состав с наполнителем: из среднезернистого минера
ГЭСН	15	15-04-048	Отделка поверхностей мелкозернистыми декоративными покрытиями из минеральных или полимерминеральных составов	15-04-048-04	100 м2	Отделка фасадов мелкозернистыми декоративными покрытиями из минеральных или полимерминеральных составов по подготовленной поверхности с лесов и земли, состав с наполнителем: из крупнозернистого минера
ГЭСН	15	15-04-048	Отделка поверхностей мелкозернистыми декоративными покрытиями из минеральных или полимерминеральных составов	15-04-048-05	100 м2	Отделка стен внутри помещений мелкозернистыми декоративными покрытиями из минеральных или полимерминеральных составов по подготовленной поверхности, состав с наполнителем: из микроминерала (размер зер
ГЭСН	15	15-04-048	Отделка поверхностей мелкозернистыми декоративными покрытиями из минеральных или полимерминеральных составов	15-04-048-06	100 м2	Отделка стен внутри помещений мелкозернистыми декоративными покрытиями из минеральных или полимерминеральных составов по подготовленной поверхности, состав с наполнителем: из мелкозернистого минерала 
ГЭСН	15	15-04-048	Отделка поверхностей мелкозернистыми декоративными покрытиями из минеральных или полимерминеральных составов	15-04-048-07	100 м2	Отделка стен внутри помещений мелкозернистыми декоративными покрытиями из минеральных или полимерминеральных составов по подготовленной поверхности, состав с наполнителем: из среднезернистого минерала
ГЭСН	15	15-04-048	Отделка поверхностей мелкозернистыми декоративными покрытиями из минеральных или полимерминеральных составов	15-04-048-08	100 м2	Отделка стен внутри помещений мелкозернистыми декоративными покрытиями из минеральных или полимерминеральных составов по подготовленной поверхности, состав с наполнителем: из крупнозернистого минерала
ГЭСН	15	15-04-048	Отделка поверхностей мелкозернистыми декоративными покрытиями из минеральных или полимерминеральных составов	15-04-048-09	100 м2	Отделка потолков мелкозернистыми декоративными покрытиями из минеральных или полимерминеральных составов с наполнителем: из микроминерала (размер зерна до 0,7 мм)
ГЭСН	15	15-04-048	Отделка поверхностей мелкозернистыми декоративными покрытиями из минеральных или полимерминеральных составов	15-04-048-10	100 м2	Отделка потолков мелкозернистыми декоративными покрытиями из минеральных или полимерминеральных составов с наполнителем: из мелкозернистого минерала (размер зерна до 1,8 мм)
ГЭСН	15	15-04-048	Отделка поверхностей мелкозернистыми декоративными покрытиями из минеральных или полимерминеральных составов	15-04-048-11	100 м2	Отделка потолков мелкозернистыми декоративными покрытиями из минеральных или полимерминеральных составов с наполнителем: из среднезернистого минерала (размер зерна до 3 мм)
ГЭСН	15	15-04-048	Отделка поверхностей мелкозернистыми декоративными покрытиями из минеральных или полимерминеральных составов	15-04-048-12	100 м2	Отделка потолков мелкозернистыми декоративными покрытиями из минеральных или полимерминеральных составов с наполнителем: из крупнозернистого минерала (размер зерна до 5 мм)
ГЭСН	15	15-04-048	Отделка поверхностей мелкозернистыми декоративными покрытиями из минеральных или полимерминеральных составов	15-04-048-13	100 м2	При структурировании поверхности фактурными валиками или шпателями добавлять к нормам 15-04-048-06, 15-04-048-07, 15-04-048-08
ГЭСН	15	15-04-048	Отделка поверхностей мелкозернистыми декоративными покрытиями из минеральных или полимерминеральных составов	15-04-048-14	100 м2	При разделке коврами (картами) добавлять к нормам 15-04-048-05, 15-04-048-06, 15-04-048-07, 15-04-048-08
ГЭСН	15	15-04-049	Отделка стен внутри помещения по подготовленным поверхностям рельефным штукатурным акриловым покрытием	15-04-049-01	100 м2	Отделка стен внутри помещения по подготовленным поверхностям рельефным штукатурным акриловым покрытием механизированным способом: фактура Микро
ГЭСН	15	15-04-049	Отделка стен внутри помещения по подготовленным поверхностям рельефным штукатурным акриловым покрытием	15-04-049-02	100 м2	Отделка стен внутри помещения по подготовленным поверхностям рельефным штукатурным акриловым покрытием механизированным способом: фактура Мелкозернистый
ГЭСН	15	15-04-049	Отделка стен внутри помещения по подготовленным поверхностям рельефным штукатурным акриловым покрытием	15-04-049-03	100 м2	Отделка стен внутри помещения по подготовленным поверхностям рельефным штукатурным акриловым покрытием механизированным способом: фактура Стандарт
ГЭСН	15	15-04-049	Отделка стен внутри помещения по подготовленным поверхностям рельефным штукатурным акриловым покрытием	15-04-049-04	100 м2	Отделка стен внутри помещения по подготовленным поверхностям рельефным штукатурным акриловым покрытием вручную: фактура Микро
ГЭСН	15	15-04-049	Отделка стен внутри помещения по подготовленным поверхностям рельефным штукатурным акриловым покрытием	15-04-049-05	100 м2	Отделка стен внутри помещения по подготовленным поверхностям рельефным штукатурным акриловым покрытием вручную: фактура Мелкозернистый
ГЭСН	15	15-04-049	Отделка стен внутри помещения по подготовленным поверхностям рельефным штукатурным акриловым покрытием	15-04-049-06	100 м2	Отделка стен внутри помещения по подготовленным поверхностям рельефным штукатурным акриловым покрытием вручную: фактура Стандарт
ГЭСН	15	15-04-049	Отделка стен внутри помещения по подготовленным поверхностям рельефным штукатурным акриловым покрытием	15-04-049-07	100 м2	Отделка стен внутри помещения по подготовленным поверхностям рельефным штукатурным акриловым покрытием вручную: фактура Декор
ГЭСН	15	15-04-049	Отделка стен внутри помещения по подготовленным поверхностям рельефным штукатурным акриловым покрытием	15-04-049-08	100 м2	Отделка стен внутри помещения по подготовленным поверхностям рельефным штукатурным акриловым покрытием вручную: фактура XL
ГЭСН	15	15-04-050	Высококачественное непрерывное покрытие на базе керамических кварцевых гранул для стен внутри помещений с подготовкой поверхности	15-04-050-01	100 м2	Высококачественное непрерывное покрытие на базе керамических кварцевых гранул для стен внутри помещений с подготовкой поверхности: зерно 1,2 мм
ГЭСН	15	15-04-050	Высококачественное непрерывное покрытие на базе керамических кварцевых гранул для стен внутри помещений с подготовкой поверхности	15-04-050-02	100 м2	Высококачественное непрерывное покрытие на базе керамических кварцевых гранул для стен внутри помещений с подготовкой поверхности: зерно 0,9 мм
ГЭСН	15	15-04-051	Окраска декоративным наполненным фактурным составом на основе акриловой сополимерной эмульсии	15-04-051-01	100 м2	Окраска декоративным наполненным фактурным составом на основе акриловой сополимерной эмульсии: простых фасадов с подготовкой поверхности по штукатурке или бетону с лесов
ГЭСН	15	15-04-051	Окраска декоративным наполненным фактурным составом на основе акриловой сополимерной эмульсии	15-04-051-02	100 м2	Окраска декоративным наполненным фактурным составом на основе акриловой сополимерной эмульсии: простых фасадов с подготовкой поверхности по штукатурке или бетону с люлек
ГЭСН	15	15-04-051	Окраска декоративным наполненным фактурным составом на основе акриловой сополимерной эмульсии	15-04-051-03	100 м2	Окраска декоративным наполненным фактурным составом на основе акриловой сополимерной эмульсии: стен внутри помещений по штукатурке или бетону
ГЭСН	15	15-04-051	Окраска декоративным наполненным фактурным составом на основе акриловой сополимерной эмульсии	15-04-051-04	100 м2	Окраска декоративным наполненным фактурным составом на основе акриловой сополимерной эмульсии: потолков по штукатурке или бетону
ГЭСН	15	15-04-052	Нормы для корректировки при расколеровке одной поверхности более чем в два тона	15-04-052-01	100 м2	При расколеровке одной поверхности более чем в два тона на каждый последующий тон добавлять: к нормам таблицы 15-04-025
ГЭСН	15	15-04-052	Нормы для корректировки при расколеровке одной поверхности более чем в два тона	15-04-052-02	100 м2	При расколеровке одной поверхности более чем в два тона на каждый последующий тон добавлять: к нормам таблиц 15-04-026, 15-04-034-09, 15-04-034-10
ГЭСН	15	15-04-052	Нормы для корректировки при расколеровке одной поверхности более чем в два тона	15-04-052-03	100 м2	При расколеровке одной поверхности более чем в два тона на каждый последующий тон добавлять: к норме 15-04-034-11
ГЭСН	15	15-04-052	Нормы для корректировки при расколеровке одной поверхности более чем в два тона	15-04-052-04	100 м2	При расколеровке одной поверхности более чем в два тона на каждый последующий тон добавлять: к норме 15-04-034-12
ГЭСН	15	15-04-052	Нормы для корректировки при расколеровке одной поверхности более чем в два тона	15-04-052-05	100 м2	При расколеровке одной поверхности более чем в два тона на каждый последующий тон добавлять: к нормам с 15-04-034-13 по 15-04-034-16
ГЭСН	15	15-04-053	Нормы для корректировки при окраске заполнений оконных и дверных балконных проемов со спаренными переплетами или полотнами	15-04-053-01	100 м2	При окраске заполнений оконных и дверных балконных проемов со спаренными переплетами или полотнами на каждое разъединение и соединение створок (полотен) добавлять: к нормам 15-04-024-04, 15-04-024-05,
ГЭСН	15	15-04-053	Нормы для корректировки при окраске заполнений оконных и дверных балконных проемов со спаренными переплетами или полотнами	15-04-053-02	100 м2	При окраске заполнений оконных и дверных балконных проемов со спаренными переплетами или полотнами на каждое разъединение и соединение створок (полотен) добавлять: к нормам 15-04-025-04, 15-04-025-05
ГЭСН	15	15-04-053	Нормы для корректировки при окраске заполнений оконных и дверных балконных проемов со спаренными переплетами или полотнами	15-04-053-03	100 м2	При окраске заполнений оконных и дверных балконных проемов со спаренными переплетами или полотнами на каждое разъединение и соединение створок (полотен) добавлять: к нормам 15-04-026-04, 15-04-026-05,
ГЭСН	15	15-04-053	Нормы для корректировки при окраске заполнений оконных и дверных балконных проемов со спаренными переплетами или полотнами	15-04-053-04	100 м2	При окраске заполнений оконных и дверных балконных проемов со спаренными переплетами или полотнами на каждое разъединение и соединение створок (полотен) добавлять: к норме 15-04-034-03
ГЭСН	15	15-04-053	Нормы для корректировки при окраске заполнений оконных и дверных балконных проемов со спаренными переплетами или полотнами	15-04-053-05	100 м2	При окраске заполнений оконных и дверных балконных проемов со спаренными переплетами или полотнами на каждое разъединение и соединение створок (полотен) добавлять: к норме 15-04-034-11
ГЭСН	15	15-04-053	Нормы для корректировки при окраске заполнений оконных и дверных балконных проемов со спаренными переплетами или полотнами	15-04-053-06	100 м2	При окраске заполнений оконных и дверных балконных проемов со спаренными переплетами или полотнами на каждое разъединение и соединение створок (полотен) добавлять: к норме 15-04-034-12
ГЭСН	15	15-04-053	Нормы для корректировки при окраске заполнений оконных и дверных балконных проемов со спаренными переплетами или полотнами	15-04-053-07	100 м2	При окраске заполнений оконных и дверных балконных проемов со спаренными переплетами или полотнами на каждое разъединение и соединение створок (полотен) добавлять: к норме 15-04-034-19
ГЭСН	15	15-04-053	Нормы для корректировки при окраске заполнений оконных и дверных балконных проемов со спаренными переплетами или полотнами	15-04-053-08	100 м2	При окраске заполнений оконных и дверных балконных проемов со спаренными переплетами или полотнами на каждое разъединение и соединение створок (полотен) добавлять: к норме 15-04-034-20
ГЭСН	15	15-04-053	Нормы для корректировки при окраске заполнений оконных и дверных балконных проемов со спаренными переплетами или полотнами	15-04-053-09	100 м2	При окраске заполнений оконных и дверных балконных проемов со спаренными переплетами или полотнами на каждое разъединение и соединение створок (полотен) добавлять: к нормам 15-04-038-02, 15-04-038-03,
ГЭСН	15	15-05-001	Остекление оконным стеклом окон, фрамуг, балконных дверей	15-05-001-01	100 м2	Остекление оконным стеклом окон: в два переплета, открывающихся в одну сторону
ГЭСН	15	15-05-001	Остекление оконным стеклом окон, фрамуг, балконных дверей	15-05-001-02	100 м2	Остекление оконным стеклом окон: в два переплета, открывающихся в разные стороны
ГЭСН	15	15-05-001	Остекление оконным стеклом окон, фрамуг, балконных дверей	15-05-001-03	100 м2	Остекление оконным стеклом окон: с одинарным переплетом
ГЭСН	15	15-05-001	Остекление оконным стеклом окон, фрамуг, балконных дверей	15-05-001-04	100 м2	Остекление оконным стеклом окон: со спаренным переплетом
ГЭСН	15	15-05-001	Остекление оконным стеклом окон, фрамуг, балконных дверей	15-05-001-05	100 м2	Остекление оконным стеклом фрамуг с одним переплетом
ГЭСН	15	15-05-001	Остекление оконным стеклом окон, фрамуг, балконных дверей	15-05-001-06	100 м2	Остекление оконным стеклом дверей балконных: в два полотна, открывающихся в одну сторону
ГЭСН	15	15-05-001	Остекление оконным стеклом окон, фрамуг, балконных дверей	15-05-001-07	100 м2	Остекление оконным стеклом дверей балконных: в два полотна, открывающихся в разные стороны
ГЭСН	15	15-05-001	Остекление оконным стеклом окон, фрамуг, балконных дверей	15-05-001-08	100 м2	Остекление оконным стеклом дверей балконных: с одинарным переплетом
ГЭСН	15	15-05-001	Остекление оконным стеклом окон, фрамуг, балконных дверей	15-05-001-09	100 м2	Остекление оконным стеклом дверей балконных: со спаренным переплетом
ГЭСН	15	15-05-002	Остекление стеклом дверей и витрин	15-05-002-01	100 м2	Остекление стеклом толщиной до 6 мм прочих дверей: на штапиках по замазке
ГЭСН	15	15-05-002	Остекление стеклом дверей и витрин	15-05-002-02	100 м2	Остекление стеклом толщиной до 6 мм прочих дверей: на эластичных прокладках
ГЭСН	15	15-05-002	Остекление стеклом дверей и витрин	15-05-002-03	100 м2	Остекление стеклом толщиной более 6 мм на эластичных прокладках: дверей
ГЭСН	15	15-05-002	Остекление стеклом дверей и витрин	15-05-002-04	100 м2	Остекление стеклом толщиной более 6 мм на эластичных прокладках: витрин с металлическими переплетами
ГЭСН	15	15-05-003	Остекление оконным стеклом толщиной 4 мм	15-05-003-01	100 м2	Остекление оконным стеклом толщиной 4 мм окон: в два переплета, открывающихся в одну сторону
ГЭСН	15	15-05-003	Остекление оконным стеклом толщиной 4 мм	15-05-003-02	100 м2	Остекление оконным стеклом толщиной 4 мм окон: в два переплета, открывающихся в разные стороны
ГЭСН	15	15-05-003	Остекление оконным стеклом толщиной 4 мм	15-05-003-03	100 м2	Остекление оконным стеклом толщиной 4 мм окон: с одинарным переплетом
ГЭСН	15	15-05-003	Остекление оконным стеклом толщиной 4 мм	15-05-003-04	100 м2	Остекление оконным стеклом толщиной 4 мм окон: со спаренным переплетом
ГЭСН	15	15-05-003	Остекление оконным стеклом толщиной 4 мм	15-05-003-05	100 м2	Остекление оконным стеклом толщиной 4 мм фрамуг с одним переплетом
ГЭСН	15	15-05-003	Остекление оконным стеклом толщиной 4 мм	15-05-003-06	100 м2	Остекление оконным стеклом толщиной 4 мм балконных дверей: в два полотна, открывающихся в одну сторону
ГЭСН	15	15-05-003	Остекление оконным стеклом толщиной 4 мм	15-05-003-07	100 м2	Остекление оконным стеклом толщиной 4 мм балконных дверей: в два полотна, открывающихся в разные стороны
ГЭСН	15	15-05-003	Остекление оконным стеклом толщиной 4 мм	15-05-003-08	100 м2	Остекление оконным стеклом толщиной 4 мм балконных дверей: с одинарным переплетом
ГЭСН	15	15-05-003	Остекление оконным стеклом толщиной 4 мм	15-05-003-09	100 м2	Остекление оконным стеклом толщиной 4 мм балконных дверей: со спаренным переплетом
ГЭСН	15	15-05-004	Тройное остекление деревянных переплетов	15-05-004-01	100 м2	Тройное остекление оконным стеклом деревянных переплетов: окон в два спаренных переплета
ГЭСН	15	15-05-004	Тройное остекление деревянных переплетов	15-05-004-02	100 м2	Тройное остекление оконным стеклом деревянных переплетов: балконных дверей в два спаренных переплета
ГЭСН	15	15-05-005	Тройное остекление деревянных переплетов в жилых и общественных зданиях	15-05-005-01	100 м2	Тройное остекление деревянных переплетов в жилых и общественных зданиях оконным стеклом толщиной 4 мм: окон в два спаренных переплета
ГЭСН	15	15-05-005	Тройное остекление деревянных переплетов в жилых и общественных зданиях	15-05-005-02	100 м2	Тройное остекление деревянных переплетов в жилых и общественных зданиях оконным стеклом толщиной 4 мм: балконных дверей в два спаренных переплета
ГЭСН	15	15-05-006	Остекление дверных одинарных полотен при толщине стекла свыше 4 мм до 6 мм	15-05-006-01	100 м2	Остекление дверных одинарных полотен при толщине стекла свыше 4 мм до 6 мм
ГЭСН	15	15-05-021	Остекление в построечных условиях металлических переплетов двухслойными стеклопакетами	15-05-021-01	100 м2	Остекление в построечных условиях металлических переплетов двухслойными стеклопакетами площадью: до 0,5 м2
ГЭСН	15	15-05-021	Остекление в построечных условиях металлических переплетов двухслойными стеклопакетами	15-05-021-02	100 м2	Остекление в построечных условиях металлических переплетов двухслойными стеклопакетами площадью: свыше 0,5 до 1 м2
ГЭСН	15	15-05-021	Остекление в построечных условиях металлических переплетов двухслойными стеклопакетами	15-05-021-03	100 м2	Остекление в построечных условиях металлических переплетов двухслойными стеклопакетами площадью: свыше 1 до 2 м2
ГЭСН	15	15-05-021	Остекление в построечных условиях металлических переплетов двухслойными стеклопакетами	15-05-021-04	100 м2	Остекление в построечных условиях металлических переплетов двухслойными стеклопакетами площадью: свыше 2 до 3 м2
ГЭСН	15	15-06-001	Оклейка обоями	15-06-001-01	100 м2	Оклейка обоями стен по монолитной штукатурке и бетону: простыми и средней плотности
ГЭСН	15	15-06-001	Оклейка обоями	15-06-001-02	100 м2	Оклейка обоями стен по монолитной штукатурке и бетону: тиснеными и плотными
ГЭСН	15	15-06-001	Оклейка обоями	15-06-001-03	100 м2	Оклейка линкрустом стен по монолитной штукатурке и бетону
ГЭСН	15	15-06-001	Оклейка обоями	15-06-001-04	100 м2	Оклейка обоями стен по листовым материалам, гипсобетонным и гипсолитовым поверхностям: простыми и средней плотности
ГЭСН	15	15-06-001	Оклейка обоями	15-06-001-05	100 м2	Оклейка обоями стен по листовым материалам, гипсобетонным и гипсолитовым поверхностям: тиснеными и плотными
ГЭСН	15	15-06-001	Оклейка обоями	15-06-001-06	100 м2	Оклейка линкрустом стен по листовым материалам, гипсобетонным и гипсолитовым поверхностям
ГЭСН	15	15-06-001	Оклейка обоями	15-06-001-07	100 м2	Оклейка обоями потолков
ГЭСН	15	15-06-001	Оклейка обоями	15-06-001-08	100 м2	Обивка дверей облицовочными материалами по войлоку
ГЭСН	15	15-06-001	Оклейка обоями	15-06-001-09	100 м2	Оклейка двухслойными обоями стен по монолитной штукатурке и бетону с предварительной огрунтовкой оклеиваемой поверхности
ГЭСН	15	15-06-002	Оклейка стен моющимися обоями	15-06-002-01	100 м2	Оклейка стен моющимися обоями: на бумажной основе по штукатурке и бетону
ГЭСН	15	15-06-002	Оклейка стен моющимися обоями	15-06-002-02	100 м2	Оклейка стен моющимися обоями: на тканевой основе по штукатурке и бетону
ГЭСН	15	15-06-002	Оклейка стен моющимися обоями	15-06-002-03	100 м2	Оклейка стен моющимися обоями: на бумажной основе по гипсобетонным и гипсолитовым поверхностям
ГЭСН	15	15-06-002	Оклейка стен моющимися обоями	15-06-002-04	100 м2	Оклейка стен моющимися обоями: на тканевой основе по гипсобетонным и гипсолитовым поверхностям
ГЭСН	15	15-06-002	Оклейка стен моющимися обоями	15-06-002-05	100 м2	Оклейка стен моющимися обоями: на бумажной основе по листовым материалам
ГЭСН	15	15-06-002	Оклейка стен моющимися обоями	15-06-002-06	100 м2	Оклейка стен моющимися обоями: на тканевой основе по листовым материалам
ГЭСН	15	15-06-003	Оклейка стен поливинилхлоридной декоративно-отделочной самоклеющейся пленкой	15-06-003-01	100 м2	Оклейка стен поливинилхлоридной декоративно-отделочной самоклеющейся пленкой: по штукатурке и бетону
ГЭСН	15	15-06-003	Оклейка стен поливинилхлоридной декоративно-отделочной самоклеющейся пленкой	15-06-003-02	100 м2	Оклейка стен поливинилхлоридной декоративно-отделочной самоклеющейся пленкой: по гипсобетону и гипсолитовым поверхностям
ГЭСН	15	15-06-003	Оклейка стен поливинилхлоридной декоративно-отделочной самоклеющейся пленкой	15-06-003-03	100 м2	Оклейка стен поливинилхлоридной декоративно-отделочной самоклеющейся пленкой: по листовым материалам
ГЭСН	15	15-06-004	Вторая окраска стен, оклеенных стеклообоями, красками	15-06-004-01	100 м2	Вторая окраска стен, оклееных стеклообоями, красками
ГЭСН	15	15-06-005	Оклейка фотообоями предварительно подготовленных поверхностей	15-06-005-01	100 м2	Оклейка предварительно подготовленных поверхностей фотообоями: на клее
ГЭСН	15	15-06-005	Оклейка фотообоями предварительно подготовленных поверхностей	15-06-005-02	100 м2	Оклейка предварительно подготовленных поверхностей фотообоями: самоклеящимися
ГЭСН	15	15-06-006	Оклейка тканями	15-06-006-01	100 м2	Оклейка тканями потолков
ГЭСН	15	15-06-007	Оклейка стен стеклообоями с окраской поливинилацетатными красками	15-06-007-01	100 м2	Оклейка стен стеклообоями с окраской поливинилацетатными красками за один раз: с подготовкой
ГЭСН	15	15-06-007	Оклейка стен стеклообоями с окраской поливинилацетатными красками	15-06-007-02	100 м2	Оклейка стен стеклообоями с окраской поливинилацетатными красками за один раз: без подготовки
ГЭСН	15	15-06-008	Окраска обоев на флизелиновой основе	15-06-008-01	100 м2	Окраска обоев на флизелиновой основе валиком с промазкой труднодоступных мест кистью: первый слой
ГЭСН	15	15-06-008	Окраска обоев на флизелиновой основе	15-06-008-02	100 м2	Окраска обоев на флизелиновой основе валиком с промазкой труднодоступных мест кистью: последующий слой
ГЭСН	15	15-07-001	Герметизация противопожарных дверей, ворот, противодымных клапанов, фланцевых соединений воздуховодов, термоуплотнительной лентой ЛТСМ-1	15-07-001-01	100 м	Герметизация противопожарных дверей, ворот, противодымных клапанов, фланцевых соединений воздуховодов, термоуплотнительной лентой ЛТСМ-1
ГЭСН	15	15-07-002	Окраска деревянных, каменных или ранее окрашенных поверхностей водно-дисперсионными красками и водно-дисперсионными лаками	15-07-002-01	100 м2	Окраска деревянных, каменных или ранее окрашенных поверхностей водно-дисперсионными красками и водно-дисперсионными лаками
ГЭСН	15	15-07-003	Нанесение на поверхность водно-дисперсионной грунтовки	15-07-003-01	100 м2	Нанесение водно-дисперсионной грунтовки на поверхности: деревянные
ГЭСН	15	15-07-003	Нанесение на поверхность водно-дисперсионной грунтовки	15-07-003-02	100 м2	Нанесение водно-дисперсионной грунтовки на поверхности: пористые (камень, кирпич, бетон и т.д.)
ГЭСН	15	15-07-003	Нанесение на поверхность водно-дисперсионной грунтовки	15-07-003-03	100 м2	Нанесение водно-дисперсионной грунтовки на поверхности: гипсокартонные
ГЭСН	15	15-07-015	Установка системы защиты стен и углов (отбойников)	15-07-015-01	10 м	Монтаж системы защиты стен и углов: доска-отбойник цельнопластиковая по стенам из кирпича и бетона
ГЭСН	15	15-07-015	Установка системы защиты стен и углов (отбойников)	15-07-015-02	10 м	Монтаж системы защиты стен и углов: доска-отбойник цельнопластиковая по стенам из гипсокартона
ГЭСН	15	15-07-015	Установка системы защиты стен и углов (отбойников)	15-07-015-03	10 м	Монтаж системы защиты стен и углов: демпфер (амортизатор) из ПВХ
ГЭСН	15	15-07-015	Установка системы защиты стен и углов (отбойников)	15-07-015-04	10 м	Монтаж системы защиты стен и углов: поручень-отбойник цельнопластиковый, с декоративной вставкой, по стенам из кирпича и бетона
ГЭСН	15	15-07-015	Установка системы защиты стен и углов (отбойников)	15-07-015-05	10 м	Монтаж системы защиты стен и углов: поручень-отбойник цельнопластиковый, с декоративной вставкой, по стенам из гипсокартона
ГЭСН	15	15-07-015	Установка системы защиты стен и углов (отбойников)	15-07-015-06	10 м	Монтаж системы защиты стен и углов: поручень-отбойник цельнопластиковый, по стенам из кирпича и бетона
ГЭСН	15	15-07-015	Установка системы защиты стен и углов (отбойников)	15-07-015-07	10 м	Монтаж системы защиты стен и углов: поручень-отбойник цельнопластиковый, по стенам из гипсокартона
ГЭСН	15	15-07-015	Установка системы защиты стен и углов (отбойников)	15-07-015-08	100 м	Монтаж системы защиты стен и углов: поручня на алюминиевом профиле по стенам из кирпича и бетона
ГЭСН	15	15-07-015	Установка системы защиты стен и углов (отбойников)	15-07-015-09	100 м	Монтаж системы защиты стен и углов: поручня на алюминиевом профиле по стенам из гипсокартона
ГЭСН	15	15-07-015	Установка системы защиты стен и углов (отбойников)	15-07-015-10	100 м	Монтаж системы защиты стен и углов: поручня-отбойника на алюминиевом профиле по стенам из кирпича и бетона
ГЭСН	15	15-07-015	Установка системы защиты стен и углов (отбойников)	15-07-015-11	100 м	Монтаж системы защиты стен и углов: поручня-отбойника на алюминиевом профиле по стенам из гипсокартона
ГЭСН	15	15-07-015	Установка системы защиты стен и углов (отбойников)	15-07-015-12	100 м	Монтаж системы защиты стен и углов: доски-отбойника на алюминиевом профиле по стенам из кирпича и бетона, шириной 150 мм
ГЭСН	15	15-07-015	Установка системы защиты стен и углов (отбойников)	15-07-015-13	100 м	Монтаж системы защиты стен и углов: доски-отбойника на алюминиевом профиле по стенам из гипсокартона, шириной 150 мм
ГЭСН	15	15-07-015	Установка системы защиты стен и углов (отбойников)	15-07-015-14	100 м	Монтаж системы защиты стен и углов: доски-отбойника на алюминиевом профиле по стенам из кирпича и бетона, шириной 200 мм
ГЭСН	15	15-07-015	Установка системы защиты стен и углов (отбойников)	15-07-015-15	100 м	Монтаж системы защиты стен и углов: доски-отбойника на алюминиевом профиле по стенам из гипсокартона, шириной 200 мм
ГЭСН	15	15-07-015	Установка системы защиты стен и углов (отбойников)	15-07-015-16	100 м	Монтаж системы защиты стен и углов: отбойной доски-пластины шириной до 300 мм, с креплением к поверхности на клей
ГЭСН	15	15-07-015	Установка системы защиты стен и углов (отбойников)	15-07-015-17	100 м	Монтаж системы защиты стен и углов: угловых отбойников по стенам из кирпича и бетона, ширина полки до 50 мм
ГЭСН	15	15-07-015	Установка системы защиты стен и углов (отбойников)	15-07-015-18	100 м	Монтаж системы защиты стен и углов: угловых отбойников по стенам из гипсокартона, ширина полки до 50 мм
ГЭСН	15	15-07-015	Установка системы защиты стен и углов (отбойников)	15-07-015-19	100 м	Монтаж системы защиты стен и углов: угловых отбойников по стенам из кирпича и бетона, ширина полки более 50 мм
ГЭСН	15	15-07-015	Установка системы защиты стен и углов (отбойников)	15-07-015-20	100 м	Монтаж системы защиты стен и углов: угловых отбойников по стенам из гипсокартона, ширина полки более 50 мм
ГЭСН	15	15-07-015	Установка системы защиты стен и углов (отбойников)	15-07-015-21	100 м	Монтаж системы защиты стен и углов: угловых отбойников с креплением к поверхности на клей
ГЭСН	15	15-07-016	Облицовка стен гипсокартонными листами на клее	15-07-016-01	100 м2	Облицовка стен гипсокартонными листами на клее
ГЭСН	15	15-07-017	Нанесение защитных многокомпонентных покрытий	15-07-017-01	100 м2	Нанесение системы отделочного защитного химстойкого кремнийорганического покрытия против граффити, наклеек и грязи на: непористые поверхности
ГЭСН	15	15-07-017	Нанесение защитных многокомпонентных покрытий	15-07-017-02	100 м2	Нанесение системы отделочного защитного химстойкого кремнийорганического покрытия против граффити, наклеек и грязи на: пористые поверхности
ГЭСН	15	15-07-017	Нанесение защитных многокомпонентных покрытий	15-07-017-03	100 м2	Нанесение однокомпонентного отделочного защитного химстойкого покрытия против граффити, наклеек и грязи на: поверхность без грунтования
ГЭСН	15	15-07-017	Нанесение защитных многокомпонентных покрытий	15-07-017-04	100 м2	Нанесение однокомпонентного отделочного защитного химстойкого покрытия против граффити, наклеек и грязи на: непористые поверхности с грунтованием
ГЭСН	15	15-07-017	Нанесение защитных многокомпонентных покрытий	15-07-017-05	100 м2	Нанесение однокомпонентного отделочного защитного химстойкого покрытия против граффити, наклеек и грязи на: пористые поверхности с грунтованием
ГЭСН	15	15-07-018	Герметизация швов герметиком силиконовым	15-07-018-01	100 м	Герметизация швов герметиком силиконовым
ГЭСН	15	15-07-019	Подготовка поверхностей пазогребневых перегородок под окраску или оклейку обоями	15-07-019-01	100 м2	Подготовка поверхностей пазогребневых перегородок под окраску или оклейку обоями
ГЭСН	15	15-07-020	Установка раскладок	15-07-020-01	100 м	Установка раскладок: поливинилхлоридных при внутренней облицовке керамическими плитками
ГЭСН	15	15-07-020	Установка раскладок	15-07-020-02	100 м	Установка раскладок: алюминиевых
ГЭСН	15	15-07-021	Установка декоративных карнизов из полистирола при внутренней отделке помещений	15-07-021-01	100 м	Установка декоративных карнизов из полистирола при внутренней отделке помещений
ГЭСН	15	15-07-022	Облицовка поликарбонатом металлических конструкций	15-07-022-01	100 м2	Облицовка металлических конструкций поликарбонатом с креплением через профили при ширине опоры несущей конструкции: до 60 мм
ГЭСН	15	15-07-022	Облицовка поликарбонатом металлических конструкций	15-07-022-02	100 м2	Облицовка металлических конструкций поликарбонатом с креплением через профили при ширине опоры несущей конструкции: свыше 60 мм
ГЭСН	15	15-07-023	Установка рулонных штор, жалюзи	15-07-023-01	100 шт	Установка рулонных штор, жалюзи
ГЭСН	16	16-01-001	Прокладка в траншеях труб чугунных напорных раструбных	16-01-001-01	100 м	Прокладка в траншеях труб чугунных напорных раструбных диаметром: 65 мм
ГЭСН	16	16-01-001	Прокладка в траншеях труб чугунных напорных раструбных	16-01-001-02	100 м	Прокладка в траншеях труб чугунных напорных раструбных диаметром: 80 мм
ГЭСН	16	16-01-001	Прокладка в траншеях труб чугунных напорных раструбных	16-01-001-03	100 м	Прокладка в траншеях труб чугунных напорных раструбных диаметром: 100 мм
ГЭСН	16	16-01-001	Прокладка в траншеях труб чугунных напорных раструбных	16-01-001-04	100 м	Прокладка в траншеях труб чугунных напорных раструбных диаметром: 125 мм
ГЭСН	16	16-01-001	Прокладка в траншеях труб чугунных напорных раструбных	16-01-001-05	100 м	Прокладка в траншеях труб чугунных напорных раструбных диаметром: 150 мм
ГЭСН	16	16-01-001	Прокладка в траншеях труб чугунных напорных раструбных	16-01-001-06	100 м	Прокладка в траншеях труб чугунных напорных раструбных диаметром: 200 мм
ГЭСН	16	16-01-001	Прокладка в траншеях труб чугунных напорных раструбных	16-01-001-07	100 м	Прокладка в траншеях труб чугунных напорных раструбных диаметром: 250 мм
ГЭСН	16	16-01-001	Прокладка в траншеях труб чугунных напорных раструбных	16-01-001-08	100 м	Прокладка в траншеях труб чугунных напорных раструбных диаметром: 300 мм
ГЭСН	16	16-01-001	Прокладка в траншеях труб чугунных напорных раструбных	16-01-001-09	100 м	Прокладка в траншеях труб чугунных напорных раструбных диаметром: 350 мм
ГЭСН	16	16-01-001	Прокладка в траншеях труб чугунных напорных раструбных	16-01-001-10	100 м	Прокладка в траншеях труб чугунных напорных раструбных диаметром: 400 мм
ГЭСН	16	16-01-002	Прокладка по стенам зданий и в каналах труб чугунных напорных раструбных	16-01-002-01	100 м	Прокладка по стенам зданий и в каналах труб чугунных напорных раструбных диаметром: 65 мм
ГЭСН	16	16-01-002	Прокладка по стенам зданий и в каналах труб чугунных напорных раструбных	16-01-002-02	100 м	Прокладка по стенам зданий и в каналах труб чугунных напорных раструбных диаметром: 80 мм
ГЭСН	16	16-01-002	Прокладка по стенам зданий и в каналах труб чугунных напорных раструбных	16-01-002-03	100 м	Прокладка по стенам зданий и в каналах труб чугунных напорных раструбных диаметром: 100 мм
ГЭСН	16	16-01-002	Прокладка по стенам зданий и в каналах труб чугунных напорных раструбных	16-01-002-04	100 м	Прокладка по стенам зданий и в каналах труб чугунных напорных раструбных диаметром: 125 мм
ГЭСН	16	16-01-002	Прокладка по стенам зданий и в каналах труб чугунных напорных раструбных	16-01-002-05	100 м	Прокладка по стенам зданий и в каналах труб чугунных напорных раструбных диаметром: 150 мм
ГЭСН	16	16-01-002	Прокладка по стенам зданий и в каналах труб чугунных напорных раструбных	16-01-002-06	100 м	Прокладка по стенам зданий и в каналах труб чугунных напорных раструбных диаметром: 200 мм
ГЭСН	16	16-01-002	Прокладка по стенам зданий и в каналах труб чугунных напорных раструбных	16-01-002-07	100 м	Прокладка по стенам зданий и в каналах труб чугунных напорных раструбных диаметром: 250 мм
ГЭСН	16	16-01-002	Прокладка по стенам зданий и в каналах труб чугунных напорных раструбных	16-01-002-08	100 м	Прокладка по стенам зданий и в каналах труб чугунных напорных раструбных диаметром: 300 мм
ГЭСН	16	16-01-002	Прокладка по стенам зданий и в каналах труб чугунных напорных раструбных	16-01-002-09	100 м	Прокладка по стенам зданий и в каналах труб чугунных напорных раструбных диаметром: 350 мм
ГЭСН	16	16-01-002	Прокладка по стенам зданий и в каналах труб чугунных напорных раструбных	16-01-002-10	100 м	Прокладка по стенам зданий и в каналах труб чугунных напорных раструбных диаметром: 400 мм
ГЭСН	16	16-01-003	Установка фасонных частей чугунных напорных	16-01-003-01	т	Установка фасонных частей чугунных напорных диаметром: 65 мм
ГЭСН	16	16-01-003	Установка фасонных частей чугунных напорных	16-01-003-02	т	Установка фасонных частей чугунных напорных диаметром: 80 мм
ГЭСН	16	16-01-003	Установка фасонных частей чугунных напорных	16-01-003-03	т	Установка фасонных частей чугунных напорных диаметром: 100 мм
ГЭСН	16	16-01-003	Установка фасонных частей чугунных напорных	16-01-003-04	т	Установка фасонных частей чугунных напорных диаметром: 125 мм
ГЭСН	16	16-01-003	Установка фасонных частей чугунных напорных	16-01-003-05	т	Установка фасонных частей чугунных напорных диаметром: 150 мм
ГЭСН	16	16-01-003	Установка фасонных частей чугунных напорных	16-01-003-06	т	Установка фасонных частей чугунных напорных диаметром: 200 мм
ГЭСН	16	16-01-003	Установка фасонных частей чугунных напорных	16-01-003-07	т	Установка фасонных частей чугунных напорных диаметром: свыше 200 до 400 мм
ГЭСН	16	16-01-004	Прокладка в траншеях трубопроводов из чугунных канализационных труб	16-01-004-01	100 м	Прокладка в траншеях трубопроводов из чугунных канализационных труб диаметром: 50 мм
ГЭСН	16	16-01-004	Прокладка в траншеях трубопроводов из чугунных канализационных труб	16-01-004-02	100 м	Прокладка в траншеях трубопроводов из чугунных канализационных труб диаметром: 100 мм
ГЭСН	16	16-01-004	Прокладка в траншеях трубопроводов из чугунных канализационных труб	16-01-004-03	100 м	Прокладка в траншеях трубопроводов из чугунных канализационных труб диаметром: 150 мм
ГЭСН	16	16-01-005	Прокладка по стенам зданий и в каналах трубопроводов из чугунных канализационных труб	16-01-005-01	100 м	Прокладка по стенам зданий и в каналах трубопроводов из чугунных канализационных труб диаметром: 50 мм
ГЭСН	16	16-01-005	Прокладка по стенам зданий и в каналах трубопроводов из чугунных канализационных труб	16-01-005-02	100 м	Прокладка по стенам зданий и в каналах трубопроводов из чугунных канализационных труб диаметром: 100 мм
ГЭСН	16	16-01-005	Прокладка по стенам зданий и в каналах трубопроводов из чугунных канализационных труб	16-01-005-03	100 м	Прокладка по стенам зданий и в каналах трубопроводов из чугунных канализационных труб диаметром: 150 мм
ГЭСН	16	16-02-001	Прокладка трубопроводов отопления из стальных водогазопроводных неоцинкованных труб	16-02-001-01	100 м	Прокладка трубопроводов отопления из стальных водогазопроводных неоцинкованных труб диаметром: 15 мм
ГЭСН	16	16-02-001	Прокладка трубопроводов отопления из стальных водогазопроводных неоцинкованных труб	16-02-001-02	100 м	Прокладка трубопроводов отопления из стальных водогазопроводных неоцинкованных труб диаметром: 20 мм
ГЭСН	16	16-02-001	Прокладка трубопроводов отопления из стальных водогазопроводных неоцинкованных труб	16-02-001-03	100 м	Прокладка трубопроводов отопления из стальных водогазопроводных неоцинкованных труб диаметром: 25 мм
ГЭСН	16	16-02-001	Прокладка трубопроводов отопления из стальных водогазопроводных неоцинкованных труб	16-02-001-04	100 м	Прокладка трубопроводов отопления из стальных водогазопроводных неоцинкованных труб диаметром: 32 мм
ГЭСН	16	16-02-001	Прокладка трубопроводов отопления из стальных водогазопроводных неоцинкованных труб	16-02-001-05	100 м	Прокладка трубопроводов отопления из стальных водогазопроводных неоцинкованных труб диаметром: 40 мм
ГЭСН	16	16-02-001	Прокладка трубопроводов отопления из стальных водогазопроводных неоцинкованных труб	16-02-001-06	100 м	Прокладка трубопроводов отопления из стальных водогазопроводных неоцинкованных труб диаметром: 50 мм
ГЭСН	16	16-02-002	Прокладка трубопроводов водоснабжения из стальных водогазопроводных оцинкованных труб	16-02-002-01	100 м	Прокладка трубопроводов водоснабжения из стальных водогазопроводных оцинкованных труб диаметром: 15 мм
ГЭСН	16	16-02-002	Прокладка трубопроводов водоснабжения из стальных водогазопроводных оцинкованных труб	16-02-002-02	100 м	Прокладка трубопроводов водоснабжения из стальных водогазопроводных оцинкованных труб диаметром: 20 мм
ГЭСН	16	16-02-002	Прокладка трубопроводов водоснабжения из стальных водогазопроводных оцинкованных труб	16-02-002-03	100 м	Прокладка трубопроводов водоснабжения из стальных водогазопроводных оцинкованных труб диаметром: 25 мм
ГЭСН	16	16-02-002	Прокладка трубопроводов водоснабжения из стальных водогазопроводных оцинкованных труб	16-02-002-04	100 м	Прокладка трубопроводов водоснабжения из стальных водогазопроводных оцинкованных труб диаметром: 32 мм
ГЭСН	16	16-02-002	Прокладка трубопроводов водоснабжения из стальных водогазопроводных оцинкованных труб	16-02-002-05	100 м	Прокладка трубопроводов водоснабжения из стальных водогазопроводных оцинкованных труб диаметром: 40 мм
ГЭСН	16	16-02-002	Прокладка трубопроводов водоснабжения из стальных водогазопроводных оцинкованных труб	16-02-002-06	100 м	Прокладка трубопроводов водоснабжения из стальных водогазопроводных оцинкованных труб диаметром: 50 мм
ГЭСН	16	16-02-002	Прокладка трубопроводов водоснабжения из стальных водогазопроводных оцинкованных труб	16-02-002-07	100 м	Прокладка трубопроводов водоснабжения из стальных водогазопроводных оцинкованных труб диаметром: 65 мм
ГЭСН	16	16-02-002	Прокладка трубопроводов водоснабжения из стальных водогазопроводных оцинкованных труб	16-02-002-08	100 м	Прокладка трубопроводов водоснабжения из стальных водогазопроводных оцинкованных труб диаметром: 80 мм
ГЭСН	16	16-02-002	Прокладка трубопроводов водоснабжения из стальных водогазопроводных оцинкованных труб	16-02-002-09	100 м	Прокладка трубопроводов водоснабжения из стальных водогазопроводных оцинкованных труб диаметром: 90 мм
ГЭСН	16	16-02-002	Прокладка трубопроводов водоснабжения из стальных водогазопроводных оцинкованных труб	16-02-002-10	100 м	Прокладка трубопроводов водоснабжения из стальных водогазопроводных оцинкованных труб диаметром: 100 мм
ГЭСН	16	16-02-002	Прокладка трубопроводов водоснабжения из стальных водогазопроводных оцинкованных труб	16-02-002-11	100 м	Прокладка трубопроводов водоснабжения из стальных водогазопроводных оцинкованных труб диаметром: 125 мм
ГЭСН	16	16-02-002	Прокладка трубопроводов водоснабжения из стальных водогазопроводных оцинкованных труб	16-02-002-12	100 м	Прокладка трубопроводов водоснабжения из стальных водогазопроводных оцинкованных труб диаметром: 150 мм
ГЭСН	16	16-02-003	Прокладка трубопроводов газоснабжения из стальных водогазопроводных неоцинкованных труб	16-02-003-01	100 м	Прокладка трубопроводов газоснабжения из стальных водогазопроводных неоцинкованных труб диаметром: 15 мм
ГЭСН	16	16-02-003	Прокладка трубопроводов газоснабжения из стальных водогазопроводных неоцинкованных труб	16-02-003-02	100 м	Прокладка трубопроводов газоснабжения из стальных водогазопроводных неоцинкованных труб диаметром: 20 мм
ГЭСН	16	16-02-003	Прокладка трубопроводов газоснабжения из стальных водогазопроводных неоцинкованных труб	16-02-003-03	100 м	Прокладка трубопроводов газоснабжения из стальных водогазопроводных неоцинкованных труб диаметром: 25 мм
ГЭСН	16	16-02-003	Прокладка трубопроводов газоснабжения из стальных водогазопроводных неоцинкованных труб	16-02-003-04	100 м	Прокладка трубопроводов газоснабжения из стальных водогазопроводных неоцинкованных труб диаметром: 32 мм
ГЭСН	16	16-02-003	Прокладка трубопроводов газоснабжения из стальных водогазопроводных неоцинкованных труб	16-02-003-05	100 м	Прокладка трубопроводов газоснабжения из стальных водогазопроводных неоцинкованных труб диаметром: 40 мм
ГЭСН	16	16-02-003	Прокладка трубопроводов газоснабжения из стальных водогазопроводных неоцинкованных труб	16-02-003-06	100 м	Прокладка трубопроводов газоснабжения из стальных водогазопроводных неоцинкованных труб диаметром: 50 мм
ГЭСН	16	16-02-004	Прокладка трубопроводов отопления и газоснабжения из стальных бесшовных труб	16-02-004-01	100 м	Прокладка трубопроводов отопления и газоснабжения из стальных бесшовных труб диаметром: 50 мм
ГЭСН	16	16-02-004	Прокладка трубопроводов отопления и газоснабжения из стальных бесшовных труб	16-02-004-02	100 м	Прокладка трубопроводов отопления и газоснабжения из стальных бесшовных труб диаметром: 65 мм
ГЭСН	16	16-02-004	Прокладка трубопроводов отопления и газоснабжения из стальных бесшовных труб	16-02-004-03	100 м	Прокладка трубопроводов отопления и газоснабжения из стальных бесшовных труб диаметром: 80 мм
ГЭСН	16	16-02-004	Прокладка трубопроводов отопления и газоснабжения из стальных бесшовных труб	16-02-004-04	100 м	Прокладка трубопроводов отопления и газоснабжения из стальных бесшовных труб диаметром: 100 мм
ГЭСН	16	16-02-004	Прокладка трубопроводов отопления и газоснабжения из стальных бесшовных труб	16-02-004-05	100 м	Прокладка трубопроводов отопления и газоснабжения из стальных бесшовных труб диаметром: 125 мм
ГЭСН	16	16-02-004	Прокладка трубопроводов отопления и газоснабжения из стальных бесшовных труб	16-02-004-06	100 м	Прокладка трубопроводов отопления и газоснабжения из стальных бесшовных труб диаметром: 150 мм
ГЭСН	16	16-02-004	Прокладка трубопроводов отопления и газоснабжения из стальных бесшовных труб	16-02-004-07	100 м	Прокладка трубопроводов отопления и газоснабжения из стальных бесшовных труб диаметром: 200 мм
ГЭСН	16	16-02-004	Прокладка трубопроводов отопления и газоснабжения из стальных бесшовных труб	16-02-004-08	100 м	Прокладка трубопроводов отопления и газоснабжения из стальных бесшовных труб диаметром: 250 мм
ГЭСН	16	16-02-004	Прокладка трубопроводов отопления и газоснабжения из стальных бесшовных труб	16-02-004-09	100 м	Прокладка трубопроводов отопления и газоснабжения из стальных бесшовных труб диаметром: 300 мм
ГЭСН	16	16-02-004	Прокладка трубопроводов отопления и газоснабжения из стальных бесшовных труб	16-02-004-10	100 м	Прокладка трубопроводов отопления и газоснабжения из стальных бесшовных труб диаметром: 350 мм
ГЭСН	16	16-02-004	Прокладка трубопроводов отопления и газоснабжения из стальных бесшовных труб	16-02-004-11	100 м	Прокладка трубопроводов отопления и газоснабжения из стальных бесшовных труб диаметром: 400 мм
ГЭСН	16	16-02-005	Прокладка трубопроводов отопления и водоснабжения из стальных электросварных труб	16-02-005-01	100 м	Прокладка трубопроводов отопления и водоснабжения из стальных электросварных труб диаметром: до 40 мм
ГЭСН	16	16-02-005	Прокладка трубопроводов отопления и водоснабжения из стальных электросварных труб	16-02-005-02	100 м	Прокладка трубопроводов отопления и водоснабжения из стальных электросварных труб диаметром: 50 мм
ГЭСН	16	16-02-005	Прокладка трубопроводов отопления и водоснабжения из стальных электросварных труб	16-02-005-03	100 м	Прокладка трубопроводов отопления и водоснабжения из стальных электросварных труб диаметром: 65 мм
ГЭСН	16	16-02-005	Прокладка трубопроводов отопления и водоснабжения из стальных электросварных труб	16-02-005-04	100 м	Прокладка трубопроводов отопления и водоснабжения из стальных электросварных труб диаметром: 80 мм
ГЭСН	16	16-02-005	Прокладка трубопроводов отопления и водоснабжения из стальных электросварных труб	16-02-005-05	100 м	Прокладка трубопроводов отопления и водоснабжения из стальных электросварных труб диаметром: 100 мм
ГЭСН	16	16-02-005	Прокладка трубопроводов отопления и водоснабжения из стальных электросварных труб	16-02-005-06	100 м	Прокладка трубопроводов отопления и водоснабжения из стальных электросварных труб диаметром: 125 мм
ГЭСН	16	16-02-005	Прокладка трубопроводов отопления и водоснабжения из стальных электросварных труб	16-02-005-07	100 м	Прокладка трубопроводов отопления и водоснабжения из стальных электросварных труб диаметром: 150 мм
ГЭСН	16	16-02-005	Прокладка трубопроводов отопления и водоснабжения из стальных электросварных труб	16-02-005-08	100 м	Прокладка трубопроводов отопления и водоснабжения из стальных электросварных труб диаметром: 200 мм
ГЭСН	16	16-02-005	Прокладка трубопроводов отопления и водоснабжения из стальных электросварных труб	16-02-005-09	100 м	Прокладка трубопроводов отопления и водоснабжения из стальных электросварных труб диаметром: 250 мм
ГЭСН	16	16-02-005	Прокладка трубопроводов отопления и водоснабжения из стальных электросварных труб	16-02-005-10	100 м	Прокладка трубопроводов отопления и водоснабжения из стальных электросварных труб диаметром: 300 мм
ГЭСН	16	16-02-005	Прокладка трубопроводов отопления и водоснабжения из стальных электросварных труб	16-02-005-11	100 м	Прокладка трубопроводов отопления и водоснабжения из стальных электросварных труб диаметром: 350 мм
ГЭСН	16	16-02-005	Прокладка трубопроводов отопления и водоснабжения из стальных электросварных труб	16-02-005-12	100 м	Прокладка трубопроводов отопления и водоснабжения из стальных электросварных труб диаметром: 400 мм
ГЭСН	16	16-02-006	Прокладка трубопроводов обвязки котлов, водонагревателей и насосов из стальных бесшовных и электросварных труб	16-02-006-01	100 м	Прокладка трубопроводов обвязки котлов, водонагревателей и насосов из стальных бесшовных и электросварных труб диаметром: до 40 мм
ГЭСН	16	16-02-006	Прокладка трубопроводов обвязки котлов, водонагревателей и насосов из стальных бесшовных и электросварных труб	16-02-006-02	100 м	Прокладка трубопроводов обвязки котлов, водонагревателей и насосов из стальных бесшовных и электросварных труб диаметром: до 50 мм
ГЭСН	16	16-02-006	Прокладка трубопроводов обвязки котлов, водонагревателей и насосов из стальных бесшовных и электросварных труб	16-02-006-03	100 м	Прокладка трубопроводов обвязки котлов, водонагревателей и насосов из стальных бесшовных и электросварных труб диаметром: до 80 мм
ГЭСН	16	16-02-006	Прокладка трубопроводов обвязки котлов, водонагревателей и насосов из стальных бесшовных и электросварных труб	16-02-006-04	100 м	Прокладка трубопроводов обвязки котлов, водонагревателей и насосов из стальных бесшовных и электросварных труб диаметром: до 100 мм
ГЭСН	16	16-02-006	Прокладка трубопроводов обвязки котлов, водонагревателей и насосов из стальных бесшовных и электросварных труб	16-02-006-05	100 м	Прокладка трубопроводов обвязки котлов, водонагревателей и насосов из стальных бесшовных и электросварных труб диаметром: до 150 мм
ГЭСН	16	16-02-006	Прокладка трубопроводов обвязки котлов, водонагревателей и насосов из стальных бесшовных и электросварных труб	16-02-006-06	100 м	Прокладка трубопроводов обвязки котлов, водонагревателей и насосов из стальных бесшовных и электросварных труб диаметром: до 200 мм
ГЭСН	16	16-02-007	Установка фланцевых соединений на стальных трубопроводах	16-02-007-01	соединение	Установка фланцевых соединений на стальных трубопроводах диаметром: 50 мм
ГЭСН	16	16-02-007	Установка фланцевых соединений на стальных трубопроводах	16-02-007-02	соединение	Установка фланцевых соединений на стальных трубопроводах диаметром: 65 мм
ГЭСН	16	16-02-007	Установка фланцевых соединений на стальных трубопроводах	16-02-007-03	соединение	Установка фланцевых соединений на стальных трубопроводах диаметром: 80 мм
ГЭСН	16	16-02-007	Установка фланцевых соединений на стальных трубопроводах	16-02-007-04	соединение	Установка фланцевых соединений на стальных трубопроводах диаметром: 100 мм
ГЭСН	16	16-02-007	Установка фланцевых соединений на стальных трубопроводах	16-02-007-05	соединение	Установка фланцевых соединений на стальных трубопроводах диаметром: 125 мм
ГЭСН	16	16-02-007	Установка фланцевых соединений на стальных трубопроводах	16-02-007-06	соединение	Установка фланцевых соединений на стальных трубопроводах диаметром: 150 мм
ГЭСН	16	16-02-007	Установка фланцевых соединений на стальных трубопроводах	16-02-007-07	соединение	Установка фланцевых соединений на стальных трубопроводах диаметром: 200 мм
ГЭСН	16	16-02-007	Установка фланцевых соединений на стальных трубопроводах	16-02-007-08	соединение	Установка фланцевых соединений на стальных трубопроводах диаметром: 250 мм
ГЭСН	16	16-02-007	Установка фланцевых соединений на стальных трубопроводах	16-02-007-09	соединение	Установка фланцевых соединений на стальных трубопроводах диаметром: 300 мм
ГЭСН	16	16-02-007	Установка фланцевых соединений на стальных трубопроводах	16-02-007-10	соединение	Установка фланцевых соединений на стальных трубопроводах диаметром: 350 мм
ГЭСН	16	16-02-007	Установка фланцевых соединений на стальных трубопроводах	16-02-007-11	соединение	Установка фланцевых соединений на стальных трубопроводах диаметром: 400 мм
ГЭСН	16	16-02-010	Изготовление элементов и сборка узлов стальных трубопроводов	16-02-010-01	10 м	Изготовление элементов и сборка узлов стальных трубопроводов диаметром: 50 мм
ГЭСН	16	16-02-010	Изготовление элементов и сборка узлов стальных трубопроводов	16-02-010-02	10 м	Изготовление элементов и сборка узлов стальных трубопроводов диаметром: 80 мм
ГЭСН	16	16-02-010	Изготовление элементов и сборка узлов стальных трубопроводов	16-02-010-03	10 м	Изготовление элементов и сборка узлов стальных трубопроводов диаметром: 100 мм
ГЭСН	16	16-02-010	Изготовление элементов и сборка узлов стальных трубопроводов	16-02-010-04	10 м	Изготовление элементов и сборка узлов стальных трубопроводов диаметром: 150 мм
ГЭСН	16	16-02-010	Изготовление элементов и сборка узлов стальных трубопроводов	16-02-010-05	10 м	Изготовление элементов и сборка узлов стальных трубопроводов диаметром: 200 мм
ГЭСН	16	16-02-010	Изготовление элементов и сборка узлов стальных трубопроводов	16-02-010-06	10 м	Изготовление элементов и сборка узлов стальных трубопроводов диаметром: 250 мм
ГЭСН	16	16-02-010	Изготовление элементов и сборка узлов стальных трубопроводов	16-02-010-07	10 м	Изготовление элементов и сборка узлов стальных трубопроводов диаметром: 300 мм
ГЭСН	16	16-02-010	Изготовление элементов и сборка узлов стальных трубопроводов	16-02-010-08	10 м	Изготовление элементов и сборка узлов стальных трубопроводов диаметром: 400 мм
ГЭСН	16	16-02-010	Изготовление элементов и сборка узлов стальных трубопроводов	16-02-010-09	10 м	Изготовление элементов и сборка узлов стальных трубопроводов диаметром: 500 мм
ГЭСН	16	16-02-010	Изготовление элементов и сборка узлов стальных трубопроводов	16-02-010-10	стык	Добавлять на каждый последующий стык свыше одного, диаметр трубопровода: 50 мм
ГЭСН	16	16-02-010	Изготовление элементов и сборка узлов стальных трубопроводов	16-02-010-11	стык	Добавлять на каждый последующий стык свыше одного, диаметр трубопровода: 80 мм
ГЭСН	16	16-02-010	Изготовление элементов и сборка узлов стальных трубопроводов	16-02-010-12	стык	Добавлять на каждый последующий стык свыше одного, диаметр трубопровода: 100 мм
ГЭСН	16	16-02-010	Изготовление элементов и сборка узлов стальных трубопроводов	16-02-010-13	стык	Добавлять на каждый последующий стык свыше одного, диаметр трубопровода: 150 мм
ГЭСН	16	16-02-010	Изготовление элементов и сборка узлов стальных трубопроводов	16-02-010-14	стык	Добавлять на каждый последующий стык свыше одного, диаметр трубопровода: 200 мм
ГЭСН	16	16-02-010	Изготовление элементов и сборка узлов стальных трубопроводов	16-02-010-15	стык	Добавлять на каждый последующий стык свыше одного, диаметр трубопровода: 250 мм
ГЭСН	16	16-02-010	Изготовление элементов и сборка узлов стальных трубопроводов	16-02-010-16	стык	Добавлять на каждый последующий стык свыше одного, диаметр трубопровода: 300 мм
ГЭСН	16	16-02-010	Изготовление элементов и сборка узлов стальных трубопроводов	16-02-010-17	стык	Добавлять на каждый последующий стык свыше одного, диаметр трубопровода: 400 мм
ГЭСН	16	16-02-010	Изготовление элементов и сборка узлов стальных трубопроводов	16-02-010-18	стык	Добавлять на каждый последующий стык свыше одного, диаметр трубопровода: 500 мм
ГЭСН	16	16-02-011	Прокладка трубопроводов противопожарного водоснабжения из стальных труб	16-02-011-01	100 м	Прокладка трубопроводов противопожарного водоснабжения из стальных труб диаметром: 25 мм
ГЭСН	16	16-02-011	Прокладка трубопроводов противопожарного водоснабжения из стальных труб	16-02-011-02	100 м	Прокладка трубопроводов противопожарного водоснабжения из стальных труб диаметром: 50 мм
ГЭСН	16	16-02-011	Прокладка трубопроводов противопожарного водоснабжения из стальных труб	16-02-011-03	100 м	Прокладка трубопроводов противопожарного водоснабжения из стальных труб диаметром: 65 мм
ГЭСН	16	16-02-011	Прокладка трубопроводов противопожарного водоснабжения из стальных труб	16-02-011-04	100 м	Прокладка трубопроводов противопожарного водоснабжения из стальных труб диаметром: 80 мм
ГЭСН	16	16-02-011	Прокладка трубопроводов противопожарного водоснабжения из стальных труб	16-02-011-05	100 м	Прокладка трубопроводов противопожарного водоснабжения из стальных труб диаметром: 100 мм
ГЭСН	16	16-02-011	Прокладка трубопроводов противопожарного водоснабжения из стальных труб	16-02-011-06	100 м	Прокладка трубопроводов противопожарного водоснабжения из стальных труб диаметром: 125 мм
ГЭСН	16	16-02-011	Прокладка трубопроводов противопожарного водоснабжения из стальных труб	16-02-011-07	100 м	Прокладка трубопроводов противопожарного водоснабжения из стальных труб диаметром: 150 мм
ГЭСН	16	16-02-011	Прокладка трубопроводов противопожарного водоснабжения из стальных труб	16-02-011-08	100 м	Прокладка трубопроводов противопожарного водоснабжения из стальных труб диаметром: 200 мм
ГЭСН	16	16-02-011	Прокладка трубопроводов противопожарного водоснабжения из стальных труб	16-02-011-09	100 м	Прокладка трубопроводов противопожарного водоснабжения из стальных труб диаметром: 250 мм
ГЭСН	16	16-02-011	Прокладка трубопроводов противопожарного водоснабжения из стальных труб	16-02-011-10	стык	На 1 стык добавлять или исключать: к норме 16-02-011-01
ГЭСН	16	16-02-011	Прокладка трубопроводов противопожарного водоснабжения из стальных труб	16-02-011-11	стык	На 1 стык добавлять или исключать: к норме 16-02-011-02
ГЭСН	16	16-02-011	Прокладка трубопроводов противопожарного водоснабжения из стальных труб	16-02-011-12	стык	На 1 стык добавлять или исключать: к норме 16-02-011-03
ГЭСН	16	16-02-011	Прокладка трубопроводов противопожарного водоснабжения из стальных труб	16-02-011-13	стык	На 1 стык добавлять или исключать: к норме 16-02-011-04
ГЭСН	16	16-02-011	Прокладка трубопроводов противопожарного водоснабжения из стальных труб	16-02-011-14	стык	На 1 стык добавлять или исключать: к норме 16-02-011-05
ГЭСН	16	16-02-011	Прокладка трубопроводов противопожарного водоснабжения из стальных труб	16-02-011-15	стык	На 1 стык добавлять или исключать: к норме 16-02-011-06
ГЭСН	16	16-02-011	Прокладка трубопроводов противопожарного водоснабжения из стальных труб	16-02-011-16	стык	На 1 стык добавлять или исключать: к норме 16-02-011-07
ГЭСН	16	16-02-011	Прокладка трубопроводов противопожарного водоснабжения из стальных труб	16-02-011-17	стык	На 1 стык добавлять или исключать: к норме 16-02-011-08
ГЭСН	16	16-02-011	Прокладка трубопроводов противопожарного водоснабжения из стальных труб	16-02-011-18	стык	На 1 стык добавлять или исключать: к норме 16-02-011-09
ГЭСН	16	16-02-012	Изготовление стальных гильз	16-02-012-01	100 шт	Изготовление стальных гильз диаметром: 32 мм
ГЭСН	16	16-02-012	Изготовление стальных гильз	16-02-012-02	100 шт	Изготовление стальных гильз диаметром: 40 мм
ГЭСН	16	16-02-012	Изготовление стальных гильз	16-02-012-03	100 шт	Изготовление стальных гильз диаметром: 50 мм
ГЭСН	16	16-02-012	Изготовление стальных гильз	16-02-012-04	100 шт	Изготовление стальных гильз диаметром: 65 мм
ГЭСН	16	16-02-012	Изготовление стальных гильз	16-02-012-05	100 шт	Изготовление стальных гильз диаметром: 80 мм
ГЭСН	16	16-02-012	Изготовление стальных гильз	16-02-012-06	100 шт	Изготовление стальных гильз диаметром: 100 мм
ГЭСН	16	16-02-012	Изготовление стальных гильз	16-02-012-07	100 шт	Изготовление стальных гильз диаметром: 150 мм
ГЭСН	16	16-02-012	Изготовление стальных гильз	16-02-012-08	100 шт	Изготовление стальных гильз диаметром: 200 мм
ГЭСН	16	16-02-013	Изготовление элементов и сборка узлов стальных трубопроводов из оцинкованных и неоцинкованных водогазопроводных труб	16-02-013-01	10 м	Изготовление элементов и сборка узлов стальных трубопроводов из оцинкованных и неоцинкованных водогазопроводных труб на резьбе диаметром: до 25 мм
ГЭСН	16	16-02-013	Изготовление элементов и сборка узлов стальных трубопроводов из оцинкованных и неоцинкованных водогазопроводных труб	16-02-013-02	10 м	Изготовление элементов и сборка узлов стальных трубопроводов из оцинкованных и неоцинкованных водогазопроводных труб на резьбе диаметром: 32 мм
ГЭСН	16	16-02-013	Изготовление элементов и сборка узлов стальных трубопроводов из оцинкованных и неоцинкованных водогазопроводных труб	16-02-013-03	10 м	Изготовление элементов и сборка узлов стальных трубопроводов из оцинкованных и неоцинкованных водогазопроводных труб на резьбе диаметром: 40 мм
ГЭСН	16	16-02-013	Изготовление элементов и сборка узлов стальных трубопроводов из оцинкованных и неоцинкованных водогазопроводных труб	16-02-013-04	100 стыков	Добавлять или исключать на каждый последующий резьбовой стык свыше пяти к норме: 16-02-013-01
ГЭСН	16	16-02-013	Изготовление элементов и сборка узлов стальных трубопроводов из оцинкованных и неоцинкованных водогазопроводных труб	16-02-013-05	100 стыков	Добавлять или исключать на каждый последующий резьбовой стык свыше пяти к норме: 16-02-013-02
ГЭСН	16	16-02-013	Изготовление элементов и сборка узлов стальных трубопроводов из оцинкованных и неоцинкованных водогазопроводных труб	16-02-013-06	100 стыков	Добавлять или исключать на каждый последующий резьбовой стык свыше пяти к норме: 16-02-013-03
ГЭСН	16	16-02-013	Изготовление элементов и сборка узлов стальных трубопроводов из оцинкованных и неоцинкованных водогазопроводных труб	16-02-013-07	10 м	Изготовление элементов и сборка узлов стальных трубопроводов из неоцинкованных водогазопроводных труб на сварке диаметром: до 25 мм
ГЭСН	16	16-02-013	Изготовление элементов и сборка узлов стальных трубопроводов из оцинкованных и неоцинкованных водогазопроводных труб	16-02-013-08	10 м	Изготовление элементов и сборка узлов стальных трубопроводов из неоцинкованных водогазопроводных труб на сварке диаметром: свыше 25 до 40 мм
ГЭСН	16	16-02-013	Изготовление элементов и сборка узлов стальных трубопроводов из оцинкованных и неоцинкованных водогазопроводных труб	16-02-013-09	100 стыков	Добавлять или исключать на каждый последующий сварной стык свыше пяти к норме: 16-02-013-07
ГЭСН	16	16-02-013	Изготовление элементов и сборка узлов стальных трубопроводов из оцинкованных и неоцинкованных водогазопроводных труб	16-02-013-10	100 стыков	Добавлять или исключать на каждый последующий сварной стык свыше пяти к норме: 16-02-013-08
ГЭСН	16	16-02-013	Изготовление элементов и сборка узлов стальных трубопроводов из оцинкованных и неоцинкованных водогазопроводных труб	16-02-013-11	10 гибов	При гнутье труб ручным гидравлическим трубогибом добавлять на один гиб трубы к норме: 16-02-013-07
ГЭСН	16	16-02-013	Изготовление элементов и сборка узлов стальных трубопроводов из оцинкованных и неоцинкованных водогазопроводных труб	16-02-013-12	10 гибов	При гнутье труб ручным гидравлическим трубогибом добавлять на один гиб трубы к норме: 16-02-013-08
ГЭСН	16	16-03-001	Прокладка трубопроводов отопления из многослойных металлополимерных труб	16-03-001-01	100 м	Прокладка трубопроводов отопления при стояковой системе из многослойных металлополимерных труб диаметром: до 15 мм
ГЭСН	16	16-03-001	Прокладка трубопроводов отопления из многослойных металлополимерных труб	16-03-001-02	100 м	Прокладка трубопроводов отопления при стояковой системе из многослойных металлополимерных труб диаметром: 20 мм
ГЭСН	16	16-03-001	Прокладка трубопроводов отопления из многослойных металлополимерных труб	16-03-001-03	100 м	Прокладка трубопроводов отопления при стояковой системе из многослойных металлополимерных труб диаметром: 25 мм
ГЭСН	16	16-03-001	Прокладка трубопроводов отопления из многослойных металлополимерных труб	16-03-001-04	100 м	Прокладка трубопроводов отопления при коллекторной системе из многослойных металлополимерных труб диаметром: до 15 мм
ГЭСН	16	16-03-001	Прокладка трубопроводов отопления из многослойных металлополимерных труб	16-03-001-05	100 м	Прокладка трубопроводов отопления при коллекторной системе из многослойных металлополимерных труб диаметром: 20 мм
ГЭСН	16	16-03-001	Прокладка трубопроводов отопления из многослойных металлополимерных труб	16-03-001-06	100 м	Прокладка трубопроводов отопления при коллекторной системе из многослойных металлополимерных труб диаметром: 25 мм
ГЭСН	16	16-03-001	Прокладка трубопроводов отопления из многослойных металлополимерных труб	16-03-001-07	100 м	Прокладка трубопроводов отопления при коллекторной системе из многослойных металлополимерных труб диаметром: 32 мм
ГЭСН	16	16-03-001	Прокладка трубопроводов отопления из многослойных металлополимерных труб	16-03-001-08	100 м	Прокладка трубопроводов отопления при коллекторной системе из многослойных металлополимерных труб диаметром: 40 мм
ГЭСН	16	16-03-001	Прокладка трубопроводов отопления из многослойных металлополимерных труб	16-03-001-09	100 м	Прокладка трубопроводов отопления при коллекторной системе из многослойных металлополимерных труб диаметром: 50 мм
ГЭСН	16	16-03-001	Прокладка трубопроводов отопления из многослойных металлополимерных труб	16-03-001-10	100 м	Прокладка трубопроводов отопления при коллекторной системе из многослойных металлополимерных труб диаметром: 63 мм
ГЭСН	16	16-03-002	Прокладка трубопроводов водоснабжения из многослойных металлополимерных труб	16-03-002-01	100 м	Прокладка трубопроводов водоснабжения из многослойных металлополимерных труб диаметром: 15 мм
ГЭСН	16	16-03-002	Прокладка трубопроводов водоснабжения из многослойных металлополимерных труб	16-03-002-02	100 м	Прокладка трубопроводов водоснабжения из многослойных металлополимерных труб диаметром: 20 мм
ГЭСН	16	16-03-002	Прокладка трубопроводов водоснабжения из многослойных металлополимерных труб	16-03-002-03	100 м	Прокладка трубопроводов водоснабжения из многослойных металлополимерных труб диаметром: 25 мм
ГЭСН	16	16-03-002	Прокладка трубопроводов водоснабжения из многослойных металлополимерных труб	16-03-002-04	100 м	Прокладка трубопроводов водоснабжения в типовых сантехкабинах из многослойных металлополимерных труб диаметром: 15 мм
ГЭСН	16	16-03-002	Прокладка трубопроводов водоснабжения из многослойных металлополимерных труб	16-03-002-05	100 м	Прокладка трубопроводов водоснабжения в типовых сантехкабинах из многослойных металлополимерных труб диаметром: 20 мм
ГЭСН	16	16-03-002	Прокладка трубопроводов водоснабжения из многослойных металлополимерных труб	16-03-002-06	100 м	Прокладка трубопроводов водоснабжения в типовых сантехкабинах из многослойных металлополимерных труб диаметром: 25 мм
ГЭСН	16	16-03-002	Прокладка трубопроводов водоснабжения из многослойных металлополимерных труб	16-03-002-07	100 м	Прокладка трубопроводов водоснабжения из многослойных металлополимерных труб диаметром: 32 мм
ГЭСН	16	16-03-002	Прокладка трубопроводов водоснабжения из многослойных металлополимерных труб	16-03-002-08	100 м	Прокладка трубопроводов водоснабжения из многослойных металлополимерных труб диаметром: 40 мм
ГЭСН	16	16-03-002	Прокладка трубопроводов водоснабжения из многослойных металлополимерных труб	16-03-002-09	100 м	Прокладка трубопроводов водоснабжения из многослойных металлополимерных труб диаметром: 50 мм
ГЭСН	16	16-03-002	Прокладка трубопроводов водоснабжения из многослойных металлополимерных труб	16-03-002-10	100 м	Прокладка трубопроводов водоснабжения из многослойных металлополимерных труб диаметром: 63 мм
ГЭСН	16	16-04-001	Прокладка трубопроводов канализации из полиэтиленовых труб высокой плотности	16-04-001-01	100 м	Прокладка трубопроводов канализации из полиэтиленовых труб высокой плотности диаметром: 50 мм
ГЭСН	16	16-04-001	Прокладка трубопроводов канализации из полиэтиленовых труб высокой плотности	16-04-001-02	100 м	Прокладка трубопроводов канализации из полиэтиленовых труб высокой плотности диаметром: 110 мм
ГЭСН	16	16-04-001	Прокладка трубопроводов канализации из полиэтиленовых труб высокой плотности	16-04-001-03	100 м	Прокладка трубопроводов канализации из полиэтиленовых труб высокой плотности диаметром: 160 мм
ГЭСН	16	16-04-001	Прокладка трубопроводов канализации из полиэтиленовых труб высокой плотности	16-04-001-04	100 м	Прокладка трубопроводов канализации из полиэтиленовых труб высокой плотности диаметром: 200 мм
ГЭСН	16	16-04-002	Прокладка трубопроводов водоснабжения из напорных полиэтиленовых труб	16-04-002-01	100 м	Прокладка трубопроводов водоснабжения из напорных полиэтиленовых труб наружным диаметром: 20 мм
ГЭСН	16	16-04-002	Прокладка трубопроводов водоснабжения из напорных полиэтиленовых труб	16-04-002-02	100 м	Прокладка трубопроводов водоснабжения из напорных полиэтиленовых труб наружным диаметром: 25 мм
ГЭСН	16	16-04-002	Прокладка трубопроводов водоснабжения из напорных полиэтиленовых труб	16-04-002-03	100 м	Прокладка трубопроводов водоснабжения из напорных полиэтиленовых труб наружным диаметром: 32 мм
ГЭСН	16	16-04-002	Прокладка трубопроводов водоснабжения из напорных полиэтиленовых труб	16-04-002-04	100 м	Прокладка трубопроводов водоснабжения из напорных полиэтиленовых труб наружным диаметром: 40 мм
ГЭСН	16	16-04-002	Прокладка трубопроводов водоснабжения из напорных полиэтиленовых труб	16-04-002-05	100 м	Прокладка трубопроводов водоснабжения из напорных полиэтиленовых труб наружным диаметром: 50 мм
ГЭСН	16	16-04-002	Прокладка трубопроводов водоснабжения из напорных полиэтиленовых труб	16-04-002-06	100 м	Прокладка трубопроводов водоснабжения из напорных полиэтиленовых труб наружным диаметром: 63 мм
ГЭСН	16	16-04-002	Прокладка трубопроводов водоснабжения из напорных полиэтиленовых труб	16-04-002-07	100 м	Прокладка трубопроводов водоснабжения из напорных полиэтиленовых труб наружным диаметром: 75 мм
ГЭСН	16	16-04-002	Прокладка трубопроводов водоснабжения из напорных полиэтиленовых труб	16-04-002-08	100 м	Прокладка трубопроводов водоснабжения из напорных полиэтиленовых труб наружным диаметром: 90 мм
ГЭСН	16	16-04-002	Прокладка трубопроводов водоснабжения из напорных полиэтиленовых труб	16-04-002-09	100 м	Прокладка трубопроводов водоснабжения из напорных полиэтиленовых труб наружным диаметром: 110 мм
ГЭСН	16	16-04-002	Прокладка трубопроводов водоснабжения из напорных полиэтиленовых труб	16-04-002-10	100 м	Прокладка трубопроводов водоснабжения из напорных полиэтиленовых труб наружным диаметром: 140 мм
ГЭСН	16	16-04-002	Прокладка трубопроводов водоснабжения из напорных полиэтиленовых труб	16-04-002-11	100 м	Прокладка трубопроводов водоснабжения из напорных полиэтиленовых труб наружным диаметром: 160 мм
ГЭСН	16	16-04-003	Прокладка трубопроводов водоснабжения и отопления из хлорированных поливинилхлоридных труб (ХПВХ)	16-04-003-01	100 м	Прокладка трубопроводов водоснабжения и отопления из хлорированных поливинилхлоридных труб (ХПВХ) диаметром: до 32 мм
ГЭСН	16	16-04-003	Прокладка трубопроводов водоснабжения и отопления из хлорированных поливинилхлоридных труб (ХПВХ)	16-04-003-02	100 м	Прокладка трубопроводов водоснабжения и отопления из хлорированных поливинилхлоридных труб (ХПВХ) диаметром: до 63 мм
ГЭСН	16	16-04-003	Прокладка трубопроводов водоснабжения и отопления из хлорированных поливинилхлоридных труб (ХПВХ)	16-04-003-03	100 м	Прокладка трубопроводов водоснабжения и отопления из хлорированных поливинилхлоридных труб (ХПВХ) диаметром: до 110 мм
ГЭСН	16	16-04-004	Прокладка внутренних трубопроводов канализации из полипропиленовых труб	16-04-004-01	100 м	Прокладка внутренних трубопроводов канализации из полипропиленовых труб диаметром: 50 мм
ГЭСН	16	16-04-004	Прокладка внутренних трубопроводов канализации из полипропиленовых труб	16-04-004-02	100 м	Прокладка внутренних трубопроводов канализации из полипропиленовых труб диаметром: 110 мм
ГЭСН	16	16-04-005	Прокладка внутренних трубопроводов водоснабжения и отопления из многослойных полипропиленовых труб, из заранее собранных узлов	16-04-005-01	100 м	Прокладка внутренних трубопроводов водоснабжения и отопления из многослойных полипропиленовых труб, из заранее собранных узлов, наружным диаметром: 20 мм
ГЭСН	16	16-04-005	Прокладка внутренних трубопроводов водоснабжения и отопления из многослойных полипропиленовых труб, из заранее собранных узлов	16-04-005-02	100 м	Прокладка внутренних трубопроводов водоснабжения и отопления из многослойных полипропиленовых труб, из заранее собранных узлов, наружным диаметром: 25 мм
ГЭСН	16	16-04-005	Прокладка внутренних трубопроводов водоснабжения и отопления из многослойных полипропиленовых труб, из заранее собранных узлов	16-04-005-03	100 м	Прокладка внутренних трубопроводов водоснабжения и отопления из многослойных полипропиленовых труб, из заранее собранных узлов, наружным диаметром: 32 мм
ГЭСН	16	16-04-005	Прокладка внутренних трубопроводов водоснабжения и отопления из многослойных полипропиленовых труб, из заранее собранных узлов	16-04-005-04	100 м	Прокладка внутренних трубопроводов водоснабжения и отопления из многослойных полипропиленовых труб, из заранее собранных узлов, наружным диаметром: 40 мм
ГЭСН	16	16-04-005	Прокладка внутренних трубопроводов водоснабжения и отопления из многослойных полипропиленовых труб, из заранее собранных узлов	16-04-005-05	100 м	Прокладка внутренних трубопроводов водоснабжения и отопления из многослойных полипропиленовых труб, из заранее собранных узлов, наружным диаметром: 50 мм
ГЭСН	16	16-04-005	Прокладка внутренних трубопроводов водоснабжения и отопления из многослойных полипропиленовых труб, из заранее собранных узлов	16-04-005-06	100 м	Прокладка внутренних трубопроводов водоснабжения и отопления из многослойных полипропиленовых труб, из заранее собранных узлов, наружным диаметром: 63 мм
ГЭСН	16	16-04-005	Прокладка внутренних трубопроводов водоснабжения и отопления из многослойных полипропиленовых труб, из заранее собранных узлов	16-04-005-07	100 м	Прокладка внутренних трубопроводов водоснабжения и отопления из многослойных полипропиленовых труб, из заранее собранных узлов, наружным диаметром: 75 мм
ГЭСН	16	16-04-005	Прокладка внутренних трубопроводов водоснабжения и отопления из многослойных полипропиленовых труб, из заранее собранных узлов	16-04-005-08	100 м	Прокладка внутренних трубопроводов водоснабжения и отопления из многослойных полипропиленовых труб, из заранее собранных узлов, наружным диаметром: 90 мм
ГЭСН	16	16-04-005	Прокладка внутренних трубопроводов водоснабжения и отопления из многослойных полипропиленовых труб, из заранее собранных узлов	16-04-005-09	100 м	Прокладка внутренних трубопроводов водоснабжения и отопления из многослойных полипропиленовых труб, из заранее собранных узлов, наружным диаметром: 110 мм
ГЭСН	16	16-04-006	Сборка узла внутреннего трубопровода водоснабжения и отопления из многослойного полипропилена	16-04-006-01	100 соединений	Сборка узла трубопровода водоснабжения и отопления из многослойного полипропилена, армированного стекловолокном, раструбная сварка, наружный диаметр: 20 мм
ГЭСН	16	16-04-006	Сборка узла внутреннего трубопровода водоснабжения и отопления из многослойного полипропилена	16-04-006-02	100 соединений	Сборка узла трубопровода водоснабжения и отопления из многослойного полипропилена, армированного стекловолокном, раструбная сварка, наружный диаметр: 25 мм
ГЭСН	16	16-04-006	Сборка узла внутреннего трубопровода водоснабжения и отопления из многослойного полипропилена	16-04-006-03	100 соединений	Сборка узла трубопровода водоснабжения и отопления из многослойного полипропилена, армированного стекловолокном, раструбная сварка, наружный диаметр: 32 мм
ГЭСН	16	16-04-006	Сборка узла внутреннего трубопровода водоснабжения и отопления из многослойного полипропилена	16-04-006-04	100 соединений	Сборка узла трубопровода водоснабжения и отопления из многослойного полипропилена, армированного стекловолокном, раструбная сварка, наружный диаметр: 40 мм
ГЭСН	16	16-04-006	Сборка узла внутреннего трубопровода водоснабжения и отопления из многослойного полипропилена	16-04-006-05	100 соединений	Сборка узла трубопровода водоснабжения и отопления из многослойного полипропилена, армированного стекловолокном, раструбная сварка, наружный диаметр: 50 мм
ГЭСН	16	16-04-006	Сборка узла внутреннего трубопровода водоснабжения и отопления из многослойного полипропилена	16-04-006-06	100 соединений	Сборка узла трубопровода водоснабжения и отопления из многослойного полипропилена, армированного стекловолокном, раструбная сварка, наружный диаметр: 63 мм
ГЭСН	16	16-04-006	Сборка узла внутреннего трубопровода водоснабжения и отопления из многослойного полипропилена	16-04-006-07	100 соединений	Сборка узла трубопровода водоснабжения и отопления из многослойного полипропилена, армированного стекловолокном, раструбная сварка, наружный диаметр: 75 мм
ГЭСН	16	16-04-006	Сборка узла внутреннего трубопровода водоснабжения и отопления из многослойного полипропилена	16-04-006-08	100 соединений	Сборка узла трубопровода водоснабжения и отопления из многослойного полипропилена, армированного стекловолокном, раструбная сварка, наружный диаметр: 90 мм
ГЭСН	16	16-04-006	Сборка узла внутреннего трубопровода водоснабжения и отопления из многослойного полипропилена	16-04-006-09	100 соединений	Сборка узла трубопровода водоснабжения и отопления из многослойного полипропилена, армированного стекловолокном, раструбная сварка, наружный диаметр: 110 мм
ГЭСН	16	16-04-006	Сборка узла внутреннего трубопровода водоснабжения и отопления из многослойного полипропилена	16-04-006-10	100 соединений	Сборка узла трубопровода водоснабжения и отопления из многослойного полипропилена, армированного стекловолокном, фланцевое соединение, наружный диаметр 50-110 мм
ГЭСН	16	16-04-007	Прокладка трубопроводов водоснабжения и отопления из труб из сшитого полиэтилена	16-04-007-01	100 м	Прокладка трубопроводов водоснабжения и отопления из труб из сшитого полиэтилена из заранее собранных узлов, наружным диаметром: 16 мм
ГЭСН	16	16-04-007	Прокладка трубопроводов водоснабжения и отопления из труб из сшитого полиэтилена	16-04-007-02	100 м	Прокладка трубопроводов водоснабжения и отопления из труб из сшитого полиэтилена из заранее собранных узлов, наружным диаметром: 20 мм
ГЭСН	16	16-04-007	Прокладка трубопроводов водоснабжения и отопления из труб из сшитого полиэтилена	16-04-007-03	100 м	Прокладка трубопроводов водоснабжения и отопления из труб из сшитого полиэтилена из заранее собранных узлов, наружным диаметром: 25 мм
ГЭСН	16	16-04-007	Прокладка трубопроводов водоснабжения и отопления из труб из сшитого полиэтилена	16-04-007-05	100 м	Прокладка трубопроводов водоснабжения и отопления из труб из сшитого полиэтилена из заранее собранных узлов, наружным диаметром: 40 мм
ГЭСН	16	16-04-008	Сборка узла трубопровода водоснабжения и отопления из труб сшитого полиэтилена	16-04-008-01	100 соединений	Сборка узла трубопровода водоснабжения и отопления из труб сшитого полиэтилена, диаметр: 16 мм
ГЭСН	16	16-04-008	Сборка узла трубопровода водоснабжения и отопления из труб сшитого полиэтилена	16-04-008-02	100 соединений	Сборка узла трубопровода водоснабжения и отопления из труб сшитого полиэтилена, диаметр: 20 мм
ГЭСН	16	16-04-008	Сборка узла трубопровода водоснабжения и отопления из труб сшитого полиэтилена	16-04-008-03	100 соединений	Сборка узла трубопровода водоснабжения и отопления из труб сшитого полиэтилена, диаметр: 25 мм
ГЭСН	16	16-04-008	Сборка узла трубопровода водоснабжения и отопления из труб сшитого полиэтилена	16-04-008-05	100 соединений	Сборка узла трубопровода водоснабжения и отопления из труб сшитого полиэтилена, диаметр: 40 мм
ГЭСН	16	16-05-001	Установка вентилей, задвижек, затворов, клапанов обратных, кранов проходных на трубопроводах из стальных труб	16-05-001-01	шт	Установка вентилей, задвижек, затворов, клапанов обратных, кранов проходных на трубопроводах из стальных труб диаметром: до 25 мм
ГЭСН	16	16-05-001	Установка вентилей, задвижек, затворов, клапанов обратных, кранов проходных на трубопроводах из стальных труб	16-05-001-02	шт	Установка вентилей, задвижек, затворов, клапанов обратных, кранов проходных на трубопроводах из стальных труб диаметром: до 50 мм
ГЭСН	16	16-05-001	Установка вентилей, задвижек, затворов, клапанов обратных, кранов проходных на трубопроводах из стальных труб	16-05-001-03	шт	Установка вентилей, задвижек, затворов, клапанов обратных, кранов проходных на трубопроводах из стальных труб диаметром: до 100 мм
ГЭСН	16	16-05-001	Установка вентилей, задвижек, затворов, клапанов обратных, кранов проходных на трубопроводах из стальных труб	16-05-001-04	шт	Установка вентилей, задвижек, затворов, клапанов обратных, кранов проходных на трубопроводах из стальных труб диаметром: до 125 мм
ГЭСН	16	16-05-001	Установка вентилей, задвижек, затворов, клапанов обратных, кранов проходных на трубопроводах из стальных труб	16-05-001-05	шт	Установка вентилей, задвижек, затворов, клапанов обратных, кранов проходных на трубопроводах из стальных труб диаметром: до 150 мм
ГЭСН	16	16-05-001	Установка вентилей, задвижек, затворов, клапанов обратных, кранов проходных на трубопроводах из стальных труб	16-05-001-06	шт	Установка вентилей, задвижек, затворов, клапанов обратных, кранов проходных на трубопроводах из стальных труб диаметром: до 200 мм
ГЭСН	16	16-05-001	Установка вентилей, задвижек, затворов, клапанов обратных, кранов проходных на трубопроводах из стальных труб	16-05-001-07	шт	Установка вентилей, задвижек, затворов, клапанов обратных, кранов проходных на трубопроводах из стальных труб диаметром: до 250 мм
ГЭСН	16	16-05-001	Установка вентилей, задвижек, затворов, клапанов обратных, кранов проходных на трубопроводах из стальных труб	16-05-001-08	шт	Установка вентилей, задвижек, затворов, клапанов обратных, кранов проходных на трубопроводах из стальных труб диаметром: до 300 мм
ГЭСН	16	16-05-001	Установка вентилей, задвижек, затворов, клапанов обратных, кранов проходных на трубопроводах из стальных труб	16-05-001-09	шт	Установка вентилей, задвижек, затворов, клапанов обратных, кранов проходных на трубопроводах из стальных труб диаметром: до 350 мм
ГЭСН	16	16-05-001	Установка вентилей, задвижек, затворов, клапанов обратных, кранов проходных на трубопроводах из стальных труб	16-05-001-10	шт	Установка вентилей, задвижек, затворов, клапанов обратных, кранов проходных на трубопроводах из стальных труб диаметром: до 400 мм
ГЭСН	16	16-05-002	Установка вентилей, задвижек, затворов, клапанов обратных, кранов проходных на трубопроводах из чугунных напорных фланцевых труб	16-05-002-01	шт	Установка вентилей, задвижек, затворов, клапанов обратных, кранов проходных на трубопроводах из чугунных напорных фланцевых труб диаметром: до 65 мм
ГЭСН	16	16-05-002	Установка вентилей, задвижек, затворов, клапанов обратных, кранов проходных на трубопроводах из чугунных напорных фланцевых труб	16-05-002-02	шт	Установка вентилей, задвижек, затворов, клапанов обратных, кранов проходных на трубопроводах из чугунных напорных фланцевых труб диаметром: до 100 мм
ГЭСН	16	16-05-002	Установка вентилей, задвижек, затворов, клапанов обратных, кранов проходных на трубопроводах из чугунных напорных фланцевых труб	16-05-002-03	шт	Установка вентилей, задвижек, затворов, клапанов обратных, кранов проходных на трубопроводах из чугунных напорных фланцевых труб диаметром: до 125 мм
ГЭСН	16	16-05-002	Установка вентилей, задвижек, затворов, клапанов обратных, кранов проходных на трубопроводах из чугунных напорных фланцевых труб	16-05-002-04	шт	Установка вентилей, задвижек, затворов, клапанов обратных, кранов проходных на трубопроводах из чугунных напорных фланцевых труб диаметром: до 150 мм
ГЭСН	16	16-05-002	Установка вентилей, задвижек, затворов, клапанов обратных, кранов проходных на трубопроводах из чугунных напорных фланцевых труб	16-05-002-05	шт	Установка вентилей, задвижек, затворов, клапанов обратных, кранов проходных на трубопроводах из чугунных напорных фланцевых труб диаметром: до 200 мм
ГЭСН	16	16-05-002	Установка вентилей, задвижек, затворов, клапанов обратных, кранов проходных на трубопроводах из чугунных напорных фланцевых труб	16-05-002-06	шт	Установка вентилей, задвижек, затворов, клапанов обратных, кранов проходных на трубопроводах из чугунных напорных фланцевых труб диаметром: до 250 мм
ГЭСН	16	16-05-002	Установка вентилей, задвижек, затворов, клапанов обратных, кранов проходных на трубопроводах из чугунных напорных фланцевых труб	16-05-002-07	шт	Установка вентилей, задвижек, затворов, клапанов обратных, кранов проходных на трубопроводах из чугунных напорных фланцевых труб диаметром: до 300 мм
ГЭСН	16	16-05-002	Установка вентилей, задвижек, затворов, клапанов обратных, кранов проходных на трубопроводах из чугунных напорных фланцевых труб	16-05-002-08	шт	Установка вентилей, задвижек, затворов, клапанов обратных, кранов проходных на трубопроводах из чугунных напорных фланцевых труб диаметром: до 350 мм
ГЭСН	16	16-05-002	Установка вентилей, задвижек, затворов, клапанов обратных, кранов проходных на трубопроводах из чугунных напорных фланцевых труб	16-05-002-09	шт	Установка вентилей, задвижек, затворов, клапанов обратных, кранов проходных на трубопроводах из чугунных напорных фланцевых труб диаметром: до 400 мм
ГЭСН	16	16-05-003	Установка клапанов предохранительных	16-05-003-01	шт	Установка клапанов предохранительных однорычажных диаметром: 25 мм
ГЭСН	16	16-05-003	Установка клапанов предохранительных	16-05-003-02	шт	Установка клапанов предохранительных однорычажных диаметром: 40 мм
ГЭСН	16	16-05-003	Установка клапанов предохранительных	16-05-003-03	шт	Установка клапанов предохранительных однорычажных диаметром: 50 мм
ГЭСН	16	16-05-003	Установка клапанов предохранительных	16-05-003-04	шт	Установка клапанов предохранительных однорычажных диаметром: 100 мм
ГЭСН	16	16-05-003	Установка клапанов предохранительных	16-05-003-05	шт	Установка клапанов предохранительных двухрычажных диаметром: 80 (50х2) мм
ГЭСН	16	16-05-003	Установка клапанов предохранительных	16-05-003-06	шт	Установка клапанов предохранительных двухрычажных диаметром: 150 (100х2) мм
ГЭСН	16	16-05-003	Установка клапанов предохранительных	16-05-003-07	шт	Установка клапанов предохранительных самопритирающихся
ГЭСН	16	16-05-004	Установка клапанов приемных	16-05-004-01	шт	Установка клапанов приемных диаметром: 50 мм
ГЭСН	16	16-05-004	Установка клапанов приемных	16-05-004-02	шт	Установка клапанов приемных диаметром: 80 мм
ГЭСН	16	16-05-004	Установка клапанов приемных	16-05-004-03	шт	Установка клапанов приемных диаметром: 100 мм
ГЭСН	16	16-05-004	Установка клапанов приемных	16-05-004-04	шт	Установка клапанов приемных диаметром: 150 мм
ГЭСН	16	16-05-004	Установка клапанов приемных	16-05-004-05	шт	Установка клапанов приемных диаметром: 200 мм
ГЭСН	16	16-05-004	Установка клапанов приемных	16-05-004-06	шт	Установка клапанов приемных диаметром: 250 мм
ГЭСН	16	16-05-004	Установка клапанов приемных	16-05-004-07	шт	Установка клапанов приемных диаметром: 300 мм
ГЭСН	16	16-05-004	Установка клапанов приемных	16-05-004-08	шт	Установка клапанов приемных диаметром: 400 мм
ГЭСН	16	16-05-005	Установка клапанов редукционных пружинных	16-05-005-01	шт	Установка клапанов редукционных пружинных диаметром: 25 мм
ГЭСН	16	16-05-005	Установка клапанов редукционных пружинных	16-05-005-02	шт	Установка клапанов редукционных пружинных диаметром: 50 мм
ГЭСН	16	16-05-005	Установка клапанов редукционных пружинных	16-05-005-03	шт	Установка клапанов редукционных пружинных диаметром: 80 мм
ГЭСН	16	16-05-005	Установка клапанов редукционных пружинных	16-05-005-04	шт	Установка клапанов редукционных пружинных диаметром: 100 мм
ГЭСН	16	16-05-005	Установка клапанов редукционных пружинных	16-05-005-05	шт	Установка клапанов редукционных пружинных диаметром: 125 мм
ГЭСН	16	16-05-005	Установка клапанов редукционных пружинных	16-05-005-06	шт	Установка клапанов редукционных пружинных диаметром: 150 мм
ГЭСН	16	16-06-001	Установка водомерных узлов, поставляемых на место монтажа собранными в блоки, с обводной линией	16-06-001-01	узел	Установка водомерных узлов, поставляемых на место монтажа собранными в блоки, с обводной линией диаметром ввода: до 65 мм, диаметром водомера до 40 мм
ГЭСН	16	16-06-001	Установка водомерных узлов, поставляемых на место монтажа собранными в блоки, с обводной линией	16-06-001-02	узел	Установка водомерных узлов, поставляемых на место монтажа собранными в блоки, с обводной линией диаметром ввода: до 100 мм, диаметром водомера до 80 мм
ГЭСН	16	16-06-001	Установка водомерных узлов, поставляемых на место монтажа собранными в блоки, с обводной линией	16-06-001-03	узел	Установка водомерных узлов, поставляемых на место монтажа собранными в блоки, с обводной линией диаметром ввода: до 150 мм, диаметром водомера до 100 мм
ГЭСН	16	16-06-001	Установка водомерных узлов, поставляемых на место монтажа собранными в блоки, с обводной линией	16-06-001-04	узел	Установка водомерных узлов, поставляемых на место монтажа собранными в блоки, с обводной линией диаметром ввода: до 200 мм, диаметром водомера до 150 мм
ГЭСН	16	16-06-002	Установка водомерных узлов, поставляемых на место монтажа собранными в блоки, без обводной линии	16-06-002-01	узел	Установка водомерных узлов, поставляемых на место монтажа собранными в блоки, без обводной линии диаметром ввода: до 65 мм, диаметром водомера до 40 мм
ГЭСН	16	16-06-002	Установка водомерных узлов, поставляемых на место монтажа собранными в блоки, без обводной линии	16-06-002-02	узел	Установка водомерных узлов, поставляемых на место монтажа собранными в блоки, без обводной линии диаметром ввода: до 100 мм, диаметром водомера до 80 мм
ГЭСН	16	16-06-002	Установка водомерных узлов, поставляемых на место монтажа собранными в блоки, без обводной линии	16-06-002-03	узел	Установка водомерных узлов, поставляемых на место монтажа собранными в блоки, без обводной линии диаметром ввода: до 150 мм, диаметром водомера до 100 мм
ГЭСН	16	16-06-002	Установка водомерных узлов, поставляемых на место монтажа собранными в блоки, без обводной линии	16-06-002-04	узел	Установка водомерных узлов, поставляемых на место монтажа собранными в блоки, без обводной линии диаметром ввода: до 200 мм, диаметром водомера до 150 мм
ГЭСН	16	16-06-003	Устройство водомерных узлов с изготовлением обвязки на месте монтажа, с обводной линией	16-06-003-01	узел	Устройство водомерных узлов с изготовлением обвязки на месте монтажа, с обводной линией диаметром ввода: 300 мм, диаметром водомера 200 мм
ГЭСН	16	16-06-003	Устройство водомерных узлов с изготовлением обвязки на месте монтажа, с обводной линией	16-06-003-02	узел	Устройство водомерных узлов с изготовлением обвязки на месте монтажа, с обводной линией диаметром ввода: 400 мм, диаметром водомера 200 мм
ГЭСН	16	16-06-004	Устройство водомерных узлов с изготовлением обвязки на месте монтажа, без обводной линии	16-06-004-01	узел	Устройство водомерных узлов с изготовлением обвязки на месте монтажа, без обводной линии диаметром ввода: 300 мм, диаметром водомера 200 мм
ГЭСН	16	16-06-004	Устройство водомерных узлов с изготовлением обвязки на месте монтажа, без обводной линии	16-06-004-02	узел	Устройство водомерных узлов с изготовлением обвязки на месте монтажа, без обводной линии диаметром ввода: 400 мм, диаметром водомера 200 мм
ГЭСН	16	16-06-005	Установка счетчиков (водомеров)	16-06-005-01	шт	Установка счетчиков (водомеров) диаметром: до 40 мм
ГЭСН	16	16-06-005	Установка счетчиков (водомеров)	16-06-005-02	шт	Установка счетчиков (водомеров) диаметром: до 50 мм
ГЭСН	16	16-06-005	Установка счетчиков (водомеров)	16-06-005-03	шт	Установка счетчиков (водомеров) диаметром: до 80 мм
ГЭСН	16	16-06-005	Установка счетчиков (водомеров)	16-06-005-04	шт	Установка счетчиков (водомеров) диаметром: до 100 мм
ГЭСН	16	16-06-005	Установка счетчиков (водомеров)	16-06-005-05	шт	Установка счетчиков (водомеров) диаметром: до 150 мм
ГЭСН	16	16-06-006	Установка узла квартирного счетчика воды	16-06-006-01	100 узлов	Установка узла квартирного счетчика воды
ГЭСН	16	16-06-006	Установка узла квартирного счетчика воды	16-06-006-02	100 узлов	Установка узла квартирного счетчика воды с импульсным выходом
ГЭСН	16	16-07-001	Установка кранов	16-07-001-01	шт	Установка кранов пожарных диаметром 50 мм
ГЭСН	16	16-07-001	Установка кранов	16-07-001-02	шт	Установка кранов поливочных диаметром: 25 мм
ГЭСН	16	16-07-001	Установка кранов	16-07-001-03	шт	Установка кранов поливочных диаметром: 32 мм
ГЭСН	16	16-07-001	Установка кранов	16-07-001-04	шт	Установка кранов поливочных диаметром: 40 мм
ГЭСН	16	16-07-002	Установка воронок	16-07-002-01	шт	Установка воронок водосточных
ГЭСН	16	16-07-002	Установка воронок	16-07-002-02	шт	Установка воронок сливных диаметром: 50 мм
ГЭСН	16	16-07-002	Установка воронок	16-07-002-03	шт	Установка воронок сливных диаметром: 100 мм
ГЭСН	16	16-07-002	Установка воронок	16-07-002-04	шт	Установка воронок сливных диаметром: 150 мм
ГЭСН	16	16-07-003	Врезка в действующие внутренние сети трубопроводов отопления и водоснабжения	16-07-003-01	шт	Врезка в действующие внутренние сети трубопроводов отопления и водоснабжения диаметром: 15 мм
ГЭСН	16	16-07-003	Врезка в действующие внутренние сети трубопроводов отопления и водоснабжения	16-07-003-02	шт	Врезка в действующие внутренние сети трубопроводов отопления и водоснабжения диаметром: 20 мм
ГЭСН	16	16-07-003	Врезка в действующие внутренние сети трубопроводов отопления и водоснабжения	16-07-003-03	шт	Врезка в действующие внутренние сети трубопроводов отопления и водоснабжения диаметром: 25 мм
ГЭСН	16	16-07-003	Врезка в действующие внутренние сети трубопроводов отопления и водоснабжения	16-07-003-04	шт	Врезка в действующие внутренние сети трубопроводов отопления и водоснабжения диаметром: 32 мм
ГЭСН	16	16-07-003	Врезка в действующие внутренние сети трубопроводов отопления и водоснабжения	16-07-003-05	шт	Врезка в действующие внутренние сети трубопроводов отопления и водоснабжения диаметром: 40 мм
ГЭСН	16	16-07-003	Врезка в действующие внутренние сети трубопроводов отопления и водоснабжения	16-07-003-06	шт	Врезка в действующие внутренние сети трубопроводов отопления и водоснабжения диаметром: 50 мм
ГЭСН	16	16-07-003	Врезка в действующие внутренние сети трубопроводов отопления и водоснабжения	16-07-003-07	шт	Врезка в действующие внутренние сети трубопроводов отопления и водоснабжения диаметром: 80 мм
ГЭСН	16	16-07-003	Врезка в действующие внутренние сети трубопроводов отопления и водоснабжения	16-07-003-08	шт	Врезка в действующие внутренние сети трубопроводов отопления и водоснабжения диаметром: 100 мм
ГЭСН	16	16-07-003	Врезка в действующие внутренние сети трубопроводов отопления и водоснабжения	16-07-003-09	шт	Врезка в действующие внутренние сети трубопроводов отопления и водоснабжения диаметром: 125 мм
ГЭСН	16	16-07-003	Врезка в действующие внутренние сети трубопроводов отопления и водоснабжения	16-07-003-10	шт	Врезка в действующие внутренние сети трубопроводов отопления и водоснабжения диаметром: 150 мм
ГЭСН	16	16-07-003	Врезка в действующие внутренние сети трубопроводов отопления и водоснабжения	16-07-003-11	шт	Врезка в действующие внутренние сети трубопроводов отопления и водоснабжения диаметром: 200 мм
ГЭСН	16	16-07-004	Врезка в действующие внутренние сети трубопроводов канализации	16-07-004-01	шт	Врезка в действующие внутренние сети трубопроводов канализации диаметром: 50 мм
ГЭСН	16	16-07-004	Врезка в действующие внутренние сети трубопроводов канализации	16-07-004-02	шт	Врезка в действующие внутренние сети трубопроводов канализации диаметром: 100 мм
ГЭСН	16	16-07-005	Гидравлическое испытание трубопроводов систем отопления, водопровода и горячего водоснабжения	16-07-005-01	100 м	Гидравлическое испытание трубопроводов систем отопления, водопровода и горячего водоснабжения диаметром: до 50 мм
ГЭСН	16	16-07-005	Гидравлическое испытание трубопроводов систем отопления, водопровода и горячего водоснабжения	16-07-005-02	100 м	Гидравлическое испытание трубопроводов систем отопления, водопровода и горячего водоснабжения диаметром: до 100 мм
ГЭСН	16	16-07-005	Гидравлическое испытание трубопроводов систем отопления, водопровода и горячего водоснабжения	16-07-005-03	100 м	Гидравлическое испытание трубопроводов систем отопления, водопровода и горячего водоснабжения диаметром: до 200 мм
ГЭСН	16	16-07-005	Гидравлическое испытание трубопроводов систем отопления, водопровода и горячего водоснабжения	16-07-005-04	100 м	Гидравлическое испытание трубопроводов систем отопления, водопровода и горячего водоснабжения диаметром: до 400 мм
ГЭСН	16	16-07-006	Заделка сальников при проходе труб через фундаменты или стены подвала	16-07-006-01	шт	Заделка сальников при проходе труб через фундаменты или стены подвала диаметром: до 100 мм
ГЭСН	16	16-07-006	Заделка сальников при проходе труб через фундаменты или стены подвала	16-07-006-02	шт	Заделка сальников при проходе труб через фундаменты или стены подвала диаметром: свыше 100 до 200 мм
ГЭСН	16	16-07-006	Заделка сальников при проходе труб через фундаменты или стены подвала	16-07-006-03	шт	Заделка сальников при проходе труб через фундаменты или стены подвала диаметром: свыше 200 до 300 мм
ГЭСН	16	16-07-006	Заделка сальников при проходе труб через фундаменты или стены подвала	16-07-006-04	шт	Заделка сальников при проходе труб через фундаменты или стены подвала диаметром: свыше 300 до 400 мм
ГЭСН	16	16-07-007	Герметизация ввода коммуникаций через стену с использованием инъекционных двухкомпонентных полиуретановых составов пены и смолы	16-07-007-01	100 м	Герметизация ввода коммуникаций через стену с использованием инъекционных двухкомпонентных полиуретановых составов пены и смолы: устройство гидропломбы
ГЭСН	16	16-07-007	Герметизация ввода коммуникаций через стену с использованием инъекционных двухкомпонентных полиуретановых составов пены и смолы	16-07-007-02	100 шт	Герметизация ввода коммуникаций через стену с использованием инъекционных двухкомпонентных полиуретановых составов пены и смолы: устройство центров инъектирования
ГЭСН	16	16-07-007	Герметизация ввода коммуникаций через стену с использованием инъекционных двухкомпонентных полиуретановых составов пены и смолы	16-07-007-03	м3	Герметизация ввода коммуникаций через стену с использованием инъекционных двухкомпонентных полиуретановых составов пены и смолы: инъектирование
ГЭСН	16	16-07-008	Установка муфт противопожарных на трубопроводы пластиковые	16-07-008-01	100 шт	Установка муфт противопожарных на трубопроводы пластиковые в междуэтажных перекрытиях с креплением дюбель-гвоздями к перекрытиям, диаметром: до 40 мм
ГЭСН	16	16-07-008	Установка муфт противопожарных на трубопроводы пластиковые	16-07-008-02	100 шт	Установка муфт противопожарных на трубопроводы пластиковые в междуэтажных перекрытиях с креплением дюбель-гвоздями к перекрытиям, диаметром: до 90 мм
ГЭСН	16	16-07-008	Установка муфт противопожарных на трубопроводы пластиковые	16-07-008-03	100 шт	Установка муфт противопожарных на трубопроводы пластиковые в междуэтажных перекрытиях с креплением дюбель-гвоздями к перекрытиям, диаметром: до 160 мм
ГЭСН	16	16-07-009	Установка декоративных накладок (обводов) для труб	16-07-009-01	100 шт	Установка декоративных накладок (обводов) для труб
ГЭСН	16	16-08-001	Установка шкафов	16-08-001-01	100 шт	Установка шкафов металлических для санитарно-технических систем: на стене или в нише массой до 10 кг
ГЭСН	16	16-08-001	Установка шкафов	16-08-001-02	100 шт	Установка шкафов металлических для санитарно-технических систем: на стене или в нише массой свыше 10 до 20 кг
ГЭСН	16	16-08-001	Установка шкафов	16-08-001-03	100 шт	Установка шкафов металлических для санитарно-технических систем: на стене или в нише массой свыше 20 до 30 кг
ГЭСН	16	16-08-001	Установка шкафов	16-08-001-04	100 шт	Установка шкафов металлических для санитарно-технических систем: на стене или в нише массой свыше 30 кг
ГЭСН	16	16-08-001	Установка шкафов	16-08-001-05	100 шт	Установка шкафов металлических для санитарно-технических систем: на полу массой до 10 кг
ГЭСН	16	16-08-001	Установка шкафов	16-08-001-06	100 шт	Установка шкафов металлических для санитарно-технических систем: на полу массой свыше 10 до 20 кг
ГЭСН	16	16-08-001	Установка шкафов	16-08-001-07	100 шт	Установка шкафов металлических для санитарно-технических систем: на полу массой свыше 20 до 30 кг
ГЭСН	16	16-08-001	Установка шкафов	16-08-001-08	100 шт	Установка шкафов металлических для санитарно-технических систем: на полу массой свыше 30 кг
ГЭСН	16	16-08-002	Установка распределительного коллектора для систем отопления и водоснабжения	16-08-002-01	10 шт	Установка распределительного коллектора систем отопления и водоснабжения диаметром до 32 мм
ГЭСН	17	17-01-001	Установка ванн, умывальников, биде, поддонов душевых, кабин душевых, трапов, шторок душевых	17-01-001-01	10 компл	Установка ванн купальных: прямых чугунных
ГЭСН	17	17-01-001	Установка ванн, умывальников, биде, поддонов душевых, кабин душевых, трапов, шторок душевых	17-01-001-02	10 компл	Установка ванн купальных: прямых стальных
ГЭСН	17	17-01-001	Установка ванн, умывальников, биде, поддонов душевых, кабин душевых, трапов, шторок душевых	17-01-001-03	10 компл	Установка ванн купальных: прямых полимербетонных
ГЭСН	17	17-01-001	Установка ванн, умывальников, биде, поддонов душевых, кабин душевых, трапов, шторок душевых	17-01-001-04	10 компл	Установка ванн купальных: прямых пластиковых
ГЭСН	17	17-01-001	Установка ванн, умывальников, биде, поддонов душевых, кабин душевых, трапов, шторок душевых	17-01-001-05	10 компл	Установка ванн купальных: угловых чугунных
ГЭСН	17	17-01-001	Установка ванн, умывальников, биде, поддонов душевых, кабин душевых, трапов, шторок душевых	17-01-001-06	10 компл	Установка ванн купальных: угловых стальных
ГЭСН	17	17-01-001	Установка ванн, умывальников, биде, поддонов душевых, кабин душевых, трапов, шторок душевых	17-01-001-07	10 компл	Установка ванн купальных: угловых полимербетонных
ГЭСН	17	17-01-001	Установка ванн, умывальников, биде, поддонов душевых, кабин душевых, трапов, шторок душевых	17-01-001-08	10 компл	Установка ванн купальных: угловых пластиковых
ГЭСН	17	17-01-001	Установка ванн, умывальников, биде, поддонов душевых, кабин душевых, трапов, шторок душевых	17-01-001-09	10 компл	Установка ванн гидромассажных: прямых
ГЭСН	17	17-01-001	Установка ванн, умывальников, биде, поддонов душевых, кабин душевых, трапов, шторок душевых	17-01-001-10	10 компл	Установка ванн гидромассажных: угловых
ГЭСН	17	17-01-001	Установка ванн, умывальников, биде, поддонов душевых, кабин душевых, трапов, шторок душевых	17-01-001-11	10 компл	Установка ванн ножных и ручных
ГЭСН	17	17-01-001	Установка ванн, умывальников, биде, поддонов душевых, кабин душевых, трапов, шторок душевых	17-01-001-12	10 компл	Установка умывальников одиночных: без подводки воды
ГЭСН	17	17-01-001	Установка ванн, умывальников, биде, поддонов душевых, кабин душевых, трапов, шторок душевых	17-01-001-13	10 компл	Установка умывальников одиночных: с подводкой холодной воды
ГЭСН	17	17-01-001	Установка ванн, умывальников, биде, поддонов душевых, кабин душевых, трапов, шторок душевых	17-01-001-14	10 компл	Установка умывальников одиночных: с подводкой холодной и горячей воды
ГЭСН	17	17-01-001	Установка ванн, умывальников, биде, поддонов душевых, кабин душевых, трапов, шторок душевых	17-01-001-15	10 компл	Установка умывальников групповых с подводкой холодной и горячей воды
ГЭСН	17	17-01-001	Установка ванн, умывальников, биде, поддонов душевых, кабин душевых, трапов, шторок душевых	17-01-001-16	10 компл	Установка биде
ГЭСН	17	17-01-001	Установка ванн, умывальников, биде, поддонов душевых, кабин душевых, трапов, шторок душевых	17-01-001-17	10 компл	Установка поддонов душевых: чугунных глубоких
ГЭСН	17	17-01-001	Установка ванн, умывальников, биде, поддонов душевых, кабин душевых, трапов, шторок душевых	17-01-001-18	10 компл	Установка поддонов душевых: чугунных и стальных мелких
ГЭСН	17	17-01-001	Установка ванн, умывальников, биде, поддонов душевых, кабин душевых, трапов, шторок душевых	17-01-001-19	10 компл	Установка кабин душевых: с чугунными поддонами
ГЭСН	17	17-01-001	Установка ванн, умывальников, биде, поддонов душевых, кабин душевых, трапов, шторок душевых	17-01-001-20	10 компл	Установка кабин душевых: со стальными поддонами
ГЭСН	17	17-01-001	Установка ванн, умывальников, биде, поддонов душевых, кабин душевых, трапов, шторок душевых	17-01-001-21	10 компл	Установка кабин душевых: с пластиковыми поддонами
ГЭСН	17	17-01-001	Установка ванн, умывальников, биде, поддонов душевых, кабин душевых, трапов, шторок душевых	17-01-001-22	10 компл	Установка трапов диаметром: 50 мм
ГЭСН	17	17-01-001	Установка ванн, умывальников, биде, поддонов душевых, кабин душевых, трапов, шторок душевых	17-01-001-23	10 компл	Установка трапов диаметром: 100 мм
ГЭСН	17	17-01-001	Установка ванн, умывальников, биде, поддонов душевых, кабин душевых, трапов, шторок душевых	17-01-001-24	10 компл	Установка душевых шторок для поддонов и ванн из пластика: прямых
ГЭСН	17	17-01-001	Установка ванн, умывальников, биде, поддонов душевых, кабин душевых, трапов, шторок душевых	17-01-001-25	10 компл	Установка душевых шторок для поддонов и ванн из пластика: угловых
ГЭСН	17	17-01-001	Установка ванн, умывальников, биде, поддонов душевых, кабин душевых, трапов, шторок душевых	17-01-001-26	10 компл	Установка душевых шторок для поддонов и ванн из закаленного стекла: прямых
ГЭСН	17	17-01-001	Установка ванн, умывальников, биде, поддонов душевых, кабин душевых, трапов, шторок душевых	17-01-001-27	10 компл	Установка душевых шторок для поддонов и ванн из закаленного стекла: угловых
ГЭСН	17	17-01-002	Установка полотенцесушителей, смесителей, туалетной гарнитуры	17-01-002-01	10 шт	Установка полотенцесушителей: из водогазопроводных труб
ГЭСН	17	17-01-002	Установка полотенцесушителей, смесителей, туалетной гарнитуры	17-01-002-02	10 шт	Установка полотенцесушителей: из латунных хромированных труб
ГЭСН	17	17-01-002	Установка полотенцесушителей, смесителей, туалетной гарнитуры	17-01-002-03	10 шт	Установка смесителей
ГЭСН	17	17-01-002	Установка полотенцесушителей, смесителей, туалетной гарнитуры	17-01-002-04	10 шт	Установка гарнитуры туалетной: вешалок, подстаканников, поручней для ванн и т.д.
ГЭСН	17	17-01-002	Установка полотенцесушителей, смесителей, туалетной гарнитуры	17-01-002-05	10 шт	Установка туалетных полочек
ГЭСН	17	17-01-002	Установка полотенцесушителей, смесителей, туалетной гарнитуры	17-01-002-06	10 шт	Установка полотенцесушителей: из нержавеющей стали типа П, М, МП
ГЭСН	17	17-01-002	Установка полотенцесушителей, смесителей, туалетной гарнитуры	17-01-002-07	10 шт	Установка полотенцесушителей: из нержавеющей стали типа «лесенка»
ГЭСН	17	17-01-003	Установка унитазов, чаш напольных, сливов больничных	17-01-003-01	10 компл	Установка унитазов: с бачком непосредственно присоединенным
ГЭСН	17	17-01-003	Установка унитазов, чаш напольных, сливов больничных	17-01-003-02	10 компл	Установка унитазов: с бачком высокорасполагаемым
ГЭСН	17	17-01-003	Установка унитазов, чаш напольных, сливов больничных	17-01-003-03	10 компл	Установка унитазов: с краном смывным
ГЭСН	17	17-01-003	Установка унитазов, чаш напольных, сливов больничных	17-01-003-04	10 компл	Установка чаш (унитазов напольных): с бачком высокорасполагаемым
ГЭСН	17	17-01-003	Установка унитазов, чаш напольных, сливов больничных	17-01-003-05	10 компл	Установка чаш (унитазов напольных): с краном смывным
ГЭСН	17	17-01-003	Установка унитазов, чаш напольных, сливов больничных	17-01-003-06	10 компл	Установка сливов больничных
ГЭСН	17	17-01-004	Установка писсуаров	17-01-004-01	10 компл	Установка писсуаров: настенных
ГЭСН	17	17-01-004	Установка писсуаров	17-01-004-02	10 компл	Установка писсуаров: напольных
ГЭСН	17	17-01-005	Установка моек и раковин	17-01-005-01	10 компл	Установка моек: на одно отделение
ГЭСН	17	17-01-005	Установка моек и раковин	17-01-005-02	10 компл	Установка моек: на два отделения
ГЭСН	17	17-01-005	Установка моек и раковин	17-01-005-03	10 компл	Установка моек: для мытья уборочного инвентаря
ГЭСН	17	17-01-005	Установка моек и раковин	17-01-005-04	10 компл	Установка раковин
ГЭСН	17	17-01-006	Установка фонтанчиков питьевых напольных с педальным пуском	17-01-006-01	10 компл	Установка фонтанчиков питьевых напольных с педальным пуском
ГЭСН	17	17-01-007	Установка баков металлических для воды	17-01-007-01	10 шт	Установка баков металлических для воды массой: до 0,5 т
ГЭСН	17	17-01-007	Установка баков металлических для воды	17-01-007-02	10 шт	Установка баков металлических для воды массой: на каждые 0,1 т массы свыше 0,5 до 1 т добавлять к норме 17-01-007-01
ГЭСН	17	17-01-007	Установка баков металлических для воды	17-01-007-03	10 шт	Установка баков металлических для воды массой: 1 т
ГЭСН	17	17-01-007	Установка баков металлических для воды	17-01-007-04	10 шт	Установка баков металлических для воды массой: на каждые 0,1 т массы свыше 1 до 2 т добавлять к норме 17-01-007-03
ГЭСН	17	17-01-008	Установка нагревателей индивидуальных, колонок для ванн, кипятильников	17-01-008-01	10 компл	Установка нагревателей индивидуальных: водоводяных
ГЭСН	17	17-01-008	Установка нагревателей индивидуальных, колонок для ванн, кипятильников	17-01-008-02	10 компл	Установка нагревателей индивидуальных: пароводяных
ГЭСН	17	17-01-008	Установка нагревателей индивидуальных, колонок для ванн, кипятильников	17-01-008-03	10 компл	Установка колонок для ванн на твердом топливе
ГЭСН	17	17-01-008	Установка нагревателей индивидуальных, колонок для ванн, кипятильников	17-01-008-04	10 компл	Установка кипятильников на твердом топливе
ГЭСН	17	17-01-009	Установка подвесных унитазов, писсуаров с инсталляциями рамного и блочного типов	17-01-009-01	шт	Установка подвесных унитазов, писсуаров с инсталляциями рамного и блочного типов
ГЭСН	17	17-01-009	Установка подвесных унитазов, писсуаров с инсталляциями рамного и блочного типов	17-01-009-02	шт	При установке инсталляций для маломобильных групп населения добавлять к норме 17-01-009-01
ГЭСН	17	17-01-010	Установка люков сантехнических (ревизионных), экранов под ванну	17-01-010-01	100 шт	Установка люков сантехнических (ревизионных): с креплением саморезами
ГЭСН	17	17-01-010	Установка люков сантехнических (ревизионных), экранов под ванну	17-01-010-02	100 шт	Установка люков сантехнических (ревизионных): без механического крепления
ГЭСН	17	17-01-010	Установка люков сантехнических (ревизионных), экранов под ванну	17-01-010-03	100 шт	Установка экранов под ванну
ГЭСН	17	17-01-011	Установка насосов погружных	17-01-011-01	10 шт	Установка насосов погружных с электродвигателем производительностью: до 25 м3/час
ГЭСН	17	17-01-011	Установка насосов погружных	17-01-011-02	10 шт	Установка насосов погружных с электродвигателем производительностью: свыше 25 до 100 м3/час
ГЭСН	18	18-01-001	Установка котлов отопительных чугунных секционных на твердом топливе	18-01-001-01	шт	Установка котлов отопительных чугунных секционных на твердом топливе водогрейных теплопроизводительностью: до 0,06 МВт (0,05 Гкал/ч)
ГЭСН	18	18-01-001	Установка котлов отопительных чугунных секционных на твердом топливе	18-01-001-02	шт	Установка котлов отопительных чугунных секционных на твердом топливе водогрейных теплопроизводительностью: более 0,06 МВт (0,05 Гкал/ч), количество секций до 14
ГЭСН	18	18-01-001	Установка котлов отопительных чугунных секционных на твердом топливе	18-01-001-03	шт	Установка котлов отопительных чугунных секционных на твердом топливе водогрейных теплопроизводительностью: более 0,06 МВт (0,05 Гкал/ч), количество секций до 18
ГЭСН	18	18-01-001	Установка котлов отопительных чугунных секционных на твердом топливе	18-01-001-04	шт	Установка котлов отопительных чугунных секционных на твердом топливе водогрейных теплопроизводительностью: более 0,06 МВт (0,05 Гкал/ч), количество секций до 22
ГЭСН	18	18-01-001	Установка котлов отопительных чугунных секционных на твердом топливе	18-01-001-05	шт	Установка котлов отопительных чугунных секционных на твердом топливе водогрейных теплопроизводительностью: более 0,06 МВт (0,05 Гкал/ч), количество секций до 26
ГЭСН	18	18-01-001	Установка котлов отопительных чугунных секционных на твердом топливе	18-01-001-06	шт	Установка котлов отопительных чугунных секционных на твердом топливе паровых теплопроизводительностю более 0,06 МВт (0,05 Гкал/ч), количество секций: до 14
ГЭСН	18	18-01-001	Установка котлов отопительных чугунных секционных на твердом топливе	18-01-001-07	шт	Установка котлов отопительных чугунных секционных на твердом топливе паровых теплопроизводительностю более 0,06 МВт (0,05 Гкал/ч), количество секций: до 18
ГЭСН	18	18-01-001	Установка котлов отопительных чугунных секционных на твердом топливе	18-01-001-08	шт	Установка котлов отопительных чугунных секционных на твердом топливе паровых теплопроизводительностю более 0,06 МВт (0,05 Гкал/ч), количество секций: до 22
ГЭСН	18	18-01-001	Установка котлов отопительных чугунных секционных на твердом топливе	18-01-001-09	шт	Установка котлов отопительных чугунных секционных на твердом топливе паровых теплопроизводительностю более 0,06 МВт (0,05 Гкал/ч), количество секций: до 26
ГЭСН	18	18-01-001	Установка котлов отопительных чугунных секционных на твердом топливе	18-01-001-10	шт	За каждые 4 полные и неполные секции сверх 26 секций добавлять к норме 18-01-001-05; 18-01-001-09
ГЭСН	18	18-01-002	Установка котлов стальных жаротрубных пароводогрейных	18-01-002-01	шт	Установка котлов стальных жаротрубных пароводогрейных на твердом топливе теплопроизводительностью: до 0,21 МВт (0,18 Гкал/ч)
ГЭСН	18	18-01-002	Установка котлов стальных жаротрубных пароводогрейных	18-01-002-02	шт	Установка котлов стальных жаротрубных пароводогрейных на твердом топливе теплопроизводительностью: до 0,31 МВт (0,27 Гкал/ч)
ГЭСН	18	18-01-002	Установка котлов стальных жаротрубных пароводогрейных	18-01-002-03	шт	Установка котлов стальных жаротрубных пароводогрейных на твердом топливе теплопроизводительностью: до 0,46 МВт (0,40 Гкал/ч)
ГЭСН	18	18-01-002	Установка котлов стальных жаротрубных пароводогрейных	18-01-002-04	шт	Установка котлов стальных жаротрубных пароводогрейных на твердом топливе теплопроизводительностью: до 0,64 МВт (0,55 Гкал/ч)
ГЭСН	18	18-01-002	Установка котлов стальных жаротрубных пароводогрейных	18-01-002-05	шт	Установка котлов стальных жаротрубных пароводогрейных на твердом топливе теплопроизводительностью: до 0,84 МВт (0,72 Гкал/ч)
ГЭСН	18	18-01-002	Установка котлов стальных жаротрубных пароводогрейных	18-01-002-06	шт	Установка котлов стальных жаротрубных пароводогрейных на жидком топливе или газе теплопроизводительностью: до 0,21 МВт (0,18 Гкал/ч)
ГЭСН	18	18-01-002	Установка котлов стальных жаротрубных пароводогрейных	18-01-002-07	шт	Установка котлов стальных жаротрубных пароводогрейных на жидком топливе или газе теплопроизводительностью: до 0,31 МВт (0,27 Гкал/ч)
ГЭСН	18	18-01-002	Установка котлов стальных жаротрубных пароводогрейных	18-01-002-08	шт	Установка котлов стальных жаротрубных пароводогрейных на жидком топливе или газе теплопроизводительностью: до 0,46 МВт (0,40 Гкал/ч)
ГЭСН	18	18-01-002	Установка котлов стальных жаротрубных пароводогрейных	18-01-002-09	шт	Установка котлов стальных жаротрубных пароводогрейных на жидком топливе или газе теплопроизводительностью: до 0,64 МВт (0,55 Гкал/ч)
ГЭСН	18	18-01-002	Установка котлов стальных жаротрубных пароводогрейных	18-01-002-10	шт	Установка котлов стальных жаротрубных пароводогрейных на жидком топливе или газе теплопроизводительностью: до 0,84 МВт (0,72 Гкал/ч)
ГЭСН	18	18-02-001	Установка водоподогревателей скоростных односекционных	18-02-001-01	шт	Установка водоподогревателей скоростных односекционных поверхностью нагрева одной секции: до 4 м2
ГЭСН	18	18-02-001	Установка водоподогревателей скоростных односекционных	18-02-001-02	шт	Установка водоподогревателей скоростных односекционных поверхностью нагрева одной секции: до 8 м2
ГЭСН	18	18-02-001	Установка водоподогревателей скоростных односекционных	18-02-001-03	шт	Установка водоподогревателей скоростных односекционных поверхностью нагрева одной секции: до 12 м2
ГЭСН	18	18-02-001	Установка водоподогревателей скоростных односекционных	18-02-001-04	шт	Установка водоподогревателей скоростных односекционных поверхностью нагрева одной секции: до 20 м2
ГЭСН	18	18-02-001	Установка водоподогревателей скоростных односекционных	18-02-001-05	шт	Установка водоподогревателей скоростных односекционных поверхностью нагрева одной секции: до 30 м2
ГЭСН	18	18-02-002	Установка секций водоподогревателей скоростных	18-02-002-01	секция	Установка секций водоподогревателей скоростных поверхностью нагрева одной секции: до 4 м2
ГЭСН	18	18-02-002	Установка секций водоподогревателей скоростных	18-02-002-02	секция	Установка секций водоподогревателей скоростных поверхностью нагрева одной секции: до 8 м2
ГЭСН	18	18-02-002	Установка секций водоподогревателей скоростных	18-02-002-03	секция	Установка секций водоподогревателей скоростных поверхностью нагрева одной секции: до 12 м2
ГЭСН	18	18-02-002	Установка секций водоподогревателей скоростных	18-02-002-04	секция	Установка секций водоподогревателей скоростных поверхностью нагрева одной секции: до 20 м2
ГЭСН	18	18-02-002	Установка секций водоподогревателей скоростных	18-02-002-05	секция	Установка секций водоподогревателей скоростных поверхностью нагрева одной секции: до 30 м2
ГЭСН	18	18-02-003	Установка водоподогревателей емкостных	18-02-003-01	шт	Установка водоподогревателей емкостных вместимостью: до 1 м3
ГЭСН	18	18-02-003	Установка водоподогревателей емкостных	18-02-003-02	шт	Установка водоподогревателей емкостных вместимостью: до 2 м3
ГЭСН	18	18-02-003	Установка водоподогревателей емкостных	18-02-003-03	шт	Установка водоподогревателей емкостных вместимостью: до 4 м3
ГЭСН	18	18-02-003	Установка водоподогревателей емкостных	18-02-003-04	шт	Установка водоподогревателей емкостных вместимостью: до 6 м3
ГЭСН	18	18-02-004	Монтаж водонагревателей электрических накопительных (емкостных)	18-02-004-01	шт	Монтаж водонагревателей электрических накопительных (емкостных) объемом: до 50 л
ГЭСН	18	18-02-004	Монтаж водонагревателей электрических накопительных (емкостных)	18-02-004-02	шт	Монтаж водонагревателей электрических накопительных (емкостных) объемом: свыше 50 до 100 л
ГЭСН	18	18-02-004	Монтаж водонагревателей электрических накопительных (емкостных)	18-02-004-03	шт	Монтаж водонагревателей электрических накопительных (емкостных) объемом: свыше 100 л
ГЭСН	18	18-02-005	Монтаж проточных водонагревателей электрических	18-02-005-01	шт	Монтаж проточных водонагревателей электрических
ГЭСН	18	18-02-006	Установка пластинчатых теплообменников	18-02-006-01	шт	Установка пластинчатых теплообменников для систем отопления и горячего водоснабжения массой: до 50 кг
ГЭСН	18	18-02-006	Установка пластинчатых теплообменников	18-02-006-02	шт	Установка пластинчатых теплообменников для систем отопления и горячего водоснабжения массой: свыше 50 до 100 кг
ГЭСН	18	18-02-006	Установка пластинчатых теплообменников	18-02-006-03	шт	Установка пластинчатых теплообменников для систем отопления и горячего водоснабжения массой: свыше 100 до 200 кг
ГЭСН	18	18-02-006	Установка пластинчатых теплообменников	18-02-006-04	шт	Установка пластинчатых теплообменников для систем отопления и горячего водоснабжения массой: свыше 200 до 300 кг
ГЭСН	18	18-02-006	Установка пластинчатых теплообменников	18-02-006-05	шт	Установка пластинчатых теплообменников для систем отопления и горячего водоснабжения массой: свыше 300 кг
ГЭСН	18	18-03-001	Установка конвекторов	18-03-001-03	100 кВт	Установка конвекторов
ГЭСН	18	18-03-004	Установка регистров из стальных труб	18-03-004-01	100 м	Установка регистров из стальных: водогазопроводных труб диаметром нитки 20 мм
ГЭСН	18	18-03-004	Установка регистров из стальных труб	18-03-004-02	100 м	Установка регистров из стальных: водогазопроводных труб диаметром нитки 25 мм
ГЭСН	18	18-03-004	Установка регистров из стальных труб	18-03-004-03	100 м	Установка регистров из стальных: водогазопроводных труб диаметром нитки 32 мм
ГЭСН	18	18-03-004	Установка регистров из стальных труб	18-03-004-04	100 м	Установка регистров из стальных: водогазопроводных труб диаметром нитки 40 мм
ГЭСН	18	18-03-004	Установка регистров из стальных труб	18-03-004-05	100 м	Установка регистров из стальных: сварных труб диаметром нитки 50 мм
ГЭСН	18	18-03-004	Установка регистров из стальных труб	18-03-004-06	100 м	Установка регистров из стальных: сварных труб диаметром нитки 70 мм
ГЭСН	18	18-03-004	Установка регистров из стальных труб	18-03-004-07	100 м	Установка регистров из стальных: сварных труб диаметром нитки 80 мм
ГЭСН	18	18-03-004	Установка регистров из стальных труб	18-03-004-08	100 м	Установка регистров из стальных: сварных труб диаметром нитки 100 мм
ГЭСН	18	18-03-005	Установка терморегулирующих клапанов на отопительных приборах	18-03-005-01	100 шт	Установка терморегулирующих клапанов на отопительных приборах
ГЭСН	18	18-03-006	Установка радиаторов алюминиевых и биметаллических	18-03-006-01	100 шт	Установка радиаторов алюминиевых и биметаллических с креплением к стене с числом секций: до 4
ГЭСН	18	18-03-006	Установка радиаторов алюминиевых и биметаллических	18-03-006-02	100 шт	Установка радиаторов алюминиевых и биметаллических с креплением к стене с числом секций: свыше 4 до 10
ГЭСН	18	18-03-006	Установка радиаторов алюминиевых и биметаллических	18-03-006-03	100 шт	Установка радиаторов алюминиевых и биметаллических с креплением к стене с числом секций: свыше 10 до 16
ГЭСН	18	18-03-006	Установка радиаторов алюминиевых и биметаллических	18-03-006-04	100 шт	Установка радиаторов алюминиевых и биметаллических с креплением к полу с числом секций: до 4
ГЭСН	18	18-03-006	Установка радиаторов алюминиевых и биметаллических	18-03-006-05	100 шт	Установка радиаторов алюминиевых и биметаллических с креплением к полу с числом секций: свыше 4 до 10
ГЭСН	18	18-03-006	Установка радиаторов алюминиевых и биметаллических	18-03-006-06	100 шт	Установка радиаторов алюминиевых и биметаллических с креплением к полу с числом секций: свыше 10 до 16
ГЭСН	18	18-03-007	Установка радиаторов чугунных	18-03-007-01	100 шт	Установка радиаторов чугунных с числом секций: до 2
ГЭСН	18	18-03-007	Установка радиаторов чугунных	18-03-007-02	100 шт	Установка радиаторов чугунных с числом секций: свыше 2 до 4
ГЭСН	18	18-03-007	Установка радиаторов чугунных	18-03-007-03	100 шт	Установка радиаторов чугунных с числом секций: свыше 4 до 7
ГЭСН	18	18-03-007	Установка радиаторов чугунных	18-03-007-04	100 шт	Установка радиаторов чугунных с числом секций: свыше 7 до 10
ГЭСН	18	18-03-007	Установка радиаторов чугунных	18-03-007-05	100 шт	Установка радиаторов чугунных с числом секций: свыше 10 до 13
ГЭСН	18	18-03-007	Установка радиаторов чугунных	18-03-007-06	100 шт	Установка радиаторов чугунных с числом секций: свыше 13 до 16
ГЭСН	18	18-03-008	Установка радиаторов стальных панельных	18-03-008-01	100 шт	Установка радиаторов стальных панельных однорядных с креплением к стене длиной: до 1600 мм
ГЭСН	18	18-03-008	Установка радиаторов стальных панельных	18-03-008-02	100 шт	Установка радиаторов стальных панельных однорядных с креплением к стене длиной: свыше 1600 до 2000 мм
ГЭСН	18	18-03-008	Установка радиаторов стальных панельных	18-03-008-03	100 шт	Установка радиаторов стальных панельных двухрядных с креплением к стене длиной: до 1000 мм
ГЭСН	18	18-03-008	Установка радиаторов стальных панельных	18-03-008-04	100 шт	Установка радиаторов стальных панельных двухрядных с креплением к стене длиной: свыше 1000 до 1600 мм
ГЭСН	18	18-03-008	Установка радиаторов стальных панельных	18-03-008-05	100 шт	Установка радиаторов стальных панельных двухрядных с креплением к стене длиной: свыше 1600 до 2000 мм
ГЭСН	18	18-03-008	Установка радиаторов стальных панельных	18-03-008-06	100 шт	Установка радиаторов стальных панельных трехрядных с креплением к стене длиной: до 1000 мм
ГЭСН	18	18-03-008	Установка радиаторов стальных панельных	18-03-008-07	100 шт	Установка радиаторов стальных панельных трехрядных с креплением к стене длиной: свыше 1000 до 1600 мм
ГЭСН	18	18-03-008	Установка радиаторов стальных панельных	18-03-008-08	100 шт	Установка радиаторов стальных панельных трехрядных с креплением к стене длиной: свыше 1600 до 2000 мм
ГЭСН	18	18-03-008	Установка радиаторов стальных панельных	18-03-008-09	100 шт	Установка радиаторов стальных панельных однорядных с креплением к полу длиной: до 1600 мм
ГЭСН	18	18-03-008	Установка радиаторов стальных панельных	18-03-008-10	100 шт	Установка радиаторов стальных панельных однорядных с креплением к полу длиной: свыше 1600 до 2000 мм
ГЭСН	18	18-03-008	Установка радиаторов стальных панельных	18-03-008-11	100 шт	Установка радиаторов стальных панельных двухрядных с креплением к полу длиной: до 1000 мм
ГЭСН	18	18-03-008	Установка радиаторов стальных панельных	18-03-008-12	100 шт	Установка радиаторов стальных панельных двухрядных с креплением к полу длиной: свыше 1000 до 1600 мм
ГЭСН	18	18-03-008	Установка радиаторов стальных панельных	18-03-008-13	100 шт	Установка радиаторов стальных панельных двухрядных с креплением к полу длиной: свыше 1600 до 2000 мм
ГЭСН	18	18-03-008	Установка радиаторов стальных панельных	18-03-008-14	100 шт	Установка радиаторов стальных панельных трехрядных с креплением к полу длиной: до 1000 мм
ГЭСН	18	18-03-008	Установка радиаторов стальных панельных	18-03-008-15	100 шт	Установка радиаторов стальных панельных трехрядных с креплением к полу длиной: свыше 1000 до 1600 мм
ГЭСН	18	18-03-008	Установка радиаторов стальных панельных	18-03-008-16	100 шт	Установка радиаторов стальных панельных трехрядных с креплением к полу длиной: свыше 1600 до 2000 мм
ГЭСН	18	18-04-001	Установка баков расширительных	18-04-001-01	шт	Установка баков расширительных круглых и прямоугольных вместимостью: 0,1 м3
ГЭСН	18	18-04-001	Установка баков расширительных	18-04-001-02	шт	Установка баков расширительных круглых и прямоугольных вместимостью: 0,15 м3
ГЭСН	18	18-04-001	Установка баков расширительных	18-04-001-03	шт	Установка баков расширительных круглых и прямоугольных вместимостью: 0,2 м3
ГЭСН	18	18-04-001	Установка баков расширительных	18-04-001-04	шт	Установка баков расширительных круглых и прямоугольных вместимостью: 0,3 м3
ГЭСН	18	18-04-001	Установка баков расширительных	18-04-001-05	шт	Установка баков расширительных круглых и прямоугольных вместимостью: 0,4 м3
ГЭСН	18	18-04-001	Установка баков расширительных	18-04-001-06	шт	Установка баков расширительных круглых и прямоугольных вместимостью: 0,5 м3
ГЭСН	18	18-04-001	Установка баков расширительных	18-04-001-07	шт	Установка баков расширительных круглых и прямоугольных вместимостью: 0,6 м3
ГЭСН	18	18-04-001	Установка баков расширительных	18-04-001-08	шт	Установка баков расширительных круглых и прямоугольных вместимостью: 0,8 м3
ГЭСН	18	18-04-001	Установка баков расширительных	18-04-001-09	шт	Установка баков расширительных круглых и прямоугольных вместимостью: 1 м3
ГЭСН	18	18-04-001	Установка баков расширительных	18-04-001-10	шт	Установка баков расширительных круглых и прямоугольных вместимостью: 1,2 м3
ГЭСН	18	18-04-001	Установка баков расширительных	18-04-001-11	шт	Установка баков расширительных круглых и прямоугольных вместимостью: 1,5 м3
ГЭСН	18	18-04-001	Установка баков расширительных	18-04-001-12	шт	Установка баков расширительных круглых и прямоугольных вместимостью: 2 м3
ГЭСН	18	18-04-001	Установка баков расширительных	18-04-001-13	шт	Установка баков расширительных круглых и прямоугольных вместимостью: 2,5 м3
ГЭСН	18	18-04-001	Установка баков расширительных	18-04-001-14	шт	Установка баков расширительных круглых и прямоугольных вместимостью: 3 м3
ГЭСН	18	18-04-001	Установка баков расширительных	18-04-001-15	шт	Установка баков расширительных круглых и прямоугольных вместимостью: 3,5 м3
ГЭСН	18	18-04-001	Установка баков расширительных	18-04-001-16	шт	Установка баков расширительных круглых и прямоугольных вместимостью: 4 м3
ГЭСН	18	18-04-001	Установка баков расширительных	18-04-001-17	шт	Установка баков унифицированных с переливным бачком вместимостью: 1 м3
ГЭСН	18	18-04-001	Установка баков расширительных	18-04-001-18	шт	Установка баков унифицированных с переливным бачком вместимостью: 1,5 м3
ГЭСН	18	18-04-001	Установка баков расширительных	18-04-001-19	шт	Установка баков унифицированных с переливным бачком вместимостью: 2 м3
ГЭСН	18	18-04-002	Установка баков конденсационных	18-04-002-01	шт	Установка баков конденсационных вместимостью: до 0,3 м3
ГЭСН	18	18-04-002	Установка баков конденсационных	18-04-002-02	шт	Установка баков конденсационных вместимостью: до 0,4 м3
ГЭСН	18	18-04-002	Установка баков конденсационных	18-04-002-03	шт	Установка баков конденсационных вместимостью: до 0,6 м3
ГЭСН	18	18-04-002	Установка баков конденсационных	18-04-002-04	шт	Установка баков конденсационных вместимостью: до 0,8 м3
ГЭСН	18	18-04-002	Установка баков конденсационных	18-04-002-05	шт	Установка баков конденсационных вместимостью: до 1 м3
ГЭСН	18	18-04-002	Установка баков конденсационных	18-04-002-06	шт	Установка баков конденсационных вместимостью: до 1,25 м3
ГЭСН	18	18-04-002	Установка баков конденсационных	18-04-002-07	шт	Установка баков конденсационных вместимостью: до 1,5 м3
ГЭСН	18	18-04-002	Установка баков конденсационных	18-04-002-08	шт	Установка баков конденсационных вместимостью: до 2 м3
ГЭСН	18	18-04-002	Установка баков конденсационных	18-04-002-09	шт	Установка баков конденсационных вместимостью: до 3 м3
ГЭСН	18	18-04-003	Установка поддонов металлических для баков	18-04-003-01	шт	Установка поддонов металлических для баков вместимостью: до 2 м3
ГЭСН	18	18-04-003	Установка поддонов металлических для баков	18-04-003-02	шт	Установка поддонов металлических для баков вместимостью: до 4 м3
ГЭСН	18	18-05-001	Установка насосов центробежных с электродвигателем	18-05-001-01	шт	Установка насосов центробежных с электродвигателем, масса агрегата: до 0,1 т
ГЭСН	18	18-05-001	Установка насосов центробежных с электродвигателем	18-05-001-02	шт	Установка насосов центробежных с электродвигателем, масса агрегата: до 0,2 т
ГЭСН	18	18-05-001	Установка насосов центробежных с электродвигателем	18-05-001-03	шт	Установка насосов центробежных с электродвигателем, масса агрегата: до 0,3 т
ГЭСН	18	18-05-001	Установка насосов центробежных с электродвигателем	18-05-001-04	шт	Установка насосов центробежных с электродвигателем, масса агрегата: до 0,5 т
ГЭСН	18	18-05-001	Установка насосов центробежных с электродвигателем	18-05-001-05	шт	Установка насосов центробежных с электродвигателем, масса агрегата: до 0,75 т
ГЭСН	18	18-05-002	Установка вставок виброизолирующих к насосам	18-05-002-01	10 шт	Установка вставок виброизолирующих к насосам давлением: 1 МПа диаметром 125 мм
ГЭСН	18	18-05-002	Установка вставок виброизолирующих к насосам	18-05-002-02	10 шт	Установка вставок виброизолирующих к насосам давлением: 1 МПа диаметром 150 мм
ГЭСН	18	18-05-002	Установка вставок виброизолирующих к насосам	18-05-002-03	10 шт	Установка вставок виброизолирующих к насосам давлением: 1,6 МПа диаметром 50 мм
ГЭСН	18	18-05-002	Установка вставок виброизолирующих к насосам	18-05-002-04	10 шт	Установка вставок виброизолирующих к насосам давлением: 1,6 МПа диаметром 65 мм
ГЭСН	18	18-05-002	Установка вставок виброизолирующих к насосам	18-05-002-05	10 шт	Установка вставок виброизолирующих к насосам давлением: 1,6 МПа диаметром 80 мм
ГЭСН	18	18-05-002	Установка вставок виброизолирующих к насосам	18-05-002-06	10 шт	Установка вставок виброизолирующих к насосам давлением: 1,6 МПа диаметром 100 мм
ГЭСН	18	18-05-002	Установка вставок виброизолирующих к насосам	18-05-002-07	10 шт	Установка вставок виброизолирующих к насосам давлением: 1,6 МПа диаметром 150 мм
ГЭСН	18	18-05-002	Установка вставок виброизолирующих к насосам	18-05-002-08	10 шт	Установка вставок виброизолирующих к насосам давлением: 1,6 МПа диаметром 200 мм
ГЭСН	18	18-05-002	Установка вставок виброизолирующих к насосам	18-05-002-09	10 шт	Установка вставок виброизолирующих к насосам давлением: 1,6 МПа диаметром 300 мм
ГЭСН	18	18-06-001	Установка гребенок пароводораспределительных из стальных труб	18-06-001-01	шт	Установка гребенок пароводораспределительных из стальных труб наружным диаметром корпуса: 108 мм
ГЭСН	18	18-06-001	Установка гребенок пароводораспределительных из стальных труб	18-06-001-02	шт	Установка гребенок пароводораспределительных из стальных труб наружным диаметром корпуса: 159 мм
ГЭСН	18	18-06-001	Установка гребенок пароводораспределительных из стальных труб	18-06-001-03	шт	Установка гребенок пароводораспределительных из стальных труб наружным диаметром корпуса: 219 мм
ГЭСН	18	18-06-001	Установка гребенок пароводораспределительных из стальных труб	18-06-001-04	шт	Установка гребенок пароводораспределительных из стальных труб наружным диаметром корпуса: 273 мм
ГЭСН	18	18-06-001	Установка гребенок пароводораспределительных из стальных труб	18-06-001-05	шт	Установка гребенок пароводораспределительных из стальных труб наружным диаметром корпуса: 325 мм
ГЭСН	18	18-06-002	Установка грязевиков	18-06-002-01	шт	Установка грязевиков наружным диаметром патрубков: до 45 мм
ГЭСН	18	18-06-002	Установка грязевиков	18-06-002-02	шт	Установка грязевиков наружным диаметром патрубков: свыше 45 до 57 мм
ГЭСН	18	18-06-002	Установка грязевиков	18-06-002-03	шт	Установка грязевиков наружным диаметром патрубков: свыше 57 до 89 мм
ГЭСН	18	18-06-002	Установка грязевиков	18-06-002-04	шт	Установка грязевиков наружным диаметром патрубков: свыше 89 до 108 мм
ГЭСН	18	18-06-002	Установка грязевиков	18-06-002-05	шт	Установка грязевиков наружным диаметром патрубков: свыше 108 до 133 мм
ГЭСН	18	18-06-002	Установка грязевиков	18-06-002-06	шт	Установка грязевиков наружным диаметром патрубков: свыше 133 до 159 мм
ГЭСН	18	18-06-002	Установка грязевиков	18-06-002-07	шт	Установка грязевиков наружным диаметром патрубков: свыше 159 до 219 мм
ГЭСН	18	18-06-002	Установка грязевиков	18-06-002-08	шт	Установка грязевиков наружным диаметром патрубков: свыше 219 до 273 мм
ГЭСН	18	18-06-003	Установка воздухосборников и воздухоотводчиков	18-06-003-01	шт	Установка воздухосборников наружным диаметром: 76 мм
ГЭСН	18	18-06-003	Установка воздухосборников и воздухоотводчиков	18-06-003-02	шт	Установка воздухосборников наружным диаметром: 89 мм
ГЭСН	18	18-06-003	Установка воздухосборников и воздухоотводчиков	18-06-003-03	шт	Установка воздухосборников наружным диаметром: 108 мм
ГЭСН	18	18-06-003	Установка воздухосборников и воздухоотводчиков	18-06-003-04	шт	Установка воздухосборников наружным диаметром: 133 мм
ГЭСН	18	18-06-003	Установка воздухосборников и воздухоотводчиков	18-06-003-05	шт	Установка воздухосборников наружным диаметром: 159 мм
ГЭСН	18	18-06-003	Установка воздухосборников и воздухоотводчиков	18-06-003-06	шт	Установка воздухосборников наружным диаметром: 219 мм
ГЭСН	18	18-06-003	Установка воздухосборников и воздухоотводчиков	18-06-003-07	шт	Установка воздухосборников наружным диаметром: 273 мм
ГЭСН	18	18-06-003	Установка воздухосборников и воздухоотводчиков	18-06-003-08	шт	Установка воздухосборников наружным диаметром: 325 мм
ГЭСН	18	18-06-003	Установка воздухосборников и воздухоотводчиков	18-06-003-09	шт	Установка воздухосборников наружным диаметром: 426 мм
ГЭСН	18	18-06-003	Установка воздухосборников и воздухоотводчиков	18-06-003-10	шт	Установка воздухоотводчиков
ГЭСН	18	18-06-004	Установка узлов тепловых элеваторных	18-06-004-01	узел	Установка узлов тепловых элеваторных номером: 1, 2
ГЭСН	18	18-06-004	Установка узлов тепловых элеваторных	18-06-004-02	узел	Установка узлов тепловых элеваторных номером: 3-5
ГЭСН	18	18-06-004	Установка узлов тепловых элеваторных	18-06-004-03	узел	Установка узлов тепловых элеваторных номером: 6, 7
ГЭСН	18	18-06-005	Установка элеваторов	18-06-005-01	10 шт	Установка элеваторов номером: 1, 2
ГЭСН	18	18-06-005	Установка элеваторов	18-06-005-02	10 шт	Установка элеваторов номером: 3-5
ГЭСН	18	18-06-005	Установка элеваторов	18-06-005-03	10 шт	Установка элеваторов номером: 6, 7
ГЭСН	18	18-06-006	Установка узлов конденсатоотводчиков и ручных насосов	18-06-006-01	узел	Установка узлов конденсатоотводчиков диаметром: 15 мм
ГЭСН	18	18-06-006	Установка узлов конденсатоотводчиков и ручных насосов	18-06-006-02	узел	Установка узлов конденсатоотводчиков диаметром: 20 мм
ГЭСН	18	18-06-006	Установка узлов конденсатоотводчиков и ручных насосов	18-06-006-03	узел	Установка узлов конденсатоотводчиков диаметром: 25 мм
ГЭСН	18	18-06-006	Установка узлов конденсатоотводчиков и ручных насосов	18-06-006-04	узел	Установка узлов конденсатоотводчиков диаметром: 32 мм
ГЭСН	18	18-06-006	Установка узлов конденсатоотводчиков и ручных насосов	18-06-006-05	узел	Установка узлов конденсатоотводчиков диаметром: 40 мм
ГЭСН	18	18-06-006	Установка узлов конденсатоотводчиков и ручных насосов	18-06-006-06	узел	Установка узлов конденсатоотводчиков диаметром: 50 мм
ГЭСН	18	18-06-006	Установка узлов конденсатоотводчиков и ручных насосов	18-06-006-07	узел	Установка ручных насосов
ГЭСН	18	18-06-007	Установка фильтров	18-06-007-01	10 шт	Установка фильтров диаметром: 25 мм
ГЭСН	18	18-06-007	Установка фильтров	18-06-007-02	10 шт	Установка фильтров диаметром: 32 мм
ГЭСН	18	18-06-007	Установка фильтров	18-06-007-03	10 шт	Установка фильтров диаметром: 40 мм
ГЭСН	18	18-06-007	Установка фильтров	18-06-007-04	10 шт	Установка фильтров диаметром: 50 мм
ГЭСН	18	18-06-007	Установка фильтров	18-06-007-05	10 шт	Установка фильтров диаметром: 65 мм
ГЭСН	18	18-06-007	Установка фильтров	18-06-007-06	10 шт	Установка фильтров диаметром: 80 мм
ГЭСН	18	18-06-007	Установка фильтров	18-06-007-07	10 шт	Установка фильтров диаметром: 100 мм
ГЭСН	18	18-06-007	Установка фильтров	18-06-007-08	10 шт	Установка фильтров диаметром: 125 мм
ГЭСН	18	18-06-007	Установка фильтров	18-06-007-09	10 шт	Установка фильтров диаметром: 150 мм
ГЭСН	18	18-07-001	Установка контрольно-измерительных приборов и кранов воздушных	18-07-001-01	компл	Установка указателей уровня кранового типа
ГЭСН	18	18-07-001	Установка контрольно-измерительных приборов и кранов воздушных	18-07-001-02	компл	Установка манометров: с трехходовым краном
ГЭСН	18	18-07-001	Установка контрольно-измерительных приборов и кранов воздушных	18-07-001-03	компл	Установка манометров: с трехходовым краном и трубкой-сифоном
ГЭСН	18	18-07-001	Установка контрольно-измерительных приборов и кранов воздушных	18-07-001-04	компл	Установка термометров в оправе прямых и угловых
ГЭСН	18	18-07-001	Установка контрольно-измерительных приборов и кранов воздушных	18-07-001-05	компл	Установка кранов воздушных
ГЭСН	20	20-01-001	Прокладка воздуховодов из листовой оцинкованной стали и алюминия класса Н (нормальные)	20-01-001-01	100 м2	Прокладка воздуховодов из листовой оцинкованной стали и алюминия класса Н (нормальные) толщиной: 0,5 мм, диаметром до 200 мм
ГЭСН	20	20-01-001	Прокладка воздуховодов из листовой оцинкованной стали и алюминия класса Н (нормальные)	20-01-001-02	100 м2	Прокладка воздуховодов из листовой оцинкованной стали и алюминия класса Н (нормальные) толщиной: 0,5 мм, периметром до 600 мм
ГЭСН	20	20-01-001	Прокладка воздуховодов из листовой оцинкованной стали и алюминия класса Н (нормальные)	20-01-001-03	100 м2	Прокладка воздуховодов из листовой оцинкованной стали и алюминия класса Н (нормальные) толщиной: 0,5 мм, периметром свыше 600 до 1000 мм
ГЭСН	20	20-01-001	Прокладка воздуховодов из листовой оцинкованной стали и алюминия класса Н (нормальные)	20-01-001-04	100 м2	Прокладка воздуховодов из листовой оцинкованной стали и алюминия класса Н (нормальные) толщиной: 0,6 мм, диаметром до 250 мм
ГЭСН	20	20-01-001	Прокладка воздуховодов из листовой оцинкованной стали и алюминия класса Н (нормальные)	20-01-001-05	100 м2	Прокладка воздуховодов из листовой оцинкованной стали и алюминия класса Н (нормальные) толщиной: 0,6 мм, диаметром свыше 250 до 355 мм
ГЭСН	20	20-01-001	Прокладка воздуховодов из листовой оцинкованной стали и алюминия класса Н (нормальные)	20-01-001-06	100 м2	Прокладка воздуховодов из листовой оцинкованной стали и алюминия класса Н (нормальные) толщиной: 0,6 мм, диаметром свыше 355 до 450 мм
ГЭСН	20	20-01-001	Прокладка воздуховодов из листовой оцинкованной стали и алюминия класса Н (нормальные)	20-01-001-07	100 м2	Прокладка воздуховодов из листовой оцинкованной стали и алюминия класса Н (нормальные) толщиной: 0,7 мм, диаметром свыше 500 до 560 мм
ГЭСН	20	20-01-001	Прокладка воздуховодов из листовой оцинкованной стали и алюминия класса Н (нормальные)	20-01-001-08	100 м2	Прокладка воздуховодов из листовой оцинкованной стали и алюминия класса Н (нормальные) толщиной: 0,7 мм, диаметром свыше 560 до 800 мм
ГЭСН	20	20-01-001	Прокладка воздуховодов из листовой оцинкованной стали и алюминия класса Н (нормальные)	20-01-001-09	100 м2	Прокладка воздуховодов из листовой оцинкованной стали и алюминия класса Н (нормальные) толщиной: 0,7 мм, периметром до 1000 мм
ГЭСН	20	20-01-001	Прокладка воздуховодов из листовой оцинкованной стали и алюминия класса Н (нормальные)	20-01-001-10	100 м2	Прокладка воздуховодов из листовой оцинкованной стали и алюминия класса Н (нормальные) толщиной: 0,7 мм, периметром свыше 1100 до 1600 мм
ГЭСН	20	20-01-001	Прокладка воздуховодов из листовой оцинкованной стали и алюминия класса Н (нормальные)	20-01-001-11	100 м2	Прокладка воздуховодов из листовой оцинкованной стали и алюминия класса Н (нормальные) толщиной: 0,7 мм, периметром свыше 1600 до 2400 мм
ГЭСН	20	20-01-001	Прокладка воздуховодов из листовой оцинкованной стали и алюминия класса Н (нормальные)	20-01-001-12	100 м2	Прокладка воздуховодов из листовой оцинкованной стали и алюминия класса Н (нормальные) толщиной: 0,7 мм, периметром свыше 2400 до 3200 мм
ГЭСН	20	20-01-001	Прокладка воздуховодов из листовой оцинкованной стали и алюминия класса Н (нормальные)	20-01-001-13	100 м2	Прокладка воздуховодов из листовой оцинкованной стали и алюминия класса Н (нормальные) толщиной: 0,7 мм, периметром свыше 3200 до 3600 мм
ГЭСН	20	20-01-001	Прокладка воздуховодов из листовой оцинкованной стали и алюминия класса Н (нормальные)	20-01-001-14	100 м2	Прокладка воздуховодов из листовой оцинкованной стали и алюминия класса Н (нормальные) толщиной: 0,7 мм, периметром свыше 3600 до 4000 мм
ГЭСН	20	20-01-001	Прокладка воздуховодов из листовой оцинкованной стали и алюминия класса Н (нормальные)	20-01-001-15	100 м2	Прокладка воздуховодов из листовой оцинкованной стали и алюминия класса Н (нормальные) толщиной: 0,9 мм, периметром до 4500 мм
ГЭСН	20	20-01-001	Прокладка воздуховодов из листовой оцинкованной стали и алюминия класса Н (нормальные)	20-01-001-16	100 м2	Прокладка воздуховодов из листовой оцинкованной стали и алюминия класса Н (нормальные) толщиной: 0,9 мм, периметром свыше 4500 до 5200 мм
ГЭСН	20	20-01-001	Прокладка воздуховодов из листовой оцинкованной стали и алюминия класса Н (нормальные)	20-01-001-17	100 м2	Прокладка воздуховодов из листовой оцинкованной стали и алюминия класса Н (нормальные) толщиной: 0,9 мм, периметром свыше 5200 до 7200 мм
ГЭСН	20	20-01-001	Прокладка воздуховодов из листовой оцинкованной стали и алюминия класса Н (нормальные)	20-01-001-18	100 м2	Прокладка воздуховодов из листовой оцинкованной стали и алюминия класса Н (нормальные) толщиной: 1,0 мм, диаметром свыше 900 до 1000 мм
ГЭСН	20	20-01-001	Прокладка воздуховодов из листовой оцинкованной стали и алюминия класса Н (нормальные)	20-01-001-19	100 м2	Прокладка воздуховодов из листовой оцинкованной стали и алюминия класса Н (нормальные) толщиной: 1,0 мм, диаметром свыше 1000 до 1250 мм
ГЭСН	20	20-01-001	Прокладка воздуховодов из листовой оцинкованной стали и алюминия класса Н (нормальные)	20-01-001-20	100 м2	Прокладка воздуховодов из листовой оцинкованной стали и алюминия класса Н (нормальные) толщиной: 1,2 мм, диаметром 1400 мм
ГЭСН	20	20-01-001	Прокладка воздуховодов из листовой оцинкованной стали и алюминия класса Н (нормальные)	20-01-001-21	100 м2	Прокладка воздуховодов из листовой оцинкованной стали и алюминия класса Н (нормальные) толщиной: 1,2 мм, диаметром 1600 мм
ГЭСН	20	20-01-002	Прокладка воздуховодов из листовой оцинкованной стали и алюминия класса П (плотные)	20-01-002-01	100 м2	Прокладка воздуховодов из листовой оцинкованной стали и алюминия класса П (плотные) толщиной: 0,5 мм, диаметром до 200 мм
ГЭСН	20	20-01-002	Прокладка воздуховодов из листовой оцинкованной стали и алюминия класса П (плотные)	20-01-002-02	100 м2	Прокладка воздуховодов из листовой оцинкованной стали и алюминия класса П (плотные) толщиной: 0,5 мм, периметром до 600 мм
ГЭСН	20	20-01-002	Прокладка воздуховодов из листовой оцинкованной стали и алюминия класса П (плотные)	20-01-002-03	100 м2	Прокладка воздуховодов из листовой оцинкованной стали и алюминия класса П (плотные) толщиной: 0,5 мм, периметром свыше 600 до 1000 мм
ГЭСН	20	20-01-002	Прокладка воздуховодов из листовой оцинкованной стали и алюминия класса П (плотные)	20-01-002-04	100 м2	Прокладка воздуховодов из листовой оцинкованной стали и алюминия класса П (плотные) толщиной: 0,6 мм, диаметром до 250 мм
ГЭСН	20	20-01-002	Прокладка воздуховодов из листовой оцинкованной стали и алюминия класса П (плотные)	20-01-002-05	100 м2	Прокладка воздуховодов из листовой оцинкованной стали и алюминия класса П (плотные) толщиной: 0,6 мм, диаметром свыше 250 до 355 мм
ГЭСН	20	20-01-002	Прокладка воздуховодов из листовой оцинкованной стали и алюминия класса П (плотные)	20-01-002-06	100 м2	Прокладка воздуховодов из листовой оцинкованной стали и алюминия класса П (плотные) толщиной: 0,6 мм, диаметром свыше 355 до 450 мм
ГЭСН	20	20-01-002	Прокладка воздуховодов из листовой оцинкованной стали и алюминия класса П (плотные)	20-01-002-07	100 м2	Прокладка воздуховодов из листовой оцинкованной стали и алюминия класса П (плотные) толщиной: 0,7 мм, диаметром свыше 500 до 560 мм
ГЭСН	20	20-01-002	Прокладка воздуховодов из листовой оцинкованной стали и алюминия класса П (плотные)	20-01-002-08	100 м2	Прокладка воздуховодов из листовой оцинкованной стали и алюминия класса П (плотные) толщиной: 0,7 мм, диаметром свыше 560 до 800 мм
ГЭСН	20	20-01-002	Прокладка воздуховодов из листовой оцинкованной стали и алюминия класса П (плотные)	20-01-002-09	100 м2	Прокладка воздуховодов из листовой оцинкованной стали и алюминия класса П (плотные) толщиной: 0,7 мм, периметром до 1000 мм
ГЭСН	20	20-01-002	Прокладка воздуховодов из листовой оцинкованной стали и алюминия класса П (плотные)	20-01-002-10	100 м2	Прокладка воздуховодов из листовой оцинкованной стали и алюминия класса П (плотные) толщиной: 0,7 мм, периметром свыше 1100 до 1600 мм
ГЭСН	20	20-01-002	Прокладка воздуховодов из листовой оцинкованной стали и алюминия класса П (плотные)	20-01-002-11	100 м2	Прокладка воздуховодов из листовой оцинкованной стали и алюминия класса П (плотные) толщиной: 0,7 мм, периметром свыше 1600 до 2400 мм
ГЭСН	20	20-01-002	Прокладка воздуховодов из листовой оцинкованной стали и алюминия класса П (плотные)	20-01-002-12	100 м2	Прокладка воздуховодов из листовой оцинкованной стали и алюминия класса П (плотные) толщиной: 0,7 мм, периметром свыше 2400 до 3200 мм
ГЭСН	20	20-01-002	Прокладка воздуховодов из листовой оцинкованной стали и алюминия класса П (плотные)	20-01-002-13	100 м2	Прокладка воздуховодов из листовой оцинкованной стали и алюминия класса П (плотные) толщиной: 0,7 мм, периметром свыше 3200 до 3600 мм
ГЭСН	20	20-01-002	Прокладка воздуховодов из листовой оцинкованной стали и алюминия класса П (плотные)	20-01-002-14	100 м2	Прокладка воздуховодов из листовой оцинкованной стали и алюминия класса П (плотные) толщиной: 0,7 мм, периметром свыше 3600 до 4000 мм
ГЭСН	20	20-01-002	Прокладка воздуховодов из листовой оцинкованной стали и алюминия класса П (плотные)	20-01-002-15	100 м2	Прокладка воздуховодов из листовой оцинкованной стали и алюминия класса П (плотные) толщиной: 0,9 мм, периметром до 4500 мм
ГЭСН	20	20-01-002	Прокладка воздуховодов из листовой оцинкованной стали и алюминия класса П (плотные)	20-01-002-16	100 м2	Прокладка воздуховодов из листовой оцинкованной стали и алюминия класса П (плотные) толщиной: 0,9 мм, периметром свыше 4500 до 5200 мм
ГЭСН	20	20-01-002	Прокладка воздуховодов из листовой оцинкованной стали и алюминия класса П (плотные)	20-01-002-17	100 м2	Прокладка воздуховодов из листовой оцинкованной стали и алюминия класса П (плотные) толщиной: 0,9 мм, периметром свыше 5200 до 7200 мм
ГЭСН	20	20-01-002	Прокладка воздуховодов из листовой оцинкованной стали и алюминия класса П (плотные)	20-01-002-18	100 м2	Прокладка воздуховодов из листовой оцинкованной стали и алюминия класса П (плотные) толщиной: 1,0 мм, диаметром свыше 900 до 1000 мм
ГЭСН	20	20-01-002	Прокладка воздуховодов из листовой оцинкованной стали и алюминия класса П (плотные)	20-01-002-19	100 м2	Прокладка воздуховодов из листовой оцинкованной стали и алюминия класса П (плотные) толщиной: 1,0 мм, диаметром свыше 1000 до 1250 мм
ГЭСН	20	20-01-002	Прокладка воздуховодов из листовой оцинкованной стали и алюминия класса П (плотные)	20-01-002-20	100 м2	Прокладка воздуховодов из листовой оцинкованной стали и алюминия класса П (плотные) толщиной: 1,2 мм, диаметром 1400 мм
ГЭСН	20	20-01-002	Прокладка воздуховодов из листовой оцинкованной стали и алюминия класса П (плотные)	20-01-002-21	100 м2	Прокладка воздуховодов из листовой оцинкованной стали и алюминия класса П (плотные) толщиной: 1,2 мм, диаметром 1600 мм
ГЭСН	20	20-01-002	Прокладка воздуховодов из листовой оцинкованной стали и алюминия класса П (плотные)	20-01-002-22	100 м2	Прокладка воздуховодов из листовой оцинкованной стали и алюминия класса П (плотные) толщиной: 1,4 мм, диаметром 1800 мм
ГЭСН	20	20-01-002	Прокладка воздуховодов из листовой оцинкованной стали и алюминия класса П (плотные)	20-01-002-23	100 м2	Прокладка воздуховодов из листовой оцинкованной стали и алюминия класса П (плотные) толщиной: 1,4 мм, диаметром 2000 мм
ГЭСН	20	20-01-003	Прокладка воздуховодов для АЭС и ТЭС из листовой оцинкованной стали толщиной 1,0 и 1,2 мм	20-01-003-01	100 м2	Прокладка воздуховодов для АЭС и ТЭС из листовой оцинкованной стали толщиной: 1,0 мм, периметром до 600 мм
ГЭСН	20	20-01-003	Прокладка воздуховодов для АЭС и ТЭС из листовой оцинкованной стали толщиной 1,0 и 1,2 мм	20-01-003-02	100 м2	Прокладка воздуховодов для АЭС и ТЭС из листовой оцинкованной стали толщиной: 1,0 мм, периметром свыше 600 до 1100 мм
ГЭСН	20	20-01-003	Прокладка воздуховодов для АЭС и ТЭС из листовой оцинкованной стали толщиной 1,0 и 1,2 мм	20-01-003-03	100 м2	Прокладка воздуховодов для АЭС и ТЭС из листовой оцинкованной стали толщиной: 1,0 мм, периметром свыше 1100 до 1600 мм
ГЭСН	20	20-01-003	Прокладка воздуховодов для АЭС и ТЭС из листовой оцинкованной стали толщиной 1,0 и 1,2 мм	20-01-003-04	100 м2	Прокладка воздуховодов для АЭС и ТЭС из листовой оцинкованной стали толщиной: 1,0 мм, периметром свыше 1600 до 2400 мм
ГЭСН	20	20-01-003	Прокладка воздуховодов для АЭС и ТЭС из листовой оцинкованной стали толщиной 1,0 и 1,2 мм	20-01-003-05	100 м2	Прокладка воздуховодов для АЭС и ТЭС из листовой оцинкованной стали толщиной: 1,0 мм, периметром свыше 2400 до 3200 мм
ГЭСН	20	20-01-003	Прокладка воздуховодов для АЭС и ТЭС из листовой оцинкованной стали толщиной 1,0 и 1,2 мм	20-01-003-06	100 м2	Прокладка воздуховодов для АЭС и ТЭС из листовой оцинкованной стали толщиной: 1,0 мм, периметром свыше 3200 до 3700 мм
ГЭСН	20	20-01-003	Прокладка воздуховодов для АЭС и ТЭС из листовой оцинкованной стали толщиной 1,0 и 1,2 мм	20-01-003-07	100 м2	Прокладка воздуховодов для АЭС и ТЭС из листовой оцинкованной стали толщиной: 1,0 мм, периметром свыше 3700 до 4100 мм
ГЭСН	20	20-01-003	Прокладка воздуховодов для АЭС и ТЭС из листовой оцинкованной стали толщиной 1,0 и 1,2 мм	20-01-003-08	100 м2	Прокладка воздуховодов для АЭС и ТЭС из листовой оцинкованной стали толщиной: 1,0 мм, периметром свыше 4100 до 5200 мм
ГЭСН	20	20-01-003	Прокладка воздуховодов для АЭС и ТЭС из листовой оцинкованной стали толщиной 1,0 и 1,2 мм	20-01-003-09	100 м2	Прокладка воздуховодов для АЭС и ТЭС из листовой оцинкованной стали толщиной: 1,0 мм, периметром свыше 5200 до 6500 мм
ГЭСН	20	20-01-003	Прокладка воздуховодов для АЭС и ТЭС из листовой оцинкованной стали толщиной 1,0 и 1,2 мм	20-01-003-10	100 м2	Прокладка воздуховодов для АЭС и ТЭС из листовой оцинкованной стали толщиной: 1,0 мм, периметром свыше 6500 до 7200 мм
ГЭСН	20	20-01-003	Прокладка воздуховодов для АЭС и ТЭС из листовой оцинкованной стали толщиной 1,0 и 1,2 мм	20-01-003-11	100 м2	Прокладка воздуховодов для АЭС и ТЭС из листовой оцинкованной стали толщиной: 1,0 мм, периметром свыше 7200 до 8100 мм
ГЭСН	20	20-01-003	Прокладка воздуховодов для АЭС и ТЭС из листовой оцинкованной стали толщиной 1,0 и 1,2 мм	20-01-003-12	100 м2	Прокладка воздуховодов для АЭС и ТЭС из листовой оцинкованной стали толщиной: 1,2 мм, периметром до 600 мм
ГЭСН	20	20-01-003	Прокладка воздуховодов для АЭС и ТЭС из листовой оцинкованной стали толщиной 1,0 и 1,2 мм	20-01-003-13	100 м2	Прокладка воздуховодов для АЭС и ТЭС из листовой оцинкованной стали толщиной: 1,2 мм, периметром свыше 600 до 1000 мм
ГЭСН	20	20-01-003	Прокладка воздуховодов для АЭС и ТЭС из листовой оцинкованной стали толщиной 1,0 и 1,2 мм	20-01-003-14	100 м2	Прокладка воздуховодов для АЭС и ТЭС из листовой оцинкованной стали толщиной: 1,2 мм, периметром свыше 1000 до 1600 мм
ГЭСН	20	20-01-003	Прокладка воздуховодов для АЭС и ТЭС из листовой оцинкованной стали толщиной 1,0 и 1,2 мм	20-01-003-15	100 м2	Прокладка воздуховодов для АЭС и ТЭС из листовой оцинкованной стали толщиной: 1,2 мм, периметром свыше 1600 до 2400 мм
ГЭСН	20	20-01-003	Прокладка воздуховодов для АЭС и ТЭС из листовой оцинкованной стали толщиной 1,0 и 1,2 мм	20-01-003-16	100 м2	Прокладка воздуховодов для АЭС и ТЭС из листовой оцинкованной стали толщиной: 1,2 мм, периметром свыше 2400 до 3200 мм
ГЭСН	20	20-01-003	Прокладка воздуховодов для АЭС и ТЭС из листовой оцинкованной стали толщиной 1,0 и 1,2 мм	20-01-003-17	100 м2	Прокладка воздуховодов для АЭС и ТЭС из листовой оцинкованной стали толщиной: 1,2 мм, периметром свыше 3200 до 3600 мм
ГЭСН	20	20-01-003	Прокладка воздуховодов для АЭС и ТЭС из листовой оцинкованной стали толщиной 1,0 и 1,2 мм	20-01-003-18	100 м2	Прокладка воздуховодов для АЭС и ТЭС из листовой оцинкованной стали толщиной: 1,2 мм, периметром свыше 3600 до 4500 мм
ГЭСН	20	20-01-003	Прокладка воздуховодов для АЭС и ТЭС из листовой оцинкованной стали толщиной 1,0 и 1,2 мм	20-01-003-19	100 м2	Прокладка воздуховодов для АЭС и ТЭС из листовой оцинкованной стали толщиной: 1,2 мм, периметром свыше 4500 до 5200 мм
ГЭСН	20	20-01-003	Прокладка воздуховодов для АЭС и ТЭС из листовой оцинкованной стали толщиной 1,0 и 1,2 мм	20-01-003-20	100 м2	Прокладка воздуховодов для АЭС и ТЭС из листовой оцинкованной стали толщиной: 1,2 мм, периметром свыше 5200 до 6500 мм
ГЭСН	20	20-01-003	Прокладка воздуховодов для АЭС и ТЭС из листовой оцинкованной стали толщиной 1,0 и 1,2 мм	20-01-003-21	100 м2	Прокладка воздуховодов для АЭС и ТЭС из листовой оцинкованной стали толщиной: 1,2 мм, периметром свыше 6500 до 7200 мм
ГЭСН	20	20-01-003	Прокладка воздуховодов для АЭС и ТЭС из листовой оцинкованной стали толщиной 1,0 и 1,2 мм	20-01-003-22	100 м2	Прокладка воздуховодов для АЭС и ТЭС из листовой оцинкованной стали толщиной: 1,2 мм, периметром свыше 7200 до 8100 мм
ГЭСН	20	20-01-003	Прокладка воздуховодов для АЭС и ТЭС из листовой оцинкованной стали толщиной 1,0 и 1,2 мм	20-01-003-23	100 м2	Прокладка воздуховодов для АЭС и ТЭС из листовой оцинкованной стали толщиной: 1,2 мм, периметром свыше 8100 до 9000 мм
ГЭСН	20	20-01-003	Прокладка воздуховодов для АЭС и ТЭС из листовой оцинкованной стали толщиной 1,0 и 1,2 мм	20-01-003-24	100 м2	Прокладка воздуховодов для АЭС и ТЭС из листовой оцинкованной стали толщиной: 1,2 мм, периметром свыше 9000 до 10000 мм
ГЭСН	20	20-01-003	Прокладка воздуховодов для АЭС и ТЭС из листовой оцинкованной стали толщиной 1,0 и 1,2 мм	20-01-003-25	100 м2	Прокладка воздуховодов для АЭС и ТЭС из листовой оцинкованной стали толщиной: 1,2 мм, периметром свыше 10000 до 11300 мм
ГЭСН	20	20-01-003	Прокладка воздуховодов для АЭС и ТЭС из листовой оцинкованной стали толщиной 1,0 и 1,2 мм	20-01-003-26	100 м2	Прокладка воздуховодов для АЭС и ТЭС из листовой оцинкованной стали толщиной: 1,2 мм, периметром свыше 11300 до 13000 мм
ГЭСН	20	20-01-003	Прокладка воздуховодов для АЭС и ТЭС из листовой оцинкованной стали толщиной 1,0 и 1,2 мм	20-01-003-27	100 м2	Прокладка воздуховодов для АЭС и ТЭС из листовой оцинкованной стали толщиной: 1,2 мм, периметром свыше 13000 до 14300 мм
ГЭСН	20	20-01-004	Прокладка воздуховодов для АЭС и ТЭС из листовой оцинкованной стали толщиной 1,5 мм	20-01-004-01	100 м2	Прокладка воздуховодов для АЭС и ТЭС из листовой оцинкованной стали толщиной 1,5 мм, диаметром: свыше 450 до 560 мм
ГЭСН	20	20-01-004	Прокладка воздуховодов для АЭС и ТЭС из листовой оцинкованной стали толщиной 1,5 мм	20-01-004-02	100 м2	Прокладка воздуховодов для АЭС и ТЭС из листовой оцинкованной стали толщиной 1,5 мм, диаметром: свыше 560 до 800 мм
ГЭСН	20	20-01-004	Прокладка воздуховодов для АЭС и ТЭС из листовой оцинкованной стали толщиной 1,5 мм	20-01-004-03	100 м2	Прокладка воздуховодов для АЭС и ТЭС из листовой оцинкованной стали толщиной 1,5 мм, диаметром: свыше 800 до 1000 мм
ГЭСН	20	20-01-004	Прокладка воздуховодов для АЭС и ТЭС из листовой оцинкованной стали толщиной 1,5 мм	20-01-004-04	100 м2	Прокладка воздуховодов для АЭС и ТЭС из листовой оцинкованной стали толщиной 1,5 мм, диаметром: свыше 1000 до 1250 мм
ГЭСН	20	20-01-004	Прокладка воздуховодов для АЭС и ТЭС из листовой оцинкованной стали толщиной 1,5 мм	20-01-004-05	100 м2	Прокладка воздуховодов для АЭС и ТЭС из листовой оцинкованной стали толщиной 1,5 мм, диаметром: свыше 1250 до 1400 мм
ГЭСН	20	20-01-004	Прокладка воздуховодов для АЭС и ТЭС из листовой оцинкованной стали толщиной 1,5 мм	20-01-004-06	100 м2	Прокладка воздуховодов для АЭС и ТЭС из листовой оцинкованной стали толщиной 1,5 мм, диаметром: свыше 1400 до 1600 мм
ГЭСН	20	20-01-005	Прокладка воздуховодов для АЭС из листовой стали толщиной 2,0 мм	20-01-005-02	100 м2	Прокладка воздуховодов для АЭС и ТЭС из листовой стали толщиной: 2 мм, диаметром до 250 мм
ГЭСН	20	20-01-005	Прокладка воздуховодов для АЭС из листовой стали толщиной 2,0 мм	20-01-005-03	100 м2	Прокладка воздуховодов для АЭС и ТЭС из листовой стали толщиной: 2 мм, диаметром до 355 мм
ГЭСН	20	20-01-005	Прокладка воздуховодов для АЭС из листовой стали толщиной 2,0 мм	20-01-005-04	100 м2	Прокладка воздуховодов для АЭС и ТЭС из листовой стали толщиной: 2 мм, диаметром до 560 мм
ГЭСН	20	20-01-005	Прокладка воздуховодов для АЭС из листовой стали толщиной 2,0 мм	20-01-005-05	100 м2	Прокладка воздуховодов для АЭС и ТЭС из листовой стали толщиной: 2 мм, диаметром до 800 мм
ГЭСН	20	20-01-005	Прокладка воздуховодов для АЭС из листовой стали толщиной 2,0 мм	20-01-005-06	100 м2	Прокладка воздуховодов для АЭС и ТЭС из листовой стали толщиной: 2 мм, диаметром до 1000 мм
ГЭСН	20	20-01-005	Прокладка воздуховодов для АЭС из листовой стали толщиной 2,0 мм	20-01-005-07	100 м2	Прокладка воздуховодов для АЭС и ТЭС из листовой стали толщиной: 2 мм, диаметром до 1250 мм
ГЭСН	20	20-01-005	Прокладка воздуховодов для АЭС из листовой стали толщиной 2,0 мм	20-01-005-08	100 м2	Прокладка воздуховодов для АЭС и ТЭС из листовой стали толщиной: 2 мм, диаметром до 1400 мм
ГЭСН	20	20-01-005	Прокладка воздуховодов для АЭС из листовой стали толщиной 2,0 мм	20-01-005-09	100 м2	Прокладка воздуховодов для АЭС и ТЭС из листовой стали толщиной: 2 мм, диаметром до 1600 мм
ГЭСН	20	20-01-006	Прокладка воздуховодов для АЭС и ТЭС из листовой оцинкованной стали толщиной 0,8 и 1,0 мм	20-01-006-01	100 м2	Прокладка воздуховодов для АЭС и ТЭС из листовой оцинкованной стали толщиной: 0,8 мм, диаметром до 250 мм
ГЭСН	20	20-01-006	Прокладка воздуховодов для АЭС и ТЭС из листовой оцинкованной стали толщиной 0,8 и 1,0 мм	20-01-006-02	100 м2	Прокладка воздуховодов для АЭС и ТЭС из листовой оцинкованной стали толщиной: 0,8 мм, диаметром свыше 250 до 355 мм
ГЭСН	20	20-01-006	Прокладка воздуховодов для АЭС и ТЭС из листовой оцинкованной стали толщиной 0,8 и 1,0 мм	20-01-006-03	100 м2	Прокладка воздуховодов для АЭС и ТЭС из листовой оцинкованной стали толщиной: 0,8 мм, диаметром свыше 355 до 500 мм
ГЭСН	20	20-01-006	Прокладка воздуховодов для АЭС и ТЭС из листовой оцинкованной стали толщиной 0,8 и 1,0 мм	20-01-006-04	100 м2	Прокладка воздуховодов для АЭС и ТЭС из листовой оцинкованной стали толщиной: 0,8 мм, диаметром свыше 500 до 630 мм
ГЭСН	20	20-01-006	Прокладка воздуховодов для АЭС и ТЭС из листовой оцинкованной стали толщиной 0,8 и 1,0 мм	20-01-006-05	100 м2	Прокладка воздуховодов для АЭС и ТЭС из листовой оцинкованной стали толщиной: 0,8 мм, диаметром свыше 630 до 710 мм
ГЭСН	20	20-01-006	Прокладка воздуховодов для АЭС и ТЭС из листовой оцинкованной стали толщиной 0,8 и 1,0 мм	20-01-006-06	100 м2	Прокладка воздуховодов для АЭС и ТЭС из листовой оцинкованной стали толщиной: 0,8 мм, диаметром свыше 710 до 800 мм
ГЭСН	20	20-01-006	Прокладка воздуховодов для АЭС и ТЭС из листовой оцинкованной стали толщиной 0,8 и 1,0 мм	20-01-006-07	100 м2	Прокладка воздуховодов для АЭС и ТЭС из листовой оцинкованной стали толщиной: 1,0 мм, диаметром до 250 мм
ГЭСН	20	20-01-006	Прокладка воздуховодов для АЭС и ТЭС из листовой оцинкованной стали толщиной 0,8 и 1,0 мм	20-01-006-08	100 м2	Прокладка воздуховодов для АЭС и ТЭС из листовой оцинкованной стали толщиной: 1,0 мм, диаметром свыше 250 до 355 мм
ГЭСН	20	20-01-006	Прокладка воздуховодов для АЭС и ТЭС из листовой оцинкованной стали толщиной 0,8 и 1,0 мм	20-01-006-09	100 м2	Прокладка воздуховодов для АЭС и ТЭС из листовой оцинкованной стали толщиной: 1,0 мм, диаметром свыше 355 до 500 мм
ГЭСН	20	20-01-006	Прокладка воздуховодов для АЭС и ТЭС из листовой оцинкованной стали толщиной 0,8 и 1,0 мм	20-01-006-10	100 м2	Прокладка воздуховодов для АЭС и ТЭС из листовой оцинкованной стали толщиной: 1,0 мм, диаметром свыше 500 до 630 мм
ГЭСН	20	20-01-006	Прокладка воздуховодов для АЭС и ТЭС из листовой оцинкованной стали толщиной 0,8 и 1,0 мм	20-01-006-11	100 м2	Прокладка воздуховодов для АЭС и ТЭС из листовой оцинкованной стали толщиной: 1,0 мм, диаметром свыше 630 до 710 мм
ГЭСН	20	20-01-006	Прокладка воздуховодов для АЭС и ТЭС из листовой оцинкованной стали толщиной 0,8 и 1,0 мм	20-01-006-12	100 м2	Прокладка воздуховодов для АЭС и ТЭС из листовой оцинкованной стали толщиной: 1,0 мм, диаметром свыше 710 до 800 мм
ГЭСН	20	20-01-006	Прокладка воздуховодов для АЭС и ТЭС из листовой оцинкованной стали толщиной 0,8 и 1,0 мм	20-01-006-13	100 м2	Прокладка воздуховодов для АЭС и ТЭС из листовой оцинкованной стали толщиной: 1,0 мм, диаметром свыше 900 до 1000 мм
ГЭСН	20	20-01-006	Прокладка воздуховодов для АЭС и ТЭС из листовой оцинкованной стали толщиной 0,8 и 1,0 мм	20-01-006-14	100 м2	Прокладка воздуховодов для АЭС и ТЭС из листовой оцинкованной стали толщиной: 1,0 мм, диаметром свыше 1000 до 1250 мм
ГЭСН	20	20-01-006	Прокладка воздуховодов для АЭС и ТЭС из листовой оцинкованной стали толщиной 0,8 и 1,0 мм	20-01-006-15	100 м2	Прокладка воздуховодов для АЭС и ТЭС из листовой оцинкованной стали толщиной: 1,0 мм, диаметром свыше 1250 до 1400 мм
ГЭСН	20	20-01-007	Прокладка воздуховодов из коррозионностойкой стали в шахтных сооружениях глубиной до 40 метров	20-01-007-01	100 м2	Прокладка воздуховодов из коррозионностойкой стали толщиной: 6 мм, диаметром до 200 мм
ГЭСН	20	20-01-007	Прокладка воздуховодов из коррозионностойкой стали в шахтных сооружениях глубиной до 40 метров	20-01-007-11	100 м2	Прокладка воздуховодов из коррозионностойкой стали толщиной: 8 мм, периметром свыше 1000 до 1600 мм
ГЭСН	20	20-01-007	Прокладка воздуховодов из коррозионностойкой стали в шахтных сооружениях глубиной до 40 метров	20-01-007-12	100 м2	Прокладка воздуховодов из коррозионностойкой стали толщиной: 8 мм, периметром свыше 1600 до 2500 мм
ГЭСН	20	20-01-008	Прокладка воздуховодов круглых для систем аспирации и пневмотранспорта	20-01-008-01	100 м2	Прокладка воздуховодов для систем аспирации и пневмотранспорта из тонколистовой стали, круглых, толщиной стали до 1 мм, диаметром: до 125 мм
ГЭСН	20	20-01-008	Прокладка воздуховодов круглых для систем аспирации и пневмотранспорта	20-01-008-02	100 м2	Прокладка воздуховодов для систем аспирации и пневмотранспорта из тонколистовой стали, круглых, толщиной стали до 1 мм, диаметром: свыше 125 до 160 мм
ГЭСН	20	20-01-008	Прокладка воздуховодов круглых для систем аспирации и пневмотранспорта	20-01-008-03	100 м2	Прокладка воздуховодов для систем аспирации и пневмотранспорта из тонколистовой стали, круглых, толщиной стали до 1 мм, диаметром: свыше 160 до 315 мм
ГЭСН	20	20-01-008	Прокладка воздуховодов круглых для систем аспирации и пневмотранспорта	20-01-008-04	100 м2	Прокладка воздуховодов для систем аспирации и пневмотранспорта из тонколистовой стали, круглых, толщиной стали до 1 мм, диаметром: свыше 315 до 500 мм
ГЭСН	20	20-01-008	Прокладка воздуховодов круглых для систем аспирации и пневмотранспорта	20-01-008-05	100 м2	Прокладка воздуховодов для систем аспирации и пневмотранспорта из тонколистовой стали, круглых, толщиной стали до 1 мм, диаметром: свыше 500 до 630 мм
ГЭСН	20	20-01-008	Прокладка воздуховодов круглых для систем аспирации и пневмотранспорта	20-01-008-06	100 м2	Прокладка воздуховодов для систем аспирации и пневмотранспорта из тонколистовой стали, круглых, толщиной стали до 1 мм, диаметром: свыше 630 до 900 мм
ГЭСН	20	20-01-008	Прокладка воздуховодов круглых для систем аспирации и пневмотранспорта	20-01-008-07	100 м2	Прокладка воздуховодов для систем аспирации и пневмотранспорта из тонколистовой стали, круглых, толщиной стали до 1 мм, диаметром: свыше 900 до 1400 мм
ГЭСН	20	20-01-008	Прокладка воздуховодов круглых для систем аспирации и пневмотранспорта	20-01-008-08	100 м2	Прокладка воздуховодов для систем аспирации и пневмотранспорта из тонколистовой стали, круглых, толщиной стали до 1 мм, диаметром: свыше 1400 до 1600 мм
ГЭСН	20	20-01-008	Прокладка воздуховодов круглых для систем аспирации и пневмотранспорта	20-01-008-09	100 м2	Прокладка воздуховодов для систем аспирации и пневмотранспорта из тонколистовой стали, круглых, толщиной стали свыше 1 до 2 мм, диаметром: до 125 мм
ГЭСН	20	20-01-008	Прокладка воздуховодов круглых для систем аспирации и пневмотранспорта	20-01-008-10	100 м2	Прокладка воздуховодов для систем аспирации и пневмотранспорта из тонколистовой стали, круглых, толщиной стали свыше 1 до 2 мм, диаметром: свыше 125 до 160 мм
ГЭСН	20	20-01-008	Прокладка воздуховодов круглых для систем аспирации и пневмотранспорта	20-01-008-11	100 м2	Прокладка воздуховодов для систем аспирации и пневмотранспорта из тонколистовой стали, круглых, толщиной стали свыше 1 до 2 мм, диаметром: свыше 160 до 315 мм
ГЭСН	20	20-01-008	Прокладка воздуховодов круглых для систем аспирации и пневмотранспорта	20-01-008-12	100 м2	Прокладка воздуховодов для систем аспирации и пневмотранспорта из тонколистовой стали, круглых, толщиной стали свыше 1 до 2 мм, диаметром: свыше 315 до 500 мм
ГЭСН	20	20-01-008	Прокладка воздуховодов круглых для систем аспирации и пневмотранспорта	20-01-008-13	100 м2	Прокладка воздуховодов для систем аспирации и пневмотранспорта из тонколистовой стали, круглых, толщиной стали свыше 1 до 2 мм, диаметром: свыше 500 до 630 мм
ГЭСН	20	20-01-008	Прокладка воздуховодов круглых для систем аспирации и пневмотранспорта	20-01-008-14	100 м2	Прокладка воздуховодов для систем аспирации и пневмотранспорта из тонколистовой стали, круглых, толщиной стали свыше 1 до 2 мм, диаметром: свыше 630 до 900 мм
ГЭСН	20	20-01-008	Прокладка воздуховодов круглых для систем аспирации и пневмотранспорта	20-01-008-15	100 м2	Прокладка воздуховодов для систем аспирации и пневмотранспорта из тонколистовой стали, круглых, толщиной стали свыше 1 до 2 мм, диаметром: свыше 900 до 1400 мм
ГЭСН	20	20-01-008	Прокладка воздуховодов круглых для систем аспирации и пневмотранспорта	20-01-008-16	100 м2	Прокладка воздуховодов для систем аспирации и пневмотранспорта из тонколистовой стали, круглых, толщиной стали свыше 1 до 2 мм, диаметром: свыше 1400 до 1600 мм
ГЭСН	20	20-01-009	Прокладка воздуховодов для АЭС и ТЭС из листовой углеродистой стали толщиной 1,8, 2,0 и 3,0 мм	20-01-009-01	100 м2	Прокладка воздуховодов для АЭС и ТЭС из листовой углеродистой стали толщиной: 1,8 мм, периметром до 1000 мм
ГЭСН	20	20-01-009	Прокладка воздуховодов для АЭС и ТЭС из листовой углеродистой стали толщиной 1,8, 2,0 и 3,0 мм	20-01-009-02	100 м2	Прокладка воздуховодов для АЭС и ТЭС из листовой углеродистой стали толщиной: 2,0 мм, периметром до 1000 мм
ГЭСН	20	20-01-009	Прокладка воздуховодов для АЭС и ТЭС из листовой углеродистой стали толщиной 1,8, 2,0 и 3,0 мм	20-01-009-03	100 м2	Прокладка воздуховодов для АЭС и ТЭС из листовой углеродистой стали толщиной: 2,0 мм, периметром до 1600 мм
ГЭСН	20	20-01-009	Прокладка воздуховодов для АЭС и ТЭС из листовой углеродистой стали толщиной 1,8, 2,0 и 3,0 мм	20-01-009-04	100 м2	Прокладка воздуховодов для АЭС и ТЭС из листовой углеродистой стали толщиной: 2,0 мм, периметром до 2400 мм
ГЭСН	20	20-01-009	Прокладка воздуховодов для АЭС и ТЭС из листовой углеродистой стали толщиной 1,8, 2,0 и 3,0 мм	20-01-009-05	100 м2	Прокладка воздуховодов для АЭС и ТЭС из листовой углеродистой стали толщиной: 2,0 мм, периметром до 3200 мм
ГЭСН	20	20-01-009	Прокладка воздуховодов для АЭС и ТЭС из листовой углеродистой стали толщиной 1,8, 2,0 и 3,0 мм	20-01-009-06	100 м2	Прокладка воздуховодов для АЭС и ТЭС из листовой углеродистой стали толщиной: 2,0 мм, периметром до 4100 мм
ГЭСН	20	20-01-009	Прокладка воздуховодов для АЭС и ТЭС из листовой углеродистой стали толщиной 1,8, 2,0 и 3,0 мм	20-01-009-07	100 м2	Прокладка воздуховодов для АЭС и ТЭС из листовой углеродистой стали толщиной: 2,0 мм, периметром до 5200 мм
ГЭСН	20	20-01-009	Прокладка воздуховодов для АЭС и ТЭС из листовой углеродистой стали толщиной 1,8, 2,0 и 3,0 мм	20-01-009-08	100 м2	Прокладка воздуховодов для АЭС и ТЭС из листовой углеродистой стали толщиной: 2,0 мм, периметром до 6500 мм
ГЭСН	20	20-01-009	Прокладка воздуховодов для АЭС и ТЭС из листовой углеродистой стали толщиной 1,8, 2,0 и 3,0 мм	20-01-009-09	100 м2	Прокладка воздуховодов для АЭС и ТЭС из листовой углеродистой стали толщиной: 2,0 мм, периметром до 7200 мм
ГЭСН	20	20-01-009	Прокладка воздуховодов для АЭС и ТЭС из листовой углеродистой стали толщиной 1,8, 2,0 и 3,0 мм	20-01-009-10	100 м2	Прокладка воздуховодов для АЭС и ТЭС из листовой углеродистой стали толщиной: 2,0 мм, периметром до 8100 мм
ГЭСН	20	20-01-009	Прокладка воздуховодов для АЭС и ТЭС из листовой углеродистой стали толщиной 1,8, 2,0 и 3,0 мм	20-01-009-11	100 м2	Прокладка воздуховодов для АЭС и ТЭС из листовой углеродистой стали толщиной: 2,0 мм, периметром до 9000 мм
ГЭСН	20	20-01-009	Прокладка воздуховодов для АЭС и ТЭС из листовой углеродистой стали толщиной 1,8, 2,0 и 3,0 мм	20-01-009-12	100 м2	Прокладка воздуховодов для АЭС и ТЭС из листовой углеродистой стали толщиной: 2,0 мм, периметром до 10000 мм
ГЭСН	20	20-01-009	Прокладка воздуховодов для АЭС и ТЭС из листовой углеродистой стали толщиной 1,8, 2,0 и 3,0 мм	20-01-009-13	100 м2	Прокладка воздуховодов для АЭС и ТЭС из листовой углеродистой стали толщиной: 2,0 мм, периметром до 11300 мм
ГЭСН	20	20-01-009	Прокладка воздуховодов для АЭС и ТЭС из листовой углеродистой стали толщиной 1,8, 2,0 и 3,0 мм	20-01-009-14	100 м2	Прокладка воздуховодов для АЭС и ТЭС из листовой углеродистой стали толщиной: 2,0 мм, периметром до 13000 мм
ГЭСН	20	20-01-009	Прокладка воздуховодов для АЭС и ТЭС из листовой углеродистой стали толщиной 1,8, 2,0 и 3,0 мм	20-01-009-15	100 м2	Прокладка воздуховодов для АЭС и ТЭС из листовой углеродистой стали толщиной: 2,0 мм, периметром до 14300 мм
ГЭСН	20	20-01-009	Прокладка воздуховодов для АЭС и ТЭС из листовой углеродистой стали толщиной 1,8, 2,0 и 3,0 мм	20-01-009-16	100 м2	Прокладка воздуховодов для АЭС и ТЭС из листовой углеродистой стали толщиной: 3,0 мм, периметром до 3200 мм
ГЭСН	20	20-01-009	Прокладка воздуховодов для АЭС и ТЭС из листовой углеродистой стали толщиной 1,8, 2,0 и 3,0 мм	20-01-009-17	100 м2	Прокладка воздуховодов для АЭС и ТЭС из листовой углеродистой стали толщиной: 3,0 мм, периметром до 4000 мм
ГЭСН	20	20-02-001	Установка воздухораспределителей, предназначенных для подачи воздуха	20-02-001-01	шт	Установка воздухораспределителей, предназначенных для подачи воздуха: в рабочую зону, массой до 20 кг
ГЭСН	20	20-02-001	Установка воздухораспределителей, предназначенных для подачи воздуха	20-02-001-02	шт	Установка воздухораспределителей, предназначенных для подачи воздуха: в рабочую зону, массой до 50 кг
ГЭСН	20	20-02-001	Установка воздухораспределителей, предназначенных для подачи воздуха	20-02-001-03	шт	Установка воздухораспределителей, предназначенных для подачи воздуха: в рабочую зону, массой до 70 кг
ГЭСН	20	20-02-001	Установка воздухораспределителей, предназначенных для подачи воздуха	20-02-001-04	шт	Установка воздухораспределителей, предназначенных для подачи воздуха: в рабочую зону, массой до 100 кг
ГЭСН	20	20-02-001	Установка воздухораспределителей, предназначенных для подачи воздуха	20-02-001-05	шт	Установка воздухораспределителей, предназначенных для подачи воздуха: в рабочую зону, массой до 125 кг
ГЭСН	20	20-02-001	Установка воздухораспределителей, предназначенных для подачи воздуха	20-02-001-06	шт	Установка воздухораспределителей, предназначенных для подачи воздуха: в рабочую зону, массой до 150 кг
ГЭСН	20	20-02-001	Установка воздухораспределителей, предназначенных для подачи воздуха	20-02-001-07	шт	Установка воздухораспределителей, предназначенных для подачи воздуха: в рабочую зону, массой до 250 кг
ГЭСН	20	20-02-001	Установка воздухораспределителей, предназначенных для подачи воздуха	20-02-001-08	шт	Установка воздухораспределителей, предназначенных для подачи воздуха: в верхнюю зону, массой до 10 кг
ГЭСН	20	20-02-001	Установка воздухораспределителей, предназначенных для подачи воздуха	20-02-001-09	шт	Установка воздухораспределителей, предназначенных для подачи воздуха: в верхнюю зону, массой до 30 кг
ГЭСН	20	20-02-001	Установка воздухораспределителей, предназначенных для подачи воздуха	20-02-001-10	шт	Установка воздухораспределителей, предназначенных для подачи воздуха: в верхнюю зону, массой до 50 кг
ГЭСН	20	20-02-001	Установка воздухораспределителей, предназначенных для подачи воздуха	20-02-001-11	шт	Установка воздухораспределителей, предназначенных для подачи воздуха: в верхнюю зону, массой до 100 кг
ГЭСН	20	20-02-001	Установка воздухораспределителей, предназначенных для подачи воздуха	20-02-001-12	шт	Установка воздухораспределителей, предназначенных для подачи воздуха: в верхнюю зону, массой до 150 кг
ГЭСН	20	20-02-001	Установка воздухораспределителей, предназначенных для подачи воздуха	20-02-001-13	шт	Установка воздухораспределителей, предназначенных для подачи воздуха: в верхнюю зону, массой до 250 кг
ГЭСН	20	20-02-001	Установка воздухораспределителей, предназначенных для подачи воздуха	20-02-001-14	шт	Установка воздухораспределителей, предназначенных для подачи воздуха: в верхнюю зону, массой до 415 кг
ГЭСН	20	20-02-002	Установка решеток жалюзийных	20-02-002-01	шт	Установка решеток жалюзийных площадью в свету: до 0,5 м2
ГЭСН	20	20-02-002	Установка решеток жалюзийных	20-02-002-02	шт	Установка решеток жалюзийных площадью в свету: до 1,0 м2
ГЭСН	20	20-02-002	Установка решеток жалюзийных	20-02-002-03	шт	Установка решеток жалюзийных площадью в свету: до 1,5 м2
ГЭСН	20	20-02-002	Установка решеток жалюзийных	20-02-002-04	шт	Установка решеток жалюзийных площадью в свету: до 2,5 м2
ГЭСН	20	20-02-002	Установка решеток жалюзийных	20-02-002-05	шт	Установка решеток жалюзийных площадью в свету: до 3,5 м2
ГЭСН	20	20-02-002	Установка решеток жалюзийных	20-02-002-06	шт	Установка решеток жалюзийных площадью в свету: до 5,0 м2
ГЭСН	20	20-02-002	Установка решеток жалюзийных	20-02-002-07	шт	Установка решеток жалюзийных площадью в свету: до 6,5 м2
ГЭСН	20	20-02-002	Установка решеток жалюзийных	20-02-002-08	100 шт	Установка пластиковых вентиляционных решеток площадью в свету до 0,05 м2
ГЭСН	20	20-02-003	Установка решеток жалюзийных стальных	20-02-003-01	шт	Установка решеток жалюзийных стальных: неподвижных односекционных, размер 150х490 мм
ГЭСН	20	20-02-003	Установка решеток жалюзийных стальных	20-02-003-02	шт	Установка решеток жалюзийных стальных: неподвижных односекционных, размер 150х580 мм
ГЭСН	20	20-02-003	Установка решеток жалюзийных стальных	20-02-003-03	шт	Установка решеток жалюзийных стальных: штампованных нерегулируемых (РШ), номер 150, размер 200х200 мм
ГЭСН	20	20-02-003	Установка решеток жалюзийных стальных	20-02-003-04	шт	Установка решеток жалюзийных стальных: штампованных нерегулируемых (РШ), номер 200, размер 252х252 мм
ГЭСН	20	20-02-003	Установка решеток жалюзийных стальных	20-02-003-05	шт	Установка решеток жалюзийных стальных: регулирующих (РР), номер 1, размер 100 х200 мм
ГЭСН	20	20-02-003	Установка решеток жалюзийных стальных	20-02-003-06	шт	Установка решеток жалюзийных стальных: регулирующих (РР), номер 2, размер 100 х400 мм
ГЭСН	20	20-02-003	Установка решеток жалюзийных стальных	20-02-003-07	шт	Установка решеток жалюзийных стальных: регулирующих (РР), номер 3, размер 200 х200 мм
ГЭСН	20	20-02-003	Установка решеток жалюзийных стальных	20-02-003-08	шт	Установка решеток жалюзийных стальных: регулирующих (РР), номер 4, размер 200 х400 мм
ГЭСН	20	20-02-003	Установка решеток жалюзийных стальных	20-02-003-09	шт	Установка решеток жалюзийных стальных: регулирующих (РР), номер 5, размер 200 х600 мм
ГЭСН	20	20-02-003	Установка решеток жалюзийных стальных	20-02-003-10	шт	Установка решеток жалюзийных стальных: щелевых регулирующих (Р), номер 150, размер 150х150 мм
ГЭСН	20	20-02-003	Установка решеток жалюзийных стальных	20-02-003-11	шт	Установка решеток жалюзийных стальных: щелевых регулирующих (Р), номер 200, размер 200х200 мм
ГЭСН	20	20-02-004	Установка клапанов	20-02-004-01	шт	Установка клапанов обратных: диаметром до 355 мм
ГЭСН	20	20-02-004	Установка клапанов	20-02-004-02	шт	Установка клапанов обратных: диаметром до 560 мм
ГЭСН	20	20-02-004	Установка клапанов	20-02-004-03	шт	Установка клапанов обратных: диаметром до 800 мм
ГЭСН	20	20-02-004	Установка клапанов	20-02-004-04	шт	Установка клапанов обратных: диаметром до 1000 мм
ГЭСН	20	20-02-004	Установка клапанов	20-02-004-05	шт	Установка клапанов обратных: периметром до 1000 мм
ГЭСН	20	20-02-004	Установка клапанов	20-02-004-06	шт	Установка клапанов обратных: периметром до 1600 мм
ГЭСН	20	20-02-004	Установка клапанов	20-02-004-07	шт	Установка клапанов обратных: периметром до 2400 мм
ГЭСН	20	20-02-004	Установка клапанов	20-02-004-08	шт	Установка клапанов обратных: периметром до 3200 мм
ГЭСН	20	20-02-004	Установка клапанов	20-02-004-09	шт	Установка клапанов обратных: периметром до 4500 мм
ГЭСН	20	20-02-004	Установка клапанов	20-02-004-10	шт	Установка клапанов: лепестковых к осевым вентиляторам до 4 номера
ГЭСН	20	20-02-004	Установка клапанов	20-02-004-11	шт	Установка клапанов: лепестковых к осевым вентиляторам до 5 номера
ГЭСН	20	20-02-004	Установка клапанов	20-02-004-12	шт	Установка клапанов: лепестковых к осевым вентиляторам до 8 номера
ГЭСН	20	20-02-004	Установка клапанов	20-02-004-13	шт	Установка клапанов: лепестковых к осевым вентиляторам до 12,5 номера
ГЭСН	20	20-02-004	Установка клапанов	20-02-004-14	шт	Установка клапанов: перекидных утепленных в шахте
ГЭСН	20	20-02-004	Установка клапанов	20-02-004-15	шт	Установка клапанов: огнезадерживающих с ручной регулировкой периметром до 1600 мм
ГЭСН	20	20-02-004	Установка клапанов	20-02-004-16	шт	Установка клапанов: огнезадерживающих с ручной регулировкой периметром до 3200 мм
ГЭСН	20	20-02-004	Установка клапанов	20-02-004-17	шт	Установка клапанов: огнезадерживающих с ручной регулировкой периметром до 4500 мм
ГЭСН	20	20-02-004	Установка клапанов	20-02-004-18	шт	Установка клапанов: перекидных периметром до 1000 мм
ГЭСН	20	20-02-004	Установка клапанов	20-02-004-19	шт	Установка клапанов: перекидных периметром до 1600 мм
ГЭСН	20	20-02-004	Установка клапанов	20-02-004-20	шт	Установка клапанов: перекидных периметром до 2000 мм
ГЭСН	20	20-02-004	Установка клапанов	20-02-004-21	шт	Установка клапанов: перекидных периметром до 3600 мм
ГЭСН	20	20-02-004	Установка клапанов	20-02-004-22	шт	Установка клапанов: перекидных периметром до 4000 мм
ГЭСН	20	20-02-005	Установка заслонок воздушных и клапанов воздушных КВР с ручным приводом	20-02-005-01	шт	Установка заслонок воздушных и клапанов воздушных КВР с ручным приводом: диаметром до 250 мм
ГЭСН	20	20-02-005	Установка заслонок воздушных и клапанов воздушных КВР с ручным приводом	20-02-005-02	шт	Установка заслонок воздушных и клапанов воздушных КВР с ручным приводом: диаметром до 355 мм
ГЭСН	20	20-02-005	Установка заслонок воздушных и клапанов воздушных КВР с ручным приводом	20-02-005-03	шт	Установка заслонок воздушных и клапанов воздушных КВР с ручным приводом: диаметром до 560 мм
ГЭСН	20	20-02-005	Установка заслонок воздушных и клапанов воздушных КВР с ручным приводом	20-02-005-04	шт	Установка заслонок воздушных и клапанов воздушных КВР с ручным приводом: диаметром до 800 мм
ГЭСН	20	20-02-005	Установка заслонок воздушных и клапанов воздушных КВР с ручным приводом	20-02-005-05	шт	Установка заслонок воздушных и клапанов воздушных КВР с ручным приводом: диаметром до 1000 мм
ГЭСН	20	20-02-005	Установка заслонок воздушных и клапанов воздушных КВР с ручным приводом	20-02-005-06	шт	Установка заслонок воздушных и клапанов воздушных КВР с ручным приводом: периметром до 1000 мм
ГЭСН	20	20-02-005	Установка заслонок воздушных и клапанов воздушных КВР с ручным приводом	20-02-005-07	шт	Установка заслонок воздушных и клапанов воздушных КВР с ручным приводом: периметром до 1600 мм
ГЭСН	20	20-02-005	Установка заслонок воздушных и клапанов воздушных КВР с ручным приводом	20-02-005-08	шт	Установка заслонок воздушных и клапанов воздушных КВР с ручным приводом: периметром до 2400 мм
ГЭСН	20	20-02-005	Установка заслонок воздушных и клапанов воздушных КВР с ручным приводом	20-02-005-09	шт	Установка заслонок воздушных и клапанов воздушных КВР с ручным приводом: периметром до 4000 мм
ГЭСН	20	20-02-006	Установка заслонок воздушных и клапанов воздушных КВР с электрическим или пневматическим приводом	20-02-006-01	шт	Установка заслонок воздушных и клапанов воздушных КВР с электрическим или пневматическим приводом: диаметром до 250 мм
ГЭСН	20	20-02-006	Установка заслонок воздушных и клапанов воздушных КВР с электрическим или пневматическим приводом	20-02-006-02	шт	Установка заслонок воздушных и клапанов воздушных КВР с электрическим или пневматическим приводом: диаметром до 355 мм
ГЭСН	20	20-02-006	Установка заслонок воздушных и клапанов воздушных КВР с электрическим или пневматическим приводом	20-02-006-03	шт	Установка заслонок воздушных и клапанов воздушных КВР с электрическим или пневматическим приводом: диаметром до 560 мм
ГЭСН	20	20-02-006	Установка заслонок воздушных и клапанов воздушных КВР с электрическим или пневматическим приводом	20-02-006-04	шт	Установка заслонок воздушных и клапанов воздушных КВР с электрическим или пневматическим приводом: диаметром до 800 мм
ГЭСН	20	20-02-006	Установка заслонок воздушных и клапанов воздушных КВР с электрическим или пневматическим приводом	20-02-006-05	шт	Установка заслонок воздушных и клапанов воздушных КВР с электрическим или пневматическим приводом: диаметром до 1000 мм
ГЭСН	20	20-02-006	Установка заслонок воздушных и клапанов воздушных КВР с электрическим или пневматическим приводом	20-02-006-06	шт	Установка заслонок воздушных и клапанов воздушных КВР с электрическим или пневматическим приводом: периметром до 1000 мм
ГЭСН	20	20-02-006	Установка заслонок воздушных и клапанов воздушных КВР с электрическим или пневматическим приводом	20-02-006-07	шт	Установка заслонок воздушных и клапанов воздушных КВР с электрическим или пневматическим приводом: периметром до 1600 мм
ГЭСН	20	20-02-006	Установка заслонок воздушных и клапанов воздушных КВР с электрическим или пневматическим приводом	20-02-006-08	шт	Установка заслонок воздушных и клапанов воздушных КВР с электрическим или пневматическим приводом: периметром до 2400 мм
ГЭСН	20	20-02-006	Установка заслонок воздушных и клапанов воздушных КВР с электрическим или пневматическим приводом	20-02-006-09	шт	Установка заслонок воздушных и клапанов воздушных КВР с электрическим или пневматическим приводом: периметром до 4000 мм
ГЭСН	20	20-02-007	Установка клапанов воздушных утепленных КВУ с электрическим или пневматическим приводом	20-02-007-01	шт	Установка клапанов воздушных утепленных КВУ с электрическим или пневматическим приводом периметром: до 3200 мм
ГЭСН	20	20-02-007	Установка клапанов воздушных утепленных КВУ с электрическим или пневматическим приводом	20-02-007-02	шт	Установка клапанов воздушных утепленных КВУ с электрическим или пневматическим приводом периметром: до 5600 мм
ГЭСН	20	20-02-007	Установка клапанов воздушных утепленных КВУ с электрическим или пневматическим приводом	20-02-007-03	шт	Установка клапанов воздушных утепленных КВУ с электрическим или пневматическим приводом периметром: до 6800 мм
ГЭСН	20	20-02-007	Установка клапанов воздушных утепленных КВУ с электрическим или пневматическим приводом	20-02-007-04	шт	Установка клапанов воздушных утепленных КВУ с электрическим или пневматическим приводом периметром: до 7600 мм
ГЭСН	20	20-02-008	Установка отсосов	20-02-008-01	100 кг	Установка отсосов от оборудования
ГЭСН	20	20-02-008	Установка отсосов	20-02-008-02	100 кг	Установка отсосов бортовых
ГЭСН	20	20-02-009	Установка зонтов над шахтами из листовой и оцинкованной стали круглого сечения	20-02-009-01	шт	Установка зонтов над шахтами из листовой стали круглого сечения диаметром: 200 мм
ГЭСН	20	20-02-009	Установка зонтов над шахтами из листовой и оцинкованной стали круглого сечения	20-02-009-02	шт	Установка зонтов над шахтами из листовой стали круглого сечения диаметром: 250 мм
ГЭСН	20	20-02-009	Установка зонтов над шахтами из листовой и оцинкованной стали круглого сечения	20-02-009-03	шт	Установка зонтов над шахтами из листовой стали круглого сечения диаметром: 315 мм
ГЭСН	20	20-02-009	Установка зонтов над шахтами из листовой и оцинкованной стали круглого сечения	20-02-009-04	шт	Установка зонтов над шахтами из листовой стали круглого сечения диаметром: 400 мм
ГЭСН	20	20-02-009	Установка зонтов над шахтами из листовой и оцинкованной стали круглого сечения	20-02-009-05	шт	Установка зонтов над шахтами из листовой стали круглого сечения диаметром: 450 мм
ГЭСН	20	20-02-009	Установка зонтов над шахтами из листовой и оцинкованной стали круглого сечения	20-02-009-06	шт	Установка зонтов над шахтами из листовой стали круглого сечения диаметром: 500 мм
ГЭСН	20	20-02-009	Установка зонтов над шахтами из листовой и оцинкованной стали круглого сечения	20-02-009-07	шт	Установка зонтов над шахтами из листовой стали круглого сечения диаметром: 630 мм
ГЭСН	20	20-02-009	Установка зонтов над шахтами из листовой и оцинкованной стали круглого сечения	20-02-009-08	шт	Установка зонтов над шахтами из листовой стали круглого сечения диаметром: 710 мм
ГЭСН	20	20-02-009	Установка зонтов над шахтами из листовой и оцинкованной стали круглого сечения	20-02-009-09	шт	Установка зонтов над шахтами из листовой стали круглого сечения диаметром: 800 мм
ГЭСН	20	20-02-009	Установка зонтов над шахтами из листовой и оцинкованной стали круглого сечения	20-02-009-10	шт	Установка зонтов над шахтами из листовой стали круглого сечения диаметром: 1000 мм
ГЭСН	20	20-02-009	Установка зонтов над шахтами из листовой и оцинкованной стали круглого сечения	20-02-009-11	шт	Установка зонтов над шахтами из листовой стали круглого сечения диаметром: 1250 мм
ГЭСН	20	20-02-010	Установка зонтов над шахтами из листовой и оцинкованной стали прямоугольного сечения	20-02-010-01	шт	Установка зонтов над шахтами из листовой стали прямоугольного сечения периметром: 1000 мм
ГЭСН	20	20-02-010	Установка зонтов над шахтами из листовой и оцинкованной стали прямоугольного сечения	20-02-010-02	шт	Установка зонтов над шахтами из листовой стали прямоугольного сечения периметром: 1300 мм
ГЭСН	20	20-02-010	Установка зонтов над шахтами из листовой и оцинкованной стали прямоугольного сечения	20-02-010-03	шт	Установка зонтов над шахтами из листовой стали прямоугольного сечения периметром: 1600 мм
ГЭСН	20	20-02-010	Установка зонтов над шахтами из листовой и оцинкованной стали прямоугольного сечения	20-02-010-04	шт	Установка зонтов над шахтами из листовой стали прямоугольного сечения периметром: 2000 мм
ГЭСН	20	20-02-010	Установка зонтов над шахтами из листовой и оцинкованной стали прямоугольного сечения	20-02-010-05	шт	Установка зонтов над шахтами из листовой стали прямоугольного сечения периметром: 2600 мм
ГЭСН	20	20-02-010	Установка зонтов над шахтами из листовой и оцинкованной стали прямоугольного сечения	20-02-010-06	шт	Установка зонтов над шахтами из листовой стали прямоугольного сечения периметром: 3200 мм
ГЭСН	20	20-02-010	Установка зонтов над шахтами из листовой и оцинкованной стали прямоугольного сечения	20-02-010-07	шт	Установка зонтов над шахтами из листовой стали прямоугольного сечения периметром: 3600 мм
ГЭСН	20	20-02-010	Установка зонтов над шахтами из листовой и оцинкованной стали прямоугольного сечения	20-02-010-08	шт	Установка зонтов над шахтами из листовой стали прямоугольного сечения периметром: 4000 мм
ГЭСН	20	20-02-011	Установка зонтов над оборудованием	20-02-011-01	м2	Установка зонтов над оборудованием
ГЭСН	20	20-02-012	Установка дефлекторов	20-02-012-01	шт	Установка дефлекторов диаметром патрубка: 280 мм
ГЭСН	20	20-02-012	Установка дефлекторов	20-02-012-02	шт	Установка дефлекторов диаметром патрубка: 400 мм
ГЭСН	20	20-02-012	Установка дефлекторов	20-02-012-03	шт	Установка дефлекторов диаметром патрубка: 500 мм
ГЭСН	20	20-02-012	Установка дефлекторов	20-02-012-04	шт	Установка дефлекторов диаметром патрубка: 630 мм
ГЭСН	20	20-02-012	Установка дефлекторов	20-02-012-05	шт	Установка дефлекторов диаметром патрубка: 710 мм
ГЭСН	20	20-02-012	Установка дефлекторов	20-02-012-06	шт	Установка дефлекторов диаметром патрубка: 800 мм
ГЭСН	20	20-02-012	Установка дефлекторов	20-02-012-07	шт	Установка дефлекторов диаметром патрубка: 900 мм
ГЭСН	20	20-02-012	Установка дефлекторов	20-02-012-08	шт	Установка дефлекторов диаметром патрубка: 1000 мм
ГЭСН	20	20-02-013	Установка узлов прохода вытяжных вентиляционных шахт	20-02-013-01	10 шт	Установка узлов прохода вытяжных вентиляционных шахт диаметром патрубка: до 250 мм
ГЭСН	20	20-02-013	Установка узлов прохода вытяжных вентиляционных шахт	20-02-013-02	10 шт	Установка узлов прохода вытяжных вентиляционных шахт диаметром патрубка: до 355 мм
ГЭСН	20	20-02-013	Установка узлов прохода вытяжных вентиляционных шахт	20-02-013-03	10 шт	Установка узлов прохода вытяжных вентиляционных шахт диаметром патрубка: до 560 мм
ГЭСН	20	20-02-013	Установка узлов прохода вытяжных вентиляционных шахт	20-02-013-04	10 шт	Установка узлов прохода вытяжных вентиляционных шахт диаметром патрубка: до 800 мм
ГЭСН	20	20-02-013	Установка узлов прохода вытяжных вентиляционных шахт	20-02-013-05	10 шт	Установка узлов прохода вытяжных вентиляционных шахт диаметром патрубка: до 1000 мм
ГЭСН	20	20-02-013	Установка узлов прохода вытяжных вентиляционных шахт	20-02-013-06	10 шт	Установка узлов прохода вытяжных вентиляционных шахт диаметром патрубка: до 1250 мм
ГЭСН	20	20-02-014	Установка глушителей шума вентиляционных установок трубчатых круглого сечения типа ГТК	20-02-014-01	шт	Установка шумоглушителей вентиляционных трубчатых круглого сечения типа: ГТК 1-1, диаметр обечайки 125 мм
ГЭСН	20	20-02-014	Установка глушителей шума вентиляционных установок трубчатых круглого сечения типа ГТК	20-02-014-02	шт	Установка шумоглушителей вентиляционных трубчатых круглого сечения типа: ГТК 1-2, диаметр обечайки 200 мм
ГЭСН	20	20-02-014	Установка глушителей шума вентиляционных установок трубчатых круглого сечения типа ГТК	20-02-014-03	шт	Установка шумоглушителей вентиляционных трубчатых круглого сечения типа: ГТК 1-3, диаметр обечайки 250 мм
ГЭСН	20	20-02-014	Установка глушителей шума вентиляционных установок трубчатых круглого сечения типа ГТК	20-02-014-04	шт	Установка шумоглушителей вентиляционных трубчатых круглого сечения типа: ГТК 1-4, диаметр обечайки 315 мм
ГЭСН	20	20-02-014	Установка глушителей шума вентиляционных установок трубчатых круглого сечения типа ГТК	20-02-014-05	шт	Установка шумоглушителей вентиляционных трубчатых круглого сечения типа: ГТК 1-5, диаметр обечайки 400 мм
ГЭСН	20	20-02-014	Установка глушителей шума вентиляционных установок трубчатых круглого сечения типа ГТК	20-02-014-06	шт	Установка шумоглушителей вентиляционных трубчатых круглого сечения типа: ГТК 1-6, диаметр обечайки 500 мм
ГЭСН	20	20-02-014	Установка глушителей шума вентиляционных установок трубчатых круглого сечения типа ГТК	20-02-014-07	шт	Установка шумоглушителей вентиляционных трубчатых круглого сечения типа: ГТК 2-1, диаметр обечайки 125 мм
ГЭСН	20	20-02-014	Установка глушителей шума вентиляционных установок трубчатых круглого сечения типа ГТК	20-02-014-08	шт	Установка шумоглушителей вентиляционных трубчатых круглого сечения типа: ГТК 2-2, диаметр обечайки 200 мм
ГЭСН	20	20-02-014	Установка глушителей шума вентиляционных установок трубчатых круглого сечения типа ГТК	20-02-014-09	шт	Установка шумоглушителей вентиляционных трубчатых круглого сечения типа: ГТК 2-3, диаметр обечайки 250 мм
ГЭСН	20	20-02-014	Установка глушителей шума вентиляционных установок трубчатых круглого сечения типа ГТК	20-02-014-10	шт	Установка шумоглушителей вентиляционных трубчатых круглого сечения типа: ГТК 2-4, диаметр обечайки 315 мм
ГЭСН	20	20-02-014	Установка глушителей шума вентиляционных установок трубчатых круглого сечения типа ГТК	20-02-014-11	шт	Установка шумоглушителей вентиляционных трубчатых круглого сечения типа: ГТК 2-5, диаметр обечайки 400 мм
ГЭСН	20	20-02-014	Установка глушителей шума вентиляционных установок трубчатых круглого сечения типа ГТК	20-02-014-12	шт	Установка шумоглушителей вентиляционных трубчатых круглого сечения типа: ГТК 2-6, диаметр обечайки 500 мм
ГЭСН	20	20-02-015	Установка глушителей шума вентиляционных установок трубчатых типа ГТП	20-02-015-01	шт	Установка шумоглушителей вентиляционных трубчатых типа: ГТП 1-1 сечением 200х100 мм
ГЭСН	20	20-02-015	Установка глушителей шума вентиляционных установок трубчатых типа ГТП	20-02-015-02	шт	Установка шумоглушителей вентиляционных трубчатых типа: ГТП 1-2 сечением 300х200 мм
ГЭСН	20	20-02-015	Установка глушителей шума вентиляционных установок трубчатых типа ГТП	20-02-015-03	шт	Установка шумоглушителей вентиляционных трубчатых типа: ГТП 1-3 сечением 400х200 мм
ГЭСН	20	20-02-015	Установка глушителей шума вентиляционных установок трубчатых типа ГТП	20-02-015-04	шт	Установка шумоглушителей вентиляционных трубчатых типа: ГТП 1-4 сечением 400х300 мм
ГЭСН	20	20-02-015	Установка глушителей шума вентиляционных установок трубчатых типа ГТП	20-02-015-05	шт	Установка шумоглушителей вентиляционных трубчатых типа: ГТП 1-5 сечением 400х400 мм
ГЭСН	20	20-02-015	Установка глушителей шума вентиляционных установок трубчатых типа ГТП	20-02-015-06	шт	Установка шумоглушителей вентиляционных трубчатых типа: ГТП 2-1 сечением 200х100 мм
ГЭСН	20	20-02-015	Установка глушителей шума вентиляционных установок трубчатых типа ГТП	20-02-015-07	шт	Установка шумоглушителей вентиляционных трубчатых типа: ГТП 2-2 сечением 300х200 мм
ГЭСН	20	20-02-015	Установка глушителей шума вентиляционных установок трубчатых типа ГТП	20-02-015-08	шт	Установка шумоглушителей вентиляционных трубчатых типа: ГТП 2-3 сечением 400х200 мм
ГЭСН	20	20-02-015	Установка глушителей шума вентиляционных установок трубчатых типа ГТП	20-02-015-09	шт	Установка шумоглушителей вентиляционных трубчатых типа: ГТП 2-4 сечением 400х300 мм
ГЭСН	20	20-02-015	Установка глушителей шума вентиляционных установок трубчатых типа ГТП	20-02-015-10	шт	Установка шумоглушителей вентиляционных трубчатых типа: ГТП 2-5 сечением 400х400 мм
ГЭСН	20	20-02-016	Установка глушителей шума вентиляционных установок пластинчатых	20-02-016-01	шт	Установка пластин глушителей шума вентиляционных установок пластинчатых типа: ПП 1-1, ВП 1-1, размер пластин 100х500х750 мм
ГЭСН	20	20-02-016	Установка глушителей шума вентиляционных установок пластинчатых	20-02-016-02	шт	Установка пластин глушителей шума вентиляционных установок пластинчатых типа: ПП 1-2, ВП 1-2, размер пластин 100х500х1000 мм
ГЭСН	20	20-02-016	Установка глушителей шума вентиляционных установок пластинчатых	20-02-016-03	шт	Установка пластин глушителей шума вентиляционных установок пластинчатых типа: ПП 1-3, ВП 1-3, размер пластин 100х1000х1000 мм
ГЭСН	20	20-02-016	Установка глушителей шума вентиляционных установок пластинчатых	20-02-016-04	шт	Установка пластин глушителей шума вентиляционных установок пластинчатых типа: ПП 2-1, ВП 2-1, размер пластин 200х500х750 мм
ГЭСН	20	20-02-016	Установка глушителей шума вентиляционных установок пластинчатых	20-02-016-05	шт	Установка пластин глушителей шума вентиляционных установок пластинчатых типа: ПП 2-2, ВП 2-2, размер пластин 200х500х1000 мм
ГЭСН	20	20-02-016	Установка глушителей шума вентиляционных установок пластинчатых	20-02-016-06	шт	Установка пластин глушителей шума вентиляционных установок пластинчатых типа: ПП 2-3, ВП 2-3, размер пластин 200х1000х1000 мм
ГЭСН	20	20-02-016	Установка глушителей шума вентиляционных установок пластинчатых	20-02-016-07	шт	Установка пластин глушителей шума вентиляционных установок пластинчатых типа: ПП 3-1, ВП 3-1, размер пластин 400х500х750 мм
ГЭСН	20	20-02-016	Установка глушителей шума вентиляционных установок пластинчатых	20-02-016-08	шт	Установка пластин глушителей шума вентиляционных установок пластинчатых типа: ПП 3-2, ВП 3-2, размер пластин 400х500х1000 мм
ГЭСН	20	20-02-016	Установка глушителей шума вентиляционных установок пластинчатых	20-02-016-09	шт	Установка пластин глушителей шума вентиляционных установок пластинчатых типа: ПП 3-3, ВП 3-3, размер пластин 400х1000х1000 мм
ГЭСН	20	20-02-017	Установка дверей и люков герметических	20-02-017-01	шт	Установка дверей герметических
ГЭСН	20	20-02-017	Установка дверей и люков герметических	20-02-017-07	шт	Установка люков герметических
ГЭСН	20	20-02-018	Установка вставок гибких к радиальным вентиляторам	20-02-018-01	м2	Установка вставок гибких к радиальным вентиляторам
ГЭСН	20	20-02-019	Установка кронштейнов под вентиляционное оборудование	20-02-019-01	100 кг	Установка кронштейнов под вентиляционное оборудование
ГЭСН	20	20-02-020	Установка виброизоляторов	20-02-020-01	10 шт	Установка виброизолятора: номер 38
ГЭСН	20	20-02-020	Установка виброизоляторов	20-02-020-02	10 шт	Установка виброизолятора: номер 39
ГЭСН	20	20-02-020	Установка виброизоляторов	20-02-020-03	10 шт	Установка виброизолятора: номер 40
ГЭСН	20	20-02-020	Установка виброизоляторов	20-02-020-04	10 шт	Установка виброизолятора: номер 41
ГЭСН	20	20-02-020	Установка виброизоляторов	20-02-020-05	10 шт	Установка виброизолятора: номер 42
ГЭСН	20	20-02-020	Установка виброизоляторов	20-02-020-06	10 шт	Установка виброизолятора: номер 43
ГЭСН	20	20-02-020	Установка виброизоляторов	20-02-020-07	10 шт	Установка виброизолятора: номер 44
ГЭСН	20	20-02-020	Установка виброизоляторов	20-02-020-08	10 шт	Установка виброизолятора: номер 45
ГЭСН	20	20-03-001	Установка вентиляторов радиальных	20-03-001-01	шт	Установка вентиляторов радиальных массой: до 0,05 т
ГЭСН	20	20-03-001	Установка вентиляторов радиальных	20-03-001-02	шт	Установка вентиляторов радиальных массой: свыше 0,05 до 0,12 т
ГЭСН	20	20-03-001	Установка вентиляторов радиальных	20-03-001-03	шт	Установка вентиляторов радиальных массой: свыше 0,12 до 0,2 т
ГЭСН	20	20-03-001	Установка вентиляторов радиальных	20-03-001-04	шт	Установка вентиляторов радиальных массой: свыше 0,2 до 0,4 т
ГЭСН	20	20-03-001	Установка вентиляторов радиальных	20-03-001-05	шт	Установка вентиляторов радиальных массой: свыше 0,4 до 0,6 т
ГЭСН	20	20-03-001	Установка вентиляторов радиальных	20-03-001-06	шт	Установка вентиляторов радиальных массой: свыше 0,6 до 0,9 т
ГЭСН	20	20-03-001	Установка вентиляторов радиальных	20-03-001-07	шт	Установка вентиляторов радиальных массой: свыше 0,9 до 1,1 т
ГЭСН	20	20-03-001	Установка вентиляторов радиальных	20-03-001-08	шт	Установка вентиляторов радиальных массой: свыше 1,1 до 2 т
ГЭСН	20	20-03-001	Установка вентиляторов радиальных	20-03-001-09	шт	Установка вентиляторов радиальных массой: свыше 2 до 2,5 т
ГЭСН	20	20-03-001	Установка вентиляторов радиальных	20-03-001-10	шт	Установка вентиляторов радиальных массой: свыше 2,5 до 3,5 т
ГЭСН	20	20-03-001	Установка вентиляторов радиальных	20-03-001-11	шт	Установка вентиляторов радиальных с клиноременным приводом массой: до 0,12 т
ГЭСН	20	20-03-001	Установка вентиляторов радиальных	20-03-001-12	шт	Установка вентиляторов радиальных с клиноременным приводом массой: свыше 0,12 до 0,2 т
ГЭСН	20	20-03-001	Установка вентиляторов радиальных	20-03-001-13	шт	Установка вентиляторов радиальных с клиноременным приводом массой: свыше 0,2 до 0,4 т
ГЭСН	20	20-03-001	Установка вентиляторов радиальных	20-03-001-14	шт	Установка вентиляторов радиальных с клиноременным приводом массой: свыше 0,4 до 0,6 т
ГЭСН	20	20-03-001	Установка вентиляторов радиальных	20-03-001-15	шт	Установка вентиляторов радиальных с клиноременным приводом массой: свыше 0,6 до 0,9 т
ГЭСН	20	20-03-001	Установка вентиляторов радиальных	20-03-001-16	шт	Установка вентиляторов радиальных с клиноременным приводом массой: свыше 0,9 до 2 т
ГЭСН	20	20-03-002	Установка вентиляторов осевых	20-03-002-01	шт	Установка вентиляторов осевых массой: до 0,025 т
ГЭСН	20	20-03-002	Установка вентиляторов осевых	20-03-002-02	шт	Установка вентиляторов осевых массой: до 0,05 т
ГЭСН	20	20-03-002	Установка вентиляторов осевых	20-03-002-03	шт	Установка вентиляторов осевых массой: до 0,1 т
ГЭСН	20	20-03-002	Установка вентиляторов осевых	20-03-002-04	шт	Установка вентиляторов осевых массой: до 0,2 т
ГЭСН	20	20-03-002	Установка вентиляторов осевых	20-03-002-05	шт	Установка вентиляторов осевых массой: до 0,3 т
ГЭСН	20	20-03-002	Установка вентиляторов осевых	20-03-002-06	шт	Установка вентиляторов осевых массой: до 0,6 т
ГЭСН	20	20-03-003	Установка вентиляторов крышных	20-03-003-01	шт	Установка вентиляторов крышных массой: до 0,1 т
ГЭСН	20	20-03-003	Установка вентиляторов крышных	20-03-003-02	шт	Установка вентиляторов крышных массой: до 0,2 т
ГЭСН	20	20-03-003	Установка вентиляторов крышных	20-03-003-03	шт	Установка вентиляторов крышных массой: до 0,4 т
ГЭСН	20	20-03-003	Установка вентиляторов крышных	20-03-003-04	шт	Установка вентиляторов крышных массой: до 0,7 т
ГЭСН	20	20-03-004	Установка агрегатов вентиляционных пылеулавливающих	20-03-004-01	шт	Установка агрегатов вентиляционных пылеулавливающих
ГЭСН	20	20-03-005	Установка канальных вентиляторов	20-03-005-01	шт	Установка канальных вентиляторов массой до 10 кг
ГЭСН	20	20-04-001	Установка агрегатов воздушно-отопительных	20-04-001-01	шт	Установка агрегатов воздушно-отопительных массой: до 0,25 т
ГЭСН	20	20-04-001	Установка агрегатов воздушно-отопительных	20-04-001-02	шт	Установка агрегатов воздушно-отопительных массой: до 0,4 т
ГЭСН	20	20-04-001	Установка агрегатов воздушно-отопительных	20-04-001-03	шт	Установка агрегатов воздушно-отопительных массой: до 0,8 т
ГЭСН	20	20-04-002	Установка калориферов	20-04-002-01	шт	Установка калориферов массой: до 0,1 т
ГЭСН	20	20-04-002	Установка калориферов	20-04-002-02	шт	Установка калориферов массой: до 0,2 т
ГЭСН	20	20-04-002	Установка калориферов	20-04-002-03	шт	Установка калориферов массой: до 0,3 т
ГЭСН	20	20-04-002	Установка калориферов	20-04-002-04	шт	Установка калориферов массой: до 0,4 т
ГЭСН	20	20-04-002	Установка калориферов	20-04-002-05	шт	Установка калориферов массой: до 0,5 т
ГЭСН	20	20-04-002	Установка калориферов	20-04-002-06	шт	Установка калориферов массой: до 0,6 т
ГЭСН	20	20-05-001	Установка фильтров	20-05-001-01	м2	Установка фильтров ячейковых
ГЭСН	20	20-05-001	Установка фильтров	20-05-001-02	м2	Установка фильтров аэрозольных
ГЭСН	20	20-05-002	Установка скрубберов	20-05-002-01	10 шт	Установка скрубберов массой: до 0,15 т
ГЭСН	20	20-05-002	Установка скрубберов	20-05-002-02	10 шт	Установка скрубберов массой: до 0,3 т
ГЭСН	20	20-05-002	Установка скрубберов	20-05-002-03	10 шт	Установка скрубберов массой: до 0,45 т
ГЭСН	20	20-05-003	Установка циклонов	20-05-003-01	10 шт	Установка циклонов массой: до 0,3 т
ГЭСН	20	20-05-003	Установка циклонов	20-05-003-02	10 шт	Установка циклонов массой: до 0,5 т
ГЭСН	20	20-05-003	Установка циклонов	20-05-003-03	10 шт	Установка циклонов массой: до 1 т
ГЭСН	20	20-05-003	Установка циклонов	20-05-003-04	10 шт	Установка циклонов массой: до 1,2 т
ГЭСН	20	20-05-003	Установка циклонов	20-05-003-05	10 шт	Установка циклонов массой: до 3 т
ГЭСН	20	20-05-003	Установка циклонов	20-05-003-06	10 шт	Установка циклонов массой: до 6 т
ГЭСН	20	20-05-003	Установка циклонов	20-05-003-07	10 шт	Установка циклонов массой: более 6 т
ГЭСН	20	20-06-001	Установка кондиционеров доводчиков эжекционных	20-06-001-01	10 шт	Установка кондиционеров доводчиков эжекционных
ГЭСН	20	20-06-002	Установка камер приточных типовых	20-06-002-01	шт	Установка камер приточных типовых: без секции орошения производительностью до 10 тыс.м3/час
ГЭСН	20	20-06-002	Установка камер приточных типовых	20-06-002-02	шт	Установка камер приточных типовых: без секции орошения производительностью до 20 тыс.м3/час
ГЭСН	20	20-06-002	Установка камер приточных типовых	20-06-002-03	шт	Установка камер приточных типовых: без секции орошения производительностью до 31,5 тыс.м3/час
ГЭСН	20	20-06-002	Установка камер приточных типовых	20-06-002-04	шт	Установка камер приточных типовых: без секции орошения производительностью до 40 тыс.м3/час
ГЭСН	20	20-06-002	Установка камер приточных типовых	20-06-002-05	шт	Установка камер приточных типовых: без секции орошения производительностью до 63 тыс.м3/час
ГЭСН	20	20-06-002	Установка камер приточных типовых	20-06-002-06	шт	Установка камер приточных типовых: без секции орошения производительностью до 80 тыс.м3/час
ГЭСН	20	20-06-002	Установка камер приточных типовых	20-06-002-07	шт	Установка камер приточных типовых: без секции орошения производительностью до 125 тыс.м3/час
ГЭСН	20	20-06-002	Установка камер приточных типовых	20-06-002-08	шт	Установка камер приточных типовых: без секции орошения производительностью до 150 тыс.м3/час
ГЭСН	20	20-06-002	Установка камер приточных типовых	20-06-002-09	шт	Установка камер приточных типовых: с секцией орошения производительностью до 10 тыс.м3/час
ГЭСН	20	20-06-002	Установка камер приточных типовых	20-06-002-10	шт	Установка камер приточных типовых: с секцией орошения производительностью до 20 тыс.м3/час
ГЭСН	20	20-06-002	Установка камер приточных типовых	20-06-002-11	шт	Установка камер приточных типовых: с секцией орошения производительностью до 31,5 тыс.м3/час
ГЭСН	20	20-06-002	Установка камер приточных типовых	20-06-002-12	шт	Установка камер приточных типовых: с секцией орошения производительностью до 40 тыс.м3/час
ГЭСН	20	20-06-002	Установка камер приточных типовых	20-06-002-13	шт	Установка камер приточных типовых: с секцией орошения производительностью до 63 тыс.м3/час
ГЭСН	20	20-06-002	Установка камер приточных типовых	20-06-002-14	шт	Установка камер приточных типовых: с секцией орошения производительностью до 80 тыс.м3/час
ГЭСН	20	20-06-002	Установка камер приточных типовых	20-06-002-15	шт	Установка камер приточных типовых: с секцией орошения производительностью до 125 тыс.м3/час
ГЭСН	20	20-06-002	Установка камер приточных типовых	20-06-002-16	шт	Установка камер приточных типовых: с секцией орошения производительностью до 150 тыс.м3/час
ГЭСН	20	20-06-003	Установка камер орошения	20-06-003-01	10 шт	Установка камер орошения производительностью: до 10 тыс.м3/час
ГЭСН	20	20-06-003	Установка камер орошения	20-06-003-02	10 шт	Установка камер орошения производительностью: до 20 тыс.м3/час
ГЭСН	20	20-06-003	Установка камер орошения	20-06-003-03	10 шт	Установка камер орошения производительностью: до 31,5 тыс.м3/час
ГЭСН	20	20-06-003	Установка камер орошения	20-06-003-04	10 шт	Установка камер орошения производительностью: до 40 тыс.м3/час
ГЭСН	20	20-06-003	Установка камер орошения	20-06-003-05	10 шт	Установка камер орошения производительностью: до 63 тыс.м3/час
ГЭСН	20	20-06-003	Установка камер орошения	20-06-003-06	10 шт	Установка камер орошения производительностью: до 80 тыс.м3/час
ГЭСН	20	20-06-003	Установка камер орошения	20-06-003-07	10 шт	Установка камер орошения производительностью: до 125 тыс.м3/час
ГЭСН	20	20-06-003	Установка камер орошения	20-06-003-08	10 шт	Установка камер орошения производительностью: до 160 тыс.м3/час
ГЭСН	20	20-06-003	Установка камер орошения	20-06-003-09	10 шт	Установка камер орошения производительностью: до 200 тыс.м3/час
ГЭСН	20	20-06-003	Установка камер орошения	20-06-003-10	10 шт	Установка камер орошения производительностью: до 250 тыс.м3/час
ГЭСН	20	20-06-004	Установка фильтров воздушных сетчатых (масляных)	20-06-004-01	шт	Установка фильтров воздушных сетчатых (масляных) производительностью: до 10 тыс.м3/час
ГЭСН	20	20-06-004	Установка фильтров воздушных сетчатых (масляных)	20-06-004-02	шт	Установка фильтров воздушных сетчатых (масляных) производительностью: до 20 тыс.м3/час
ГЭСН	20	20-06-004	Установка фильтров воздушных сетчатых (масляных)	20-06-004-03	шт	Установка фильтров воздушных сетчатых (масляных) производительностью: до 31,5 тыс.м3/час
ГЭСН	20	20-06-004	Установка фильтров воздушных сетчатых (масляных)	20-06-004-04	шт	Установка фильтров воздушных сетчатых (масляных) производительностью: до 40 тыс.м3/час
ГЭСН	20	20-06-004	Установка фильтров воздушных сетчатых (масляных)	20-06-004-05	шт	Установка фильтров воздушных сетчатых (масляных) производительностью: до 63 тыс.м3/час
ГЭСН	20	20-06-004	Установка фильтров воздушных сетчатых (масляных)	20-06-004-06	шт	Установка фильтров воздушных сетчатых (масляных) производительностью: до 80 тыс.м3/час
ГЭСН	20	20-06-004	Установка фильтров воздушных сетчатых (масляных)	20-06-004-07	шт	Установка фильтров воздушных сетчатых (масляных) производительностью: до 125 тыс.м3/час
ГЭСН	20	20-06-004	Установка фильтров воздушных сетчатых (масляных)	20-06-004-08	шт	Установка фильтров воздушных сетчатых (масляных) производительностью: до 160 тыс.м3/час
ГЭСН	20	20-06-004	Установка фильтров воздушных сетчатых (масляных)	20-06-004-09	шт	Установка фильтров воздушных сетчатых (масляных) производительностью: до 200 тыс.м3/час
ГЭСН	20	20-06-004	Установка фильтров воздушных сетчатых (масляных)	20-06-004-10	шт	Установка фильтров воздушных сетчатых (масляных) производительностью: до 250 тыс.м3/час
ГЭСН	20	20-06-005	Установка фильтров воздушных (сухих)	20-06-005-01	шт	Установка фильтров воздушных (сухих) производительностью: до 10 тыс.м3/час
ГЭСН	20	20-06-005	Установка фильтров воздушных (сухих)	20-06-005-02	шт	Установка фильтров воздушных (сухих) производительностью: до 20 тыс.м3/час
ГЭСН	20	20-06-005	Установка фильтров воздушных (сухих)	20-06-005-03	шт	Установка фильтров воздушных (сухих) производительностью: до 31,5 тыс.м3/час
ГЭСН	20	20-06-005	Установка фильтров воздушных (сухих)	20-06-005-04	шт	Установка фильтров воздушных (сухих) производительностью: до 40 тыс.м3/час
ГЭСН	20	20-06-005	Установка фильтров воздушных (сухих)	20-06-005-05	шт	Установка фильтров воздушных (сухих) производительностью: до 63 тыс.м3/час
ГЭСН	20	20-06-005	Установка фильтров воздушных (сухих)	20-06-005-06	шт	Установка фильтров воздушных (сухих) производительностью: до 80 тыс.м3/час
ГЭСН	20	20-06-005	Установка фильтров воздушных (сухих)	20-06-005-07	шт	Установка фильтров воздушных (сухих) производительностью: до 125 тыс.м3/час
ГЭСН	20	20-06-005	Установка фильтров воздушных (сухих)	20-06-005-08	шт	Установка фильтров воздушных (сухих) производительностью: до 160 тыс.м3/час
ГЭСН	20	20-06-005	Установка фильтров воздушных (сухих)	20-06-005-09	шт	Установка фильтров воздушных (сухих) производительностью: до 200 тыс.м3/час
ГЭСН	20	20-06-005	Установка фильтров воздушных (сухих)	20-06-005-10	шт	Установка фильтров воздушных (сухих) производительностью: до 250 тыс.м3/час
ГЭСН	20	20-06-006	Установка воздухонагревателей однорядных для обводного канала	20-06-006-01	шт	Установка воздухонагревателей однорядных для обводного канала производительностью: до 10 тыс.м3/час
ГЭСН	20	20-06-006	Установка воздухонагревателей однорядных для обводного канала	20-06-006-02	шт	Установка воздухонагревателей однорядных для обводного канала производительностью: до 20 тыс.м3/час
ГЭСН	20	20-06-006	Установка воздухонагревателей однорядных для обводного канала	20-06-006-03	шт	Установка воздухонагревателей однорядных для обводного канала производительностью: до 31,5 тыс.м3/час
ГЭСН	20	20-06-006	Установка воздухонагревателей однорядных для обводного канала	20-06-006-04	шт	Установка воздухонагревателей однорядных для обводного канала производительностью: до 40 тыс.м3/час
ГЭСН	20	20-06-006	Установка воздухонагревателей однорядных для обводного канала	20-06-006-05	шт	Установка воздухонагревателей однорядных для обводного канала производительностью: до 63 тыс.м3/час
ГЭСН	20	20-06-006	Установка воздухонагревателей однорядных для обводного канала	20-06-006-06	шт	Установка воздухонагревателей однорядных для обводного канала производительностью: до 80 тыс.м3/час
ГЭСН	20	20-06-006	Установка воздухонагревателей однорядных для обводного канала	20-06-006-07	шт	Установка воздухонагревателей однорядных для обводного канала производительностью: до 125 тыс.м3/час
ГЭСН	20	20-06-006	Установка воздухонагревателей однорядных для обводного канала	20-06-006-08	шт	Установка воздухонагревателей однорядных для обводного канала производительностью: до 160 тыс.м3/час
ГЭСН	20	20-06-006	Установка воздухонагревателей однорядных для обводного канала	20-06-006-09	шт	Установка воздухонагревателей однорядных для обводного канала производительностью: до 200 тыс.м3/час
ГЭСН	20	20-06-006	Установка воздухонагревателей однорядных для обводного канала	20-06-006-10	шт	Установка воздухонагревателей однорядных для обводного канала производительностью: до 250 тыс.м3/час
ГЭСН	20	20-06-007	Установка воздухонагревателей двухрядных для обводного канала	20-06-007-01	шт	Установка воздухонагревателей двухрядных для обводного канала производительностью: до 10 тыс.м3/час
ГЭСН	20	20-06-007	Установка воздухонагревателей двухрядных для обводного канала	20-06-007-02	шт	Установка воздухонагревателей двухрядных для обводного канала производительностью: до 20 тыс.м3/час
ГЭСН	20	20-06-007	Установка воздухонагревателей двухрядных для обводного канала	20-06-007-03	шт	Установка воздухонагревателей двухрядных для обводного канала производительностью: до 31,5 тыс.м3/час
ГЭСН	20	20-06-007	Установка воздухонагревателей двухрядных для обводного канала	20-06-007-04	шт	Установка воздухонагревателей двухрядных для обводного канала производительностью: до 40 тыс.м3/час
ГЭСН	20	20-06-007	Установка воздухонагревателей двухрядных для обводного канала	20-06-007-05	шт	Установка воздухонагревателей двухрядных для обводного канала производительностью: до 63 тыс.м3/час
ГЭСН	20	20-06-007	Установка воздухонагревателей двухрядных для обводного канала	20-06-007-06	шт	Установка воздухонагревателей двухрядных для обводного канала производительностью: до 80 тыс.м3/час
ГЭСН	20	20-06-007	Установка воздухонагревателей двухрядных для обводного канала	20-06-007-07	шт	Установка воздухонагревателей двухрядных для обводного канала производительностью: до 125 тыс.м3/час
ГЭСН	20	20-06-007	Установка воздухонагревателей двухрядных для обводного канала	20-06-007-08	шт	Установка воздухонагревателей двухрядных для обводного канала производительностью: до 160 тыс.м3/час
ГЭСН	20	20-06-007	Установка воздухонагревателей двухрядных для обводного канала	20-06-007-09	шт	Установка воздухонагревателей двухрядных для обводного канала производительностью: до 200 тыс.м3/час
ГЭСН	20	20-06-007	Установка воздухонагревателей двухрядных для обводного канала	20-06-007-10	шт	Установка воздухонагревателей двухрядных для обводного канала производительностью: до 250 тыс.м3/час
ГЭСН	20	20-06-008	Установка воздухонагревателей однорядных без обводного канала	20-06-008-01	шт	Установка воздухонагревателей однорядных без обводного канала производительностью: до 31,5 тыс.м3/час
ГЭСН	20	20-06-008	Установка воздухонагревателей однорядных без обводного канала	20-06-008-02	шт	Установка воздухонагревателей однорядных без обводного канала производительностью: до 40 тыс.м3/час
ГЭСН	20	20-06-008	Установка воздухонагревателей однорядных без обводного канала	20-06-008-03	шт	Установка воздухонагревателей однорядных без обводного канала производительностью: до 63 тыс.м3/час
ГЭСН	20	20-06-008	Установка воздухонагревателей однорядных без обводного канала	20-06-008-04	шт	Установка воздухонагревателей однорядных без обводного канала производительностью: до 80 тыс.м3/час
ГЭСН	20	20-06-008	Установка воздухонагревателей однорядных без обводного канала	20-06-008-05	шт	Установка воздухонагревателей однорядных без обводного канала производительностью: до 125 тыс.м3/час
ГЭСН	20	20-06-008	Установка воздухонагревателей однорядных без обводного канала	20-06-008-06	шт	Установка воздухонагревателей однорядных без обводного канала производительностью: до 160 тыс.м3/час
ГЭСН	20	20-06-008	Установка воздухонагревателей однорядных без обводного канала	20-06-008-07	шт	Установка воздухонагревателей однорядных без обводного канала производительностью: до 200 тыс.м3/час
ГЭСН	20	20-06-008	Установка воздухонагревателей однорядных без обводного канала	20-06-008-08	шт	Установка воздухонагревателей однорядных без обводного канала производительностью: до 250 тыс.м3/час
ГЭСН	20	20-06-009	Установка воздухонагревателей двухрядных без обводного канала	20-06-009-01	шт	Установка воздухонагревателей двухрядных без обводного канала производительностью: до 31,5 тыс.м3/час
ГЭСН	20	20-06-009	Установка воздухонагревателей двухрядных без обводного канала	20-06-009-02	шт	Установка воздухонагревателей двухрядных без обводного канала производительностью: до 40 тыс.м3/час
ГЭСН	20	20-06-009	Установка воздухонагревателей двухрядных без обводного канала	20-06-009-03	шт	Установка воздухонагревателей двухрядных без обводного канала производительностью: до 63 тыс.м3/час
ГЭСН	20	20-06-009	Установка воздухонагревателей двухрядных без обводного канала	20-06-009-04	шт	Установка воздухонагревателей двухрядных без обводного канала производительностью: до 80 тыс.м3/час
ГЭСН	20	20-06-009	Установка воздухонагревателей двухрядных без обводного канала	20-06-009-05	шт	Установка воздухонагревателей двухрядных без обводного канала производительностью: до 125 тыс.м3/час
ГЭСН	20	20-06-009	Установка воздухонагревателей двухрядных без обводного канала	20-06-009-06	шт	Установка воздухонагревателей двухрядных без обводного канала производительностью: до 160 тыс.м3/час
ГЭСН	20	20-06-009	Установка воздухонагревателей двухрядных без обводного канала	20-06-009-07	шт	Установка воздухонагревателей двухрядных без обводного канала производительностью: до 200 тыс.м3/час
ГЭСН	20	20-06-009	Установка воздухонагревателей двухрядных без обводного канала	20-06-009-08	шт	Установка воздухонагревателей двухрядных без обводного канала производительностью: до 250 тыс.м3/час
ГЭСН	20	20-06-010	Установка камер обслуживания	20-06-010-01	шт	Установка камер обслуживания производительностью: до 10 тыс.м3/час
ГЭСН	20	20-06-010	Установка камер обслуживания	20-06-010-02	шт	Установка камер обслуживания производительностью: до 20 тыс.м3/час
ГЭСН	20	20-06-010	Установка камер обслуживания	20-06-010-03	шт	Установка камер обслуживания производительностью: до 31,5 тыс.м3/час
ГЭСН	20	20-06-010	Установка камер обслуживания	20-06-010-04	шт	Установка камер обслуживания производительностью: до 40 тыс.м3/час
ГЭСН	20	20-06-010	Установка камер обслуживания	20-06-010-05	шт	Установка камер обслуживания производительностью: до 63 тыс.м3/час
ГЭСН	20	20-06-010	Установка камер обслуживания	20-06-010-06	шт	Установка камер обслуживания производительностью: до 80 тыс.м3/час
ГЭСН	20	20-06-010	Установка камер обслуживания	20-06-010-07	шт	Установка камер обслуживания производительностью: до 125 тыс.м3/час
ГЭСН	20	20-06-010	Установка камер обслуживания	20-06-010-08	шт	Установка камер обслуживания производительностью: до 160 тыс.м3/час
ГЭСН	20	20-06-010	Установка камер обслуживания	20-06-010-09	шт	Установка камер обслуживания производительностью: до 200 тыс.м3/час
ГЭСН	20	20-06-010	Установка камер обслуживания	20-06-010-10	шт	Установка камер обслуживания производительностью: до 250 тыс.м3/час
ГЭСН	20	20-06-011	Установка камер воздушных	20-06-011-01	шт	Установка камер воздушных: ВК-0.5 (В-622 мм) производительностью до 10 тыс.м3/час
ГЭСН	20	20-06-011	Установка камер воздушных	20-06-011-02	шт	Установка камер воздушных: ВК-0.5 (В-622 мм) производительностью до 20 тыс.м3/час
ГЭСН	20	20-06-011	Установка камер воздушных	20-06-011-03	шт	Установка камер воздушных: ВК-0.5 (В-622 мм) производительностью до 31,5 тыс.м3/час
ГЭСН	20	20-06-011	Установка камер воздушных	20-06-011-04	шт	Установка камер воздушных: ВК-0.5 (В-622 мм) производительностью до 63 тыс.м3/час
ГЭСН	20	20-06-011	Установка камер воздушных	20-06-011-05	шт	Установка камер воздушных: ВК-0.5 (В-622 мм) производительностью до 160 тыс.м3/час
ГЭСН	20	20-06-011	Установка камер воздушных	20-06-011-06	шт	Установка камер воздушных: ВК-0.5 (В-622 мм) производительностью до 250 тыс.м3/час
ГЭСН	20	20-06-011	Установка камер воздушных	20-06-011-07	шт	Установка камер воздушных: ВК-1 (В-1122 мм) производительностью до 40 тыс.м3/час
ГЭСН	20	20-06-011	Установка камер воздушных	20-06-011-08	шт	Установка камер воздушных: ВК-1 (В-1122 мм) производительностью до 80 тыс.м3/час
ГЭСН	20	20-06-011	Установка камер воздушных	20-06-011-09	шт	Установка камер воздушных: ВК-1 (В-1122 мм) производительностью до 160 тыс.м3/час
ГЭСН	20	20-06-011	Установка камер воздушных	20-06-011-10	шт	Установка камер воздушных: ВК-1 (В-1122 мм) производительностью до 250 тыс.м3/час
ГЭСН	20	20-06-012	Установка клапанов воздушных	20-06-012-01	шт	Установка клапанов воздушных: К-0.5 (Н-503 мм) производительностью до 20 тыс.м3/час
ГЭСН	20	20-06-012	Установка клапанов воздушных	20-06-012-02	шт	Установка клапанов воздушных: К-0.5 (Н-503 мм) производительностью до 40 тыс.м3/час
ГЭСН	20	20-06-012	Установка клапанов воздушных	20-06-012-03	шт	Установка клапанов воздушных: К-0.5 (Н-503 мм) производительностью до 160 тыс.м3/час
ГЭСН	20	20-06-012	Установка клапанов воздушных	20-06-012-04	шт	Установка клапанов воздушных: К-0.5 (Н-503 мм) производительностью до 250 тыс.м3/час
ГЭСН	20	20-06-012	Установка клапанов воздушных	20-06-012-05	шт	Установка клапанов воздушных: К-1 (Н-1003 мм) производительностью до 40 тыс.м3/час
ГЭСН	20	20-06-012	Установка клапанов воздушных	20-06-012-06	шт	Установка клапанов воздушных: К-1 (Н-1003 мм) производительностью до 160 тыс.м3/час
ГЭСН	20	20-06-012	Установка клапанов воздушных	20-06-012-07	шт	Установка клапанов воздушных: К-1 (Н-1003 мм) производительностью до 200 тыс.м3/час
ГЭСН	20	20-06-012	Установка клапанов воздушных	20-06-012-08	шт	Установка клапанов воздушных: К-1 (Н-1003 мм) производительностью до 250 тыс.м3/час
ГЭСН	20	20-06-012	Установка клапанов воздушных	20-06-012-09	шт	Установка клапанов воздушных: для обвода воздухонагревателей производительностью до 40 тыс.м3/час
ГЭСН	20	20-06-012	Установка клапанов воздушных	20-06-012-10	шт	Установка клапанов воздушных: для обвода воздухонагревателей производительностью до 80 тыс.м3/час
ГЭСН	20	20-06-012	Установка клапанов воздушных	20-06-012-11	шт	Установка клапанов воздушных: для обвода воздухонагревателей производительностью до 160 тыс.м3/час
ГЭСН	20	20-06-012	Установка клапанов воздушных	20-06-012-12	шт	Установка клапанов воздушных: для обвода воздухонагревателей производительностью до 200 тыс.м3/час
ГЭСН	20	20-06-012	Установка клапанов воздушных	20-06-012-13	шт	Установка клапанов воздушных: для обвода воздухонагревателей производительностью до 250 тыс.м3/час
ГЭСН	20	20-06-013	Установка блоков тепломассообмена	20-06-013-01	10 шт	Установка блоков тепломассообмена производительностью: до 10 тыс.м3/час
ГЭСН	20	20-06-013	Установка блоков тепломассообмена	20-06-013-02	10 шт	Установка блоков тепломассообмена производительностью: до 20 тыс.м3/час
ГЭСН	20	20-06-013	Установка блоков тепломассообмена	20-06-013-03	10 шт	Установка блоков тепломассообмена производительностью: до 31,5 тыс.м3/час
ГЭСН	20	20-06-013	Установка блоков тепломассообмена	20-06-013-04	10 шт	Установка блоков тепломассообмена производительностью: до 40 тыс.м3/час
ГЭСН	20	20-06-013	Установка блоков тепломассообмена	20-06-013-05	10 шт	Установка блоков тепломассообмена производительностью: до 63 тыс.м3/час
ГЭСН	20	20-06-013	Установка блоков тепломассообмена	20-06-013-06	10 шт	Установка блоков тепломассообмена производительностью: до 80 тыс.м3/час
ГЭСН	20	20-06-013	Установка блоков тепломассообмена	20-06-013-07	10 шт	Установка блоков тепломассообмена производительностью: до 125 тыс.м3/час
ГЭСН	20	20-06-013	Установка блоков тепломассообмена	20-06-013-08	10 шт	Установка блоков тепломассообмена производительностью: до 160 тыс.м3/час
ГЭСН	20	20-06-013	Установка блоков тепломассообмена	20-06-013-09	10 шт	Установка блоков тепломассообмена производительностью: до 200 тыс.м3/час
ГЭСН	20	20-06-013	Установка блоков тепломассообмена	20-06-013-10	10 шт	Установка блоков тепломассообмена производительностью: до 250 тыс.м3/час
ГЭСН	20	20-06-014	Присоединение трубопроводов к оросительной системе блока тепломассообмена	20-06-014-01	10 шт	Присоединение трубопроводов к оросительной системе блока тепломассообмена производительностью: до 20 тыс.м3/час
ГЭСН	20	20-06-014	Присоединение трубопроводов к оросительной системе блока тепломассообмена	20-06-014-02	10 шт	Присоединение трубопроводов к оросительной системе блока тепломассообмена производительностью: до 31,5 тыс.м3/час
ГЭСН	20	20-06-014	Присоединение трубопроводов к оросительной системе блока тепломассообмена	20-06-014-03	10 шт	Присоединение трубопроводов к оросительной системе блока тепломассообмена производительностью: до 63 тыс.м3/час
ГЭСН	20	20-06-014	Присоединение трубопроводов к оросительной системе блока тепломассообмена	20-06-014-04	10 шт	Присоединение трубопроводов к оросительной системе блока тепломассообмена производительностью: до 125 тыс.м3/час
ГЭСН	20	20-06-014	Присоединение трубопроводов к оросительной системе блока тепломассообмена	20-06-014-05	10 шт	Присоединение трубопроводов к оросительной системе блока тепломассообмена производительностью: до 200 тыс.м3/час
ГЭСН	20	20-06-014	Присоединение трубопроводов к оросительной системе блока тепломассообмена	20-06-014-06	10 шт	Присоединение трубопроводов к оросительной системе блока тепломассообмена производительностью: до 250 тыс.м3/час
ГЭСН	20	20-06-015	Установка агрегатов вентиляторных	20-06-015-01	шт	Установка агрегатов вентиляторных производительностью: до 10 тыс.м3/час
ГЭСН	20	20-06-015	Установка агрегатов вентиляторных	20-06-015-02	шт	Установка агрегатов вентиляторных производительностью: до 20 тыс.м3/час
ГЭСН	20	20-06-015	Установка агрегатов вентиляторных	20-06-015-03	шт	Установка агрегатов вентиляторных производительностью: до 40 тыс.м3/час
ГЭСН	20	20-06-015	Установка агрегатов вентиляторных	20-06-015-04	шт	Установка агрегатов вентиляторных производительностью: до 80 тыс.м3/час
ГЭСН	20	20-06-015	Установка агрегатов вентиляторных	20-06-015-05	шт	Установка агрегатов вентиляторных производительностью: до 125 тыс.м3/час
ГЭСН	20	20-06-015	Установка агрегатов вентиляторных	20-06-015-06	шт	Установка агрегатов вентиляторных производительностью: до 160 тыс.м3/час
ГЭСН	20	20-06-015	Установка агрегатов вентиляторных	20-06-015-07	шт	Установка агрегатов вентиляторных производительностью: до 200 тыс.м3/час
ГЭСН	20	20-06-015	Установка агрегатов вентиляторных	20-06-015-08	шт	Установка агрегатов вентиляторных производительностью: до 250 тыс.м3/час
ГЭСН	20	20-06-016	Установка блоков присоединительных	20-06-016-01	шт	Установка блоков присоединительных: БП-1 производительностью до 10 тыс.м3/час
ГЭСН	20	20-06-016	Установка блоков присоединительных	20-06-016-02	шт	Установка блоков присоединительных: БП-1 производительностью до 20 тыс.м3/час
ГЭСН	20	20-06-016	Установка блоков присоединительных	20-06-016-03	шт	Установка блоков присоединительных: БП-1 производительностью до 31,5 тыс.м3/час
ГЭСН	20	20-06-016	Установка блоков присоединительных	20-06-016-04	шт	Установка блоков присоединительных: БП-1 производительностью до 40 тыс.м3/час
ГЭСН	20	20-06-016	Установка блоков присоединительных	20-06-016-05	шт	Установка блоков присоединительных: БП-1 производительностью до 63 тыс.м3/час
ГЭСН	20	20-06-016	Установка блоков присоединительных	20-06-016-06	шт	Установка блоков присоединительных: БП-1 производительностью до 80 тыс.м3/час
ГЭСН	20	20-06-016	Установка блоков присоединительных	20-06-016-07	шт	Установка блоков присоединительных: БП-1 производительностью до 125 тыс.м3/час
ГЭСН	20	20-06-016	Установка блоков присоединительных	20-06-016-08	шт	Установка блоков присоединительных: БП-2 производительностью до 200 тыс.м3/час
ГЭСН	20	20-06-016	Установка блоков присоединительных	20-06-016-09	шт	Установка блоков присоединительных: БП-2 производительностью до 250 тыс.м3/час
ГЭСН	20	20-06-017	Установка блоков приемных	20-06-017-01	шт	Установка блоков приемных производительностью: до 10 тыс.м3/час
ГЭСН	20	20-06-017	Установка блоков приемных	20-06-017-02	шт	Установка блоков приемных производительностью: до 20 тыс.м3/час
ГЭСН	20	20-06-017	Установка блоков приемных	20-06-017-03	шт	Установка блоков приемных производительностью: до 31,5 тыс.м3/час
ГЭСН	20	20-06-017	Установка блоков приемных	20-06-017-04	шт	Установка блоков приемных производительностью: до 40 тыс.м3/час
ГЭСН	20	20-06-017	Установка блоков приемных	20-06-017-05	шт	Установка блоков приемных производительностью: до 63 тыс.м3/час
ГЭСН	20	20-06-017	Установка блоков приемных	20-06-017-06	шт	Установка блоков приемных производительностью: до 80 тыс.м3/час
ГЭСН	20	20-06-017	Установка блоков приемных	20-06-017-07	шт	Установка блоков приемных производительностью: до 160 тыс.м3/час
ГЭСН	20	20-06-017	Установка блоков приемных	20-06-017-08	шт	Установка блоков приемных производительностью: до 250 тыс.м3/час
ГЭСН	20	20-06-018	Установка кондиционеров и сплит-систем	20-06-018-01	шт	Установка кондиционеров оконных мощностью: до 3 кВт
ГЭСН	20	20-06-018	Установка кондиционеров и сплит-систем	20-06-018-02	шт	Установка кондиционеров оконных мощностью: свыше 3 кВт
ГЭСН	20	20-06-018	Установка кондиционеров и сплит-систем	20-06-018-03	компл	Установка сплит-систем с внутренним блоком настенного типа мощностью: до 5 кВт
ГЭСН	20	20-06-018	Установка кондиционеров и сплит-систем	20-06-018-04	компл	Установка сплит-систем с внутренним блоком настенного типа мощностью: свыше 5 до 8 кВт
ГЭСН	20	20-06-018	Установка кондиционеров и сплит-систем	20-06-018-05	компл	Установка сплит-систем с внутренним блоком настенного типа мощностью: свыше 8 кВт
ГЭСН	20	20-06-018	Установка кондиционеров и сплит-систем	20-06-018-06	компл	Установка сплит-систем с внутренним блоком напольного типа мощностью: до 5 кВт
ГЭСН	20	20-06-018	Установка кондиционеров и сплит-систем	20-06-018-07	компл	Установка сплит-систем с внутренним блоком напольного типа мощностью: до 8 кВт
ГЭСН	20	20-06-018	Установка кондиционеров и сплит-систем	20-06-018-08	компл	Установка сплит-систем с внутренним блоком напольного типа мощностью: свыше 8 кВт
ГЭСН	20	20-06-018	Установка кондиционеров и сплит-систем	20-06-018-09	компл	Установка сплит-систем с внутренним блоком кассетного типа мощностью: до 5 кВт
ГЭСН	20	20-06-018	Установка кондиционеров и сплит-систем	20-06-018-10	компл	Установка сплит-систем с внутренним блоком кассетного типа мощностью: свыше 5 до 8 кВт
ГЭСН	20	20-06-018	Установка кондиционеров и сплит-систем	20-06-018-11	компл	Установка сплит-систем с внутренним блоком кассетного типа мощностью: свыше 8 кВт
ГЭСН	20	20-06-018	Установка кондиционеров и сплит-систем	20-06-018-12	компл	Установка сплит-систем с внутренним блоком канального типа мощностью: до 5 кВт
ГЭСН	20	20-06-018	Установка кондиционеров и сплит-систем	20-06-018-13	компл	Установка сплит-систем с внутренним блоком канального типа мощностью: свыше 5 до 8 кВт
ГЭСН	20	20-06-018	Установка кондиционеров и сплит-систем	20-06-018-14	компл	Установка сплит-систем с внутренним блоком канального типа мощностью: свыше 8 кВт
ГЭСН	20	20-06-019	Установка мульти сплит-систем	20-06-019-01	шт	Установка внешнего блока мульти сплит-системы
ГЭСН	20	20-06-019	Установка мульти сплит-систем	20-06-019-02	шт	Установка внутреннего блока настенного типа мощностью: до 5 кВт
ГЭСН	20	20-06-019	Установка мульти сплит-систем	20-06-019-03	шт	Установка внутреннего блока настенного типа мощностью: свыше 5 до 8 кВт
ГЭСН	20	20-06-019	Установка мульти сплит-систем	20-06-019-04	шт	Установка внутреннего блока настенного типа мощностью: свыше 8 кВт
ГЭСН	20	20-06-019	Установка мульти сплит-систем	20-06-019-05	шт	Установка внутреннего блока напольного типа мощностью: до 5 кВт
ГЭСН	20	20-06-019	Установка мульти сплит-систем	20-06-019-06	шт	Установка внутреннего блока напольного типа мощностью: свыше 5 до 8 кВт
ГЭСН	20	20-06-019	Установка мульти сплит-систем	20-06-019-07	шт	Установка внутреннего блока напольного типа мощностью: свыше 8 кВт
ГЭСН	20	20-06-019	Установка мульти сплит-систем	20-06-019-08	шт	Установка внутреннего блока кассетного типа мощностью: до 5 кВт
ГЭСН	20	20-06-019	Установка мульти сплит-систем	20-06-019-09	шт	Установка внутреннего блока кассетного типа мощностью: свыше 5 до 8 кВт
ГЭСН	20	20-06-019	Установка мульти сплит-систем	20-06-019-10	шт	Установка внутреннего блока кассетного типа мощностью: свыше 8 кВт
ГЭСН	20	20-06-019	Установка мульти сплит-систем	20-06-019-11	шт	Установка внутреннего блока канального типа мощностью: до 5 кВт
ГЭСН	20	20-06-019	Установка мульти сплит-систем	20-06-019-12	шт	Установка внутреннего блока канального типа мощностью: свыше 5 до 8 кВт
ГЭСН	20	20-06-019	Установка мульти сплит-систем	20-06-019-13	шт	Установка внутреннего блока канального типа мощностью: свыше 8 кВт
ГЭСН	20	20-06-020	Установка каркасно-панельных кондиционеров	20-06-020-01	компл	Установка каркасно-панельных кондиционеров
ГЭСН	20	20-06-021	Прокладка трубных проводок из цветных металлов	20-06-021-01	100 м	Прокладка трубных проводок из цветных металлов
ГЭСН	21	21-01-001	Сборка временных зданий деревянно-щитовых жилого назначения	21-01-001-01	100 м3	Сборка временных зданий деревянно-щитовых объемом до 1000 м3: жилых домов из трехкомнатных квартир
ГЭСН	21	21-01-001	Сборка временных зданий деревянно-щитовых жилого назначения	21-01-001-02	100 м3	Сборка временных зданий деревянно-щитовых объемом до 1000 м3: жилых домов из двухкомнатных квартир
ГЭСН	21	21-01-001	Сборка временных зданий деревянно-щитовых жилого назначения	21-01-001-03	100 м3	Сборка временных зданий деревянно-щитовых объемом до 1000 м3: жилых домов из однокомнатных квартир
ГЭСН	21	21-01-001	Сборка временных зданий деревянно-щитовых жилого назначения	21-01-001-04	100 м3	Сборка временных зданий деревянно-щитовых объемом до 1000 м3: общежитий
ГЭСН	21	21-01-002	Сборка временных зданий деревянно-щитовых общественного назначения	21-01-002-01	100 м3	Сборка временных зданий деревянно-щитовых: детских садов и яслей объемом до 700 м3
ГЭСН	21	21-01-002	Сборка временных зданий деревянно-щитовых общественного назначения	21-01-002-02	100 м3	Сборка временных зданий деревянно-щитовых: магазинов объемом до 700 м3
ГЭСН	21	21-01-002	Сборка временных зданий деревянно-щитовых общественного назначения	21-01-002-03	100 м3	Сборка временных зданий деревянно-щитовых: школ объемом до 1000 м3
ГЭСН	21	21-01-002	Сборка временных зданий деревянно-щитовых общественного назначения	21-01-002-04	100 м3	Сборка временных зданий деревянно-щитовых: клубов объемом до 2000 м3
ГЭСН	21	21-01-003	Сборка временных зданий деревянно-щитовых санитарно-бытового назначения	21-01-003-01	100 м3	Сборка временных зданий деревянно-щитовых: бытовых помещений объемом до 1000 м3
ГЭСН	21	21-01-003	Сборка временных зданий деревянно-щитовых санитарно-бытового назначения	21-01-003-02	100 м3	Сборка временных зданий деревянно-щитовых: столовых объемом до 2000 м3
ГЭСН	21	21-01-004	Сборка временных зданий деревянно-щитовых административного назначения	21-01-004-01	100 м3	Сборка временных зданий контор деревянно-щитовых: со здравпунктом на 20 мест объемом до 1000 м3
ГЭСН	21	21-01-004	Сборка временных зданий деревянно-щитовых административного назначения	21-01-004-02	100 м3	Сборка временных зданий контор деревянно-щитовых: со здравпунктом или буфетом на 30 мест объемом до 1300 м3
ГЭСН	21	21-01-005	Сборка временных зданий деревянно-щитовых производственного и складского назначения	21-01-005-01	100 м3	Сборка временных зданий деревянно-щитовых: складов отапливаемых и неотапливаемых объемом до 1000 м3
ГЭСН	21	21-01-005	Сборка временных зданий деревянно-щитовых производственного и складского назначения	21-01-005-02	100 м3	Сборка временных зданий деревянно-щитовых: мастерских объемом до 1500 м3
ГЭСН	21	21-01-011	Сборка временных зданий со стальным каркасом и многослойными панелями жилого назначения	21-01-011-01	100 м3	Сборка временных зданий со стальным каркасом и многослойными панелями объемом до 1000 м3: жилых домов из трехкомнатных квартир
ГЭСН	21	21-01-011	Сборка временных зданий со стальным каркасом и многослойными панелями жилого назначения	21-01-011-02	100 м3	Сборка временных зданий со стальным каркасом и многослойными панелями объемом до 1000 м3: жилых домов из двухкомнатных квартир
ГЭСН	21	21-01-011	Сборка временных зданий со стальным каркасом и многослойными панелями жилого назначения	21-01-011-03	100 м3	Сборка временных зданий со стальным каркасом и многослойными панелями объемом до 1000 м3: жилых домов из однокомнатных квартир
ГЭСН	21	21-01-011	Сборка временных зданий со стальным каркасом и многослойными панелями жилого назначения	21-01-011-04	100 м3	Сборка временных зданий со стальным каркасом и многослойными панелями объемом до 1000 м3: общежитий
ГЭСН	21	21-01-012	Сборка временных зданий со стальным каркасом и многослойными панелями общественного назначения	21-01-012-01	100 м3	Сборка временных зданий со стальным каркасом и многослойными панелями: детских садов и яслей объемом до 700 м3
ГЭСН	21	21-01-012	Сборка временных зданий со стальным каркасом и многослойными панелями общественного назначения	21-01-012-02	100 м3	Сборка временных зданий со стальным каркасом и многослойными панелями: магазинов объемом до 700 м3
ГЭСН	21	21-01-012	Сборка временных зданий со стальным каркасом и многослойными панелями общественного назначения	21-01-012-03	100 м3	Сборка временных зданий со стальным каркасом и многослойными панелями: школ объемом до 1000 м3
ГЭСН	21	21-01-012	Сборка временных зданий со стальным каркасом и многослойными панелями общественного назначения	21-01-012-04	100 м3	Сборка временных зданий со стальным каркасом и многослойными панелями: клубов объемом до 2000 м3
ГЭСН	21	21-01-013	Сборка временных зданий со стальным каркасом и многослойными панелями санитарно-бытового назначения	21-01-013-01	100 м3	Сборка временных зданий со стальным каркасом и многослойными панелями: бытовых помещений объемом до 1000 м3
ГЭСН	21	21-01-013	Сборка временных зданий со стальным каркасом и многослойными панелями санитарно-бытового назначения	21-01-013-02	100 м3	Сборка временных зданий со стальным каркасом и многослойными панелями: столовых объемом до 2000 м3
ГЭСН	21	21-01-014	Сборка временных зданий со стальным каркасом и многослойными панелями административного назначения	21-01-014-01	100 м3	Сборка временных зданий контор со стальным каркасом и многослойными панелями: со здравпунктом на 20 мест объемом до 1000 м3
ГЭСН	21	21-01-014	Сборка временных зданий со стальным каркасом и многослойными панелями административного назначения	21-01-014-02	100 м3	Сборка временных зданий контор со стальным каркасом и многослойными панелями: со здравпунктом или буфетом на 30 мест объемом до 1300 м3
ГЭСН	21	21-01-015	Сборка временных зданий со стальным каркасом и многослойными панелями производственного и складского назначения	21-01-015-01	100 м3	Сборка временных зданий со стальным каркасом и многослойными панелями: складов отапливаемых и неотапливаемых объемом до 1000 м3
ГЭСН	21	21-01-015	Сборка временных зданий со стальным каркасом и многослойными панелями производственного и складского назначения	21-01-015-02	100 м3	Сборка временных зданий со стальным каркасом и многослойными панелями: мастерских объемом до 1500 м3
ГЭСН	21	21-01-021	Сборка временных жилых зданий контейнерного типа	21-01-021-01	100 м3	Сборка временных жилых зданий контейнерного типа
ГЭСН	21	21-01-022	Сборка временных зданий культурно-бытового назначения контейнерного типа	21-01-022-01	100 м3	Сборка временных зданий культурно-бытового назначения контейнерного типа
ГЭСН	21	21-02-001	Устройство системы отопления во временных зданиях жилого и общественного назначения	21-02-001-01	100 м3	Устройство системы централизованного отопления во временных жилых домах: из трехкомнатных квартир
ГЭСН	21	21-02-001	Устройство системы отопления во временных зданиях жилого и общественного назначения	21-02-001-02	100 м3	Устройство системы централизованного отопления во временных жилых домах: из двухкомнатных квартир
ГЭСН	21	21-02-001	Устройство системы отопления во временных зданиях жилого и общественного назначения	21-02-001-03	100 м3	Устройство системы централизованного отопления во временных жилых домах: из однокомнатных квартир
ГЭСН	21	21-02-001	Устройство системы отопления во временных зданиях жилого и общественного назначения	21-02-001-04	100 м3	Устройство системы централизованного отопления во временных зданиях: общежитий
ГЭСН	21	21-02-001	Устройство системы отопления во временных зданиях жилого и общественного назначения	21-02-001-05	100 м3	Устройство системы централизованного отопления во временных зданиях: детских садов или яслей
ГЭСН	21	21-02-001	Устройство системы отопления во временных зданиях жилого и общественного назначения	21-02-001-06	100 м3	Устройство системы централизованного отопления во временных зданиях: магазинов
ГЭСН	21	21-02-001	Устройство системы отопления во временных зданиях жилого и общественного назначения	21-02-001-07	100 м3	Устройство системы централизованного отопления во временных зданиях: школ
ГЭСН	21	21-02-001	Устройство системы отопления во временных зданиях жилого и общественного назначения	21-02-001-08	100 м3	Устройство системы централизованного отопления во временных зданиях: клубов
ГЭСН	21	21-02-001	Устройство системы отопления во временных зданиях жилого и общественного назначения	21-02-001-09	100 м3	Устройство системы автономного отопления во временных жилых домах: из трехкомнатных квартир
ГЭСН	21	21-02-001	Устройство системы отопления во временных зданиях жилого и общественного назначения	21-02-001-10	100 м3	Устройство системы автономного отопления во временных жилых домах: из двухкомнатных квартир
ГЭСН	21	21-02-001	Устройство системы отопления во временных зданиях жилого и общественного назначения	21-02-001-11	100 м3	Устройство системы автономного отопления во временных жилых домах: из однокомнатных квартир
ГЭСН	21	21-02-001	Устройство системы отопления во временных зданиях жилого и общественного назначения	21-02-001-12	100 м3	Устройство системы автономного отопления во временных зданиях: общежитий
ГЭСН	21	21-02-001	Устройство системы отопления во временных зданиях жилого и общественного назначения	21-02-001-13	100 м3	Устройство системы автономного отопления во временных зданиях: детских садов или яслей
ГЭСН	21	21-02-001	Устройство системы отопления во временных зданиях жилого и общественного назначения	21-02-001-14	100 м3	Устройство системы автономного отопления во временных зданиях: магазинов
ГЭСН	21	21-02-001	Устройство системы отопления во временных зданиях жилого и общественного назначения	21-02-001-15	100 м3	Устройство системы автономного отопления во временных зданиях: школ
ГЭСН	21	21-02-001	Устройство системы отопления во временных зданиях жилого и общественного назначения	21-02-001-16	100 м3	Устройство системы автономного отопления во временных зданиях: клубов
ГЭСН	21	21-02-002	Устройство системы отопления во временных зданиях бытового, административно-хозяйственного, производственного и складского назначения	21-02-002-01	100 м3	Устройство централизованной системы отопления во временных зданиях: бытовых помещений
ГЭСН	21	21-02-002	Устройство системы отопления во временных зданиях бытового, административно-хозяйственного, производственного и складского назначения	21-02-002-02	100 м3	Устройство централизованной системы отопления во временных зданиях: столовых
ГЭСН	21	21-02-002	Устройство системы отопления во временных зданиях бытового, административно-хозяйственного, производственного и складского назначения	21-02-002-03	100 м3	Устройство централизованной системы отопления во временных зданиях: контор на 20 мест со здравпунктом
ГЭСН	21	21-02-002	Устройство системы отопления во временных зданиях бытового, административно-хозяйственного, производственного и складского назначения	21-02-002-04	100 м3	Устройство централизованной системы отопления во временных зданиях: контор на 30 мест со здравпунктом или буфетом
ГЭСН	21	21-02-002	Устройство системы отопления во временных зданиях бытового, административно-хозяйственного, производственного и складского назначения	21-02-002-05	100 м3	Устройство централизованной системы отопления во временных зданиях: складов отапливаемых
ГЭСН	21	21-02-002	Устройство системы отопления во временных зданиях бытового, административно-хозяйственного, производственного и складского назначения	21-02-002-06	100 м3	Устройство централизованной системы отопления во временных зданиях: мастерских
ГЭСН	21	21-02-002	Устройство системы отопления во временных зданиях бытового, административно-хозяйственного, производственного и складского назначения	21-02-002-07	100 м3	Устройство автономной системы отопления во временных зданиях: бытовых помещений
ГЭСН	21	21-02-002	Устройство системы отопления во временных зданиях бытового, административно-хозяйственного, производственного и складского назначения	21-02-002-08	100 м3	Устройство автономной системы отопления во временных зданиях: столовых
ГЭСН	21	21-02-002	Устройство системы отопления во временных зданиях бытового, административно-хозяйственного, производственного и складского назначения	21-02-002-09	100 м3	Устройство автономной системы отопления во временных зданиях: контор на 20 мест со здравпунктом
ГЭСН	21	21-02-002	Устройство системы отопления во временных зданиях бытового, административно-хозяйственного, производственного и складского назначения	21-02-002-10	100 м3	Устройство автономной системы отопления во временных зданиях: контор на 30 мест со здравпунктом или буфетом
ГЭСН	21	21-02-002	Устройство системы отопления во временных зданиях бытового, административно-хозяйственного, производственного и складского назначения	21-02-002-11	100 м3	Устройство автономной системы отопления во временных зданиях: складов отапливаемых
ГЭСН	21	21-02-002	Устройство системы отопления во временных зданиях бытового, административно-хозяйственного, производственного и складского назначения	21-02-002-12	100 м3	Устройство автономной системы отопления во временных зданиях: мастерских
ГЭСН	21	21-02-003	Устройство системы вентиляции во временных зданиях жилого и общественного назначения	21-02-003-01	100 м3	Устройство системы вентиляции во временных жилых домах: из трехкомнатных квартир
ГЭСН	21	21-02-003	Устройство системы вентиляции во временных зданиях жилого и общественного назначения	21-02-003-02	100 м3	Устройство системы вентиляции во временных жилых домах: из двухкомнатных квартир
ГЭСН	21	21-02-003	Устройство системы вентиляции во временных зданиях жилого и общественного назначения	21-02-003-03	100 м3	Устройство системы вентиляции во временных жилых домах: из однокомнатных квартир
ГЭСН	21	21-02-003	Устройство системы вентиляции во временных зданиях жилого и общественного назначения	21-02-003-04	100 м3	Устройство системы вентиляции во временных зданиях: общежитий
ГЭСН	21	21-02-003	Устройство системы вентиляции во временных зданиях жилого и общественного назначения	21-02-003-05	100 м3	Устройство системы вентиляции во временных зданиях: детских садов или яслей
ГЭСН	21	21-02-003	Устройство системы вентиляции во временных зданиях жилого и общественного назначения	21-02-003-06	100 м3	Устройство системы вентиляции во временных зданиях: магазинов
ГЭСН	21	21-02-003	Устройство системы вентиляции во временных зданиях жилого и общественного назначения	21-02-003-07	100 м3	Устройство системы вентиляции во временных зданиях: школ
ГЭСН	21	21-02-003	Устройство системы вентиляции во временных зданиях жилого и общественного назначения	21-02-003-08	100 м3	Устройство системы вентиляции во временных зданиях: клубов
ГЭСН	21	21-02-004	Устройство системы вентиляции во временных зданиях бытового, административно-хозяйственного, производственного и складского назначения	21-02-004-01	100 м3	Устройство системы вентиляции во временных зданиях: бытовых помещений
ГЭСН	21	21-02-004	Устройство системы вентиляции во временных зданиях бытового, административно-хозяйственного, производственного и складского назначения	21-02-004-02	100 м3	Устройство системы вентиляции во временных зданиях: столовых
ГЭСН	21	21-02-004	Устройство системы вентиляции во временных зданиях бытового, административно-хозяйственного, производственного и складского назначения	21-02-004-03	100 м3	Устройство системы вентиляции во временных зданиях: контор на 20 мест со здравпунктом
ГЭСН	21	21-02-004	Устройство системы вентиляции во временных зданиях бытового, административно-хозяйственного, производственного и складского назначения	21-02-004-04	100 м3	Устройство системы вентиляции во временных зданиях: контор на 30 мест со здравпунктом или буфетом
ГЭСН	21	21-02-004	Устройство системы вентиляции во временных зданиях бытового, административно-хозяйственного, производственного и складского назначения	21-02-004-05	100 м3	Устройство системы вентиляции во временных зданиях: складов отапливаемых
ГЭСН	21	21-02-004	Устройство системы вентиляции во временных зданиях бытового, административно-хозяйственного, производственного и складского назначения	21-02-004-06	100 м3	Устройство системы вентиляции во временных зданиях: мастерских
ГЭСН	21	21-02-005	Устройство системы холодного водоснабжения во временных зданиях жилого и общественного назначения	21-02-005-01	100 м3	Устройство системы холодного водоснабжения во временных жилых домах: из трехкомнатных квартир
ГЭСН	21	21-02-005	Устройство системы холодного водоснабжения во временных зданиях жилого и общественного назначения	21-02-005-02	100 м3	Устройство системы холодного водоснабжения во временных жилых домах: из двухкомнатных квартир
ГЭСН	21	21-02-005	Устройство системы холодного водоснабжения во временных зданиях жилого и общественного назначения	21-02-005-03	100 м3	Устройство системы холодного водоснабжения во временных жилых домах: из однокомнатных квартир
ГЭСН	21	21-02-005	Устройство системы холодного водоснабжения во временных зданиях жилого и общественного назначения	21-02-005-04	100 м3	Устройство системы холодного водоснабжения во временных зданиях: общежитий
ГЭСН	21	21-02-005	Устройство системы холодного водоснабжения во временных зданиях жилого и общественного назначения	21-02-005-05	100 м3	Устройство системы холодного водоснабжения во временных зданиях: детских садов или яслей
ГЭСН	21	21-02-005	Устройство системы холодного водоснабжения во временных зданиях жилого и общественного назначения	21-02-005-06	100 м3	Устройство системы холодного водоснабжения во временных зданиях: магазинов
ГЭСН	21	21-02-005	Устройство системы холодного водоснабжения во временных зданиях жилого и общественного назначения	21-02-005-07	100 м3	Устройство системы холодного водоснабжения во временных зданиях: школ
ГЭСН	21	21-02-005	Устройство системы холодного водоснабжения во временных зданиях жилого и общественного назначения	21-02-005-08	100 м3	Устройство системы холодного водоснабжения во временных зданиях: клубов
ГЭСН	21	21-02-006	Устройство системы холодного водоснабжения во временных зданиях бытового, административно-хозяйственного и производственного назначения	21-02-006-01	100 м3	Устройство систем холодного водоснабжения во временных зданиях: бытовых помещений
ГЭСН	21	21-02-006	Устройство системы холодного водоснабжения во временных зданиях бытового, административно-хозяйственного и производственного назначения	21-02-006-02	100 м3	Устройство систем холодного водоснабжения во временных зданиях: столовых
ГЭСН	21	21-02-006	Устройство системы холодного водоснабжения во временных зданиях бытового, административно-хозяйственного и производственного назначения	21-02-006-03	100 м3	Устройство систем холодного водоснабжения во временных зданиях: контор на 20 мест со здравпунктом
ГЭСН	21	21-02-006	Устройство системы холодного водоснабжения во временных зданиях бытового, административно-хозяйственного и производственного назначения	21-02-006-04	100 м3	Устройство систем холодного водоснабжения во временных зданиях: контор на 30 мест со здравпунктом или буфетом
ГЭСН	21	21-02-006	Устройство системы холодного водоснабжения во временных зданиях бытового, административно-хозяйственного и производственного назначения	21-02-006-05	100 м3	Устройство систем холодного водоснабжения во временных зданиях: мастерских
ГЭСН	21	21-02-007	Устройство системы горячего водоснабжения во временных зданиях жилого и общественного назначения	21-02-007-01	100 м3	Устройство системы горячего водоснабжения во временных жилых домах: из трехкомнатных квартир
ГЭСН	21	21-02-007	Устройство системы горячего водоснабжения во временных зданиях жилого и общественного назначения	21-02-007-02	100 м3	Устройство системы горячего водоснабжения во временных жилых домах: из двухкомнатных квартир
ГЭСН	21	21-02-007	Устройство системы горячего водоснабжения во временных зданиях жилого и общественного назначения	21-02-007-03	100 м3	Устройство системы горячего водоснабжения во временных жилых домах: из однокомнатных квартир
ГЭСН	21	21-02-007	Устройство системы горячего водоснабжения во временных зданиях жилого и общественного назначения	21-02-007-04	100 м3	Устройство системы горячего водоснабжения во временных зданиях: общежитий
ГЭСН	21	21-02-007	Устройство системы горячего водоснабжения во временных зданиях жилого и общественного назначения	21-02-007-05	100 м3	Устройство системы горячего водоснабжения во временных зданиях: детских садов или яслей
ГЭСН	21	21-02-007	Устройство системы горячего водоснабжения во временных зданиях жилого и общественного назначения	21-02-007-06	100 м3	Устройство системы горячего водоснабжения во временных зданиях: школ
ГЭСН	21	21-02-008	Устройство системы горячего водоснабжения во временных зданиях бытового, административно-хозяйственного и производственного назначения	21-02-008-01	100 м3	Устройство системы горячего водоснабжения во временных зданиях: бытовых помещений
ГЭСН	21	21-02-008	Устройство системы горячего водоснабжения во временных зданиях бытового, административно-хозяйственного и производственного назначения	21-02-008-02	100 м3	Устройство системы горячего водоснабжения во временных зданиях: столовых
ГЭСН	21	21-02-008	Устройство системы горячего водоснабжения во временных зданиях бытового, административно-хозяйственного и производственного назначения	21-02-008-03	100 м3	Устройство системы горячего водоснабжения во временных зданиях: контор на 20 мест со здравпунктом
ГЭСН	21	21-02-008	Устройство системы горячего водоснабжения во временных зданиях бытового, административно-хозяйственного и производственного назначения	21-02-008-04	100 м3	Устройство системы горячего водоснабжения во временных зданиях: мастерских
ГЭСН	21	21-02-009	Устройство системы канализации во временных зданиях жилого и общественного назначения	21-02-009-01	100 м3	Устройство системы канализации во временных жилых домах: из трехкомнатных квартир
ГЭСН	21	21-02-009	Устройство системы канализации во временных зданиях жилого и общественного назначения	21-02-009-02	100 м3	Устройство системы канализации во временных жилых домах: из двухкомнатных квартир
ГЭСН	21	21-02-009	Устройство системы канализации во временных зданиях жилого и общественного назначения	21-02-009-03	100 м3	Устройство системы канализации во временных жилых домах: из однокомнатных квартир
ГЭСН	21	21-02-009	Устройство системы канализации во временных зданиях жилого и общественного назначения	21-02-009-04	100 м3	Устройство системы канализации во временных зданиях: общежитий
ГЭСН	21	21-02-009	Устройство системы канализации во временных зданиях жилого и общественного назначения	21-02-009-05	100 м3	Устройство системы канализации во временных зданиях: детских садов или яслей
ГЭСН	21	21-02-009	Устройство системы канализации во временных зданиях жилого и общественного назначения	21-02-009-06	100 м3	Устройство системы канализации во временных зданиях: магазинов
ГЭСН	21	21-02-009	Устройство системы канализации во временных зданиях жилого и общественного назначения	21-02-009-07	100 м3	Устройство системы канализации во временных зданиях: школ
ГЭСН	21	21-02-009	Устройство системы канализации во временных зданиях жилого и общественного назначения	21-02-009-08	100 м3	Устройство системы канализации во временных зданиях: клубов
ГЭСН	21	21-02-010	Устройство системы канализации во временных зданиях бытового, административно-хозяйственного и производственного назначения	21-02-010-01	100 м3	Устройство системы канализации во временных зданиях: бытовых помещений
ГЭСН	21	21-02-010	Устройство системы канализации во временных зданиях бытового, административно-хозяйственного и производственного назначения	21-02-010-02	100 м3	Устройство системы канализации во временных зданиях: столовых
ГЭСН	21	21-02-010	Устройство системы канализации во временных зданиях бытового, административно-хозяйственного и производственного назначения	21-02-010-03	100 м3	Устройство системы канализации во временных зданиях: контор на 20 мест со здравпунктом
ГЭСН	21	21-02-010	Устройство системы канализации во временных зданиях бытового, административно-хозяйственного и производственного назначения	21-02-010-04	100 м3	Устройство системы канализации во временных зданиях: контор на 30 мест со здравпунктом или буфетом
ГЭСН	21	21-02-010	Устройство системы канализации во временных зданиях бытового, административно-хозяйственного и производственного назначения	21-02-010-05	100 м3	Устройство системы канализации во временных зданиях: мастерских
ГЭСН	21	21-02-016	Устройство внутреннего электроснабжения временных жилых и общественных зданий	21-02-016-01	100 м3	Устройство внутреннего электроснабжения временных жилых домов: из трехкомнатных квартир
ГЭСН	21	21-02-016	Устройство внутреннего электроснабжения временных жилых и общественных зданий	21-02-016-02	100 м3	Устройство внутреннего электроснабжения временных жилых домов: из двухкомнатных квартир
ГЭСН	21	21-02-016	Устройство внутреннего электроснабжения временных жилых и общественных зданий	21-02-016-03	100 м3	Устройство внутреннего электроснабжения временных жилых домов: из однокомнатных квартир
ГЭСН	21	21-02-016	Устройство внутреннего электроснабжения временных жилых и общественных зданий	21-02-016-04	100 м3	Устройство внутреннего электроснабжения временных зданий: общежитий
ГЭСН	21	21-02-016	Устройство внутреннего электроснабжения временных жилых и общественных зданий	21-02-016-05	100 м3	Устройство внутреннего электроснабжения временных зданий: детских садов или яслей
ГЭСН	21	21-02-016	Устройство внутреннего электроснабжения временных жилых и общественных зданий	21-02-016-06	100 м3	Устройство внутреннего электроснабжения временных зданий: магазинов
ГЭСН	21	21-02-016	Устройство внутреннего электроснабжения временных жилых и общественных зданий	21-02-016-07	100 м3	Устройство внутреннего электроснабжения временных зданий: школ
ГЭСН	21	21-02-016	Устройство внутреннего электроснабжения временных жилых и общественных зданий	21-02-016-08	100 м3	Устройство внутреннего электроснабжения временных зданий: клубов
ГЭСН	21	21-02-017	Устройство внутреннего электроснабжения временных зданий бытового и административного назначения	21-02-017-01	100 м3	Устройство внутреннего электроснабжения временных зданий: бытовых помещений
ГЭСН	21	21-02-017	Устройство внутреннего электроснабжения временных зданий бытового и административного назначения	21-02-017-02	100 м3	Устройство внутреннего электроснабжения временных зданий: столовых
ГЭСН	21	21-02-017	Устройство внутреннего электроснабжения временных зданий бытового и административного назначения	21-02-017-03	100 м3	Устройство внутреннего электроснабжения временных зданий: контор на 20 мест со здравпунктом
ГЭСН	21	21-02-017	Устройство внутреннего электроснабжения временных зданий бытового и административного назначения	21-02-017-04	100 м3	Устройство внутреннего электроснабжения временных зданий: контор на 30 мест со здравпунктом или буфетом
ГЭСН	21	21-02-018	Устройство внутреннего электроснабжения временных зданий производственного и складского назначения	21-02-018-01	100 м3	Устройство внутреннего электроснабжения временных зданий: складов отапливаемых и неотапливаемых
ГЭСН	21	21-02-018	Устройство внутреннего электроснабжения временных зданий производственного и складского назначения	21-02-018-02	100 м3	Устройство внутреннего электроснабжения временных зданий: мастерских
ГЭСН	21	21-03-002	Устройство и разборка подкрановых путей для башенных кранов из отдельных элементов на деревянных полушпалах в две нити	21-03-002-07	шт	Устройство и разборка звеньев подкрановых путей для башенных кранов из отдельных элементов на деревянных полушпалах длиной 12,5 м в две нити с рельсами типа: Р50 шириной колеи до 4500 мм на песчаном б
ГЭСН	21	21-03-002	Устройство и разборка подкрановых путей для башенных кранов из отдельных элементов на деревянных полушпалах в две нити	21-03-002-08	шт	Устройство и разборка звеньев подкрановых путей для башенных кранов из отдельных элементов на деревянных полушпалах длиной 12,5 м в две нити с рельсами типа: Р50 шириной колеи до 4500 мм на щебеночном
ГЭСН	21	21-03-002	Устройство и разборка подкрановых путей для башенных кранов из отдельных элементов на деревянных полушпалах в две нити	21-03-002-09	шт	Устройство и разборка звеньев подкрановых путей для башенных кранов из отдельных элементов на деревянных полушпалах длиной 12,5 м в две нити с рельсами типа: Р50 шириной колеи свыше 4500 до 6000 мм на
ГЭСН	21	21-03-002	Устройство и разборка подкрановых путей для башенных кранов из отдельных элементов на деревянных полушпалах в две нити	21-03-002-10	шт	Устройство и разборка звеньев подкрановых путей для башенных кранов из отдельных элементов на деревянных полушпалах длиной 12,5 м в две нити с рельсами типа: Р50 шириной колеи свыше 4500 до 6000 мм на
ГЭСН	21	21-03-002	Устройство и разборка подкрановых путей для башенных кранов из отдельных элементов на деревянных полушпалах в две нити	21-03-002-11	шт	Устройство и разборка звеньев подкрановых путей для башенных кранов из отдельных элементов на деревянных полушпалах длиной 12,5 м в две нити с рельсами типа: Р50 шириной колеи свыше 6000 до 7500 мм на
ГЭСН	21	21-03-002	Устройство и разборка подкрановых путей для башенных кранов из отдельных элементов на деревянных полушпалах в две нити	21-03-002-12	шт	Устройство и разборка звеньев подкрановых путей для башенных кранов из отдельных элементов на деревянных полушпалах длиной 12,5 м в две нити с рельсами типа: Р50 шириной колеи свыше 6000 до 7500 мм на
ГЭСН	21	21-03-002	Устройство и разборка подкрановых путей для башенных кранов из отдельных элементов на деревянных полушпалах в две нити	21-03-002-13	шт	Устройство и разборка звеньев подкрановых путей для башенных кранов из отдельных элементов на деревянных полушпалах длиной 12,5 м в две нити с рельсами типа: Р65 шириной колеи до 6000 мм на песчаном б
ГЭСН	21	21-03-002	Устройство и разборка подкрановых путей для башенных кранов из отдельных элементов на деревянных полушпалах в две нити	21-03-002-14	шт	Устройство и разборка звеньев подкрановых путей для башенных кранов из отдельных элементов на деревянных полушпалах длиной 12,5 м в две нити с рельсами типа: Р65 шириной колеи до 6000 мм на щебеночном
ГЭСН	21	21-03-003	Устройство выключающей линейки на подкрановых путях для башенных кранов	21-03-003-01	путь	Устройство выключающей линейки на подкрановых путях для башенных кранов: весом до 5 кг
ГЭСН	21	21-03-003	Устройство выключающей линейки на подкрановых путях для башенных кранов	21-03-003-02	путь	Устройство выключающей линейки на подкрановых путях для башенных кранов: весом до 10 кг
ГЭСН	21	21-03-003	Устройство выключающей линейки на подкрановых путях для башенных кранов	21-03-003-03	путь	Устройство выключающей линейки на подкрановых путях для башенных кранов: весом до 25 кг
ГЭСН	21	21-03-004	Устройство и разборка кабельных лотков на подкрановых путях для башенных кранов	21-03-004-01	шт	Устройство и разборка кабельных лотков (длиной 12,5 м) на подкрановых путях для башенных кранов: с изготовлением лотков в построечных условиях
ГЭСН	21	21-03-005	Установка тупиковых упоров на подкрановых путях для башенных кранов	21-03-005-01	путь	Установка тупиковых упоров на подкрановых путях для башенных кранов
ГЭСН	21	21-03-006	Испытание башенного крана перед сдачей в эксплуатацию	21-03-006-01	шт	Испытание башенного крана перед сдачей в эксплуатацию: грузоподъемностью до 5 т
ГЭСН	21	21-03-006	Испытание башенного крана перед сдачей в эксплуатацию	21-03-006-02	шт	Испытание башенного крана перед сдачей в эксплуатацию: грузоподъемностью до 8 т
ГЭСН	21	21-03-006	Испытание башенного крана перед сдачей в эксплуатацию	21-03-006-03	шт	Испытание башенного крана перед сдачей в эксплуатацию: грузоподъемностью до 10 т
ГЭСН	21	21-03-006	Испытание башенного крана перед сдачей в эксплуатацию	21-03-006-04	шт	Испытание башенного крана перед сдачей в эксплуатацию: грузоподъемностью до 12,5 т
ГЭСН	21	21-03-006	Испытание башенного крана перед сдачей в эксплуатацию	21-03-006-05	шт	Испытание башенного крана перед сдачей в эксплуатацию: грузоподъемностью до 25 т
ГЭСН	21	21-03-006	Испытание башенного крана перед сдачей в эксплуатацию	21-03-006-06	шт	Испытание башенного крана перед сдачей в эксплуатацию: грузоподъемностью более 25 т
ГЭСН	21	21-03-007	Устройство заземления рельсового пути для башенных кранов	21-03-007-01	шт	Устройство заземления рельсового пути для башенных кранов в грунтах: 1 группы при количестве очагов заземления один
ГЭСН	21	21-03-007	Устройство заземления рельсового пути для башенных кранов	21-03-007-02	шт	Устройство заземления рельсового пути для башенных кранов в грунтах: 1 группы при количестве очагов заземления два
ГЭСН	21	21-03-007	Устройство заземления рельсового пути для башенных кранов	21-03-007-03	шт	Устройство заземления рельсового пути для башенных кранов в грунтах: 1 группы при количестве очагов заземления три
ГЭСН	21	21-03-007	Устройство заземления рельсового пути для башенных кранов	21-03-007-04	шт	Устройство заземления рельсового пути для башенных кранов в грунтах: 1 группы при количестве очагов заземления четыре
ГЭСН	21	21-03-007	Устройство заземления рельсового пути для башенных кранов	21-03-007-05	шт	Устройство заземления рельсового пути для башенных кранов в грунтах: 2 группы при количестве очагов заземления один
ГЭСН	21	21-03-007	Устройство заземления рельсового пути для башенных кранов	21-03-007-06	шт	Устройство заземления рельсового пути для башенных кранов в грунтах: 2 группы при количестве очагов заземления два
ГЭСН	21	21-03-007	Устройство заземления рельсового пути для башенных кранов	21-03-007-07	шт	Устройство заземления рельсового пути для башенных кранов в грунтах: 2 группы при количестве очагов заземления три
ГЭСН	21	21-03-007	Устройство заземления рельсового пути для башенных кранов	21-03-007-08	шт	Устройство заземления рельсового пути для башенных кранов в грунтах: 2 группы при количестве очагов заземления четыре
ГЭСН	21	21-03-007	Устройство заземления рельсового пути для башенных кранов	21-03-007-09	шт	Устройство заземления рельсового пути для башенных кранов в грунтах: 3 группы при количестве очагов заземления один
ГЭСН	21	21-03-007	Устройство заземления рельсового пути для башенных кранов	21-03-007-10	шт	Устройство заземления рельсового пути для башенных кранов в грунтах: 3 группы при количестве очагов заземления два
ГЭСН	21	21-03-007	Устройство заземления рельсового пути для башенных кранов	21-03-007-11	шт	Устройство заземления рельсового пути для башенных кранов в грунтах: 3 группы при количестве очагов заземления три
ГЭСН	21	21-03-007	Устройство заземления рельсового пути для башенных кранов	21-03-007-12	шт	Устройство заземления рельсового пути для башенных кранов в грунтах: 3 группы при количестве очагов заземления четыре
ГЭСН	21	21-03-007	Устройство заземления рельсового пути для башенных кранов	21-03-007-13	шт	На каждое звено рельсового пути длиной 12,5 м добавлять или уменьшать к нормам 21-03-007
ГЭСН	21	21-03-008	Монтаж башенных кранов	21-03-008-01	шт	Монтаж башенного крана грузоподъемностью 10 т
ГЭСН	21	21-03-008	Монтаж башенных кранов	21-03-008-02	шт	Монтаж обоймы наращивания
ГЭСН	21	21-03-008	Монтаж башенных кранов	21-03-008-03	шт	Наращивание промежуточной секции
ГЭСН	21	21-03-009	Демонтаж башенных кранов	21-03-009-01	шт	Демонтаж башенного крана грузоподъемностью 10 т
ГЭСН	21	21-03-009	Демонтаж башенных кранов	21-03-009-02	шт	Демонтаж обоймы наращивания
ГЭСН	21	21-03-009	Демонтаж башенных кранов	21-03-009-03	шт	Демонтаж промежуточной секции