norm_code	table_code	table_name	division	unit	norm_name
22-01-006-01	22-01-006	Укладка водопроводных чугунных напорных раструбных труб при заделке раструбов хризотилцементом	ТРУБЫ ЧУГУННЫЕ	км	Укладка водопроводных чугунных напорных раструбных труб при заделке раструбов хризотилцементом диаметром: 65 мм
22-01-006-02	22-01-006	Укладка водопроводных чугунных напорных раструбных труб при заделке раструбов хризотилцементом	ТРУБЫ ЧУГУННЫЕ	км	Укладка водопроводных чугунных напорных раструбных труб при заделке раструбов хризотилцементом диаметром: 80 мм
22-01-006-03	22-01-006	Укладка водопроводных чугунных напорных раструбных труб при заделке раструбов хризотилцементом	ТРУБЫ ЧУГУННЫЕ	км	Укладка водопроводных чугунных напорных раструбных труб при заделке раструбов хризотилцементом диаметром: 100 мм
22-01-006-04	22-01-006	Укладка водопроводных чугунных напорных раструбных труб при заделке раструбов хризотилцементом	ТРУБЫ ЧУГУННЫЕ	км	Укладка водопроводных чугунных напорных раструбных труб при заделке раструбов хризотилцементом диаметром: 125 мм
22-01-006-05	22-01-006	Укладка водопроводных чугунных напорных раструбных труб при заделке раструбов хризотилцементом	ТРУБЫ ЧУГУННЫЕ	км	Укладка водопроводных чугунных напорных раструбных труб при заделке раструбов хризотилцементом диаметром: 150 мм
22-01-006-06	22-01-006	Укладка водопроводных чугунных напорных раструбных труб при заделке раструбов хризотилцементом	ТРУБЫ ЧУГУННЫЕ	км	Укладка водопроводных чугунных напорных раструбных труб при заделке раструбов хризотилцементом диаметром: 200 мм
22-01-006-07	22-01-006	Укладка водопроводных чугунных напорных раструбных труб при заделке раструбов хризотилцементом	ТРУБЫ ЧУГУННЫЕ	км	Укладка водопроводных чугунных напорных раструбных труб при заделке раструбов хризотилцементом диаметром: 250 мм
22-01-006-08	22-01-006	Укладка водопроводных чугунных напорных раструбных труб при заделке раструбов хризотилцементом	ТРУБЫ ЧУГУННЫЕ	км	Укладка водопроводных чугунных напорных раструбных труб при заделке раструбов хризотилцементом диаметром: 300 мм
22-01-006-09	22-01-006	Укладка водопроводных чугунных напорных раструбных труб при заделке раструбов хризотилцементом	ТРУБЫ ЧУГУННЫЕ	км	Укладка водопроводных чугунных напорных раструбных труб при заделке раструбов хризотилцементом диаметром: 350 мм
22-01-006-10	22-01-006	Укладка водопроводных чугунных напорных раструбных труб при заделке раструбов хризотилцементом	ТРУБЫ ЧУГУННЫЕ	км	Укладка водопроводных чугунных напорных раструбных труб при заделке раструбов хризотилцементом диаметром: 400 мм
22-01-006-11	22-01-006	Укладка водопроводных чугунных напорных раструбных труб при заделке раструбов хризотилцементом	ТРУБЫ ЧУГУННЫЕ	км	Укладка водопроводных чугунных напорных раструбных труб при заделке раструбов хризотилцементом диаметром: 500 мм
22-01-006-12	22-01-006	Укладка водопроводных чугунных напорных раструбных труб при заделке раструбов хризотилцементом	ТРУБЫ ЧУГУННЫЕ	км	Укладка водопроводных чугунных напорных раструбных труб при заделке раструбов хризотилцементом диаметром: 600 мм
22-01-006-13	22-01-006	Укладка водопроводных чугунных напорных раструбных труб при заделке раструбов хризотилцементом	ТРУБЫ ЧУГУННЫЕ	км	Укладка водопроводных чугунных напорных раструбных труб при заделке раструбов хризотилцементом диаметром: 700 мм
22-01-006-14	22-01-006	Укладка водопроводных чугунных напорных раструбных труб при заделке раструбов хризотилцементом	ТРУБЫ ЧУГУННЫЕ	км	Укладка водопроводных чугунных напорных раструбных труб при заделке раструбов хризотилцементом диаметром: 800 мм
22-01-006-15	22-01-006	Укладка водопроводных чугунных напорных раструбных труб при заделке раструбов хризотилцементом	ТРУБЫ ЧУГУННЫЕ	км	Укладка водопроводных чугунных напорных раструбных труб при заделке раструбов хризотилцементом диаметром: 900 мм
22-01-006-16	22-01-006	Укладка водопроводных чугунных напорных раструбных труб при заделке раструбов хризотилцементом	ТРУБЫ ЧУГУННЫЕ	км	Укладка водопроводных чугунных напорных раструбных труб при заделке раструбов хризотилцементом диаметром: 1000 мм
22-01-007-01	22-01-007	Укладка водопроводных чугунных напорных труб с заделкой раструбов резиновыми уплотнительными манжета	ТРУБЫ ЧУГУННЫЕ	км	Укладка водопроводных чугунных напорных труб с заделкой раструбов резиновыми уплотнительными манжетами диаметром: 65 мм
22-01-007-02	22-01-007	Укладка водопроводных чугунных напорных труб с заделкой раструбов резиновыми уплотнительными манжета	ТРУБЫ ЧУГУННЫЕ	км	Укладка водопроводных чугунных напорных труб с заделкой раструбов резиновыми уплотнительными манжетами диаметром: 80 мм
22-01-007-03	22-01-007	Укладка водопроводных чугунных напорных труб с заделкой раструбов резиновыми уплотнительными манжета	ТРУБЫ ЧУГУННЫЕ	км	Укладка водопроводных чугунных напорных труб с заделкой раструбов резиновыми уплотнительными манжетами диаметром: 100 мм
22-01-007-04	22-01-007	Укладка водопроводных чугунных напорных труб с заделкой раструбов резиновыми уплотнительными манжета	ТРУБЫ ЧУГУННЫЕ	км	Укладка водопроводных чугунных напорных труб с заделкой раструбов резиновыми уплотнительными манжетами диаметром: 150 мм
22-01-007-05	22-01-007	Укладка водопроводных чугунных напорных труб с заделкой раструбов резиновыми уплотнительными манжета	ТРУБЫ ЧУГУННЫЕ	км	Укладка водопроводных чугунных напорных труб с заделкой раструбов резиновыми уплотнительными манжетами диаметром: 200 мм
22-01-007-06	22-01-007	Укладка водопроводных чугунных напорных труб с заделкой раструбов резиновыми уплотнительными манжета	ТРУБЫ ЧУГУННЫЕ	км	Укладка водопроводных чугунных напорных труб с заделкой раструбов резиновыми уплотнительными манжетами диаметром: 250 мм
22-01-007-07	22-01-007	Укладка водопроводных чугунных напорных труб с заделкой раструбов резиновыми уплотнительными манжета	ТРУБЫ ЧУГУННЫЕ	км	Укладка водопроводных чугунных напорных труб с заделкой раструбов резиновыми уплотнительными манжетами диаметром: 300 мм
22-01-007-08	22-01-007	Укладка водопроводных чугунных напорных труб с заделкой раструбов резиновыми уплотнительными манжета	ТРУБЫ ЧУГУННЫЕ	км	Укладка водопроводных чугунных напорных труб с заделкой раструбов резиновыми уплотнительными манжетами диаметром: 400 мм
22-01-007-09	22-01-007	Укладка водопроводных чугунных напорных труб с заделкой раструбов резиновыми уплотнительными манжета	ТРУБЫ ЧУГУННЫЕ	км	Укладка водопроводных чугунных напорных труб с заделкой раструбов резиновыми уплотнительными манжетами диаметром: 500 мм
22-01-007-10	22-01-007	Укладка водопроводных чугунных напорных труб с заделкой раструбов резиновыми уплотнительными манжета	ТРУБЫ ЧУГУННЫЕ	км	Укладка водопроводных чугунных напорных труб с заделкой раструбов резиновыми уплотнительными манжетами диаметром: 600 мм
22-01-007-11	22-01-007	Укладка водопроводных чугунных напорных труб с заделкой раструбов резиновыми уплотнительными манжета	ТРУБЫ ЧУГУННЫЕ	км	Укладка водопроводных чугунных напорных труб с заделкой раструбов резиновыми уплотнительными манжетами диаметром: 700 мм
22-01-007-12	22-01-007	Укладка водопроводных чугунных напорных труб с заделкой раструбов резиновыми уплотнительными манжета	ТРУБЫ ЧУГУННЫЕ	км	Укладка водопроводных чугунных напорных труб с заделкой раструбов резиновыми уплотнительными манжетами диаметром: 800 мм
22-01-007-13	22-01-007	Укладка водопроводных чугунных напорных труб с заделкой раструбов резиновыми уплотнительными манжета	ТРУБЫ ЧУГУННЫЕ	км	Укладка водопроводных чугунных напорных труб с заделкой раструбов резиновыми уплотнительными манжетами диаметром: 900 мм
22-01-007-14	22-01-007	Укладка водопроводных чугунных напорных труб с заделкой раструбов резиновыми уплотнительными манжета	ТРУБЫ ЧУГУННЫЕ	км	Укладка водопроводных чугунных напорных труб с заделкой раструбов резиновыми уплотнительными манжетами диаметром: 1000 мм
22-01-007-15	22-01-007	Укладка водопроводных чугунных напорных труб с заделкой раструбов резиновыми уплотнительными манжета	ТРУБЫ ЧУГУННЫЕ	км	Укладка водопроводных чугунных напорных труб с заделкой раструбов резиновыми уплотнительными манжетами диаметром: 1200 мм
22-01-007-16	22-01-007	Укладка водопроводных чугунных напорных труб с заделкой раструбов резиновыми уплотнительными манжета	ТРУБЫ ЧУГУННЫЕ	км	Укладка водопроводных чугунных напорных труб с заделкой раструбов резиновыми уплотнительными манжетами диаметром: 1400 мм
22-01-011-01	22-01-011	Укладка стальных водопроводных труб с гидравлическим испытанием	ТРУБЫ СТАЛЬНЫЕ	км	Укладка стальных водопроводных труб с гидравлическим испытанием диаметром: 50 мм
22-01-011-02	22-01-011	Укладка стальных водопроводных труб с гидравлическим испытанием	ТРУБЫ СТАЛЬНЫЕ	км	Укладка стальных водопроводных труб с гидравлическим испытанием диаметром: 75 мм
22-01-011-03	22-01-011	Укладка стальных водопроводных труб с гидравлическим испытанием	ТРУБЫ СТАЛЬНЫЕ	км	Укладка стальных водопроводных труб с гидравлическим испытанием диаметром: 100 мм
22-01-011-04	22-01-011	Укладка стальных водопроводных труб с гидравлическим испытанием	ТРУБЫ СТАЛЬНЫЕ	км	Укладка стальных водопроводных труб с гидравлическим испытанием диаметром: 125 мм
22-01-011-05	22-01-011	Укладка стальных водопроводных труб с гидравлическим испытанием	ТРУБЫ СТАЛЬНЫЕ	км	Укладка стальных водопроводных труб с гидравлическим испытанием диаметром: 150 мм
22-01-011-06	22-01-011	Укладка стальных водопроводных труб с гидравлическим испытанием	ТРУБЫ СТАЛЬНЫЕ	км	Укладка стальных водопроводных труб с гидравлическим испытанием диаметром: 200 мм
22-01-011-07	22-01-011	Укладка стальных водопроводных труб с гидравлическим испытанием	ТРУБЫ СТАЛЬНЫЕ	км	Укладка стальных водопроводных труб с гидравлическим испытанием диаметром: 250 мм
22-01-011-08	22-01-011	Укладка стальных водопроводных труб с гидравлическим испытанием	ТРУБЫ СТАЛЬНЫЕ	км	Укладка стальных водопроводных труб с гидравлическим испытанием диаметром: 300 мм
22-01-011-09	22-01-011	Укладка стальных водопроводных труб с гидравлическим испытанием	ТРУБЫ СТАЛЬНЫЕ	км	Укладка стальных водопроводных труб с гидравлическим испытанием диаметром: 350 мм
22-01-011-10	22-01-011	Укладка стальных водопроводных труб с гидравлическим испытанием	ТРУБЫ СТАЛЬНЫЕ	км	Укладка стальных водопроводных труб с гидравлическим испытанием диаметром: 400 мм
22-01-011-11	22-01-011	Укладка стальных водопроводных труб с гидравлическим испытанием	ТРУБЫ СТАЛЬНЫЕ	км	Укладка стальных водопроводных труб с гидравлическим испытанием диаметром: 500 мм
22-01-011-12	22-01-011	Укладка стальных водопроводных труб с гидравлическим испытанием	ТРУБЫ СТАЛЬНЫЕ	км	Укладка стальных водопроводных труб с гидравлическим испытанием диаметром: 600 мм
22-01-011-13	22-01-011	Укладка стальных водопроводных труб с гидравлическим испытанием	ТРУБЫ СТАЛЬНЫЕ	км	Укладка стальных водопроводных труб с гидравлическим испытанием диаметром: 700 мм
22-01-011-14	22-01-011	Укладка стальных водопроводных труб с гидравлическим испытанием	ТРУБЫ СТАЛЬНЫЕ	км	Укладка стальных водопроводных труб с гидравлическим испытанием диаметром: 800 мм
22-01-011-15	22-01-011	Укладка стальных водопроводных труб с гидравлическим испытанием	ТРУБЫ СТАЛЬНЫЕ	км	Укладка стальных водопроводных труб с гидравлическим испытанием диаметром: 900 мм
22-01-011-16	22-01-011	Укладка стальных водопроводных труб с гидравлическим испытанием	ТРУБЫ СТАЛЬНЫЕ	км	Укладка стальных водопроводных труб с гидравлическим испытанием диаметром: 1000 мм
22-01-011-17	22-01-011	Укладка стальных водопроводных труб с гидравлическим испытанием	ТРУБЫ СТАЛЬНЫЕ	км	Укладка стальных водопроводных труб с гидравлическим испытанием диаметром: 1100 мм
22-01-011-18	22-01-011	Укладка стальных водопроводных труб с гидравлическим испытанием	ТРУБЫ СТАЛЬНЫЕ	км	Укладка стальных водопроводных труб с гидравлическим испытанием диаметром: 1200 мм
22-01-011-19	22-01-011	Укладка стальных водопроводных труб с гидравлическим испытанием	ТРУБЫ СТАЛЬНЫЕ	км	Укладка стальных водопроводных труб с гидравлическим испытанием диаметром: 1300 мм
22-01-011-20	22-01-011	Укладка стальных водопроводных труб с гидравлическим испытанием	ТРУБЫ СТАЛЬНЫЕ	км	Укладка стальных водопроводных труб с гидравлическим испытанием диаметром: 1400 мм
22-01-011-21	22-01-011	Укладка стальных водопроводных труб с гидравлическим испытанием	ТРУБЫ СТАЛЬНЫЕ	км	Укладка стальных водопроводных труб с гидравлическим испытанием диаметром: 1500 мм
22-01-011-22	22-01-011	Укладка стальных водопроводных труб с гидравлическим испытанием	ТРУБЫ СТАЛЬНЫЕ	км	Укладка стальных водопроводных труб с гидравлическим испытанием диаметром: 1600 мм
22-01-011-23	22-01-011	Укладка стальных водопроводных труб с гидравлическим испытанием	ТРУБЫ СТАЛЬНЫЕ	км	Укладка стальных водопроводных труб с гидравлическим испытанием диаметром: 1800 мм
22-01-011-24	22-01-011	Укладка стальных водопроводных труб с гидравлическим испытанием	ТРУБЫ СТАЛЬНЫЕ	км	Укладка стальных водопроводных труб с гидравлическим испытанием диаметром: 2000 мм
22-01-012-01	22-01-012	Укладка стальных водопроводных труб с пневматическим испытанием	ТРУБЫ СТАЛЬНЫЕ	км	Укладка стальных водопроводных труб с пневматическим испытанием диаметром: 50 мм
22-01-012-02	22-01-012	Укладка стальных водопроводных труб с пневматическим испытанием	ТРУБЫ СТАЛЬНЫЕ	км	Укладка стальных водопроводных труб с пневматическим испытанием диаметром: 75 мм
22-01-012-03	22-01-012	Укладка стальных водопроводных труб с пневматическим испытанием	ТРУБЫ СТАЛЬНЫЕ	км	Укладка стальных водопроводных труб с пневматическим испытанием диаметром: 100 мм
22-01-012-04	22-01-012	Укладка стальных водопроводных труб с пневматическим испытанием	ТРУБЫ СТАЛЬНЫЕ	км	Укладка стальных водопроводных труб с пневматическим испытанием диаметром: 125 мм
22-01-012-05	22-01-012	Укладка стальных водопроводных труб с пневматическим испытанием	ТРУБЫ СТАЛЬНЫЕ	км	Укладка стальных водопроводных труб с пневматическим испытанием диаметром: 150 мм
22-01-012-06	22-01-012	Укладка стальных водопроводных труб с пневматическим испытанием	ТРУБЫ СТАЛЬНЫЕ	км	Укладка стальных водопроводных труб с пневматическим испытанием диаметром: 200 мм
22-01-012-07	22-01-012	Укладка стальных водопроводных труб с пневматическим испытанием	ТРУБЫ СТАЛЬНЫЕ	км	Укладка стальных водопроводных труб с пневматическим испытанием диаметром: 250 мм
22-01-012-08	22-01-012	Укладка стальных водопроводных труб с пневматическим испытанием	ТРУБЫ СТАЛЬНЫЕ	км	Укладка стальных водопроводных труб с пневматическим испытанием диаметром: 300 мм
22-01-012-09	22-01-012	Укладка стальных водопроводных труб с пневматическим испытанием	ТРУБЫ СТАЛЬНЫЕ	км	Укладка стальных водопроводных труб с пневматическим испытанием диаметром: 350 мм
22-01-012-10	22-01-012	Укладка стальных водопроводных труб с пневматическим испытанием	ТРУБЫ СТАЛЬНЫЕ	км	Укладка стальных водопроводных труб с пневматическим испытанием диаметром: 400 мм
22-01-012-11	22-01-012	Укладка стальных водопроводных труб с пневматическим испытанием	ТРУБЫ СТАЛЬНЫЕ	км	Укладка стальных водопроводных труб с пневматическим испытанием диаметром: 500 мм
22-01-012-12	22-01-012	Укладка стальных водопроводных труб с пневматическим испытанием	ТРУБЫ СТАЛЬНЫЕ	км	Укладка стальных водопроводных труб с пневматическим испытанием диаметром: 600 мм
22-01-012-13	22-01-012	Укладка стальных водопроводных труб с пневматическим испытанием	ТРУБЫ СТАЛЬНЫЕ	км	Укладка стальных водопроводных труб с пневматическим испытанием диаметром: 700 мм
22-01-012-14	22-01-012	Укладка стальных водопроводных труб с пневматическим испытанием	ТРУБЫ СТАЛЬНЫЕ	км	Укладка стальных водопроводных труб с пневматическим испытанием диаметром: 800 мм
22-01-012-15	22-01-012	Укладка стальных водопроводных труб с пневматическим испытанием	ТРУБЫ СТАЛЬНЫЕ	км	Укладка стальных водопроводных труб с пневматическим испытанием диаметром: 900 мм
22-01-012-16	22-01-012	Укладка стальных водопроводных труб с пневматическим испытанием	ТРУБЫ СТАЛЬНЫЕ	км	Укладка стальных водопроводных труб с пневматическим испытанием диаметром: 1000 мм
22-01-012-17	22-01-012	Укладка стальных водопроводных труб с пневматическим испытанием	ТРУБЫ СТАЛЬНЫЕ	км	Укладка стальных водопроводных труб с пневматическим испытанием диаметром: 1100 мм
22-01-012-18	22-01-012	Укладка стальных водопроводных труб с пневматическим испытанием	ТРУБЫ СТАЛЬНЫЕ	км	Укладка стальных водопроводных труб с пневматическим испытанием диаметром: 1200 мм
22-01-012-19	22-01-012	Укладка стальных водопроводных труб с пневматическим испытанием	ТРУБЫ СТАЛЬНЫЕ	км	Укладка стальных водопроводных труб с пневматическим испытанием диаметром: 1300 мм
22-01-012-20	22-01-012	Укладка стальных водопроводных труб с пневматическим испытанием	ТРУБЫ СТАЛЬНЫЕ	км	Укладка стальных водопроводных труб с пневматическим испытанием диаметром: 1400 мм
22-01-012-21	22-01-012	Укладка стальных водопроводных труб с пневматическим испытанием	ТРУБЫ СТАЛЬНЫЕ	км	Укладка стальных водопроводных труб с пневматическим испытанием диаметром: 1500 мм
22-01-012-22	22-01-012	Укладка стальных водопроводных труб с пневматическим испытанием	ТРУБЫ СТАЛЬНЫЕ	км	Укладка стальных водопроводных труб с пневматическим испытанием диаметром: 1600 мм
22-01-012-23	22-01-012	Укладка стальных водопроводных труб с пневматическим испытанием	ТРУБЫ СТАЛЬНЫЕ	км	Укладка стальных водопроводных труб с пневматическим испытанием диаметром: 1800 мм
22-01-012-24	22-01-012	Укладка стальных водопроводных труб с пневматическим испытанием	ТРУБЫ СТАЛЬНЫЕ	км	Укладка стальных водопроводных труб с пневматическим испытанием диаметром: 2000 мм
22-01-013-01	22-01-013	Укладка трубопроводов из стальных труб с внутренней цементно-песчаной изоляцией, наружным защитным д	ТРУБЫ СТАЛЬНЫЕ	100 м	Укладка трубопроводов из стальных труб с внутренней цементно-песчаной изоляцией, наружным защитным двухслойным покрытием севиленом и экструдированным полиэтиленом и усиленной изоля
22-01-013-02	22-01-013	Укладка трубопроводов из стальных труб с внутренней цементно-песчаной изоляцией, наружным защитным д	ТРУБЫ СТАЛЬНЫЕ	100 м	Укладка трубопроводов из стальных труб с внутренней цементно-песчаной изоляцией, наружным защитным двухслойным покрытием севиленом и экструдированным полиэтиленом и усиленной изоля
22-01-013-03	22-01-013	Укладка трубопроводов из стальных труб с внутренней цементно-песчаной изоляцией, наружным защитным д	ТРУБЫ СТАЛЬНЫЕ	100 м	Укладка трубопроводов из стальных труб с внутренней цементно-песчаной изоляцией, наружным защитным двухслойным покрытием севиленом и экструдированным полиэтиленом и усиленной изоля
22-01-013-04	22-01-013	Укладка трубопроводов из стальных труб с внутренней цементно-песчаной изоляцией, наружным защитным д	ТРУБЫ СТАЛЬНЫЕ	100 м	Укладка трубопроводов из стальных труб с внутренней цементно-песчаной изоляцией, наружным защитным двухслойным покрытием севиленом и экструдированным полиэтиленом и усиленной изоля
22-01-013-05	22-01-013	Укладка трубопроводов из стальных труб с внутренней цементно-песчаной изоляцией, наружным защитным д	ТРУБЫ СТАЛЬНЫЕ	100 м	Укладка трубопроводов из стальных труб с внутренней цементно-песчаной изоляцией, наружным защитным двухслойным покрытием севиленом и экструдированным полиэтиленом и усиленной изоля
22-01-013-06	22-01-013	Укладка трубопроводов из стальных труб с внутренней цементно-песчаной изоляцией, наружным защитным д	ТРУБЫ СТАЛЬНЫЕ	100 м	Укладка трубопроводов из стальных труб с внутренней цементно-песчаной изоляцией, наружным защитным двухслойным покрытием севиленом и экструдированным полиэтиленом и усиленной изоля
22-01-013-07	22-01-013	Укладка трубопроводов из стальных труб с внутренней цементно-песчаной изоляцией, наружным защитным д	ТРУБЫ СТАЛЬНЫЕ	100 м	Укладка трубопроводов из стальных труб с внутренней цементно-песчаной изоляцией, наружным защитным двухслойным покрытием севиленом и экструдированным полиэтиленом и усиленной изоля
22-01-013-08	22-01-013	Укладка трубопроводов из стальных труб с внутренней цементно-песчаной изоляцией, наружным защитным д	ТРУБЫ СТАЛЬНЫЕ	100 м	Укладка трубопроводов из стальных труб с внутренней цементно-песчаной изоляцией, наружным защитным двухслойным покрытием севиленом и экструдированным полиэтиленом и усиленной изоля
22-01-013-09	22-01-013	Укладка трубопроводов из стальных труб с внутренней цементно-песчаной изоляцией, наружным защитным д	ТРУБЫ СТАЛЬНЫЕ	100 м	Укладка трубопроводов из стальных труб с внутренней цементно-песчаной изоляцией, наружным защитным двухслойным покрытием севиленом и экструдированным полиэтиленом и усиленной изоля
22-01-013-10	22-01-013	Укладка трубопроводов из стальных труб с внутренней цементно-песчаной изоляцией, наружным защитным д	ТРУБЫ СТАЛЬНЫЕ	100 м	Укладка трубопроводов из стальных труб с внутренней цементно-песчаной изоляцией, наружным защитным двухслойным покрытием севиленом и экструдированным полиэтиленом и усиленной изоля
22-01-013-11	22-01-013	Укладка трубопроводов из стальных труб с внутренней цементно-песчаной изоляцией, наружным защитным д	ТРУБЫ СТАЛЬНЫЕ	100 м	Укладка трубопроводов из стальных труб с внутренней цементно-песчаной изоляцией, наружным защитным двухслойным покрытием севиленом и экструдированным полиэтиленом и усиленной изоля
22-01-013-12	22-01-013	Укладка трубопроводов из стальных труб с внутренней цементно-песчаной изоляцией, наружным защитным д	ТРУБЫ СТАЛЬНЫЕ	100 м	Укладка трубопроводов из стальных труб с внутренней цементно-песчаной изоляцией, наружным защитным двухслойным покрытием севиленом и экструдированным полиэтиленом и усиленной изоля
22-01-013-13	22-01-013	Укладка трубопроводов из стальных труб с внутренней цементно-песчаной изоляцией, наружным защитным д	ТРУБЫ СТАЛЬНЫЕ	100 м	Укладка трубопроводов из стальных труб с внутренней цементно-песчаной изоляцией, наружным защитным двухслойным покрытием севиленом и экструдированным полиэтиленом и усиленной изоля
22-01-013-14	22-01-013	Укладка трубопроводов из стальных труб с внутренней цементно-песчаной изоляцией, наружным защитным д	ТРУБЫ СТАЛЬНЫЕ	100 м	Укладка трубопроводов из стальных труб с внутренней цементно-песчаной изоляцией, наружным защитным двухслойным покрытием севиленом и экструдированным полиэтиленом и усиленной изоля
22-01-013-15	22-01-013	Укладка трубопроводов из стальных труб с внутренней цементно-песчаной изоляцией, наружным защитным д	ТРУБЫ СТАЛЬНЫЕ	100 м	Укладка трубопроводов из стальных труб с внутренней цементно-песчаной изоляцией, наружным защитным двухслойным покрытием севиленом и экструдированным полиэтиленом и усиленной изоля
22-01-013-16	22-01-013	Укладка трубопроводов из стальных труб с внутренней цементно-песчаной изоляцией, наружным защитным д	ТРУБЫ СТАЛЬНЫЕ	100 м	Укладка трубопроводов из стальных труб с внутренней цементно-песчаной изоляцией, наружным защитным двухслойным покрытием севиленом и экструдированным полиэтиленом и усиленной изоля
22-01-013-17	22-01-013	Укладка трубопроводов из стальных труб с внутренней цементно-песчаной изоляцией, наружным защитным д	ТРУБЫ СТАЛЬНЫЕ	100 м	Укладка трубопроводов из стальных труб с внутренней цементно-песчаной изоляцией, наружным защитным двухслойным покрытием севиленом и экструдированным полиэтиленом и усиленной изоля
22-01-014-01	22-01-014	Укладка стальных трубопроводов в закрытых коллекторах	ТРУБЫ СТАЛЬНЫЕ	км	Укладка стальных трубопроводов в закрытых коллекторах диаметром: 50 мм
22-01-014-02	22-01-014	Укладка стальных трубопроводов в закрытых коллекторах	ТРУБЫ СТАЛЬНЫЕ	км	Укладка стальных трубопроводов в закрытых коллекторах диаметром: 70 мм
22-01-014-03	22-01-014	Укладка стальных трубопроводов в закрытых коллекторах	ТРУБЫ СТАЛЬНЫЕ	км	Укладка стальных трубопроводов в закрытых коллекторах диаметром: 80 мм
22-01-014-04	22-01-014	Укладка стальных трубопроводов в закрытых коллекторах	ТРУБЫ СТАЛЬНЫЕ	км	Укладка стальных трубопроводов в закрытых коллекторах диаметром: 100 мм
22-01-014-05	22-01-014	Укладка стальных трубопроводов в закрытых коллекторах	ТРУБЫ СТАЛЬНЫЕ	км	Укладка стальных трубопроводов в закрытых коллекторах диаметром: 125 мм
22-01-014-06	22-01-014	Укладка стальных трубопроводов в закрытых коллекторах	ТРУБЫ СТАЛЬНЫЕ	км	Укладка стальных трубопроводов в закрытых коллекторах диаметром: 150 мм
22-01-014-07	22-01-014	Укладка стальных трубопроводов в закрытых коллекторах	ТРУБЫ СТАЛЬНЫЕ	км	Укладка стальных трубопроводов в закрытых коллекторах диаметром: 200 мм
22-01-014-08	22-01-014	Укладка стальных трубопроводов в закрытых коллекторах	ТРУБЫ СТАЛЬНЫЕ	км	Укладка стальных трубопроводов в закрытых коллекторах диаметром: 250 мм
22-01-014-09	22-01-014	Укладка стальных трубопроводов в закрытых коллекторах	ТРУБЫ СТАЛЬНЫЕ	км	Укладка стальных трубопроводов в закрытых коллекторах диаметром: 300 мм
22-01-014-10	22-01-014	Укладка стальных трубопроводов в закрытых коллекторах	ТРУБЫ СТАЛЬНЫЕ	км	Укладка стальных трубопроводов в закрытых коллекторах диаметром: 350 мм
22-01-014-11	22-01-014	Укладка стальных трубопроводов в закрытых коллекторах	ТРУБЫ СТАЛЬНЫЕ	км	Укладка стальных трубопроводов в закрытых коллекторах диаметром: 400 мм
22-01-014-12	22-01-014	Укладка стальных трубопроводов в закрытых коллекторах	ТРУБЫ СТАЛЬНЫЕ	км	Укладка стальных трубопроводов в закрытых коллекторах диаметром: 500 мм
22-01-014-13	22-01-014	Укладка стальных трубопроводов в закрытых коллекторах	ТРУБЫ СТАЛЬНЫЕ	км	Укладка стальных трубопроводов в закрытых коллекторах диаметром: 600 мм
22-01-015-01	22-01-015	Укладка стальных кожухов (футляров) в открытых траншеях	ТРУБЫ СТАЛЬНЫЕ	100 м	Укладка стальных неразрезных кожухов (футляров) в открытых траншеях диаметром: 300 мм
22-01-015-02	22-01-015	Укладка стальных кожухов (футляров) в открытых траншеях	ТРУБЫ СТАЛЬНЫЕ	100 м	Укладка стальных неразрезных кожухов (футляров) в открытых траншеях диаметром: 400 мм
22-01-015-03	22-01-015	Укладка стальных кожухов (футляров) в открытых траншеях	ТРУБЫ СТАЛЬНЫЕ	100 м	Укладка стальных неразрезных кожухов (футляров) в открытых траншеях диаметром: 500 мм
22-01-015-04	22-01-015	Укладка стальных кожухов (футляров) в открытых траншеях	ТРУБЫ СТАЛЬНЫЕ	100 м	Укладка стальных неразрезных кожухов (футляров) в открытых траншеях диаметром: 600 мм
22-01-015-05	22-01-015	Укладка стальных кожухов (футляров) в открытых траншеях	ТРУБЫ СТАЛЬНЫЕ	100 м	Укладка стальных неразрезных кожухов (футляров) в открытых траншеях диаметром: 700 мм
22-01-015-06	22-01-015	Укладка стальных кожухов (футляров) в открытых траншеях	ТРУБЫ СТАЛЬНЫЕ	100 м	Укладка стальных неразрезных кожухов (футляров) в открытых траншеях диаметром: 800 мм
22-01-015-07	22-01-015	Укладка стальных кожухов (футляров) в открытых траншеях	ТРУБЫ СТАЛЬНЫЕ	100 м	Укладка стальных неразрезных кожухов (футляров) в открытых траншеях диаметром: 900 мм
22-01-015-08	22-01-015	Укладка стальных кожухов (футляров) в открытых траншеях	ТРУБЫ СТАЛЬНЫЕ	100 м	Укладка стальных неразрезных кожухов (футляров) в открытых траншеях диаметром: 1000 мм
22-01-015-09	22-01-015	Укладка стальных кожухов (футляров) в открытых траншеях	ТРУБЫ СТАЛЬНЫЕ	100 м	Укладка стальных неразрезных кожухов (футляров) в открытых траншеях диаметром: 1200 мм
22-01-015-10	22-01-015	Укладка стальных кожухов (футляров) в открытых траншеях	ТРУБЫ СТАЛЬНЫЕ	100 м	Укладка стальных неразрезных кожухов (футляров) в открытых траншеях диаметром: 1400 мм
22-01-015-11	22-01-015	Укладка стальных кожухов (футляров) в открытых траншеях	ТРУБЫ СТАЛЬНЫЕ	100 м	Укладка стальных неразрезных кожухов (футляров) в открытых траншеях диаметром: 1600 мм
22-01-015-12	22-01-015	Укладка стальных кожухов (футляров) в открытых траншеях	ТРУБЫ СТАЛЬНЫЕ	100 м	Укладка стальных разрезных кожухов (футляров) в открытых траншеях диаметром: 300 мм
22-01-015-13	22-01-015	Укладка стальных кожухов (футляров) в открытых траншеях	ТРУБЫ СТАЛЬНЫЕ	100 м	Укладка стальных разрезных кожухов (футляров) в открытых траншеях диаметром: 400 мм
22-01-015-14	22-01-015	Укладка стальных кожухов (футляров) в открытых траншеях	ТРУБЫ СТАЛЬНЫЕ	100 м	Укладка стальных разрезных кожухов (футляров) в открытых траншеях диаметром: 500 мм
22-01-015-15	22-01-015	Укладка стальных кожухов (футляров) в открытых траншеях	ТРУБЫ СТАЛЬНЫЕ	100 м	Укладка стальных разрезных кожухов (футляров) в открытых траншеях диаметром: 600 мм
22-01-015-16	22-01-015	Укладка стальных кожухов (футляров) в открытых траншеях	ТРУБЫ СТАЛЬНЫЕ	100 м	Укладка стальных разрезных кожухов (футляров) в открытых траншеях диаметром: 700 мм
22-01-015-17	22-01-015	Укладка стальных кожухов (футляров) в открытых траншеях	ТРУБЫ СТАЛЬНЫЕ	100 м	Укладка стальных разрезных кожухов (футляров) в открытых траншеях диаметром: 800 мм
22-01-015-18	22-01-015	Укладка стальных кожухов (футляров) в открытых траншеях	ТРУБЫ СТАЛЬНЫЕ	100 м	Укладка стальных разрезных кожухов (футляров) в открытых траншеях диаметром: 900 мм
22-01-015-19	22-01-015	Укладка стальных кожухов (футляров) в открытых траншеях	ТРУБЫ СТАЛЬНЫЕ	100 м	Укладка стальных разрезных кожухов (футляров) в открытых траншеях диаметром: 1000 мм
22-01-015-20	22-01-015	Укладка стальных кожухов (футляров) в открытых траншеях	ТРУБЫ СТАЛЬНЫЕ	100 м	Укладка стальных разрезных кожухов (футляров) в открытых траншеях диаметром: 1200 мм
22-01-015-21	22-01-015	Укладка стальных кожухов (футляров) в открытых траншеях	ТРУБЫ СТАЛЬНЫЕ	100 м	Укладка стальных разрезных кожухов (футляров) в открытых траншеях диаметром: 1400 мм
22-01-015-22	22-01-015	Укладка стальных кожухов (футляров) в открытых траншеях	ТРУБЫ СТАЛЬНЫЕ	100 м	Укладка стальных разрезных кожухов (футляров) в открытых траншеях диаметром: 1600 мм
22-01-021-01	22-01-021	Укладка трубопроводов из полиэтиленовых труб	ТРУБЫ ПОЛИЭТИЛЕНОВЫЕ	км	Укладка трубопроводов из полиэтиленовых труб диаметром: 50 мм
22-01-021-02	22-01-021	Укладка трубопроводов из полиэтиленовых труб	ТРУБЫ ПОЛИЭТИЛЕНОВЫЕ	км	Укладка трубопроводов из полиэтиленовых труб диаметром: 63 мм
22-01-021-03	22-01-021	Укладка трубопроводов из полиэтиленовых труб	ТРУБЫ ПОЛИЭТИЛЕНОВЫЕ	км	Укладка трубопроводов из полиэтиленовых труб диаметром: 110 мм
22-01-021-04	22-01-021	Укладка трубопроводов из полиэтиленовых труб	ТРУБЫ ПОЛИЭТИЛЕНОВЫЕ	км	Укладка трубопроводов из полиэтиленовых труб диаметром: 125 мм
22-01-021-05	22-01-021	Укладка трубопроводов из полиэтиленовых труб	ТРУБЫ ПОЛИЭТИЛЕНОВЫЕ	км	Укладка трубопроводов из полиэтиленовых труб диаметром: 160 мм
22-01-021-06	22-01-021	Укладка трубопроводов из полиэтиленовых труб	ТРУБЫ ПОЛИЭТИЛЕНОВЫЕ	км	Укладка трубопроводов из полиэтиленовых труб диаметром: 215 мм
22-01-021-07	22-01-021	Укладка трубопроводов из полиэтиленовых труб	ТРУБЫ ПОЛИЭТИЛЕНОВЫЕ	км	Укладка трубопроводов из полиэтиленовых труб диаметром: 280 мм
22-01-021-08	22-01-021	Укладка трубопроводов из полиэтиленовых труб	ТРУБЫ ПОЛИЭТИЛЕНОВЫЕ	км	Укладка трубопроводов из полиэтиленовых труб диаметром: 315 мм
22-01-021-09	22-01-021	Укладка трубопроводов из полиэтиленовых труб	ТРУБЫ ПОЛИЭТИЛЕНОВЫЕ	км	Укладка трубопроводов из полиэтиленовых труб диаметром: 350 мм
22-01-021-10	22-01-021	Укладка трубопроводов из полиэтиленовых труб	ТРУБЫ ПОЛИЭТИЛЕНОВЫЕ	км	Укладка трубопроводов из полиэтиленовых труб диаметром: 400 мм
22-01-021-11	22-01-021	Укладка трубопроводов из полиэтиленовых труб	ТРУБЫ ПОЛИЭТИЛЕНОВЫЕ	км	Укладка трубопроводов из полиэтиленовых труб диаметром: 500 мм
22-01-021-12	22-01-021	Укладка трубопроводов из полиэтиленовых труб	ТРУБЫ ПОЛИЭТИЛЕНОВЫЕ	км	Укладка трубопроводов из полиэтиленовых труб диаметром: 560 мм
22-01-021-13	22-01-021	Укладка трубопроводов из полиэтиленовых труб	ТРУБЫ ПОЛИЭТИЛЕНОВЫЕ	км	Укладка трубопроводов из полиэтиленовых труб диаметром: 630 мм
22-01-021-14	22-01-021	Укладка трубопроводов из полиэтиленовых труб	ТРУБЫ ПОЛИЭТИЛЕНОВЫЕ	км	Укладка трубопроводов из полиэтиленовых труб диаметром: 700 мм
22-01-021-15	22-01-021	Укладка трубопроводов из полиэтиленовых труб	ТРУБЫ ПОЛИЭТИЛЕНОВЫЕ	км	Укладка трубопроводов из полиэтиленовых труб диаметром: 800 мм
22-01-021-16	22-01-021	Укладка трубопроводов из полиэтиленовых труб	ТРУБЫ ПОЛИЭТИЛЕНОВЫЕ	км	Укладка трубопроводов из полиэтиленовых труб диаметром: 900 мм
22-01-021-17	22-01-021	Укладка трубопроводов из полиэтиленовых труб	ТРУБЫ ПОЛИЭТИЛЕНОВЫЕ	км	Укладка трубопроводов из полиэтиленовых труб диаметром: 1000 мм
22-01-021-19	22-01-021	Укладка трубопроводов из полиэтиленовых труб	ТРУБЫ ПОЛИЭТИЛЕНОВЫЕ	км	Укладка трубопроводов из полиэтиленовых труб диаметром: 1200 мм
22-01-021-20	22-01-021	Укладка трубопроводов из полиэтиленовых труб	ТРУБЫ ПОЛИЭТИЛЕНОВЫЕ	км	Укладка трубопроводов из полиэтиленовых труб диаметром: 1400 мм
22-01-021-21	22-01-021	Укладка трубопроводов из полиэтиленовых труб	ТРУБЫ ПОЛИЭТИЛЕНОВЫЕ	км	Укладка трубопроводов из полиэтиленовых труб диаметром: 1600 мм
22-01-022-08	22-01-022	Укладка полиэтиленовых труб с соединением электросварными муфтами	ТРУБЫ ПОЛИЭТИЛЕНОВЫЕ	км	Укладка полиэтиленовых труб с соединением электросварными муфтами диаметром: 315 мм
22-01-022-09	22-01-022	Укладка полиэтиленовых труб с соединением электросварными муфтами	ТРУБЫ ПОЛИЭТИЛЕНОВЫЕ	км	Укладка полиэтиленовых труб с соединением электросварными муфтами диаметром: 400 мм
22-01-022-10	22-01-022	Укладка полиэтиленовых труб с соединением электросварными муфтами	ТРУБЫ ПОЛИЭТИЛЕНОВЫЕ	км	Укладка полиэтиленовых труб с соединением электросварными муфтами диаметром: 500 мм
22-01-022-11	22-01-022	Укладка полиэтиленовых труб с соединением электросварными муфтами	ТРУБЫ ПОЛИЭТИЛЕНОВЫЕ	км	Укладка полиэтиленовых труб с соединением электросварными муфтами диаметром: 630 мм
22-01-022-12	22-01-022	Укладка полиэтиленовых труб с соединением электросварными муфтами	ТРУБЫ ПОЛИЭТИЛЕНОВЫЕ	км	Укладка полиэтиленовых труб с соединением электросварными муфтами диаметром: 710 мм
22-01-022-13	22-01-022	Укладка полиэтиленовых труб с соединением электросварными муфтами	ТРУБЫ ПОЛИЭТИЛЕНОВЫЕ	км	Укладка полиэтиленовых труб с соединением электросварными муфтами диаметром: 800 мм
22-01-022-14	22-01-022	Укладка полиэтиленовых труб с соединением электросварными муфтами	ТРУБЫ ПОЛИЭТИЛЕНОВЫЕ	км	Укладка полиэтиленовых труб с соединением электросварными муфтами диаметром: 900 мм
22-01-022-15	22-01-022	Укладка полиэтиленовых труб с соединением электросварными муфтами	ТРУБЫ ПОЛИЭТИЛЕНОВЫЕ	км	Укладка полиэтиленовых труб с соединением электросварными муфтами диаметром: 1000 мм
22-01-022-16	22-01-022	Укладка полиэтиленовых труб с соединением электросварными муфтами	ТРУБЫ ПОЛИЭТИЛЕНОВЫЕ	км	Укладка полиэтиленовых труб с соединением электросварными муфтами диаметром: 1200 мм
22-01-022-17	22-01-022	Укладка полиэтиленовых труб с соединением электросварными муфтами	ТРУБЫ ПОЛИЭТИЛЕНОВЫЕ	км	Укладка полиэтиленовых труб с соединением электросварными муфтами диаметром: 1400 мм
22-01-022-18	22-01-022	Укладка полиэтиленовых труб с соединением электросварными муфтами	ТРУБЫ ПОЛИЭТИЛЕНОВЫЕ	км	Укладка полиэтиленовых труб с соединением электросварными муфтами диаметром: 1600 мм
22-01-023-01	22-01-023	Укладка полиэтиленовых труб	ТРУБЫ ПОЛИЭТИЛЕНОВЫЕ	км	Укладка полиэтиленовых труб диаметром: 50 мм
22-01-023-02	22-01-023	Укладка полиэтиленовых труб	ТРУБЫ ПОЛИЭТИЛЕНОВЫЕ	км	Укладка полиэтиленовых труб диаметром: 63-75 мм
22-01-023-04	22-01-023	Укладка полиэтиленовых труб	ТРУБЫ ПОЛИЭТИЛЕНОВЫЕ	км	Укладка полиэтиленовых труб диаметром: 110 мм
22-01-023-05	22-01-023	Укладка полиэтиленовых труб	ТРУБЫ ПОЛИЭТИЛЕНОВЫЕ	км	Укладка полиэтиленовых труб диаметром: 125 мм
22-01-023-06	22-01-023	Укладка полиэтиленовых труб	ТРУБЫ ПОЛИЭТИЛЕНОВЫЕ	км	Укладка полиэтиленовых труб диаметром: 140-160 мм
22-01-023-07	22-01-023	Укладка полиэтиленовых труб	ТРУБЫ ПОЛИЭТИЛЕНОВЫЕ	км	Укладка полиэтиленовых труб диаметром: 180 мм
22-01-023-08	22-01-023	Укладка полиэтиленовых труб	ТРУБЫ ПОЛИЭТИЛЕНОВЫЕ	км	Укладка полиэтиленовых труб диаметром: 200 мм
22-01-023-09	22-01-023	Укладка полиэтиленовых труб	ТРУБЫ ПОЛИЭТИЛЕНОВЫЕ	км	Укладка полиэтиленовых труб диаметром: 225 мм
22-01-023-10	22-01-023	Укладка полиэтиленовых труб	ТРУБЫ ПОЛИЭТИЛЕНОВЫЕ	км	Укладка полиэтиленовых труб диаметром: 250 мм
22-01-023-11	22-01-023	Укладка полиэтиленовых труб	ТРУБЫ ПОЛИЭТИЛЕНОВЫЕ	км	Укладка полиэтиленовых труб диаметром: 280 мм
22-01-023-12	22-01-023	Укладка полиэтиленовых труб	ТРУБЫ ПОЛИЭТИЛЕНОВЫЕ	км	Укладка полиэтиленовых труб диаметром: 315 мм
22-01-023-13	22-01-023	Укладка полиэтиленовых труб	ТРУБЫ ПОЛИЭТИЛЕНОВЫЕ	км	Укладка полиэтиленовых труб диаметром: 355 мм
22-01-023-14	22-01-023	Укладка полиэтиленовых труб	ТРУБЫ ПОЛИЭТИЛЕНОВЫЕ	км	Укладка полиэтиленовых труб диаметром: 400 мм
22-01-023-15	22-01-023	Укладка полиэтиленовых труб	ТРУБЫ ПОЛИЭТИЛЕНОВЫЕ	км	Укладка полиэтиленовых труб диаметром: 450 мм
22-01-023-16	22-01-023	Укладка полиэтиленовых труб	ТРУБЫ ПОЛИЭТИЛЕНОВЫЕ	км	Укладка полиэтиленовых труб диаметром: 500 мм
22-01-023-17	22-01-023	Укладка полиэтиленовых труб	ТРУБЫ ПОЛИЭТИЛЕНОВЫЕ	км	Укладка полиэтиленовых труб диаметром: 560 мм
22-01-023-18	22-01-023	Укладка полиэтиленовых труб	ТРУБЫ ПОЛИЭТИЛЕНОВЫЕ	км	Укладка полиэтиленовых труб диаметром: 630 мм
22-01-023-19	22-01-023	Укладка полиэтиленовых труб	ТРУБЫ ПОЛИЭТИЛЕНОВЫЕ	км	Укладка полиэтиленовых труб диаметром: 710 мм
22-01-023-20	22-01-023	Укладка полиэтиленовых труб	ТРУБЫ ПОЛИЭТИЛЕНОВЫЕ	км	Укладка полиэтиленовых труб диаметром: 800 мм
22-01-023-21	22-01-023	Укладка полиэтиленовых труб	ТРУБЫ ПОЛИЭТИЛЕНОВЫЕ	км	Укладка полиэтиленовых труб диаметром: 900 мм
22-01-023-22	22-01-023	Укладка полиэтиленовых труб	ТРУБЫ ПОЛИЭТИЛЕНОВЫЕ	км	Укладка полиэтиленовых труб диаметром: 1000 мм
22-01-023-23	22-01-023	Укладка полиэтиленовых труб	ТРУБЫ ПОЛИЭТИЛЕНОВЫЕ	км	Укладка полиэтиленовых труб диаметром: 1200 мм
22-01-023-24	22-01-023	Укладка полиэтиленовых труб	ТРУБЫ ПОЛИЭТИЛЕНОВЫЕ	км	Укладка полиэтиленовых труб диаметром: 1400 мм
22-01-023-25	22-01-023	Укладка полиэтиленовых труб	ТРУБЫ ПОЛИЭТИЛЕНОВЫЕ	км	Укладка полиэтиленовых труб диаметром: 1600 мм
22-01-024-05	22-01-024	Сварка полиэтиленовых труб "встык" нагревательным элементом	ТРУБЫ ПОЛИЭТИЛЕНОВЫЕ	стык	Сварка полиэтиленовых труб "встык" нагревательным элементом при автоматическом управлении процессом сварки, диаметр труб: 110 мм
22-01-024-06	22-01-024	Сварка полиэтиленовых труб "встык" нагревательным элементом	ТРУБЫ ПОЛИЭТИЛЕНОВЫЕ	стык	Сварка полиэтиленовых труб "встык" нагревательным элементом при автоматическом управлении процессом сварки, диаметр труб: 125 мм
22-01-024-07	22-01-024	Сварка полиэтиленовых труб "встык" нагревательным элементом	ТРУБЫ ПОЛИЭТИЛЕНОВЫЕ	стык	Сварка полиэтиленовых труб "встык" нагревательным элементом при автоматическом управлении процессом сварки, диаметр труб: 140 мм
22-01-024-08	22-01-024	Сварка полиэтиленовых труб "встык" нагревательным элементом	ТРУБЫ ПОЛИЭТИЛЕНОВЫЕ	стык	Сварка полиэтиленовых труб "встык" нагревательным элементом при автоматическом управлении процессом сварки, диаметр труб: 160 мм
22-01-024-09	22-01-024	Сварка полиэтиленовых труб "встык" нагревательным элементом	ТРУБЫ ПОЛИЭТИЛЕНОВЫЕ	стык	Сварка полиэтиленовых труб "встык" нагревательным элементом при автоматическом управлении процессом сварки, диаметр труб: 180 мм
22-01-024-10	22-01-024	Сварка полиэтиленовых труб "встык" нагревательным элементом	ТРУБЫ ПОЛИЭТИЛЕНОВЫЕ	стык	Сварка полиэтиленовых труб "встык" нагревательным элементом при автоматическом управлении процессом сварки, диаметр труб: 200 мм
22-01-024-11	22-01-024	Сварка полиэтиленовых труб "встык" нагревательным элементом	ТРУБЫ ПОЛИЭТИЛЕНОВЫЕ	стык	Сварка полиэтиленовых труб "встык" нагревательным элементом при автоматическом управлении процессом сварки, диаметр труб: 225 мм
22-01-024-12	22-01-024	Сварка полиэтиленовых труб "встык" нагревательным элементом	ТРУБЫ ПОЛИЭТИЛЕНОВЫЕ	стык	Сварка полиэтиленовых труб "встык" нагревательным элементом при автоматическом управлении процессом сварки, диаметр труб: 250 мм
22-01-024-13	22-01-024	Сварка полиэтиленовых труб "встык" нагревательным элементом	ТРУБЫ ПОЛИЭТИЛЕНОВЫЕ	стык	Сварка полиэтиленовых труб "встык" нагревательным элементом при автоматическом управлении процессом сварки, диаметр труб: 280 мм
22-01-024-14	22-01-024	Сварка полиэтиленовых труб "встык" нагревательным элементом	ТРУБЫ ПОЛИЭТИЛЕНОВЫЕ	стык	Сварка полиэтиленовых труб "встык" нагревательным элементом при автоматическом управлении процессом сварки, диаметр труб: 315 мм
22-01-024-15	22-01-024	Сварка полиэтиленовых труб "встык" нагревательным элементом	ТРУБЫ ПОЛИЭТИЛЕНОВЫЕ	стык	Сварка полиэтиленовых труб "встык" нагревательным элементом при автоматическом управлении процессом сварки, диаметр труб: 355 мм
22-01-024-16	22-01-024	Сварка полиэтиленовых труб "встык" нагревательным элементом	ТРУБЫ ПОЛИЭТИЛЕНОВЫЕ	стык	Сварка полиэтиленовых труб "встык" нагревательным элементом при автоматическом управлении процессом сварки, диаметр труб: 400 мм
22-01-024-17	22-01-024	Сварка полиэтиленовых труб "встык" нагревательным элементом	ТРУБЫ ПОЛИЭТИЛЕНОВЫЕ	стык	Сварка полиэтиленовых труб "встык" нагревательным элементом при автоматическом управлении процессом сварки, диаметр труб: 450 мм
22-01-024-18	22-01-024	Сварка полиэтиленовых труб "встык" нагревательным элементом	ТРУБЫ ПОЛИЭТИЛЕНОВЫЕ	стык	Сварка полиэтиленовых труб "встык" нагревательным элементом при автоматическом управлении процессом сварки, диаметр труб: 500 мм
22-01-024-19	22-01-024	Сварка полиэтиленовых труб "встык" нагревательным элементом	ТРУБЫ ПОЛИЭТИЛЕНОВЫЕ	стык	Сварка полиэтиленовых труб "встык" нагревательным элементом при автоматическом управлении процессом сварки, диаметр труб: 560 мм
22-01-024-20	22-01-024	Сварка полиэтиленовых труб "встык" нагревательным элементом	ТРУБЫ ПОЛИЭТИЛЕНОВЫЕ	стык	Сварка полиэтиленовых труб "встык" нагревательным элементом при автоматическом управлении процессом сварки, диаметр труб: 630 мм
22-01-024-21	22-01-024	Сварка полиэтиленовых труб "встык" нагревательным элементом	ТРУБЫ ПОЛИЭТИЛЕНОВЫЕ	стык	Сварка полиэтиленовых труб "встык" нагревательным элементом при автоматическом управлении процессом сварки, диаметр труб: 710 мм
22-01-024-22	22-01-024	Сварка полиэтиленовых труб "встык" нагревательным элементом	ТРУБЫ ПОЛИЭТИЛЕНОВЫЕ	стык	Сварка полиэтиленовых труб "встык" нагревательным элементом при автоматическом управлении процессом сварки, диаметр труб: 800 мм
22-01-024-23	22-01-024	Сварка полиэтиленовых труб "встык" нагревательным элементом	ТРУБЫ ПОЛИЭТИЛЕНОВЫЕ	стык	Сварка полиэтиленовых труб "встык" нагревательным элементом при автоматическом управлении процессом сварки, диаметр труб: 900 мм
22-01-024-24	22-01-024	Сварка полиэтиленовых труб "встык" нагревательным элементом	ТРУБЫ ПОЛИЭТИЛЕНОВЫЕ	стык	Сварка полиэтиленовых труб "встык" нагревательным элементом при автоматическом управлении процессом сварки, диаметр труб: 1000 мм
22-01-024-25	22-01-024	Сварка полиэтиленовых труб "встык" нагревательным элементом	ТРУБЫ ПОЛИЭТИЛЕНОВЫЕ	стык	Сварка полиэтиленовых труб "встык" нагревательным элементом при автоматическом управлении процессом сварки, диаметр труб: 1200 мм
22-01-024-26	22-01-024	Сварка полиэтиленовых труб "встык" нагревательным элементом	ТРУБЫ ПОЛИЭТИЛЕНОВЫЕ	стык	Сварка полиэтиленовых труб "встык" нагревательным элементом при автоматическом управлении процессом сварки, диаметр труб: 1400 мм
22-01-024-27	22-01-024	Сварка полиэтиленовых труб "встык" нагревательным элементом	ТРУБЫ ПОЛИЭТИЛЕНОВЫЕ	стык	Сварка полиэтиленовых труб "встык" нагревательным элементом при автоматическом управлении процессом сварки, диаметр труб: 1600 мм
22-01-025-01	22-01-025	Гидравлическое испытание полиэтиленовых трубопроводов	ТРУБЫ ПОЛИЭТИЛЕНОВЫЕ	участок	Нагнетание и выдержка под давлением при гидравлическом испытании полиэтиленового трубопровода диаметром: до 300 мм
22-01-025-02	22-01-025	Гидравлическое испытание полиэтиленовых трубопроводов	ТРУБЫ ПОЛИЭТИЛЕНОВЫЕ	участок	Нагнетание и выдержка под давлением при гидравлическом испытании полиэтиленового трубопровода диаметром: свыше 300 до 800 мм
22-01-025-03	22-01-025	Гидравлическое испытание полиэтиленовых трубопроводов	ТРУБЫ ПОЛИЭТИЛЕНОВЫЕ	участок	Нагнетание и выдержка под давлением при гидравлическом испытании полиэтиленового трубопровода диаметром: свыше 800 до 1600 мм
22-01-025-04	22-01-025	Гидравлическое испытание полиэтиленовых трубопроводов	ТРУБЫ ПОЛИЭТИЛЕНОВЫЕ	м3	Наполнение и спуск воды при гидравлическом испытании полиэтиленового трубопровода диаметром: до 400 мм
22-01-025-05	22-01-025	Гидравлическое испытание полиэтиленовых трубопроводов	ТРУБЫ ПОЛИЭТИЛЕНОВЫЕ	м3	Наполнение и спуск воды при гидравлическом испытании полиэтиленового трубопровода диаметром: свыше 400 до 700 мм
22-01-025-06	22-01-025	Гидравлическое испытание полиэтиленовых трубопроводов	ТРУБЫ ПОЛИЭТИЛЕНОВЫЕ	м3	Наполнение и спуск воды при гидравлическом испытании полиэтиленового трубопровода диаметром: свыше 700 до 1000 мм
22-01-025-07	22-01-025	Гидравлическое испытание полиэтиленовых трубопроводов	ТРУБЫ ПОЛИЭТИЛЕНОВЫЕ	м3	Наполнение и спуск воды при гидравлическом испытании полиэтиленового трубопровода диаметром: свыше 1000 до 1600 мм
22-03-001-01	22-03-001	Установка фасонных частей чугунных	ФАСОННЫЕ ЧАСТИ	т	Установка фасонных частей чугунных диаметром: 50-100 мм
22-03-001-02	22-03-001	Установка фасонных частей чугунных	ФАСОННЫЕ ЧАСТИ	т	Установка фасонных частей чугунных диаметром: 125-200 мм
22-03-001-03	22-03-001	Установка фасонных частей чугунных	ФАСОННЫЕ ЧАСТИ	т	Установка фасонных частей чугунных диаметром: 250-400 мм
22-03-001-04	22-03-001	Установка фасонных частей чугунных	ФАСОННЫЕ ЧАСТИ	т	Установка фасонных частей чугунных диаметром: 500-1000 мм
22-03-002-01	22-03-002	Установка полиэтиленовых фасонных частей	ФАСОННЫЕ ЧАСТИ	10 шт	Установка полиэтиленовых фасонных частей: отводов, колен, патрубков, переходов
22-03-002-02	22-03-002	Установка полиэтиленовых фасонных частей	ФАСОННЫЕ ЧАСТИ	10 шт	Установка полиэтиленовых фасонных частей: тройников
22-03-002-03	22-03-002	Установка полиэтиленовых фасонных частей	ФАСОННЫЕ ЧАСТИ	10 шт	Установка полиэтиленовых фасонных частей: крестовин
22-03-003-01	22-03-003	Установка фасонных частей стальных	ФАСОННЫЕ ЧАСТИ	10 шт	Установка фасонных частей стальных сварным соединением с трубопроводом отводы, колена, патрубки и переходы диаметром: до 100 мм
22-03-003-02	22-03-003	Установка фасонных частей стальных	ФАСОННЫЕ ЧАСТИ	10 шт	Установка фасонных частей стальных сварным соединением с трубопроводом отводы, колена, патрубки и переходы диаметром: свыше 100 до 150 мм
22-03-003-03	22-03-003	Установка фасонных частей стальных	ФАСОННЫЕ ЧАСТИ	10 шт	Установка фасонных частей стальных сварным соединением с трубопроводом отводы, колена, патрубки и переходы диаметром: свыше 150 до 200 мм
22-03-003-04	22-03-003	Установка фасонных частей стальных	ФАСОННЫЕ ЧАСТИ	10 шт	Установка фасонных частей стальных сварным соединением с трубопроводом отводы, колена, патрубки и переходы диаметром: свыше 200 до 250 мм
22-03-003-05	22-03-003	Установка фасонных частей стальных	ФАСОННЫЕ ЧАСТИ	10 шт	Установка фасонных частей стальных сварным соединением с трубопроводом отводы, колена, патрубки и переходы диаметром: свыше 250 до 300 мм
22-03-003-06	22-03-003	Установка фасонных частей стальных	ФАСОННЫЕ ЧАСТИ	10 шт	Установка фасонных частей стальных сварным соединением с трубопроводом отводы, колена, патрубки и переходы диаметром: свыше 300 до 400 мм
22-03-003-07	22-03-003	Установка фасонных частей стальных	ФАСОННЫЕ ЧАСТИ	10 шт	Установка фасонных частей стальных сварным соединением с трубопроводом отводы, колена, патрубки и переходы диаметром: свыше 400 до 500 мм
22-03-003-08	22-03-003	Установка фасонных частей стальных	ФАСОННЫЕ ЧАСТИ	10 шт	Установка фасонных частей стальных сварным соединением с трубопроводом отводы, колена, патрубки и переходы диаметром: свыше 500 до 600 мм
22-03-003-09	22-03-003	Установка фасонных частей стальных	ФАСОННЫЕ ЧАСТИ	10 шт	Установка фасонных частей стальных сварным соединением с трубопроводом отводы, колена, патрубки и переходы диаметром: свыше 600 до 700 мм
22-03-003-10	22-03-003	Установка фасонных частей стальных	ФАСОННЫЕ ЧАСТИ	10 шт	Установка фасонных частей стальных сварным соединением с трубопроводом отводы, колена, патрубки и переходы диаметром: свыше 700 до 800 мм
22-03-003-11	22-03-003	Установка фасонных частей стальных	ФАСОННЫЕ ЧАСТИ	10 шт	Установка фасонных частей стальных сварным соединением с трубопроводом отводы, колена, патрубки и переходы диаметром: свыше 800 до 900 мм
22-03-003-12	22-03-003	Установка фасонных частей стальных	ФАСОННЫЕ ЧАСТИ	10 шт	Установка фасонных частей стальных сварным соединением с трубопроводом отводы, колена, патрубки и переходы диаметром: свыше 900 до 1000 мм
22-03-003-13	22-03-003	Установка фасонных частей стальных	ФАСОННЫЕ ЧАСТИ	10 шт	Установка фасонных частей стальных сварным соединением с трубопроводом отводы, колена, патрубки и переходы диаметром: свыше 1000 до 1200 мм
22-03-003-14	22-03-003	Установка фасонных частей стальных	ФАСОННЫЕ ЧАСТИ	10 шт	Установка фасонных частей стальных сварным соединением с трубопроводом отводы, колена, патрубки и переходы диаметром: свыше 1200 до 1400 мм
22-03-003-15	22-03-003	Установка фасонных частей стальных	ФАСОННЫЕ ЧАСТИ	10 шт	Установка фасонных частей стальных сварным соединением с трубопроводом отводы, колена, патрубки и переходы диаметром: свыше 1400 до 1600 мм
22-03-003-16	22-03-003	Установка фасонных частей стальных	ФАСОННЫЕ ЧАСТИ	10 шт	Установка фасонных частей стальных сварным соединением с трубопроводом отводы, колена, патрубки и переходы диаметром: свыше 1600 до 2000 мм
22-03-003-17	22-03-003	Установка фасонных частей стальных	ФАСОННЫЕ ЧАСТИ	10 шт	Установка фасонных частей стальных сварным соединением с трубопроводом тройники диаметром: до 100 мм
22-03-003-18	22-03-003	Установка фасонных частей стальных	ФАСОННЫЕ ЧАСТИ	10 шт	Установка фасонных частей стальных сварным соединением с трубопроводом тройники диаметром: свыше 100 до 150 мм
22-03-003-19	22-03-003	Установка фасонных частей стальных	ФАСОННЫЕ ЧАСТИ	10 шт	Установка фасонных частей стальных сварным соединением с трубопроводом тройники диаметром: свыше 150 до 200 мм
22-03-003-20	22-03-003	Установка фасонных частей стальных	ФАСОННЫЕ ЧАСТИ	10 шт	Установка фасонных частей стальных сварным соединением с трубопроводом тройники диаметром: свыше 200 до 250 мм
22-03-003-21	22-03-003	Установка фасонных частей стальных	ФАСОННЫЕ ЧАСТИ	10 шт	Установка фасонных частей стальных сварным соединением с трубопроводом тройники диаметром: свыше 250 до 300 мм
22-03-003-22	22-03-003	Установка фасонных частей стальных	ФАСОННЫЕ ЧАСТИ	10 шт	Установка фасонных частей стальных сварным соединением с трубопроводом тройники диаметром: свыше 300 до 400 мм
22-03-003-23	22-03-003	Установка фасонных частей стальных	ФАСОННЫЕ ЧАСТИ	10 шт	Установка фасонных частей стальных сварным соединением с трубопроводом тройники диаметром: свыше 400 до 500 мм
22-03-003-24	22-03-003	Установка фасонных частей стальных	ФАСОННЫЕ ЧАСТИ	10 шт	Установка фасонных частей стальных сварным соединением с трубопроводом тройники диаметром: свыше 500 до 600 мм
22-03-003-25	22-03-003	Установка фасонных частей стальных	ФАСОННЫЕ ЧАСТИ	10 шт	Установка фасонных частей стальных сварным соединением с трубопроводом тройники диаметром: свыше 600 до 700 мм
22-03-003-26	22-03-003	Установка фасонных частей стальных	ФАСОННЫЕ ЧАСТИ	10 шт	Установка фасонных частей стальных сварным соединением с трубопроводом тройники диаметром: свыше 700 до 800 мм
22-03-003-27	22-03-003	Установка фасонных частей стальных	ФАСОННЫЕ ЧАСТИ	10 шт	Установка фасонных частей стальных сварным соединением с трубопроводом тройники диаметром: свыше 800 до 900 мм
22-03-003-28	22-03-003	Установка фасонных частей стальных	ФАСОННЫЕ ЧАСТИ	10 шт	Установка фасонных частей стальных сварным соединением с трубопроводом тройники диаметром: свыше 900 до 1000 мм
22-03-003-29	22-03-003	Установка фасонных частей стальных	ФАСОННЫЕ ЧАСТИ	10 шт	Установка фасонных частей стальных сварным соединением с трубопроводом тройники диаметром: свыше 1000 до 1200 мм
22-03-003-30	22-03-003	Установка фасонных частей стальных	ФАСОННЫЕ ЧАСТИ	10 шт	Установка фасонных частей стальных сварным соединением с трубопроводом тройники диаметром: свыше 1200 до 1400 мм
22-03-003-31	22-03-003	Установка фасонных частей стальных	ФАСОННЫЕ ЧАСТИ	10 шт	Установка фасонных частей стальных сварным соединением с трубопроводом тройники диаметром: свыше 1400 до 1600 мм
22-03-003-32	22-03-003	Установка фасонных частей стальных	ФАСОННЫЕ ЧАСТИ	10 шт	Установка фасонных частей стальных сварным соединением с трубопроводом тройники диаметром: свыше 1600 до 2000 мм
22-03-003-33	22-03-003	Установка фасонных частей стальных	ФАСОННЫЕ ЧАСТИ	10 шт	Установка фасонных частей стальных фланцевым соединением с трубопроводом отводы, колена, патрубки и переходы диаметром: до 100 мм
22-03-003-34	22-03-003	Установка фасонных частей стальных	ФАСОННЫЕ ЧАСТИ	10 шт	Установка фасонных частей стальных фланцевым соединением с трубопроводом отводы, колена, патрубки и переходы диаметром: свыше 100 до 150 мм
22-03-003-35	22-03-003	Установка фасонных частей стальных	ФАСОННЫЕ ЧАСТИ	10 шт	Установка фасонных частей стальных фланцевым соединением с трубопроводом отводы, колена, патрубки и переходы диаметром: свыше 150 до 200 мм
22-03-003-36	22-03-003	Установка фасонных частей стальных	ФАСОННЫЕ ЧАСТИ	10 шт	Установка фасонных частей стальных фланцевым соединением с трубопроводом отводы, колена, патрубки и переходы диаметром: свыше 200 до 250 мм
22-03-003-37	22-03-003	Установка фасонных частей стальных	ФАСОННЫЕ ЧАСТИ	10 шт	Установка фасонных частей стальных фланцевым соединением с трубопроводом отводы, колена, патрубки и переходы диаметром: свыше 250 до 300 мм
22-03-003-38	22-03-003	Установка фасонных частей стальных	ФАСОННЫЕ ЧАСТИ	10 шт	Установка фасонных частей стальных фланцевым соединением с трубопроводом отводы, колена, патрубки и переходы диаметром: свыше 300 до 400 мм
22-03-003-39	22-03-003	Установка фасонных частей стальных	ФАСОННЫЕ ЧАСТИ	10 шт	Установка фасонных частей стальных фланцевым соединением с трубопроводом отводы, колена, патрубки и переходы диаметром: свыше 400 до 500 мм
22-03-003-40	22-03-003	Установка фасонных частей стальных	ФАСОННЫЕ ЧАСТИ	10 шт	Установка фасонных частей стальных фланцевым соединением с трубопроводом отводы, колена, патрубки и переходы диаметром: свыше 500 до 600 мм
22-03-003-41	22-03-003	Установка фасонных частей стальных	ФАСОННЫЕ ЧАСТИ	10 шт	Установка фасонных частей стальных фланцевым соединением с трубопроводом отводы, колена, патрубки и переходы диаметром: свыше 600 до 700 мм
22-03-003-42	22-03-003	Установка фасонных частей стальных	ФАСОННЫЕ ЧАСТИ	10 шт	Установка фасонных частей стальных фланцевым соединением с трубопроводом отводы, колена, патрубки и переходы диаметром: свыше 700 до 800 мм
22-03-003-43	22-03-003	Установка фасонных частей стальных	ФАСОННЫЕ ЧАСТИ	10 шт	Установка фасонных частей стальных фланцевым соединением с трубопроводом отводы, колена, патрубки и переходы диаметром: свыше 800 до 900 мм
22-03-003-44	22-03-003	Установка фасонных частей стальных	ФАСОННЫЕ ЧАСТИ	10 шт	Установка фасонных частей стальных фланцевым соединением с трубопроводом отводы, колена, патрубки и переходы диаметром: свыше 900 до 1000 мм
22-03-003-45	22-03-003	Установка фасонных частей стальных	ФАСОННЫЕ ЧАСТИ	10 шт	Установка фасонных частей стальных фланцевым соединением с трубопроводом отводы, колена, патрубки и переходы диаметром: свыше 1000 до 1200 мм
22-03-003-46	22-03-003	Установка фасонных частей стальных	ФАСОННЫЕ ЧАСТИ	10 шт	Установка фасонных частей стальных фланцевым соединением с трубопроводом отводы, колена, патрубки и переходы диаметром: свыше 1200 до 1400 мм
22-03-003-47	22-03-003	Установка фасонных частей стальных	ФАСОННЫЕ ЧАСТИ	10 шт	Установка фасонных частей стальных фланцевым соединением с трубопроводом отводы, колена, патрубки и переходы диаметром: свыше 1400 до 1600 мм
22-03-003-48	22-03-003	Установка фасонных частей стальных	ФАСОННЫЕ ЧАСТИ	10 шт	Установка фасонных частей стальных фланцевым соединением с трубопроводом отводы, колена, патрубки и переходы диаметром: свыше 1600 до 2000 мм
22-03-003-49	22-03-003	Установка фасонных частей стальных	ФАСОННЫЕ ЧАСТИ	10 шт	Установка фасонных частей стальных фланцевым соединением с трубопроводом, тройники диаметром: до 100 мм
22-03-003-50	22-03-003	Установка фасонных частей стальных	ФАСОННЫЕ ЧАСТИ	10 шт	Установка фасонных частей стальных фланцевым соединением с трубопроводом, тройники диаметром: свыше 100 до 150 мм
22-03-003-51	22-03-003	Установка фасонных частей стальных	ФАСОННЫЕ ЧАСТИ	10 шт	Установка фасонных частей стальных фланцевым соединением с трубопроводом, тройники диаметром: свыше 150 до 200 мм
22-03-003-52	22-03-003	Установка фасонных частей стальных	ФАСОННЫЕ ЧАСТИ	10 шт	Установка фасонных частей стальных фланцевым соединением с трубопроводом, тройники диаметром: свыше 200 до 250 мм
22-03-003-53	22-03-003	Установка фасонных частей стальных	ФАСОННЫЕ ЧАСТИ	10 шт	Установка фасонных частей стальных фланцевым соединением с трубопроводом, тройники диаметром: свыше 250 до 300 мм
22-03-003-54	22-03-003	Установка фасонных частей стальных	ФАСОННЫЕ ЧАСТИ	10 шт	Установка фасонных частей стальных фланцевым соединением с трубопроводом, тройники диаметром: свыше 300 до 400 мм
22-03-003-55	22-03-003	Установка фасонных частей стальных	ФАСОННЫЕ ЧАСТИ	10 шт	Установка фасонных частей стальных фланцевым соединением с трубопроводом, тройники диаметром: свыше 400 до 500 мм
22-03-003-56	22-03-003	Установка фасонных частей стальных	ФАСОННЫЕ ЧАСТИ	10 шт	Установка фасонных частей стальных фланцевым соединением с трубопроводом, тройники диаметром: свыше 500 до 600 мм
22-03-003-57	22-03-003	Установка фасонных частей стальных	ФАСОННЫЕ ЧАСТИ	10 шт	Установка фасонных частей стальных фланцевым соединением с трубопроводом, тройники диаметром: свыше 600 до 700 мм
22-03-003-58	22-03-003	Установка фасонных частей стальных	ФАСОННЫЕ ЧАСТИ	10 шт	Установка фасонных частей стальных фланцевым соединением с трубопроводом, тройники диаметром: свыше 700 до 800 мм
22-03-003-59	22-03-003	Установка фасонных частей стальных	ФАСОННЫЕ ЧАСТИ	10 шт	Установка фасонных частей стальных фланцевым соединением с трубопроводом, тройники диаметром: свыше 800 до 900 мм
22-03-003-60	22-03-003	Установка фасонных частей стальных	ФАСОННЫЕ ЧАСТИ	10 шт	Установка фасонных частей стальных фланцевым соединением с трубопроводом, тройники диаметром: свыше 900 до 1000 мм
22-03-003-61	22-03-003	Установка фасонных частей стальных	ФАСОННЫЕ ЧАСТИ	10 шт	Установка фасонных частей стальных фланцевым соединением с трубопроводом, тройники диаметром: свыше 1000 до 1200 мм
22-03-003-62	22-03-003	Установка фасонных частей стальных	ФАСОННЫЕ ЧАСТИ	10 шт	Установка фасонных частей стальных фланцевым соединением с трубопроводом, тройники диаметром: свыше 1200 до 1400 мм
22-03-003-63	22-03-003	Установка фасонных частей стальных	ФАСОННЫЕ ЧАСТИ	10 шт	Установка фасонных частей стальных фланцевым соединением с трубопроводом, тройники диаметром: свыше 1400 до 1600 мм
22-03-003-64	22-03-003	Установка фасонных частей стальных	ФАСОННЫЕ ЧАСТИ	10 шт	Установка фасонных частей стальных фланцевым соединением с трубопроводом, тройники диаметром: свыше 1600 до 2000 мм
22-03-003-65	22-03-003	Установка фасонных частей стальных	ФАСОННЫЕ ЧАСТИ	10 шт	Установка фасонных частей стальных фланцевым соединением с трубопроводом, крестовины диаметром: до 100 мм
22-03-003-66	22-03-003	Установка фасонных частей стальных	ФАСОННЫЕ ЧАСТИ	10 шт	Установка фасонных частей стальных фланцевым соединением с трубопроводом, крестовины диаметром: свыше 100 до 150 мм
22-03-003-67	22-03-003	Установка фасонных частей стальных	ФАСОННЫЕ ЧАСТИ	10 шт	Установка фасонных частей стальных фланцевым соединением с трубопроводом, крестовины диаметром: свыше 150 до 200 мм
22-03-003-68	22-03-003	Установка фасонных частей стальных	ФАСОННЫЕ ЧАСТИ	10 шт	Установка фасонных частей стальных фланцевым соединением с трубопроводом, крестовины диаметром: свыше 200 до 250 мм
22-03-003-69	22-03-003	Установка фасонных частей стальных	ФАСОННЫЕ ЧАСТИ	10 шт	Установка фасонных частей стальных фланцевым соединением с трубопроводом, крестовины диаметром: свыше 250 до 300 мм
22-03-003-70	22-03-003	Установка фасонных частей стальных	ФАСОННЫЕ ЧАСТИ	10 шт	Установка фасонных частей стальных фланцевым соединением с трубопроводом, крестовины диаметром: свыше 300 до 400 мм
22-03-003-71	22-03-003	Установка фасонных частей стальных	ФАСОННЫЕ ЧАСТИ	10 шт	Установка фасонных частей стальных фланцевым соединением с трубопроводом, крестовины диаметром: свыше 400 до 500 мм
22-03-003-72	22-03-003	Установка фасонных частей стальных	ФАСОННЫЕ ЧАСТИ	10 шт	Установка фасонных частей стальных фланцевым соединением с трубопроводом, крестовины диаметром: свыше 500 до 600 мм
22-03-003-73	22-03-003	Установка фасонных частей стальных	ФАСОННЫЕ ЧАСТИ	10 шт	Установка фасонных частей стальных фланцевым соединением с трубопроводом, крестовины диаметром: свыше 600 до 700 мм
22-03-003-74	22-03-003	Установка фасонных частей стальных	ФАСОННЫЕ ЧАСТИ	10 шт	Установка фасонных частей стальных фланцевым соединением с трубопроводом, крестовины диаметром: свыше 700 до 800 мм
22-03-003-75	22-03-003	Установка фасонных частей стальных	ФАСОННЫЕ ЧАСТИ	10 шт	Установка фасонных частей стальных фланцевым соединением с трубопроводом, крестовины диаметром: свыше 800 до 900 мм
22-03-003-76	22-03-003	Установка фасонных частей стальных	ФАСОННЫЕ ЧАСТИ	10 шт	Установка фасонных частей стальных фланцевым соединением с трубопроводом, крестовины диаметром: свыше 900 до 1000 мм
22-03-003-77	22-03-003	Установка фасонных частей стальных	ФАСОННЫЕ ЧАСТИ	10 шт	Установка фасонных частей стальных фланцевым соединением с трубопроводом, крестовины диаметром: свыше 1000 до 1200 мм
22-03-003-78	22-03-003	Установка фасонных частей стальных	ФАСОННЫЕ ЧАСТИ	10 шт	Установка фасонных частей стальных фланцевым соединением с трубопроводом, крестовины диаметром: свыше 1200 до 1400 мм
22-03-003-79	22-03-003	Установка фасонных частей стальных	ФАСОННЫЕ ЧАСТИ	10 шт	Установка фасонных частей стальных фланцевым соединением с трубопроводом, крестовины диаметром: свыше 1400 до 1600 мм
22-03-003-80	22-03-003	Установка фасонных частей стальных	ФАСОННЫЕ ЧАСТИ	10 шт	Установка фасонных частей стальных фланцевым соединением с трубопроводом, крестовины диаметром: свыше 1600 до 2000 мм
22-03-005-01	22-03-005	Установка стальных обжимных, соединительных и регулировочных муфт	ФАСОННЫЕ ЧАСТИ	10 шт	Установка стальных обжимных, соединительных и регулировочных муфт: 400 мм
22-03-005-02	22-03-005	Установка стальных обжимных, соединительных и регулировочных муфт	ФАСОННЫЕ ЧАСТИ	10 шт	Установка стальных обжимных, соединительных и регулировочных муфт: 500 мм
22-03-005-03	22-03-005	Установка стальных обжимных, соединительных и регулировочных муфт	ФАСОННЫЕ ЧАСТИ	10 шт	Установка стальных обжимных, соединительных и регулировочных муфт: 600 мм
22-03-005-04	22-03-005	Установка стальных обжимных, соединительных и регулировочных муфт	ФАСОННЫЕ ЧАСТИ	10 шт	Установка стальных обжимных, соединительных и регулировочных муфт: 800 мм
22-03-005-05	22-03-005	Установка стальных обжимных, соединительных и регулировочных муфт	ФАСОННЫЕ ЧАСТИ	10 шт	Установка стальных обжимных, соединительных и регулировочных муфт: 900 мм
22-03-005-06	22-03-005	Установка стальных обжимных, соединительных и регулировочных муфт	ФАСОННЫЕ ЧАСТИ	10 шт	Установка стальных обжимных, соединительных и регулировочных муфт: 1000 мм
22-03-005-07	22-03-005	Установка стальных обжимных, соединительных и регулировочных муфт	ФАСОННЫЕ ЧАСТИ	10 шт	Установка стальных обжимных, соединительных и регулировочных муфт: 1200 мм
22-03-006-01	22-03-006	Установка задвижек или клапанов обратных чугунных	ЗАДВИЖКИ, КЛАПАНЫ	шт	Установка задвижек или клапанов обратных чугунных диаметром: 50 мм
22-03-006-02	22-03-006	Установка задвижек или клапанов обратных чугунных	ЗАДВИЖКИ, КЛАПАНЫ	шт	Установка задвижек или клапанов обратных чугунных диаметром: 80 мм
22-03-006-03	22-03-006	Установка задвижек или клапанов обратных чугунных	ЗАДВИЖКИ, КЛАПАНЫ	шт	Установка задвижек или клапанов обратных чугунных диаметром: 100 мм
22-03-006-04	22-03-006	Установка задвижек или клапанов обратных чугунных	ЗАДВИЖКИ, КЛАПАНЫ	шт	Установка задвижек или клапанов обратных чугунных диаметром: 125 мм
22-03-006-05	22-03-006	Установка задвижек или клапанов обратных чугунных	ЗАДВИЖКИ, КЛАПАНЫ	шт	Установка задвижек или клапанов обратных чугунных диаметром: 150 мм
22-03-006-06	22-03-006	Установка задвижек или клапанов обратных чугунных	ЗАДВИЖКИ, КЛАПАНЫ	шт	Установка задвижек или клапанов обратных чугунных диаметром: 200 мм
22-03-006-07	22-03-006	Установка задвижек или клапанов обратных чугунных	ЗАДВИЖКИ, КЛАПАНЫ	шт	Установка задвижек или клапанов обратных чугунных диаметром: 250 мм
22-03-006-08	22-03-006	Установка задвижек или клапанов обратных чугунных	ЗАДВИЖКИ, КЛАПАНЫ	шт	Установка задвижек или клапанов обратных чугунных диаметром: 300 мм
22-03-006-09	22-03-006	Установка задвижек или клапанов обратных чугунных	ЗАДВИЖКИ, КЛАПАНЫ	шт	Установка задвижек или клапанов обратных чугунных диаметром: 350 мм
22-03-006-10	22-03-006	Установка задвижек или клапанов обратных чугунных	ЗАДВИЖКИ, КЛАПАНЫ	шт	Установка задвижек или клапанов обратных чугунных диаметром: 400 мм
22-03-006-11	22-03-006	Установка задвижек или клапанов обратных чугунных	ЗАДВИЖКИ, КЛАПАНЫ	шт	Установка задвижек или клапанов обратных чугунных диаметром: 500 мм
22-03-006-12	22-03-006	Установка задвижек или клапанов обратных чугунных	ЗАДВИЖКИ, КЛАПАНЫ	шт	Установка задвижек или клапанов обратных чугунных диаметром: 600 мм
22-03-006-13	22-03-006	Установка задвижек или клапанов обратных чугунных	ЗАДВИЖКИ, КЛАПАНЫ	шт	Установка задвижек или клапанов обратных чугунных диаметром: 800 мм
22-03-006-14	22-03-006	Установка задвижек или клапанов обратных чугунных	ЗАДВИЖКИ, КЛАПАНЫ	шт	Установка задвижек или клапанов обратных чугунных диаметром: 1000 мм
22-03-006-15	22-03-006	Установка задвижек или клапанов обратных чугунных	ЗАДВИЖКИ, КЛАПАНЫ	шт	Установка задвижек или клапанов обратных чугунных диаметром: 1200 мм
22-03-007-01	22-03-007	Установка задвижек или клапанов обратных стальных	ЗАДВИЖКИ, КЛАПАНЫ	шт	Установка задвижек или клапанов обратных стальных диаметром: 50 мм
22-03-007-02	22-03-007	Установка задвижек или клапанов обратных стальных	ЗАДВИЖКИ, КЛАПАНЫ	шт	Установка задвижек или клапанов обратных стальных диаметром: 100 мм
22-03-007-03	22-03-007	Установка задвижек или клапанов обратных стальных	ЗАДВИЖКИ, КЛАПАНЫ	шт	Установка задвижек или клапанов обратных стальных диаметром: 150 мм
22-03-007-04	22-03-007	Установка задвижек или клапанов обратных стальных	ЗАДВИЖКИ, КЛАПАНЫ	шт	Установка задвижек или клапанов обратных стальных диаметром: 200 мм
22-03-007-05	22-03-007	Установка задвижек или клапанов обратных стальных	ЗАДВИЖКИ, КЛАПАНЫ	шт	Установка задвижек или клапанов обратных стальных диаметром: 250 мм
22-03-007-06	22-03-007	Установка задвижек или клапанов обратных стальных	ЗАДВИЖКИ, КЛАПАНЫ	шт	Установка задвижек или клапанов обратных стальных диаметром: 300 мм
22-03-007-07	22-03-007	Установка задвижек или клапанов обратных стальных	ЗАДВИЖКИ, КЛАПАНЫ	шт	Установка задвижек или клапанов обратных стальных диаметром: 400 мм
22-03-007-08	22-03-007	Установка задвижек или клапанов обратных стальных	ЗАДВИЖКИ, КЛАПАНЫ	шт	Установка задвижек или клапанов обратных стальных диаметром: 500 мм
22-03-007-09	22-03-007	Установка задвижек или клапанов обратных стальных	ЗАДВИЖКИ, КЛАПАНЫ	шт	Установка задвижек или клапанов обратных стальных диаметром: 600 мм
22-03-007-10	22-03-007	Установка задвижек или клапанов обратных стальных	ЗАДВИЖКИ, КЛАПАНЫ	шт	Установка задвижек или клапанов обратных стальных диаметром: 800 мм
22-03-011-01	22-03-011	Установка вантузов, гидрантов, колонок	ВАНТУЗЫ, ГИДРАНТЫ, КОЛОНКИ ВОДОРАЗБОРНЫЕ	шт	Установка: вантузов одинарных
22-03-011-02	22-03-011	Установка вантузов, гидрантов, колонок	ВАНТУЗЫ, ГИДРАНТЫ, КОЛОНКИ ВОДОРАЗБОРНЫЕ	шт	Установка: вантузов двойных
22-03-011-03	22-03-011	Установка вантузов, гидрантов, колонок	ВАНТУЗЫ, ГИДРАНТЫ, КОЛОНКИ ВОДОРАЗБОРНЫЕ	шт	Установка: гидрантов пожарных
22-03-011-04	22-03-011	Установка вантузов, гидрантов, колонок	ВАНТУЗЫ, ГИДРАНТЫ, КОЛОНКИ ВОДОРАЗБОРНЫЕ	шт	Установка: колонок водоразборных
22-03-014-01	22-03-014	Приварка фланцев к стальным трубопроводам	ФЛАНЦЫ	шт	Приварка фланцев к стальным трубопроводам диаметром: 50 мм
22-03-014-02	22-03-014	Приварка фланцев к стальным трубопроводам	ФЛАНЦЫ	шт	Приварка фланцев к стальным трубопроводам диаметром: 80 мм
22-03-014-03	22-03-014	Приварка фланцев к стальным трубопроводам	ФЛАНЦЫ	шт	Приварка фланцев к стальным трубопроводам диаметром: 100 мм
22-03-014-04	22-03-014	Приварка фланцев к стальным трубопроводам	ФЛАНЦЫ	шт	Приварка фланцев к стальным трубопроводам диаметром: 125 мм
22-03-014-05	22-03-014	Приварка фланцев к стальным трубопроводам	ФЛАНЦЫ	шт	Приварка фланцев к стальным трубопроводам диаметром: 150 мм
22-03-014-06	22-03-014	Приварка фланцев к стальным трубопроводам	ФЛАНЦЫ	шт	Приварка фланцев к стальным трубопроводам диаметром: 200 мм
22-03-014-07	22-03-014	Приварка фланцев к стальным трубопроводам	ФЛАНЦЫ	шт	Приварка фланцев к стальным трубопроводам диаметром: 250 мм
22-03-014-08	22-03-014	Приварка фланцев к стальным трубопроводам	ФЛАНЦЫ	шт	Приварка фланцев к стальным трубопроводам диаметром: 300 мм
22-03-014-09	22-03-014	Приварка фланцев к стальным трубопроводам	ФЛАНЦЫ	шт	Приварка фланцев к стальным трубопроводам диаметром: 350 мм
22-03-014-10	22-03-014	Приварка фланцев к стальным трубопроводам	ФЛАНЦЫ	шт	Приварка фланцев к стальным трубопроводам диаметром: 400 мм
22-03-014-11	22-03-014	Приварка фланцев к стальным трубопроводам	ФЛАНЦЫ	шт	Приварка фланцев к стальным трубопроводам диаметром: 500 мм
22-03-014-12	22-03-014	Приварка фланцев к стальным трубопроводам	ФЛАНЦЫ	шт	Приварка фланцев к стальным трубопроводам диаметром: 600 мм
22-03-014-13	22-03-014	Приварка фланцев к стальным трубопроводам	ФЛАНЦЫ	шт	Приварка фланцев к стальным трубопроводам диаметром: 700 мм
22-03-014-14	22-03-014	Приварка фланцев к стальным трубопроводам	ФЛАНЦЫ	шт	Приварка фланцев к стальным трубопроводам диаметром: 800 мм
22-03-014-15	22-03-014	Приварка фланцев к стальным трубопроводам	ФЛАНЦЫ	шт	Приварка фланцев к стальным трубопроводам диаметром: 900 мм
22-03-014-16	22-03-014	Приварка фланцев к стальным трубопроводам	ФЛАНЦЫ	шт	Приварка фланцев к стальным трубопроводам диаметром: 1000 мм
22-03-014-17	22-03-014	Приварка фланцев к стальным трубопроводам	ФЛАНЦЫ	шт	Приварка фланцев к стальным трубопроводам диаметром: 1200 мм
22-04-001-01	22-04-001	Устройство круглых колодцев из сборного железобетона	КОЛОДЦЫ ВОДОПРОВОДНЫЕ	10 м3	Устройство круглых колодцев из сборного железобетона в грунтах: сухих
22-04-001-02	22-04-001	Устройство круглых колодцев из сборного железобетона	КОЛОДЦЫ ВОДОПРОВОДНЫЕ	10 м3	Устройство круглых колодцев из сборного железобетона в грунтах: мокрых
22-04-002-01	22-04-002	Устройство водопроводных кирпичных колодцев	КОЛОДЦЫ ВОДОПРОВОДНЫЕ	10 м3	Устройство водопроводных кирпичных колодцев: круглых с конической верхней частью в грунтах сухих
22-04-002-02	22-04-002	Устройство водопроводных кирпичных колодцев	КОЛОДЦЫ ВОДОПРОВОДНЫЕ	10 м3	Устройство водопроводных кирпичных колодцев: круглых с конической верхней частью в грунтах мокрых
22-04-002-03	22-04-002	Устройство водопроводных кирпичных колодцев	КОЛОДЦЫ ВОДОПРОВОДНЫЕ	10 м3	Устройство водопроводных кирпичных колодцев: прямоугольных с перекрытием из сборного железобетона в грунтах сухих
22-04-002-04	22-04-002	Устройство водопроводных кирпичных колодцев	КОЛОДЦЫ ВОДОПРОВОДНЫЕ	10 м3	Устройство водопроводных кирпичных колодцев: прямоугольных с перекрытием из сборного железобетона в грунтах мокрых
22-04-003-01	22-04-003	Устройство водопроводных бетонных колодцев с монолитными стенами и покрытием из сборного железобетон	КОЛОДЦЫ ВОДОПРОВОДНЫЕ	10 м3	Устройство водопроводных бетонных колодцев с монолитными стенами и покрытием из сборного железобетона: круглых в сухих грунтах
22-04-003-02	22-04-003	Устройство водопроводных бетонных колодцев с монолитными стенами и покрытием из сборного железобетон	КОЛОДЦЫ ВОДОПРОВОДНЫЕ	10 м3	Устройство водопроводных бетонных колодцев с монолитными стенами и покрытием из сборного железобетона: круглых в мокрых грунтах
22-04-003-03	22-04-003	Устройство водопроводных бетонных колодцев с монолитными стенами и покрытием из сборного железобетон	КОЛОДЦЫ ВОДОПРОВОДНЫЕ	10 м3	Устройство водопроводных бетонных колодцев с монолитными стенами и покрытием из сборного железобетона: прямоугольных в сухих грунтах
22-04-003-04	22-04-003	Устройство водопроводных бетонных колодцев с монолитными стенами и покрытием из сборного железобетон	КОЛОДЦЫ ВОДОПРОВОДНЫЕ	10 м3	Устройство водопроводных бетонных колодцев с монолитными стенами и покрытием из сборного железобетона: прямоугольных в мокрых грунтах
22-04-004-01	22-04-004	Установка путевых водоразборных кранов	КОЛОДЦЫ ВОДОПРОВОДНЫЕ	шт	Установка путевых водоразборных кранов
22-04-005-01	22-04-005	Установка круглых сборных колодцев из полимерных материалов на фланцевом соединении	КОЛОДЦЫ ВОДОПРОВОДНЫЕ	шт	Установка круглых сборных колодцев из полимерных материалов на фланцевом соединении: высотой 1,5 м, диаметром 1000 мм
22-04-005-02	22-04-005	Установка круглых сборных колодцев из полимерных материалов на фланцевом соединении	КОЛОДЦЫ ВОДОПРОВОДНЫЕ	шт	Установка круглых сборных колодцев из полимерных материалов на фланцевом соединении: высотой 2 м, диаметром 1500 мм
22-04-005-03	22-04-005	Установка круглых сборных колодцев из полимерных материалов на фланцевом соединении	КОЛОДЦЫ ВОДОПРОВОДНЫЕ	шт	Установка колец тела колодца диаметром: 1000 мм
22-04-005-04	22-04-005	Установка круглых сборных колодцев из полимерных материалов на фланцевом соединении	КОЛОДЦЫ ВОДОПРОВОДНЫЕ	шт	Установка колец тела колодца диаметром: 1500 мм
22-04-006-01	22-04-006	Устройство круглых цельнолитых и собранных в заводских условиях колодцев из полимерных материалов	КОЛОДЦЫ ВОДОПРОВОДНЫЕ	шт	Устройство круглых цельнолитых и собранных в заводских условиях колодцев из полимерных материалов диаметром: 1000 мм
22-04-006-02	22-04-006	Устройство круглых цельнолитых и собранных в заводских условиях колодцев из полимерных материалов	КОЛОДЦЫ ВОДОПРОВОДНЫЕ	шт	Устройство круглых цельнолитых и собранных в заводских условиях колодцев из полимерных материалов диаметром: 1500 мм
22-04-006-03	22-04-006	Устройство круглых цельнолитых и собранных в заводских условиях колодцев из полимерных материалов	КОЛОДЦЫ ВОДОПРОВОДНЫЕ	шт	Устройство с бетонированием лотка круглых цельнолитых и собранных в заводских условиях колодцев из полимерных материалов диаметром: 1000 мм
22-04-006-04	22-04-006	Устройство круглых цельнолитых и собранных в заводских условиях колодцев из полимерных материалов	КОЛОДЦЫ ВОДОПРОВОДНЫЕ	шт	Устройство с бетонированием лотка круглых цельнолитых и собранных в заводских условиях колодцев из полимерных материалов диаметром: 1500 мм
22-04-007-01	22-04-007	Устройство прямоугольных колодцев из сборного железобетона	КОЛОДЦЫ ВОДОПРОВОДНЫЕ	10 м3	Устройство прямоугольных колодцев из сборного железобетона: в грунтах сухих
22-04-007-02	22-04-007	Устройство прямоугольных колодцев из сборного железобетона	КОЛОДЦЫ ВОДОПРОВОДНЫЕ	10 м3	Устройство прямоугольных колодцев из сборного железобетона: в грунтах мокрых
23-01-007-01	23-01-007	Укладка трубопроводов из железобетонных безнапорных раструбных труб	ЖЕЛЕЗОБЕТОННЫЕ И БЕТОННЫЕ КАНАЛИЗАЦИОННЫЕ ТРУБЫ	100 м	Укладка трубопроводов из железобетонных безнапорных раструбных труб диаметром: 400 мм
23-01-007-02	23-01-007	Укладка трубопроводов из железобетонных безнапорных раструбных труб	ЖЕЛЕЗОБЕТОННЫЕ И БЕТОННЫЕ КАНАЛИЗАЦИОННЫЕ ТРУБЫ	100 м	Укладка трубопроводов из железобетонных безнапорных раструбных труб диаметром: 500 мм
23-01-007-03	23-01-007	Укладка трубопроводов из железобетонных безнапорных раструбных труб	ЖЕЛЕЗОБЕТОННЫЕ И БЕТОННЫЕ КАНАЛИЗАЦИОННЫЕ ТРУБЫ	100 м	Укладка трубопроводов из железобетонных безнапорных раструбных труб диаметром: 600 мм
23-01-007-04	23-01-007	Укладка трубопроводов из железобетонных безнапорных раструбных труб	ЖЕЛЕЗОБЕТОННЫЕ И БЕТОННЫЕ КАНАЛИЗАЦИОННЫЕ ТРУБЫ	100 м	Укладка трубопроводов из железобетонных безнапорных раструбных труб диаметром: 800 мм
23-01-007-05	23-01-007	Укладка трубопроводов из железобетонных безнапорных раструбных труб	ЖЕЛЕЗОБЕТОННЫЕ И БЕТОННЫЕ КАНАЛИЗАЦИОННЫЕ ТРУБЫ	100 м	Укладка трубопроводов из железобетонных безнапорных раструбных труб диаметром: 1000 мм
23-01-007-06	23-01-007	Укладка трубопроводов из железобетонных безнапорных раструбных труб	ЖЕЛЕЗОБЕТОННЫЕ И БЕТОННЫЕ КАНАЛИЗАЦИОННЫЕ ТРУБЫ	100 м	Укладка трубопроводов из железобетонных безнапорных раструбных труб диаметром: 1200 мм
23-01-007-07	23-01-007	Укладка трубопроводов из железобетонных безнапорных раструбных труб	ЖЕЛЕЗОБЕТОННЫЕ И БЕТОННЫЕ КАНАЛИЗАЦИОННЫЕ ТРУБЫ	100 м	Укладка трубопроводов из железобетонных безнапорных раструбных труб диаметром: 1400 мм
23-01-007-08	23-01-007	Укладка трубопроводов из железобетонных безнапорных раструбных труб	ЖЕЛЕЗОБЕТОННЫЕ И БЕТОННЫЕ КАНАЛИЗАЦИОННЫЕ ТРУБЫ	100 м	Укладка трубопроводов из железобетонных безнапорных раструбных труб диаметром: 1600 мм
23-01-007-09	23-01-007	Укладка трубопроводов из железобетонных безнапорных раструбных труб	ЖЕЛЕЗОБЕТОННЫЕ И БЕТОННЫЕ КАНАЛИЗАЦИОННЫЕ ТРУБЫ	100 м	Укладка трубопроводов из железобетонных безнапорных раструбных труб диаметром: 2000 мм
23-01-007-10	23-01-007	Укладка трубопроводов из железобетонных безнапорных раструбных труб	ЖЕЛЕЗОБЕТОННЫЕ И БЕТОННЫЕ КАНАЛИЗАЦИОННЫЕ ТРУБЫ	100 м	Укладка трубопроводов из железобетонных безнапорных раструбных труб диаметром: 2400 мм
23-01-008-01	23-01-008	Укладка трубопроводов из бетонных раструбных труб	ЖЕЛЕЗОБЕТОННЫЕ И БЕТОННЫЕ КАНАЛИЗАЦИОННЫЕ ТРУБЫ	100 м	Укладка трубопроводов из бетонных раструбных труб диаметром: 150 мм
23-01-008-02	23-01-008	Укладка трубопроводов из бетонных раструбных труб	ЖЕЛЕЗОБЕТОННЫЕ И БЕТОННЫЕ КАНАЛИЗАЦИОННЫЕ ТРУБЫ	100 м	Укладка трубопроводов из бетонных раструбных труб диаметром: 200 мм
23-01-008-03	23-01-008	Укладка трубопроводов из бетонных раструбных труб	ЖЕЛЕЗОБЕТОННЫЕ И БЕТОННЫЕ КАНАЛИЗАЦИОННЫЕ ТРУБЫ	100 м	Укладка трубопроводов из бетонных раструбных труб диаметром: 300 мм
23-01-008-04	23-01-008	Укладка трубопроводов из бетонных раструбных труб	ЖЕЛЕЗОБЕТОННЫЕ И БЕТОННЫЕ КАНАЛИЗАЦИОННЫЕ ТРУБЫ	100 м	Укладка трубопроводов из бетонных раструбных труб диаметром: 400 мм
23-01-008-05	23-01-008	Укладка трубопроводов из бетонных раструбных труб	ЖЕЛЕЗОБЕТОННЫЕ И БЕТОННЫЕ КАНАЛИЗАЦИОННЫЕ ТРУБЫ	100 м	Укладка трубопроводов из бетонных раструбных труб диаметром: 500 мм
23-01-008-06	23-01-008	Укладка трубопроводов из бетонных раструбных труб	ЖЕЛЕЗОБЕТОННЫЕ И БЕТОННЫЕ КАНАЛИЗАЦИОННЫЕ ТРУБЫ	100 м	Укладка трубопроводов из бетонных раструбных труб диаметром: 600 мм
23-01-008-07	23-01-008	Укладка трубопроводов из бетонных раструбных труб	ЖЕЛЕЗОБЕТОННЫЕ И БЕТОННЫЕ КАНАЛИЗАЦИОННЫЕ ТРУБЫ	100 м	Укладка трубопроводов из бетонных раструбных труб диаметром: 800 мм
23-01-008-08	23-01-008	Укладка трубопроводов из бетонных раструбных труб	ЖЕЛЕЗОБЕТОННЫЕ И БЕТОННЫЕ КАНАЛИЗАЦИОННЫЕ ТРУБЫ	100 м	Укладка трубопроводов из бетонных раструбных труб диаметром: 1000 мм
23-01-009-01	23-01-009	Укладка трубопроводов из железобетонных безнапорных фальцевых труб с жестким соединением	ЖЕЛЕЗОБЕТОННЫЕ И БЕТОННЫЕ КАНАЛИЗАЦИОННЫЕ ТРУБЫ	100 м	Укладка трубопроводов из железобетонных безнапорных фальцевых труб с жестким соединением диаметром: 400 мм
23-01-009-02	23-01-009	Укладка трубопроводов из железобетонных безнапорных фальцевых труб с жестким соединением	ЖЕЛЕЗОБЕТОННЫЕ И БЕТОННЫЕ КАНАЛИЗАЦИОННЫЕ ТРУБЫ	100 м	Укладка трубопроводов из железобетонных безнапорных фальцевых труб с жестким соединением диаметром: 500 мм
23-01-009-03	23-01-009	Укладка трубопроводов из железобетонных безнапорных фальцевых труб с жестким соединением	ЖЕЛЕЗОБЕТОННЫЕ И БЕТОННЫЕ КАНАЛИЗАЦИОННЫЕ ТРУБЫ	100 м	Укладка трубопроводов из железобетонных безнапорных фальцевых труб с жестким соединением диаметром: 600 мм
23-01-009-04	23-01-009	Укладка трубопроводов из железобетонных безнапорных фальцевых труб с жестким соединением	ЖЕЛЕЗОБЕТОННЫЕ И БЕТОННЫЕ КАНАЛИЗАЦИОННЫЕ ТРУБЫ	100 м	Укладка трубопроводов из железобетонных безнапорных фальцевых труб с жестким соединением диаметром: 800 мм
23-01-009-05	23-01-009	Укладка трубопроводов из железобетонных безнапорных фальцевых труб с жестким соединением	ЖЕЛЕЗОБЕТОННЫЕ И БЕТОННЫЕ КАНАЛИЗАЦИОННЫЕ ТРУБЫ	100 м	Укладка трубопроводов из железобетонных безнапорных фальцевых труб с жестким соединением диаметром: 1000 мм
23-01-009-06	23-01-009	Укладка трубопроводов из железобетонных безнапорных фальцевых труб с жестким соединением	ЖЕЛЕЗОБЕТОННЫЕ И БЕТОННЫЕ КАНАЛИЗАЦИОННЫЕ ТРУБЫ	100 м	Укладка трубопроводов из железобетонных безнапорных фальцевых труб с жестким соединением диаметром: 1200 мм
23-01-009-07	23-01-009	Укладка трубопроводов из железобетонных безнапорных фальцевых труб с жестким соединением	ЖЕЛЕЗОБЕТОННЫЕ И БЕТОННЫЕ КАНАЛИЗАЦИОННЫЕ ТРУБЫ	100 м	Укладка трубопроводов из железобетонных безнапорных фальцевых труб с жестким соединением диаметром: 1400 мм
23-01-009-08	23-01-009	Укладка трубопроводов из железобетонных безнапорных фальцевых труб с жестким соединением	ЖЕЛЕЗОБЕТОННЫЕ И БЕТОННЫЕ КАНАЛИЗАЦИОННЫЕ ТРУБЫ	100 м	Укладка трубопроводов из железобетонных безнапорных фальцевых труб с жестким соединением диаметром: 1600 мм
23-01-009-09	23-01-009	Укладка трубопроводов из железобетонных безнапорных фальцевых труб с жестким соединением	ЖЕЛЕЗОБЕТОННЫЕ И БЕТОННЫЕ КАНАЛИЗАЦИОННЫЕ ТРУБЫ	100 м	Укладка трубопроводов из железобетонных безнапорных фальцевых труб с жестким соединением диаметром: 2000 мм
23-01-009-10	23-01-009	Укладка трубопроводов из железобетонных безнапорных фальцевых труб с жестким соединением	ЖЕЛЕЗОБЕТОННЫЕ И БЕТОННЫЕ КАНАЛИЗАЦИОННЫЕ ТРУБЫ	100 м	Укладка трубопроводов из железобетонных безнапорных фальцевых труб с жестким соединением диаметром: 2400 мм
23-01-010-01	23-01-010	Укладка трубопроводов из железобетонных безнапорных фальцевых труб большого диаметра с жестким соеди	ЖЕЛЕЗОБЕТОННЫЕ И БЕТОННЫЕ КАНАЛИЗАЦИОННЫЕ ТРУБЫ	100 м	Укладка трубопроводов из железобетонных безнапорных фальцевых труб большого диаметра с жестким соединением диаметром: 3000 мм
23-01-010-02	23-01-010	Укладка трубопроводов из железобетонных безнапорных фальцевых труб большого диаметра с жестким соеди	ЖЕЛЕЗОБЕТОННЫЕ И БЕТОННЫЕ КАНАЛИЗАЦИОННЫЕ ТРУБЫ	100 м	Укладка трубопроводов из железобетонных безнапорных фальцевых труб большого диаметра с жестким соединением диаметром: 3500 мм
23-01-011-01	23-01-011	Укладка трубопроводов из железобетонных безнапорных фальцевых труб с гибким соединением	ЖЕЛЕЗОБЕТОННЫЕ И БЕТОННЫЕ КАНАЛИЗАЦИОННЫЕ ТРУБЫ	100 м	Укладка трубопроводов из железобетонных безнапорных фальцевых труб с гибким соединением диаметром: 400 мм
23-01-011-02	23-01-011	Укладка трубопроводов из железобетонных безнапорных фальцевых труб с гибким соединением	ЖЕЛЕЗОБЕТОННЫЕ И БЕТОННЫЕ КАНАЛИЗАЦИОННЫЕ ТРУБЫ	100 м	Укладка трубопроводов из железобетонных безнапорных фальцевых труб с гибким соединением диаметром: 500 мм
23-01-011-03	23-01-011	Укладка трубопроводов из железобетонных безнапорных фальцевых труб с гибким соединением	ЖЕЛЕЗОБЕТОННЫЕ И БЕТОННЫЕ КАНАЛИЗАЦИОННЫЕ ТРУБЫ	100 м	Укладка трубопроводов из железобетонных безнапорных фальцевых труб с гибким соединением диаметром: 600 мм
23-01-011-04	23-01-011	Укладка трубопроводов из железобетонных безнапорных фальцевых труб с гибким соединением	ЖЕЛЕЗОБЕТОННЫЕ И БЕТОННЫЕ КАНАЛИЗАЦИОННЫЕ ТРУБЫ	100 м	Укладка трубопроводов из железобетонных безнапорных фальцевых труб с гибким соединением диаметром: 800 мм
23-01-011-05	23-01-011	Укладка трубопроводов из железобетонных безнапорных фальцевых труб с гибким соединением	ЖЕЛЕЗОБЕТОННЫЕ И БЕТОННЫЕ КАНАЛИЗАЦИОННЫЕ ТРУБЫ	100 м	Укладка трубопроводов из железобетонных безнапорных фальцевых труб с гибким соединением диаметром: 1000 мм
23-01-011-06	23-01-011	Укладка трубопроводов из железобетонных безнапорных фальцевых труб с гибким соединением	ЖЕЛЕЗОБЕТОННЫЕ И БЕТОННЫЕ КАНАЛИЗАЦИОННЫЕ ТРУБЫ	100 м	Укладка трубопроводов из железобетонных безнапорных фальцевых труб с гибким соединением диаметром: 1200 мм
23-01-011-07	23-01-011	Укладка трубопроводов из железобетонных безнапорных фальцевых труб с гибким соединением	ЖЕЛЕЗОБЕТОННЫЕ И БЕТОННЫЕ КАНАЛИЗАЦИОННЫЕ ТРУБЫ	100 м	Укладка трубопроводов из железобетонных безнапорных фальцевых труб с гибким соединением диаметром: 1400 мм
23-01-011-08	23-01-011	Укладка трубопроводов из железобетонных безнапорных фальцевых труб с гибким соединением	ЖЕЛЕЗОБЕТОННЫЕ И БЕТОННЫЕ КАНАЛИЗАЦИОННЫЕ ТРУБЫ	100 м	Укладка трубопроводов из железобетонных безнапорных фальцевых труб с гибким соединением диаметром: 1600 мм
23-01-011-09	23-01-011	Укладка трубопроводов из железобетонных безнапорных фальцевых труб с гибким соединением	ЖЕЛЕЗОБЕТОННЫЕ И БЕТОННЫЕ КАНАЛИЗАЦИОННЫЕ ТРУБЫ	100 м	Укладка трубопроводов из железобетонных безнапорных фальцевых труб с гибким соединением диаметром: 2000 мм
23-01-011-10	23-01-011	Укладка трубопроводов из железобетонных безнапорных фальцевых труб с гибким соединением	ЖЕЛЕЗОБЕТОННЫЕ И БЕТОННЫЕ КАНАЛИЗАЦИОННЫЕ ТРУБЫ	100 м	Укладка трубопроводов из железобетонных безнапорных фальцевых труб с гибким соединением диаметром: 2400 мм
23-01-012-01	23-01-012	Укладка трубопроводов из бетонных фальцевых труб с жестким соединением	ЖЕЛЕЗОБЕТОННЫЕ И БЕТОННЫЕ КАНАЛИЗАЦИОННЫЕ ТРУБЫ	100 м	Укладка трубопроводов из бетонных фальцевых труб с жестким соединением диаметром: 300 мм
23-01-012-02	23-01-012	Укладка трубопроводов из бетонных фальцевых труб с жестким соединением	ЖЕЛЕЗОБЕТОННЫЕ И БЕТОННЫЕ КАНАЛИЗАЦИОННЫЕ ТРУБЫ	100 м	Укладка трубопроводов из бетонных фальцевых труб с жестким соединением диаметром: 400 мм
23-01-012-03	23-01-012	Укладка трубопроводов из бетонных фальцевых труб с жестким соединением	ЖЕЛЕЗОБЕТОННЫЕ И БЕТОННЫЕ КАНАЛИЗАЦИОННЫЕ ТРУБЫ	100 м	Укладка трубопроводов из бетонных фальцевых труб с жестким соединением диаметром: 500 мм
23-01-012-04	23-01-012	Укладка трубопроводов из бетонных фальцевых труб с жестким соединением	ЖЕЛЕЗОБЕТОННЫЕ И БЕТОННЫЕ КАНАЛИЗАЦИОННЫЕ ТРУБЫ	100 м	Укладка трубопроводов из бетонных фальцевых труб с жестким соединением диаметром: 600 мм
23-01-012-05	23-01-012	Укладка трубопроводов из бетонных фальцевых труб с жестким соединением	ЖЕЛЕЗОБЕТОННЫЕ И БЕТОННЫЕ КАНАЛИЗАЦИОННЫЕ ТРУБЫ	100 м	Укладка трубопроводов из бетонных фальцевых труб с жестким соединением диаметром: 800 мм
23-01-012-06	23-01-012	Укладка трубопроводов из бетонных фальцевых труб с жестким соединением	ЖЕЛЕЗОБЕТОННЫЕ И БЕТОННЫЕ КАНАЛИЗАЦИОННЫЕ ТРУБЫ	100 м	Укладка трубопроводов из бетонных фальцевых труб с жестким соединением диаметром: 1000 мм
23-01-013-01	23-01-013	Укладка трубопроводов из бетонных фальцевых труб с гибким соединением	ЖЕЛЕЗОБЕТОННЫЕ И БЕТОННЫЕ КАНАЛИЗАЦИОННЫЕ ТРУБЫ	100 м	Укладка трубопроводов из бетонных фальцевых труб с гибким соединением диаметром: 300 мм
23-01-013-02	23-01-013	Укладка трубопроводов из бетонных фальцевых труб с гибким соединением	ЖЕЛЕЗОБЕТОННЫЕ И БЕТОННЫЕ КАНАЛИЗАЦИОННЫЕ ТРУБЫ	100 м	Укладка трубопроводов из бетонных фальцевых труб с гибким соединением диаметром: 400 мм
23-01-013-03	23-01-013	Укладка трубопроводов из бетонных фальцевых труб с гибким соединением	ЖЕЛЕЗОБЕТОННЫЕ И БЕТОННЫЕ КАНАЛИЗАЦИОННЫЕ ТРУБЫ	100 м	Укладка трубопроводов из бетонных фальцевых труб с гибким соединением диаметром: 500 мм
23-01-013-04	23-01-013	Укладка трубопроводов из бетонных фальцевых труб с гибким соединением	ЖЕЛЕЗОБЕТОННЫЕ И БЕТОННЫЕ КАНАЛИЗАЦИОННЫЕ ТРУБЫ	100 м	Укладка трубопроводов из бетонных фальцевых труб с гибким соединением диаметром: 600 мм
23-01-013-05	23-01-013	Укладка трубопроводов из бетонных фальцевых труб с гибким соединением	ЖЕЛЕЗОБЕТОННЫЕ И БЕТОННЫЕ КАНАЛИЗАЦИОННЫЕ ТРУБЫ	100 м	Укладка трубопроводов из бетонных фальцевых труб с гибким соединением диаметром: 800 мм
23-01-013-06	23-01-013	Укладка трубопроводов из бетонных фальцевых труб с гибким соединением	ЖЕЛЕЗОБЕТОННЫЕ И БЕТОННЫЕ КАНАЛИЗАЦИОННЫЕ ТРУБЫ	100 м	Укладка трубопроводов из бетонных фальцевых труб с гибким соединением диаметром: 1000 мм
23-01-020-01	23-01-020	Укладка канализационных безнапорных раструбных труб из поливинилхлорида (ПВХ)	ПОЛИВИНИЛХЛОРИДНЫЕ (ПВХ) БЕЗНАПОРНЫЕ РАСТРУБНЫЕ КАНАЛИЗАЦИОН	100 м	Укладка канализационных безнапорных раструбных труб из поливинилхлорида (ПВХ) диаметром: 160 мм
23-01-020-02	23-01-020	Укладка канализационных безнапорных раструбных труб из поливинилхлорида (ПВХ)	ПОЛИВИНИЛХЛОРИДНЫЕ (ПВХ) БЕЗНАПОРНЫЕ РАСТРУБНЫЕ КАНАЛИЗАЦИОН	100 м	Укладка канализационных безнапорных раструбных труб из поливинилхлорида (ПВХ) диаметром: 200 мм
23-01-020-03	23-01-020	Укладка канализационных безнапорных раструбных труб из поливинилхлорида (ПВХ)	ПОЛИВИНИЛХЛОРИДНЫЕ (ПВХ) БЕЗНАПОРНЫЕ РАСТРУБНЫЕ КАНАЛИЗАЦИОН	100 м	Укладка канализационных безнапорных раструбных труб из поливинилхлорида (ПВХ) диаметром: 250 мм
23-01-020-04	23-01-020	Укладка канализационных безнапорных раструбных труб из поливинилхлорида (ПВХ)	ПОЛИВИНИЛХЛОРИДНЫЕ (ПВХ) БЕЗНАПОРНЫЕ РАСТРУБНЫЕ КАНАЛИЗАЦИОН	100 м	Укладка канализационных безнапорных раструбных труб из поливинилхлорида (ПВХ) диаметром: 315 мм
23-01-020-05	23-01-020	Укладка канализационных безнапорных раструбных труб из поливинилхлорида (ПВХ)	ПОЛИВИНИЛХЛОРИДНЫЕ (ПВХ) БЕЗНАПОРНЫЕ РАСТРУБНЫЕ КАНАЛИЗАЦИОН	100 м	Укладка канализационных безнапорных раструбных труб из поливинилхлорида (ПВХ) диаметром: 400 мм
23-01-020-06	23-01-020	Укладка канализационных безнапорных раструбных труб из поливинилхлорида (ПВХ)	ПОЛИВИНИЛХЛОРИДНЫЕ (ПВХ) БЕЗНАПОРНЫЕ РАСТРУБНЫЕ КАНАЛИЗАЦИОН	100 м	Укладка канализационных безнапорных раструбных труб из поливинилхлорида (ПВХ) диаметром: 500 мм
23-01-030-01	23-01-030	Укладка трубопроводов канализации из полиэтиленовых труб	ПОЛИЭТИЛЕНОВЫЕ БЕЗНАПОРНЫЕ ТРУБЫ	100 м	Укладка трубопроводов канализации из полиэтиленовых труб диаметром: 110 мм
23-01-030-02	23-01-030	Укладка трубопроводов канализации из полиэтиленовых труб	ПОЛИЭТИЛЕНОВЫЕ БЕЗНАПОРНЫЕ ТРУБЫ	100 м	Укладка трубопроводов канализации из полиэтиленовых труб диаметром: 160 мм
23-01-030-03	23-01-030	Укладка трубопроводов канализации из полиэтиленовых труб	ПОЛИЭТИЛЕНОВЫЕ БЕЗНАПОРНЫЕ ТРУБЫ	100 м	Укладка трубопроводов канализации из полиэтиленовых труб диаметром: 225 мм
23-01-030-04	23-01-030	Укладка трубопроводов канализации из полиэтиленовых труб	ПОЛИЭТИЛЕНОВЫЕ БЕЗНАПОРНЫЕ ТРУБЫ	100 м	Укладка трубопроводов канализации из полиэтиленовых труб диаметром: 250 мм
23-01-030-05	23-01-030	Укладка трубопроводов канализации из полиэтиленовых труб	ПОЛИЭТИЛЕНОВЫЕ БЕЗНАПОРНЫЕ ТРУБЫ	100 м	Укладка трубопроводов канализации из полиэтиленовых труб диаметром: 280 мм
23-01-030-06	23-01-030	Укладка трубопроводов канализации из полиэтиленовых труб	ПОЛИЭТИЛЕНОВЫЕ БЕЗНАПОРНЫЕ ТРУБЫ	100 м	Укладка трубопроводов канализации из полиэтиленовых труб диаметром: 315 мм
23-01-030-07	23-01-030	Укладка трубопроводов канализации из полиэтиленовых труб	ПОЛИЭТИЛЕНОВЫЕ БЕЗНАПОРНЫЕ ТРУБЫ	100 м	Укладка трубопроводов канализации из полиэтиленовых труб диаметром: 355 мм
23-01-030-08	23-01-030	Укладка трубопроводов канализации из полиэтиленовых труб	ПОЛИЭТИЛЕНОВЫЕ БЕЗНАПОРНЫЕ ТРУБЫ	100 м	Укладка трубопроводов канализации из полиэтиленовых труб диаметром: 400 мм
23-01-030-09	23-01-030	Укладка трубопроводов канализации из полиэтиленовых труб	ПОЛИЭТИЛЕНОВЫЕ БЕЗНАПОРНЫЕ ТРУБЫ	100 м	Укладка трубопроводов канализации из полиэтиленовых труб диаметром: 450 мм
23-01-030-10	23-01-030	Укладка трубопроводов канализации из полиэтиленовых труб	ПОЛИЭТИЛЕНОВЫЕ БЕЗНАПОРНЫЕ ТРУБЫ	100 м	Укладка трубопроводов канализации из полиэтиленовых труб диаметром: 500 мм
23-01-030-11	23-01-030	Укладка трубопроводов канализации из полиэтиленовых труб	ПОЛИЭТИЛЕНОВЫЕ БЕЗНАПОРНЫЕ ТРУБЫ	100 м	Укладка трубопроводов канализации из полиэтиленовых труб диаметром: 630 мм
23-01-030-12	23-01-030	Укладка трубопроводов канализации из полиэтиленовых труб	ПОЛИЭТИЛЕНОВЫЕ БЕЗНАПОРНЫЕ ТРУБЫ	100 м	Укладка трубопроводов канализации из полиэтиленовых труб диаметром: 710 мм
23-01-030-13	23-01-030	Укладка трубопроводов канализации из полиэтиленовых труб	ПОЛИЭТИЛЕНОВЫЕ БЕЗНАПОРНЫЕ ТРУБЫ	100 м	Укладка трубопроводов канализации из полиэтиленовых труб диаметром: 800 мм
23-01-030-14	23-01-030	Укладка трубопроводов канализации из полиэтиленовых труб	ПОЛИЭТИЛЕНОВЫЕ БЕЗНАПОРНЫЕ ТРУБЫ	100 м	Укладка трубопроводов канализации из полиэтиленовых труб диаметром: 900 мм
23-01-030-15	23-01-030	Укладка трубопроводов канализации из полиэтиленовых труб	ПОЛИЭТИЛЕНОВЫЕ БЕЗНАПОРНЫЕ ТРУБЫ	100 м	Укладка трубопроводов канализации из полиэтиленовых труб диаметром: 1000 мм
23-01-030-16	23-01-030	Укладка трубопроводов канализации из полиэтиленовых труб	ПОЛИЭТИЛЕНОВЫЕ БЕЗНАПОРНЫЕ ТРУБЫ	100 м	Укладка трубопроводов канализации из полиэтиленовых труб диаметром: 1200 мм
23-01-030-17	23-01-030	Укладка трубопроводов канализации из полиэтиленовых труб	ПОЛИЭТИЛЕНОВЫЕ БЕЗНАПОРНЫЕ ТРУБЫ	100 м	Укладка трубопроводов канализации из полиэтиленовых труб диаметром: 1400 мм
23-01-030-18	23-01-030	Укладка трубопроводов канализации из полиэтиленовых труб	ПОЛИЭТИЛЕНОВЫЕ БЕЗНАПОРНЫЕ ТРУБЫ	100 м	Укладка трубопроводов канализации из полиэтиленовых труб диаметром: 1600 мм
23-01-031-01	23-01-031	Укладка трубопроводов водостока из полиэтиленовых труб	ПОЛИЭТИЛЕНОВЫЕ БЕЗНАПОРНЫЕ ТРУБЫ	100 м	Укладка трубопроводов водостока из полиэтиленовых труб диаметром: 110 мм
23-01-031-02	23-01-031	Укладка трубопроводов водостока из полиэтиленовых труб	ПОЛИЭТИЛЕНОВЫЕ БЕЗНАПОРНЫЕ ТРУБЫ	100 м	Укладка трубопроводов водостока из полиэтиленовых труб диаметром: 160 мм
23-01-031-03	23-01-031	Укладка трубопроводов водостока из полиэтиленовых труб	ПОЛИЭТИЛЕНОВЫЕ БЕЗНАПОРНЫЕ ТРУБЫ	100 м	Укладка трубопроводов водостока из полиэтиленовых труб диаметром: 225 мм
23-01-031-04	23-01-031	Укладка трубопроводов водостока из полиэтиленовых труб	ПОЛИЭТИЛЕНОВЫЕ БЕЗНАПОРНЫЕ ТРУБЫ	100 м	Укладка трубопроводов водостока из полиэтиленовых труб диаметром: 250 мм
23-01-031-05	23-01-031	Укладка трубопроводов водостока из полиэтиленовых труб	ПОЛИЭТИЛЕНОВЫЕ БЕЗНАПОРНЫЕ ТРУБЫ	100 м	Укладка трубопроводов водостока из полиэтиленовых труб диаметром: 280 мм
23-01-031-06	23-01-031	Укладка трубопроводов водостока из полиэтиленовых труб	ПОЛИЭТИЛЕНОВЫЕ БЕЗНАПОРНЫЕ ТРУБЫ	100 м	Укладка трубопроводов водостока из полиэтиленовых труб диаметром: 315 мм
23-01-031-07	23-01-031	Укладка трубопроводов водостока из полиэтиленовых труб	ПОЛИЭТИЛЕНОВЫЕ БЕЗНАПОРНЫЕ ТРУБЫ	100 м	Укладка трубопроводов водостока из полиэтиленовых труб диаметром: 355 мм
23-01-031-08	23-01-031	Укладка трубопроводов водостока из полиэтиленовых труб	ПОЛИЭТИЛЕНОВЫЕ БЕЗНАПОРНЫЕ ТРУБЫ	100 м	Укладка трубопроводов водостока из полиэтиленовых труб диаметром: 400 мм
23-01-031-09	23-01-031	Укладка трубопроводов водостока из полиэтиленовых труб	ПОЛИЭТИЛЕНОВЫЕ БЕЗНАПОРНЫЕ ТРУБЫ	100 м	Укладка трубопроводов водостока из полиэтиленовых труб диаметром: 450 мм
23-01-031-10	23-01-031	Укладка трубопроводов водостока из полиэтиленовых труб	ПОЛИЭТИЛЕНОВЫЕ БЕЗНАПОРНЫЕ ТРУБЫ	100 м	Укладка трубопроводов водостока из полиэтиленовых труб диаметром: 500 мм
23-01-031-11	23-01-031	Укладка трубопроводов водостока из полиэтиленовых труб	ПОЛИЭТИЛЕНОВЫЕ БЕЗНАПОРНЫЕ ТРУБЫ	100 м	Укладка трубопроводов водостока из полиэтиленовых труб диаметром: 630 мм
23-01-031-12	23-01-031	Укладка трубопроводов водостока из полиэтиленовых труб	ПОЛИЭТИЛЕНОВЫЕ БЕЗНАПОРНЫЕ ТРУБЫ	100 м	Укладка трубопроводов водостока из полиэтиленовых труб диаметром: 710 мм
23-01-031-13	23-01-031	Укладка трубопроводов водостока из полиэтиленовых труб	ПОЛИЭТИЛЕНОВЫЕ БЕЗНАПОРНЫЕ ТРУБЫ	100 м	Укладка трубопроводов водостока из полиэтиленовых труб диаметром: 800 мм
23-01-031-14	23-01-031	Укладка трубопроводов водостока из полиэтиленовых труб	ПОЛИЭТИЛЕНОВЫЕ БЕЗНАПОРНЫЕ ТРУБЫ	100 м	Укладка трубопроводов водостока из полиэтиленовых труб диаметром: 900 мм
23-01-031-15	23-01-031	Укладка трубопроводов водостока из полиэтиленовых труб	ПОЛИЭТИЛЕНОВЫЕ БЕЗНАПОРНЫЕ ТРУБЫ	100 м	Укладка трубопроводов водостока из полиэтиленовых труб диаметром: 1000 мм
23-01-031-16	23-01-031	Укладка трубопроводов водостока из полиэтиленовых труб	ПОЛИЭТИЛЕНОВЫЕ БЕЗНАПОРНЫЕ ТРУБЫ	100 м	Укладка трубопроводов водостока из полиэтиленовых труб диаметром: 1200 мм
23-01-032-01	23-01-032	Укладка витых с полой стенкой труб канализации из полиэтилена низкого давления (ПНД)	ПОЛИЭТИЛЕНОВЫЕ БЕЗНАПОРНЫЕ ТРУБЫ	км	Укладка витых с полой стенкой труб канализации из полиэтилена низкого давления (ПНД) диаметром: 600 мм
23-01-032-02	23-01-032	Укладка витых с полой стенкой труб канализации из полиэтилена низкого давления (ПНД)	ПОЛИЭТИЛЕНОВЫЕ БЕЗНАПОРНЫЕ ТРУБЫ	км	Укладка витых с полой стенкой труб канализации из полиэтилена низкого давления (ПНД) диаметром: 700 мм
23-01-032-03	23-01-032	Укладка витых с полой стенкой труб канализации из полиэтилена низкого давления (ПНД)	ПОЛИЭТИЛЕНОВЫЕ БЕЗНАПОРНЫЕ ТРУБЫ	км	Укладка витых с полой стенкой труб канализации из полиэтилена низкого давления (ПНД) диаметром: 800 мм
23-01-032-04	23-01-032	Укладка витых с полой стенкой труб канализации из полиэтилена низкого давления (ПНД)	ПОЛИЭТИЛЕНОВЫЕ БЕЗНАПОРНЫЕ ТРУБЫ	км	Укладка витых с полой стенкой труб канализации из полиэтилена низкого давления (ПНД) диаметром: 900 мм
23-01-032-05	23-01-032	Укладка витых с полой стенкой труб канализации из полиэтилена низкого давления (ПНД)	ПОЛИЭТИЛЕНОВЫЕ БЕЗНАПОРНЫЕ ТРУБЫ	км	Укладка витых с полой стенкой труб канализации из полиэтилена низкого давления (ПНД) диаметром: 1000 мм
23-01-032-06	23-01-032	Укладка витых с полой стенкой труб канализации из полиэтилена низкого давления (ПНД)	ПОЛИЭТИЛЕНОВЫЕ БЕЗНАПОРНЫЕ ТРУБЫ	км	Укладка витых с полой стенкой труб канализации из полиэтилена низкого давления (ПНД) диаметром: 1200 мм
23-01-032-07	23-01-032	Укладка витых с полой стенкой труб канализации из полиэтилена низкого давления (ПНД)	ПОЛИЭТИЛЕНОВЫЕ БЕЗНАПОРНЫЕ ТРУБЫ	км	Укладка витых с полой стенкой труб канализации из полиэтилена низкого давления (ПНД) диаметром: 1500 мм
23-01-032-08	23-01-032	Укладка витых с полой стенкой труб канализации из полиэтилена низкого давления (ПНД)	ПОЛИЭТИЛЕНОВЫЕ БЕЗНАПОРНЫЕ ТРУБЫ	км	Укладка витых с полой стенкой труб канализации из полиэтилена низкого давления (ПНД) диаметром: 1800 мм
23-01-032-09	23-01-032	Укладка витых с полой стенкой труб канализации из полиэтилена низкого давления (ПНД)	ПОЛИЭТИЛЕНОВЫЕ БЕЗНАПОРНЫЕ ТРУБЫ	100 шт	Герметизация стыков при укладке витых с полой стенкой труб канализации из полиэтилена низкого давления (ПНД) с применением экструдера, диаметром: 600 мм
23-01-032-10	23-01-032	Укладка витых с полой стенкой труб канализации из полиэтилена низкого давления (ПНД)	ПОЛИЭТИЛЕНОВЫЕ БЕЗНАПОРНЫЕ ТРУБЫ	100 шт	Герметизация стыков при укладке витых с полой стенкой труб канализации из полиэтилена низкого давления (ПНД) с применением экструдера, диаметром: 700 мм
23-01-032-11	23-01-032	Укладка витых с полой стенкой труб канализации из полиэтилена низкого давления (ПНД)	ПОЛИЭТИЛЕНОВЫЕ БЕЗНАПОРНЫЕ ТРУБЫ	100 шт	Герметизация стыков при укладке витых с полой стенкой труб канализации из полиэтилена низкого давления (ПНД) с применением экструдера, диаметром: 800 мм
23-01-032-12	23-01-032	Укладка витых с полой стенкой труб канализации из полиэтилена низкого давления (ПНД)	ПОЛИЭТИЛЕНОВЫЕ БЕЗНАПОРНЫЕ ТРУБЫ	100 шт	Герметизация стыков при укладке витых с полой стенкой труб канализации из полиэтилена низкого давления (ПНД) с применением экструдера, диаметром: 900 мм
23-01-032-13	23-01-032	Укладка витых с полой стенкой труб канализации из полиэтилена низкого давления (ПНД)	ПОЛИЭТИЛЕНОВЫЕ БЕЗНАПОРНЫЕ ТРУБЫ	100 шт	Герметизация стыков при укладке витых с полой стенкой труб канализации из полиэтилена низкого давления (ПНД) с применением экструдера, диаметром: 1000 мм
23-01-032-14	23-01-032	Укладка витых с полой стенкой труб канализации из полиэтилена низкого давления (ПНД)	ПОЛИЭТИЛЕНОВЫЕ БЕЗНАПОРНЫЕ ТРУБЫ	100 шт	Герметизация стыков при укладке витых с полой стенкой труб канализации из полиэтилена низкого давления (ПНД) с применением экструдера, диаметром: 1200 мм
23-01-032-15	23-01-032	Укладка витых с полой стенкой труб канализации из полиэтилена низкого давления (ПНД)	ПОЛИЭТИЛЕНОВЫЕ БЕЗНАПОРНЫЕ ТРУБЫ	100 шт	Герметизация стыков при укладке витых с полой стенкой труб канализации из полиэтилена низкого давления (ПНД) с применением экструдера, диаметром: 1500 мм
23-01-032-16	23-01-032	Укладка витых с полой стенкой труб канализации из полиэтилена низкого давления (ПНД)	ПОЛИЭТИЛЕНОВЫЕ БЕЗНАПОРНЫЕ ТРУБЫ	100 шт	Герметизация стыков при укладке витых с полой стенкой труб канализации из полиэтилена низкого давления (ПНД) с применением экструдера, диаметром: 1800 мм
23-01-033-01	23-01-033	Укладка трубопроводов канализации из труб полиэтиленовых с двухслойной профилированной стенкой с рас	ПОЛИЭТИЛЕНОВЫЕ БЕЗНАПОРНЫЕ ТРУБЫ	100 м	Укладка трубопроводов канализации из труб полиэтиленовых с двухслойной профилированной стенкой с раструбным соединением диаметром: 500 мм
23-01-033-02	23-01-033	Укладка трубопроводов канализации из труб полиэтиленовых с двухслойной профилированной стенкой с рас	ПОЛИЭТИЛЕНОВЫЕ БЕЗНАПОРНЫЕ ТРУБЫ	100 м	Укладка трубопроводов канализации из труб полиэтиленовых с двухслойной профилированной стенкой с раструбным соединением диаметром: 630 мм
23-01-033-03	23-01-033	Укладка трубопроводов канализации из труб полиэтиленовых с двухслойной профилированной стенкой с рас	ПОЛИЭТИЛЕНОВЫЕ БЕЗНАПОРНЫЕ ТРУБЫ	100 м	Укладка трубопроводов канализации из труб полиэтиленовых с двухслойной профилированной стенкой с раструбным соединением диаметром: 800 мм
23-01-033-04	23-01-033	Укладка трубопроводов канализации из труб полиэтиленовых с двухслойной профилированной стенкой с рас	ПОЛИЭТИЛЕНОВЫЕ БЕЗНАПОРНЫЕ ТРУБЫ	100 м	Укладка трубопроводов канализации из труб полиэтиленовых с двухслойной профилированной стенкой с раструбным соединением диаметром: 1000 мм
23-01-033-05	23-01-033	Укладка трубопроводов канализации из труб полиэтиленовых с двухслойной профилированной стенкой с рас	ПОЛИЭТИЛЕНОВЫЕ БЕЗНАПОРНЫЕ ТРУБЫ	100 м	Укладка трубопроводов канализации из труб полиэтиленовых с двухслойной профилированной стенкой с раструбным соединением диаметром: 1200 мм
23-01-033-06	23-01-033	Укладка трубопроводов канализации из труб полиэтиленовых с двухслойной профилированной стенкой с рас	ПОЛИЭТИЛЕНОВЫЕ БЕЗНАПОРНЫЕ ТРУБЫ	100 м	Укладка трубопроводов канализации из труб полиэтиленовых с двухслойной профилированной стенкой с электрофузионным раструбным соединением диаметром: 1200 мм
23-01-033-07	23-01-033	Укладка трубопроводов канализации из труб полиэтиленовых с двухслойной профилированной стенкой с рас	ПОЛИЭТИЛЕНОВЫЕ БЕЗНАПОРНЫЕ ТРУБЫ	100 м	Укладка трубопроводов канализации из труб полиэтиленовых с двухслойной профилированной стенкой с электрофузионным раструбным соединением диаметром: 1400 мм
23-01-033-08	23-01-033	Укладка трубопроводов канализации из труб полиэтиленовых с двухслойной профилированной стенкой с рас	ПОЛИЭТИЛЕНОВЫЕ БЕЗНАПОРНЫЕ ТРУБЫ	100 м	Укладка трубопроводов канализации из труб полиэтиленовых с двухслойной профилированной стенкой с электрофузионным раструбным соединением диаметром: 1600 мм
23-01-033-09	23-01-033	Укладка трубопроводов канализации из труб полиэтиленовых с двухслойной профилированной стенкой с рас	ПОЛИЭТИЛЕНОВЫЕ БЕЗНАПОРНЫЕ ТРУБЫ	100 м	Укладка трубопроводов канализации из труб полиэтиленовых с двухслойной профилированной стенкой с электрофузионным раструбным соединением диаметром: 1800 мм
23-01-033-10	23-01-033	Укладка трубопроводов канализации из труб полиэтиленовых с двухслойной профилированной стенкой с рас	ПОЛИЭТИЛЕНОВЫЕ БЕЗНАПОРНЫЕ ТРУБЫ	100 м	Укладка трубопроводов канализации из труб полиэтиленовых с двухслойной профилированной стенкой с электрофузионным раструбным соединением диаметром: 2000 мм
23-01-033-11	23-01-033	Укладка трубопроводов канализации из труб полиэтиленовых с двухслойной профилированной стенкой с рас	ПОЛИЭТИЛЕНОВЫЕ БЕЗНАПОРНЫЕ ТРУБЫ	100 м	Укладка трубопроводов канализации из труб полиэтиленовых с двухслойной профилированной стенкой с электрофузионным раструбным соединением диаметром: 2200 мм
23-01-033-12	23-01-033	Укладка трубопроводов канализации из труб полиэтиленовых с двухслойной профилированной стенкой с рас	ПОЛИЭТИЛЕНОВЫЕ БЕЗНАПОРНЫЕ ТРУБЫ	100 м	Укладка трубопроводов канализации из труб полиэтиленовых с двухслойной профилированной стенкой с электрофузионным раструбным соединением диаметром: 2600 мм
23-01-033-13	23-01-033	Укладка трубопроводов канализации из труб полиэтиленовых с двухслойной профилированной стенкой с рас	ПОЛИЭТИЛЕНОВЫЕ БЕЗНАПОРНЫЕ ТРУБЫ	100 м	Укладка трубопроводов канализации из труб полиэтиленовых с двухслойной профилированной стенкой с электрофузионным раструбным соединением диаметром: 3000 мм
23-01-034-01	23-01-034	Укладка трубопроводов канализации из труб гофрированных полипропиленовых с двухслойной стенкой с сое	ПОЛИЭТИЛЕНОВЫЕ БЕЗНАПОРНЫЕ ТРУБЫ	100 м	Укладка трубопроводов канализации из труб гофрированных полипропиленовых с двухслойной стенкой с соединением полипропиленовыми муфтами: диаметр 200 мм
23-01-034-02	23-01-034	Укладка трубопроводов канализации из труб гофрированных полипропиленовых с двухслойной стенкой с сое	ПОЛИЭТИЛЕНОВЫЕ БЕЗНАПОРНЫЕ ТРУБЫ	100 м	Укладка трубопроводов канализации из труб гофрированных полипропиленовых с двухслойной стенкой с соединением полипропиленовыми муфтами: диаметр 400 мм
23-01-034-03	23-01-034	Укладка трубопроводов канализации из труб гофрированных полипропиленовых с двухслойной стенкой с сое	ПОЛИЭТИЛЕНОВЫЕ БЕЗНАПОРНЫЕ ТРУБЫ	100 м	Укладка трубопроводов канализации из труб гофрированных полипропиленовых с двухслойной стенкой с соединением полипропиленовыми муфтами: диаметр 600 мм
23-01-035-01	23-01-035	Укладка трубопроводов канализации из труб полиэтиленовых с двухслойной профилированной стенкой с сое	ПОЛИЭТИЛЕНОВЫЕ БЕЗНАПОРНЫЕ ТРУБЫ	100 м	Укладка трубопроводов канализации из труб полиэтиленовых с двухслойной профилированной стенкой с соединением полиэтиленовыми муфтами: диаметр 160 мм
23-01-035-02	23-01-035	Укладка трубопроводов канализации из труб полиэтиленовых с двухслойной профилированной стенкой с сое	ПОЛИЭТИЛЕНОВЫЕ БЕЗНАПОРНЫЕ ТРУБЫ	100 м	Укладка трубопроводов канализации из труб полиэтиленовых с двухслойной профилированной стенкой с соединением полиэтиленовыми муфтами: диаметр 200 мм
23-01-035-03	23-01-035	Укладка трубопроводов канализации из труб полиэтиленовых с двухслойной профилированной стенкой с сое	ПОЛИЭТИЛЕНОВЫЕ БЕЗНАПОРНЫЕ ТРУБЫ	100 м	Укладка трубопроводов канализации из труб полиэтиленовых с двухслойной профилированной стенкой с соединением полиэтиленовыми муфтами: диаметр 250 мм
23-01-035-04	23-01-035	Укладка трубопроводов канализации из труб полиэтиленовых с двухслойной профилированной стенкой с сое	ПОЛИЭТИЛЕНОВЫЕ БЕЗНАПОРНЫЕ ТРУБЫ	100 м	Укладка трубопроводов канализации из труб полиэтиленовых с двухслойной профилированной стенкой с соединением полиэтиленовыми муфтами: диаметр 315 мм
23-01-035-05	23-01-035	Укладка трубопроводов канализации из труб полиэтиленовых с двухслойной профилированной стенкой с сое	ПОЛИЭТИЛЕНОВЫЕ БЕЗНАПОРНЫЕ ТРУБЫ	100 м	Укладка трубопроводов канализации из труб полиэтиленовых с двухслойной профилированной стенкой с соединением полиэтиленовыми муфтами: диаметр 400 мм
23-03-001-01	23-03-001	Устройство круглых сборных железобетонных канализационных колодцев	КОЛОДЦЫ КАНАЛИЗАЦИОННЫЕ	10 м3	Устройство круглых сборных железобетонных канализационных колодцев диаметром: 0,7 м в сухих грунтах
23-03-001-02	23-03-001	Устройство круглых сборных железобетонных канализационных колодцев	КОЛОДЦЫ КАНАЛИЗАЦИОННЫЕ	10 м3	Устройство круглых сборных железобетонных канализационных колодцев диаметром: 0,7 м в мокрых грунтах
23-03-001-03	23-03-001	Устройство круглых сборных железобетонных канализационных колодцев	КОЛОДЦЫ КАНАЛИЗАЦИОННЫЕ	10 м3	Устройство круглых сборных железобетонных канализационных колодцев диаметром: 1 м в сухих грунтах
23-03-001-04	23-03-001	Устройство круглых сборных железобетонных канализационных колодцев	КОЛОДЦЫ КАНАЛИЗАЦИОННЫЕ	10 м3	Устройство круглых сборных железобетонных канализационных колодцев диаметром: 1 м в мокрых грунтах
23-03-001-05	23-03-001	Устройство круглых сборных железобетонных канализационных колодцев	КОЛОДЦЫ КАНАЛИЗАЦИОННЫЕ	10 м3	Устройство круглых сборных железобетонных канализационных колодцев диаметром: 1,5 м в сухих грунтах
23-03-001-06	23-03-001	Устройство круглых сборных железобетонных канализационных колодцев	КОЛОДЦЫ КАНАЛИЗАЦИОННЫЕ	10 м3	Устройство круглых сборных железобетонных канализационных колодцев диаметром: 1,5 м в мокрых грунтах
23-03-001-07	23-03-001	Устройство круглых сборных железобетонных канализационных колодцев	КОЛОДЦЫ КАНАЛИЗАЦИОННЫЕ	10 м3	Устройство круглых сборных железобетонных канализационных колодцев диаметром: 2 м в сухих грунтах
23-03-001-08	23-03-001	Устройство круглых сборных железобетонных канализационных колодцев	КОЛОДЦЫ КАНАЛИЗАЦИОННЫЕ	10 м3	Устройство круглых сборных железобетонных канализационных колодцев диаметром: 2 м в мокрых грунтах
23-03-002-01	23-03-002	Устройство круглых кирпичных канализационных колодцев с покрытием из сборного железобетона	КОЛОДЦЫ КАНАЛИЗАЦИОННЫЕ	10 м3	Устройство круглых кирпичных канализационных колодцев с покрытием из сборного железобетона в сухих грунтах, диаметр колодца: 0,7 м
23-03-002-02	23-03-002	Устройство круглых кирпичных канализационных колодцев с покрытием из сборного железобетона	КОЛОДЦЫ КАНАЛИЗАЦИОННЫЕ	10 м3	Устройство круглых кирпичных канализационных колодцев с покрытием из сборного железобетона в сухих грунтах, диаметр колодца: 1 м
23-03-002-03	23-03-002	Устройство круглых кирпичных канализационных колодцев с покрытием из сборного железобетона	КОЛОДЦЫ КАНАЛИЗАЦИОННЫЕ	10 м3	Устройство круглых кирпичных канализационных колодцев с покрытием из сборного железобетона в сухих грунтах, диаметр колодца: 1,5 м
23-03-003-01	23-03-003	Устройство круглых кирпичных канализационных колодцев с конусным переходом к горловине	КОЛОДЦЫ КАНАЛИЗАЦИОННЫЕ	10 м3	Устройство круглых кирпичных канализационных колодцев с конусным переходом к горловине в сухих грунтах, диаметр колодца: 1 м
23-03-003-02	23-03-003	Устройство круглых кирпичных канализационных колодцев с конусным переходом к горловине	КОЛОДЦЫ КАНАЛИЗАЦИОННЫЕ	10 м3	Устройство круглых кирпичных канализационных колодцев с конусным переходом к горловине в сухих грунтах, диаметр колодца: 1,25 м
23-03-003-03	23-03-003	Устройство круглых кирпичных канализационных колодцев с конусным переходом к горловине	КОЛОДЦЫ КАНАЛИЗАЦИОННЫЕ	10 м3	Устройство круглых кирпичных канализационных колодцев с конусным переходом к горловине в сухих грунтах, диаметр колодца: 1,5 м
23-03-004-01	23-03-004	Устройство колодцев канализационных прямоугольных кирпичных	КОЛОДЦЫ КАНАЛИЗАЦИОННЫЕ	10 м3	Устройство колодцев канализационных прямоугольных кирпичных площадью: до 3 м2 в сухих грунтах
23-03-004-02	23-03-004	Устройство колодцев канализационных прямоугольных кирпичных	КОЛОДЦЫ КАНАЛИЗАЦИОННЫЕ	10 м3	Устройство колодцев канализационных прямоугольных кирпичных площадью: до 3 м2 в мокрых грунтах
23-03-004-03	23-03-004	Устройство колодцев канализационных прямоугольных кирпичных	КОЛОДЦЫ КАНАЛИЗАЦИОННЫЕ	10 м3	Устройство колодцев канализационных прямоугольных кирпичных площадью: до 3 м2 в просадочных грунтах
23-03-004-04	23-03-004	Устройство колодцев канализационных прямоугольных кирпичных	КОЛОДЦЫ КАНАЛИЗАЦИОННЫЕ	10 м3	Устройство колодцев канализационных прямоугольных кирпичных площадью: более 3 м2 в сухих грунтах
23-03-004-05	23-03-004	Устройство колодцев канализационных прямоугольных кирпичных	КОЛОДЦЫ КАНАЛИЗАЦИОННЫЕ	10 м3	Устройство колодцев канализационных прямоугольных кирпичных площадью: более 3 м2 в мокрых грунтах
23-03-004-06	23-03-004	Устройство колодцев канализационных прямоугольных кирпичных	КОЛОДЦЫ КАНАЛИЗАЦИОННЫЕ	10 м3	Устройство колодцев канализационных прямоугольных кирпичных площадью: более 3 м2 в просадочных грунтах
23-03-005-01	23-03-005	Устройство круглых бетонных монолитных канализационных колодцев	КОЛОДЦЫ КАНАЛИЗАЦИОННЫЕ	10 м3	Устройство круглых бетонных монолитных канализационных колодцев диаметром: 0,7 м в сухих грунтах
23-03-005-02	23-03-005	Устройство круглых бетонных монолитных канализационных колодцев	КОЛОДЦЫ КАНАЛИЗАЦИОННЫЕ	10 м3	Устройство круглых бетонных монолитных канализационных колодцев диаметром: 0,7 м в мокрых грунтах
23-03-005-03	23-03-005	Устройство круглых бетонных монолитных канализационных колодцев	КОЛОДЦЫ КАНАЛИЗАЦИОННЫЕ	10 м3	Устройство круглых бетонных монолитных канализационных колодцев диаметром: 1 м в сухих грунтах
23-03-005-04	23-03-005	Устройство круглых бетонных монолитных канализационных колодцев	КОЛОДЦЫ КАНАЛИЗАЦИОННЫЕ	10 м3	Устройство круглых бетонных монолитных канализационных колодцев диаметром: 1 м в мокрых грунтах
23-03-005-05	23-03-005	Устройство круглых бетонных монолитных канализационных колодцев	КОЛОДЦЫ КАНАЛИЗАЦИОННЫЕ	10 м3	Устройство круглых бетонных монолитных канализационных колодцев диаметром: 1,5 м в сухих грунтах
23-03-005-06	23-03-005	Устройство круглых бетонных монолитных канализационных колодцев	КОЛОДЦЫ КАНАЛИЗАЦИОННЫЕ	10 м3	Устройство круглых бетонных монолитных канализационных колодцев диаметром: 1,5 м в мокрых грунтах
23-03-005-07	23-03-005	Устройство круглых бетонных монолитных канализационных колодцев	КОЛОДЦЫ КАНАЛИЗАЦИОННЫЕ	10 м3	Устройство круглых бетонных монолитных канализационных колодцев диаметром: 2 м в сухих грунтах
23-03-005-08	23-03-005	Устройство круглых бетонных монолитных канализационных колодцев	КОЛОДЦЫ КАНАЛИЗАЦИОННЫЕ	10 м3	Устройство круглых бетонных монолитных канализационных колодцев диаметром: 2 м в мокрых грунтах
23-03-006-01	23-03-006	Устройство прямоугольных бетонных монолитных канализационных колодцев	КОЛОДЦЫ КАНАЛИЗАЦИОННЫЕ	10 м3	Устройство прямоугольных бетонных монолитных канализационных колодцев площадью: до 3 м2 в сухих грунтах
23-03-006-02	23-03-006	Устройство прямоугольных бетонных монолитных канализационных колодцев	КОЛОДЦЫ КАНАЛИЗАЦИОННЫЕ	10 м3	Устройство прямоугольных бетонных монолитных канализационных колодцев площадью: до 3 м2 в мокрых грунтах
23-03-006-03	23-03-006	Устройство прямоугольных бетонных монолитных канализационных колодцев	КОЛОДЦЫ КАНАЛИЗАЦИОННЫЕ	10 м3	Устройство прямоугольных бетонных монолитных канализационных колодцев площадью: до 3 м2 в просадочных грунтах
23-03-006-04	23-03-006	Устройство прямоугольных бетонных монолитных канализационных колодцев	КОЛОДЦЫ КАНАЛИЗАЦИОННЫЕ	10 м3	Устройство прямоугольных бетонных монолитных канализационных колодцев площадью: более 3 м2 в сухих грунтах
23-03-006-05	23-03-006	Устройство прямоугольных бетонных монолитных канализационных колодцев	КОЛОДЦЫ КАНАЛИЗАЦИОННЫЕ	10 м3	Устройство прямоугольных бетонных монолитных канализационных колодцев площадью: более 3 м2 в мокрых грунтах
23-03-006-06	23-03-006	Устройство прямоугольных бетонных монолитных канализационных колодцев	КОЛОДЦЫ КАНАЛИЗАЦИОННЫЕ	10 м3	Устройство прямоугольных бетонных монолитных канализационных колодцев площадью: более 3 м2 в просадочных грунтах
23-03-007-01	23-03-007	Устройство круглых дождеприемных колодцев для дождевой канализации	КОЛОДЦЫ КАНАЛИЗАЦИОННЫЕ	10 м3	Устройство круглых дождеприемных колодцев для дождевой канализации: из сборного железобетона диаметром 0,7 м в сухих грунтах
23-03-007-02	23-03-007	Устройство круглых дождеприемных колодцев для дождевой канализации	КОЛОДЦЫ КАНАЛИЗАЦИОННЫЕ	10 м3	Устройство круглых дождеприемных колодцев для дождевой канализации: из сборного железобетона диаметром 0,7 м в мокрых грунтах
23-03-007-03	23-03-007	Устройство круглых дождеприемных колодцев для дождевой канализации	КОЛОДЦЫ КАНАЛИЗАЦИОННЫЕ	10 м3	Устройство круглых дождеприемных колодцев для дождевой канализации: из сборного железобетона диаметром 1,0 м в сухих грунтах
23-03-007-04	23-03-007	Устройство круглых дождеприемных колодцев для дождевой канализации	КОЛОДЦЫ КАНАЛИЗАЦИОННЫЕ	10 м3	Устройство круглых дождеприемных колодцев для дождевой канализации: из сборного железобетона диаметром 1,0 м в мокрых грунтах
23-03-007-05	23-03-007	Устройство круглых дождеприемных колодцев для дождевой канализации	КОЛОДЦЫ КАНАЛИЗАЦИОННЫЕ	10 м3	Устройство круглых дождеприемных колодцев для дождевой канализации: из кирпича диаметром 0,7 м в сухих грунтах
23-03-007-06	23-03-007	Устройство круглых дождеприемных колодцев для дождевой канализации	КОЛОДЦЫ КАНАЛИЗАЦИОННЫЕ	10 м3	Устройство круглых дождеприемных колодцев для дождевой канализации: из кирпича диаметром 0,7 м в мокрых грунтах
23-03-008-01	23-03-008	Установка сборных железобетонных колец горловин колодцев	КОЛОДЦЫ КАНАЛИЗАЦИОННЫЕ	100 шт	Установка сборных железобетонных колец горловин колодцев
23-03-009-01	23-03-009	Установка круглых сборно-сварных колодцев из полимерных материалов	КОЛОДЦЫ КАНАЛИЗАЦИОННЫЕ	шт	Установка круглых сборно-сварных колодцев из полимерных материалов с внутренним диаметром: 800 мм
23-03-009-02	23-03-009	Установка круглых сборно-сварных колодцев из полимерных материалов	КОЛОДЦЫ КАНАЛИЗАЦИОННЫЕ	шт	Установка круглых сборно-сварных колодцев из полимерных материалов с внутренним диаметром: 1000 мм
23-03-009-03	23-03-009	Установка круглых сборно-сварных колодцев из полимерных материалов	КОЛОДЦЫ КАНАЛИЗАЦИОННЫЕ	шт	Установка круглых сборно-сварных колодцев из полимерных материалов с внутренним диаметром: 1600 мм
23-03-010-01	23-03-010	Установка круглых сборных колодцев из полимерных материалов	КОЛОДЦЫ КАНАЛИЗАЦИОННЫЕ	шт	Установка круглых сборных колодцев из полимерных материалов высотой 1,5 м, диаметром: 630 мм
23-03-010-02	23-03-010	Установка круглых сборных колодцев из полимерных материалов	КОЛОДЦЫ КАНАЛИЗАЦИОННЫЕ	шт	Установка круглых сборных колодцев из полимерных материалов высотой 1,5 м, диаметром: 800 мм
23-03-010-03	23-03-010	Установка круглых сборных колодцев из полимерных материалов	КОЛОДЦЫ КАНАЛИЗАЦИОННЫЕ	шт	Установка круглых сборных колодцев из полимерных материалов высотой 1,5 м, диаметром: 1000 мм
23-03-010-04	23-03-010	Установка круглых сборных колодцев из полимерных материалов	КОЛОДЦЫ КАНАЛИЗАЦИОННЫЕ	шт	Установка колец тела колодца из полимерных материалов высотой 0,5 м, диаметром: 630 мм
23-03-010-05	23-03-010	Установка круглых сборных колодцев из полимерных материалов	КОЛОДЦЫ КАНАЛИЗАЦИОННЫЕ	шт	Установка колец тела колодца из полимерных материалов высотой 0,5 м, диаметром: 800 мм
23-03-010-06	23-03-010	Установка круглых сборных колодцев из полимерных материалов	КОЛОДЦЫ КАНАЛИЗАЦИОННЫЕ	шт	Установка колец тела колодца из полимерных материалов высотой 0,5 м, диаметром: 1000 мм
24-01-001-01	24-01-001	Прокладка трубопроводов в каналах и надземная при условном давлении 0,6 МПа, температуре 115°С	ТРУБОПРОВОДЫ В КАНАЛАХ И НАДЗЕМНЫЕ	км	Прокладка стальных трубопроводов в каналах и надземная при номинальном давлении 0,6 МПа, температуре 115°С, диаметр труб: 50 мм
24-01-001-02	24-01-001	Прокладка трубопроводов в каналах и надземная при условном давлении 0,6 МПа, температуре 115°С	ТРУБОПРОВОДЫ В КАНАЛАХ И НАДЗЕМНЫЕ	км	Прокладка стальных трубопроводов в каналах и надземная при номинальном давлении 0,6 МПа, температуре 115°С, диаметр труб: 65 мм
24-01-001-03	24-01-001	Прокладка трубопроводов в каналах и надземная при условном давлении 0,6 МПа, температуре 115°С	ТРУБОПРОВОДЫ В КАНАЛАХ И НАДЗЕМНЫЕ	км	Прокладка стальных трубопроводов в каналах и надземная при номинальном давлении 0,6 МПа, температуре 115°С, диаметр труб: 80 мм
24-01-001-04	24-01-001	Прокладка трубопроводов в каналах и надземная при условном давлении 0,6 МПа, температуре 115°С	ТРУБОПРОВОДЫ В КАНАЛАХ И НАДЗЕМНЫЕ	км	Прокладка стальных трубопроводов в каналах и надземная при номинальном давлении 0,6 МПа, температуре 115°С, диаметр труб: 100 мм
24-01-001-05	24-01-001	Прокладка трубопроводов в каналах и надземная при условном давлении 0,6 МПа, температуре 115°С	ТРУБОПРОВОДЫ В КАНАЛАХ И НАДЗЕМНЫЕ	км	Прокладка стальных трубопроводов в каналах и надземная при номинальном давлении 0,6 МПа, температуре 115°С, диаметр труб: 125 мм
24-01-001-06	24-01-001	Прокладка трубопроводов в каналах и надземная при условном давлении 0,6 МПа, температуре 115°С	ТРУБОПРОВОДЫ В КАНАЛАХ И НАДЗЕМНЫЕ	км	Прокладка стальных трубопроводов в каналах и надземная при номинальном давлении 0,6 МПа, температуре 115°С, диаметр труб: 150 мм
24-01-001-07	24-01-001	Прокладка трубопроводов в каналах и надземная при условном давлении 0,6 МПа, температуре 115°С	ТРУБОПРОВОДЫ В КАНАЛАХ И НАДЗЕМНЫЕ	км	Прокладка стальных трубопроводов в каналах и надземная при номинальном давлении 0,6 МПа, температуре 115°С, диаметр труб: 200 мм
24-01-001-08	24-01-001	Прокладка трубопроводов в каналах и надземная при условном давлении 0,6 МПа, температуре 115°С	ТРУБОПРОВОДЫ В КАНАЛАХ И НАДЗЕМНЫЕ	км	Прокладка стальных трубопроводов в каналах и надземная при номинальном давлении 0,6 МПа, температуре 115°С, диаметр труб: 250 мм
24-01-001-09	24-01-001	Прокладка трубопроводов в каналах и надземная при условном давлении 0,6 МПа, температуре 115°С	ТРУБОПРОВОДЫ В КАНАЛАХ И НАДЗЕМНЫЕ	км	Прокладка стальных трубопроводов в каналах и надземная при номинальном давлении 0,6 МПа, температуре 115°С, диаметр труб: 300 мм
24-01-002-01	24-01-002	Прокладка трубопроводов в непроходном канале при условном давлении 1,6 МПа, температуре 150°С	ТРУБОПРОВОДЫ В КАНАЛАХ И НАДЗЕМНЫЕ	км	Прокладка стальных трубопроводов в непроходном канале при номинальном давлении 1,6 МПа, температуре 150°С, диаметр труб: 50 мм
24-01-002-02	24-01-002	Прокладка трубопроводов в непроходном канале при условном давлении 1,6 МПа, температуре 150°С	ТРУБОПРОВОДЫ В КАНАЛАХ И НАДЗЕМНЫЕ	км	Прокладка стальных трубопроводов в непроходном канале при номинальном давлении 1,6 МПа, температуре 150°С, диаметр труб: 65 мм
24-01-002-03	24-01-002	Прокладка трубопроводов в непроходном канале при условном давлении 1,6 МПа, температуре 150°С	ТРУБОПРОВОДЫ В КАНАЛАХ И НАДЗЕМНЫЕ	км	Прокладка стальных трубопроводов в непроходном канале при номинальном давлении 1,6 МПа, температуре 150°С, диаметр труб: 80 мм
24-01-002-04	24-01-002	Прокладка трубопроводов в непроходном канале при условном давлении 1,6 МПа, температуре 150°С	ТРУБОПРОВОДЫ В КАНАЛАХ И НАДЗЕМНЫЕ	км	Прокладка стальных трубопроводов в непроходном канале при номинальном давлении 1,6 МПа, температуре 150°С, диаметр труб: 100 мм
24-01-002-05	24-01-002	Прокладка трубопроводов в непроходном канале при условном давлении 1,6 МПа, температуре 150°С	ТРУБОПРОВОДЫ В КАНАЛАХ И НАДЗЕМНЫЕ	км	Прокладка стальных трубопроводов в непроходном канале при номинальном давлении 1,6 МПа, температуре 150°С, диаметр труб: 125 мм
24-01-002-06	24-01-002	Прокладка трубопроводов в непроходном канале при условном давлении 1,6 МПа, температуре 150°С	ТРУБОПРОВОДЫ В КАНАЛАХ И НАДЗЕМНЫЕ	км	Прокладка стальных трубопроводов в непроходном канале при номинальном давлении 1,6 МПа, температуре 150°С, диаметр труб: 150 мм
24-01-002-07	24-01-002	Прокладка трубопроводов в непроходном канале при условном давлении 1,6 МПа, температуре 150°С	ТРУБОПРОВОДЫ В КАНАЛАХ И НАДЗЕМНЫЕ	км	Прокладка стальных трубопроводов в непроходном канале при номинальном давлении 1,6 МПа, температуре 150°С, диаметр труб: 200 мм
24-01-002-08	24-01-002	Прокладка трубопроводов в непроходном канале при условном давлении 1,6 МПа, температуре 150°С	ТРУБОПРОВОДЫ В КАНАЛАХ И НАДЗЕМНЫЕ	км	Прокладка стальных трубопроводов в непроходном канале при номинальном давлении 1,6 МПа, температуре 150°С, диаметр труб: 250 мм
24-01-002-09	24-01-002	Прокладка трубопроводов в непроходном канале при условном давлении 1,6 МПа, температуре 150°С	ТРУБОПРОВОДЫ В КАНАЛАХ И НАДЗЕМНЫЕ	км	Прокладка стальных трубопроводов в непроходном канале при номинальном давлении 1,6 МПа, температуре 150°С, диаметр труб: 300 мм
24-01-002-10	24-01-002	Прокладка трубопроводов в непроходном канале при условном давлении 1,6 МПа, температуре 150°С	ТРУБОПРОВОДЫ В КАНАЛАХ И НАДЗЕМНЫЕ	км	Прокладка стальных трубопроводов в непроходном канале при номинальном давлении 1,6 МПа, температуре 150°С, диаметр труб: 350 мм
24-01-002-11	24-01-002	Прокладка трубопроводов в непроходном канале при условном давлении 1,6 МПа, температуре 150°С	ТРУБОПРОВОДЫ В КАНАЛАХ И НАДЗЕМНЫЕ	км	Прокладка стальных трубопроводов в непроходном канале при номинальном давлении 1,6 МПа, температуре 150°С, диаметр труб: 400 мм
24-01-002-12	24-01-002	Прокладка трубопроводов в непроходном канале при условном давлении 1,6 МПа, температуре 150°С	ТРУБОПРОВОДЫ В КАНАЛАХ И НАДЗЕМНЫЕ	км	Прокладка стальных трубопроводов в непроходном канале при номинальном давлении 1,6 МПа, температуре 150°С, диаметр труб: 450 мм
24-01-002-13	24-01-002	Прокладка трубопроводов в непроходном канале при условном давлении 1,6 МПа, температуре 150°С	ТРУБОПРОВОДЫ В КАНАЛАХ И НАДЗЕМНЫЕ	км	Прокладка стальных трубопроводов в непроходном канале при номинальном давлении 1,6 МПа, температуре 150°С, диаметр труб: 500 мм
24-01-002-14	24-01-002	Прокладка трубопроводов в непроходном канале при условном давлении 1,6 МПа, температуре 150°С	ТРУБОПРОВОДЫ В КАНАЛАХ И НАДЗЕМНЫЕ	км	Прокладка стальных трубопроводов в непроходном канале при номинальном давлении 1,6 МПа, температуре 150°С, диаметр труб: 600 мм
24-01-002-15	24-01-002	Прокладка трубопроводов в непроходном канале при условном давлении 1,6 МПа, температуре 150°С	ТРУБОПРОВОДЫ В КАНАЛАХ И НАДЗЕМНЫЕ	км	Прокладка стальных трубопроводов в непроходном канале при номинальном давлении 1,6 МПа, температуре 150°С, диаметр труб: 700 мм
24-01-002-16	24-01-002	Прокладка трубопроводов в непроходном канале при условном давлении 1,6 МПа, температуре 150°С	ТРУБОПРОВОДЫ В КАНАЛАХ И НАДЗЕМНЫЕ	км	Прокладка стальных трубопроводов в непроходном канале при номинальном давлении 1,6 МПа, температуре 150°С, диаметр труб: 800 мм
24-01-002-17	24-01-002	Прокладка трубопроводов в непроходном канале при условном давлении 1,6 МПа, температуре 150°С	ТРУБОПРОВОДЫ В КАНАЛАХ И НАДЗЕМНЫЕ	км	Прокладка стальных трубопроводов в непроходном канале при номинальном давлении 1,6 МПа, температуре 150°С, диаметр труб: 900 мм
24-01-002-18	24-01-002	Прокладка трубопроводов в непроходном канале при условном давлении 1,6 МПа, температуре 150°С	ТРУБОПРОВОДЫ В КАНАЛАХ И НАДЗЕМНЫЕ	км	Прокладка стальных трубопроводов в непроходном канале при номинальном давлении 1,6 МПа, температуре 150°С, диаметр труб: 1000 мм
24-01-002-19	24-01-002	Прокладка трубопроводов в непроходном канале при условном давлении 1,6 МПа, температуре 150°С	ТРУБОПРОВОДЫ В КАНАЛАХ И НАДЗЕМНЫЕ	км	Прокладка стальных трубопроводов в непроходном канале при номинальном давлении 1,6 МПа, температуре 150°С, диаметр труб: 1200 мм
24-01-003-01	24-01-003	Прокладка трубопроводов в проходном канале при условном давлении 1,6 МПа, температуре 150°С	ТРУБОПРОВОДЫ В КАНАЛАХ И НАДЗЕМНЫЕ	км	Прокладка стальных трубопроводов в проходном канале при номинальном давлении 1,6 МПа, температуре 150°С, диаметр труб: 50 мм
24-01-003-02	24-01-003	Прокладка трубопроводов в проходном канале при условном давлении 1,6 МПа, температуре 150°С	ТРУБОПРОВОДЫ В КАНАЛАХ И НАДЗЕМНЫЕ	км	Прокладка стальных трубопроводов в проходном канале при номинальном давлении 1,6 МПа, температуре 150°С, диаметр труб: 65 мм
24-01-003-03	24-01-003	Прокладка трубопроводов в проходном канале при условном давлении 1,6 МПа, температуре 150°С	ТРУБОПРОВОДЫ В КАНАЛАХ И НАДЗЕМНЫЕ	км	Прокладка стальных трубопроводов в проходном канале при номинальном давлении 1,6 МПа, температуре 150°С, диаметр труб: 80 мм
24-01-003-04	24-01-003	Прокладка трубопроводов в проходном канале при условном давлении 1,6 МПа, температуре 150°С	ТРУБОПРОВОДЫ В КАНАЛАХ И НАДЗЕМНЫЕ	км	Прокладка стальных трубопроводов в проходном канале при номинальном давлении 1,6 МПа, температуре 150°С, диаметр труб: 100 мм
24-01-003-05	24-01-003	Прокладка трубопроводов в проходном канале при условном давлении 1,6 МПа, температуре 150°С	ТРУБОПРОВОДЫ В КАНАЛАХ И НАДЗЕМНЫЕ	км	Прокладка стальных трубопроводов в проходном канале при номинальном давлении 1,6 МПа, температуре 150°С, диаметр труб: 125 мм
24-01-003-06	24-01-003	Прокладка трубопроводов в проходном канале при условном давлении 1,6 МПа, температуре 150°С	ТРУБОПРОВОДЫ В КАНАЛАХ И НАДЗЕМНЫЕ	км	Прокладка стальных трубопроводов в проходном канале при номинальном давлении 1,6 МПа, температуре 150°С, диаметр труб: 150 мм
24-01-003-07	24-01-003	Прокладка трубопроводов в проходном канале при условном давлении 1,6 МПа, температуре 150°С	ТРУБОПРОВОДЫ В КАНАЛАХ И НАДЗЕМНЫЕ	км	Прокладка стальных трубопроводов в проходном канале при номинальном давлении 1,6 МПа, температуре 150°С, диаметр труб: 200 мм
24-01-003-08	24-01-003	Прокладка трубопроводов в проходном канале при условном давлении 1,6 МПа, температуре 150°С	ТРУБОПРОВОДЫ В КАНАЛАХ И НАДЗЕМНЫЕ	км	Прокладка стальных трубопроводов в проходном канале при номинальном давлении 1,6 МПа, температуре 150°С, диаметр труб: 250 мм
24-01-003-09	24-01-003	Прокладка трубопроводов в проходном канале при условном давлении 1,6 МПа, температуре 150°С	ТРУБОПРОВОДЫ В КАНАЛАХ И НАДЗЕМНЫЕ	км	Прокладка стальных трубопроводов в проходном канале при номинальном давлении 1,6 МПа, температуре 150°С, диаметр труб: 300 мм
24-01-003-10	24-01-003	Прокладка трубопроводов в проходном канале при условном давлении 1,6 МПа, температуре 150°С	ТРУБОПРОВОДЫ В КАНАЛАХ И НАДЗЕМНЫЕ	км	Прокладка стальных трубопроводов в проходном канале при номинальном давлении 1,6 МПа, температуре 150°С, диаметр труб: 350 мм
24-01-003-11	24-01-003	Прокладка трубопроводов в проходном канале при условном давлении 1,6 МПа, температуре 150°С	ТРУБОПРОВОДЫ В КАНАЛАХ И НАДЗЕМНЫЕ	км	Прокладка стальных трубопроводов в проходном канале при номинальном давлении 1,6 МПа, температуре 150°С, диаметр труб: 400 мм
24-01-003-12	24-01-003	Прокладка трубопроводов в проходном канале при условном давлении 1,6 МПа, температуре 150°С	ТРУБОПРОВОДЫ В КАНАЛАХ И НАДЗЕМНЫЕ	км	Прокладка стальных трубопроводов в проходном канале при номинальном давлении 1,6 МПа, температуре 150°С, диаметр труб: 450 мм
24-01-003-13	24-01-003	Прокладка трубопроводов в проходном канале при условном давлении 1,6 МПа, температуре 150°С	ТРУБОПРОВОДЫ В КАНАЛАХ И НАДЗЕМНЫЕ	км	Прокладка стальных трубопроводов в проходном канале при номинальном давлении 1,6 МПа, температуре 150°С, диаметр труб: 500 мм
24-01-003-14	24-01-003	Прокладка трубопроводов в проходном канале при условном давлении 1,6 МПа, температуре 150°С	ТРУБОПРОВОДЫ В КАНАЛАХ И НАДЗЕМНЫЕ	км	Прокладка стальных трубопроводов в проходном канале при номинальном давлении 1,6 МПа, температуре 150°С, диаметр труб: 600 мм
24-01-003-15	24-01-003	Прокладка трубопроводов в проходном канале при условном давлении 1,6 МПа, температуре 150°С	ТРУБОПРОВОДЫ В КАНАЛАХ И НАДЗЕМНЫЕ	км	Прокладка стальных трубопроводов в проходном канале при номинальном давлении 1,6 МПа, температуре 150°С, диаметр труб: 700 мм
24-01-003-16	24-01-003	Прокладка трубопроводов в проходном канале при условном давлении 1,6 МПа, температуре 150°С	ТРУБОПРОВОДЫ В КАНАЛАХ И НАДЗЕМНЫЕ	км	Прокладка стальных трубопроводов в проходном канале при номинальном давлении 1,6 МПа, температуре 150°С, диаметр труб: 800 мм
24-01-003-17	24-01-003	Прокладка трубопроводов в проходном канале при условном давлении 1,6 МПа, температуре 150°С	ТРУБОПРОВОДЫ В КАНАЛАХ И НАДЗЕМНЫЕ	км	Прокладка стальных трубопроводов в проходном канале при номинальном давлении 1,6 МПа, температуре 150°С, диаметр труб: 900 мм
24-01-003-18	24-01-003	Прокладка трубопроводов в проходном канале при условном давлении 1,6 МПа, температуре 150°С	ТРУБОПРОВОДЫ В КАНАЛАХ И НАДЗЕМНЫЕ	км	Прокладка стальных трубопроводов в проходном канале при номинальном давлении 1,6 МПа, температуре 150°С, диаметр труб: 1000 мм
24-01-003-19	24-01-003	Прокладка трубопроводов в проходном канале при условном давлении 1,6 МПа, температуре 150°С	ТРУБОПРОВОДЫ В КАНАЛАХ И НАДЗЕМНЫЕ	км	Прокладка стальных трубопроводов в проходном канале при номинальном давлении 1,6 МПа, температуре 150°С, диаметр труб: 1200 мм
24-01-004-01	24-01-004	Надземная прокладка трубопроводов при условном давлении 1,6 МПа, температуре 150°С	ТРУБОПРОВОДЫ В КАНАЛАХ И НАДЗЕМНЫЕ	км	Надземная прокладка стальных трубопроводов при номинальном давлении 1,6 МПа, температуре 150°С, диаметр труб: 50 мм
24-01-004-02	24-01-004	Надземная прокладка трубопроводов при условном давлении 1,6 МПа, температуре 150°С	ТРУБОПРОВОДЫ В КАНАЛАХ И НАДЗЕМНЫЕ	км	Надземная прокладка стальных трубопроводов при номинальном давлении 1,6 МПа, температуре 150°С, диаметр труб: 65 мм
24-01-004-03	24-01-004	Надземная прокладка трубопроводов при условном давлении 1,6 МПа, температуре 150°С	ТРУБОПРОВОДЫ В КАНАЛАХ И НАДЗЕМНЫЕ	км	Надземная прокладка стальных трубопроводов при номинальном давлении 1,6 МПа, температуре 150°С, диаметр труб: 80 мм
24-01-004-04	24-01-004	Надземная прокладка трубопроводов при условном давлении 1,6 МПа, температуре 150°С	ТРУБОПРОВОДЫ В КАНАЛАХ И НАДЗЕМНЫЕ	км	Надземная прокладка стальных трубопроводов при номинальном давлении 1,6 МПа, температуре 150°С, диаметр труб: 100 мм
24-01-004-05	24-01-004	Надземная прокладка трубопроводов при условном давлении 1,6 МПа, температуре 150°С	ТРУБОПРОВОДЫ В КАНАЛАХ И НАДЗЕМНЫЕ	км	Надземная прокладка стальных трубопроводов при номинальном давлении 1,6 МПа, температуре 150°С, диаметр труб: 125 мм
24-01-004-06	24-01-004	Надземная прокладка трубопроводов при условном давлении 1,6 МПа, температуре 150°С	ТРУБОПРОВОДЫ В КАНАЛАХ И НАДЗЕМНЫЕ	км	Надземная прокладка стальных трубопроводов при номинальном давлении 1,6 МПа, температуре 150°С, диаметр труб: 150 мм
24-01-004-07	24-01-004	Надземная прокладка трубопроводов при условном давлении 1,6 МПа, температуре 150°С	ТРУБОПРОВОДЫ В КАНАЛАХ И НАДЗЕМНЫЕ	км	Надземная прокладка стальных трубопроводов при номинальном давлении 1,6 МПа, температуре 150°С, диаметр труб: 200 мм
24-01-004-08	24-01-004	Надземная прокладка трубопроводов при условном давлении 1,6 МПа, температуре 150°С	ТРУБОПРОВОДЫ В КАНАЛАХ И НАДЗЕМНЫЕ	км	Надземная прокладка стальных трубопроводов при номинальном давлении 1,6 МПа, температуре 150°С, диаметр труб: 250 мм
24-01-004-09	24-01-004	Надземная прокладка трубопроводов при условном давлении 1,6 МПа, температуре 150°С	ТРУБОПРОВОДЫ В КАНАЛАХ И НАДЗЕМНЫЕ	км	Надземная прокладка стальных трубопроводов при номинальном давлении 1,6 МПа, температуре 150°С, диаметр труб: 300 мм
24-01-004-10	24-01-004	Надземная прокладка трубопроводов при условном давлении 1,6 МПа, температуре 150°С	ТРУБОПРОВОДЫ В КАНАЛАХ И НАДЗЕМНЫЕ	км	Надземная прокладка стальных трубопроводов при номинальном давлении 1,6 МПа, температуре 150°С, диаметр труб: 350 мм
24-01-004-11	24-01-004	Надземная прокладка трубопроводов при условном давлении 1,6 МПа, температуре 150°С	ТРУБОПРОВОДЫ В КАНАЛАХ И НАДЗЕМНЫЕ	км	Надземная прокладка стальных трубопроводов при номинальном давлении 1,6 МПа, температуре 150°С, диаметр труб: 400 мм
24-01-004-12	24-01-004	Надземная прокладка трубопроводов при условном давлении 1,6 МПа, температуре 150°С	ТРУБОПРОВОДЫ В КАНАЛАХ И НАДЗЕМНЫЕ	км	Надземная прокладка стальных трубопроводов при номинальном давлении 1,6 МПа, температуре 150°С, диаметр труб: 450 мм
24-01-004-13	24-01-004	Надземная прокладка трубопроводов при условном давлении 1,6 МПа, температуре 150°С	ТРУБОПРОВОДЫ В КАНАЛАХ И НАДЗЕМНЫЕ	км	Надземная прокладка стальных трубопроводов при номинальном давлении 1,6 МПа, температуре 150°С, диаметр труб: 500 мм
24-01-004-14	24-01-004	Надземная прокладка трубопроводов при условном давлении 1,6 МПа, температуре 150°С	ТРУБОПРОВОДЫ В КАНАЛАХ И НАДЗЕМНЫЕ	км	Надземная прокладка стальных трубопроводов при номинальном давлении 1,6 МПа, температуре 150°С, диаметр труб: 600 мм
24-01-004-15	24-01-004	Надземная прокладка трубопроводов при условном давлении 1,6 МПа, температуре 150°С	ТРУБОПРОВОДЫ В КАНАЛАХ И НАДЗЕМНЫЕ	км	Надземная прокладка стальных трубопроводов при номинальном давлении 1,6 МПа, температуре 150°С, диаметр труб: 700 мм
24-01-004-16	24-01-004	Надземная прокладка трубопроводов при условном давлении 1,6 МПа, температуре 150°С	ТРУБОПРОВОДЫ В КАНАЛАХ И НАДЗЕМНЫЕ	км	Надземная прокладка стальных трубопроводов при номинальном давлении 1,6 МПа, температуре 150°С, диаметр труб: 800 мм
24-01-004-17	24-01-004	Надземная прокладка трубопроводов при условном давлении 1,6 МПа, температуре 150°С	ТРУБОПРОВОДЫ В КАНАЛАХ И НАДЗЕМНЫЕ	км	Надземная прокладка стальных трубопроводов при номинальном давлении 1,6 МПа, температуре 150°С, диаметр труб: 900 мм
24-01-004-18	24-01-004	Надземная прокладка трубопроводов при условном давлении 1,6 МПа, температуре 150°С	ТРУБОПРОВОДЫ В КАНАЛАХ И НАДЗЕМНЫЕ	км	Надземная прокладка стальных трубопроводов при номинальном давлении 1,6 МПа, температуре 150°С, диаметр труб: 1000 мм
24-01-004-19	24-01-004	Надземная прокладка трубопроводов при условном давлении 1,6 МПа, температуре 150°С	ТРУБОПРОВОДЫ В КАНАЛАХ И НАДЗЕМНЫЕ	км	Надземная прокладка стальных трубопроводов при номинальном давлении 1,6 МПа, температуре 150°С, диаметр труб: 1200 мм
24-01-005-01	24-01-005	Прокладка трубопроводов в непроходном канале при условном давлении 2,5 МПа, температуре 300°С	ТРУБОПРОВОДЫ В КАНАЛАХ И НАДЗЕМНЫЕ	км	Прокладка стальных трубопроводов в непроходном канале при номинальном давлении 2,5 МПа, температуре 300°С, диаметр труб: 300 мм
24-01-005-02	24-01-005	Прокладка трубопроводов в непроходном канале при условном давлении 2,5 МПа, температуре 300°С	ТРУБОПРОВОДЫ В КАНАЛАХ И НАДЗЕМНЫЕ	км	Прокладка стальных трубопроводов в непроходном канале при номинальном давлении 2,5 МПа, температуре 300°С, диаметр труб: 350 мм
24-01-005-03	24-01-005	Прокладка трубопроводов в непроходном канале при условном давлении 2,5 МПа, температуре 300°С	ТРУБОПРОВОДЫ В КАНАЛАХ И НАДЗЕМНЫЕ	км	Прокладка стальных трубопроводов в непроходном канале при номинальном давлении 2,5 МПа, температуре 300°С, диаметр труб: 400 мм
24-01-005-04	24-01-005	Прокладка трубопроводов в непроходном канале при условном давлении 2,5 МПа, температуре 300°С	ТРУБОПРОВОДЫ В КАНАЛАХ И НАДЗЕМНЫЕ	км	Прокладка стальных трубопроводов в непроходном канале при номинальном давлении 2,5 МПа, температуре 300°С, диаметр труб: 450 мм
24-01-005-05	24-01-005	Прокладка трубопроводов в непроходном канале при условном давлении 2,5 МПа, температуре 300°С	ТРУБОПРОВОДЫ В КАНАЛАХ И НАДЗЕМНЫЕ	км	Прокладка стальных трубопроводов в непроходном канале при номинальном давлении 2,5 МПа, температуре 300°С, диаметр труб: 500 мм
24-01-005-06	24-01-005	Прокладка трубопроводов в непроходном канале при условном давлении 2,5 МПа, температуре 300°С	ТРУБОПРОВОДЫ В КАНАЛАХ И НАДЗЕМНЫЕ	км	Прокладка стальных трубопроводов в непроходном канале при номинальном давлении 2,5 МПа, температуре 300°С, диаметр труб: 600 мм
24-01-005-07	24-01-005	Прокладка трубопроводов в непроходном канале при условном давлении 2,5 МПа, температуре 300°С	ТРУБОПРОВОДЫ В КАНАЛАХ И НАДЗЕМНЫЕ	км	Прокладка стальных трубопроводов в непроходном канале при номинальном давлении 2,5 МПа, температуре 300°С, диаметр труб: 700 мм
24-01-005-08	24-01-005	Прокладка трубопроводов в непроходном канале при условном давлении 2,5 МПа, температуре 300°С	ТРУБОПРОВОДЫ В КАНАЛАХ И НАДЗЕМНЫЕ	км	Прокладка стальных трубопроводов в непроходном канале при номинальном давлении 2,5 МПа, температуре 300°С, диаметр труб: 800 мм
24-01-005-09	24-01-005	Прокладка трубопроводов в непроходном канале при условном давлении 2,5 МПа, температуре 300°С	ТРУБОПРОВОДЫ В КАНАЛАХ И НАДЗЕМНЫЕ	км	Прокладка стальных трубопроводов в непроходном канале при номинальном давлении 2,5 МПа, температуре 300°С, диаметр труб: 900 мм
24-01-005-10	24-01-005	Прокладка трубопроводов в непроходном канале при условном давлении 2,5 МПа, температуре 300°С	ТРУБОПРОВОДЫ В КАНАЛАХ И НАДЗЕМНЫЕ	км	Прокладка стальных трубопроводов в непроходном канале при номинальном давлении 2,5 МПа, температуре 300°С, диаметр труб: 1000 мм
24-01-005-11	24-01-005	Прокладка трубопроводов в непроходном канале при условном давлении 2,5 МПа, температуре 300°С	ТРУБОПРОВОДЫ В КАНАЛАХ И НАДЗЕМНЫЕ	км	Прокладка стальных трубопроводов в непроходном канале при номинальном давлении 2,5 МПа, температуре 300°С, диаметр труб: 1200 мм
24-01-005-12	24-01-005	Прокладка трубопроводов в непроходном канале при условном давлении 2,5 МПа, температуре 300°С	ТРУБОПРОВОДЫ В КАНАЛАХ И НАДЗЕМНЫЕ	км	Прокладка стальных трубопроводов в непроходном канале при номинальном давлении 2,5 МПа, температуре 300°С, диаметр труб: 1400 мм
24-01-006-01	24-01-006	Прокладка трубопроводов в проходном канале при условном давлении 2,5 МПа, температуре 300°С	ТРУБОПРОВОДЫ В КАНАЛАХ И НАДЗЕМНЫЕ	км	Прокладка стальных трубопроводов в проходном канале при номинальном давлении 2,5 МПа, температуре 300°С, диаметр труб: 300 мм
24-01-006-02	24-01-006	Прокладка трубопроводов в проходном канале при условном давлении 2,5 МПа, температуре 300°С	ТРУБОПРОВОДЫ В КАНАЛАХ И НАДЗЕМНЫЕ	км	Прокладка стальных трубопроводов в проходном канале при номинальном давлении 2,5 МПа, температуре 300°С, диаметр труб: 350 мм
24-01-006-03	24-01-006	Прокладка трубопроводов в проходном канале при условном давлении 2,5 МПа, температуре 300°С	ТРУБОПРОВОДЫ В КАНАЛАХ И НАДЗЕМНЫЕ	км	Прокладка стальных трубопроводов в проходном канале при номинальном давлении 2,5 МПа, температуре 300°С, диаметр труб: 400 мм
24-01-006-04	24-01-006	Прокладка трубопроводов в проходном канале при условном давлении 2,5 МПа, температуре 300°С	ТРУБОПРОВОДЫ В КАНАЛАХ И НАДЗЕМНЫЕ	км	Прокладка стальных трубопроводов в проходном канале при номинальном давлении 2,5 МПа, температуре 300°С, диаметр труб: 450 мм
24-01-006-05	24-01-006	Прокладка трубопроводов в проходном канале при условном давлении 2,5 МПа, температуре 300°С	ТРУБОПРОВОДЫ В КАНАЛАХ И НАДЗЕМНЫЕ	км	Прокладка стальных трубопроводов в проходном канале при номинальном давлении 2,5 МПа, температуре 300°С, диаметр труб: 500 мм
24-01-006-06	24-01-006	Прокладка трубопроводов в проходном канале при условном давлении 2,5 МПа, температуре 300°С	ТРУБОПРОВОДЫ В КАНАЛАХ И НАДЗЕМНЫЕ	км	Прокладка стальных трубопроводов в проходном канале при номинальном давлении 2,5 МПа, температуре 300°С, диаметр труб: 600 мм
24-01-006-07	24-01-006	Прокладка трубопроводов в проходном канале при условном давлении 2,5 МПа, температуре 300°С	ТРУБОПРОВОДЫ В КАНАЛАХ И НАДЗЕМНЫЕ	км	Прокладка стальных трубопроводов в проходном канале при номинальном давлении 2,5 МПа, температуре 300°С, диаметр труб: 700 мм
24-01-006-08	24-01-006	Прокладка трубопроводов в проходном канале при условном давлении 2,5 МПа, температуре 300°С	ТРУБОПРОВОДЫ В КАНАЛАХ И НАДЗЕМНЫЕ	км	Прокладка стальных трубопроводов в проходном канале при номинальном давлении 2,5 МПа, температуре 300°С, диаметр труб: 800 мм
24-01-006-09	24-01-006	Прокладка трубопроводов в проходном канале при условном давлении 2,5 МПа, температуре 300°С	ТРУБОПРОВОДЫ В КАНАЛАХ И НАДЗЕМНЫЕ	км	Прокладка стальных трубопроводов в проходном канале при номинальном давлении 2,5 МПа, температуре 300°С, диаметр труб: 900 мм
24-01-006-10	24-01-006	Прокладка трубопроводов в проходном канале при условном давлении 2,5 МПа, температуре 300°С	ТРУБОПРОВОДЫ В КАНАЛАХ И НАДЗЕМНЫЕ	км	Прокладка стальных трубопроводов в проходном канале при номинальном давлении 2,5 МПа, температуре 300°С, диаметр труб: 1000 мм
24-01-006-11	24-01-006	Прокладка трубопроводов в проходном канале при условном давлении 2,5 МПа, температуре 300°С	ТРУБОПРОВОДЫ В КАНАЛАХ И НАДЗЕМНЫЕ	км	Прокладка стальных трубопроводов в проходном канале при номинальном давлении 2,5 МПа, температуре 300°С, диаметр труб: 1200 мм
24-01-006-12	24-01-006	Прокладка трубопроводов в проходном канале при условном давлении 2,5 МПа, температуре 300°С	ТРУБОПРОВОДЫ В КАНАЛАХ И НАДЗЕМНЫЕ	км	Прокладка стальных трубопроводов в проходном канале при номинальном давлении 2,5 МПа, температуре 300°С, диаметр труб: 1400 мм
24-01-007-01	24-01-007	Надземная прокладка трубопроводов при условном давлении 2,5 МПа, температуре 300°С	ТРУБОПРОВОДЫ В КАНАЛАХ И НАДЗЕМНЫЕ	км	Надземная прокладка стальных трубопроводов при номинальном давлении 2,5 МПа, температуре 300°С, диаметр труб: 300 мм
24-01-007-02	24-01-007	Надземная прокладка трубопроводов при условном давлении 2,5 МПа, температуре 300°С	ТРУБОПРОВОДЫ В КАНАЛАХ И НАДЗЕМНЫЕ	км	Надземная прокладка стальных трубопроводов при номинальном давлении 2,5 МПа, температуре 300°С, диаметр труб: 350 мм
24-01-007-03	24-01-007	Надземная прокладка трубопроводов при условном давлении 2,5 МПа, температуре 300°С	ТРУБОПРОВОДЫ В КАНАЛАХ И НАДЗЕМНЫЕ	км	Надземная прокладка стальных трубопроводов при номинальном давлении 2,5 МПа, температуре 300°С, диаметр труб: 400 мм
24-01-007-04	24-01-007	Надземная прокладка трубопроводов при условном давлении 2,5 МПа, температуре 300°С	ТРУБОПРОВОДЫ В КАНАЛАХ И НАДЗЕМНЫЕ	км	Надземная прокладка стальных трубопроводов при номинальном давлении 2,5 МПа, температуре 300°С, диаметр труб: 450 мм
24-01-007-05	24-01-007	Надземная прокладка трубопроводов при условном давлении 2,5 МПа, температуре 300°С	ТРУБОПРОВОДЫ В КАНАЛАХ И НАДЗЕМНЫЕ	км	Надземная прокладка стальных трубопроводов при номинальном давлении 2,5 МПа, температуре 300°С, диаметр труб: 500 мм
24-01-007-06	24-01-007	Надземная прокладка трубопроводов при условном давлении 2,5 МПа, температуре 300°С	ТРУБОПРОВОДЫ В КАНАЛАХ И НАДЗЕМНЫЕ	км	Надземная прокладка стальных трубопроводов при номинальном давлении 2,5 МПа, температуре 300°С, диаметр труб: 600 мм
24-01-007-07	24-01-007	Надземная прокладка трубопроводов при условном давлении 2,5 МПа, температуре 300°С	ТРУБОПРОВОДЫ В КАНАЛАХ И НАДЗЕМНЫЕ	км	Надземная прокладка стальных трубопроводов при номинальном давлении 2,5 МПа, температуре 300°С, диаметр труб: 700 мм
24-01-007-08	24-01-007	Надземная прокладка трубопроводов при условном давлении 2,5 МПа, температуре 300°С	ТРУБОПРОВОДЫ В КАНАЛАХ И НАДЗЕМНЫЕ	км	Надземная прокладка стальных трубопроводов при номинальном давлении 2,5 МПа, температуре 300°С, диаметр труб: 800 мм
24-01-007-09	24-01-007	Надземная прокладка трубопроводов при условном давлении 2,5 МПа, температуре 300°С	ТРУБОПРОВОДЫ В КАНАЛАХ И НАДЗЕМНЫЕ	км	Надземная прокладка стальных трубопроводов при номинальном давлении 2,5 МПа, температуре 300°С, диаметр труб: 900 мм
24-01-007-10	24-01-007	Надземная прокладка трубопроводов при условном давлении 2,5 МПа, температуре 300°С	ТРУБОПРОВОДЫ В КАНАЛАХ И НАДЗЕМНЫЕ	км	Надземная прокладка стальных трубопроводов при номинальном давлении 2,5 МПа, температуре 300°С, диаметр труб: 1000 мм
24-01-007-11	24-01-007	Надземная прокладка трубопроводов при условном давлении 2,5 МПа, температуре 300°С	ТРУБОПРОВОДЫ В КАНАЛАХ И НАДЗЕМНЫЕ	км	Надземная прокладка стальных трубопроводов при номинальном давлении 2,5 МПа, температуре 300°С, диаметр труб: 1200 мм
24-01-007-12	24-01-007	Надземная прокладка трубопроводов при условном давлении 2,5 МПа, температуре 300°С	ТРУБОПРОВОДЫ В КАНАЛАХ И НАДЗЕМНЫЕ	км	Надземная прокладка стальных трубопроводов при номинальном давлении 2,5 МПа, температуре 300°С, диаметр труб: 1400 мм
24-01-008-01	24-01-008	Прокладка трубопроводов в непроходном канале в изоляции из пенополиуретана (ППУ) при условном давлен	ТРУБОПРОВОДЫ В КАНАЛАХ И НАДЗЕМНЫЕ	км	Прокладка стальных трубопроводов в непроходном канале в изоляции из пенополиуретана (ППУ) с изоляцией стыков скорлупами при номинальном давлении 1,6 МПа, температуре 150°С, диаметр
24-01-008-02	24-01-008	Прокладка трубопроводов в непроходном канале в изоляции из пенополиуретана (ППУ) при условном давлен	ТРУБОПРОВОДЫ В КАНАЛАХ И НАДЗЕМНЫЕ	км	Прокладка стальных трубопроводов в непроходном канале в изоляции из пенополиуретана (ППУ) с изоляцией стыков скорлупами при номинальном давлении 1,6 МПа, температуре 150°С, диаметр
24-01-008-03	24-01-008	Прокладка трубопроводов в непроходном канале в изоляции из пенополиуретана (ППУ) при условном давлен	ТРУБОПРОВОДЫ В КАНАЛАХ И НАДЗЕМНЫЕ	км	Прокладка стальных трубопроводов в непроходном канале в изоляции из пенополиуретана (ППУ) с изоляцией стыков скорлупами при номинальном давлении 1,6 МПа, температуре 150°С, диаметр
24-01-008-04	24-01-008	Прокладка трубопроводов в непроходном канале в изоляции из пенополиуретана (ППУ) при условном давлен	ТРУБОПРОВОДЫ В КАНАЛАХ И НАДЗЕМНЫЕ	км	Прокладка стальных трубопроводов в непроходном канале в изоляции из пенополиуретана (ППУ) с изоляцией стыков скорлупами при номинальном давлении 1,6 МПа, температуре 150°С, диаметр
24-01-008-05	24-01-008	Прокладка трубопроводов в непроходном канале в изоляции из пенополиуретана (ППУ) при условном давлен	ТРУБОПРОВОДЫ В КАНАЛАХ И НАДЗЕМНЫЕ	км	Прокладка стальных трубопроводов в непроходном канале в изоляции из пенополиуретана (ППУ) с изоляцией стыков скорлупами при номинальном давлении 1,6 МПа, температуре 150°С, диаметр
24-01-008-06	24-01-008	Прокладка трубопроводов в непроходном канале в изоляции из пенополиуретана (ППУ) при условном давлен	ТРУБОПРОВОДЫ В КАНАЛАХ И НАДЗЕМНЫЕ	км	Прокладка стальных трубопроводов в непроходном канале в изоляции из пенополиуретана (ППУ) с изоляцией стыков скорлупами при номинальном давлении 1,6 МПа, температуре 150°С, диаметр
24-01-008-07	24-01-008	Прокладка трубопроводов в непроходном канале в изоляции из пенополиуретана (ППУ) при условном давлен	ТРУБОПРОВОДЫ В КАНАЛАХ И НАДЗЕМНЫЕ	км	Прокладка стальных трубопроводов в непроходном канале в изоляции из пенополиуретана (ППУ) с изоляцией стыков скорлупами при номинальном давлении 1,6 МПа, температуре 150°С, диаметр
24-01-008-08	24-01-008	Прокладка трубопроводов в непроходном канале в изоляции из пенополиуретана (ППУ) при условном давлен	ТРУБОПРОВОДЫ В КАНАЛАХ И НАДЗЕМНЫЕ	км	Прокладка стальных трубопроводов в непроходном канале в изоляции из пенополиуретана (ППУ) с изоляцией стыков скорлупами при номинальном давлении 1,6 МПа, температуре 150°С, диаметр
24-01-008-09	24-01-008	Прокладка трубопроводов в непроходном канале в изоляции из пенополиуретана (ППУ) при условном давлен	ТРУБОПРОВОДЫ В КАНАЛАХ И НАДЗЕМНЫЕ	км	Прокладка стальных трубопроводов в непроходном канале в изоляции из пенополиуретана (ППУ) с изоляцией стыков скорлупами при номинальном давлении 1,6 МПа, температуре 150°С, диаметр
24-01-009-01	24-01-009	Надземная прокладка трубопроводов в изоляции из пенополиуретана (ППУ) при условном давлении 1,6 МПа,	ТРУБОПРОВОДЫ В КАНАЛАХ И НАДЗЕМНЫЕ	км	Надземная прокладка стальных трубопроводов в изоляции из пенополиуретана (ППУ) с изоляцией стыков скорлупами при номинальном давлении 1,6 МПа, температуре 150°С, диаметр труб: 50 м
24-01-009-02	24-01-009	Надземная прокладка трубопроводов в изоляции из пенополиуретана (ППУ) при условном давлении 1,6 МПа,	ТРУБОПРОВОДЫ В КАНАЛАХ И НАДЗЕМНЫЕ	км	Надземная прокладка стальных трубопроводов в изоляции из пенополиуретана (ППУ) с изоляцией стыков скорлупами при номинальном давлении 1,6 МПа, температуре 150°С, диаметр труб: 65 м
24-01-009-03	24-01-009	Надземная прокладка трубопроводов в изоляции из пенополиуретана (ППУ) при условном давлении 1,6 МПа,	ТРУБОПРОВОДЫ В КАНАЛАХ И НАДЗЕМНЫЕ	км	Надземная прокладка стальных трубопроводов в изоляции из пенополиуретана (ППУ) с изоляцией стыков скорлупами при номинальном давлении 1,6 МПа, температуре 150°С, диаметр труб: 80 м
24-01-009-04	24-01-009	Надземная прокладка трубопроводов в изоляции из пенополиуретана (ППУ) при условном давлении 1,6 МПа,	ТРУБОПРОВОДЫ В КАНАЛАХ И НАДЗЕМНЫЕ	км	Надземная прокладка стальных трубопроводов в изоляции из пенополиуретана (ППУ) с изоляцией стыков скорлупами при номинальном давлении 1,6 МПа, температуре 150°С, диаметр труб: 100 
24-01-009-05	24-01-009	Надземная прокладка трубопроводов в изоляции из пенополиуретана (ППУ) при условном давлении 1,6 МПа,	ТРУБОПРОВОДЫ В КАНАЛАХ И НАДЗЕМНЫЕ	км	Надземная прокладка стальных трубопроводов в изоляции из пенополиуретана (ППУ) с изоляцией стыков скорлупами при номинальном давлении 1,6 МПа, температуре 150°С, диаметр труб: 125 
24-01-009-06	24-01-009	Надземная прокладка трубопроводов в изоляции из пенополиуретана (ППУ) при условном давлении 1,6 МПа,	ТРУБОПРОВОДЫ В КАНАЛАХ И НАДЗЕМНЫЕ	км	Надземная прокладка стальных трубопроводов в изоляции из пенополиуретана (ППУ) с изоляцией стыков скорлупами при номинальном давлении 1,6 МПа, температуре 150°С, диаметр труб: 150 
24-01-009-07	24-01-009	Надземная прокладка трубопроводов в изоляции из пенополиуретана (ППУ) при условном давлении 1,6 МПа,	ТРУБОПРОВОДЫ В КАНАЛАХ И НАДЗЕМНЫЕ	км	Надземная прокладка стальных трубопроводов в изоляции из пенополиуретана (ППУ) с изоляцией стыков скорлупами при номинальном давлении 1,6 МПа, температуре 150°С, диаметр труб: 200 
24-01-009-08	24-01-009	Надземная прокладка трубопроводов в изоляции из пенополиуретана (ППУ) при условном давлении 1,6 МПа,	ТРУБОПРОВОДЫ В КАНАЛАХ И НАДЗЕМНЫЕ	км	Надземная прокладка стальных трубопроводов в изоляции из пенополиуретана (ППУ) с изоляцией стыков скорлупами при номинальном давлении 1,6 МПа, температуре 150°С, диаметр труб: 250 
24-01-009-09	24-01-009	Надземная прокладка трубопроводов в изоляции из пенополиуретана (ППУ) при условном давлении 1,6 МПа,	ТРУБОПРОВОДЫ В КАНАЛАХ И НАДЗЕМНЫЕ	км	Надземная прокладка стальных трубопроводов в изоляции из пенополиуретана (ППУ) с изоляцией стыков скорлупами при номинальном давлении 1,6 МПа, температуре 150°С, диаметр труб: 300 
24-01-010-01	24-01-010	Подвальная прокладка трубопроводов в изоляции из пенополиуретана (ППУ) с изоляцией стыков при условн	ТРУБОПРОВОДЫ В КАНАЛАХ И НАДЗЕМНЫЕ	100 м	Подвальная прокладка стальных трубопроводов в изоляции из пенополиуретана (ППУ) с изоляцией стыков скорлупами при номинальном давлении 1,6 МПа, температуре 150°С, диаметр труб: 50 
24-01-010-02	24-01-010	Подвальная прокладка трубопроводов в изоляции из пенополиуретана (ППУ) с изоляцией стыков при условн	ТРУБОПРОВОДЫ В КАНАЛАХ И НАДЗЕМНЫЕ	100 м	Подвальная прокладка стальных трубопроводов в изоляции из пенополиуретана (ППУ) с изоляцией стыков скорлупами при номинальном давлении 1,6 МПа, температуре 150°С, диаметр труб: 65 
24-01-010-03	24-01-010	Подвальная прокладка трубопроводов в изоляции из пенополиуретана (ППУ) с изоляцией стыков при условн	ТРУБОПРОВОДЫ В КАНАЛАХ И НАДЗЕМНЫЕ	100 м	Подвальная прокладка стальных трубопроводов в изоляции из пенополиуретана (ППУ) с изоляцией стыков скорлупами при номинальном давлении 1,6 МПа, температуре 150°С, диаметр труб: 80 
24-01-010-04	24-01-010	Подвальная прокладка трубопроводов в изоляции из пенополиуретана (ППУ) с изоляцией стыков при условн	ТРУБОПРОВОДЫ В КАНАЛАХ И НАДЗЕМНЫЕ	100 м	Подвальная прокладка стальных трубопроводов в изоляции из пенополиуретана (ППУ) с изоляцией стыков скорлупами при номинальном давлении 1,6 МПа, температуре 150°С, диаметр труб: 100
24-01-010-05	24-01-010	Подвальная прокладка трубопроводов в изоляции из пенополиуретана (ППУ) с изоляцией стыков при условн	ТРУБОПРОВОДЫ В КАНАЛАХ И НАДЗЕМНЫЕ	100 м	Подвальная прокладка стальных трубопроводов в изоляции из пенополиуретана (ППУ) с изоляцией стыков скорлупами при номинальном давлении 1,6 МПа, температуре 150°С, диаметр труб: 125
24-01-010-06	24-01-010	Подвальная прокладка трубопроводов в изоляции из пенополиуретана (ППУ) с изоляцией стыков при условн	ТРУБОПРОВОДЫ В КАНАЛАХ И НАДЗЕМНЫЕ	100 м	Подвальная прокладка стальных трубопроводов в изоляции из пенополиуретана (ППУ) с изоляцией стыков скорлупами при номинальном давлении 1,6 МПа, температуре 150°С, диаметр труб: 150
24-01-010-07	24-01-010	Подвальная прокладка трубопроводов в изоляции из пенополиуретана (ППУ) с изоляцией стыков при условн	ТРУБОПРОВОДЫ В КАНАЛАХ И НАДЗЕМНЫЕ	100 м	Подвальная прокладка стальных трубопроводов в изоляции из пенополиуретана (ППУ) с изоляцией стыков скорлупами при номинальном давлении 1,6 МПа, температуре 150°С, диаметр труб: 200
24-01-010-08	24-01-010	Подвальная прокладка трубопроводов в изоляции из пенополиуретана (ППУ) с изоляцией стыков при условн	ТРУБОПРОВОДЫ В КАНАЛАХ И НАДЗЕМНЫЕ	100 м	Подвальная прокладка стальных трубопроводов в изоляции из пенополиуретана (ППУ) с изоляцией стыков скорлупами при номинальном давлении 1,6 МПа, температуре 150°С, диаметр труб: 250
24-01-010-09	24-01-010	Подвальная прокладка трубопроводов в изоляции из пенополиуретана (ППУ) с изоляцией стыков при условн	ТРУБОПРОВОДЫ В КАНАЛАХ И НАДЗЕМНЫЕ	100 м	Подвальная прокладка стальных трубопроводов в изоляции из пенополиуретана (ППУ) с изоляцией стыков скорлупами при номинальном давлении 1,6 МПа, температуре 150°С, диаметр труб: 300
24-01-018-01	24-01-018	Бесканальная прокладка подающих и обратных трубопроводов диаметром до 250 мм в армопенобетонной изол	БЕСКАНАЛЬНАЯ ПРОКЛАДКА ТРУБОПРОВОДОВ	км	Бесканальная прокладка подающих и обратных стальных трубопроводов в армопенобетонной изоляции с изоляцией стыков при номинальном давлении 1,6 МПа, температуре 150°С, диаметр труб: 
24-01-018-02	24-01-018	Бесканальная прокладка подающих и обратных трубопроводов диаметром до 250 мм в армопенобетонной изол	БЕСКАНАЛЬНАЯ ПРОКЛАДКА ТРУБОПРОВОДОВ	км	Бесканальная прокладка подающих и обратных стальных трубопроводов в армопенобетонной изоляции с изоляцией стыков при номинальном давлении 1,6 МПа, температуре 150°С, диаметр труб: 
24-01-018-03	24-01-018	Бесканальная прокладка подающих и обратных трубопроводов диаметром до 250 мм в армопенобетонной изол	БЕСКАНАЛЬНАЯ ПРОКЛАДКА ТРУБОПРОВОДОВ	км	Бесканальная прокладка подающих и обратных стальных трубопроводов в армопенобетонной изоляции с изоляцией стыков при номинальном давлении 1,6 МПа, температуре 150°С, диаметр труб: 
24-01-018-04	24-01-018	Бесканальная прокладка подающих и обратных трубопроводов диаметром до 250 мм в армопенобетонной изол	БЕСКАНАЛЬНАЯ ПРОКЛАДКА ТРУБОПРОВОДОВ	км	Бесканальная прокладка подающих и обратных стальных трубопроводов в армопенобетонной изоляции с изоляцией стыков при номинальном давлении 1,6 МПа, температуре 150°С, диаметр труб: 
24-01-018-05	24-01-018	Бесканальная прокладка подающих и обратных трубопроводов диаметром до 250 мм в армопенобетонной изол	БЕСКАНАЛЬНАЯ ПРОКЛАДКА ТРУБОПРОВОДОВ	км	Бесканальная прокладка подающих и обратных стальных трубопроводов в армопенобетонной изоляции с изоляцией стыков при номинальном давлении 1,6 МПа, температуре 150°С, диаметр труб: 
24-01-018-06	24-01-018	Бесканальная прокладка подающих и обратных трубопроводов диаметром до 250 мм в армопенобетонной изол	БЕСКАНАЛЬНАЯ ПРОКЛАДКА ТРУБОПРОВОДОВ	км	Бесканальная прокладка подающих и обратных стальных трубопроводов в армопенобетонной изоляции с изоляцией стыков при номинальном давлении 1,6 МПа, температуре 150°С, диаметр труб: 
24-01-018-07	24-01-018	Бесканальная прокладка подающих и обратных трубопроводов диаметром до 250 мм в армопенобетонной изол	БЕСКАНАЛЬНАЯ ПРОКЛАДКА ТРУБОПРОВОДОВ	км	Бесканальная прокладка подающих и обратных стальных трубопроводов в армопенобетонной изоляции с изоляцией стыков при номинальном давлении 1,6 МПа, температуре 150°С, диаметр труб: 
24-01-018-08	24-01-018	Бесканальная прокладка подающих и обратных трубопроводов диаметром до 250 мм в армопенобетонной изол	БЕСКАНАЛЬНАЯ ПРОКЛАДКА ТРУБОПРОВОДОВ	км	Бесканальная прокладка подающих и обратных стальных трубопроводов в армопенобетонной изоляции с изоляцией стыков при номинальном давлении 1,6 МПа, температуре 150°С, диаметр труб: 
24-01-019-01	24-01-019	Бесканальная прокладка подающих и обратных трубопроводов диаметром свыше 300 мм в армопенобетонной и	БЕСКАНАЛЬНАЯ ПРОКЛАДКА ТРУБОПРОВОДОВ	км	Бесканальная прокладка подающих стальных трубопроводов в армопенобетонной изоляции с изоляцией стыков при номинальном давлении 1,6 МПа, температуре 150°С, диаметр труб: 300 мм
24-01-019-02	24-01-019	Бесканальная прокладка подающих и обратных трубопроводов диаметром свыше 300 мм в армопенобетонной и	БЕСКАНАЛЬНАЯ ПРОКЛАДКА ТРУБОПРОВОДОВ	км	Бесканальная прокладка подающих стальных трубопроводов в армопенобетонной изоляции с изоляцией стыков при номинальном давлении 1,6 МПа, температуре 150°С, диаметр труб: 400 мм
24-01-019-03	24-01-019	Бесканальная прокладка подающих и обратных трубопроводов диаметром свыше 300 мм в армопенобетонной и	БЕСКАНАЛЬНАЯ ПРОКЛАДКА ТРУБОПРОВОДОВ	км	Бесканальная прокладка подающих стальных трубопроводов в армопенобетонной изоляции с изоляцией стыков при номинальном давлении 1,6 МПа, температуре 150°С, диаметр труб: 450 мм
24-01-019-04	24-01-019	Бесканальная прокладка подающих и обратных трубопроводов диаметром свыше 300 мм в армопенобетонной и	БЕСКАНАЛЬНАЯ ПРОКЛАДКА ТРУБОПРОВОДОВ	км	Бесканальная прокладка подающих стальных трубопроводов в армопенобетонной изоляции с изоляцией стыков при номинальном давлении 1,6 МПа, температуре 150°С, диаметр труб: 500 мм
24-01-019-05	24-01-019	Бесканальная прокладка подающих и обратных трубопроводов диаметром свыше 300 мм в армопенобетонной и	БЕСКАНАЛЬНАЯ ПРОКЛАДКА ТРУБОПРОВОДОВ	км	Бесканальная прокладка подающих стальных трубопроводов в армопенобетонной изоляции с изоляцией стыков при номинальном давлении 1,6 МПа, температуре 150°С, диаметр труб: 600 мм
24-01-019-06	24-01-019	Бесканальная прокладка подающих и обратных трубопроводов диаметром свыше 300 мм в армопенобетонной и	БЕСКАНАЛЬНАЯ ПРОКЛАДКА ТРУБОПРОВОДОВ	км	Бесканальная прокладка подающих стальных трубопроводов в армопенобетонной изоляции с изоляцией стыков при номинальном давлении 1,6 МПа, температуре 150°С, диаметр труб: 700 мм
24-01-019-07	24-01-019	Бесканальная прокладка подающих и обратных трубопроводов диаметром свыше 300 мм в армопенобетонной и	БЕСКАНАЛЬНАЯ ПРОКЛАДКА ТРУБОПРОВОДОВ	км	Бесканальная прокладка подающих стальных трубопроводов в армопенобетонной изоляции с изоляцией стыков при номинальном давлении 1,6 МПа, температуре 150°С, диаметр труб: 800 мм
24-01-019-08	24-01-019	Бесканальная прокладка подающих и обратных трубопроводов диаметром свыше 300 мм в армопенобетонной и	БЕСКАНАЛЬНАЯ ПРОКЛАДКА ТРУБОПРОВОДОВ	км	Бесканальная прокладка подающих стальных трубопроводов в армопенобетонной изоляции с изоляцией стыков при номинальном давлении 1,6 МПа, температуре 150°С, диаметр труб: 900 мм
24-01-019-09	24-01-019	Бесканальная прокладка подающих и обратных трубопроводов диаметром свыше 300 мм в армопенобетонной и	БЕСКАНАЛЬНАЯ ПРОКЛАДКА ТРУБОПРОВОДОВ	км	Бесканальная прокладка подающих стальных трубопроводов в армопенобетонной изоляции с изоляцией стыков при номинальном давлении 1,6 МПа, температуре 150°С, диаметр труб: 1000 мм
24-01-019-10	24-01-019	Бесканальная прокладка подающих и обратных трубопроводов диаметром свыше 300 мм в армопенобетонной и	БЕСКАНАЛЬНАЯ ПРОКЛАДКА ТРУБОПРОВОДОВ	км	Бесканальная прокладка подающих стальных трубопроводов в армопенобетонной изоляции с изоляцией стыков при номинальном давлении 1,6 МПа, температуре 150°С, диаметр труб: 1200 мм
24-01-019-11	24-01-019	Бесканальная прокладка подающих и обратных трубопроводов диаметром свыше 300 мм в армопенобетонной и	БЕСКАНАЛЬНАЯ ПРОКЛАДКА ТРУБОПРОВОДОВ	км	Бесканальная прокладка обратных стальных трубопроводов в армопенобетонной изоляции с изоляцией стыков при номинальном давлении 1,6 МПа, температуре 150°С, диаметр труб: 300 мм
24-01-019-12	24-01-019	Бесканальная прокладка подающих и обратных трубопроводов диаметром свыше 300 мм в армопенобетонной и	БЕСКАНАЛЬНАЯ ПРОКЛАДКА ТРУБОПРОВОДОВ	км	Бесканальная прокладка обратных стальных трубопроводов в армопенобетонной изоляции с изоляцией стыков при номинальном давлении 1,6 МПа, температуре 150°С, диаметр труб: 400 мм
24-01-019-13	24-01-019	Бесканальная прокладка подающих и обратных трубопроводов диаметром свыше 300 мм в армопенобетонной и	БЕСКАНАЛЬНАЯ ПРОКЛАДКА ТРУБОПРОВОДОВ	км	Бесканальная прокладка обратных стальных трубопроводов в армопенобетонной изоляции с изоляцией стыков при номинальном давлении 1,6 МПа, температуре 150°С, диаметр труб: 450 мм
24-01-019-14	24-01-019	Бесканальная прокладка подающих и обратных трубопроводов диаметром свыше 300 мм в армопенобетонной и	БЕСКАНАЛЬНАЯ ПРОКЛАДКА ТРУБОПРОВОДОВ	км	Бесканальная прокладка обратных стальных трубопроводов в армопенобетонной изоляции с изоляцией стыков при номинальном давлении 1,6 МПа, температуре 150°С, диаметр труб: 500 мм
24-01-019-15	24-01-019	Бесканальная прокладка подающих и обратных трубопроводов диаметром свыше 300 мм в армопенобетонной и	БЕСКАНАЛЬНАЯ ПРОКЛАДКА ТРУБОПРОВОДОВ	км	Бесканальная прокладка обратных стальных трубопроводов в армопенобетонной изоляции с изоляцией стыков при номинальном давлении 1,6 МПа, температуре 150°С, диаметр труб: 600 мм
24-01-019-16	24-01-019	Бесканальная прокладка подающих и обратных трубопроводов диаметром свыше 300 мм в армопенобетонной и	БЕСКАНАЛЬНАЯ ПРОКЛАДКА ТРУБОПРОВОДОВ	км	Бесканальная прокладка обратных стальных трубопроводов в армопенобетонной изоляции с изоляцией стыков при номинальном давлении 1,6 МПа, температуре 150°С, диаметр труб: 700 мм
24-01-019-17	24-01-019	Бесканальная прокладка подающих и обратных трубопроводов диаметром свыше 300 мм в армопенобетонной и	БЕСКАНАЛЬНАЯ ПРОКЛАДКА ТРУБОПРОВОДОВ	км	Бесканальная прокладка обратных стальных трубопроводов в армопенобетонной изоляции с изоляцией стыков при номинальном давлении 1,6 МПа, температуре 150°С, диаметр труб: 800 мм
24-01-019-18	24-01-019	Бесканальная прокладка подающих и обратных трубопроводов диаметром свыше 300 мм в армопенобетонной и	БЕСКАНАЛЬНАЯ ПРОКЛАДКА ТРУБОПРОВОДОВ	км	Бесканальная прокладка обратных стальных трубопроводов в армопенобетонной изоляции с изоляцией стыков при номинальном давлении 1,6 МПа, температуре 150°С, диаметр труб: 900 мм
24-01-019-19	24-01-019	Бесканальная прокладка подающих и обратных трубопроводов диаметром свыше 300 мм в армопенобетонной и	БЕСКАНАЛЬНАЯ ПРОКЛАДКА ТРУБОПРОВОДОВ	км	Бесканальная прокладка обратных стальных трубопроводов в армопенобетонной изоляции с изоляцией стыков при номинальном давлении 1,6 МПа, температуре 150°С, диаметр труб: 1000 мм
24-01-019-20	24-01-019	Бесканальная прокладка подающих и обратных трубопроводов диаметром свыше 300 мм в армопенобетонной и	БЕСКАНАЛЬНАЯ ПРОКЛАДКА ТРУБОПРОВОДОВ	км	Бесканальная прокладка обратных стальных трубопроводов в армопенобетонной изоляции с изоляцией стыков при номинальном давлении 1,6 МПа, температуре 150°С, диаметр труб: 1200 мм
24-01-020-01	24-01-020	Бесканальная прокладка трубопроводов в изоляции из пенополиуретана (ППУ) с изоляцией стыков скорлупа	БЕСКАНАЛЬНАЯ ПРОКЛАДКА ТРУБОПРОВОДОВ	км	Бесканальная прокладка стальных трубопроводов в изоляции из пенополиуретана (ППУ) с изоляцией стыков скорлупами при номинальном давлении 1,6 МПа, температуре 150°С, диаметр труб: 5
24-01-020-02	24-01-020	Бесканальная прокладка трубопроводов в изоляции из пенополиуретана (ППУ) с изоляцией стыков скорлупа	БЕСКАНАЛЬНАЯ ПРОКЛАДКА ТРУБОПРОВОДОВ	км	Бесканальная прокладка стальных трубопроводов в изоляции из пенополиуретана (ППУ) с изоляцией стыков скорлупами при номинальном давлении 1,6 МПа, температуре 150°С, диаметр труб: 6
24-01-020-03	24-01-020	Бесканальная прокладка трубопроводов в изоляции из пенополиуретана (ППУ) с изоляцией стыков скорлупа	БЕСКАНАЛЬНАЯ ПРОКЛАДКА ТРУБОПРОВОДОВ	км	Бесканальная прокладка стальных трубопроводов в изоляции из пенополиуретана (ППУ) с изоляцией стыков скорлупами при номинальном давлении 1,6 МПа, температуре 150°С, диаметр труб: 8
24-01-020-04	24-01-020	Бесканальная прокладка трубопроводов в изоляции из пенополиуретана (ППУ) с изоляцией стыков скорлупа	БЕСКАНАЛЬНАЯ ПРОКЛАДКА ТРУБОПРОВОДОВ	км	Бесканальная прокладка стальных трубопроводов в изоляции из пенополиуретана (ППУ) с изоляцией стыков скорлупами при номинальном давлении 1,6 МПа, температуре 150°С, диаметр труб: 1
24-01-020-05	24-01-020	Бесканальная прокладка трубопроводов в изоляции из пенополиуретана (ППУ) с изоляцией стыков скорлупа	БЕСКАНАЛЬНАЯ ПРОКЛАДКА ТРУБОПРОВОДОВ	км	Бесканальная прокладка стальных трубопроводов в изоляции из пенополиуретана (ППУ) с изоляцией стыков скорлупами при номинальном давлении 1,6 МПа, температуре 150°С, диаметр труб: 1
24-01-020-06	24-01-020	Бесканальная прокладка трубопроводов в изоляции из пенополиуретана (ППУ) с изоляцией стыков скорлупа	БЕСКАНАЛЬНАЯ ПРОКЛАДКА ТРУБОПРОВОДОВ	км	Бесканальная прокладка стальных трубопроводов в изоляции из пенополиуретана (ППУ) с изоляцией стыков скорлупами при номинальном давлении 1,6 МПа, температуре 150°С, диаметр труб: 1
24-01-020-07	24-01-020	Бесканальная прокладка трубопроводов в изоляции из пенополиуретана (ППУ) с изоляцией стыков скорлупа	БЕСКАНАЛЬНАЯ ПРОКЛАДКА ТРУБОПРОВОДОВ	км	Бесканальная прокладка стальных трубопроводов в изоляции из пенополиуретана (ППУ) с изоляцией стыков скорлупами при номинальном давлении 1,6 МПа, температуре 150°С, диаметр труб: 2
24-01-020-08	24-01-020	Бесканальная прокладка трубопроводов в изоляции из пенополиуретана (ППУ) с изоляцией стыков скорлупа	БЕСКАНАЛЬНАЯ ПРОКЛАДКА ТРУБОПРОВОДОВ	км	Бесканальная прокладка стальных трубопроводов в изоляции из пенополиуретана (ППУ) с изоляцией стыков скорлупами при номинальном давлении 1,6 МПа, температуре 150°С, диаметр труб: 2
24-01-020-09	24-01-020	Бесканальная прокладка трубопроводов в изоляции из пенополиуретана (ППУ) с изоляцией стыков скорлупа	БЕСКАНАЛЬНАЯ ПРОКЛАДКА ТРУБОПРОВОДОВ	км	Бесканальная прокладка стальных трубопроводов в изоляции из пенополиуретана (ППУ) с изоляцией стыков скорлупами при номинальном давлении 1,6 МПа, температуре 150°С, диаметр труб: 3
24-01-020-10	24-01-020	Бесканальная прокладка трубопроводов в изоляции из пенополиуретана (ППУ) с изоляцией стыков скорлупа	БЕСКАНАЛЬНАЯ ПРОКЛАДКА ТРУБОПРОВОДОВ	км	Бесканальная прокладка стальных трубопроводов в изоляции из пенополиуретана (ППУ) с изоляцией стыков скорлупами при номинальном давлении 1,6 МПа, температуре 150°С, диаметр труб: 4
24-01-020-11	24-01-020	Бесканальная прокладка трубопроводов в изоляции из пенополиуретана (ППУ) с изоляцией стыков скорлупа	БЕСКАНАЛЬНАЯ ПРОКЛАДКА ТРУБОПРОВОДОВ	км	Бесканальная прокладка стальных трубопроводов в изоляции из пенополиуретана (ППУ) с изоляцией стыков скорлупами при номинальном давлении 1,6 МПа, температуре 150°С, диаметр труб: 5
24-01-020-12	24-01-020	Бесканальная прокладка трубопроводов в изоляции из пенополиуретана (ППУ) с изоляцией стыков скорлупа	БЕСКАНАЛЬНАЯ ПРОКЛАДКА ТРУБОПРОВОДОВ	км	Бесканальная прокладка стальных трубопроводов в изоляции из пенополиуретана (ППУ) с изоляцией стыков скорлупами при номинальном давлении 1,6 МПа, температуре 150°С, диаметр труб: 6
24-01-020-13	24-01-020	Бесканальная прокладка трубопроводов в изоляции из пенополиуретана (ППУ) с изоляцией стыков скорлупа	БЕСКАНАЛЬНАЯ ПРОКЛАДКА ТРУБОПРОВОДОВ	км	Бесканальная прокладка стальных трубопроводов в изоляции из пенополиуретана (ППУ) с изоляцией стыков скорлупами при номинальном давлении 1,6 МПа, температуре 150°С, диаметр труб: 7
24-01-020-14	24-01-020	Бесканальная прокладка трубопроводов в изоляции из пенополиуретана (ППУ) с изоляцией стыков скорлупа	БЕСКАНАЛЬНАЯ ПРОКЛАДКА ТРУБОПРОВОДОВ	км	Бесканальная прокладка стальных трубопроводов в изоляции из пенополиуретана (ППУ) с изоляцией стыков скорлупами при номинальном давлении 1,6 МПа, температуре 150°С, диаметр труб: 8
24-01-020-15	24-01-020	Бесканальная прокладка трубопроводов в изоляции из пенополиуретана (ППУ) с изоляцией стыков скорлупа	БЕСКАНАЛЬНАЯ ПРОКЛАДКА ТРУБОПРОВОДОВ	км	Бесканальная прокладка стальных трубопроводов в изоляции из пенополиуретана (ППУ) с изоляцией стыков скорлупами при номинальном давлении 1,6 МПа, температуре 150°С, диаметр труб: 9
24-01-020-16	24-01-020	Бесканальная прокладка трубопроводов в изоляции из пенополиуретана (ППУ) с изоляцией стыков скорлупа	БЕСКАНАЛЬНАЯ ПРОКЛАДКА ТРУБОПРОВОДОВ	км	Бесканальная прокладка стальных трубопроводов в изоляции из пенополиуретана (ППУ) с изоляцией стыков скорлупами при номинальном давлении 1,6 МПа, температуре 150°С, диаметр труб: 1
24-01-027-01	24-01-027	Установка сальниковых компенсаторов	УСТАНОВКА КОМПЕНСАТОРОВ	шт	Установка сальниковых компенсаторов на стальных трубопроводах диаметром: 100 мм
24-01-027-02	24-01-027	Установка сальниковых компенсаторов	УСТАНОВКА КОМПЕНСАТОРОВ	шт	Установка сальниковых компенсаторов на стальных трубопроводах диаметром: 150 мм
24-01-027-03	24-01-027	Установка сальниковых компенсаторов	УСТАНОВКА КОМПЕНСАТОРОВ	шт	Установка сальниковых компенсаторов на стальных трубопроводах диаметром: 200 мм
24-01-027-04	24-01-027	Установка сальниковых компенсаторов	УСТАНОВКА КОМПЕНСАТОРОВ	шт	Установка сальниковых компенсаторов на стальных трубопроводах диаметром: 250 мм
24-01-027-05	24-01-027	Установка сальниковых компенсаторов	УСТАНОВКА КОМПЕНСАТОРОВ	шт	Установка сальниковых компенсаторов на стальных трубопроводах диаметром: 300 мм
24-01-027-06	24-01-027	Установка сальниковых компенсаторов	УСТАНОВКА КОМПЕНСАТОРОВ	шт	Установка сальниковых компенсаторов на стальных трубопроводах диаметром: 350 мм
24-01-027-07	24-01-027	Установка сальниковых компенсаторов	УСТАНОВКА КОМПЕНСАТОРОВ	шт	Установка сальниковых компенсаторов на стальных трубопроводах диаметром: 400 мм
24-01-027-08	24-01-027	Установка сальниковых компенсаторов	УСТАНОВКА КОМПЕНСАТОРОВ	шт	Установка сальниковых компенсаторов на стальных трубопроводах диаметром: 450 мм
24-01-027-09	24-01-027	Установка сальниковых компенсаторов	УСТАНОВКА КОМПЕНСАТОРОВ	шт	Установка сальниковых компенсаторов на стальных трубопроводах диаметром: 500 мм
24-01-027-10	24-01-027	Установка сальниковых компенсаторов	УСТАНОВКА КОМПЕНСАТОРОВ	шт	Установка сальниковых компенсаторов на стальных трубопроводах диаметром: 600 мм
24-01-027-11	24-01-027	Установка сальниковых компенсаторов	УСТАНОВКА КОМПЕНСАТОРОВ	шт	Установка сальниковых компенсаторов на стальных трубопроводах диаметром: 700 мм
24-01-027-12	24-01-027	Установка сальниковых компенсаторов	УСТАНОВКА КОМПЕНСАТОРОВ	шт	Установка сальниковых компенсаторов на стальных трубопроводах диаметром: 800 мм
24-01-027-13	24-01-027	Установка сальниковых компенсаторов	УСТАНОВКА КОМПЕНСАТОРОВ	шт	Установка сальниковых компенсаторов на стальных трубопроводах диаметром: 900 мм
24-01-027-14	24-01-027	Установка сальниковых компенсаторов	УСТАНОВКА КОМПЕНСАТОРОВ	шт	Установка сальниковых компенсаторов на стальных трубопроводах диаметром: 1000 мм
24-01-027-15	24-01-027	Установка сальниковых компенсаторов	УСТАНОВКА КОМПЕНСАТОРОВ	шт	Установка сальниковых компенсаторов на стальных трубопроводах диаметром: 1200 мм
24-01-027-16	24-01-027	Установка сальниковых компенсаторов	УСТАНОВКА КОМПЕНСАТОРОВ	шт	Установка сальниковых компенсаторов на стальных трубопроводах диаметром: 1400 мм
24-01-028-01	24-01-028	Установка П-образных компенсаторов	УСТАНОВКА КОМПЕНСАТОРОВ	шт	Установка П-образных компенсаторов на стальных трубопроводах диаметром: 50 мм
24-01-028-02	24-01-028	Установка П-образных компенсаторов	УСТАНОВКА КОМПЕНСАТОРОВ	шт	Установка П-образных компенсаторов на стальных трубопроводах диаметром: 65 мм
24-01-028-03	24-01-028	Установка П-образных компенсаторов	УСТАНОВКА КОМПЕНСАТОРОВ	шт	Установка П-образных компенсаторов на стальных трубопроводах диаметром: 80 мм
24-01-028-04	24-01-028	Установка П-образных компенсаторов	УСТАНОВКА КОМПЕНСАТОРОВ	шт	Установка П-образных компенсаторов на стальных трубопроводах диаметром: 100 мм
24-01-028-05	24-01-028	Установка П-образных компенсаторов	УСТАНОВКА КОМПЕНСАТОРОВ	шт	Установка П-образных компенсаторов на стальных трубопроводах диаметром: 125 мм
24-01-028-06	24-01-028	Установка П-образных компенсаторов	УСТАНОВКА КОМПЕНСАТОРОВ	шт	Установка П-образных компенсаторов на стальных трубопроводах диаметром: 150 мм
24-01-028-07	24-01-028	Установка П-образных компенсаторов	УСТАНОВКА КОМПЕНСАТОРОВ	шт	Установка П-образных компенсаторов на стальных трубопроводах диаметром: 200 мм
24-01-028-08	24-01-028	Установка П-образных компенсаторов	УСТАНОВКА КОМПЕНСАТОРОВ	шт	Установка П-образных компенсаторов на стальных трубопроводах диаметром: 250 мм
24-01-028-09	24-01-028	Установка П-образных компенсаторов	УСТАНОВКА КОМПЕНСАТОРОВ	шт	Установка П-образных компенсаторов на стальных трубопроводах диаметром: 300 мм
24-01-028-10	24-01-028	Установка П-образных компенсаторов	УСТАНОВКА КОМПЕНСАТОРОВ	шт	Установка П-образных компенсаторов на стальных трубопроводах диаметром: 350 мм
24-01-028-11	24-01-028	Установка П-образных компенсаторов	УСТАНОВКА КОМПЕНСАТОРОВ	шт	Установка П-образных компенсаторов на стальных трубопроводах диаметром: 400 мм
24-01-028-12	24-01-028	Установка П-образных компенсаторов	УСТАНОВКА КОМПЕНСАТОРОВ	шт	Установка П-образных компенсаторов на стальных трубопроводах диаметром: 450 мм
24-01-028-13	24-01-028	Установка П-образных компенсаторов	УСТАНОВКА КОМПЕНСАТОРОВ	шт	Установка П-образных компенсаторов на стальных трубопроводах диаметром: 500 мм
24-01-028-14	24-01-028	Установка П-образных компенсаторов	УСТАНОВКА КОМПЕНСАТОРОВ	шт	Установка П-образных компенсаторов на стальных трубопроводах диаметром: 600 мм
24-01-028-15	24-01-028	Установка П-образных компенсаторов	УСТАНОВКА КОМПЕНСАТОРОВ	шт	Установка П-образных компенсаторов на стальных трубопроводах диаметром: 700 мм
24-01-028-16	24-01-028	Установка П-образных компенсаторов	УСТАНОВКА КОМПЕНСАТОРОВ	шт	Установка П-образных компенсаторов на стальных трубопроводах диаметром: 800 мм
24-01-028-17	24-01-028	Установка П-образных компенсаторов	УСТАНОВКА КОМПЕНСАТОРОВ	шт	Установка П-образных компенсаторов на стальных трубопроводах диаметром: 900 мм
24-01-028-18	24-01-028	Установка П-образных компенсаторов	УСТАНОВКА КОМПЕНСАТОРОВ	шт	Установка П-образных компенсаторов на стальных трубопроводах диаметром: 1000 мм
24-01-028-19	24-01-028	Установка П-образных компенсаторов	УСТАНОВКА КОМПЕНСАТОРОВ	шт	Установка П-образных компенсаторов на стальных трубопроводах диаметром: 1200 мм
24-01-028-20	24-01-028	Установка П-образных компенсаторов	УСТАНОВКА КОМПЕНСАТОРОВ	шт	Установка П-образных компенсаторов на стальных трубопроводах диаметром: 1400 мм
24-01-029-01	24-01-029	Установка сильфонных компенсаторов с несъемным кожухом	УСТАНОВКА КОМПЕНСАТОРОВ	шт	Установка сильфонных компенсаторов с несъемным кожухом на стальных трубопроводах диаметром: 50 мм
24-01-029-02	24-01-029	Установка сильфонных компенсаторов с несъемным кожухом	УСТАНОВКА КОМПЕНСАТОРОВ	шт	Установка сильфонных компенсаторов с несъемным кожухом на стальных трубопроводах диаметром: 65 мм
24-01-029-03	24-01-029	Установка сильфонных компенсаторов с несъемным кожухом	УСТАНОВКА КОМПЕНСАТОРОВ	шт	Установка сильфонных компенсаторов с несъемным кожухом на стальных трубопроводах диаметром: 80 мм
24-01-029-04	24-01-029	Установка сильфонных компенсаторов с несъемным кожухом	УСТАНОВКА КОМПЕНСАТОРОВ	шт	Установка сильфонных компенсаторов с несъемным кожухом на стальных трубопроводах диаметром: 100 мм
24-01-029-05	24-01-029	Установка сильфонных компенсаторов с несъемным кожухом	УСТАНОВКА КОМПЕНСАТОРОВ	шт	Установка сильфонных компенсаторов с несъемным кожухом на стальных трубопроводах диаметром: 125 мм
24-01-029-06	24-01-029	Установка сильфонных компенсаторов с несъемным кожухом	УСТАНОВКА КОМПЕНСАТОРОВ	шт	Установка сильфонных компенсаторов с несъемным кожухом на стальных трубопроводах диаметром: 150 мм
24-01-029-07	24-01-029	Установка сильфонных компенсаторов с несъемным кожухом	УСТАНОВКА КОМПЕНСАТОРОВ	шт	Установка сильфонных компенсаторов с несъемным кожухом на стальных трубопроводах диаметром: 200 мм
24-01-029-08	24-01-029	Установка сильфонных компенсаторов с несъемным кожухом	УСТАНОВКА КОМПЕНСАТОРОВ	шт	Установка сильфонных компенсаторов с несъемным кожухом на стальных трубопроводах диаметром: 250 мм
24-01-029-09	24-01-029	Установка сильфонных компенсаторов с несъемным кожухом	УСТАНОВКА КОМПЕНСАТОРОВ	шт	Установка сильфонных компенсаторов с несъемным кожухом на стальных трубопроводах диаметром: 300 мм
24-01-029-10	24-01-029	Установка сильфонных компенсаторов с несъемным кожухом	УСТАНОВКА КОМПЕНСАТОРОВ	шт	Установка сильфонных компенсаторов с несъемным кожухом на стальных трубопроводах диаметром: 400 мм
24-01-029-11	24-01-029	Установка сильфонных компенсаторов с несъемным кожухом	УСТАНОВКА КОМПЕНСАТОРОВ	шт	Установка сильфонных компенсаторов с несъемным кожухом на стальных трубопроводах диаметром: 500 мм
24-01-029-12	24-01-029	Установка сильфонных компенсаторов с несъемным кожухом	УСТАНОВКА КОМПЕНСАТОРОВ	шт	Установка сильфонных компенсаторов с несъемным кожухом на стальных трубопроводах диаметром: 600 мм
24-01-029-13	24-01-029	Установка сильфонных компенсаторов с несъемным кожухом	УСТАНОВКА КОМПЕНСАТОРОВ	шт	Установка сильфонных компенсаторов с несъемным кожухом на стальных трубопроводах диаметром: 700 мм
24-01-029-14	24-01-029	Установка сильфонных компенсаторов с несъемным кожухом	УСТАНОВКА КОМПЕНСАТОРОВ	шт	Установка сильфонных компенсаторов с несъемным кожухом на стальных трубопроводах диаметром: 800 мм
24-01-029-15	24-01-029	Установка сильфонных компенсаторов с несъемным кожухом	УСТАНОВКА КОМПЕНСАТОРОВ	шт	Установка сильфонных компенсаторов с несъемным кожухом на стальных трубопроводах диаметром: 900 мм
24-01-029-16	24-01-029	Установка сильфонных компенсаторов с несъемным кожухом	УСТАНОВКА КОМПЕНСАТОРОВ	шт	Установка сильфонных компенсаторов с несъемным кожухом на стальных трубопроводах диаметром: 1000 мм
24-01-029-17	24-01-029	Установка сильфонных компенсаторов с несъемным кожухом	УСТАНОВКА КОМПЕНСАТОРОВ	шт	Установка сильфонных компенсаторов с несъемным кожухом на стальных трубопроводах диаметром: 1200 мм
24-01-032-01	24-01-032	Установка задвижек или клапанов стальных для горячей воды и пара	УСТАНОВКА ЗАДВИЖЕК ИЛИ КЛАПАНОВ СТАЛЬНЫХ, ВЕНТИЛЕЙ И КЛАПАНО	10 компл	Установка задвижек или клапанов стальных для горячей воды и пара диаметром: 50 мм
24-01-032-02	24-01-032	Установка задвижек или клапанов стальных для горячей воды и пара	УСТАНОВКА ЗАДВИЖЕК ИЛИ КЛАПАНОВ СТАЛЬНЫХ, ВЕНТИЛЕЙ И КЛАПАНО	10 компл	Установка задвижек или клапанов стальных для горячей воды и пара диаметром: 80 мм
24-01-032-03	24-01-032	Установка задвижек или клапанов стальных для горячей воды и пара	УСТАНОВКА ЗАДВИЖЕК ИЛИ КЛАПАНОВ СТАЛЬНЫХ, ВЕНТИЛЕЙ И КЛАПАНО	10 компл	Установка задвижек или клапанов стальных для горячей воды и пара диаметром: 100 мм
24-01-032-04	24-01-032	Установка задвижек или клапанов стальных для горячей воды и пара	УСТАНОВКА ЗАДВИЖЕК ИЛИ КЛАПАНОВ СТАЛЬНЫХ, ВЕНТИЛЕЙ И КЛАПАНО	10 компл	Установка задвижек или клапанов стальных для горячей воды и пара диаметром: 150 мм
24-01-032-05	24-01-032	Установка задвижек или клапанов стальных для горячей воды и пара	УСТАНОВКА ЗАДВИЖЕК ИЛИ КЛАПАНОВ СТАЛЬНЫХ, ВЕНТИЛЕЙ И КЛАПАНО	10 компл	Установка задвижек или клапанов стальных для горячей воды и пара диаметром: 200 мм
24-01-032-06	24-01-032	Установка задвижек или клапанов стальных для горячей воды и пара	УСТАНОВКА ЗАДВИЖЕК ИЛИ КЛАПАНОВ СТАЛЬНЫХ, ВЕНТИЛЕЙ И КЛАПАНО	10 компл	Установка задвижек или клапанов стальных для горячей воды и пара диаметром: 250 мм
24-01-032-07	24-01-032	Установка задвижек или клапанов стальных для горячей воды и пара	УСТАНОВКА ЗАДВИЖЕК ИЛИ КЛАПАНОВ СТАЛЬНЫХ, ВЕНТИЛЕЙ И КЛАПАНО	10 компл	Установка задвижек или клапанов стальных для горячей воды и пара диаметром: 300 мм
24-01-032-08	24-01-032	Установка задвижек или клапанов стальных для горячей воды и пара	УСТАНОВКА ЗАДВИЖЕК ИЛИ КЛАПАНОВ СТАЛЬНЫХ, ВЕНТИЛЕЙ И КЛАПАНО	10 компл	Установка задвижек или клапанов стальных для горячей воды и пара диаметром: 400 мм
24-01-032-09	24-01-032	Установка задвижек или клапанов стальных для горячей воды и пара	УСТАНОВКА ЗАДВИЖЕК ИЛИ КЛАПАНОВ СТАЛЬНЫХ, ВЕНТИЛЕЙ И КЛАПАНО	10 компл	Установка задвижек или клапанов стальных для горячей воды и пара диаметром: 500 мм
24-01-032-10	24-01-032	Установка задвижек или клапанов стальных для горячей воды и пара	УСТАНОВКА ЗАДВИЖЕК ИЛИ КЛАПАНОВ СТАЛЬНЫХ, ВЕНТИЛЕЙ И КЛАПАНО	10 компл	Установка задвижек или клапанов стальных для горячей воды и пара диаметром: 600 мм
24-01-032-11	24-01-032	Установка задвижек или клапанов стальных для горячей воды и пара	УСТАНОВКА ЗАДВИЖЕК ИЛИ КЛАПАНОВ СТАЛЬНЫХ, ВЕНТИЛЕЙ И КЛАПАНО	10 компл	Установка задвижек или клапанов стальных для горячей воды и пара диаметром: 800 мм
24-01-032-12	24-01-032	Установка задвижек или клапанов стальных для горячей воды и пара	УСТАНОВКА ЗАДВИЖЕК ИЛИ КЛАПАНОВ СТАЛЬНЫХ, ВЕНТИЛЕЙ И КЛАПАНО	10 компл	Установка задвижек или клапанов стальных для горячей воды и пара диаметром: 1000 мм
24-01-032-13	24-01-032	Установка задвижек или клапанов стальных для горячей воды и пара	УСТАНОВКА ЗАДВИЖЕК ИЛИ КЛАПАНОВ СТАЛЬНЫХ, ВЕНТИЛЕЙ И КЛАПАНО	10 компл	Установка задвижек или клапанов стальных для горячей воды и пара диаметром: 1200 мм
24-01-032-14	24-01-032	Установка задвижек или клапанов стальных для горячей воды и пара	УСТАНОВКА ЗАДВИЖЕК ИЛИ КЛАПАНОВ СТАЛЬНЫХ, ВЕНТИЛЕЙ И КЛАПАНО	10 компл	Установка задвижек или клапанов стальных для горячей воды и пара диаметром: 1400 мм
24-01-034-01	24-01-034	Установка грязевиков	УСТАНОВКА ЗАДВИЖЕК ИЛИ КЛАПАНОВ СТАЛЬНЫХ, ВЕНТИЛЕЙ И КЛАПАНО	шт	Установка грязевиков на стальных трубопроводах диаметром: 200 мм
24-01-034-02	24-01-034	Установка грязевиков	УСТАНОВКА ЗАДВИЖЕК ИЛИ КЛАПАНОВ СТАЛЬНЫХ, ВЕНТИЛЕЙ И КЛАПАНО	шт	Установка грязевиков на стальных трубопроводах диаметром: 250 мм
24-01-034-03	24-01-034	Установка грязевиков	УСТАНОВКА ЗАДВИЖЕК ИЛИ КЛАПАНОВ СТАЛЬНЫХ, ВЕНТИЛЕЙ И КЛАПАНО	шт	Установка грязевиков на стальных трубопроводах диаметром: 300 мм
24-01-034-04	24-01-034	Установка грязевиков	УСТАНОВКА ЗАДВИЖЕК ИЛИ КЛАПАНОВ СТАЛЬНЫХ, ВЕНТИЛЕЙ И КЛАПАНО	шт	Установка грязевиков на стальных трубопроводах диаметром: 350 мм
24-01-034-05	24-01-034	Установка грязевиков	УСТАНОВКА ЗАДВИЖЕК ИЛИ КЛАПАНОВ СТАЛЬНЫХ, ВЕНТИЛЕЙ И КЛАПАНО	шт	Установка грязевиков на стальных трубопроводах диаметром: 400 мм
24-01-034-06	24-01-034	Установка грязевиков	УСТАНОВКА ЗАДВИЖЕК ИЛИ КЛАПАНОВ СТАЛЬНЫХ, ВЕНТИЛЕЙ И КЛАПАНО	шт	Установка грязевиков на стальных трубопроводах диаметром: 450 мм
24-01-034-07	24-01-034	Установка грязевиков	УСТАНОВКА ЗАДВИЖЕК ИЛИ КЛАПАНОВ СТАЛЬНЫХ, ВЕНТИЛЕЙ И КЛАПАНО	шт	Установка грязевиков на стальных трубопроводах диаметром: 500 мм
24-01-034-08	24-01-034	Установка грязевиков	УСТАНОВКА ЗАДВИЖЕК ИЛИ КЛАПАНОВ СТАЛЬНЫХ, ВЕНТИЛЕЙ И КЛАПАНО	шт	Установка грязевиков на стальных трубопроводах диаметром: 600 мм
24-01-034-09	24-01-034	Установка грязевиков	УСТАНОВКА ЗАДВИЖЕК ИЛИ КЛАПАНОВ СТАЛЬНЫХ, ВЕНТИЛЕЙ И КЛАПАНО	шт	Установка грязевиков на стальных трубопроводах диаметром: 700 мм
24-01-034-10	24-01-034	Установка грязевиков	УСТАНОВКА ЗАДВИЖЕК ИЛИ КЛАПАНОВ СТАЛЬНЫХ, ВЕНТИЛЕЙ И КЛАПАНО	шт	Установка грязевиков на стальных трубопроводах диаметром: 800 мм
24-01-034-11	24-01-034	Установка грязевиков	УСТАНОВКА ЗАДВИЖЕК ИЛИ КЛАПАНОВ СТАЛЬНЫХ, ВЕНТИЛЕЙ И КЛАПАНО	шт	Установка грязевиков на стальных трубопроводах диаметром: 900 мм
24-01-034-12	24-01-034	Установка грязевиков	УСТАНОВКА ЗАДВИЖЕК ИЛИ КЛАПАНОВ СТАЛЬНЫХ, ВЕНТИЛЕЙ И КЛАПАНО	шт	Установка грязевиков на стальных трубопроводах диаметром: 1000 мм
24-01-034-13	24-01-034	Установка грязевиков	УСТАНОВКА ЗАДВИЖЕК ИЛИ КЛАПАНОВ СТАЛЬНЫХ, ВЕНТИЛЕЙ И КЛАПАНО	шт	Установка грязевиков на стальных трубопроводах диаметром: 1200 мм
24-01-034-14	24-01-034	Установка грязевиков	УСТАНОВКА ЗАДВИЖЕК ИЛИ КЛАПАНОВ СТАЛЬНЫХ, ВЕНТИЛЕЙ И КЛАПАНО	шт	Установка грязевиков на стальных трубопроводах диаметром: 1400 мм
24-01-040-01	24-01-040	Надземная прокладка стальных труб в изоляции из пенополиуретана (ППУ)	ПРОКЛАДКА ТРУБОПРОВОДОВ ТЕПЛОВЫХ СЕТЕЙ С ТЕПЛОИЗОЛЯЦИЕЙ ИЗ П	км	Надземная прокладка стальных труб в изоляции из пенополиуретана (ППУ) диаметром: до 57 мм
24-01-040-02	24-01-040	Надземная прокладка стальных труб в изоляции из пенополиуретана (ППУ)	ПРОКЛАДКА ТРУБОПРОВОДОВ ТЕПЛОВЫХ СЕТЕЙ С ТЕПЛОИЗОЛЯЦИЕЙ ИЗ П	км	Надземная прокладка стальных труб в изоляции из пенополиуретана (ППУ) диаметром: 76 мм
24-01-040-03	24-01-040	Надземная прокладка стальных труб в изоляции из пенополиуретана (ППУ)	ПРОКЛАДКА ТРУБОПРОВОДОВ ТЕПЛОВЫХ СЕТЕЙ С ТЕПЛОИЗОЛЯЦИЕЙ ИЗ П	км	Надземная прокладка стальных труб в изоляции из пенополиуретана (ППУ) диаметром: 89 мм
24-01-040-04	24-01-040	Надземная прокладка стальных труб в изоляции из пенополиуретана (ППУ)	ПРОКЛАДКА ТРУБОПРОВОДОВ ТЕПЛОВЫХ СЕТЕЙ С ТЕПЛОИЗОЛЯЦИЕЙ ИЗ П	км	Надземная прокладка стальных труб в изоляции из пенополиуретана (ППУ) диаметром: 108 мм
24-01-040-05	24-01-040	Надземная прокладка стальных труб в изоляции из пенополиуретана (ППУ)	ПРОКЛАДКА ТРУБОПРОВОДОВ ТЕПЛОВЫХ СЕТЕЙ С ТЕПЛОИЗОЛЯЦИЕЙ ИЗ П	км	Надземная прокладка стальных труб в изоляции из пенополиуретана (ППУ) диаметром: 133 мм
24-01-040-06	24-01-040	Надземная прокладка стальных труб в изоляции из пенополиуретана (ППУ)	ПРОКЛАДКА ТРУБОПРОВОДОВ ТЕПЛОВЫХ СЕТЕЙ С ТЕПЛОИЗОЛЯЦИЕЙ ИЗ П	км	Надземная прокладка стальных труб в изоляции из пенополиуретана (ППУ) диаметром: 159 мм
24-01-040-07	24-01-040	Надземная прокладка стальных труб в изоляции из пенополиуретана (ППУ)	ПРОКЛАДКА ТРУБОПРОВОДОВ ТЕПЛОВЫХ СЕТЕЙ С ТЕПЛОИЗОЛЯЦИЕЙ ИЗ П	км	Надземная прокладка стальных труб в изоляции из пенополиуретана (ППУ) диаметром: 219 мм
24-01-040-08	24-01-040	Надземная прокладка стальных труб в изоляции из пенополиуретана (ППУ)	ПРОКЛАДКА ТРУБОПРОВОДОВ ТЕПЛОВЫХ СЕТЕЙ С ТЕПЛОИЗОЛЯЦИЕЙ ИЗ П	км	Надземная прокладка стальных труб в изоляции из пенополиуретана (ППУ) диаметром: 273 мм
24-01-040-09	24-01-040	Надземная прокладка стальных труб в изоляции из пенополиуретана (ППУ)	ПРОКЛАДКА ТРУБОПРОВОДОВ ТЕПЛОВЫХ СЕТЕЙ С ТЕПЛОИЗОЛЯЦИЕЙ ИЗ П	км	Надземная прокладка стальных труб в изоляции из пенополиуретана (ППУ) диаметром: 325 мм
24-01-040-10	24-01-040	Надземная прокладка стальных труб в изоляции из пенополиуретана (ППУ)	ПРОКЛАДКА ТРУБОПРОВОДОВ ТЕПЛОВЫХ СЕТЕЙ С ТЕПЛОИЗОЛЯЦИЕЙ ИЗ П	км	Надземная прокладка стальных труб в изоляции из пенополиуретана (ППУ) диаметром: 426 мм
24-01-040-11	24-01-040	Надземная прокладка стальных труб в изоляции из пенополиуретана (ППУ)	ПРОКЛАДКА ТРУБОПРОВОДОВ ТЕПЛОВЫХ СЕТЕЙ С ТЕПЛОИЗОЛЯЦИЕЙ ИЗ П	км	Надземная прокладка стальных труб в изоляции из пенополиуретана (ППУ) диаметром: 530 мм
24-01-040-12	24-01-040	Надземная прокладка стальных труб в изоляции из пенополиуретана (ППУ)	ПРОКЛАДКА ТРУБОПРОВОДОВ ТЕПЛОВЫХ СЕТЕЙ С ТЕПЛОИЗОЛЯЦИЕЙ ИЗ П	км	Надземная прокладка стальных труб в изоляции из пенополиуретана (ППУ) диаметром: 630 мм
24-01-040-13	24-01-040	Надземная прокладка стальных труб в изоляции из пенополиуретана (ППУ)	ПРОКЛАДКА ТРУБОПРОВОДОВ ТЕПЛОВЫХ СЕТЕЙ С ТЕПЛОИЗОЛЯЦИЕЙ ИЗ П	км	Надземная прокладка стальных труб в изоляции из пенополиуретана (ППУ) диаметром: 720 мм
24-01-040-14	24-01-040	Надземная прокладка стальных труб в изоляции из пенополиуретана (ППУ)	ПРОКЛАДКА ТРУБОПРОВОДОВ ТЕПЛОВЫХ СЕТЕЙ С ТЕПЛОИЗОЛЯЦИЕЙ ИЗ П	км	Надземная прокладка стальных труб в изоляции из пенополиуретана (ППУ) диаметром: 820 мм
24-01-040-15	24-01-040	Надземная прокладка стальных труб в изоляции из пенополиуретана (ППУ)	ПРОКЛАДКА ТРУБОПРОВОДОВ ТЕПЛОВЫХ СЕТЕЙ С ТЕПЛОИЗОЛЯЦИЕЙ ИЗ П	км	Надземная прокладка стальных труб в изоляции из пенополиуретана (ППУ) диаметром: 920 мм
24-01-040-16	24-01-040	Надземная прокладка стальных труб в изоляции из пенополиуретана (ППУ)	ПРОКЛАДКА ТРУБОПРОВОДОВ ТЕПЛОВЫХ СЕТЕЙ С ТЕПЛОИЗОЛЯЦИЕЙ ИЗ П	км	Надземная прокладка стальных труб в изоляции из пенополиуретана (ППУ) диаметром: 1020 мм
24-01-040-17	24-01-040	Надземная прокладка стальных труб в изоляции из пенополиуретана (ППУ)	ПРОКЛАДКА ТРУБОПРОВОДОВ ТЕПЛОВЫХ СЕТЕЙ С ТЕПЛОИЗОЛЯЦИЕЙ ИЗ П	км	Надземная прокладка стальных труб в изоляции из пенополиуретана (ППУ) диаметром: 1220 мм
24-01-040-18	24-01-040	Надземная прокладка стальных труб в изоляции из пенополиуретана (ППУ)	ПРОКЛАДКА ТРУБОПРОВОДОВ ТЕПЛОВЫХ СЕТЕЙ С ТЕПЛОИЗОЛЯЦИЕЙ ИЗ П	км	Надземная прокладка стальных труб в изоляции из пенополиуретана (ППУ) диаметром: 1420 мм
24-01-041-01	24-01-041	Бесканальная прокладка в траншее стальных труб в изоляции из пенополиуретана (ППУ)	ПРОКЛАДКА ТРУБОПРОВОДОВ ТЕПЛОВЫХ СЕТЕЙ С ТЕПЛОИЗОЛЯЦИЕЙ ИЗ П	км	Бесканальная прокладка в траншее стальных труб в изоляции из пенополиуретана (ППУ) диаметром: до 57 мм
24-01-041-02	24-01-041	Бесканальная прокладка в траншее стальных труб в изоляции из пенополиуретана (ППУ)	ПРОКЛАДКА ТРУБОПРОВОДОВ ТЕПЛОВЫХ СЕТЕЙ С ТЕПЛОИЗОЛЯЦИЕЙ ИЗ П	км	Бесканальная прокладка в траншее стальных труб в изоляции из пенополиуретана (ППУ) диаметром: 76 мм
24-01-041-03	24-01-041	Бесканальная прокладка в траншее стальных труб в изоляции из пенополиуретана (ППУ)	ПРОКЛАДКА ТРУБОПРОВОДОВ ТЕПЛОВЫХ СЕТЕЙ С ТЕПЛОИЗОЛЯЦИЕЙ ИЗ П	км	Бесканальная прокладка в траншее стальных труб в изоляции из пенополиуретана (ППУ) диаметром: 89 мм
24-01-041-04	24-01-041	Бесканальная прокладка в траншее стальных труб в изоляции из пенополиуретана (ППУ)	ПРОКЛАДКА ТРУБОПРОВОДОВ ТЕПЛОВЫХ СЕТЕЙ С ТЕПЛОИЗОЛЯЦИЕЙ ИЗ П	км	Бесканальная прокладка в траншее стальных труб в изоляции из пенополиуретана (ППУ) диаметром: 108 мм
24-01-041-05	24-01-041	Бесканальная прокладка в траншее стальных труб в изоляции из пенополиуретана (ППУ)	ПРОКЛАДКА ТРУБОПРОВОДОВ ТЕПЛОВЫХ СЕТЕЙ С ТЕПЛОИЗОЛЯЦИЕЙ ИЗ П	км	Бесканальная прокладка в траншее стальных труб в изоляции из пенополиуретана (ППУ) диаметром: 133 мм
24-01-041-06	24-01-041	Бесканальная прокладка в траншее стальных труб в изоляции из пенополиуретана (ППУ)	ПРОКЛАДКА ТРУБОПРОВОДОВ ТЕПЛОВЫХ СЕТЕЙ С ТЕПЛОИЗОЛЯЦИЕЙ ИЗ П	км	Бесканальная прокладка в траншее стальных труб в изоляции из пенополиуретана (ППУ) диаметром: 159 мм
24-01-041-07	24-01-041	Бесканальная прокладка в траншее стальных труб в изоляции из пенополиуретана (ППУ)	ПРОКЛАДКА ТРУБОПРОВОДОВ ТЕПЛОВЫХ СЕТЕЙ С ТЕПЛОИЗОЛЯЦИЕЙ ИЗ П	км	Бесканальная прокладка в траншее стальных труб в изоляции из пенополиуретана (ППУ) диаметром: 219 мм
24-01-041-08	24-01-041	Бесканальная прокладка в траншее стальных труб в изоляции из пенополиуретана (ППУ)	ПРОКЛАДКА ТРУБОПРОВОДОВ ТЕПЛОВЫХ СЕТЕЙ С ТЕПЛОИЗОЛЯЦИЕЙ ИЗ П	км	Бесканальная прокладка в траншее стальных труб в изоляции из пенополиуретана (ППУ) диаметром: 273 мм
24-01-041-09	24-01-041	Бесканальная прокладка в траншее стальных труб в изоляции из пенополиуретана (ППУ)	ПРОКЛАДКА ТРУБОПРОВОДОВ ТЕПЛОВЫХ СЕТЕЙ С ТЕПЛОИЗОЛЯЦИЕЙ ИЗ П	км	Бесканальная прокладка в траншее стальных труб в изоляции из пенополиуретана (ППУ) диаметром: 325 мм
24-01-041-10	24-01-041	Бесканальная прокладка в траншее стальных труб в изоляции из пенополиуретана (ППУ)	ПРОКЛАДКА ТРУБОПРОВОДОВ ТЕПЛОВЫХ СЕТЕЙ С ТЕПЛОИЗОЛЯЦИЕЙ ИЗ П	км	Бесканальная прокладка в траншее стальных труб в изоляции из пенополиуретана (ППУ) диаметром: 426 мм
24-01-041-11	24-01-041	Бесканальная прокладка в траншее стальных труб в изоляции из пенополиуретана (ППУ)	ПРОКЛАДКА ТРУБОПРОВОДОВ ТЕПЛОВЫХ СЕТЕЙ С ТЕПЛОИЗОЛЯЦИЕЙ ИЗ П	км	Бесканальная прокладка в траншее стальных труб в изоляции из пенополиуретана (ППУ) диаметром: 530 мм
24-01-041-12	24-01-041	Бесканальная прокладка в траншее стальных труб в изоляции из пенополиуретана (ППУ)	ПРОКЛАДКА ТРУБОПРОВОДОВ ТЕПЛОВЫХ СЕТЕЙ С ТЕПЛОИЗОЛЯЦИЕЙ ИЗ П	км	Бесканальная прокладка в траншее стальных труб в изоляции из пенополиуретана (ППУ) диаметром: 630 мм
24-01-041-13	24-01-041	Бесканальная прокладка в траншее стальных труб в изоляции из пенополиуретана (ППУ)	ПРОКЛАДКА ТРУБОПРОВОДОВ ТЕПЛОВЫХ СЕТЕЙ С ТЕПЛОИЗОЛЯЦИЕЙ ИЗ П	км	Бесканальная прокладка в траншее стальных труб в изоляции из пенополиуретана (ППУ) диаметром: 720 мм
24-01-041-14	24-01-041	Бесканальная прокладка в траншее стальных труб в изоляции из пенополиуретана (ППУ)	ПРОКЛАДКА ТРУБОПРОВОДОВ ТЕПЛОВЫХ СЕТЕЙ С ТЕПЛОИЗОЛЯЦИЕЙ ИЗ П	км	Бесканальная прокладка в траншее стальных труб в изоляции из пенополиуретана (ППУ) диаметром: 820 мм
24-01-041-15	24-01-041	Бесканальная прокладка в траншее стальных труб в изоляции из пенополиуретана (ППУ)	ПРОКЛАДКА ТРУБОПРОВОДОВ ТЕПЛОВЫХ СЕТЕЙ С ТЕПЛОИЗОЛЯЦИЕЙ ИЗ П	км	Бесканальная прокладка в траншее стальных труб в изоляции из пенополиуретана (ППУ) диаметром: 920 мм
24-01-041-16	24-01-041	Бесканальная прокладка в траншее стальных труб в изоляции из пенополиуретана (ППУ)	ПРОКЛАДКА ТРУБОПРОВОДОВ ТЕПЛОВЫХ СЕТЕЙ С ТЕПЛОИЗОЛЯЦИЕЙ ИЗ П	км	Бесканальная прокладка в траншее стальных труб в изоляции из пенополиуретана (ППУ) диаметром: 1020 мм
24-01-042-01	24-01-042	Прокладка в канале стальных труб в изоляции из пенополиуретана (ППУ)	ПРОКЛАДКА ТРУБОПРОВОДОВ ТЕПЛОВЫХ СЕТЕЙ С ТЕПЛОИЗОЛЯЦИЕЙ ИЗ П	км	Прокладка в канале стальных труб в изоляции из пенополиуретана (ППУ) диаметром: до 57 мм
24-01-042-02	24-01-042	Прокладка в канале стальных труб в изоляции из пенополиуретана (ППУ)	ПРОКЛАДКА ТРУБОПРОВОДОВ ТЕПЛОВЫХ СЕТЕЙ С ТЕПЛОИЗОЛЯЦИЕЙ ИЗ П	км	Прокладка в канале стальных труб в изоляции из пенополиуретана (ППУ) диаметром: 76 мм
24-01-042-03	24-01-042	Прокладка в канале стальных труб в изоляции из пенополиуретана (ППУ)	ПРОКЛАДКА ТРУБОПРОВОДОВ ТЕПЛОВЫХ СЕТЕЙ С ТЕПЛОИЗОЛЯЦИЕЙ ИЗ П	км	Прокладка в канале стальных труб в изоляции из пенополиуретана (ППУ) диаметром: 89 мм
24-01-042-04	24-01-042	Прокладка в канале стальных труб в изоляции из пенополиуретана (ППУ)	ПРОКЛАДКА ТРУБОПРОВОДОВ ТЕПЛОВЫХ СЕТЕЙ С ТЕПЛОИЗОЛЯЦИЕЙ ИЗ П	км	Прокладка в канале стальных труб в изоляции из пенополиуретана (ППУ) диаметром: 108 мм
24-01-042-05	24-01-042	Прокладка в канале стальных труб в изоляции из пенополиуретана (ППУ)	ПРОКЛАДКА ТРУБОПРОВОДОВ ТЕПЛОВЫХ СЕТЕЙ С ТЕПЛОИЗОЛЯЦИЕЙ ИЗ П	км	Прокладка в канале стальных труб в изоляции из пенополиуретана (ППУ) диаметром: 133 мм
24-01-042-06	24-01-042	Прокладка в канале стальных труб в изоляции из пенополиуретана (ППУ)	ПРОКЛАДКА ТРУБОПРОВОДОВ ТЕПЛОВЫХ СЕТЕЙ С ТЕПЛОИЗОЛЯЦИЕЙ ИЗ П	км	Прокладка в канале стальных труб в изоляции из пенополиуретана (ППУ) диаметром: 159 мм
24-01-042-07	24-01-042	Прокладка в канале стальных труб в изоляции из пенополиуретана (ППУ)	ПРОКЛАДКА ТРУБОПРОВОДОВ ТЕПЛОВЫХ СЕТЕЙ С ТЕПЛОИЗОЛЯЦИЕЙ ИЗ П	км	Прокладка в канале стальных труб в изоляции из пенополиуретана (ППУ) диаметром: 219 мм
24-01-042-08	24-01-042	Прокладка в канале стальных труб в изоляции из пенополиуретана (ППУ)	ПРОКЛАДКА ТРУБОПРОВОДОВ ТЕПЛОВЫХ СЕТЕЙ С ТЕПЛОИЗОЛЯЦИЕЙ ИЗ П	км	Прокладка в канале стальных труб в изоляции из пенополиуретана (ППУ) диаметром: 273 мм
24-01-042-09	24-01-042	Прокладка в канале стальных труб в изоляции из пенополиуретана (ППУ)	ПРОКЛАДКА ТРУБОПРОВОДОВ ТЕПЛОВЫХ СЕТЕЙ С ТЕПЛОИЗОЛЯЦИЕЙ ИЗ П	км	Прокладка в канале стальных труб в изоляции из пенополиуретана (ППУ) диаметром: 325 мм
24-01-042-10	24-01-042	Прокладка в канале стальных труб в изоляции из пенополиуретана (ППУ)	ПРОКЛАДКА ТРУБОПРОВОДОВ ТЕПЛОВЫХ СЕТЕЙ С ТЕПЛОИЗОЛЯЦИЕЙ ИЗ П	км	Прокладка в канале стальных труб в изоляции из пенополиуретана (ППУ) диаметром: 426 мм
24-01-042-11	24-01-042	Прокладка в канале стальных труб в изоляции из пенополиуретана (ППУ)	ПРОКЛАДКА ТРУБОПРОВОДОВ ТЕПЛОВЫХ СЕТЕЙ С ТЕПЛОИЗОЛЯЦИЕЙ ИЗ П	км	Прокладка в канале стальных труб в изоляции из пенополиуретана (ППУ) диаметром: 530 мм
24-01-042-12	24-01-042	Прокладка в канале стальных труб в изоляции из пенополиуретана (ППУ)	ПРОКЛАДКА ТРУБОПРОВОДОВ ТЕПЛОВЫХ СЕТЕЙ С ТЕПЛОИЗОЛЯЦИЕЙ ИЗ П	км	Прокладка в канале стальных труб в изоляции из пенополиуретана (ППУ) диаметром: 630 мм
24-01-042-13	24-01-042	Прокладка в канале стальных труб в изоляции из пенополиуретана (ППУ)	ПРОКЛАДКА ТРУБОПРОВОДОВ ТЕПЛОВЫХ СЕТЕЙ С ТЕПЛОИЗОЛЯЦИЕЙ ИЗ П	км	Прокладка в канале стальных труб в изоляции из пенополиуретана (ППУ) диаметром: 720 мм
24-01-042-14	24-01-042	Прокладка в канале стальных труб в изоляции из пенополиуретана (ППУ)	ПРОКЛАДКА ТРУБОПРОВОДОВ ТЕПЛОВЫХ СЕТЕЙ С ТЕПЛОИЗОЛЯЦИЕЙ ИЗ П	км	Прокладка в канале стальных труб в изоляции из пенополиуретана (ППУ) диаметром: 820 мм
24-01-042-15	24-01-042	Прокладка в канале стальных труб в изоляции из пенополиуретана (ППУ)	ПРОКЛАДКА ТРУБОПРОВОДОВ ТЕПЛОВЫХ СЕТЕЙ С ТЕПЛОИЗОЛЯЦИЕЙ ИЗ П	км	Прокладка в канале стальных труб в изоляции из пенополиуретана (ППУ) диаметром: 920 мм
24-01-042-16	24-01-042	Прокладка в канале стальных труб в изоляции из пенополиуретана (ППУ)	ПРОКЛАДКА ТРУБОПРОВОДОВ ТЕПЛОВЫХ СЕТЕЙ С ТЕПЛОИЗОЛЯЦИЕЙ ИЗ П	км	Прокладка в канале стальных труб в изоляции из пенополиуретана (ППУ) диаметром: 1020 мм
24-01-042-17	24-01-042	Прокладка в канале стальных труб в изоляции из пенополиуретана (ППУ)	ПРОКЛАДКА ТРУБОПРОВОДОВ ТЕПЛОВЫХ СЕТЕЙ С ТЕПЛОИЗОЛЯЦИЕЙ ИЗ П	км	Прокладка в канале стальных труб в изоляции из пенополиуретана (ППУ) диаметром: 1220 мм
24-01-042-18	24-01-042	Прокладка в канале стальных труб в изоляции из пенополиуретана (ППУ)	ПРОКЛАДКА ТРУБОПРОВОДОВ ТЕПЛОВЫХ СЕТЕЙ С ТЕПЛОИЗОЛЯЦИЕЙ ИЗ П	км	Прокладка в канале стальных труб в изоляции из пенополиуретана (ППУ) диаметром: 1420 мм
24-01-043-01	24-01-043	Установка отводов стальных, изолированных пенополиуретаном (ППУ)	ПРОКЛАДКА ТРУБОПРОВОДОВ ТЕПЛОВЫХ СЕТЕЙ С ТЕПЛОИЗОЛЯЦИЕЙ ИЗ П	10 шт	Установка отводов стальных, изолированных пенополиуретаном (ППУ), диаметром: до 57 мм
24-01-043-02	24-01-043	Установка отводов стальных, изолированных пенополиуретаном (ППУ)	ПРОКЛАДКА ТРУБОПРОВОДОВ ТЕПЛОВЫХ СЕТЕЙ С ТЕПЛОИЗОЛЯЦИЕЙ ИЗ П	10 шт	Установка отводов стальных, изолированных пенополиуретаном (ППУ), диаметром: 76 мм
24-01-043-03	24-01-043	Установка отводов стальных, изолированных пенополиуретаном (ППУ)	ПРОКЛАДКА ТРУБОПРОВОДОВ ТЕПЛОВЫХ СЕТЕЙ С ТЕПЛОИЗОЛЯЦИЕЙ ИЗ П	10 шт	Установка отводов стальных, изолированных пенополиуретаном (ППУ), диаметром: 89 мм
24-01-043-04	24-01-043	Установка отводов стальных, изолированных пенополиуретаном (ППУ)	ПРОКЛАДКА ТРУБОПРОВОДОВ ТЕПЛОВЫХ СЕТЕЙ С ТЕПЛОИЗОЛЯЦИЕЙ ИЗ П	10 шт	Установка отводов стальных, изолированных пенополиуретаном (ППУ), диаметром: 108 мм
24-01-043-05	24-01-043	Установка отводов стальных, изолированных пенополиуретаном (ППУ)	ПРОКЛАДКА ТРУБОПРОВОДОВ ТЕПЛОВЫХ СЕТЕЙ С ТЕПЛОИЗОЛЯЦИЕЙ ИЗ П	10 шт	Установка отводов стальных, изолированных пенополиуретаном (ППУ), диаметром: 133 мм
24-01-043-06	24-01-043	Установка отводов стальных, изолированных пенополиуретаном (ППУ)	ПРОКЛАДКА ТРУБОПРОВОДОВ ТЕПЛОВЫХ СЕТЕЙ С ТЕПЛОИЗОЛЯЦИЕЙ ИЗ П	10 шт	Установка отводов стальных, изолированных пенополиуретаном (ППУ), диаметром: 159 мм
24-01-043-07	24-01-043	Установка отводов стальных, изолированных пенополиуретаном (ППУ)	ПРОКЛАДКА ТРУБОПРОВОДОВ ТЕПЛОВЫХ СЕТЕЙ С ТЕПЛОИЗОЛЯЦИЕЙ ИЗ П	10 шт	Установка отводов стальных, изолированных пенополиуретаном (ППУ), диаметром: 219 мм
24-01-043-08	24-01-043	Установка отводов стальных, изолированных пенополиуретаном (ППУ)	ПРОКЛАДКА ТРУБОПРОВОДОВ ТЕПЛОВЫХ СЕТЕЙ С ТЕПЛОИЗОЛЯЦИЕЙ ИЗ П	10 шт	Установка отводов стальных, изолированных пенополиуретаном (ППУ), диаметром: 273 мм
24-01-043-09	24-01-043	Установка отводов стальных, изолированных пенополиуретаном (ППУ)	ПРОКЛАДКА ТРУБОПРОВОДОВ ТЕПЛОВЫХ СЕТЕЙ С ТЕПЛОИЗОЛЯЦИЕЙ ИЗ П	10 шт	Установка отводов стальных, изолированных пенополиуретаном (ППУ), диаметром: 325 мм
24-01-043-10	24-01-043	Установка отводов стальных, изолированных пенополиуретаном (ППУ)	ПРОКЛАДКА ТРУБОПРОВОДОВ ТЕПЛОВЫХ СЕТЕЙ С ТЕПЛОИЗОЛЯЦИЕЙ ИЗ П	10 шт	Установка отводов стальных, изолированных пенополиуретаном (ППУ), диаметром: 426 мм
24-01-043-11	24-01-043	Установка отводов стальных, изолированных пенополиуретаном (ППУ)	ПРОКЛАДКА ТРУБОПРОВОДОВ ТЕПЛОВЫХ СЕТЕЙ С ТЕПЛОИЗОЛЯЦИЕЙ ИЗ П	10 шт	Установка отводов стальных, изолированных пенополиуретаном (ППУ), диаметром: 530 мм
24-01-043-12	24-01-043	Установка отводов стальных, изолированных пенополиуретаном (ППУ)	ПРОКЛАДКА ТРУБОПРОВОДОВ ТЕПЛОВЫХ СЕТЕЙ С ТЕПЛОИЗОЛЯЦИЕЙ ИЗ П	10 шт	Установка отводов стальных, изолированных пенополиуретаном (ППУ), диаметром: 630 мм
24-01-043-13	24-01-043	Установка отводов стальных, изолированных пенополиуретаном (ППУ)	ПРОКЛАДКА ТРУБОПРОВОДОВ ТЕПЛОВЫХ СЕТЕЙ С ТЕПЛОИЗОЛЯЦИЕЙ ИЗ П	10 шт	Установка отводов стальных, изолированных пенополиуретаном (ППУ), диаметром: 720 мм
24-01-043-14	24-01-043	Установка отводов стальных, изолированных пенополиуретаном (ППУ)	ПРОКЛАДКА ТРУБОПРОВОДОВ ТЕПЛОВЫХ СЕТЕЙ С ТЕПЛОИЗОЛЯЦИЕЙ ИЗ П	10 шт	Установка отводов стальных, изолированных пенополиуретаном (ППУ), диаметром: 820 мм
24-01-043-15	24-01-043	Установка отводов стальных, изолированных пенополиуретаном (ППУ)	ПРОКЛАДКА ТРУБОПРОВОДОВ ТЕПЛОВЫХ СЕТЕЙ С ТЕПЛОИЗОЛЯЦИЕЙ ИЗ П	10 шт	Установка отводов стальных, изолированных пенополиуретаном (ППУ), диаметром: 920 мм
24-01-043-16	24-01-043	Установка отводов стальных, изолированных пенополиуретаном (ППУ)	ПРОКЛАДКА ТРУБОПРОВОДОВ ТЕПЛОВЫХ СЕТЕЙ С ТЕПЛОИЗОЛЯЦИЕЙ ИЗ П	10 шт	Установка отводов стальных, изолированных пенополиуретаном (ППУ), диаметром: 1020 мм
24-01-043-17	24-01-043	Установка отводов стальных, изолированных пенополиуретаном (ППУ)	ПРОКЛАДКА ТРУБОПРОВОДОВ ТЕПЛОВЫХ СЕТЕЙ С ТЕПЛОИЗОЛЯЦИЕЙ ИЗ П	10 шт	Установка отводов стальных, изолированных пенополиуретаном (ППУ), диаметром: 1220 мм
24-01-043-18	24-01-043	Установка отводов стальных, изолированных пенополиуретаном (ППУ)	ПРОКЛАДКА ТРУБОПРОВОДОВ ТЕПЛОВЫХ СЕТЕЙ С ТЕПЛОИЗОЛЯЦИЕЙ ИЗ П	10 шт	Установка отводов стальных, изолированных пенополиуретаном (ППУ), диаметром: 1420 мм
24-01-044-01	24-01-044	Установка тройников стальных, изолированных пенополиуретаном (ППУ)	ПРОКЛАДКА ТРУБОПРОВОДОВ ТЕПЛОВЫХ СЕТЕЙ С ТЕПЛОИЗОЛЯЦИЕЙ ИЗ П	10 шт	Установка тройников стальных, изолированных пенополиуретаном (ППУ), диаметром: до 57 мм
24-01-044-02	24-01-044	Установка тройников стальных, изолированных пенополиуретаном (ППУ)	ПРОКЛАДКА ТРУБОПРОВОДОВ ТЕПЛОВЫХ СЕТЕЙ С ТЕПЛОИЗОЛЯЦИЕЙ ИЗ П	10 шт	Установка тройников стальных, изолированных пенополиуретаном (ППУ), диаметром: 76 мм
24-01-044-03	24-01-044	Установка тройников стальных, изолированных пенополиуретаном (ППУ)	ПРОКЛАДКА ТРУБОПРОВОДОВ ТЕПЛОВЫХ СЕТЕЙ С ТЕПЛОИЗОЛЯЦИЕЙ ИЗ П	10 шт	Установка тройников стальных, изолированных пенополиуретаном (ППУ), диаметром: 89 мм
24-01-044-04	24-01-044	Установка тройников стальных, изолированных пенополиуретаном (ППУ)	ПРОКЛАДКА ТРУБОПРОВОДОВ ТЕПЛОВЫХ СЕТЕЙ С ТЕПЛОИЗОЛЯЦИЕЙ ИЗ П	10 шт	Установка тройников стальных, изолированных пенополиуретаном (ППУ), диаметром: 108 мм
24-01-044-05	24-01-044	Установка тройников стальных, изолированных пенополиуретаном (ППУ)	ПРОКЛАДКА ТРУБОПРОВОДОВ ТЕПЛОВЫХ СЕТЕЙ С ТЕПЛОИЗОЛЯЦИЕЙ ИЗ П	10 шт	Установка тройников стальных, изолированных пенополиуретаном (ППУ), диаметром: 133 мм
24-01-044-06	24-01-044	Установка тройников стальных, изолированных пенополиуретаном (ППУ)	ПРОКЛАДКА ТРУБОПРОВОДОВ ТЕПЛОВЫХ СЕТЕЙ С ТЕПЛОИЗОЛЯЦИЕЙ ИЗ П	10 шт	Установка тройников стальных, изолированных пенополиуретаном (ППУ), диаметром: 159 мм
24-01-044-07	24-01-044	Установка тройников стальных, изолированных пенополиуретаном (ППУ)	ПРОКЛАДКА ТРУБОПРОВОДОВ ТЕПЛОВЫХ СЕТЕЙ С ТЕПЛОИЗОЛЯЦИЕЙ ИЗ П	10 шт	Установка тройников стальных, изолированных пенополиуретаном (ППУ), диаметром: 219 мм
24-01-044-08	24-01-044	Установка тройников стальных, изолированных пенополиуретаном (ППУ)	ПРОКЛАДКА ТРУБОПРОВОДОВ ТЕПЛОВЫХ СЕТЕЙ С ТЕПЛОИЗОЛЯЦИЕЙ ИЗ П	10 шт	Установка тройников стальных, изолированных пенополиуретаном (ППУ), диаметром: 273 мм
24-01-044-09	24-01-044	Установка тройников стальных, изолированных пенополиуретаном (ППУ)	ПРОКЛАДКА ТРУБОПРОВОДОВ ТЕПЛОВЫХ СЕТЕЙ С ТЕПЛОИЗОЛЯЦИЕЙ ИЗ П	10 шт	Установка тройников стальных, изолированных пенополиуретаном (ППУ), диаметром: 325 мм
24-01-044-10	24-01-044	Установка тройников стальных, изолированных пенополиуретаном (ППУ)	ПРОКЛАДКА ТРУБОПРОВОДОВ ТЕПЛОВЫХ СЕТЕЙ С ТЕПЛОИЗОЛЯЦИЕЙ ИЗ П	10 шт	Установка тройников стальных, изолированных пенополиуретаном (ППУ), диаметром: 426 мм
24-01-044-11	24-01-044	Установка тройников стальных, изолированных пенополиуретаном (ППУ)	ПРОКЛАДКА ТРУБОПРОВОДОВ ТЕПЛОВЫХ СЕТЕЙ С ТЕПЛОИЗОЛЯЦИЕЙ ИЗ П	10 шт	Установка тройников стальных, изолированных пенополиуретаном (ППУ), диаметром: 530 мм
24-01-044-12	24-01-044	Установка тройников стальных, изолированных пенополиуретаном (ППУ)	ПРОКЛАДКА ТРУБОПРОВОДОВ ТЕПЛОВЫХ СЕТЕЙ С ТЕПЛОИЗОЛЯЦИЕЙ ИЗ П	10 шт	Установка тройников стальных, изолированных пенополиуретаном (ППУ), диаметром: 630 мм
24-01-044-13	24-01-044	Установка тройников стальных, изолированных пенополиуретаном (ППУ)	ПРОКЛАДКА ТРУБОПРОВОДОВ ТЕПЛОВЫХ СЕТЕЙ С ТЕПЛОИЗОЛЯЦИЕЙ ИЗ П	10 шт	Установка тройников стальных, изолированных пенополиуретаном (ППУ), диаметром: 720 мм
24-01-044-14	24-01-044	Установка тройников стальных, изолированных пенополиуретаном (ППУ)	ПРОКЛАДКА ТРУБОПРОВОДОВ ТЕПЛОВЫХ СЕТЕЙ С ТЕПЛОИЗОЛЯЦИЕЙ ИЗ П	10 шт	Установка тройников стальных, изолированных пенополиуретаном (ППУ), диаметром: 820 мм
24-01-044-15	24-01-044	Установка тройников стальных, изолированных пенополиуретаном (ППУ)	ПРОКЛАДКА ТРУБОПРОВОДОВ ТЕПЛОВЫХ СЕТЕЙ С ТЕПЛОИЗОЛЯЦИЕЙ ИЗ П	10 шт	Установка тройников стальных, изолированных пенополиуретаном (ППУ), диаметром: 920 мм
24-01-044-16	24-01-044	Установка тройников стальных, изолированных пенополиуретаном (ППУ)	ПРОКЛАДКА ТРУБОПРОВОДОВ ТЕПЛОВЫХ СЕТЕЙ С ТЕПЛОИЗОЛЯЦИЕЙ ИЗ П	10 шт	Установка тройников стальных, изолированных пенополиуретаном (ППУ), диаметром: 1020 мм
24-01-044-17	24-01-044	Установка тройников стальных, изолированных пенополиуретаном (ППУ)	ПРОКЛАДКА ТРУБОПРОВОДОВ ТЕПЛОВЫХ СЕТЕЙ С ТЕПЛОИЗОЛЯЦИЕЙ ИЗ П	10 шт	Установка тройников стальных, изолированных пенополиуретаном (ППУ), диаметром: 1220 мм
24-01-044-18	24-01-044	Установка тройников стальных, изолированных пенополиуретаном (ППУ)	ПРОКЛАДКА ТРУБОПРОВОДОВ ТЕПЛОВЫХ СЕТЕЙ С ТЕПЛОИЗОЛЯЦИЕЙ ИЗ П	10 шт	Установка тройников стальных, изолированных пенополиуретаном (ППУ), диаметром: 1420 мм
24-01-045-01	24-01-045	Установка компенсаторов сильфонных, изолированных пенополиуретаном (ППУ)	ПРОКЛАДКА ТРУБОПРОВОДОВ ТЕПЛОВЫХ СЕТЕЙ С ТЕПЛОИЗОЛЯЦИЕЙ ИЗ П	10 шт	Установка компенсаторов сильфонных, изолированных пенополиуретаном (ППУ), диаметром: до 57 мм
24-01-045-02	24-01-045	Установка компенсаторов сильфонных, изолированных пенополиуретаном (ППУ)	ПРОКЛАДКА ТРУБОПРОВОДОВ ТЕПЛОВЫХ СЕТЕЙ С ТЕПЛОИЗОЛЯЦИЕЙ ИЗ П	10 шт	Установка компенсаторов сильфонных, изолированных пенополиуретаном (ППУ), диаметром: 76 мм
24-01-045-03	24-01-045	Установка компенсаторов сильфонных, изолированных пенополиуретаном (ППУ)	ПРОКЛАДКА ТРУБОПРОВОДОВ ТЕПЛОВЫХ СЕТЕЙ С ТЕПЛОИЗОЛЯЦИЕЙ ИЗ П	10 шт	Установка компенсаторов сильфонных, изолированных пенополиуретаном (ППУ), диаметром: 89 мм
24-01-045-04	24-01-045	Установка компенсаторов сильфонных, изолированных пенополиуретаном (ППУ)	ПРОКЛАДКА ТРУБОПРОВОДОВ ТЕПЛОВЫХ СЕТЕЙ С ТЕПЛОИЗОЛЯЦИЕЙ ИЗ П	10 шт	Установка компенсаторов сильфонных, изолированных пенополиуретаном (ППУ), диаметром: 108 мм
24-01-045-05	24-01-045	Установка компенсаторов сильфонных, изолированных пенополиуретаном (ППУ)	ПРОКЛАДКА ТРУБОПРОВОДОВ ТЕПЛОВЫХ СЕТЕЙ С ТЕПЛОИЗОЛЯЦИЕЙ ИЗ П	10 шт	Установка компенсаторов сильфонных, изолированных пенополиуретаном (ППУ), диаметром: 133 мм
24-01-045-06	24-01-045	Установка компенсаторов сильфонных, изолированных пенополиуретаном (ППУ)	ПРОКЛАДКА ТРУБОПРОВОДОВ ТЕПЛОВЫХ СЕТЕЙ С ТЕПЛОИЗОЛЯЦИЕЙ ИЗ П	10 шт	Установка компенсаторов сильфонных, изолированных пенополиуретаном (ППУ), диаметром: 159 мм
24-01-045-07	24-01-045	Установка компенсаторов сильфонных, изолированных пенополиуретаном (ППУ)	ПРОКЛАДКА ТРУБОПРОВОДОВ ТЕПЛОВЫХ СЕТЕЙ С ТЕПЛОИЗОЛЯЦИЕЙ ИЗ П	10 шт	Установка компенсаторов сильфонных, изолированных пенополиуретаном (ППУ), диаметром: 219 мм
24-01-045-08	24-01-045	Установка компенсаторов сильфонных, изолированных пенополиуретаном (ППУ)	ПРОКЛАДКА ТРУБОПРОВОДОВ ТЕПЛОВЫХ СЕТЕЙ С ТЕПЛОИЗОЛЯЦИЕЙ ИЗ П	10 шт	Установка компенсаторов сильфонных, изолированных пенополиуретаном (ППУ), диаметром: 273 мм
24-01-045-09	24-01-045	Установка компенсаторов сильфонных, изолированных пенополиуретаном (ППУ)	ПРОКЛАДКА ТРУБОПРОВОДОВ ТЕПЛОВЫХ СЕТЕЙ С ТЕПЛОИЗОЛЯЦИЕЙ ИЗ П	10 шт	Установка компенсаторов сильфонных, изолированных пенополиуретаном (ППУ), диаметром: 325 мм
24-01-045-10	24-01-045	Установка компенсаторов сильфонных, изолированных пенополиуретаном (ППУ)	ПРОКЛАДКА ТРУБОПРОВОДОВ ТЕПЛОВЫХ СЕТЕЙ С ТЕПЛОИЗОЛЯЦИЕЙ ИЗ П	10 шт	Установка компенсаторов сильфонных, изолированных пенополиуретаном (ППУ), диаметром: 426 мм
24-01-045-11	24-01-045	Установка компенсаторов сильфонных, изолированных пенополиуретаном (ППУ)	ПРОКЛАДКА ТРУБОПРОВОДОВ ТЕПЛОВЫХ СЕТЕЙ С ТЕПЛОИЗОЛЯЦИЕЙ ИЗ П	10 шт	Установка компенсаторов сильфонных, изолированных пенополиуретаном (ППУ), диаметром: 530 мм
24-01-045-12	24-01-045	Установка компенсаторов сильфонных, изолированных пенополиуретаном (ППУ)	ПРОКЛАДКА ТРУБОПРОВОДОВ ТЕПЛОВЫХ СЕТЕЙ С ТЕПЛОИЗОЛЯЦИЕЙ ИЗ П	10 шт	Установка компенсаторов сильфонных, изолированных пенополиуретаном (ППУ), диаметром: 630 мм
24-01-045-13	24-01-045	Установка компенсаторов сильфонных, изолированных пенополиуретаном (ППУ)	ПРОКЛАДКА ТРУБОПРОВОДОВ ТЕПЛОВЫХ СЕТЕЙ С ТЕПЛОИЗОЛЯЦИЕЙ ИЗ П	10 шт	Установка компенсаторов сильфонных, изолированных пенополиуретаном (ППУ), диаметром: 720 мм
24-01-045-14	24-01-045	Установка компенсаторов сильфонных, изолированных пенополиуретаном (ППУ)	ПРОКЛАДКА ТРУБОПРОВОДОВ ТЕПЛОВЫХ СЕТЕЙ С ТЕПЛОИЗОЛЯЦИЕЙ ИЗ П	10 шт	Установка компенсаторов сильфонных, изолированных пенополиуретаном (ППУ), диаметром: 820 мм
24-01-045-15	24-01-045	Установка компенсаторов сильфонных, изолированных пенополиуретаном (ППУ)	ПРОКЛАДКА ТРУБОПРОВОДОВ ТЕПЛОВЫХ СЕТЕЙ С ТЕПЛОИЗОЛЯЦИЕЙ ИЗ П	10 шт	Установка компенсаторов сильфонных, изолированных пенополиуретаном (ППУ), диаметром: 920 мм
24-01-045-16	24-01-045	Установка компенсаторов сильфонных, изолированных пенополиуретаном (ППУ)	ПРОКЛАДКА ТРУБОПРОВОДОВ ТЕПЛОВЫХ СЕТЕЙ С ТЕПЛОИЗОЛЯЦИЕЙ ИЗ П	10 шт	Установка компенсаторов сильфонных, изолированных пенополиуретаном (ППУ), диаметром: 1020 мм
24-01-045-17	24-01-045	Установка компенсаторов сильфонных, изолированных пенополиуретаном (ППУ)	ПРОКЛАДКА ТРУБОПРОВОДОВ ТЕПЛОВЫХ СЕТЕЙ С ТЕПЛОИЗОЛЯЦИЕЙ ИЗ П	10 шт	Установка компенсаторов сильфонных, изолированных пенополиуретаном (ППУ), диаметром: 1220 мм
24-01-045-18	24-01-045	Установка компенсаторов сильфонных, изолированных пенополиуретаном (ППУ)	ПРОКЛАДКА ТРУБОПРОВОДОВ ТЕПЛОВЫХ СЕТЕЙ С ТЕПЛОИЗОЛЯЦИЕЙ ИЗ П	10 шт	Установка компенсаторов сильфонных, изолированных пенополиуретаном (ППУ), диаметром: 1420 мм
24-01-046-01	24-01-046	Установка неподвижных опор, изолированных пенополиуретаном (ППУ)	ПРОКЛАДКА ТРУБОПРОВОДОВ ТЕПЛОВЫХ СЕТЕЙ С ТЕПЛОИЗОЛЯЦИЕЙ ИЗ П	10 шт	Установка неподвижных опор, изолированных пенополиуретаном (ППУ), диаметром: до 57 мм
24-01-046-02	24-01-046	Установка неподвижных опор, изолированных пенополиуретаном (ППУ)	ПРОКЛАДКА ТРУБОПРОВОДОВ ТЕПЛОВЫХ СЕТЕЙ С ТЕПЛОИЗОЛЯЦИЕЙ ИЗ П	10 шт	Установка неподвижных опор, изолированных пенополиуретаном (ППУ), диаметром: 76 мм
24-01-046-03	24-01-046	Установка неподвижных опор, изолированных пенополиуретаном (ППУ)	ПРОКЛАДКА ТРУБОПРОВОДОВ ТЕПЛОВЫХ СЕТЕЙ С ТЕПЛОИЗОЛЯЦИЕЙ ИЗ П	10 шт	Установка неподвижных опор, изолированных пенополиуретаном (ППУ), диаметром: 89 мм
24-01-046-04	24-01-046	Установка неподвижных опор, изолированных пенополиуретаном (ППУ)	ПРОКЛАДКА ТРУБОПРОВОДОВ ТЕПЛОВЫХ СЕТЕЙ С ТЕПЛОИЗОЛЯЦИЕЙ ИЗ П	10 шт	Установка неподвижных опор, изолированных пенополиуретаном (ППУ), диаметром: 108 мм
24-01-046-05	24-01-046	Установка неподвижных опор, изолированных пенополиуретаном (ППУ)	ПРОКЛАДКА ТРУБОПРОВОДОВ ТЕПЛОВЫХ СЕТЕЙ С ТЕПЛОИЗОЛЯЦИЕЙ ИЗ П	10 шт	Установка неподвижных опор, изолированных пенополиуретаном (ППУ), диаметром: 133 мм
24-01-046-06	24-01-046	Установка неподвижных опор, изолированных пенополиуретаном (ППУ)	ПРОКЛАДКА ТРУБОПРОВОДОВ ТЕПЛОВЫХ СЕТЕЙ С ТЕПЛОИЗОЛЯЦИЕЙ ИЗ П	10 шт	Установка неподвижных опор, изолированных пенополиуретаном (ППУ), диаметром: 159 мм
24-01-046-07	24-01-046	Установка неподвижных опор, изолированных пенополиуретаном (ППУ)	ПРОКЛАДКА ТРУБОПРОВОДОВ ТЕПЛОВЫХ СЕТЕЙ С ТЕПЛОИЗОЛЯЦИЕЙ ИЗ П	10 шт	Установка неподвижных опор, изолированных пенополиуретаном (ППУ), диаметром: 219 мм
24-01-046-08	24-01-046	Установка неподвижных опор, изолированных пенополиуретаном (ППУ)	ПРОКЛАДКА ТРУБОПРОВОДОВ ТЕПЛОВЫХ СЕТЕЙ С ТЕПЛОИЗОЛЯЦИЕЙ ИЗ П	10 шт	Установка неподвижных опор, изолированных пенополиуретаном (ППУ), диаметром: 273 мм
24-01-046-09	24-01-046	Установка неподвижных опор, изолированных пенополиуретаном (ППУ)	ПРОКЛАДКА ТРУБОПРОВОДОВ ТЕПЛОВЫХ СЕТЕЙ С ТЕПЛОИЗОЛЯЦИЕЙ ИЗ П	10 шт	Установка неподвижных опор, изолированных пенополиуретаном (ППУ), диаметром: 325 мм
24-01-046-10	24-01-046	Установка неподвижных опор, изолированных пенополиуретаном (ППУ)	ПРОКЛАДКА ТРУБОПРОВОДОВ ТЕПЛОВЫХ СЕТЕЙ С ТЕПЛОИЗОЛЯЦИЕЙ ИЗ П	10 шт	Установка неподвижных опор, изолированных пенополиуретаном (ППУ), диаметром: 426 мм
24-01-046-11	24-01-046	Установка неподвижных опор, изолированных пенополиуретаном (ППУ)	ПРОКЛАДКА ТРУБОПРОВОДОВ ТЕПЛОВЫХ СЕТЕЙ С ТЕПЛОИЗОЛЯЦИЕЙ ИЗ П	10 шт	Установка неподвижных опор, изолированных пенополиуретаном (ППУ), диаметром: 530 мм
24-01-046-12	24-01-046	Установка неподвижных опор, изолированных пенополиуретаном (ППУ)	ПРОКЛАДКА ТРУБОПРОВОДОВ ТЕПЛОВЫХ СЕТЕЙ С ТЕПЛОИЗОЛЯЦИЕЙ ИЗ П	10 шт	Установка неподвижных опор, изолированных пенополиуретаном (ППУ), диаметром: 630 мм
24-01-046-13	24-01-046	Установка неподвижных опор, изолированных пенополиуретаном (ППУ)	ПРОКЛАДКА ТРУБОПРОВОДОВ ТЕПЛОВЫХ СЕТЕЙ С ТЕПЛОИЗОЛЯЦИЕЙ ИЗ П	10 шт	Установка неподвижных опор, изолированных пенополиуретаном (ППУ), диаметром: 720 мм
24-01-046-14	24-01-046	Установка неподвижных опор, изолированных пенополиуретаном (ППУ)	ПРОКЛАДКА ТРУБОПРОВОДОВ ТЕПЛОВЫХ СЕТЕЙ С ТЕПЛОИЗОЛЯЦИЕЙ ИЗ П	10 шт	Установка неподвижных опор, изолированных пенополиуретаном (ППУ), диаметром: 820 мм
24-01-046-15	24-01-046	Установка неподвижных опор, изолированных пенополиуретаном (ППУ)	ПРОКЛАДКА ТРУБОПРОВОДОВ ТЕПЛОВЫХ СЕТЕЙ С ТЕПЛОИЗОЛЯЦИЕЙ ИЗ П	10 шт	Установка неподвижных опор, изолированных пенополиуретаном (ППУ), диаметром: 920 мм
24-01-046-16	24-01-046	Установка неподвижных опор, изолированных пенополиуретаном (ППУ)	ПРОКЛАДКА ТРУБОПРОВОДОВ ТЕПЛОВЫХ СЕТЕЙ С ТЕПЛОИЗОЛЯЦИЕЙ ИЗ П	10 шт	Установка неподвижных опор, изолированных пенополиуретаном (ППУ), диаметром: 1020 мм
24-01-046-17	24-01-046	Установка неподвижных опор, изолированных пенополиуретаном (ППУ)	ПРОКЛАДКА ТРУБОПРОВОДОВ ТЕПЛОВЫХ СЕТЕЙ С ТЕПЛОИЗОЛЯЦИЕЙ ИЗ П	10 шт	Установка неподвижных опор, изолированных пенополиуретаном (ППУ), диаметром: 1220 мм
24-01-046-18	24-01-046	Установка неподвижных опор, изолированных пенополиуретаном (ППУ)	ПРОКЛАДКА ТРУБОПРОВОДОВ ТЕПЛОВЫХ СЕТЕЙ С ТЕПЛОИЗОЛЯЦИЕЙ ИЗ П	10 шт	Установка неподвижных опор, изолированных пенополиуретаном (ППУ), диаметром: 1420 мм
24-01-047-01	24-01-047	Установка шаровых кранов, изолированных пенополиуретаном (ППУ)	ПРОКЛАДКА ТРУБОПРОВОДОВ ТЕПЛОВЫХ СЕТЕЙ С ТЕПЛОИЗОЛЯЦИЕЙ ИЗ П	10 шт	Установка шаровых кранов, изолированных пенополиуретаном (ППУ), диаметром: до 57 мм
24-01-047-02	24-01-047	Установка шаровых кранов, изолированных пенополиуретаном (ППУ)	ПРОКЛАДКА ТРУБОПРОВОДОВ ТЕПЛОВЫХ СЕТЕЙ С ТЕПЛОИЗОЛЯЦИЕЙ ИЗ П	10 шт	Установка шаровых кранов, изолированных пенополиуретаном (ППУ), диаметром: 76 мм
24-01-047-03	24-01-047	Установка шаровых кранов, изолированных пенополиуретаном (ППУ)	ПРОКЛАДКА ТРУБОПРОВОДОВ ТЕПЛОВЫХ СЕТЕЙ С ТЕПЛОИЗОЛЯЦИЕЙ ИЗ П	10 шт	Установка шаровых кранов, изолированных пенополиуретаном (ППУ), диаметром: 89 мм
24-01-047-04	24-01-047	Установка шаровых кранов, изолированных пенополиуретаном (ППУ)	ПРОКЛАДКА ТРУБОПРОВОДОВ ТЕПЛОВЫХ СЕТЕЙ С ТЕПЛОИЗОЛЯЦИЕЙ ИЗ П	10 шт	Установка шаровых кранов, изолированных пенополиуретаном (ППУ), диаметром: 108 мм
24-01-047-05	24-01-047	Установка шаровых кранов, изолированных пенополиуретаном (ППУ)	ПРОКЛАДКА ТРУБОПРОВОДОВ ТЕПЛОВЫХ СЕТЕЙ С ТЕПЛОИЗОЛЯЦИЕЙ ИЗ П	10 шт	Установка шаровых кранов, изолированных пенополиуретаном (ППУ), диаметром: 133 мм
24-01-047-06	24-01-047	Установка шаровых кранов, изолированных пенополиуретаном (ППУ)	ПРОКЛАДКА ТРУБОПРОВОДОВ ТЕПЛОВЫХ СЕТЕЙ С ТЕПЛОИЗОЛЯЦИЕЙ ИЗ П	10 шт	Установка шаровых кранов, изолированных пенополиуретаном (ППУ), диаметром: 159 мм
24-01-047-07	24-01-047	Установка шаровых кранов, изолированных пенополиуретаном (ППУ)	ПРОКЛАДКА ТРУБОПРОВОДОВ ТЕПЛОВЫХ СЕТЕЙ С ТЕПЛОИЗОЛЯЦИЕЙ ИЗ П	10 шт	Установка шаровых кранов, изолированных пенополиуретаном (ППУ), диаметром: 219 мм
24-01-047-08	24-01-047	Установка шаровых кранов, изолированных пенополиуретаном (ППУ)	ПРОКЛАДКА ТРУБОПРОВОДОВ ТЕПЛОВЫХ СЕТЕЙ С ТЕПЛОИЗОЛЯЦИЕЙ ИЗ П	10 шт	Установка шаровых кранов, изолированных пенополиуретаном (ППУ), диаметром: 273 мм
24-01-047-09	24-01-047	Установка шаровых кранов, изолированных пенополиуретаном (ППУ)	ПРОКЛАДКА ТРУБОПРОВОДОВ ТЕПЛОВЫХ СЕТЕЙ С ТЕПЛОИЗОЛЯЦИЕЙ ИЗ П	10 шт	Установка шаровых кранов, изолированных пенополиуретаном (ППУ), диаметром: 325 мм
24-01-047-10	24-01-047	Установка шаровых кранов, изолированных пенополиуретаном (ППУ)	ПРОКЛАДКА ТРУБОПРОВОДОВ ТЕПЛОВЫХ СЕТЕЙ С ТЕПЛОИЗОЛЯЦИЕЙ ИЗ П	10 шт	Установка шаровых кранов, изолированных пенополиуретаном (ППУ), диаметром: 426 мм
24-01-047-11	24-01-047	Установка шаровых кранов, изолированных пенополиуретаном (ППУ)	ПРОКЛАДКА ТРУБОПРОВОДОВ ТЕПЛОВЫХ СЕТЕЙ С ТЕПЛОИЗОЛЯЦИЕЙ ИЗ П	10 шт	Установка шаровых кранов, изолированных пенополиуретаном (ППУ), диаметром: 530 мм
24-01-047-12	24-01-047	Установка шаровых кранов, изолированных пенополиуретаном (ППУ)	ПРОКЛАДКА ТРУБОПРОВОДОВ ТЕПЛОВЫХ СЕТЕЙ С ТЕПЛОИЗОЛЯЦИЕЙ ИЗ П	10 шт	Установка шаровых кранов, изолированных пенополиуретаном (ППУ), диаметром: 630 мм
24-01-047-13	24-01-047	Установка шаровых кранов, изолированных пенополиуретаном (ППУ)	ПРОКЛАДКА ТРУБОПРОВОДОВ ТЕПЛОВЫХ СЕТЕЙ С ТЕПЛОИЗОЛЯЦИЕЙ ИЗ П	10 шт	Установка шаровых кранов, изолированных пенополиуретаном (ППУ), диаметром: 720 мм
24-01-047-14	24-01-047	Установка шаровых кранов, изолированных пенополиуретаном (ППУ)	ПРОКЛАДКА ТРУБОПРОВОДОВ ТЕПЛОВЫХ СЕТЕЙ С ТЕПЛОИЗОЛЯЦИЕЙ ИЗ П	10 шт	Установка шаровых кранов, изолированных пенополиуретаном (ППУ), диаметром: 820 мм
24-01-047-15	24-01-047	Установка шаровых кранов, изолированных пенополиуретаном (ППУ)	ПРОКЛАДКА ТРУБОПРОВОДОВ ТЕПЛОВЫХ СЕТЕЙ С ТЕПЛОИЗОЛЯЦИЕЙ ИЗ П	10 шт	Установка шаровых кранов, изолированных пенополиуретаном (ППУ), диаметром: 920 мм
24-01-047-16	24-01-047	Установка шаровых кранов, изолированных пенополиуретаном (ППУ)	ПРОКЛАДКА ТРУБОПРОВОДОВ ТЕПЛОВЫХ СЕТЕЙ С ТЕПЛОИЗОЛЯЦИЕЙ ИЗ П	10 шт	Установка шаровых кранов, изолированных пенополиуретаном (ППУ), диаметром: 1020 мм
24-01-047-17	24-01-047	Установка шаровых кранов, изолированных пенополиуретаном (ППУ)	ПРОКЛАДКА ТРУБОПРОВОДОВ ТЕПЛОВЫХ СЕТЕЙ С ТЕПЛОИЗОЛЯЦИЕЙ ИЗ П	10 шт	Установка шаровых кранов, изолированных пенополиуретаном (ППУ), диаметром: 1220 мм
24-01-047-18	24-01-047	Установка шаровых кранов, изолированных пенополиуретаном (ППУ)	ПРОКЛАДКА ТРУБОПРОВОДОВ ТЕПЛОВЫХ СЕТЕЙ С ТЕПЛОИЗОЛЯЦИЕЙ ИЗ П	10 шт	Установка шаровых кранов, изолированных пенополиуретаном (ППУ), диаметром: 1420 мм
24-01-048-01	24-01-048	Установка переходов, промежуточных и концевых элементов с кабелем вывода, металлической заглушки изо	ПРОКЛАДКА ТРУБОПРОВОДОВ ТЕПЛОВЫХ СЕТЕЙ С ТЕПЛОИЗОЛЯЦИЕЙ ИЗ П	10 шт	Установка переходов, промежуточных и концевых элементов с кабелем вывода, металлической заглушки изоляции, изолированных пенополиуретаном (ППУ), диаметром: до 57 мм
24-01-048-02	24-01-048	Установка переходов, промежуточных и концевых элементов с кабелем вывода, металлической заглушки изо	ПРОКЛАДКА ТРУБОПРОВОДОВ ТЕПЛОВЫХ СЕТЕЙ С ТЕПЛОИЗОЛЯЦИЕЙ ИЗ П	10 шт	Установка переходов, промежуточных и концевых элементов с кабелем вывода, металлической заглушки изоляции, изолированных пенополиуретаном (ППУ), диаметром: 76 мм
24-01-048-03	24-01-048	Установка переходов, промежуточных и концевых элементов с кабелем вывода, металлической заглушки изо	ПРОКЛАДКА ТРУБОПРОВОДОВ ТЕПЛОВЫХ СЕТЕЙ С ТЕПЛОИЗОЛЯЦИЕЙ ИЗ П	10 шт	Установка переходов, промежуточных и концевых элементов с кабелем вывода, металлической заглушки изоляции, изолированных пенополиуретаном (ППУ), диаметром: 89 мм
24-01-048-04	24-01-048	Установка переходов, промежуточных и концевых элементов с кабелем вывода, металлической заглушки изо	ПРОКЛАДКА ТРУБОПРОВОДОВ ТЕПЛОВЫХ СЕТЕЙ С ТЕПЛОИЗОЛЯЦИЕЙ ИЗ П	10 шт	Установка переходов, промежуточных и концевых элементов с кабелем вывода, металлической заглушки изоляции, изолированных пенополиуретаном (ППУ), диаметром: 108 мм
24-01-048-05	24-01-048	Установка переходов, промежуточных и концевых элементов с кабелем вывода, металлической заглушки изо	ПРОКЛАДКА ТРУБОПРОВОДОВ ТЕПЛОВЫХ СЕТЕЙ С ТЕПЛОИЗОЛЯЦИЕЙ ИЗ П	10 шт	Установка переходов, промежуточных и концевых элементов с кабелем вывода, металлической заглушки изоляции, изолированных пенополиуретаном (ППУ), диаметром: 133 мм
24-01-048-06	24-01-048	Установка переходов, промежуточных и концевых элементов с кабелем вывода, металлической заглушки изо	ПРОКЛАДКА ТРУБОПРОВОДОВ ТЕПЛОВЫХ СЕТЕЙ С ТЕПЛОИЗОЛЯЦИЕЙ ИЗ П	10 шт	Установка переходов, промежуточных и концевых элементов с кабелем вывода, металлической заглушки изоляции, изолированных пенополиуретаном (ППУ), диаметром: 159 мм
24-01-048-07	24-01-048	Установка переходов, промежуточных и концевых элементов с кабелем вывода, металлической заглушки изо	ПРОКЛАДКА ТРУБОПРОВОДОВ ТЕПЛОВЫХ СЕТЕЙ С ТЕПЛОИЗОЛЯЦИЕЙ ИЗ П	10 шт	Установка переходов, промежуточных и концевых элементов с кабелем вывода, металлической заглушки изоляции, изолированных пенополиуретаном (ППУ), диаметром: 219 мм
24-01-048-08	24-01-048	Установка переходов, промежуточных и концевых элементов с кабелем вывода, металлической заглушки изо	ПРОКЛАДКА ТРУБОПРОВОДОВ ТЕПЛОВЫХ СЕТЕЙ С ТЕПЛОИЗОЛЯЦИЕЙ ИЗ П	10 шт	Установка переходов, промежуточных и концевых элементов с кабелем вывода, металлической заглушки изоляции, изолированных пенополиуретаном (ППУ), диаметром: 273 мм
24-01-048-09	24-01-048	Установка переходов, промежуточных и концевых элементов с кабелем вывода, металлической заглушки изо	ПРОКЛАДКА ТРУБОПРОВОДОВ ТЕПЛОВЫХ СЕТЕЙ С ТЕПЛОИЗОЛЯЦИЕЙ ИЗ П	10 шт	Установка переходов, промежуточных и концевых элементов с кабелем вывода, металлической заглушки изоляции, изолированных пенополиуретаном (ППУ), диаметром: 325 мм
24-01-048-10	24-01-048	Установка переходов, промежуточных и концевых элементов с кабелем вывода, металлической заглушки изо	ПРОКЛАДКА ТРУБОПРОВОДОВ ТЕПЛОВЫХ СЕТЕЙ С ТЕПЛОИЗОЛЯЦИЕЙ ИЗ П	10 шт	Установка переходов, промежуточных и концевых элементов с кабелем вывода, металлической заглушки изоляции, изолированных пенополиуретаном (ППУ), диаметром: 426 мм
24-01-048-11	24-01-048	Установка переходов, промежуточных и концевых элементов с кабелем вывода, металлической заглушки изо	ПРОКЛАДКА ТРУБОПРОВОДОВ ТЕПЛОВЫХ СЕТЕЙ С ТЕПЛОИЗОЛЯЦИЕЙ ИЗ П	10 шт	Установка переходов, промежуточных и концевых элементов с кабелем вывода, металлической заглушки изоляции, изолированных пенополиуретаном (ППУ), диаметром: 530 мм
24-01-048-12	24-01-048	Установка переходов, промежуточных и концевых элементов с кабелем вывода, металлической заглушки изо	ПРОКЛАДКА ТРУБОПРОВОДОВ ТЕПЛОВЫХ СЕТЕЙ С ТЕПЛОИЗОЛЯЦИЕЙ ИЗ П	10 шт	Установка переходов, промежуточных и концевых элементов с кабелем вывода, металлической заглушки изоляции, изолированных пенополиуретаном (ППУ), диаметром: 630 мм
24-01-048-13	24-01-048	Установка переходов, промежуточных и концевых элементов с кабелем вывода, металлической заглушки изо	ПРОКЛАДКА ТРУБОПРОВОДОВ ТЕПЛОВЫХ СЕТЕЙ С ТЕПЛОИЗОЛЯЦИЕЙ ИЗ П	10 шт	Установка переходов, промежуточных и концевых элементов с кабелем вывода, металлической заглушки изоляции, изолированных пенополиуретаном (ППУ), диаметром: 720 мм
24-01-048-14	24-01-048	Установка переходов, промежуточных и концевых элементов с кабелем вывода, металлической заглушки изо	ПРОКЛАДКА ТРУБОПРОВОДОВ ТЕПЛОВЫХ СЕТЕЙ С ТЕПЛОИЗОЛЯЦИЕЙ ИЗ П	10 шт	Установка переходов, промежуточных и концевых элементов с кабелем вывода, металлической заглушки изоляции, изолированных пенополиуретаном (ППУ), диаметром: 820 мм
24-01-048-15	24-01-048	Установка переходов, промежуточных и концевых элементов с кабелем вывода, металлической заглушки изо	ПРОКЛАДКА ТРУБОПРОВОДОВ ТЕПЛОВЫХ СЕТЕЙ С ТЕПЛОИЗОЛЯЦИЕЙ ИЗ П	10 шт	Установка переходов, промежуточных и концевых элементов с кабелем вывода, металлической заглушки изоляции, изолированных пенополиуретаном (ППУ), диаметром: 920 мм
24-01-048-16	24-01-048	Установка переходов, промежуточных и концевых элементов с кабелем вывода, металлической заглушки изо	ПРОКЛАДКА ТРУБОПРОВОДОВ ТЕПЛОВЫХ СЕТЕЙ С ТЕПЛОИЗОЛЯЦИЕЙ ИЗ П	10 шт	Установка переходов, промежуточных и концевых элементов с кабелем вывода, металлической заглушки изоляции, изолированных пенополиуретаном (ППУ), диаметром: 1020 мм
24-01-048-17	24-01-048	Установка переходов, промежуточных и концевых элементов с кабелем вывода, металлической заглушки изо	ПРОКЛАДКА ТРУБОПРОВОДОВ ТЕПЛОВЫХ СЕТЕЙ С ТЕПЛОИЗОЛЯЦИЕЙ ИЗ П	10 шт	Установка переходов, промежуточных и концевых элементов с кабелем вывода, металлической заглушки изоляции, изолированных пенополиуретаном (ППУ), диаметром: 1220 мм
24-01-048-18	24-01-048	Установка переходов, промежуточных и концевых элементов с кабелем вывода, металлической заглушки изо	ПРОКЛАДКА ТРУБОПРОВОДОВ ТЕПЛОВЫХ СЕТЕЙ С ТЕПЛОИЗОЛЯЦИЕЙ ИЗ П	10 шт	Установка переходов, промежуточных и концевых элементов с кабелем вывода, металлической заглушки изоляции, изолированных пенополиуретаном (ППУ), диаметром: 1420 мм
24-01-049-01	24-01-049	Сварка труб, труб и фасонных частей, труб и стартовых компенсаторов, изолированных пенополиуретаном 	ПРОКЛАДКА ТРУБОПРОВОДОВ ТЕПЛОВЫХ СЕТЕЙ С ТЕПЛОИЗОЛЯЦИЕЙ ИЗ П	100 стыков	Сварка труб, труб и фасонных частей, труб и стартовых компенсаторов, изолированных пенополиуретаном (ППУ), диаметром: до 57 мм
24-01-049-02	24-01-049	Сварка труб, труб и фасонных частей, труб и стартовых компенсаторов, изолированных пенополиуретаном 	ПРОКЛАДКА ТРУБОПРОВОДОВ ТЕПЛОВЫХ СЕТЕЙ С ТЕПЛОИЗОЛЯЦИЕЙ ИЗ П	100 стыков	Сварка труб, труб и фасонных частей, труб и стартовых компенсаторов, изолированных пенополиуретаном (ППУ), диаметром: 76 мм
24-01-049-03	24-01-049	Сварка труб, труб и фасонных частей, труб и стартовых компенсаторов, изолированных пенополиуретаном 	ПРОКЛАДКА ТРУБОПРОВОДОВ ТЕПЛОВЫХ СЕТЕЙ С ТЕПЛОИЗОЛЯЦИЕЙ ИЗ П	100 стыков	Сварка труб, труб и фасонных частей, труб и стартовых компенсаторов, изолированных пенополиуретаном (ППУ), диаметром: 89 мм
24-01-049-04	24-01-049	Сварка труб, труб и фасонных частей, труб и стартовых компенсаторов, изолированных пенополиуретаном 	ПРОКЛАДКА ТРУБОПРОВОДОВ ТЕПЛОВЫХ СЕТЕЙ С ТЕПЛОИЗОЛЯЦИЕЙ ИЗ П	100 стыков	Сварка труб, труб и фасонных частей, труб и стартовых компенсаторов, изолированных пенополиуретаном (ППУ), диаметром: 108 мм
24-01-049-05	24-01-049	Сварка труб, труб и фасонных частей, труб и стартовых компенсаторов, изолированных пенополиуретаном 	ПРОКЛАДКА ТРУБОПРОВОДОВ ТЕПЛОВЫХ СЕТЕЙ С ТЕПЛОИЗОЛЯЦИЕЙ ИЗ П	100 стыков	Сварка труб, труб и фасонных частей, труб и стартовых компенсаторов, изолированных пенополиуретаном (ППУ), диаметром: 133 мм
24-01-049-06	24-01-049	Сварка труб, труб и фасонных частей, труб и стартовых компенсаторов, изолированных пенополиуретаном 	ПРОКЛАДКА ТРУБОПРОВОДОВ ТЕПЛОВЫХ СЕТЕЙ С ТЕПЛОИЗОЛЯЦИЕЙ ИЗ П	100 стыков	Сварка труб, труб и фасонных частей, труб и стартовых компенсаторов, изолированных пенополиуретаном (ППУ), диаметром: 159 мм
24-01-049-07	24-01-049	Сварка труб, труб и фасонных частей, труб и стартовых компенсаторов, изолированных пенополиуретаном 	ПРОКЛАДКА ТРУБОПРОВОДОВ ТЕПЛОВЫХ СЕТЕЙ С ТЕПЛОИЗОЛЯЦИЕЙ ИЗ П	100 стыков	Сварка труб, труб и фасонных частей, труб и стартовых компенсаторов, изолированных пенополиуретаном (ППУ), диаметром: 219 мм
24-01-049-08	24-01-049	Сварка труб, труб и фасонных частей, труб и стартовых компенсаторов, изолированных пенополиуретаном 	ПРОКЛАДКА ТРУБОПРОВОДОВ ТЕПЛОВЫХ СЕТЕЙ С ТЕПЛОИЗОЛЯЦИЕЙ ИЗ П	100 стыков	Сварка труб, труб и фасонных частей, труб и стартовых компенсаторов, изолированных пенополиуретаном (ППУ), диаметром: 273 мм
24-01-049-09	24-01-049	Сварка труб, труб и фасонных частей, труб и стартовых компенсаторов, изолированных пенополиуретаном 	ПРОКЛАДКА ТРУБОПРОВОДОВ ТЕПЛОВЫХ СЕТЕЙ С ТЕПЛОИЗОЛЯЦИЕЙ ИЗ П	100 стыков	Сварка труб, труб и фасонных частей, труб и стартовых компенсаторов, изолированных пенополиуретаном (ППУ), диаметром: 325 мм
24-01-049-10	24-01-049	Сварка труб, труб и фасонных частей, труб и стартовых компенсаторов, изолированных пенополиуретаном 	ПРОКЛАДКА ТРУБОПРОВОДОВ ТЕПЛОВЫХ СЕТЕЙ С ТЕПЛОИЗОЛЯЦИЕЙ ИЗ П	100 стыков	Сварка труб, труб и фасонных частей, труб и стартовых компенсаторов, изолированных пенополиуретаном (ППУ), диаметром: 426 мм
24-01-049-11	24-01-049	Сварка труб, труб и фасонных частей, труб и стартовых компенсаторов, изолированных пенополиуретаном 	ПРОКЛАДКА ТРУБОПРОВОДОВ ТЕПЛОВЫХ СЕТЕЙ С ТЕПЛОИЗОЛЯЦИЕЙ ИЗ П	100 стыков	Сварка труб, труб и фасонных частей, труб и стартовых компенсаторов, изолированных пенополиуретаном (ППУ), диаметром: 530 мм
24-01-049-12	24-01-049	Сварка труб, труб и фасонных частей, труб и стартовых компенсаторов, изолированных пенополиуретаном 	ПРОКЛАДКА ТРУБОПРОВОДОВ ТЕПЛОВЫХ СЕТЕЙ С ТЕПЛОИЗОЛЯЦИЕЙ ИЗ П	100 стыков	Сварка труб, труб и фасонных частей, труб и стартовых компенсаторов, изолированных пенополиуретаном (ППУ), диаметром: 630 мм
24-01-049-13	24-01-049	Сварка труб, труб и фасонных частей, труб и стартовых компенсаторов, изолированных пенополиуретаном 	ПРОКЛАДКА ТРУБОПРОВОДОВ ТЕПЛОВЫХ СЕТЕЙ С ТЕПЛОИЗОЛЯЦИЕЙ ИЗ П	100 стыков	Сварка труб, труб и фасонных частей, труб и стартовых компенсаторов, изолированных пенополиуретаном (ППУ), диаметром: 720 мм
24-01-049-14	24-01-049	Сварка труб, труб и фасонных частей, труб и стартовых компенсаторов, изолированных пенополиуретаном 	ПРОКЛАДКА ТРУБОПРОВОДОВ ТЕПЛОВЫХ СЕТЕЙ С ТЕПЛОИЗОЛЯЦИЕЙ ИЗ П	100 стыков	Сварка труб, труб и фасонных частей, труб и стартовых компенсаторов, изолированных пенополиуретаном (ППУ), диаметром: 820 мм
24-01-049-15	24-01-049	Сварка труб, труб и фасонных частей, труб и стартовых компенсаторов, изолированных пенополиуретаном 	ПРОКЛАДКА ТРУБОПРОВОДОВ ТЕПЛОВЫХ СЕТЕЙ С ТЕПЛОИЗОЛЯЦИЕЙ ИЗ П	100 стыков	Сварка труб, труб и фасонных частей, труб и стартовых компенсаторов, изолированных пенополиуретаном (ППУ), диаметром: 920 мм
24-01-049-16	24-01-049	Сварка труб, труб и фасонных частей, труб и стартовых компенсаторов, изолированных пенополиуретаном 	ПРОКЛАДКА ТРУБОПРОВОДОВ ТЕПЛОВЫХ СЕТЕЙ С ТЕПЛОИЗОЛЯЦИЕЙ ИЗ П	100 стыков	Сварка труб, труб и фасонных частей, труб и стартовых компенсаторов, изолированных пенополиуретаном (ППУ), диаметром: 1020 мм
24-01-049-17	24-01-049	Сварка труб, труб и фасонных частей, труб и стартовых компенсаторов, изолированных пенополиуретаном 	ПРОКЛАДКА ТРУБОПРОВОДОВ ТЕПЛОВЫХ СЕТЕЙ С ТЕПЛОИЗОЛЯЦИЕЙ ИЗ П	100 стыков	Сварка труб, труб и фасонных частей, труб и стартовых компенсаторов, изолированных пенополиуретаном (ППУ), диаметром: 1220 мм
24-01-049-18	24-01-049	Сварка труб, труб и фасонных частей, труб и стартовых компенсаторов, изолированных пенополиуретаном 	ПРОКЛАДКА ТРУБОПРОВОДОВ ТЕПЛОВЫХ СЕТЕЙ С ТЕПЛОИЗОЛЯЦИЕЙ ИЗ П	100 стыков	Сварка труб, труб и фасонных частей, труб и стартовых компенсаторов, изолированных пенополиуретаном (ППУ), диаметром: 1420 мм
24-01-050-01	24-01-050	Изоляция стыков труб, изолированных пенополиуретаном (ППУ), неразъемными муфтами методом заливки	ПРОКЛАДКА ТРУБОПРОВОДОВ ТЕПЛОВЫХ СЕТЕЙ С ТЕПЛОИЗОЛЯЦИЕЙ ИЗ П	10 стыков	Изоляция стыков труб, изолированных пенополиуретаном (ППУ), неразъемными муфтами мастичной комплектации методом заливки, диаметром: 57 мм
24-01-050-02	24-01-050	Изоляция стыков труб, изолированных пенополиуретаном (ППУ), неразъемными муфтами методом заливки	ПРОКЛАДКА ТРУБОПРОВОДОВ ТЕПЛОВЫХ СЕТЕЙ С ТЕПЛОИЗОЛЯЦИЕЙ ИЗ П	10 стыков	Изоляция стыков труб, изолированных пенополиуретаном (ППУ), неразъемными муфтами мастичной комплектации методом заливки, диаметром: 76 мм
24-01-050-03	24-01-050	Изоляция стыков труб, изолированных пенополиуретаном (ППУ), неразъемными муфтами методом заливки	ПРОКЛАДКА ТРУБОПРОВОДОВ ТЕПЛОВЫХ СЕТЕЙ С ТЕПЛОИЗОЛЯЦИЕЙ ИЗ П	10 стыков	Изоляция стыков труб, изолированных пенополиуретаном (ППУ), неразъемными муфтами мастичной комплектации методом заливки, диаметром: 89 мм
24-01-050-04	24-01-050	Изоляция стыков труб, изолированных пенополиуретаном (ППУ), неразъемными муфтами методом заливки	ПРОКЛАДКА ТРУБОПРОВОДОВ ТЕПЛОВЫХ СЕТЕЙ С ТЕПЛОИЗОЛЯЦИЕЙ ИЗ П	10 стыков	Изоляция стыков труб, изолированных пенополиуретаном (ППУ), неразъемными муфтами мастичной комплектации методом заливки, диаметром: 108 мм
24-01-050-05	24-01-050	Изоляция стыков труб, изолированных пенополиуретаном (ППУ), неразъемными муфтами методом заливки	ПРОКЛАДКА ТРУБОПРОВОДОВ ТЕПЛОВЫХ СЕТЕЙ С ТЕПЛОИЗОЛЯЦИЕЙ ИЗ П	10 стыков	Изоляция стыков труб, изолированных пенополиуретаном (ППУ), неразъемными муфтами мастичной комплектации методом заливки, диаметром: 133 мм
24-01-050-06	24-01-050	Изоляция стыков труб, изолированных пенополиуретаном (ППУ), неразъемными муфтами методом заливки	ПРОКЛАДКА ТРУБОПРОВОДОВ ТЕПЛОВЫХ СЕТЕЙ С ТЕПЛОИЗОЛЯЦИЕЙ ИЗ П	10 стыков	Изоляция стыков труб, изолированных пенополиуретаном (ППУ), неразъемными муфтами мастичной комплектации методом заливки, диаметром: 159 мм
24-01-050-07	24-01-050	Изоляция стыков труб, изолированных пенополиуретаном (ППУ), неразъемными муфтами методом заливки	ПРОКЛАДКА ТРУБОПРОВОДОВ ТЕПЛОВЫХ СЕТЕЙ С ТЕПЛОИЗОЛЯЦИЕЙ ИЗ П	10 стыков	Изоляция стыков труб, изолированных пенополиуретаном (ППУ), неразъемными муфтами мастичной комплектации методом заливки, диаметром: 219 мм
24-01-050-08	24-01-050	Изоляция стыков труб, изолированных пенополиуретаном (ППУ), неразъемными муфтами методом заливки	ПРОКЛАДКА ТРУБОПРОВОДОВ ТЕПЛОВЫХ СЕТЕЙ С ТЕПЛОИЗОЛЯЦИЕЙ ИЗ П	10 стыков	Изоляция стыков труб, изолированных пенополиуретаном (ППУ), неразъемными муфтами электросварной комплектации методом заливки, диаметром: 273 мм
24-01-050-09	24-01-050	Изоляция стыков труб, изолированных пенополиуретаном (ППУ), неразъемными муфтами методом заливки	ПРОКЛАДКА ТРУБОПРОВОДОВ ТЕПЛОВЫХ СЕТЕЙ С ТЕПЛОИЗОЛЯЦИЕЙ ИЗ П	10 стыков	Изоляция стыков труб, изолированных пенополиуретаном (ППУ), неразъемными муфтами электросварной комплектации методом заливки, диаметром: 325 мм
24-01-050-10	24-01-050	Изоляция стыков труб, изолированных пенополиуретаном (ППУ), неразъемными муфтами методом заливки	ПРОКЛАДКА ТРУБОПРОВОДОВ ТЕПЛОВЫХ СЕТЕЙ С ТЕПЛОИЗОЛЯЦИЕЙ ИЗ П	10 стыков	Изоляция стыков труб, изолированных пенополиуретаном (ППУ), неразъемными муфтами электросварной комплектации методом заливки, диаметром: 426 мм
24-01-050-11	24-01-050	Изоляция стыков труб, изолированных пенополиуретаном (ППУ), неразъемными муфтами методом заливки	ПРОКЛАДКА ТРУБОПРОВОДОВ ТЕПЛОВЫХ СЕТЕЙ С ТЕПЛОИЗОЛЯЦИЕЙ ИЗ П	10 стыков	Изоляция стыков труб, изолированных пенополиуретаном (ППУ), неразъемными муфтами электросварной комплектации методом заливки, диаметром: 530 мм
24-01-050-12	24-01-050	Изоляция стыков труб, изолированных пенополиуретаном (ППУ), неразъемными муфтами методом заливки	ПРОКЛАДКА ТРУБОПРОВОДОВ ТЕПЛОВЫХ СЕТЕЙ С ТЕПЛОИЗОЛЯЦИЕЙ ИЗ П	10 стыков	Изоляция стыков труб, изолированных пенополиуретаном (ППУ), неразъемными муфтами электросварной комплектации методом заливки, диаметром: 630 мм
24-01-050-13	24-01-050	Изоляция стыков труб, изолированных пенополиуретаном (ППУ), неразъемными муфтами методом заливки	ПРОКЛАДКА ТРУБОПРОВОДОВ ТЕПЛОВЫХ СЕТЕЙ С ТЕПЛОИЗОЛЯЦИЕЙ ИЗ П	10 стыков	Изоляция стыков труб, изолированных пенополиуретаном (ППУ), неразъемными муфтами электросварной комплектации методом заливки, диаметром: 720 мм
24-01-050-14	24-01-050	Изоляция стыков труб, изолированных пенополиуретаном (ППУ), неразъемными муфтами методом заливки	ПРОКЛАДКА ТРУБОПРОВОДОВ ТЕПЛОВЫХ СЕТЕЙ С ТЕПЛОИЗОЛЯЦИЕЙ ИЗ П	10 стыков	Изоляция стыков труб, изолированных пенополиуретаном (ППУ), неразъемными муфтами электросварной комплектации методом заливки, диаметром: 820 мм
24-01-050-15	24-01-050	Изоляция стыков труб, изолированных пенополиуретаном (ППУ), неразъемными муфтами методом заливки	ПРОКЛАДКА ТРУБОПРОВОДОВ ТЕПЛОВЫХ СЕТЕЙ С ТЕПЛОИЗОЛЯЦИЕЙ ИЗ П	10 стыков	Изоляция стыков труб, изолированных пенополиуретаном (ППУ), неразъемными муфтами электросварной комплектации методом заливки, диаметром: 920 мм
24-01-050-16	24-01-050	Изоляция стыков труб, изолированных пенополиуретаном (ППУ), неразъемными муфтами методом заливки	ПРОКЛАДКА ТРУБОПРОВОДОВ ТЕПЛОВЫХ СЕТЕЙ С ТЕПЛОИЗОЛЯЦИЕЙ ИЗ П	10 стыков	Изоляция стыков труб, изолированных пенополиуретаном (ППУ), неразъемными муфтами электросварной комплектации методом заливки, диаметром: 1020 мм
24-01-050-17	24-01-050	Изоляция стыков труб, изолированных пенополиуретаном (ППУ), неразъемными муфтами методом заливки	ПРОКЛАДКА ТРУБОПРОВОДОВ ТЕПЛОВЫХ СЕТЕЙ С ТЕПЛОИЗОЛЯЦИЕЙ ИЗ П	10 стыков	Изоляция стыков труб, изолированных пенополиуретаном (ППУ), неразъемными муфтами электросварной комплектации методом заливки, диаметром: 1220 мм
24-01-050-18	24-01-050	Изоляция стыков труб, изолированных пенополиуретаном (ППУ), неразъемными муфтами методом заливки	ПРОКЛАДКА ТРУБОПРОВОДОВ ТЕПЛОВЫХ СЕТЕЙ С ТЕПЛОИЗОЛЯЦИЕЙ ИЗ П	10 стыков	Изоляция стыков труб, изолированных пенополиуретаном (ППУ), неразъемными муфтами электросварной комплектации методом заливки, диаметром: 1420 мм
24-01-050-19	24-01-050	Изоляция стыков труб, изолированных пенополиуретаном (ППУ), неразъемными муфтами методом заливки	ПРОКЛАДКА ТРУБОПРОВОДОВ ТЕПЛОВЫХ СЕТЕЙ С ТЕПЛОИЗОЛЯЦИЕЙ ИЗ П	м	Защита краев муфты термоусаживаемой пленкой при изоляции стыков труб
24-01-050-20	24-01-050	Изоляция стыков труб, изолированных пенополиуретаном (ППУ), неразъемными муфтами методом заливки	ПРОКЛАДКА ТРУБОПРОВОДОВ ТЕПЛОВЫХ СЕТЕЙ С ТЕПЛОИЗОЛЯЦИЕЙ ИЗ П	стык	Пневматическое испытание изоляции стыков труб
24-01-052-01	24-01-052	Резка труб, изолированных пенополиуретаном (ППУ)	ПРОКЛАДКА ТРУБОПРОВОДОВ ТЕПЛОВЫХ СЕТЕЙ С ТЕПЛОИЗОЛЯЦИЕЙ ИЗ П	100 резов	Резка труб, изолированных пенополиуретаном (ППУ), диаметром: до 57 мм
24-01-052-02	24-01-052	Резка труб, изолированных пенополиуретаном (ППУ)	ПРОКЛАДКА ТРУБОПРОВОДОВ ТЕПЛОВЫХ СЕТЕЙ С ТЕПЛОИЗОЛЯЦИЕЙ ИЗ П	100 резов	Резка труб, изолированных пенополиуретаном (ППУ), диаметром: 76 мм
24-01-052-03	24-01-052	Резка труб, изолированных пенополиуретаном (ППУ)	ПРОКЛАДКА ТРУБОПРОВОДОВ ТЕПЛОВЫХ СЕТЕЙ С ТЕПЛОИЗОЛЯЦИЕЙ ИЗ П	100 резов	Резка труб, изолированных пенополиуретаном (ППУ), диаметром: 89 мм
24-01-052-04	24-01-052	Резка труб, изолированных пенополиуретаном (ППУ)	ПРОКЛАДКА ТРУБОПРОВОДОВ ТЕПЛОВЫХ СЕТЕЙ С ТЕПЛОИЗОЛЯЦИЕЙ ИЗ П	100 резов	Резка труб, изолированных пенополиуретаном (ППУ), диаметром: 108 мм
24-01-052-05	24-01-052	Резка труб, изолированных пенополиуретаном (ППУ)	ПРОКЛАДКА ТРУБОПРОВОДОВ ТЕПЛОВЫХ СЕТЕЙ С ТЕПЛОИЗОЛЯЦИЕЙ ИЗ П	100 резов	Резка труб, изолированных пенополиуретаном (ППУ), диаметром: 133 мм
24-01-052-06	24-01-052	Резка труб, изолированных пенополиуретаном (ППУ)	ПРОКЛАДКА ТРУБОПРОВОДОВ ТЕПЛОВЫХ СЕТЕЙ С ТЕПЛОИЗОЛЯЦИЕЙ ИЗ П	100 резов	Резка труб, изолированных пенополиуретаном (ППУ), диаметром: 159 мм
24-01-052-07	24-01-052	Резка труб, изолированных пенополиуретаном (ППУ)	ПРОКЛАДКА ТРУБОПРОВОДОВ ТЕПЛОВЫХ СЕТЕЙ С ТЕПЛОИЗОЛЯЦИЕЙ ИЗ П	100 резов	Резка труб, изолированных пенополиуретаном (ППУ), диаметром: 219 мм
24-01-052-08	24-01-052	Резка труб, изолированных пенополиуретаном (ППУ)	ПРОКЛАДКА ТРУБОПРОВОДОВ ТЕПЛОВЫХ СЕТЕЙ С ТЕПЛОИЗОЛЯЦИЕЙ ИЗ П	100 резов	Резка труб, изолированных пенополиуретаном (ППУ), диаметром: 273 мм
24-01-052-09	24-01-052	Резка труб, изолированных пенополиуретаном (ППУ)	ПРОКЛАДКА ТРУБОПРОВОДОВ ТЕПЛОВЫХ СЕТЕЙ С ТЕПЛОИЗОЛЯЦИЕЙ ИЗ П	100 резов	Резка труб, изолированных пенополиуретаном (ППУ), диаметром: 325 мм
24-01-052-10	24-01-052	Резка труб, изолированных пенополиуретаном (ППУ)	ПРОКЛАДКА ТРУБОПРОВОДОВ ТЕПЛОВЫХ СЕТЕЙ С ТЕПЛОИЗОЛЯЦИЕЙ ИЗ П	100 резов	Резка труб, изолированных пенополиуретаном (ППУ), диаметром: 426 мм
24-01-052-11	24-01-052	Резка труб, изолированных пенополиуретаном (ППУ)	ПРОКЛАДКА ТРУБОПРОВОДОВ ТЕПЛОВЫХ СЕТЕЙ С ТЕПЛОИЗОЛЯЦИЕЙ ИЗ П	100 резов	Резка труб, изолированных пенополиуретаном (ППУ), диаметром: 530 мм
24-01-052-12	24-01-052	Резка труб, изолированных пенополиуретаном (ППУ)	ПРОКЛАДКА ТРУБОПРОВОДОВ ТЕПЛОВЫХ СЕТЕЙ С ТЕПЛОИЗОЛЯЦИЕЙ ИЗ П	100 резов	Резка труб, изолированных пенополиуретаном (ППУ), диаметром: 630 мм
24-01-052-13	24-01-052	Резка труб, изолированных пенополиуретаном (ППУ)	ПРОКЛАДКА ТРУБОПРОВОДОВ ТЕПЛОВЫХ СЕТЕЙ С ТЕПЛОИЗОЛЯЦИЕЙ ИЗ П	100 резов	Резка труб, изолированных пенополиуретаном (ППУ), диаметром: 720 мм
24-01-052-14	24-01-052	Резка труб, изолированных пенополиуретаном (ППУ)	ПРОКЛАДКА ТРУБОПРОВОДОВ ТЕПЛОВЫХ СЕТЕЙ С ТЕПЛОИЗОЛЯЦИЕЙ ИЗ П	100 резов	Резка труб, изолированных пенополиуретаном (ППУ), диаметром: 820 мм
24-01-052-15	24-01-052	Резка труб, изолированных пенополиуретаном (ППУ)	ПРОКЛАДКА ТРУБОПРОВОДОВ ТЕПЛОВЫХ СЕТЕЙ С ТЕПЛОИЗОЛЯЦИЕЙ ИЗ П	100 резов	Резка труб, изолированных пенополиуретаном (ППУ), диаметром: 920 мм
24-01-052-16	24-01-052	Резка труб, изолированных пенополиуретаном (ППУ)	ПРОКЛАДКА ТРУБОПРОВОДОВ ТЕПЛОВЫХ СЕТЕЙ С ТЕПЛОИЗОЛЯЦИЕЙ ИЗ П	100 резов	Резка труб, изолированных пенополиуретаном (ППУ), диаметром: 1020 мм
24-01-052-17	24-01-052	Резка труб, изолированных пенополиуретаном (ППУ)	ПРОКЛАДКА ТРУБОПРОВОДОВ ТЕПЛОВЫХ СЕТЕЙ С ТЕПЛОИЗОЛЯЦИЕЙ ИЗ П	100 резов	Резка труб, изолированных пенополиуретаном (ППУ), диаметром: 1220 мм
24-01-052-18	24-01-052	Резка труб, изолированных пенополиуретаном (ППУ)	ПРОКЛАДКА ТРУБОПРОВОДОВ ТЕПЛОВЫХ СЕТЕЙ С ТЕПЛОИЗОЛЯЦИЕЙ ИЗ П	100 резов	Резка труб, изолированных пенополиуретаном (ППУ), диаметром: 1420 мм
24-01-053-01	24-01-053	Промывка и гидравлическое испытание трубопроводов, изолированных пенополиуретаном (ППУ)	ПРОКЛАДКА ТРУБОПРОВОДОВ ТЕПЛОВЫХ СЕТЕЙ С ТЕПЛОИЗОЛЯЦИЕЙ ИЗ П	100 м	Промывка и гидравлическое испытание трубопроводов, изолированных пенополиуретаном (ППУ), диаметром: до 57 мм
24-01-053-02	24-01-053	Промывка и гидравлическое испытание трубопроводов, изолированных пенополиуретаном (ППУ)	ПРОКЛАДКА ТРУБОПРОВОДОВ ТЕПЛОВЫХ СЕТЕЙ С ТЕПЛОИЗОЛЯЦИЕЙ ИЗ П	100 м	Промывка и гидравлическое испытание трубопроводов, изолированных пенополиуретаном (ППУ), диаметром: 76 мм
24-01-053-03	24-01-053	Промывка и гидравлическое испытание трубопроводов, изолированных пенополиуретаном (ППУ)	ПРОКЛАДКА ТРУБОПРОВОДОВ ТЕПЛОВЫХ СЕТЕЙ С ТЕПЛОИЗОЛЯЦИЕЙ ИЗ П	100 м	Промывка и гидравлическое испытание трубопроводов, изолированных пенополиуретаном (ППУ), диаметром: 89 мм
24-01-053-04	24-01-053	Промывка и гидравлическое испытание трубопроводов, изолированных пенополиуретаном (ППУ)	ПРОКЛАДКА ТРУБОПРОВОДОВ ТЕПЛОВЫХ СЕТЕЙ С ТЕПЛОИЗОЛЯЦИЕЙ ИЗ П	100 м	Промывка и гидравлическое испытание трубопроводов, изолированных пенополиуретаном (ППУ), диаметром: 108 мм
24-01-053-05	24-01-053	Промывка и гидравлическое испытание трубопроводов, изолированных пенополиуретаном (ППУ)	ПРОКЛАДКА ТРУБОПРОВОДОВ ТЕПЛОВЫХ СЕТЕЙ С ТЕПЛОИЗОЛЯЦИЕЙ ИЗ П	100 м	Промывка и гидравлическое испытание трубопроводов, изолированных пенополиуретаном (ППУ), диаметром: 133 мм
24-01-053-06	24-01-053	Промывка и гидравлическое испытание трубопроводов, изолированных пенополиуретаном (ППУ)	ПРОКЛАДКА ТРУБОПРОВОДОВ ТЕПЛОВЫХ СЕТЕЙ С ТЕПЛОИЗОЛЯЦИЕЙ ИЗ П	100 м	Промывка и гидравлическое испытание трубопроводов, изолированных пенополиуретаном (ППУ), диаметром: 159 мм
24-01-053-07	24-01-053	Промывка и гидравлическое испытание трубопроводов, изолированных пенополиуретаном (ППУ)	ПРОКЛАДКА ТРУБОПРОВОДОВ ТЕПЛОВЫХ СЕТЕЙ С ТЕПЛОИЗОЛЯЦИЕЙ ИЗ П	100 м	Промывка и гидравлическое испытание трубопроводов, изолированных пенополиуретаном (ППУ), диаметром: 219 мм
24-01-053-08	24-01-053	Промывка и гидравлическое испытание трубопроводов, изолированных пенополиуретаном (ППУ)	ПРОКЛАДКА ТРУБОПРОВОДОВ ТЕПЛОВЫХ СЕТЕЙ С ТЕПЛОИЗОЛЯЦИЕЙ ИЗ П	100 м	Промывка и гидравлическое испытание трубопроводов, изолированных пенополиуретаном (ППУ), диаметром: 273 мм
24-01-053-09	24-01-053	Промывка и гидравлическое испытание трубопроводов, изолированных пенополиуретаном (ППУ)	ПРОКЛАДКА ТРУБОПРОВОДОВ ТЕПЛОВЫХ СЕТЕЙ С ТЕПЛОИЗОЛЯЦИЕЙ ИЗ П	100 м	Промывка и гидравлическое испытание трубопроводов, изолированных пенополиуретаном (ППУ), диаметром: 325 мм
24-01-053-10	24-01-053	Промывка и гидравлическое испытание трубопроводов, изолированных пенополиуретаном (ППУ)	ПРОКЛАДКА ТРУБОПРОВОДОВ ТЕПЛОВЫХ СЕТЕЙ С ТЕПЛОИЗОЛЯЦИЕЙ ИЗ П	100 м	Промывка и гидравлическое испытание трубопроводов, изолированных пенополиуретаном (ППУ), диаметром: 426 мм
24-01-053-11	24-01-053	Промывка и гидравлическое испытание трубопроводов, изолированных пенополиуретаном (ППУ)	ПРОКЛАДКА ТРУБОПРОВОДОВ ТЕПЛОВЫХ СЕТЕЙ С ТЕПЛОИЗОЛЯЦИЕЙ ИЗ П	100 м	Промывка и гидравлическое испытание трубопроводов, изолированных пенополиуретаном (ППУ), диаметром: 530 мм
24-01-053-12	24-01-053	Промывка и гидравлическое испытание трубопроводов, изолированных пенополиуретаном (ППУ)	ПРОКЛАДКА ТРУБОПРОВОДОВ ТЕПЛОВЫХ СЕТЕЙ С ТЕПЛОИЗОЛЯЦИЕЙ ИЗ П	100 м	Промывка и гидравлическое испытание трубопроводов, изолированных пенополиуретаном (ППУ), диаметром: 630 мм
24-01-053-13	24-01-053	Промывка и гидравлическое испытание трубопроводов, изолированных пенополиуретаном (ППУ)	ПРОКЛАДКА ТРУБОПРОВОДОВ ТЕПЛОВЫХ СЕТЕЙ С ТЕПЛОИЗОЛЯЦИЕЙ ИЗ П	100 м	Промывка и гидравлическое испытание трубопроводов, изолированных пенополиуретаном (ППУ), диаметром: 720 мм
24-01-053-14	24-01-053	Промывка и гидравлическое испытание трубопроводов, изолированных пенополиуретаном (ППУ)	ПРОКЛАДКА ТРУБОПРОВОДОВ ТЕПЛОВЫХ СЕТЕЙ С ТЕПЛОИЗОЛЯЦИЕЙ ИЗ П	100 м	Промывка и гидравлическое испытание трубопроводов, изолированных пенополиуретаном (ППУ), диаметром: 820 мм
24-01-053-15	24-01-053	Промывка и гидравлическое испытание трубопроводов, изолированных пенополиуретаном (ППУ)	ПРОКЛАДКА ТРУБОПРОВОДОВ ТЕПЛОВЫХ СЕТЕЙ С ТЕПЛОИЗОЛЯЦИЕЙ ИЗ П	100 м	Промывка и гидравлическое испытание трубопроводов, изолированных пенополиуретаном (ППУ), диаметром: 920 мм
24-01-053-16	24-01-053	Промывка и гидравлическое испытание трубопроводов, изолированных пенополиуретаном (ППУ)	ПРОКЛАДКА ТРУБОПРОВОДОВ ТЕПЛОВЫХ СЕТЕЙ С ТЕПЛОИЗОЛЯЦИЕЙ ИЗ П	100 м	Промывка и гидравлическое испытание трубопроводов, изолированных пенополиуретаном (ППУ), диаметром: 1020 мм
24-01-053-17	24-01-053	Промывка и гидравлическое испытание трубопроводов, изолированных пенополиуретаном (ППУ)	ПРОКЛАДКА ТРУБОПРОВОДОВ ТЕПЛОВЫХ СЕТЕЙ С ТЕПЛОИЗОЛЯЦИЕЙ ИЗ П	100 м	Промывка и гидравлическое испытание трубопроводов, изолированных пенополиуретаном (ППУ), диаметром: 1220 мм
24-01-053-18	24-01-053	Промывка и гидравлическое испытание трубопроводов, изолированных пенополиуретаном (ППУ)	ПРОКЛАДКА ТРУБОПРОВОДОВ ТЕПЛОВЫХ СЕТЕЙ С ТЕПЛОИЗОЛЯЦИЕЙ ИЗ П	100 м	Промывка и гидравлическое испытание трубопроводов, изолированных пенополиуретаном (ППУ), диаметром: 1420 мм
24-01-054-01	24-01-054	Прокладка трубопроводов из гибких полимерных армированных труб в изоляции из пенополиуретана (ППУ)	ПРОКЛАДКА ТРУБОПРОВОДОВ ТЕПЛОВЫХ СЕТЕЙ С ТЕПЛОИЗОЛЯЦИЕЙ ИЗ П	100 м	Прокладка трубопроводов из гибких полимерных армированных труб в изоляции из пенополиуретана (ППУ), диаметром: до 50 мм
24-01-054-02	24-01-054	Прокладка трубопроводов из гибких полимерных армированных труб в изоляции из пенополиуретана (ППУ)	ПРОКЛАДКА ТРУБОПРОВОДОВ ТЕПЛОВЫХ СЕТЕЙ С ТЕПЛОИЗОЛЯЦИЕЙ ИЗ П	100 м	Прокладка трубопроводов из гибких полимерных армированных труб в изоляции из пенополиуретана (ППУ), диаметром: свыше 50 до 63 мм
24-01-054-03	24-01-054	Прокладка трубопроводов из гибких полимерных армированных труб в изоляции из пенополиуретана (ППУ)	ПРОКЛАДКА ТРУБОПРОВОДОВ ТЕПЛОВЫХ СЕТЕЙ С ТЕПЛОИЗОЛЯЦИЕЙ ИЗ П	100 м	Прокладка трубопроводов из гибких полимерных армированных труб в изоляции из пенополиуретана (ППУ), диаметром: свыше 63 до 75 мм
24-01-054-04	24-01-054	Прокладка трубопроводов из гибких полимерных армированных труб в изоляции из пенополиуретана (ППУ)	ПРОКЛАДКА ТРУБОПРОВОДОВ ТЕПЛОВЫХ СЕТЕЙ С ТЕПЛОИЗОЛЯЦИЕЙ ИЗ П	100 м	Прокладка трубопроводов из гибких полимерных армированных труб в изоляции из пенополиуретана (ППУ), диаметром: свыше 75 до 90 мм
24-01-054-05	24-01-054	Прокладка трубопроводов из гибких полимерных армированных труб в изоляции из пенополиуретана (ППУ)	ПРОКЛАДКА ТРУБОПРОВОДОВ ТЕПЛОВЫХ СЕТЕЙ С ТЕПЛОИЗОЛЯЦИЕЙ ИЗ П	100 м	Прокладка трубопроводов из гибких полимерных армированных труб в изоляции из пенополиуретана (ППУ), диаметром: свыше 90 до 110 мм
24-01-054-06	24-01-054	Прокладка трубопроводов из гибких полимерных армированных труб в изоляции из пенополиуретана (ППУ)	ПРОКЛАДКА ТРУБОПРОВОДОВ ТЕПЛОВЫХ СЕТЕЙ С ТЕПЛОИЗОЛЯЦИЕЙ ИЗ П	100 м	Прокладка трубопроводов из гибких полимерных армированных труб в изоляции из пенополиуретана (ППУ), диаметром: свыше 110 до 125 мм
24-01-054-07	24-01-054	Прокладка трубопроводов из гибких полимерных армированных труб в изоляции из пенополиуретана (ППУ)	ПРОКЛАДКА ТРУБОПРОВОДОВ ТЕПЛОВЫХ СЕТЕЙ С ТЕПЛОИЗОЛЯЦИЕЙ ИЗ П	100 м	Прокладка трубопроводов из гибких полимерных армированных труб в изоляции из пенополиуретана (ППУ), диаметром: свыше 125 до 140 мм
24-01-054-08	24-01-054	Прокладка трубопроводов из гибких полимерных армированных труб в изоляции из пенополиуретана (ППУ)	ПРОКЛАДКА ТРУБОПРОВОДОВ ТЕПЛОВЫХ СЕТЕЙ С ТЕПЛОИЗОЛЯЦИЕЙ ИЗ П	100 м	Прокладка трубопроводов из гибких полимерных армированных труб в изоляции из пенополиуретана (ППУ), диаметром: свыше 140 до 160 мм
24-01-054-09	24-01-054	Прокладка трубопроводов из гибких полимерных армированных труб в изоляции из пенополиуретана (ППУ)	ПРОКЛАДКА ТРУБОПРОВОДОВ ТЕПЛОВЫХ СЕТЕЙ С ТЕПЛОИЗОЛЯЦИЕЙ ИЗ П	участок	Гидравлическое испытание трубопровода из гибких полимерных армированных труб в изоляции из пенополиуретана (ППУ), диаметром: до 160 мм
24-01-054-10	24-01-054	Прокладка трубопроводов из гибких полимерных армированных труб в изоляции из пенополиуретана (ППУ)	ПРОКЛАДКА ТРУБОПРОВОДОВ ТЕПЛОВЫХ СЕТЕЙ С ТЕПЛОИЗОЛЯЦИЕЙ ИЗ П	100 м	Наполнение и спуск воды при гидравлических испытаниях трубопровода из гибких полимерных армированных труб в изоляции из пенополиуретана (ППУ), диаметром: до 50 мм
24-01-054-11	24-01-054	Прокладка трубопроводов из гибких полимерных армированных труб в изоляции из пенополиуретана (ППУ)	ПРОКЛАДКА ТРУБОПРОВОДОВ ТЕПЛОВЫХ СЕТЕЙ С ТЕПЛОИЗОЛЯЦИЕЙ ИЗ П	100 м	Наполнение и спуск воды при гидравлических испытаниях трубопровода из гибких полимерных армированных труб в изоляции из пенополиуретана (ППУ), диаметром: свыше 50 до 63 мм
24-01-054-12	24-01-054	Прокладка трубопроводов из гибких полимерных армированных труб в изоляции из пенополиуретана (ППУ)	ПРОКЛАДКА ТРУБОПРОВОДОВ ТЕПЛОВЫХ СЕТЕЙ С ТЕПЛОИЗОЛЯЦИЕЙ ИЗ П	100 м	Наполнение и спуск воды при гидравлических испытаниях трубопровода из гибких полимерных армированных труб в изоляции из пенополиуретана (ППУ), диаметром: свыше 63 до 75 мм
24-01-054-13	24-01-054	Прокладка трубопроводов из гибких полимерных армированных труб в изоляции из пенополиуретана (ППУ)	ПРОКЛАДКА ТРУБОПРОВОДОВ ТЕПЛОВЫХ СЕТЕЙ С ТЕПЛОИЗОЛЯЦИЕЙ ИЗ П	100 м	Наполнение и спуск воды при гидравлических испытаниях трубопровода из гибких полимерных армированных труб в изоляции из пенополиуретана (ППУ), диаметром: свыше 75 до 90 мм
24-01-054-14	24-01-054	Прокладка трубопроводов из гибких полимерных армированных труб в изоляции из пенополиуретана (ППУ)	ПРОКЛАДКА ТРУБОПРОВОДОВ ТЕПЛОВЫХ СЕТЕЙ С ТЕПЛОИЗОЛЯЦИЕЙ ИЗ П	100 м	Наполнение и спуск воды при гидравлических испытаниях трубопровода из гибких полимерных армированных труб в изоляции из пенополиуретана (ППУ), диаметром: свыше 90 до 110 мм
24-01-054-15	24-01-054	Прокладка трубопроводов из гибких полимерных армированных труб в изоляции из пенополиуретана (ППУ)	ПРОКЛАДКА ТРУБОПРОВОДОВ ТЕПЛОВЫХ СЕТЕЙ С ТЕПЛОИЗОЛЯЦИЕЙ ИЗ П	100 м	Наполнение и спуск воды при гидравлических испытаниях трубопровода из гибких полимерных армированных труб в изоляции из пенополиуретана (ППУ), диаметром: свыше 110 до 125 мм
24-01-054-16	24-01-054	Прокладка трубопроводов из гибких полимерных армированных труб в изоляции из пенополиуретана (ППУ)	ПРОКЛАДКА ТРУБОПРОВОДОВ ТЕПЛОВЫХ СЕТЕЙ С ТЕПЛОИЗОЛЯЦИЕЙ ИЗ П	100 м	Наполнение и спуск воды при гидравлических испытаниях трубопровода из гибких полимерных армированных труб в изоляции из пенополиуретана (ППУ), диаметром: свыше 125 до 140 мм
24-01-054-17	24-01-054	Прокладка трубопроводов из гибких полимерных армированных труб в изоляции из пенополиуретана (ППУ)	ПРОКЛАДКА ТРУБОПРОВОДОВ ТЕПЛОВЫХ СЕТЕЙ С ТЕПЛОИЗОЛЯЦИЕЙ ИЗ П	100 м	Наполнение и спуск воды при гидравлических испытаниях трубопровода из гибких полимерных армированных труб в изоляции из пенополиуретана (ППУ), диаметром: свыше 140 до 160 мм
24-01-055-01	24-01-055	Сборка узла трубопровода из гибких полимерных армированных труб в изоляции из пенополиуретана (ППУ)	ПРОКЛАДКА ТРУБОПРОВОДОВ ТЕПЛОВЫХ СЕТЕЙ С ТЕПЛОИЗОЛЯЦИЕЙ ИЗ П	10 соединений	Сборка узла трубопровода из гибких полимерных армированных труб в изоляции из пенополиуретана (ППУ), диаметром: до 40 мм
24-01-055-02	24-01-055	Сборка узла трубопровода из гибких полимерных армированных труб в изоляции из пенополиуретана (ППУ)	ПРОКЛАДКА ТРУБОПРОВОДОВ ТЕПЛОВЫХ СЕТЕЙ С ТЕПЛОИЗОЛЯЦИЕЙ ИЗ П	10 соединений	Сборка узла трубопровода из гибких полимерных армированных труб в изоляции из пенополиуретана (ППУ), диаметром: свыше 40 до 50 мм
24-01-055-03	24-01-055	Сборка узла трубопровода из гибких полимерных армированных труб в изоляции из пенополиуретана (ППУ)	ПРОКЛАДКА ТРУБОПРОВОДОВ ТЕПЛОВЫХ СЕТЕЙ С ТЕПЛОИЗОЛЯЦИЕЙ ИЗ П	10 соединений	Сборка узла трубопровода из гибких полимерных армированных труб в изоляции из пенополиуретана (ППУ), диаметром: свыше 50 до 63 мм
24-01-055-04	24-01-055	Сборка узла трубопровода из гибких полимерных армированных труб в изоляции из пенополиуретана (ППУ)	ПРОКЛАДКА ТРУБОПРОВОДОВ ТЕПЛОВЫХ СЕТЕЙ С ТЕПЛОИЗОЛЯЦИЕЙ ИЗ П	10 соединений	Сборка узла трубопровода из гибких полимерных армированных труб в изоляции из пенополиуретана (ППУ), диаметром: свыше 63 до 75 мм
24-01-055-05	24-01-055	Сборка узла трубопровода из гибких полимерных армированных труб в изоляции из пенополиуретана (ППУ)	ПРОКЛАДКА ТРУБОПРОВОДОВ ТЕПЛОВЫХ СЕТЕЙ С ТЕПЛОИЗОЛЯЦИЕЙ ИЗ П	10 соединений	Сборка узла трубопровода из гибких полимерных армированных труб в изоляции из пенополиуретана (ППУ), диаметром: свыше 75 до 90 мм
24-01-055-06	24-01-055	Сборка узла трубопровода из гибких полимерных армированных труб в изоляции из пенополиуретана (ППУ)	ПРОКЛАДКА ТРУБОПРОВОДОВ ТЕПЛОВЫХ СЕТЕЙ С ТЕПЛОИЗОЛЯЦИЕЙ ИЗ П	10 соединений	Сборка узла трубопровода из гибких полимерных армированных труб в изоляции из пенополиуретана (ППУ), диаметром: свыше 90 до 110 мм
24-01-055-07	24-01-055	Сборка узла трубопровода из гибких полимерных армированных труб в изоляции из пенополиуретана (ППУ)	ПРОКЛАДКА ТРУБОПРОВОДОВ ТЕПЛОВЫХ СЕТЕЙ С ТЕПЛОИЗОЛЯЦИЕЙ ИЗ П	10 соединений	Сборка узла трубопровода из гибких полимерных армированных труб в изоляции из пенополиуретана (ППУ), диаметром: свыше 110 до 125 мм
24-01-055-08	24-01-055	Сборка узла трубопровода из гибких полимерных армированных труб в изоляции из пенополиуретана (ППУ)	ПРОКЛАДКА ТРУБОПРОВОДОВ ТЕПЛОВЫХ СЕТЕЙ С ТЕПЛОИЗОЛЯЦИЕЙ ИЗ П	10 соединений	Сборка узла трубопровода из гибких полимерных армированных труб в изоляции из пенополиуретана (ППУ), диаметром: свыше 125 до 140 мм
24-01-055-09	24-01-055	Сборка узла трубопровода из гибких полимерных армированных труб в изоляции из пенополиуретана (ППУ)	ПРОКЛАДКА ТРУБОПРОВОДОВ ТЕПЛОВЫХ СЕТЕЙ С ТЕПЛОИЗОЛЯЦИЕЙ ИЗ П	10 соединений	Сборка узла трубопровода из гибких полимерных армированных труб в изоляции из пенополиуретана (ППУ), диаметром: свыше 140 до 160 мм
24-01-055-10	24-01-055	Сборка узла трубопровода из гибких полимерных армированных труб в изоляции из пенополиуретана (ППУ)	ПРОКЛАДКА ТРУБОПРОВОДОВ ТЕПЛОВЫХ СЕТЕЙ С ТЕПЛОИЗОЛЯЦИЕЙ ИЗ П	10 шт	Установка концевого термоусаживаемого предохранителя для гибких полимерных армированных труб в изоляции из пенополиуретана (ППУ), диаметром: до 160 мм
24-01-056-01	24-01-056	Изоляция стыков труб в спиральной оболочке, изолированных пенополиуретаном (ППУ), оцинкованными муфт	ПРОКЛАДКА ТРУБОПРОВОДОВ ТЕПЛОВЫХ СЕТЕЙ С ТЕПЛОИЗОЛЯЦИЕЙ ИЗ П	10 стыков	Изоляция стыков труб в спиральной оболочке, изолированных пенополиуретаном (ППУ), оцинкованными муфтами методом заливки диаметром: 57 мм
24-01-056-02	24-01-056	Изоляция стыков труб в спиральной оболочке, изолированных пенополиуретаном (ППУ), оцинкованными муфт	ПРОКЛАДКА ТРУБОПРОВОДОВ ТЕПЛОВЫХ СЕТЕЙ С ТЕПЛОИЗОЛЯЦИЕЙ ИЗ П	10 стыков	Изоляция стыков труб в спиральной оболочке, изолированных пенополиуретаном (ППУ), оцинкованными муфтами методом заливки диаметром: 76 мм
24-01-056-03	24-01-056	Изоляция стыков труб в спиральной оболочке, изолированных пенополиуретаном (ППУ), оцинкованными муфт	ПРОКЛАДКА ТРУБОПРОВОДОВ ТЕПЛОВЫХ СЕТЕЙ С ТЕПЛОИЗОЛЯЦИЕЙ ИЗ П	10 стыков	Изоляция стыков труб в спиральной оболочке, изолированных пенополиуретаном (ППУ), оцинкованными муфтами методом заливки диаметром: 89 мм
24-01-056-04	24-01-056	Изоляция стыков труб в спиральной оболочке, изолированных пенополиуретаном (ППУ), оцинкованными муфт	ПРОКЛАДКА ТРУБОПРОВОДОВ ТЕПЛОВЫХ СЕТЕЙ С ТЕПЛОИЗОЛЯЦИЕЙ ИЗ П	10 стыков	Изоляция стыков труб в спиральной оболочке, изолированных пенополиуретаном (ППУ), оцинкованными муфтами методом заливки диаметром: 108 мм
24-01-056-05	24-01-056	Изоляция стыков труб в спиральной оболочке, изолированных пенополиуретаном (ППУ), оцинкованными муфт	ПРОКЛАДКА ТРУБОПРОВОДОВ ТЕПЛОВЫХ СЕТЕЙ С ТЕПЛОИЗОЛЯЦИЕЙ ИЗ П	10 стыков	Изоляция стыков труб в спиральной оболочке, изолированных пенополиуретаном (ППУ), оцинкованными муфтами методом заливки диаметром: 133 мм
24-01-056-06	24-01-056	Изоляция стыков труб в спиральной оболочке, изолированных пенополиуретаном (ППУ), оцинкованными муфт	ПРОКЛАДКА ТРУБОПРОВОДОВ ТЕПЛОВЫХ СЕТЕЙ С ТЕПЛОИЗОЛЯЦИЕЙ ИЗ П	10 стыков	Изоляция стыков труб в спиральной оболочке, изолированных пенополиуретаном (ППУ), оцинкованными муфтами методом заливки диаметром: 159 мм
24-01-056-07	24-01-056	Изоляция стыков труб в спиральной оболочке, изолированных пенополиуретаном (ППУ), оцинкованными муфт	ПРОКЛАДКА ТРУБОПРОВОДОВ ТЕПЛОВЫХ СЕТЕЙ С ТЕПЛОИЗОЛЯЦИЕЙ ИЗ П	10 стыков	Изоляция стыков труб в спиральной оболочке, изолированных пенополиуретаном (ППУ), оцинкованными муфтами методом заливки диаметром: 219 мм
24-01-056-08	24-01-056	Изоляция стыков труб в спиральной оболочке, изолированных пенополиуретаном (ППУ), оцинкованными муфт	ПРОКЛАДКА ТРУБОПРОВОДОВ ТЕПЛОВЫХ СЕТЕЙ С ТЕПЛОИЗОЛЯЦИЕЙ ИЗ П	10 стыков	Изоляция стыков труб в спиральной оболочке, изолированных пенополиуретаном (ППУ), оцинкованными муфтами методом заливки диаметром: 273 мм
24-01-056-09	24-01-056	Изоляция стыков труб в спиральной оболочке, изолированных пенополиуретаном (ППУ), оцинкованными муфт	ПРОКЛАДКА ТРУБОПРОВОДОВ ТЕПЛОВЫХ СЕТЕЙ С ТЕПЛОИЗОЛЯЦИЕЙ ИЗ П	10 стыков	Изоляция стыков труб в спиральной оболочке, изолированных пенополиуретаном (ППУ), оцинкованными муфтами методом заливки диаметром: 325 мм
24-01-056-10	24-01-056	Изоляция стыков труб в спиральной оболочке, изолированных пенополиуретаном (ППУ), оцинкованными муфт	ПРОКЛАДКА ТРУБОПРОВОДОВ ТЕПЛОВЫХ СЕТЕЙ С ТЕПЛОИЗОЛЯЦИЕЙ ИЗ П	10 стыков	Изоляция стыков труб в спиральной оболочке, изолированных пенополиуретаном (ППУ), оцинкованными муфтами методом заливки диаметром: 426 мм
24-01-056-11	24-01-056	Изоляция стыков труб в спиральной оболочке, изолированных пенополиуретаном (ППУ), оцинкованными муфт	ПРОКЛАДКА ТРУБОПРОВОДОВ ТЕПЛОВЫХ СЕТЕЙ С ТЕПЛОИЗОЛЯЦИЕЙ ИЗ П	10 стыков	Изоляция стыков труб в спиральной оболочке, изолированных пенополиуретаном (ППУ), оцинкованными муфтами методом заливки диаметром: 530 мм
24-01-056-12	24-01-056	Изоляция стыков труб в спиральной оболочке, изолированных пенополиуретаном (ППУ), оцинкованными муфт	ПРОКЛАДКА ТРУБОПРОВОДОВ ТЕПЛОВЫХ СЕТЕЙ С ТЕПЛОИЗОЛЯЦИЕЙ ИЗ П	10 стыков	Изоляция стыков труб в спиральной оболочке, изолированных пенополиуретаном (ППУ), оцинкованными муфтами методом заливки диаметром: 630 мм
24-01-056-13	24-01-056	Изоляция стыков труб в спиральной оболочке, изолированных пенополиуретаном (ППУ), оцинкованными муфт	ПРОКЛАДКА ТРУБОПРОВОДОВ ТЕПЛОВЫХ СЕТЕЙ С ТЕПЛОИЗОЛЯЦИЕЙ ИЗ П	10 стыков	Изоляция стыков труб в спиральной оболочке, изолированных пенополиуретаном (ППУ), оцинкованными муфтами методом заливки диаметром: 720 мм
24-01-056-14	24-01-056	Изоляция стыков труб в спиральной оболочке, изолированных пенополиуретаном (ППУ), оцинкованными муфт	ПРОКЛАДКА ТРУБОПРОВОДОВ ТЕПЛОВЫХ СЕТЕЙ С ТЕПЛОИЗОЛЯЦИЕЙ ИЗ П	10 стыков	Изоляция стыков труб в спиральной оболочке, изолированных пенополиуретаном (ППУ), оцинкованными муфтами методом заливки диаметром: 820 мм
24-01-056-15	24-01-056	Изоляция стыков труб в спиральной оболочке, изолированных пенополиуретаном (ППУ), оцинкованными муфт	ПРОКЛАДКА ТРУБОПРОВОДОВ ТЕПЛОВЫХ СЕТЕЙ С ТЕПЛОИЗОЛЯЦИЕЙ ИЗ П	10 стыков	Изоляция стыков труб в спиральной оболочке, изолированных пенополиуретаном (ППУ), оцинкованными муфтами методом заливки диаметром: 920 мм
24-01-056-16	24-01-056	Изоляция стыков труб в спиральной оболочке, изолированных пенополиуретаном (ППУ), оцинкованными муфт	ПРОКЛАДКА ТРУБОПРОВОДОВ ТЕПЛОВЫХ СЕТЕЙ С ТЕПЛОИЗОЛЯЦИЕЙ ИЗ П	10 стыков	Изоляция стыков труб в спиральной оболочке, изолированных пенополиуретаном (ППУ), оцинкованными муфтами методом заливки диаметром: 1020 мм
24-01-056-17	24-01-056	Изоляция стыков труб в спиральной оболочке, изолированных пенополиуретаном (ППУ), оцинкованными муфт	ПРОКЛАДКА ТРУБОПРОВОДОВ ТЕПЛОВЫХ СЕТЕЙ С ТЕПЛОИЗОЛЯЦИЕЙ ИЗ П	10 стыков	Изоляция стыков труб в спиральной оболочке, изолированных пенополиуретаном (ППУ), оцинкованными муфтами методом заливки диаметром: 1220 мм
24-01-056-18	24-01-056	Изоляция стыков труб в спиральной оболочке, изолированных пенополиуретаном (ППУ), оцинкованными муфт	ПРОКЛАДКА ТРУБОПРОВОДОВ ТЕПЛОВЫХ СЕТЕЙ С ТЕПЛОИЗОЛЯЦИЕЙ ИЗ П	10 стыков	Изоляция стыков труб в спиральной оболочке, изолированных пенополиуретаном (ППУ), оцинкованными муфтами методом заливки диаметром: 1420 мм
24-01-057-01	24-01-057	Изоляция стыков труб в спиральной оболочке, изолированных пенополиуретаном (ППУ), скорлупами пенопол	ПРОКЛАДКА ТРУБОПРОВОДОВ ТЕПЛОВЫХ СЕТЕЙ С ТЕПЛОИЗОЛЯЦИЕЙ ИЗ П	10 стыков	Изоляция стыков труб в спиральной оболочке, изолированных пенополиуретаном (ППУ), скорлупами пенополиуретановыми, диаметром: 57 мм
24-01-057-02	24-01-057	Изоляция стыков труб в спиральной оболочке, изолированных пенополиуретаном (ППУ), скорлупами пенопол	ПРОКЛАДКА ТРУБОПРОВОДОВ ТЕПЛОВЫХ СЕТЕЙ С ТЕПЛОИЗОЛЯЦИЕЙ ИЗ П	10 стыков	Изоляция стыков труб в спиральной оболочке, изолированных пенополиуретаном (ППУ), скорлупами пенополиуретановыми, диаметром: 76 мм
24-01-057-03	24-01-057	Изоляция стыков труб в спиральной оболочке, изолированных пенополиуретаном (ППУ), скорлупами пенопол	ПРОКЛАДКА ТРУБОПРОВОДОВ ТЕПЛОВЫХ СЕТЕЙ С ТЕПЛОИЗОЛЯЦИЕЙ ИЗ П	10 стыков	Изоляция стыков труб в спиральной оболочке, изолированных пенополиуретаном (ППУ), скорлупами пенополиуретановыми, диаметром: 89 мм
24-01-057-04	24-01-057	Изоляция стыков труб в спиральной оболочке, изолированных пенополиуретаном (ППУ), скорлупами пенопол	ПРОКЛАДКА ТРУБОПРОВОДОВ ТЕПЛОВЫХ СЕТЕЙ С ТЕПЛОИЗОЛЯЦИЕЙ ИЗ П	10 стыков	Изоляция стыков труб в спиральной оболочке, изолированных пенополиуретаном (ППУ), скорлупами пенополиуретановыми, диаметром: 108 мм
24-01-057-05	24-01-057	Изоляция стыков труб в спиральной оболочке, изолированных пенополиуретаном (ППУ), скорлупами пенопол	ПРОКЛАДКА ТРУБОПРОВОДОВ ТЕПЛОВЫХ СЕТЕЙ С ТЕПЛОИЗОЛЯЦИЕЙ ИЗ П	10 стыков	Изоляция стыков труб в спиральной оболочке, изолированных пенополиуретаном (ППУ), скорлупами пенополиуретановыми, диаметром: 133 мм
24-01-057-06	24-01-057	Изоляция стыков труб в спиральной оболочке, изолированных пенополиуретаном (ППУ), скорлупами пенопол	ПРОКЛАДКА ТРУБОПРОВОДОВ ТЕПЛОВЫХ СЕТЕЙ С ТЕПЛОИЗОЛЯЦИЕЙ ИЗ П	10 стыков	Изоляция стыков труб в спиральной оболочке, изолированных пенополиуретаном (ППУ), скорлупами пенополиуретановыми, диаметром: 159 мм
24-01-057-07	24-01-057	Изоляция стыков труб в спиральной оболочке, изолированных пенополиуретаном (ППУ), скорлупами пенопол	ПРОКЛАДКА ТРУБОПРОВОДОВ ТЕПЛОВЫХ СЕТЕЙ С ТЕПЛОИЗОЛЯЦИЕЙ ИЗ П	10 стыков	Изоляция стыков труб в спиральной оболочке, изолированных пенополиуретаном (ППУ), скорлупами пенополиуретановыми, диаметром: 219 мм
24-01-057-08	24-01-057	Изоляция стыков труб в спиральной оболочке, изолированных пенополиуретаном (ППУ), скорлупами пенопол	ПРОКЛАДКА ТРУБОПРОВОДОВ ТЕПЛОВЫХ СЕТЕЙ С ТЕПЛОИЗОЛЯЦИЕЙ ИЗ П	10 стыков	Изоляция стыков труб в спиральной оболочке, изолированных пенополиуретаном (ППУ), скорлупами пенополиуретановыми, диаметром: 273 мм
24-01-057-09	24-01-057	Изоляция стыков труб в спиральной оболочке, изолированных пенополиуретаном (ППУ), скорлупами пенопол	ПРОКЛАДКА ТРУБОПРОВОДОВ ТЕПЛОВЫХ СЕТЕЙ С ТЕПЛОИЗОЛЯЦИЕЙ ИЗ П	10 стыков	Изоляция стыков труб в спиральной оболочке, изолированных пенополиуретаном (ППУ), скорлупами пенополиуретановыми, диаметром: 325 мм
24-01-057-10	24-01-057	Изоляция стыков труб в спиральной оболочке, изолированных пенополиуретаном (ППУ), скорлупами пенопол	ПРОКЛАДКА ТРУБОПРОВОДОВ ТЕПЛОВЫХ СЕТЕЙ С ТЕПЛОИЗОЛЯЦИЕЙ ИЗ П	10 стыков	Изоляция стыков труб в спиральной оболочке, изолированных пенополиуретаном (ППУ), скорлупами пенополиуретановыми, диаметром: 426 мм
24-01-057-11	24-01-057	Изоляция стыков труб в спиральной оболочке, изолированных пенополиуретаном (ППУ), скорлупами пенопол	ПРОКЛАДКА ТРУБОПРОВОДОВ ТЕПЛОВЫХ СЕТЕЙ С ТЕПЛОИЗОЛЯЦИЕЙ ИЗ П	10 стыков	Изоляция стыков труб в спиральной оболочке, изолированных пенополиуретаном (ППУ), скорлупами пенополиуретановыми, диаметром: 530 мм
24-01-057-12	24-01-057	Изоляция стыков труб в спиральной оболочке, изолированных пенополиуретаном (ППУ), скорлупами пенопол	ПРОКЛАДКА ТРУБОПРОВОДОВ ТЕПЛОВЫХ СЕТЕЙ С ТЕПЛОИЗОЛЯЦИЕЙ ИЗ П	10 стыков	Изоляция стыков труб в спиральной оболочке, изолированных пенополиуретаном (ППУ), скорлупами пенополиуретановыми, диаметром: 630 мм
24-01-057-13	24-01-057	Изоляция стыков труб в спиральной оболочке, изолированных пенополиуретаном (ППУ), скорлупами пенопол	ПРОКЛАДКА ТРУБОПРОВОДОВ ТЕПЛОВЫХ СЕТЕЙ С ТЕПЛОИЗОЛЯЦИЕЙ ИЗ П	10 стыков	Изоляция стыков труб в спиральной оболочке, изолированных пенополиуретаном (ППУ), скорлупами пенополиуретановыми, диаметром: 720 мм
24-01-057-14	24-01-057	Изоляция стыков труб в спиральной оболочке, изолированных пенополиуретаном (ППУ), скорлупами пенопол	ПРОКЛАДКА ТРУБОПРОВОДОВ ТЕПЛОВЫХ СЕТЕЙ С ТЕПЛОИЗОЛЯЦИЕЙ ИЗ П	10 стыков	Изоляция стыков труб в спиральной оболочке, изолированных пенополиуретаном (ППУ), скорлупами пенополиуретановыми, диаметром: 820 мм
24-01-057-15	24-01-057	Изоляция стыков труб в спиральной оболочке, изолированных пенополиуретаном (ППУ), скорлупами пенопол	ПРОКЛАДКА ТРУБОПРОВОДОВ ТЕПЛОВЫХ СЕТЕЙ С ТЕПЛОИЗОЛЯЦИЕЙ ИЗ П	10 стыков	Изоляция стыков труб в спиральной оболочке, изолированных пенополиуретаном (ППУ), скорлупами пенополиуретановыми, диаметром: 920 мм
24-01-057-16	24-01-057	Изоляция стыков труб в спиральной оболочке, изолированных пенополиуретаном (ППУ), скорлупами пенопол	ПРОКЛАДКА ТРУБОПРОВОДОВ ТЕПЛОВЫХ СЕТЕЙ С ТЕПЛОИЗОЛЯЦИЕЙ ИЗ П	10 стыков	Изоляция стыков труб в спиральной оболочке, изолированных пенополиуретаном (ППУ), скорлупами пенополиуретановыми, диаметром: 1020 мм
24-01-057-17	24-01-057	Изоляция стыков труб в спиральной оболочке, изолированных пенополиуретаном (ППУ), скорлупами пенопол	ПРОКЛАДКА ТРУБОПРОВОДОВ ТЕПЛОВЫХ СЕТЕЙ С ТЕПЛОИЗОЛЯЦИЕЙ ИЗ П	10 стыков	Изоляция стыков труб в спиральной оболочке, изолированных пенополиуретаном (ППУ), скорлупами пенополиуретановыми, диаметром: 1220 мм
24-01-057-18	24-01-057	Изоляция стыков труб в спиральной оболочке, изолированных пенополиуретаном (ППУ), скорлупами пенопол	ПРОКЛАДКА ТРУБОПРОВОДОВ ТЕПЛОВЫХ СЕТЕЙ С ТЕПЛОИЗОЛЯЦИЕЙ ИЗ П	10 стыков	Изоляция стыков труб в спиральной оболочке, изолированных пенополиуретаном (ППУ), скорлупами пенополиуретановыми, диаметром: 1420 мм
24-01-058-01	24-01-058	Бесканальная прокладка в траншее стеклопластиковых труб в изоляции из пенополиуретана (ППУ)	ПРОКЛАДКА ТРУБОПРОВОДОВ ТЕПЛОВЫХ СЕТЕЙ С ТЕПЛОИЗОЛЯЦИЕЙ ИЗ П	100 м	Бесканальная прокладка в траншее стеклопластиковых труб в изоляции из пенополиуретана (ППУ), диаметром: 60 мм
24-01-058-02	24-01-058	Бесканальная прокладка в траншее стеклопластиковых труб в изоляции из пенополиуретана (ППУ)	ПРОКЛАДКА ТРУБОПРОВОДОВ ТЕПЛОВЫХ СЕТЕЙ С ТЕПЛОИЗОЛЯЦИЕЙ ИЗ П	100 м	Бесканальная прокладка в траншее стеклопластиковых труб в изоляции из пенополиуретана (ППУ), диаметром: 80 мм
24-01-058-03	24-01-058	Бесканальная прокладка в траншее стеклопластиковых труб в изоляции из пенополиуретана (ППУ)	ПРОКЛАДКА ТРУБОПРОВОДОВ ТЕПЛОВЫХ СЕТЕЙ С ТЕПЛОИЗОЛЯЦИЕЙ ИЗ П	100 м	Бесканальная прокладка в траншее стеклопластиковых труб в изоляции из пенополиуретана (ППУ), диаметром: 100 мм
24-01-058-04	24-01-058	Бесканальная прокладка в траншее стеклопластиковых труб в изоляции из пенополиуретана (ППУ)	ПРОКЛАДКА ТРУБОПРОВОДОВ ТЕПЛОВЫХ СЕТЕЙ С ТЕПЛОИЗОЛЯЦИЕЙ ИЗ П	100 м	Бесканальная прокладка в траншее стеклопластиковых труб в изоляции из пенополиуретана (ППУ), диаметром: 150 мм
24-01-058-05	24-01-058	Бесканальная прокладка в траншее стеклопластиковых труб в изоляции из пенополиуретана (ППУ)	ПРОКЛАДКА ТРУБОПРОВОДОВ ТЕПЛОВЫХ СЕТЕЙ С ТЕПЛОИЗОЛЯЦИЕЙ ИЗ П	100 м	Бесканальная прокладка в траншее стеклопластиковых труб в изоляции из пенополиуретана (ППУ), диаметром: 200 мм
24-01-058-06	24-01-058	Бесканальная прокладка в траншее стеклопластиковых труб в изоляции из пенополиуретана (ППУ)	ПРОКЛАДКА ТРУБОПРОВОДОВ ТЕПЛОВЫХ СЕТЕЙ С ТЕПЛОИЗОЛЯЦИЕЙ ИЗ П	100 м	Бесканальная прокладка в траншее стеклопластиковых труб в изоляции из пенополиуретана (ППУ), диаметром: 250 мм
24-01-058-07	24-01-058	Бесканальная прокладка в траншее стеклопластиковых труб в изоляции из пенополиуретана (ППУ)	ПРОКЛАДКА ТРУБОПРОВОДОВ ТЕПЛОВЫХ СЕТЕЙ С ТЕПЛОИЗОЛЯЦИЕЙ ИЗ П	100 м	Бесканальная прокладка в траншее стеклопластиковых труб в изоляции из пенополиуретана (ППУ), диаметром: 300 мм
24-01-058-08	24-01-058	Бесканальная прокладка в траншее стеклопластиковых труб в изоляции из пенополиуретана (ППУ)	ПРОКЛАДКА ТРУБОПРОВОДОВ ТЕПЛОВЫХ СЕТЕЙ С ТЕПЛОИЗОЛЯЦИЕЙ ИЗ П	100 стыков	Добавлять на 1 стык, диаметр трубопровода: 60 мм
24-01-058-09	24-01-058	Бесканальная прокладка в траншее стеклопластиковых труб в изоляции из пенополиуретана (ППУ)	ПРОКЛАДКА ТРУБОПРОВОДОВ ТЕПЛОВЫХ СЕТЕЙ С ТЕПЛОИЗОЛЯЦИЕЙ ИЗ П	100 стыков	Добавлять на 1 стык, диаметр трубопровода: 80 мм
24-01-058-10	24-01-058	Бесканальная прокладка в траншее стеклопластиковых труб в изоляции из пенополиуретана (ППУ)	ПРОКЛАДКА ТРУБОПРОВОДОВ ТЕПЛОВЫХ СЕТЕЙ С ТЕПЛОИЗОЛЯЦИЕЙ ИЗ П	100 стыков	Добавлять на 1 стык, диаметр трубопровода: 100 мм
24-01-058-11	24-01-058	Бесканальная прокладка в траншее стеклопластиковых труб в изоляции из пенополиуретана (ППУ)	ПРОКЛАДКА ТРУБОПРОВОДОВ ТЕПЛОВЫХ СЕТЕЙ С ТЕПЛОИЗОЛЯЦИЕЙ ИЗ П	100 стыков	Добавлять на 1 стык, диаметр трубопровода: 150 мм
24-01-058-12	24-01-058	Бесканальная прокладка в траншее стеклопластиковых труб в изоляции из пенополиуретана (ППУ)	ПРОКЛАДКА ТРУБОПРОВОДОВ ТЕПЛОВЫХ СЕТЕЙ С ТЕПЛОИЗОЛЯЦИЕЙ ИЗ П	100 стыков	Добавлять на 1 стык, диаметр трубопровода: 200 мм
24-01-058-13	24-01-058	Бесканальная прокладка в траншее стеклопластиковых труб в изоляции из пенополиуретана (ППУ)	ПРОКЛАДКА ТРУБОПРОВОДОВ ТЕПЛОВЫХ СЕТЕЙ С ТЕПЛОИЗОЛЯЦИЕЙ ИЗ П	100 стыков	Добавлять на 1 стык, диаметр трубопровода: 250 мм
24-01-058-14	24-01-058	Бесканальная прокладка в траншее стеклопластиковых труб в изоляции из пенополиуретана (ППУ)	ПРОКЛАДКА ТРУБОПРОВОДОВ ТЕПЛОВЫХ СЕТЕЙ С ТЕПЛОИЗОЛЯЦИЕЙ ИЗ П	100 стыков	Добавлять на 1 стык, диаметр трубопровода: 300 мм
24-01-059-01	24-01-059	Установка фасонных и соединительных частей для стеклопластиковых труб в изоляции из пенополиуретана 	ПРОКЛАДКА ТРУБОПРОВОДОВ ТЕПЛОВЫХ СЕТЕЙ С ТЕПЛОИЗОЛЯЦИЕЙ ИЗ П	100 шт	Установка фасонных и соединительных частей для стеклопластиковых труб в изоляции из пенополиуретана (ППУ), диаметром: 60 мм
24-01-059-02	24-01-059	Установка фасонных и соединительных частей для стеклопластиковых труб в изоляции из пенополиуретана 	ПРОКЛАДКА ТРУБОПРОВОДОВ ТЕПЛОВЫХ СЕТЕЙ С ТЕПЛОИЗОЛЯЦИЕЙ ИЗ П	100 шт	Установка фасонных и соединительных частей для стеклопластиковых труб в изоляции из пенополиуретана (ППУ), диаметром: 80 мм
24-01-059-03	24-01-059	Установка фасонных и соединительных частей для стеклопластиковых труб в изоляции из пенополиуретана 	ПРОКЛАДКА ТРУБОПРОВОДОВ ТЕПЛОВЫХ СЕТЕЙ С ТЕПЛОИЗОЛЯЦИЕЙ ИЗ П	100 шт	Установка фасонных и соединительных частей для стеклопластиковых труб в изоляции из пенополиуретана (ППУ), диаметром: 100 мм
24-01-059-04	24-01-059	Установка фасонных и соединительных частей для стеклопластиковых труб в изоляции из пенополиуретана 	ПРОКЛАДКА ТРУБОПРОВОДОВ ТЕПЛОВЫХ СЕТЕЙ С ТЕПЛОИЗОЛЯЦИЕЙ ИЗ П	100 шт	Установка фасонных и соединительных частей для стеклопластиковых труб в изоляции из пенополиуретана (ППУ), диаметром: 150 мм
24-01-059-05	24-01-059	Установка фасонных и соединительных частей для стеклопластиковых труб в изоляции из пенополиуретана 	ПРОКЛАДКА ТРУБОПРОВОДОВ ТЕПЛОВЫХ СЕТЕЙ С ТЕПЛОИЗОЛЯЦИЕЙ ИЗ П	100 шт	Установка фасонных и соединительных частей для стеклопластиковых труб в изоляции из пенополиуретана (ППУ), диаметром: 200 мм
24-01-059-06	24-01-059	Установка фасонных и соединительных частей для стеклопластиковых труб в изоляции из пенополиуретана 	ПРОКЛАДКА ТРУБОПРОВОДОВ ТЕПЛОВЫХ СЕТЕЙ С ТЕПЛОИЗОЛЯЦИЕЙ ИЗ П	100 шт	Установка фасонных и соединительных частей для стеклопластиковых труб в изоляции из пенополиуретана (ППУ), диаметром: 250 мм
24-01-059-07	24-01-059	Установка фасонных и соединительных частей для стеклопластиковых труб в изоляции из пенополиуретана 	ПРОКЛАДКА ТРУБОПРОВОДОВ ТЕПЛОВЫХ СЕТЕЙ С ТЕПЛОИЗОЛЯЦИЕЙ ИЗ П	100 шт	Установка фасонных и соединительных частей для стеклопластиковых труб в изоляции из пенополиуретана (ППУ), диаметром: 300 мм
24-01-060-01	24-01-060	Изоляция стыков стеклопластиковых труб, изолированных пенополиуретаном (ППУ), неразъемными муфтами м	ПРОКЛАДКА ТРУБОПРОВОДОВ ТЕПЛОВЫХ СЕТЕЙ С ТЕПЛОИЗОЛЯЦИЕЙ ИЗ П	100 стыков	Изоляция стыков стеклопластиковых труб, изолированных пенополиуретаном (ППУ), неразъемными муфтами методом заливки, диаметром: 60 мм
24-01-060-02	24-01-060	Изоляция стыков стеклопластиковых труб, изолированных пенополиуретаном (ППУ), неразъемными муфтами м	ПРОКЛАДКА ТРУБОПРОВОДОВ ТЕПЛОВЫХ СЕТЕЙ С ТЕПЛОИЗОЛЯЦИЕЙ ИЗ П	100 стыков	Изоляция стыков стеклопластиковых труб, изолированных пенополиуретаном (ППУ), неразъемными муфтами методом заливки, диаметром: 80 мм
24-01-060-03	24-01-060	Изоляция стыков стеклопластиковых труб, изолированных пенополиуретаном (ППУ), неразъемными муфтами м	ПРОКЛАДКА ТРУБОПРОВОДОВ ТЕПЛОВЫХ СЕТЕЙ С ТЕПЛОИЗОЛЯЦИЕЙ ИЗ П	100 стыков	Изоляция стыков стеклопластиковых труб, изолированных пенополиуретаном (ППУ), неразъемными муфтами методом заливки, диаметром: 100 мм
24-01-060-04	24-01-060	Изоляция стыков стеклопластиковых труб, изолированных пенополиуретаном (ППУ), неразъемными муфтами м	ПРОКЛАДКА ТРУБОПРОВОДОВ ТЕПЛОВЫХ СЕТЕЙ С ТЕПЛОИЗОЛЯЦИЕЙ ИЗ П	100 стыков	Изоляция стыков стеклопластиковых труб, изолированных пенополиуретаном (ППУ), неразъемными муфтами методом заливки, диаметром: 150 мм
24-01-060-05	24-01-060	Изоляция стыков стеклопластиковых труб, изолированных пенополиуретаном (ППУ), неразъемными муфтами м	ПРОКЛАДКА ТРУБОПРОВОДОВ ТЕПЛОВЫХ СЕТЕЙ С ТЕПЛОИЗОЛЯЦИЕЙ ИЗ П	100 стыков	Изоляция стыков стеклопластиковых труб, изолированных пенополиуретаном (ППУ), неразъемными муфтами методом заливки, диаметром: 200 мм
24-01-060-06	24-01-060	Изоляция стыков стеклопластиковых труб, изолированных пенополиуретаном (ППУ), неразъемными муфтами м	ПРОКЛАДКА ТРУБОПРОВОДОВ ТЕПЛОВЫХ СЕТЕЙ С ТЕПЛОИЗОЛЯЦИЕЙ ИЗ П	100 стыков	Изоляция стыков стеклопластиковых труб, изолированных пенополиуретаном (ППУ), неразъемными муфтами методом заливки, диаметром: 250 мм
24-01-060-07	24-01-060	Изоляция стыков стеклопластиковых труб, изолированных пенополиуретаном (ППУ), неразъемными муфтами м	ПРОКЛАДКА ТРУБОПРОВОДОВ ТЕПЛОВЫХ СЕТЕЙ С ТЕПЛОИЗОЛЯЦИЕЙ ИЗ П	100 стыков	Изоляция стыков стеклопластиковых труб, изолированных пенополиуретаном (ППУ), неразъемными муфтами методом заливки, диаметром: 300 мм