norm_code	table_code	table_name	division	unit	norm_name
08-01-001-01	08-01-001	Устройство фундаментов, кладка стен	КОНСТРУКЦИИ ИЗ БУТОВОГО КАМНЯ, ГИДРОИЗОЛЯЦИЯ И ОСНОВАНИЯ ПОД	м3	Устройство из бутового камня фундаментов с применением мастики горячей: ленточных
08-01-001-02	08-01-001	Устройство фундаментов, кладка стен	КОНСТРУКЦИИ ИЗ БУТОВОГО КАМНЯ, ГИДРОИЗОЛЯЦИЯ И ОСНОВАНИЯ ПОД	м3	Устройство из бутового камня фундаментов: столбовых
08-01-001-03	08-01-001	Устройство фундаментов, кладка стен	КОНСТРУКЦИИ ИЗ БУТОВОГО КАМНЯ, ГИДРОИЗОЛЯЦИЯ И ОСНОВАНИЯ ПОД	м3	Устройство из бутового камня фундаментов: массивов шириной более 2 м
08-01-001-04	08-01-001	Устройство фундаментов, кладка стен	КОНСТРУКЦИИ ИЗ БУТОВОГО КАМНЯ, ГИДРОИЗОЛЯЦИЯ И ОСНОВАНИЯ ПОД	м3	Кладка стен из бутового камня без облицовки с применением мастики горячей: при высоте этажа до 4 м
08-01-001-05	08-01-001	Устройство фундаментов, кладка стен	КОНСТРУКЦИИ ИЗ БУТОВОГО КАМНЯ, ГИДРОИЗОЛЯЦИЯ И ОСНОВАНИЯ ПОД	м3	Кладка стен из бутового камня без облицовки с применением мастики горячей: при высоте этажа свыше 4 м
08-01-001-06	08-01-001	Устройство фундаментов, кладка стен	КОНСТРУКЦИИ ИЗ БУТОВОГО КАМНЯ, ГИДРОИЗОЛЯЦИЯ И ОСНОВАНИЯ ПОД	м3	Кладка стен из бутового камня с облицовкой кирпичом с применением мастики горячей: только проемов при высоте этажа до 4 м
08-01-001-07	08-01-001	Устройство фундаментов, кладка стен	КОНСТРУКЦИИ ИЗ БУТОВОГО КАМНЯ, ГИДРОИЗОЛЯЦИЯ И ОСНОВАНИЯ ПОД	м3	Кладка стен из бутового камня с облицовкой кирпичом с применением мастики горячей: только проемов при высоте этажа свыше 4 м
08-01-001-08	08-01-001	Устройство фундаментов, кладка стен	КОНСТРУКЦИИ ИЗ БУТОВОГО КАМНЯ, ГИДРОИЗОЛЯЦИЯ И ОСНОВАНИЯ ПОД	м3	Кладка стен из бутового камня с облицовкой кирпичом с применением мастики горячей: с одной стороны и проемов при высоте этажа до 4 м
08-01-001-09	08-01-001	Устройство фундаментов, кладка стен	КОНСТРУКЦИИ ИЗ БУТОВОГО КАМНЯ, ГИДРОИЗОЛЯЦИЯ И ОСНОВАНИЯ ПОД	м3	Кладка стен из бутового камня с облицовкой кирпичом с применением мастики горячей: с одной стороны и проемов при высоте этажа свыше 4 м
08-01-001-10	08-01-001	Устройство фундаментов, кладка стен	КОНСТРУКЦИИ ИЗ БУТОВОГО КАМНЯ, ГИДРОИЗОЛЯЦИЯ И ОСНОВАНИЯ ПОД	м3	Устройство из бутового камня фундаментов с применением мастики холодной: ленточных
08-01-001-11	08-01-001	Устройство фундаментов, кладка стен	КОНСТРУКЦИИ ИЗ БУТОВОГО КАМНЯ, ГИДРОИЗОЛЯЦИЯ И ОСНОВАНИЯ ПОД	м3	Кладка стен из бутового камня без облицовки с применением мастики холодной: при высоте этажа до 4 м
08-01-001-12	08-01-001	Устройство фундаментов, кладка стен	КОНСТРУКЦИИ ИЗ БУТОВОГО КАМНЯ, ГИДРОИЗОЛЯЦИЯ И ОСНОВАНИЯ ПОД	м3	Кладка стен из бутового камня без облицовки с применением мастики холодной: при высоте этажа свыше 4 м
08-01-001-13	08-01-001	Устройство фундаментов, кладка стен	КОНСТРУКЦИИ ИЗ БУТОВОГО КАМНЯ, ГИДРОИЗОЛЯЦИЯ И ОСНОВАНИЯ ПОД	м3	Кладка стен из бутового камня с облицовкой кирпичом с применением мастики холодной: только проемов при высоте этажа до 4 м
08-01-001-14	08-01-001	Устройство фундаментов, кладка стен	КОНСТРУКЦИИ ИЗ БУТОВОГО КАМНЯ, ГИДРОИЗОЛЯЦИЯ И ОСНОВАНИЯ ПОД	м3	Кладка стен из бутового камня с облицовкой кирпичом с применением мастики холодной: только проемов при высоте этажа свыше 4 м
08-01-001-15	08-01-001	Устройство фундаментов, кладка стен	КОНСТРУКЦИИ ИЗ БУТОВОГО КАМНЯ, ГИДРОИЗОЛЯЦИЯ И ОСНОВАНИЯ ПОД	м3	Кладка стен из бутового камня с облицовкой кирпичом с применением мастики холодной: с одной стороны и проемов при высоте этажа до 4 м
08-01-001-16	08-01-001	Устройство фундаментов, кладка стен	КОНСТРУКЦИИ ИЗ БУТОВОГО КАМНЯ, ГИДРОИЗОЛЯЦИЯ И ОСНОВАНИЯ ПОД	м3	Кладка стен из бутового камня с облицовкой кирпичом с применением мастики холодной: с одной стороны и проемов при высоте этажа свыше 4 м
08-01-002-01	08-01-002	Устройство основания под фундаменты	КОНСТРУКЦИИ ИЗ БУТОВОГО КАМНЯ, ГИДРОИЗОЛЯЦИЯ И ОСНОВАНИЯ ПОД	м3	Устройство основания под фундаменты: песчаного
08-01-002-02	08-01-002	Устройство основания под фундаменты	КОНСТРУКЦИИ ИЗ БУТОВОГО КАМНЯ, ГИДРОИЗОЛЯЦИЯ И ОСНОВАНИЯ ПОД	м3	Устройство основания под фундаменты: щебеночного
08-01-002-03	08-01-002	Устройство основания под фундаменты	КОНСТРУКЦИИ ИЗ БУТОВОГО КАМНЯ, ГИДРОИЗОЛЯЦИЯ И ОСНОВАНИЯ ПОД	м3	Устройство основания под фундаменты: гравийного
08-01-003-01	08-01-003	Гидроизоляция стен, фундаментов	КОНСТРУКЦИИ ИЗ БУТОВОГО КАМНЯ, ГИДРОИЗОЛЯЦИЯ И ОСНОВАНИЯ ПОД	100 м2	Гидроизоляция стен, фундаментов: горизонтальная цементная с жидким стеклом
08-01-003-02	08-01-003	Гидроизоляция стен, фундаментов	КОНСТРУКЦИИ ИЗ БУТОВОГО КАМНЯ, ГИДРОИЗОЛЯЦИЯ И ОСНОВАНИЯ ПОД	100 м2	Гидроизоляция стен, фундаментов: горизонтальная оклеечная в 1 слой
08-01-003-03	08-01-003	Гидроизоляция стен, фундаментов	КОНСТРУКЦИИ ИЗ БУТОВОГО КАМНЯ, ГИДРОИЗОЛЯЦИЯ И ОСНОВАНИЯ ПОД	100 м2	Гидроизоляция стен, фундаментов: горизонтальная оклеечная в 2 слоя
08-01-003-04	08-01-003	Гидроизоляция стен, фундаментов	КОНСТРУКЦИИ ИЗ БУТОВОГО КАМНЯ, ГИДРОИЗОЛЯЦИЯ И ОСНОВАНИЯ ПОД	100 м2	Гидроизоляция стен, фундаментов: боковая цементная с жидким стеклом
08-01-003-05	08-01-003	Гидроизоляция стен, фундаментов	КОНСТРУКЦИИ ИЗ БУТОВОГО КАМНЯ, ГИДРОИЗОЛЯЦИЯ И ОСНОВАНИЯ ПОД	100 м2	Гидроизоляция стен, фундаментов: боковая оклеечная по выровненной поверхности бутовой кладки, кирпичу и бетону в 2 слоя
08-01-003-06	08-01-003	Гидроизоляция стен, фундаментов	КОНСТРУКЦИИ ИЗ БУТОВОГО КАМНЯ, ГИДРОИЗОЛЯЦИЯ И ОСНОВАНИЯ ПОД	100 м2	На каждый слой сверх 2-х добавлять к норме 08-01-003-05
08-01-003-07	08-01-003	Гидроизоляция стен, фундаментов	КОНСТРУКЦИИ ИЗ БУТОВОГО КАМНЯ, ГИДРОИЗОЛЯЦИЯ И ОСНОВАНИЯ ПОД	100 м2	Гидроизоляция боковая обмазочная битумная в 2 слоя по выровненной поверхности бутовой кладки, кирпичу, бетону
08-01-003-08	08-01-003	Гидроизоляция стен, фундаментов	КОНСТРУКЦИИ ИЗ БУТОВОГО КАМНЯ, ГИДРОИЗОЛЯЦИЯ И ОСНОВАНИЯ ПОД	100 м2	Выравнивание поверхности бутовой кладки раствором
08-01-003-09	08-01-003	Гидроизоляция стен, фундаментов	КОНСТРУКЦИИ ИЗ БУТОВОГО КАМНЯ, ГИДРОИЗОЛЯЦИЯ И ОСНОВАНИЯ ПОД	100 м2	Огрунтовка поверхности полимерной мастикой на основе бутилкаучука
08-01-003-10	08-01-003	Гидроизоляция стен, фундаментов	КОНСТРУКЦИИ ИЗ БУТОВОГО КАМНЯ, ГИДРОИЗОЛЯЦИЯ И ОСНОВАНИЯ ПОД	100 м2	Гидроизоляция боковая обмазочная полимерной мастикой на основе бутилкаучука в один слой
08-01-003-11	08-01-003	Гидроизоляция стен, фундаментов	КОНСТРУКЦИИ ИЗ БУТОВОГО КАМНЯ, ГИДРОИЗОЛЯЦИЯ И ОСНОВАНИЯ ПОД	100 м2	Гидроизоляция бетонных и оштукатуренных поверхностей с применением гидроизоляционной проникающей сухой смеси
08-01-003-12	08-01-003	Гидроизоляция стен, фундаментов	КОНСТРУКЦИИ ИЗ БУТОВОГО КАМНЯ, ГИДРОИЗОЛЯЦИЯ И ОСНОВАНИЯ ПОД	100 м	Гидроизоляция швов, стыков, сопряжений бетонных и железобетонных конструкций с применением мелкозернистой гидроизоляционной сухой смеси
08-01-004-01	08-01-004	Боковая изоляция стен, фундаментов глиной	КОНСТРУКЦИИ ИЗ БУТОВОГО КАМНЯ, ГИДРОИЗОЛЯЦИЯ И ОСНОВАНИЯ ПОД	м3	Боковая изоляция стен, фундаментов глиной
08-01-005-01	08-01-005	Устройство боковой обмазочной изоляции стен, фундаментов из сухих смесей	КОНСТРУКЦИИ ИЗ БУТОВОГО КАМНЯ, ГИДРОИЗОЛЯЦИЯ И ОСНОВАНИЯ ПОД	100 м2	Устройство боковой обмазочной изоляции стен, фундаментов ручным способом из сухих смесей: толщиной слоя 2 мм
08-01-005-02	08-01-005	Устройство боковой обмазочной изоляции стен, фундаментов из сухих смесей	КОНСТРУКЦИИ ИЗ БУТОВОГО КАМНЯ, ГИДРОИЗОЛЯЦИЯ И ОСНОВАНИЯ ПОД	100 м2	Устройство боковой обмазочной изоляции стен, фундаментов ручным способом из сухих смесей: толщиной слоя 3 мм, усиленной армирующей сеткой
08-01-005-03	08-01-005	Устройство боковой обмазочной изоляции стен, фундаментов из сухих смесей	КОНСТРУКЦИИ ИЗ БУТОВОГО КАМНЯ, ГИДРОИЗОЛЯЦИЯ И ОСНОВАНИЯ ПОД	100 м2	При изменении толщины покрытия на 0,5 мм добавлять к нормам 08-01-005-01, 08-01-005-02
08-01-006-01	08-01-006	Устройство штукатурной гидроизоляции механизированным способом из сухих смесей	КОНСТРУКЦИИ ИЗ БУТОВОГО КАМНЯ, ГИДРОИЗОЛЯЦИЯ И ОСНОВАНИЯ ПОД	100 м2	Устройство штукатурной гидроизоляции механизированным способом из сухих смесей: толщиной слоя 10 мм
08-01-006-02	08-01-006	Устройство штукатурной гидроизоляции механизированным способом из сухих смесей	КОНСТРУКЦИИ ИЗ БУТОВОГО КАМНЯ, ГИДРОИЗОЛЯЦИЯ И ОСНОВАНИЯ ПОД	100 м2	При изменении толщины покрытия на 5 мм добавлять к норме 08-01-006-01
08-01-007-01	08-01-007	Устройство прокладочной гидроизоляции фундаментов рулонными материалами в один слой насухо	КОНСТРУКЦИИ ИЗ БУТОВОГО КАМНЯ, ГИДРОИЗОЛЯЦИЯ И ОСНОВАНИЯ ПОД	100 м2	Устройство прокладочной гидроизоляции фундаментов рулонными материалами в один слой насухо
08-01-008-01	08-01-008	Устройство гидроизоляции стен, фундаментов с применением рулонных гидроизоляционных битумно-полимерн	КОНСТРУКЦИИ ИЗ БУТОВОГО КАМНЯ, ГИДРОИЗОЛЯЦИЯ И ОСНОВАНИЯ ПОД	100 м	Укладка ленты бандажной рулонной
08-01-008-02	08-01-008	Устройство гидроизоляции стен, фундаментов с применением рулонных гидроизоляционных битумно-полимерн	КОНСТРУКЦИИ ИЗ БУТОВОГО КАМНЯ, ГИДРОИЗОЛЯЦИЯ И ОСНОВАНИЯ ПОД	100 м2	Устройство горизонтальной изоляции: методом свободной укладки
08-01-008-03	08-01-008	Устройство гидроизоляции стен, фундаментов с применением рулонных гидроизоляционных битумно-полимерн	КОНСТРУКЦИИ ИЗ БУТОВОГО КАМНЯ, ГИДРОИЗОЛЯЦИЯ И ОСНОВАНИЯ ПОД	100 м2	Устройство горизонтальной изоляции: методом наплавления
08-01-008-04	08-01-008	Устройство гидроизоляции стен, фундаментов с применением рулонных гидроизоляционных битумно-полимерн	КОНСТРУКЦИИ ИЗ БУТОВОГО КАМНЯ, ГИДРОИЗОЛЯЦИЯ И ОСНОВАНИЯ ПОД	100 м2	Устройство боковой изоляции: методом наплавления
08-01-008-05	08-01-008	Устройство гидроизоляции стен, фундаментов с применением рулонных гидроизоляционных битумно-полимерн	КОНСТРУКЦИИ ИЗ БУТОВОГО КАМНЯ, ГИДРОИЗОЛЯЦИЯ И ОСНОВАНИЯ ПОД	100 м2	Устройство боковой изоляции: методом механического крепления
08-01-008-06	08-01-008	Устройство гидроизоляции стен, фундаментов с применением рулонных гидроизоляционных битумно-полимерн	КОНСТРУКЦИИ ИЗ БУТОВОГО КАМНЯ, ГИДРОИЗОЛЯЦИЯ И ОСНОВАНИЯ ПОД	100 м	Установка прижимной планки
08-01-009-01	08-01-009	Устройство систем дренажа	КОНСТРУКЦИИ ИЗ БУТОВОГО КАМНЯ, ГИДРОИЗОЛЯЦИЯ И ОСНОВАНИЯ ПОД	100 м2	Устройство горизонтального дренажа из профилированных полиэтиленовых полотен
08-01-009-02	08-01-009	Устройство систем дренажа	КОНСТРУКЦИИ ИЗ БУТОВОГО КАМНЯ, ГИДРОИЗОЛЯЦИЯ И ОСНОВАНИЯ ПОД	100 м2	Устройство вертикального защитного слоя гидроизоляции наружных поверхностей стен из профилированных полиэтиленовых полотен
08-01-009-03	08-01-009	Устройство систем дренажа	КОНСТРУКЦИИ ИЗ БУТОВОГО КАМНЯ, ГИДРОИЗОЛЯЦИЯ И ОСНОВАНИЯ ПОД	100 м2	Устройство вертикальной вентилирующей водоотводящей системы дренажа внутренних поверхностей стен из профилированных полиэтиленовых полотен
08-02-001-01	08-02-001	Кладка стен из кирпича	КОНСТРУКЦИИ ИЗ КИРПИЧА И КАМНЕЙ	м3	Кладка стен кирпичных наружных: простых при высоте этажа до 4 м
08-02-001-02	08-02-001	Кладка стен из кирпича	КОНСТРУКЦИИ ИЗ КИРПИЧА И КАМНЕЙ	м3	Кладка стен кирпичных наружных: простых при высоте этажа свыше 4 м
08-02-001-03	08-02-001	Кладка стен из кирпича	КОНСТРУКЦИИ ИЗ КИРПИЧА И КАМНЕЙ	м3	Кладка стен кирпичных наружных: средней сложности при высоте этажа до 4 м
08-02-001-04	08-02-001	Кладка стен из кирпича	КОНСТРУКЦИИ ИЗ КИРПИЧА И КАМНЕЙ	м3	Кладка стен кирпичных наружных: средней сложности при высоте этажа свыше 4 м
08-02-001-05	08-02-001	Кладка стен из кирпича	КОНСТРУКЦИИ ИЗ КИРПИЧА И КАМНЕЙ	м3	Кладка стен кирпичных наружных: сложных при высоте этажа до 4 м
08-02-001-06	08-02-001	Кладка стен из кирпича	КОНСТРУКЦИИ ИЗ КИРПИЧА И КАМНЕЙ	м3	Кладка стен кирпичных наружных: сложных при высоте этажа свыше 4 м
08-02-001-07	08-02-001	Кладка стен из кирпича	КОНСТРУКЦИИ ИЗ КИРПИЧА И КАМНЕЙ	м3	Кладка стен кирпичных внутренних: при высоте этажа до 4 м
08-02-001-08	08-02-001	Кладка стен из кирпича	КОНСТРУКЦИИ ИЗ КИРПИЧА И КАМНЕЙ	м3	Кладка стен кирпичных внутренних: при высоте этажа свыше 4 м
08-02-001-09	08-02-001	Кладка стен из кирпича	КОНСТРУКЦИИ ИЗ КИРПИЧА И КАМНЕЙ	м3	Кладка стен приямков и каналов
08-02-001-10	08-02-001	Кладка стен из кирпича	КОНСТРУКЦИИ ИЗ КИРПИЧА И КАМНЕЙ	м3	Заполнение каркасов кирпичом: при высоте этажа до 4 м
08-02-001-11	08-02-001	Кладка стен из кирпича	КОНСТРУКЦИИ ИЗ КИРПИЧА И КАМНЕЙ	м3	Заполнение каркасов кирпичом: при высоте этажа свыше 4 м
08-02-002-01	08-02-002	Кладка перегородок из кирпича	КОНСТРУКЦИИ ИЗ КИРПИЧА И КАМНЕЙ	100 м2	Кладка перегородок из кирпича: армированных толщиной в 1/4 кирпича при высоте этажа до 4 м
08-02-002-02	08-02-002	Кладка перегородок из кирпича	КОНСТРУКЦИИ ИЗ КИРПИЧА И КАМНЕЙ	100 м2	Кладка перегородок из кирпича: армированных толщиной в 1/4 кирпича при высоте этажа свыше 4 м
08-02-002-03	08-02-002	Кладка перегородок из кирпича	КОНСТРУКЦИИ ИЗ КИРПИЧА И КАМНЕЙ	100 м2	Кладка перегородок из кирпича: армированных толщиной в 1/2 кирпича при высоте этажа до 4 м
08-02-002-04	08-02-002	Кладка перегородок из кирпича	КОНСТРУКЦИИ ИЗ КИРПИЧА И КАМНЕЙ	100 м2	Кладка перегородок из кирпича: армированных толщиной в 1/2 кирпича при высоте этажа свыше 4 м
08-02-002-05	08-02-002	Кладка перегородок из кирпича	КОНСТРУКЦИИ ИЗ КИРПИЧА И КАМНЕЙ	100 м2	Кладка перегородок из кирпича: неармированных толщиной в 1/2 кирпича при высоте этажа до 4 м
08-02-002-06	08-02-002	Кладка перегородок из кирпича	КОНСТРУКЦИИ ИЗ КИРПИЧА И КАМНЕЙ	100 м2	Кладка перегородок из кирпича: неармированных толщиной в 1/2 кирпича при высоте этажа свыше 4 м
08-02-003-01	08-02-003	Кладка из кирпича конструкций	КОНСТРУКЦИИ ИЗ КИРПИЧА И КАМНЕЙ	м3	Кладка из кирпича: столбов прямоугольных армированных при высоте этажа до 4 м
08-02-003-02	08-02-003	Кладка из кирпича конструкций	КОНСТРУКЦИИ ИЗ КИРПИЧА И КАМНЕЙ	м3	Кладка из кирпича: столбов прямоугольных армированных при высоте этажа свыше 4 м
08-02-003-03	08-02-003	Кладка из кирпича конструкций	КОНСТРУКЦИИ ИЗ КИРПИЧА И КАМНЕЙ	м3	Кладка из кирпича: столбов прямоугольных неармированных при высоте этажа до 4 м
08-02-003-04	08-02-003	Кладка из кирпича конструкций	КОНСТРУКЦИИ ИЗ КИРПИЧА И КАМНЕЙ	м3	Кладка из кирпича: столбов прямоугольных неармированных при высоте этажа свыше 4 м
08-02-003-05	08-02-003	Кладка из кирпича конструкций	КОНСТРУКЦИИ ИЗ КИРПИЧА И КАМНЕЙ	м3	Кладка из кирпича: столбов круглых армированных при высоте этажа до 4 м
08-02-003-06	08-02-003	Кладка из кирпича конструкций	КОНСТРУКЦИИ ИЗ КИРПИЧА И КАМНЕЙ	м3	Кладка из кирпича: столбов круглых армированных при высоте этажа свыше 4 м
08-02-003-07	08-02-003	Кладка из кирпича конструкций	КОНСТРУКЦИИ ИЗ КИРПИЧА И КАМНЕЙ	м3	Кладка из кирпича: беседок, портиков и других декоративных конструкций армированных высотой до 4 м
08-02-003-08	08-02-003	Кладка из кирпича конструкций	КОНСТРУКЦИИ ИЗ КИРПИЧА И КАМНЕЙ	м3	Кладка из кирпича: беседок, портиков и других декоративных конструкций армированных высотой свыше 4 м
08-02-003-09	08-02-003	Кладка из кирпича конструкций	КОНСТРУКЦИИ ИЗ КИРПИЧА И КАМНЕЙ	м3	Кладка из кирпича: сводов и арок над проездами и проемами
08-02-004-01	08-02-004	Своды цилиндрические толщиной в 1/2 кирпича	КОНСТРУКЦИИ ИЗ КИРПИЧА И КАМНЕЙ	100 м2	Своды цилиндрические толщиной в 1/2 кирпича
08-02-005-01	08-02-005	Кладка армированных стен из кирпича в районах с сейсмичностью 7-8 баллов	КОНСТРУКЦИИ ИЗ КИРПИЧА И КАМНЕЙ	м3	Кладка армированных стен из кирпича в районах с сейсмичностью 7-8 баллов: наружных простых при высоте этажа до 4 м
08-02-005-02	08-02-005	Кладка армированных стен из кирпича в районах с сейсмичностью 7-8 баллов	КОНСТРУКЦИИ ИЗ КИРПИЧА И КАМНЕЙ	м3	Кладка армированных стен из кирпича в районах с сейсмичностью 7-8 баллов: наружных простых при высоте этажа свыше 4 м
08-02-005-03	08-02-005	Кладка армированных стен из кирпича в районах с сейсмичностью 7-8 баллов	КОНСТРУКЦИИ ИЗ КИРПИЧА И КАМНЕЙ	м3	Кладка армированных стен из кирпича в районах с сейсмичностью 7-8 баллов: наружных средней сложности при высоте этажа до 4 м
08-02-005-04	08-02-005	Кладка армированных стен из кирпича в районах с сейсмичностью 7-8 баллов	КОНСТРУКЦИИ ИЗ КИРПИЧА И КАМНЕЙ	м3	Кладка армированных стен из кирпича в районах с сейсмичностью 7-8 баллов: наружных средней сложности при высоте этажа свыше 4 м
08-02-006-01	08-02-006	Расшивка швов кладки	КОНСТРУКЦИИ ИЗ КИРПИЧА И КАМНЕЙ	100 м2	Расшивка швов кладки: из кирпича
08-02-006-02	08-02-006	Расшивка швов кладки	КОНСТРУКЦИИ ИЗ КИРПИЧА И КАМНЕЙ	100 м2	Расшивка швов кладки: из керамических и мелкоблочных камней
08-02-007-01	08-02-007	Армирование кладки стен, крепление сводов, установка металлических решеток	КОНСТРУКЦИИ ИЗ КИРПИЧА И КАМНЕЙ	т	Армирование кладки стен и других конструкций
08-02-007-02	08-02-007	Армирование кладки стен, крепление сводов, установка металлических решеток	КОНСТРУКЦИИ ИЗ КИРПИЧА И КАМНЕЙ	т	Крепление сводов стальными затяжками
08-02-007-03	08-02-007	Армирование кладки стен, крепление сводов, установка металлических решеток	КОНСТРУКЦИИ ИЗ КИРПИЧА И КАМНЕЙ	т	Установка металлических решеток приямков
08-02-007-04	08-02-007	Армирование кладки стен, крепление сводов, установка металлических решеток	КОНСТРУКЦИИ ИЗ КИРПИЧА И КАМНЕЙ	100 м	Армирование кладки стен и других конструкций сеткой из базальтового волокна
08-02-008-01	08-02-008	Кладка наружных стен из камней керамических или силикатных кладочных	КОНСТРУКЦИИ ИЗ КИРПИЧА И КАМНЕЙ	м3	Кладка наружных стен из камней керамических или силикатных: простых при высоте этажа до 4 м
08-02-008-02	08-02-008	Кладка наружных стен из камней керамических или силикатных кладочных	КОНСТРУКЦИИ ИЗ КИРПИЧА И КАМНЕЙ	м3	Кладка наружных стен из камней керамических или силикатных: простых при высоте этажа свыше 4 м
08-02-008-03	08-02-008	Кладка наружных стен из камней керамических или силикатных кладочных	КОНСТРУКЦИИ ИЗ КИРПИЧА И КАМНЕЙ	м3	Кладка наружных стен из камней керамических или силикатных: средней сложности при высоте этажа до 4 м
08-02-008-04	08-02-008	Кладка наружных стен из камней керамических или силикатных кладочных	КОНСТРУКЦИИ ИЗ КИРПИЧА И КАМНЕЙ	м3	Кладка наружных стен из камней керамических или силикатных: средней сложности при высоте этажа свыше 4 м
08-02-008-05	08-02-008	Кладка наружных стен из камней керамических или силикатных кладочных	КОНСТРУКЦИИ ИЗ КИРПИЧА И КАМНЕЙ	м3	Кладка наружных стен из камней керамических или силикатных: сложных при высоте этажа до 4 м
08-02-008-06	08-02-008	Кладка наружных стен из камней керамических или силикатных кладочных	КОНСТРУКЦИИ ИЗ КИРПИЧА И КАМНЕЙ	м3	Кладка наружных стен из камней керамических или силикатных: сложных при высоте этажа свыше 4 м
08-02-009-01	08-02-009	Кладка перегородок толщиной 120 мм из камней керамических или силикатных кладочных	КОНСТРУКЦИИ ИЗ КИРПИЧА И КАМНЕЙ	100 м2	Кладка перегородок толщиной 120 мм из камней керамических или силикатных: армированных при высоте этажа до 4 м
08-02-009-02	08-02-009	Кладка перегородок толщиной 120 мм из камней керамических или силикатных кладочных	КОНСТРУКЦИИ ИЗ КИРПИЧА И КАМНЕЙ	100 м2	Кладка перегородок толщиной 120 мм из камней керамических или силикатных: армированных при высоте этажа свыше 4 м
08-02-009-03	08-02-009	Кладка перегородок толщиной 120 мм из камней керамических или силикатных кладочных	КОНСТРУКЦИИ ИЗ КИРПИЧА И КАМНЕЙ	100 м2	Кладка перегородок толщиной 120 мм из камней керамических или силикатных: неармированных при высоте этажа до 4 м
08-02-009-04	08-02-009	Кладка перегородок толщиной 120 мм из камней керамических или силикатных кладочных	КОНСТРУКЦИИ ИЗ КИРПИЧА И КАМНЕЙ	100 м2	Кладка перегородок толщиной 120 мм из камней керамических или силикатных: неармированных при высоте этажа свыше 4 м
08-02-010-01	08-02-010	Кладка стен наружных из кирпича и камней керамических или силикатных с облицовкой лицевым кирпичом, 	КОНСТРУКЦИИ ИЗ КИРПИЧА И КАМНЕЙ	м3	Кладка наружных стен из кирпича с облицовкой лицевым кирпичом: толщиной 380 мм при высоте этажа до 4 м
08-02-010-02	08-02-010	Кладка стен наружных из кирпича и камней керамических или силикатных с облицовкой лицевым кирпичом, 	КОНСТРУКЦИИ ИЗ КИРПИЧА И КАМНЕЙ	м3	Кладка наружных стен из кирпича с облицовкой лицевым кирпичом: толщиной 380 мм при высоте этажа свыше 4 м
08-02-010-03	08-02-010	Кладка стен наружных из кирпича и камней керамических или силикатных с облицовкой лицевым кирпичом, 	КОНСТРУКЦИИ ИЗ КИРПИЧА И КАМНЕЙ	м3	Кладка наружных стен из кирпича с облицовкой лицевым кирпичом: толщиной 510 мм при высоте этажа до 4 м
08-02-010-04	08-02-010	Кладка стен наружных из кирпича и камней керамических или силикатных с облицовкой лицевым кирпичом, 	КОНСТРУКЦИИ ИЗ КИРПИЧА И КАМНЕЙ	м3	Кладка наружных стен из кирпича с облицовкой лицевым кирпичом: толщиной 510 мм при высоте этажа свыше 4 м
08-02-010-05	08-02-010	Кладка стен наружных из кирпича и камней керамических или силикатных с облицовкой лицевым кирпичом, 	КОНСТРУКЦИИ ИЗ КИРПИЧА И КАМНЕЙ	м3	Кладка наружных стен из кирпича с облицовкой лицевым кирпичом: толщиной 640 мм при высоте этажа до 4 м
08-02-010-06	08-02-010	Кладка стен наружных из кирпича и камней керамических или силикатных с облицовкой лицевым кирпичом, 	КОНСТРУКЦИИ ИЗ КИРПИЧА И КАМНЕЙ	м3	Кладка наружных стен из кирпича с облицовкой лицевым кирпичом: толщиной 640 мм при высоте этажа свыше 4 м
08-02-010-07	08-02-010	Кладка стен наружных из кирпича и камней керамических или силикатных с облицовкой лицевым кирпичом, 	КОНСТРУКЦИИ ИЗ КИРПИЧА И КАМНЕЙ	м3	Кладка наружных стен из камней с облицовкой лицевым кирпичом: толщиной 380 мм при высоте этажа до 4 м
08-02-010-08	08-02-010	Кладка стен наружных из кирпича и камней керамических или силикатных с облицовкой лицевым кирпичом, 	КОНСТРУКЦИИ ИЗ КИРПИЧА И КАМНЕЙ	м3	Кладка наружных стен из камней с облицовкой лицевым кирпичом: толщиной 380 мм при высоте этажа свыше 4 м
08-02-010-09	08-02-010	Кладка стен наружных из кирпича и камней керамических или силикатных с облицовкой лицевым кирпичом, 	КОНСТРУКЦИИ ИЗ КИРПИЧА И КАМНЕЙ	м3	Кладка наружных стен из камней с облицовкой лицевым кирпичом: толщиной 510 мм при высоте этажа до 4 м
08-02-010-10	08-02-010	Кладка стен наружных из кирпича и камней керамических или силикатных с облицовкой лицевым кирпичом, 	КОНСТРУКЦИИ ИЗ КИРПИЧА И КАМНЕЙ	м3	Кладка наружных стен из камней с облицовкой лицевым кирпичом: толщиной 510 мм при высоте этажа свыше 4 м
08-02-010-11	08-02-010	Кладка стен наружных из кирпича и камней керамических или силикатных с облицовкой лицевым кирпичом, 	КОНСТРУКЦИИ ИЗ КИРПИЧА И КАМНЕЙ	м3	Кладка наружных стен из камней с облицовкой лицевым кирпичом: толщиной 640 мм при высоте этажа до 4 м
08-02-010-12	08-02-010	Кладка стен наружных из кирпича и камней керамических или силикатных с облицовкой лицевым кирпичом, 	КОНСТРУКЦИИ ИЗ КИРПИЧА И КАМНЕЙ	м3	Кладка наружных стен из камней с облицовкой лицевым кирпичом: толщиной 640 мм при высоте этажа свыше 4 м
08-02-010-13	08-02-010	Кладка стен наружных из кирпича и камней керамических или силикатных с облицовкой лицевым кирпичом, 	КОНСТРУКЦИИ ИЗ КИРПИЧА И КАМНЕЙ	м3	Кладка наружных стен из камней с облицовкой камнями керамическими лицевыми: толщиной 380 мм при высоте этажа до 4 м
08-02-010-14	08-02-010	Кладка стен наружных из кирпича и камней керамических или силикатных с облицовкой лицевым кирпичом, 	КОНСТРУКЦИИ ИЗ КИРПИЧА И КАМНЕЙ	м3	Кладка наружных стен из камней с облицовкой камнями керамическими лицевыми: толщиной 380 мм при высоте этажа свыше 4 м
08-02-010-15	08-02-010	Кладка стен наружных из кирпича и камней керамических или силикатных с облицовкой лицевым кирпичом, 	КОНСТРУКЦИИ ИЗ КИРПИЧА И КАМНЕЙ	м3	Кладка наружных стен из камней с облицовкой камнями керамическими лицевыми: толщиной 510 мм при высоте этажа до 4 м
08-02-010-16	08-02-010	Кладка стен наружных из кирпича и камней керамических или силикатных с облицовкой лицевым кирпичом, 	КОНСТРУКЦИИ ИЗ КИРПИЧА И КАМНЕЙ	м3	Кладка наружных стен из камней с облицовкой камнями керамическими лицевыми: толщиной 510 мм при высоте этажа свыше 4 м
08-02-010-17	08-02-010	Кладка стен наружных из кирпича и камней керамических или силикатных с облицовкой лицевым кирпичом, 	КОНСТРУКЦИИ ИЗ КИРПИЧА И КАМНЕЙ	м3	Кладка наружных стен из камней с облицовкой камнями керамическими лицевыми: толщиной 640 мм при высоте этажа до 4 м
08-02-010-18	08-02-010	Кладка стен наружных из кирпича и камней керамических или силикатных с облицовкой лицевым кирпичом, 	КОНСТРУКЦИИ ИЗ КИРПИЧА И КАМНЕЙ	м3	Кладка наружных стен из камней с облицовкой камнями керамическими лицевыми: толщиной 640 мм при высоте этажа свыше 4 м
08-02-010-19	08-02-010	Кладка стен наружных из кирпича и камней керамических или силикатных с облицовкой лицевым кирпичом, 	КОНСТРУКЦИИ ИЗ КИРПИЧА И КАМНЕЙ	м3	Кладка наружных стен из лицевого кирпича: толщиной 250 мм при высоте этажа до 4 м
08-02-010-20	08-02-010	Кладка стен наружных из кирпича и камней керамических или силикатных с облицовкой лицевым кирпичом, 	КОНСТРУКЦИИ ИЗ КИРПИЧА И КАМНЕЙ	м3	Кладка наружных стен из лицевого кирпича: толщиной 250 мм при высоте этажа свыше 4 м
08-02-010-21	08-02-010	Кладка стен наружных из кирпича и камней керамических или силикатных с облицовкой лицевым кирпичом, 	КОНСТРУКЦИИ ИЗ КИРПИЧА И КАМНЕЙ	м3	Кладка наружных стен из кирпича с цепной перевязкой швов с облицовкой с одной стороны лицевым кирпичом: толщиной 380 мм при высоте этажа до 4 м
08-02-010-22	08-02-010	Кладка стен наружных из кирпича и камней керамических или силикатных с облицовкой лицевым кирпичом, 	КОНСТРУКЦИИ ИЗ КИРПИЧА И КАМНЕЙ	м3	Кладка наружных стен из кирпича с цепной перевязкой швов с облицовкой с одной стороны лицевым кирпичом: толщиной 380 мм при высоте этажа свыше 4 м
08-02-010-23	08-02-010	Кладка стен наружных из кирпича и камней керамических или силикатных с облицовкой лицевым кирпичом, 	КОНСТРУКЦИИ ИЗ КИРПИЧА И КАМНЕЙ	м3	Кладка наружных стен из кирпича с цепной перевязкой швов с облицовкой с одной стороны лицевым кирпичом: толщиной 510 мм при высоте этажа до 4 м
08-02-010-24	08-02-010	Кладка стен наружных из кирпича и камней керамических или силикатных с облицовкой лицевым кирпичом, 	КОНСТРУКЦИИ ИЗ КИРПИЧА И КАМНЕЙ	м3	Кладка наружных стен из кирпича с цепной перевязкой швов с облицовкой с одной стороны лицевым кирпичом: толщиной 510 мм при высоте этажа свыше 4 м
08-02-010-25	08-02-010	Кладка стен наружных из кирпича и камней керамических или силикатных с облицовкой лицевым кирпичом, 	КОНСТРУКЦИИ ИЗ КИРПИЧА И КАМНЕЙ	м3	Кладка наружных стен из кирпича с цепной перевязкой швов с облицовкой с одной стороны лицевым кирпичом: толщиной 640 мм при высоте этажа до 4 м
08-02-010-26	08-02-010	Кладка стен наружных из кирпича и камней керамических или силикатных с облицовкой лицевым кирпичом, 	КОНСТРУКЦИИ ИЗ КИРПИЧА И КАМНЕЙ	м3	Кладка наружных стен из кирпича с цепной перевязкой швов с облицовкой с одной стороны лицевым кирпичом: толщиной 640 мм при высоте этажа свыше 4 м
08-02-010-27	08-02-010	Кладка стен наружных из кирпича и камней керамических или силикатных с облицовкой лицевым кирпичом, 	КОНСТРУКЦИИ ИЗ КИРПИЧА И КАМНЕЙ	м3	Кладка наружных стен из кирпича с цепной перевязкой швов с облицовкой с двух сторон лицевым кирпичом: толщиной 380 мм при высоте этажа до 4 м
08-02-010-28	08-02-010	Кладка стен наружных из кирпича и камней керамических или силикатных с облицовкой лицевым кирпичом, 	КОНСТРУКЦИИ ИЗ КИРПИЧА И КАМНЕЙ	м3	Кладка наружных стен из кирпича с цепной перевязкой швов с облицовкой с двух сторон лицевым кирпичом: толщиной 380 мм при высоте этажа свыше 4 м
08-02-010-29	08-02-010	Кладка стен наружных из кирпича и камней керамических или силикатных с облицовкой лицевым кирпичом, 	КОНСТРУКЦИИ ИЗ КИРПИЧА И КАМНЕЙ	м3	Кладка наружных стен из кирпича с цепной перевязкой швов с облицовкой с двух сторон лицевым кирпичом: толщиной 510 мм при высоте этажа до 4 м
08-02-010-30	08-02-010	Кладка стен наружных из кирпича и камней керамических или силикатных с облицовкой лицевым кирпичом, 	КОНСТРУКЦИИ ИЗ КИРПИЧА И КАМНЕЙ	м3	Кладка наружных стен из кирпича с цепной перевязкой швов с облицовкой с двух сторон лицевым кирпичом: толщиной 510 мм при высоте этажа свыше 4 м
08-02-010-31	08-02-010	Кладка стен наружных из кирпича и камней керамических или силикатных с облицовкой лицевым кирпичом, 	КОНСТРУКЦИИ ИЗ КИРПИЧА И КАМНЕЙ	м3	Кладка наружных стен из кирпича с цепной перевязкой швов с облицовкой с двух сторон лицевым кирпичом: толщиной 640 мм при высоте этажа до 4 м
08-02-010-32	08-02-010	Кладка стен наружных из кирпича и камней керамических или силикатных с облицовкой лицевым кирпичом, 	КОНСТРУКЦИИ ИЗ КИРПИЧА И КАМНЕЙ	м3	Кладка наружных стен из кирпича с цепной перевязкой швов с облицовкой с двух сторон лицевым кирпичом: толщиной 640 мм при высоте этажа свыше 4 м
08-02-011-01	08-02-011	Кладка участков стен (карнизы, пояски и т.п.) из кирпича и камней керамических и силикатных с облицо	КОНСТРУКЦИИ ИЗ КИРПИЧА И КАМНЕЙ	м3	Кладка участков стен из кирпича с облицовкой кирпичом лицевым профильным: толщиной стен 380 мм при высоте этажей до 4 м
08-02-011-02	08-02-011	Кладка участков стен (карнизы, пояски и т.п.) из кирпича и камней керамических и силикатных с облицо	КОНСТРУКЦИИ ИЗ КИРПИЧА И КАМНЕЙ	м3	Кладка участков стен из кирпича с облицовкой кирпичом лицевым профильным: толщиной стен 380 мм при высоте этажей свыше 4 м
08-02-011-03	08-02-011	Кладка участков стен (карнизы, пояски и т.п.) из кирпича и камней керамических и силикатных с облицо	КОНСТРУКЦИИ ИЗ КИРПИЧА И КАМНЕЙ	м3	Кладка участков стен из кирпича с облицовкой кирпичом лицевым профильным: толщиной стен 510 мм при высоте этажей до 4 м
08-02-011-04	08-02-011	Кладка участков стен (карнизы, пояски и т.п.) из кирпича и камней керамических и силикатных с облицо	КОНСТРУКЦИИ ИЗ КИРПИЧА И КАМНЕЙ	м3	Кладка участков стен из кирпича с облицовкой кирпичом лицевым профильным: толщиной стен 510 мм при высоте этажей свыше 4 м
08-02-011-05	08-02-011	Кладка участков стен (карнизы, пояски и т.п.) из кирпича и камней керамических и силикатных с облицо	КОНСТРУКЦИИ ИЗ КИРПИЧА И КАМНЕЙ	м3	Кладка участков стен из кирпича с облицовкой кирпичом лицевым профильным: толщиной стен 640 мм при высоте этажей до 4 м
08-02-011-06	08-02-011	Кладка участков стен (карнизы, пояски и т.п.) из кирпича и камней керамических и силикатных с облицо	КОНСТРУКЦИИ ИЗ КИРПИЧА И КАМНЕЙ	м3	Кладка участков стен из кирпича с облицовкой кирпичом лицевым профильным: толщиной стен 640 мм при высоте этажей свыше 4 м
08-02-011-07	08-02-011	Кладка участков стен (карнизы, пояски и т.п.) из кирпича и камней керамических и силикатных с облицо	КОНСТРУКЦИИ ИЗ КИРПИЧА И КАМНЕЙ	м3	Кладка участков стен из камней с облицовкой кирпичом лицевым профильным: толщиной стен 380 мм при высоте этажей до 4 м
08-02-011-08	08-02-011	Кладка участков стен (карнизы, пояски и т.п.) из кирпича и камней керамических и силикатных с облицо	КОНСТРУКЦИИ ИЗ КИРПИЧА И КАМНЕЙ	м3	Кладка участков стен из камней с облицовкой кирпичом лицевым профильным: толщиной стен 380 мм при высоте этажей свыше 4 м
08-02-011-09	08-02-011	Кладка участков стен (карнизы, пояски и т.п.) из кирпича и камней керамических и силикатных с облицо	КОНСТРУКЦИИ ИЗ КИРПИЧА И КАМНЕЙ	м3	Кладка участков стен из камней с облицовкой кирпичом лицевым профильным: толщиной стен 510 мм при высоте этажей до 4 м
08-02-011-10	08-02-011	Кладка участков стен (карнизы, пояски и т.п.) из кирпича и камней керамических и силикатных с облицо	КОНСТРУКЦИИ ИЗ КИРПИЧА И КАМНЕЙ	м3	Кладка участков стен из камней с облицовкой кирпичом лицевым профильным: толщиной стен 510 мм при высоте этажей свыше 4 м
08-02-011-11	08-02-011	Кладка участков стен (карнизы, пояски и т.п.) из кирпича и камней керамических и силикатных с облицо	КОНСТРУКЦИИ ИЗ КИРПИЧА И КАМНЕЙ	м3	Кладка участков стен из камней с облицовкой кирпичом лицевым профильным: толщиной стен 640 мм при высоте этажей до 4 м
08-02-011-12	08-02-011	Кладка участков стен (карнизы, пояски и т.п.) из кирпича и камней керамических и силикатных с облицо	КОНСТРУКЦИИ ИЗ КИРПИЧА И КАМНЕЙ	м3	Кладка участков стен из камней с облицовкой кирпичом лицевым профильным: толщиной стен 640 мм при высоте этажей свыше 4 м
08-02-012-01	08-02-012	Кладка стен из камней керамических или силикатных с облицовкой камнями керамическими лицевыми профил	КОНСТРУКЦИИ ИЗ КИРПИЧА И КАМНЕЙ	м3	Кладка стен из камней с облицовкой камнями лицевыми профильными: толщиной стен 380 мм при высоте этажа до 4 м
08-02-012-02	08-02-012	Кладка стен из камней керамических или силикатных с облицовкой камнями керамическими лицевыми профил	КОНСТРУКЦИИ ИЗ КИРПИЧА И КАМНЕЙ	м3	Кладка стен из камней с облицовкой камнями лицевыми профильными: толщиной стен 380 мм при высоте этажа свыше 4 м
08-02-012-03	08-02-012	Кладка стен из камней керамических или силикатных с облицовкой камнями керамическими лицевыми профил	КОНСТРУКЦИИ ИЗ КИРПИЧА И КАМНЕЙ	м3	Кладка стен из камней с облицовкой камнями лицевыми профильными: толщиной стен 510 мм при высоте этажа до 4 м
08-02-012-04	08-02-012	Кладка стен из камней керамических или силикатных с облицовкой камнями керамическими лицевыми профил	КОНСТРУКЦИИ ИЗ КИРПИЧА И КАМНЕЙ	м3	Кладка стен из камней с облицовкой камнями лицевыми профильными: толщиной стен 510 мм при высоте этажа свыше 4 м
08-02-012-05	08-02-012	Кладка стен из камней керамических или силикатных с облицовкой камнями керамическими лицевыми профил	КОНСТРУКЦИИ ИЗ КИРПИЧА И КАМНЕЙ	м3	Кладка стен из камней с облицовкой камнями лицевыми профильными: толщиной стен 640 мм при высоте этажа до 4 м
08-02-012-06	08-02-012	Кладка стен из камней керамических или силикатных с облицовкой камнями керамическими лицевыми профил	КОНСТРУКЦИИ ИЗ КИРПИЧА И КАМНЕЙ	м3	Кладка стен из камней с облицовкой камнями лицевыми профильными: толщиной стен 640 мм при высоте этажа свыше 4 м
08-02-013-01	08-02-013	Кладка наружных стен толщиной в 2 кирпича с облицовкой керамической плиткой	КОНСТРУКЦИИ ИЗ КИРПИЧА И КАМНЕЙ	100 м2	Кладка наружных стен толщиной в 2 кирпича с облицовкой керамической плиткой: при высоте этажа до 4 м
08-02-013-02	08-02-013	Кладка наружных стен толщиной в 2 кирпича с облицовкой керамической плиткой	КОНСТРУКЦИИ ИЗ КИРПИЧА И КАМНЕЙ	100 м2	Кладка наружных стен толщиной в 2 кирпича с облицовкой керамической плиткой: при высоте этажа свыше 4 м
08-02-013-03	08-02-013	Кладка наружных стен толщиной в 2 кирпича с облицовкой керамической плиткой	КОНСТРУКЦИИ ИЗ КИРПИЧА И КАМНЕЙ	100 м2	На каждые 120 мм изменений толщины кладки добавлять или исключать к норме 08-02-013-01
08-02-013-04	08-02-013	Кладка наружных стен толщиной в 2 кирпича с облицовкой керамической плиткой	КОНСТРУКЦИИ ИЗ КИРПИЧА И КАМНЕЙ	100 м2	На каждые 120 мм изменений толщины кладки добавлять или исключать к норме 08-02-013-02
08-02-014-01	08-02-014	Кладка наружных и внутренних кирпичных стен облегченных конструкций	КОНСТРУКЦИИ ИЗ КИРПИЧА И КАМНЕЙ	м3	Кладка наружных и внутренних стен кирпично-бетонных с заполнением легким бетоном: толщиной 380 мм при высоте этажа до 4 м
08-02-014-02	08-02-014	Кладка наружных и внутренних кирпичных стен облегченных конструкций	КОНСТРУКЦИИ ИЗ КИРПИЧА И КАМНЕЙ	м3	Кладка наружных и внутренних стен кирпично-бетонных с заполнением легким бетоном: толщиной 380 мм при высоте этажа свыше 4 м
08-02-014-03	08-02-014	Кладка наружных и внутренних кирпичных стен облегченных конструкций	КОНСТРУКЦИИ ИЗ КИРПИЧА И КАМНЕЙ	м3	Кладка наружных и внутренних стен кирпично-бетонных с заполнением легким бетоном: толщиной 510 мм при высоте этажа до 4 м
08-02-014-04	08-02-014	Кладка наружных и внутренних кирпичных стен облегченных конструкций	КОНСТРУКЦИИ ИЗ КИРПИЧА И КАМНЕЙ	м3	Кладка наружных и внутренних стен кирпично-бетонных с заполнением легким бетоном: толщиной 510 мм при высоте этажа свыше 4 м
08-02-014-05	08-02-014	Кладка наружных и внутренних кирпичных стен облегченных конструкций	КОНСТРУКЦИИ ИЗ КИРПИЧА И КАМНЕЙ	м3	Кладка наружных и внутренних стен кирпично-бетонных с заполнением легким бетоном: толщиной 640 мм при высоте этажа до 4 м
08-02-014-06	08-02-014	Кладка наружных и внутренних кирпичных стен облегченных конструкций	КОНСТРУКЦИИ ИЗ КИРПИЧА И КАМНЕЙ	м3	Кладка наружных и внутренних стен кирпично-бетонных с заполнением легким бетоном: толщиной 640 мм при высоте этажа свыше 4 м
08-02-014-07	08-02-014	Кладка наружных и внутренних кирпичных стен облегченных конструкций	КОНСТРУКЦИИ ИЗ КИРПИЧА И КАМНЕЙ	м3	Кладка наружных и внутренних стен кирпичных колодцевых с заполнением засыпными материалами: толщиной 380 мм при высоте этажа до 4 м
08-02-014-08	08-02-014	Кладка наружных и внутренних кирпичных стен облегченных конструкций	КОНСТРУКЦИИ ИЗ КИРПИЧА И КАМНЕЙ	м3	Кладка наружных и внутренних стен кирпичных колодцевых с заполнением засыпными материалами: толщиной 380 мм при высоте этажа свыше 4 м
08-02-014-09	08-02-014	Кладка наружных и внутренних кирпичных стен облегченных конструкций	КОНСТРУКЦИИ ИЗ КИРПИЧА И КАМНЕЙ	м3	Кладка наружных и внутренних стен кирпичных колодцевых с заполнением засыпными материалами: толщиной 510 мм при высоте этажа до 4 м
08-02-014-10	08-02-014	Кладка наружных и внутренних кирпичных стен облегченных конструкций	КОНСТРУКЦИИ ИЗ КИРПИЧА И КАМНЕЙ	м3	Кладка наружных и внутренних стен кирпичных колодцевых с заполнением засыпными материалами: толщиной 510 мм при высоте этажа свыше 4 м
08-02-014-11	08-02-014	Кладка наружных и внутренних кирпичных стен облегченных конструкций	КОНСТРУКЦИИ ИЗ КИРПИЧА И КАМНЕЙ	м3	Кладка наружных и внутренних стен кирпичных колодцевых с заполнением засыпными материалами: толщиной 640 мм при высоте этажа до 4 м
08-02-014-12	08-02-014	Кладка наружных и внутренних кирпичных стен облегченных конструкций	КОНСТРУКЦИИ ИЗ КИРПИЧА И КАМНЕЙ	м3	Кладка наружных и внутренних стен кирпичных колодцевых с заполнением засыпными материалами: толщиной 640 мм при высоте этажа свыше 4 м
08-02-014-13	08-02-014	Кладка наружных и внутренних кирпичных стен облегченных конструкций	КОНСТРУКЦИИ ИЗ КИРПИЧА И КАМНЕЙ	м3	Кладка наружных и внутренних стен кирпичных с вертикальными поперечными стенками и узлами жесткости с заполнением засыпными материалами: толщиной 380 мм при высоте этажа до 4 м
08-02-014-14	08-02-014	Кладка наружных и внутренних кирпичных стен облегченных конструкций	КОНСТРУКЦИИ ИЗ КИРПИЧА И КАМНЕЙ	м3	Кладка наружных и внутренних стен кирпичных с вертикальными поперечными стенками и узлами жесткости с заполнением засыпными материалами: толщиной 380 мм при высоте этажа свыше 4 м
08-02-014-15	08-02-014	Кладка наружных и внутренних кирпичных стен облегченных конструкций	КОНСТРУКЦИИ ИЗ КИРПИЧА И КАМНЕЙ	м3	Кладка наружных и внутренних стен кирпичных с вертикальными поперечными стенками и узлами жесткости с заполнением засыпными материалами: толщиной 510 мм при высоте этажа до 4 м
08-02-014-16	08-02-014	Кладка наружных и внутренних кирпичных стен облегченных конструкций	КОНСТРУКЦИИ ИЗ КИРПИЧА И КАМНЕЙ	м3	Кладка наружных и внутренних стен кирпичных с вертикальными поперечными стенками и узлами жесткости с заполнением засыпными материалами: толщиной 510 мм при высоте этажа свыше 4 м
08-02-014-17	08-02-014	Кладка наружных и внутренних кирпичных стен облегченных конструкций	КОНСТРУКЦИИ ИЗ КИРПИЧА И КАМНЕЙ	м3	Кладка наружных и внутренних стен кирпичных с вертикальными поперечными стенками и узлами жесткости с заполнением засыпными материалами: толщиной 640 мм при высоте этажа до 4 м
08-02-014-18	08-02-014	Кладка наружных и внутренних кирпичных стен облегченных конструкций	КОНСТРУКЦИИ ИЗ КИРПИЧА И КАМНЕЙ	м3	Кладка наружных и внутренних стен кирпичных с вертикальными поперечными стенками и узлами жесткости с заполнением засыпными материалами: толщиной 640 мм при высоте этажа свыше 4 м
08-02-015-01	08-02-015	Кладка наружных и внутренних кирпичных стен с воздушной прослойкой и теплоизоляционными плитами	КОНСТРУКЦИИ ИЗ КИРПИЧА И КАМНЕЙ	м3	Кладка наружных и внутренних кирпичных стен с воздушной прослойкой: при высоте этажа до 4 м
08-02-015-02	08-02-015	Кладка наружных и внутренних кирпичных стен с воздушной прослойкой и теплоизоляционными плитами	КОНСТРУКЦИИ ИЗ КИРПИЧА И КАМНЕЙ	м3	Кладка наружных и внутренних кирпичных стен с воздушной прослойкой: при высоте этажа свыше 4 м
08-02-015-03	08-02-015	Кладка наружных и внутренних кирпичных стен с воздушной прослойкой и теплоизоляционными плитами	КОНСТРУКЦИИ ИЗ КИРПИЧА И КАМНЕЙ	м3	Кладка наружных и внутренних кирпичных стен с теплоизоляционными плитами: общей толщиной 250 мм при высоте этажа до 4 м
08-02-015-04	08-02-015	Кладка наружных и внутренних кирпичных стен с воздушной прослойкой и теплоизоляционными плитами	КОНСТРУКЦИИ ИЗ КИРПИЧА И КАМНЕЙ	м3	Кладка наружных и внутренних кирпичных стен с теплоизоляционными плитами: общей толщиной 250 мм при высоте этажа свыше 4 м
08-02-015-05	08-02-015	Кладка наружных и внутренних кирпичных стен с воздушной прослойкой и теплоизоляционными плитами	КОНСТРУКЦИИ ИЗ КИРПИЧА И КАМНЕЙ	м3	Кладка наружных и внутренних кирпичных стен с теплоизоляционными плитами: общей толщиной 380 мм при высоте этажа до 4 м
08-02-015-06	08-02-015	Кладка наружных и внутренних кирпичных стен с воздушной прослойкой и теплоизоляционными плитами	КОНСТРУКЦИИ ИЗ КИРПИЧА И КАМНЕЙ	м3	Кладка наружных и внутренних кирпичных стен с теплоизоляционными плитами: общей толщиной 380 мм при высоте этажа свыше 4 м
08-02-015-07	08-02-015	Кладка наружных и внутренних кирпичных стен с воздушной прослойкой и теплоизоляционными плитами	КОНСТРУКЦИИ ИЗ КИРПИЧА И КАМНЕЙ	м3	Кладка наружных и внутренних кирпичных стен с теплоизоляционными плитами: общей толщиной 510 мм при высоте этажа до 4 м
08-02-015-08	08-02-015	Кладка наружных и внутренних кирпичных стен с воздушной прослойкой и теплоизоляционными плитами	КОНСТРУКЦИИ ИЗ КИРПИЧА И КАМНЕЙ	м3	Кладка наружных и внутренних кирпичных стен с теплоизоляционными плитами: общей толщиной 510 мм при высоте этажа свыше 4 м
08-02-016-01	08-02-016	Кладка прижимных стенок из кирпича	КОНСТРУКЦИИ ИЗ КИРПИЧА И КАМНЕЙ	100 м2	Кладка прижимных стенок гидроизоляции в 1/2 кирпича на битумной мастике
08-02-016-02	08-02-016	Кладка прижимных стенок из кирпича	КОНСТРУКЦИИ ИЗ КИРПИЧА И КАМНЕЙ	100 м2	Кладка прижимных неармированных стенок в 1/4 кирпича
08-02-017-01	08-02-017	Облицовка стен по газобетону	КОНСТРУКЦИИ ИЗ КИРПИЧА И КАМНЕЙ	100 м2	Облицовка стен по газобетону: в 1/2 кирпича при высоте этажа до 4 м
08-02-017-02	08-02-017	Облицовка стен по газобетону	КОНСТРУКЦИИ ИЗ КИРПИЧА И КАМНЕЙ	100 м2	Облицовка стен по газобетону: в 1 кирпич при высоте этажа до 4 м
08-02-017-03	08-02-017	Облицовка стен по газобетону	КОНСТРУКЦИИ ИЗ КИРПИЧА И КАМНЕЙ	100 м2	Облицовка стен по газобетону: в 1/2 кирпича при высоте этажа свыше 4 м
08-02-017-04	08-02-017	Облицовка стен по газобетону	КОНСТРУКЦИИ ИЗ КИРПИЧА И КАМНЕЙ	100 м2	Облицовка стен по газобетону: в 1 кирпич при высоте этажа свыше 4 м
08-02-018-01	08-02-018	Кладка наружных стен толщиной 770 мм с усложненными частями из обыкновенного кирпича с облицовкой ке	КОНСТРУКЦИИ ИЗ КИРПИЧА И КАМНЕЙ	м3	Кладка наружных стен толщиной 770 мм с усложненными частями из обыкновенного кирпича с облицовкой керамическим лицевым кирпичом
08-02-019-01	08-02-019	Кладка стен наружных самонесущих из кирпича на перекрытиях в зданиях из монолитного железобетона	КОНСТРУКЦИИ ИЗ КИРПИЧА И КАМНЕЙ	м3	Кладка стен наружных самонесущих из кирпича на перекрытиях в зданиях из монолитного железобетона: глухих в 1 кирпич
08-02-019-02	08-02-019	Кладка стен наружных самонесущих из кирпича на перекрытиях в зданиях из монолитного железобетона	КОНСТРУКЦИИ ИЗ КИРПИЧА И КАМНЕЙ	м3	Кладка стен наружных самонесущих из кирпича на перекрытиях в зданиях из монолитного железобетона: с проемами в 1 кирпич
08-02-019-03	08-02-019	Кладка стен наружных самонесущих из кирпича на перекрытиях в зданиях из монолитного железобетона	КОНСТРУКЦИИ ИЗ КИРПИЧА И КАМНЕЙ	м3	Кладка стен наружных самонесущих из кирпича на перекрытиях в зданиях из монолитного железобетона: глухих в 1,5 кирпича
08-02-019-04	08-02-019	Кладка стен наружных самонесущих из кирпича на перекрытиях в зданиях из монолитного железобетона	КОНСТРУКЦИИ ИЗ КИРПИЧА И КАМНЕЙ	м3	Кладка стен наружных самонесущих из кирпича на перекрытиях в зданиях из монолитного железобетона: с проемами в 1,5 кирпича
08-02-020-01	08-02-020	Нормы для корректировки при кладке из кирпича с уширенным внутренним вертикальным швом (по теплотехн	КОНСТРУКЦИИ ИЗ КИРПИЧА И КАМНЕЙ	м3	При кладке из кирпича с уширенным внутренним вертикальным швом (по теплотехническим требованиям) на каждые 10 мм увеличения толщины кладки: исключать из соответствующих норм
08-02-020-02	08-02-020	Нормы для корректировки при кладке из кирпича с уширенным внутренним вертикальным швом (по теплотехн	КОНСТРУКЦИИ ИЗ КИРПИЧА И КАМНЕЙ	м3	При кладке из кирпича с уширенным внутренним вертикальным швом (по теплотехническим требованиям) на каждые 10 мм увеличения толщины кладки: добавлять к соответствующим нормам
08-03-001-01	08-03-001	Кладка из крупных известняковых блоков	КОНСТРУКЦИИ ИЗ ЛЕГКИХ БЛОКОВ И КАМНЕЙ	м3	Кладка из крупных известняковых блоков: массой до 0,5 т
08-03-001-02	08-03-001	Кладка из крупных известняковых блоков	КОНСТРУКЦИИ ИЗ ЛЕГКИХ БЛОКОВ И КАМНЕЙ	м3	Кладка из крупных известняковых блоков: массой более 0,5 т
08-03-002-01	08-03-002	Кладка стен из камней легкобетонных, заполнение проемов и фахверков	КОНСТРУКЦИИ ИЗ ЛЕГКИХ БЛОКОВ И КАМНЕЙ	м3	Кладка стен из легкобетонных камней без облицовки: при высоте этажа до 4 м
08-03-002-02	08-03-002	Кладка стен из камней легкобетонных, заполнение проемов и фахверков	КОНСТРУКЦИИ ИЗ ЛЕГКИХ БЛОКОВ И КАМНЕЙ	м3	Кладка стен из легкобетонных камней без облицовки: при высоте этажа свыше 4 м
08-03-002-03	08-03-002	Кладка стен из камней легкобетонных, заполнение проемов и фахверков	КОНСТРУКЦИИ ИЗ ЛЕГКИХ БЛОКОВ И КАМНЕЙ	м3	Кладка стен из легкобетонных камней без облицовки с заполнением каркасов и фахверков: при высоте этажа до 4 м
08-03-002-04	08-03-002	Кладка стен из камней легкобетонных, заполнение проемов и фахверков	КОНСТРУКЦИИ ИЗ ЛЕГКИХ БЛОКОВ И КАМНЕЙ	м3	Кладка стен из легкобетонных камней без облицовки с заполнением каркасов и фахверков: при высоте этажа свыше 4 м
08-03-002-05	08-03-002	Кладка стен из камней легкобетонных, заполнение проемов и фахверков	КОНСТРУКЦИИ ИЗ ЛЕГКИХ БЛОКОВ И КАМНЕЙ	м3	Кладка стен наружных из легкобетонных стеновых камней с облицовкой в процессе кладки кирпичом (в 1/2 кирпича): толщиной 320 мм при высоте этажа до 4 м
08-03-002-06	08-03-002	Кладка стен из камней легкобетонных, заполнение проемов и фахверков	КОНСТРУКЦИИ ИЗ ЛЕГКИХ БЛОКОВ И КАМНЕЙ	м3	Кладка стен наружных из легкобетонных стеновых камней с облицовкой в процессе кладки кирпичом (в 1/2 кирпича): толщиной 320 мм при высоте этажа свыше 4 м
08-03-002-07	08-03-002	Кладка стен из камней легкобетонных, заполнение проемов и фахверков	КОНСТРУКЦИИ ИЗ ЛЕГКИХ БЛОКОВ И КАМНЕЙ	м3	Кладка стен наружных из легкобетонных стеновых камней с облицовкой в процессе кладки кирпичом (в 1/2 кирпича): толщиной 520 мм при высоте этажа до 4 м
08-03-002-08	08-03-002	Кладка стен из камней легкобетонных, заполнение проемов и фахверков	КОНСТРУКЦИИ ИЗ ЛЕГКИХ БЛОКОВ И КАМНЕЙ	м3	Кладка стен наружных из легкобетонных стеновых камней с облицовкой в процессе кладки кирпичом (в 1/2 кирпича): толщиной 520 мм при высоте этажа свыше 4 м
08-03-002-09	08-03-002	Кладка стен из камней легкобетонных, заполнение проемов и фахверков	КОНСТРУКЦИИ ИЗ ЛЕГКИХ БЛОКОВ И КАМНЕЙ	м3	Кладка стен наружных из легкобетонных стеновых камней с облицовкой в процессе кладки кирпичом (в 1/2 кирпича): толщиной 720 мм при высоте этажа до 4 м
08-03-002-10	08-03-002	Кладка стен из камней легкобетонных, заполнение проемов и фахверков	КОНСТРУКЦИИ ИЗ ЛЕГКИХ БЛОКОВ И КАМНЕЙ	м3	Кладка стен наружных из легкобетонных стеновых камней с облицовкой в процессе кладки кирпичом (в 1/2 кирпича): толщиной 720 мм при высоте этажа свыше 4 м
08-03-002-11	08-03-002	Кладка стен из камней легкобетонных, заполнение проемов и фахверков	КОНСТРУКЦИИ ИЗ ЛЕГКИХ БЛОКОВ И КАМНЕЙ	м3	Засыпка пустот в камнях
08-03-002-12	08-03-002	Кладка стен из камней легкобетонных, заполнение проемов и фахверков	КОНСТРУКЦИИ ИЗ ЛЕГКИХ БЛОКОВ И КАМНЕЙ	м3	Кладка стен наружных из легкобетонных стеновых камней с облицовкой в процессе кладки кирпичом (в 1/2 кирпича): толщиной 630 мм при высоте этажа до 4 м
08-03-002-13	08-03-002	Кладка стен из камней легкобетонных, заполнение проемов и фахверков	КОНСТРУКЦИИ ИЗ ЛЕГКИХ БЛОКОВ И КАМНЕЙ	м3	Кладка стен наружных из легкобетонных стеновых камней с облицовкой в процессе кладки кирпичом (в 1/2 кирпича): толщиной 630 мм при высоте этажа свыше 4 м
08-03-002-14	08-03-002	Кладка стен из камней легкобетонных, заполнение проемов и фахверков	КОНСТРУКЦИИ ИЗ ЛЕГКИХ БЛОКОВ И КАМНЕЙ	м3	Кладка стен наружных из легкобетонных стеновых камней с воздушной прослойкой и облицовкой в процессе кладки кирпичом (в 1/2 кирпича): толщиной 670 мм при высоте этажа до 4 м
08-03-002-15	08-03-002	Кладка стен из камней легкобетонных, заполнение проемов и фахверков	КОНСТРУКЦИИ ИЗ ЛЕГКИХ БЛОКОВ И КАМНЕЙ	м3	Кладка стен наружных из легкобетонных стеновых камней с воздушной прослойкой и облицовкой в процессе кладки кирпичом (в 1/2 кирпича): толщиной 670 мм при высоте этажа свыше 4 м
08-03-002-16	08-03-002	Кладка стен из камней легкобетонных, заполнение проемов и фахверков	КОНСТРУКЦИИ ИЗ ЛЕГКИХ БЛОКОВ И КАМНЕЙ	м3	Кладка стен наружных из легкобетонных камней с утеплением минераловатными плитами и облицовкой в процессе кладки кирпичом (в 1/2 кирпича): толщиной 555 мм при высоте этажа до 4 м
08-03-002-17	08-03-002	Кладка стен из камней легкобетонных, заполнение проемов и фахверков	КОНСТРУКЦИИ ИЗ ЛЕГКИХ БЛОКОВ И КАМНЕЙ	м3	Кладка стен наружных из легкобетонных камней с утеплением минераловатными плитами и облицовкой в процессе кладки кирпичом (в 1/2 кирпича): толщиной 555 мм при высоте этажа свыше 4 
08-03-003-01	08-03-003	Кладка стен и перегородок неармированных из камней известковых	КОНСТРУКЦИИ ИЗ ЛЕГКИХ БЛОКОВ И КАМНЕЙ	м3	Кладка стен из известняка: обычная при высоте этажа до 4 м
08-03-003-02	08-03-003	Кладка стен и перегородок неармированных из камней известковых	КОНСТРУКЦИИ ИЗ ЛЕГКИХ БЛОКОВ И КАМНЕЙ	м3	Кладка стен из известняка: обычная при высоте этажа свыше 4 м
08-03-003-03	08-03-003	Кладка стен и перегородок неармированных из камней известковых	КОНСТРУКЦИИ ИЗ ЛЕГКИХ БЛОКОВ И КАМНЕЙ	м3	Кладка стен из известняка: рядовая при высоте этажа до 4 м
08-03-003-04	08-03-003	Кладка стен и перегородок неармированных из камней известковых	КОНСТРУКЦИИ ИЗ ЛЕГКИХ БЛОКОВ И КАМНЕЙ	м3	Кладка стен из известняка: рядовая при высоте этажа свыше 4 м
08-03-003-05	08-03-003	Кладка стен и перегородок неармированных из камней известковых	КОНСТРУКЦИИ ИЗ ЛЕГКИХ БЛОКОВ И КАМНЕЙ	м3	Кладка стен из известняка: чистая при высоте этажа до 4 м
08-03-003-06	08-03-003	Кладка стен и перегородок неармированных из камней известковых	КОНСТРУКЦИИ ИЗ ЛЕГКИХ БЛОКОВ И КАМНЕЙ	м3	Кладка стен из известняка: чистая при высоте этажа свыше 4 м
08-03-003-07	08-03-003	Кладка стен и перегородок неармированных из камней известковых	КОНСТРУКЦИИ ИЗ ЛЕГКИХ БЛОКОВ И КАМНЕЙ	м3	Кладка из известняка перегородок: неармированных при высоте этажа до 4 м
08-03-003-08	08-03-003	Кладка стен и перегородок неармированных из камней известковых	КОНСТРУКЦИИ ИЗ ЛЕГКИХ БЛОКОВ И КАМНЕЙ	м3	Кладка из известняка перегородок: неармированных при высоте этажа свыше 4 м
08-03-003-09	08-03-003	Кладка стен и перегородок неармированных из камней известковых	КОНСТРУКЦИИ ИЗ ЛЕГКИХ БЛОКОВ И КАМНЕЙ	м3	Кладка стен из известняка с облицовкой кирпичом: толщиной 520 мм при высоте этажа до 4 м
08-03-003-10	08-03-003	Кладка стен и перегородок неармированных из камней известковых	КОНСТРУКЦИИ ИЗ ЛЕГКИХ БЛОКОВ И КАМНЕЙ	м3	Кладка стен из известняка с облицовкой кирпичом: толщиной 520 мм при высоте этажа свыше 4 м
08-03-004-01	08-03-004	Кладка стен из газобетонных блоков на клее без облицовки	КОНСТРУКЦИИ ИЗ ЛЕГКИХ БЛОКОВ И КАМНЕЙ	м3	Кладка стен из газобетонных блоков на клее без облицовки толщиной: 400 мм при высоте этажа до 4 м
08-03-004-02	08-03-004	Кладка стен из газобетонных блоков на клее без облицовки	КОНСТРУКЦИИ ИЗ ЛЕГКИХ БЛОКОВ И КАМНЕЙ	м3	Кладка стен из газобетонных блоков на клее без облицовки толщиной: 400 мм при высоте этажа свыше 4 м
08-03-004-03	08-03-004	Кладка стен из газобетонных блоков на клее без облицовки	КОНСТРУКЦИИ ИЗ ЛЕГКИХ БЛОКОВ И КАМНЕЙ	м3	Кладка стен из газобетонных блоков на клее без облицовки толщиной: 500 мм при высоте этажа до 4 м
08-03-004-04	08-03-004	Кладка стен из газобетонных блоков на клее без облицовки	КОНСТРУКЦИИ ИЗ ЛЕГКИХ БЛОКОВ И КАМНЕЙ	м3	Кладка стен из газобетонных блоков на клее без облицовки толщиной: 500 мм при высоте этажа свыше 4 м
08-03-005-01	08-03-005	Кладка стен самонесущих из полистиролбетонных блоков	КОНСТРУКЦИИ ИЗ ЛЕГКИХ БЛОКОВ И КАМНЕЙ	м3	Кладка стен самонесущих из полистиролбетонных блоков по перекрытиям
08-03-007-01	08-03-007	Укладка полистиролбетонных перемычек	КОНСТРУКЦИИ ИЗ ЛЕГКИХ БЛОКОВ И КАМНЕЙ	м3	Укладка полистиролбетонных перемычек
08-04-001-05	08-04-001	Установка перегородок из гипсовых и легкобетонных плит	ПЕРЕГОРОДКИ	100 м2	Установка перегородок из легкобетонных плит: в 1 слой при высоте этажа до 4 м
08-04-001-06	08-04-001	Установка перегородок из гипсовых и легкобетонных плит	ПЕРЕГОРОДКИ	100 м2	Установка перегородок из легкобетонных плит: в 1 слой при высоте этажа свыше 4 м
08-04-001-07	08-04-001	Установка перегородок из гипсовых и легкобетонных плит	ПЕРЕГОРОДКИ	100 м2	Установка перегородок из легкобетонных плит: в 2 слоя при высоте этажа до 4 м
08-04-001-08	08-04-001	Установка перегородок из гипсовых и легкобетонных плит	ПЕРЕГОРОДКИ	100 м2	Установка перегородок из легкобетонных плит: в 2 слоя при высоте этажа свыше 4 м
08-04-001-13	08-04-001	Установка перегородок из гипсовых и легкобетонных плит	ПЕРЕГОРОДКИ	100 м2	Установка перегородок из гипсовых пазогребневых плит: при высоте этажа до 4 м в 1 слой толщиной 80 мм пустотелых
08-04-001-14	08-04-001	Установка перегородок из гипсовых и легкобетонных плит	ПЕРЕГОРОДКИ	100 м2	Установка перегородок из гипсовых пазогребневых плит: при высоте этажа до 4 м в 1 слой толщиной 80 мм полнотелых
08-04-001-15	08-04-001	Установка перегородок из гипсовых и легкобетонных плит	ПЕРЕГОРОДКИ	100 м2	Установка перегородок из гипсовых пазогребневых плит: при высоте этажа до 4 м в 1 слой толщиной 100 мм полнотелых
08-04-001-16	08-04-001	Установка перегородок из гипсовых и легкобетонных плит	ПЕРЕГОРОДКИ	100 м2	Установка перегородок из гипсовых пазогребневых плит: при высоте этажа свыше 4 м в 1 слой толщиной 80 мм пустотелых
08-04-001-17	08-04-001	Установка перегородок из гипсовых и легкобетонных плит	ПЕРЕГОРОДКИ	100 м2	Установка перегородок из гипсовых пазогребневых плит: при высоте этажа свыше 4 м в 1 слой толщиной 80 мм полнотелых
08-04-001-18	08-04-001	Установка перегородок из гипсовых и легкобетонных плит	ПЕРЕГОРОДКИ	100 м2	Установка перегородок из гипсовых пазогребневых плит: при высоте этажа свыше 4 м в 1 слой толщиной 100 мм полнотелых
08-04-001-19	08-04-001	Установка перегородок из гипсовых и легкобетонных плит	ПЕРЕГОРОДКИ	100 м2	Установка перегородок из гипсовых пазогребневых плит: при высоте этажа до 4 м в 2 слоя толщиной 80 мм пустотелых
08-04-001-20	08-04-001	Установка перегородок из гипсовых и легкобетонных плит	ПЕРЕГОРОДКИ	100 м2	Установка перегородок из гипсовых пазогребневых плит: при высоте этажа до 4 м в 2 слоя толщиной 80 мм полнотелых
08-04-001-21	08-04-001	Установка перегородок из гипсовых и легкобетонных плит	ПЕРЕГОРОДКИ	100 м2	Установка перегородок из гипсовых пазогребневых плит: при высоте этажа до 4 м в 2 слоя толщиной 100 мм полнотелых
08-04-001-22	08-04-001	Установка перегородок из гипсовых и легкобетонных плит	ПЕРЕГОРОДКИ	100 м2	Установка перегородок из гипсовых пазогребневых плит: при высоте этажа свыше 4 м в 2 слоя толщиной 80 мм пустотелых
08-04-001-23	08-04-001	Установка перегородок из гипсовых и легкобетонных плит	ПЕРЕГОРОДКИ	100 м2	Установка перегородок из гипсовых пазогребневых плит: при высоте этажа свыше 4 м в 2 слоя толщиной 80 мм полнотелых
08-04-001-24	08-04-001	Установка перегородок из гипсовых и легкобетонных плит	ПЕРЕГОРОДКИ	100 м2	Установка перегородок из гипсовых пазогребневых плит: при высоте этажа свыше 4 м в 2 слой толщиной 100 мм полнотелых
08-04-001-25	08-04-001	Установка перегородок из гипсовых и легкобетонных плит	ПЕРЕГОРОДКИ	100 м	При устройстве эластичного примыкания добавлять к нормам с 08-04-001-13 по 08-04-001-24
08-04-001-26	08-04-001	Установка перегородок из гипсовых и легкобетонных плит	ПЕРЕГОРОДКИ	м2	При устройстве проемов добавлять к нормам с 08-04-001-13 по 08-04-001-24
08-04-001-27	08-04-001	Установка перегородок из гипсовых и легкобетонных плит	ПЕРЕГОРОДКИ	м3	При устройстве изоляции добавлять к нормам с 08-04-001-19 по 08-04-001-21
08-04-001-28	08-04-001	Установка перегородок из гипсовых и легкобетонных плит	ПЕРЕГОРОДКИ	м3	При устройстве изоляции добавлять к нормам с 08-04-001-22 по 08-04-001-24
08-04-002-01	08-04-002	Установка перегородок из стеклянных блоков и заполнение проемов стеклянными блоками	ПЕРЕГОРОДКИ	100 м2	Установка перегородок из стеклянных блоков: при высоте этажа до 4 м
08-04-002-02	08-04-002	Установка перегородок из стеклянных блоков и заполнение проемов стеклянными блоками	ПЕРЕГОРОДКИ	100 м2	Установка перегородок из стеклянных блоков: при высоте этажа свыше 4 м
08-04-002-03	08-04-002	Установка перегородок из стеклянных блоков и заполнение проемов стеклянными блоками	ПЕРЕГОРОДКИ	100 м2	Заполнение проемов стеклянными блоками: при высоте этажа до 4 м
08-04-002-04	08-04-002	Установка перегородок из стеклянных блоков и заполнение проемов стеклянными блоками	ПЕРЕГОРОДКИ	100 м2	Заполнение проемов стеклянными блоками: при высоте этажа свыше 4 м
08-04-003-01	08-04-003	Кладка перегородок из газобетонных блоков на клее	ПЕРЕГОРОДКИ	100 м2	Кладка перегородок из газобетонных блоков на клее толщиной: 100 мм при высоте этажа до 4 м
08-04-003-02	08-04-003	Кладка перегородок из газобетонных блоков на клее	ПЕРЕГОРОДКИ	100 м2	Кладка перегородок из газобетонных блоков на клее толщиной: 100 мм при высоте этажа свыше 4 м
08-04-003-03	08-04-003	Кладка перегородок из газобетонных блоков на клее	ПЕРЕГОРОДКИ	100 м2	Кладка перегородок из газобетонных блоков на клее толщиной: 200 мм при высоте этажа до 4 м
08-04-003-04	08-04-003	Кладка перегородок из газобетонных блоков на клее	ПЕРЕГОРОДКИ	100 м2	Кладка перегородок из газобетонных блоков на клее толщиной: 200 мм при высоте этажа свыше 4 м
08-05-001-01	08-05-001	Укладка подоконных железобетонных плит	ПЛИТЫ ПОДОКОННЫЕ, КРЫЛЬЦА	100 м2	Укладка подоконных железобетонных плит: с мозаичным покрытием
08-05-001-02	08-05-001	Укладка подоконных железобетонных плит	ПЛИТЫ ПОДОКОННЫЕ, КРЫЛЬЦА	100 м2	Укладка подоконных железобетонных плит: гладких
08-05-002-01	08-05-002	Устройство крылец	ПЛИТЫ ПОДОКОННЫЕ, КРЫЛЬЦА	м2	Устройство крылец с покрытием из асфальтобетона: с входной площадкой
08-05-002-02	08-05-002	Устройство крылец	ПЛИТЫ ПОДОКОННЫЕ, КРЫЛЬЦА	м2	Устройство крылец с покрытием из асфальтобетона: с входом с одной стороны в одну ступень
08-05-002-03	08-05-002	Устройство крылец	ПЛИТЫ ПОДОКОННЫЕ, КРЫЛЬЦА	м2	Устройство крылец с покрытием из асфальтобетона: с входом с трех сторон в три ступени
08-06-001-01	08-06-001	Монтаж мусоропровода со стволом из хризотилцементных труб	МУСОРОПРОВОДЫ	мусоропровод	Монтаж мусоропровода со стволом из хризотилцементных труб в 9-этажных зданиях с пятью клапанами общей высотой 25 м
08-06-001-02	08-06-001	Монтаж мусоропровода со стволом из хризотилцементных труб	МУСОРОПРОВОДЫ	этаж	На каждый этаж сверх или менее девяти при монтаже мусоропровода добавлять или исключать к норме 08-06-001-01
08-06-001-03	08-06-001	Монтаж мусоропровода со стволом из хризотилцементных труб	МУСОРОПРОВОДЫ	м	На 1 м удлинения ствола мусоропровода при высоте этажа более 2,8 м добавлять или исключать к норме 08-06-001-01
08-06-001-04	08-06-001	Монтаж мусоропровода со стволом из хризотилцементных труб	МУСОРОПРОВОДЫ	шт	На один дополнительный приемный клапан при монтаже мусоропровода добавлять к норме 08-06-001-01
08-06-002-01	08-06-002	Окраска металлических деталей мусоропровода	МУСОРОПРОВОДЫ	мусоропровод	Окраска металлических деталей мусоропровода в 9-этажных зданиях с пятью клапанами
08-06-002-02	08-06-002	Окраска металлических деталей мусоропровода	МУСОРОПРОВОДЫ	мусоропровод	При окраске металлических деталей мусоропровода на каждый этаж сверх или менее девяти добавлять или исключать к норме 08-06-002-01
08-06-002-03	08-06-002	Окраска металлических деталей мусоропровода	МУСОРОПРОВОДЫ	мусоропровод	При окраске металлических деталей мусоропровода на один дополнительный клапан добавлять к норме 08-06-002-01
08-06-003-01	08-06-003	Монтаж мусоропровода со стволом из хризотилцементных труб с системой прочистки и пожаротушения	МУСОРОПРОВОДЫ	мусоропровод	Монтаж мусоропровода со стволом из хризотилцементных труб с системой прочистки и пожаротушения в 17-этажных зданиях с 16 клапанами, общей высотой здания 48 м
08-06-003-02	08-06-003	Монтаж мусоропровода со стволом из хризотилцементных труб с системой прочистки и пожаротушения	МУСОРОПРОВОДЫ	этаж	На каждый этаж сверх или менее семнадцати при монтаже мусоропровода добавлять или исключать к норме 08-06-003-01
08-06-003-03	08-06-003	Монтаж мусоропровода со стволом из хризотилцементных труб с системой прочистки и пожаротушения	МУСОРОПРОВОДЫ	м	На 1 м удлинения ствола мусоропровода при высоте этажа более 2,8 м добавлять или исключать к норме 08-06-003-01
08-06-003-04	08-06-003	Монтаж мусоропровода со стволом из хризотилцементных труб с системой прочистки и пожаротушения	МУСОРОПРОВОДЫ	шт	На один дополнительный приемный клапан при монтаже мусоропровода добавлять к норме 08-06-003-01
08-06-004-01	08-06-004	Монтаж мусоропровода со стволом из труб коррозионно-стойкой стали	МУСОРОПРОВОДЫ	мусоропровод	Монтаж мусоропровода со стволом из труб коррозионно-стойкой стали с системой прочистки и пожаротушения в 17-этажных зданиях с 16 клапанами, общей высотой здания 48 м
08-06-004-02	08-06-004	Монтаж мусоропровода со стволом из труб коррозионно-стойкой стали	МУСОРОПРОВОДЫ	этаж	На каждый этаж сверх или менее семнадцати при монтаже мусоропровода добавлять или исключать к норме 08-06-004-01
08-06-004-03	08-06-004	Монтаж мусоропровода со стволом из труб коррозионно-стойкой стали	МУСОРОПРОВОДЫ	м	На 1 м удлинения ствола мусоропровода при высоте этажа более 2,8 м добавлять или исключать к норме 08-06-004-01
08-06-004-04	08-06-004	Монтаж мусоропровода со стволом из труб коррозионно-стойкой стали	МУСОРОПРОВОДЫ	шт	На один дополнительный приемный клапан при монтаже мусоропровода добавлять к норме 08-06-004-01
08-06-005-01	08-06-005	Монтаж мусоропровода со стволом из труб нержавеющей стали трехслойных	МУСОРОПРОВОДЫ	мусоропровод	Монтаж мусоропровода со стволом из труб нержавеющей стали трехслойных с системой прочистки и пожаротушения в 17-этажных зданиях с 16 клапанами, общей высотой здания 48 м
08-06-005-02	08-06-005	Монтаж мусоропровода со стволом из труб нержавеющей стали трехслойных	МУСОРОПРОВОДЫ	этаж	На каждый этаж сверх или менее семнадцати при монтаже мусоропровода добавлять или исключать к норме 08-06-005-01
08-06-005-03	08-06-005	Монтаж мусоропровода со стволом из труб нержавеющей стали трехслойных	МУСОРОПРОВОДЫ	м	На 1 м удлинения ствола мусоропровода при высоте этажа более 2,8 м добавлять или исключать к норме 08-06-005-01
08-06-005-04	08-06-005	Монтаж мусоропровода со стволом из труб нержавеющей стали трехслойных	МУСОРОПРОВОДЫ	10 шт	На один дополнительный приемный клапан при монтаже мусоропровода добавлять к норме 08-06-005-01
08-07-001-01	08-07-001	Установка и разборка наружных инвентарных лесов	НАРУЖНЫЕ И ВНУТРЕННИЕ ЛЕСА	100 м2	Установка и разборка наружных инвентарных лесов высотой до 16 м: трубчатых для кладки облицовки
08-07-001-02	08-07-001	Установка и разборка наружных инвентарных лесов	НАРУЖНЫЕ И ВНУТРЕННИЕ ЛЕСА	100 м2	Установка и разборка наружных инвентарных лесов высотой до 16 м: трубчатых для прочих отделочных работ
08-07-001-03	08-07-001	Установка и разборка наружных инвентарных лесов	НАРУЖНЫЕ И ВНУТРЕННИЕ ЛЕСА	100 м2	Установка и разборка наружных инвентарных лесов высотой до 16 м: подвесных
08-07-001-04	08-07-001	Установка и разборка наружных инвентарных лесов	НАРУЖНЫЕ И ВНУТРЕННИЕ ЛЕСА	100 м2	На каждые последующие 4 м высоты наружных инвентарных лесов добавлять: к нормам 08-07-001-01, 08-07-001-02
08-07-001-05	08-07-001	Установка и разборка наружных инвентарных лесов	НАРУЖНЫЕ И ВНУТРЕННИЕ ЛЕСА	100 м2	На каждые последующие 4 м высоты наружных инвентарных лесов добавлять: к норме 08-07-001-03
08-07-002-01	08-07-002	Установка и разборка внутренних инвентарных лесов	НАРУЖНЫЕ И ВНУТРЕННИЕ ЛЕСА	100 м2 горизонтальной проекции	Установка и разборка внутренних трубчатых инвентарных лесов: при высоте помещений до 6 м
08-07-002-02	08-07-002	Установка и разборка внутренних инвентарных лесов	НАРУЖНЫЕ И ВНУТРЕННИЕ ЛЕСА	100 м2 горизонтальной проекции	Установка и разборка внутренних трубчатых инвентарных лесов: на каждые последующие 4 м высоты помещений добавлять к норме 08-07-002-01
08-07-003-01	08-07-003	Изготовление стальных деталей подвесных лесов	НАРУЖНЫЕ И ВНУТРЕННИЕ ЛЕСА	т	Изготовление стальных деталей подвесных лесов
08-07-004-01	08-07-004	Изготовление деревянных деталей подвесных лесов	НАРУЖНЫЕ И ВНУТРЕННИЕ ЛЕСА	м3	Изготовление деревянных деталей подвесных лесов
08-07-005-01	08-07-005	Изготовление дощатых щитов настила для подвесных лесов	НАРУЖНЫЕ И ВНУТРЕННИЕ ЛЕСА	100 м2	Изготовление дощатых щитов настила для подвесных лесов
08-07-006-01	08-07-006	Устройство защитной декоративной сетки на время ремонта фасада	НАРУЖНЫЕ И ВНУТРЕННИЕ ЛЕСА	100 м2	Устройство защитной декоративной сетки на время ремонта фасада
08-07-007-01	08-07-007	Установка и разборка металлических модульных лесов	НАРУЖНЫЕ И ВНУТРЕННИЕ ЛЕСА	100 м2	Металлические модульные леса фасадного типа высотой до 16 м: установка
08-07-007-02	08-07-007	Установка и разборка металлических модульных лесов	НАРУЖНЫЕ И ВНУТРЕННИЕ ЛЕСА	100 м2	Металлические модульные леса фасадного типа высотой до 16 м: разборка
08-07-007-03	08-07-007	Установка и разборка металлических модульных лесов	НАРУЖНЫЕ И ВНУТРЕННИЕ ЛЕСА	100 м2	Металлические модульные леса башенного типа высотой до 10 м: установка
08-07-007-04	08-07-007	Установка и разборка металлических модульных лесов	НАРУЖНЫЕ И ВНУТРЕННИЕ ЛЕСА	100 м2	Металлические модульные леса башенного типа высотой до 10 м: разборка
08-07-007-05	08-07-007	Установка и разборка металлических модульных лесов	НАРУЖНЫЕ И ВНУТРЕННИЕ ЛЕСА	100 м2 горизонтальной проекции	Металлические модульные леса башенного консольно-опорного типа (балконов) на высоте до 16 м: установка
08-07-007-06	08-07-007	Установка и разборка металлических модульных лесов	НАРУЖНЫЕ И ВНУТРЕННИЕ ЛЕСА	100 м2 горизонтальной проекции	Металлические модульные леса башенного консольно-опорного типа (балконов) на высоте до 16 м: разборка
08-07-007-07	08-07-007	Установка и разборка металлических модульных лесов	НАРУЖНЫЕ И ВНУТРЕННИЕ ЛЕСА	т	Амортизация строительных модульных лесов
08-08-001-01	08-08-001	Основания под печи, очаги и трубы в нижних этажах зданий	ПЕЧИ ОТОПИТЕЛЬНЫЕ И ОЧАГИ	м3	Основания под печи, очаги и трубы в нижних этажах: бутовые
08-08-001-02	08-08-001	Основания под печи, очаги и трубы в нижних этажах зданий	ПЕЧИ ОТОПИТЕЛЬНЫЕ И ОЧАГИ	м3	Основания под печи, очаги и трубы в нижних этажах: кирпичные
08-08-002-01	08-08-002	Основания под печи, очаги и трубы в верхних этажах зданий	ПЕЧИ ОТОПИТЕЛЬНЫЕ И ОЧАГИ	шт	Основания под печи, очаги и трубы в верхних этажах зданий
08-08-003-01	08-08-003	Кладка печей, очагов	ПЕЧИ ОТОПИТЕЛЬНЫЕ И ОЧАГИ	м3	Кладка печей, очагов: отопительных с топкой под дрова не облицованных и не оштукатуренных
08-08-003-02	08-08-003	Кладка печей, очагов	ПЕЧИ ОТОПИТЕЛЬНЫЕ И ОЧАГИ	м3	Кладка печей, очагов: отопительных с топкой под дрова в стальных футлярах
08-08-003-03	08-08-003	Кладка печей, очагов	ПЕЧИ ОТОПИТЕЛЬНЫЕ И ОЧАГИ	м3	Кладка печей, очагов: отопительных с топкой под уголь не облицованных и не оштукатуренных
08-08-003-04	08-08-003	Кладка печей, очагов	ПЕЧИ ОТОПИТЕЛЬНЫЕ И ОЧАГИ	м3	Кладка печей, очагов: отопительных с топкой под уголь в стальных футлярах
08-08-003-05	08-08-003	Кладка печей, очагов	ПЕЧИ ОТОПИТЕЛЬНЫЕ И ОЧАГИ	м3	Кладка печей, очагов: кухонных с топкой под дрова без щитка
08-08-003-06	08-08-003	Кладка печей, очагов	ПЕЧИ ОТОПИТЕЛЬНЫЕ И ОЧАГИ	м3	Кладка печей, очагов: кухонных с топкой под дрова со щитком
08-08-003-07	08-08-003	Кладка печей, очагов	ПЕЧИ ОТОПИТЕЛЬНЫЕ И ОЧАГИ	м3	Кладка печей, очагов: кухонных с топкой под уголь без щитка
08-08-003-08	08-08-003	Кладка печей, очагов	ПЕЧИ ОТОПИТЕЛЬНЫЕ И ОЧАГИ	м3	Кладка печей, очагов: кухонных с топкой под уголь со щитком
08-08-003-09	08-08-003	Кладка печей, очагов	ПЕЧИ ОТОПИТЕЛЬНЫЕ И ОЧАГИ	м3	Кладка печей, очагов: пищеварочных с топкой под дрова
08-08-003-10	08-08-003	Кладка печей, очагов	ПЕЧИ ОТОПИТЕЛЬНЫЕ И ОЧАГИ	м3	Кладка печей, очагов: пищеварочных с топкой под уголь
08-08-004-01	08-08-004	Установка очагов металлических	ПЕЧИ ОТОПИТЕЛЬНЫЕ И ОЧАГИ	шт	Установка очагов металлических
08-08-005-01	08-08-005	Кладка дымовых кирпичных труб	ПЕЧИ ОТОПИТЕЛЬНЫЕ И ОЧАГИ	м3	Кладка дымовых кирпичных труб
08-08-006-01	08-08-006	Отделка печей	ПЕЧИ ОТОПИТЕЛЬНЫЕ И ОЧАГИ	100 м2	Отделка печей: изразцами
08-08-006-02	08-08-006	Отделка печей	ПЕЧИ ОТОПИТЕЛЬНЫЕ И ОЧАГИ	100 м2	Отделка печей: штукатурным глиняным раствором без сетки
08-08-006-03	08-08-006	Отделка печей	ПЕЧИ ОТОПИТЕЛЬНЫЕ И ОЧАГИ	100 м2	Отделка печей: штукатурным глиняным раствором по сетке
09-01-001-01	09-01-001	Монтаж каркасов одноэтажных производственных зданий одно- и многопролетных без фонарей	КАРКАСЫ ОДНОЭТАЖНЫХ И МНОГОЭТАЖНЫХ ПРОИЗВОДСТВЕННЫХ ЗДАНИЙ	т	Монтаж каркасов одноэтажных производственных зданий одно- и многопролетных без фонарей пролетом: до 24 м, высотой до 15 м без кранов
09-01-001-02	09-01-001	Монтаж каркасов одноэтажных производственных зданий одно- и многопролетных без фонарей	КАРКАСЫ ОДНОЭТАЖНЫХ И МНОГОЭТАЖНЫХ ПРОИЗВОДСТВЕННЫХ ЗДАНИЙ	т	Монтаж каркасов одноэтажных производственных зданий одно- и многопролетных без фонарей пролетом: до 24 м, высотой до 20 м с мостовыми и подвесными кранами грузоподъемностью до 15 т
09-01-001-03	09-01-001	Монтаж каркасов одноэтажных производственных зданий одно- и многопролетных без фонарей	КАРКАСЫ ОДНОЭТАЖНЫХ И МНОГОЭТАЖНЫХ ПРОИЗВОДСТВЕННЫХ ЗДАНИЙ	т	Монтаж каркасов одноэтажных производственных зданий одно- и многопролетных без фонарей пролетом: до 36 м, высотой до 25 м с мостовыми и подвесными кранами грузоподъемностью до 200 
09-01-001-04	09-01-001	Монтаж каркасов одноэтажных производственных зданий одно- и многопролетных без фонарей	КАРКАСЫ ОДНОЭТАЖНЫХ И МНОГОЭТАЖНЫХ ПРОИЗВОДСТВЕННЫХ ЗДАНИЙ	т	Монтаж каркасов одноэтажных производственных зданий одно- и многопролетных без фонарей пролетом: до 36 м, высотой до 30 м с мостовыми и подвесными кранами грузоподъемностью до 360 
09-01-001-05	09-01-001	Монтаж каркасов одноэтажных производственных зданий одно- и многопролетных без фонарей	КАРКАСЫ ОДНОЭТАЖНЫХ И МНОГОЭТАЖНЫХ ПРОИЗВОДСТВЕННЫХ ЗДАНИЙ	т	Монтаж каркасов одноэтажных производственных зданий одно- и многопролетных без фонарей пролетом: до 48 м, высотой до 50 м с мостовыми и подвесными кранами грузоподъемностью до 500 
09-01-001-06	09-01-001	Монтаж каркасов одноэтажных производственных зданий одно- и многопролетных без фонарей	КАРКАСЫ ОДНОЭТАЖНЫХ И МНОГОЭТАЖНЫХ ПРОИЗВОДСТВЕННЫХ ЗДАНИЙ	т	Монтаж каркасов одноэтажных производственных зданий одно- и многопролетных без фонарей пролетом: до 60 м, высотой до 60 м с подвесными кранами и без них
09-01-001-07	09-01-001	Монтаж каркасов одноэтажных производственных зданий одно- и многопролетных без фонарей	КАРКАСЫ ОДНОЭТАЖНЫХ И МНОГОЭТАЖНЫХ ПРОИЗВОДСТВЕННЫХ ЗДАНИЙ	т	Монтаж каркасов одноэтажных производственных зданий одно- и многопролетных без фонарей пролетом: до 96 м, высотой до 60 м с подвесными кранами и без них
09-01-001-08	09-01-001	Монтаж каркасов одноэтажных производственных зданий одно- и многопролетных без фонарей	КАРКАСЫ ОДНОЭТАЖНЫХ И МНОГОЭТАЖНЫХ ПРОИЗВОДСТВЕННЫХ ЗДАНИЙ	т	Монтаж каркасов многоэтажных производственных зданий одно- и многопролетных высотой: до 40 м
09-01-001-09	09-01-001	Монтаж каркасов одноэтажных производственных зданий одно- и многопролетных без фонарей	КАРКАСЫ ОДНОЭТАЖНЫХ И МНОГОЭТАЖНЫХ ПРОИЗВОДСТВЕННЫХ ЗДАНИЙ	т	Монтаж каркасов многоэтажных производственных зданий одно- и многопролетных высотой: до 70 м
09-01-001-10	09-01-001	Монтаж каркасов одноэтажных производственных зданий одно- и многопролетных без фонарей	КАРКАСЫ ОДНОЭТАЖНЫХ И МНОГОЭТАЖНЫХ ПРОИЗВОДСТВЕННЫХ ЗДАНИЙ	т	Монтаж каркасов многоэтажных производственных зданий одно- и многопролетных высотой: до 50 м этажерочного типа
09-01-001-11	09-01-001	Монтаж каркасов одноэтажных производственных зданий одно- и многопролетных без фонарей	КАРКАСЫ ОДНОЭТАЖНЫХ И МНОГОЭТАЖНЫХ ПРОИЗВОДСТВЕННЫХ ЗДАНИЙ	т	Монтаж каркасов многоэтажных производственных зданий одно- и многопролетных высотой: до 100 м этажерочного типа
09-01-001-12	09-01-001	Монтаж каркасов одноэтажных производственных зданий одно- и многопролетных без фонарей	КАРКАСЫ ОДНОЭТАЖНЫХ И МНОГОЭТАЖНЫХ ПРОИЗВОДСТВЕННЫХ ЗДАНИЙ	т	Монтаж каркасов многоэтажных гражданских зданий одно- и многоэтажных высотой: до 25 м
09-01-001-13	09-01-001	Монтаж каркасов одноэтажных производственных зданий одно- и многопролетных без фонарей	КАРКАСЫ ОДНОЭТАЖНЫХ И МНОГОЭТАЖНЫХ ПРОИЗВОДСТВЕННЫХ ЗДАНИЙ	т	Монтаж каркасов многоэтажных гражданских зданий одно- и многоэтажных высотой: до 70 м
09-01-001-14	09-01-001	Монтаж каркасов одноэтажных производственных зданий одно- и многопролетных без фонарей	КАРКАСЫ ОДНОЭТАЖНЫХ И МНОГОЭТАЖНЫХ ПРОИЗВОДСТВЕННЫХ ЗДАНИЙ	т	Монтаж каркасов многоэтажных гражданских зданий одно- и многоэтажных высотой: до 120 м
09-01-001-15	09-01-001	Монтаж каркасов одноэтажных производственных зданий одно- и многопролетных без фонарей	КАРКАСЫ ОДНОЭТАЖНЫХ И МНОГОЭТАЖНЫХ ПРОИЗВОДСТВЕННЫХ ЗДАНИЙ	т	При применении высокопрочных болтов в узлах монтажных соединений исключаются затраты на электродуговую сварку: из норм 09-01-001-01, 09-01-001-02, 09-01-001-03
09-01-001-16	09-01-001	Монтаж каркасов одноэтажных производственных зданий одно- и многопролетных без фонарей	КАРКАСЫ ОДНОЭТАЖНЫХ И МНОГОЭТАЖНЫХ ПРОИЗВОДСТВЕННЫХ ЗДАНИЙ	т	При применении высокопрочных болтов в узлах монтажных соединений исключаются затраты на электродуговую сварку: из норм 09-01-001-08, 09-01-001-09, 09-01-001-10, 09-01-001-11, 09-01
09-01-002-01	09-01-002	Монтаж элементов каркасов быстровозводимых одноэтажных зданий из стальных сварных профилей на болтов	КАРКАСЫ ОДНОЭТАЖНЫХ И МНОГОЭТАЖНЫХ ПРОИЗВОДСТВЕННЫХ ЗДАНИЙ	т	Монтаж элементов каркасов быстровозводимых одноэтажных зданий из стальных сварных профилей на болтовых соединениях (без применения сварки): рам основного несущего каркаса
09-01-002-02	09-01-002	Монтаж элементов каркасов быстровозводимых одноэтажных зданий из стальных сварных профилей на болтов	КАРКАСЫ ОДНОЭТАЖНЫХ И МНОГОЭТАЖНЫХ ПРОИЗВОДСТВЕННЫХ ЗДАНИЙ	т	Монтаж элементов каркасов быстровозводимых одноэтажных зданий из стальных сварных профилей на болтовых соединениях (без применения сварки): стеновых прогонов
09-01-002-03	09-01-002	Монтаж элементов каркасов быстровозводимых одноэтажных зданий из стальных сварных профилей на болтов	КАРКАСЫ ОДНОЭТАЖНЫХ И МНОГОЭТАЖНЫХ ПРОИЗВОДСТВЕННЫХ ЗДАНИЙ	т	Монтаж элементов каркасов быстровозводимых одноэтажных зданий из стальных сварных профилей на болтовых соединениях (без применения сварки): кровельных прогонов
09-01-002-04	09-01-002	Монтаж элементов каркасов быстровозводимых одноэтажных зданий из стальных сварных профилей на болтов	КАРКАСЫ ОДНОЭТАЖНЫХ И МНОГОЭТАЖНЫХ ПРОИЗВОДСТВЕННЫХ ЗДАНИЙ	т	Монтаж элементов каркасов быстровозводимых одноэтажных зданий из стальных сварных профилей на болтовых соединениях (без применения сварки): элементов обрамления проемов
09-01-003-01	09-01-003	Монтаж элементов каркасов быстровозводимых многоэтажных зданий из стальных сварных профилей на болто	КАРКАСЫ ОДНОЭТАЖНЫХ И МНОГОЭТАЖНЫХ ПРОИЗВОДСТВЕННЫХ ЗДАНИЙ	т	Монтаж элементов каркасов быстровозводимых многоэтажных зданий из стальных сварных профилей на болтовых соединениях (без применения сварки): колонн
09-01-003-02	09-01-003	Монтаж элементов каркасов быстровозводимых многоэтажных зданий из стальных сварных профилей на болто	КАРКАСЫ ОДНОЭТАЖНЫХ И МНОГОЭТАЖНЫХ ПРОИЗВОДСТВЕННЫХ ЗДАНИЙ	т	Монтаж элементов каркасов быстровозводимых многоэтажных зданий из стальных сварных профилей на болтовых соединениях (без применения сварки): балок межэтажных перекрытий
09-01-003-03	09-01-003	Монтаж элементов каркасов быстровозводимых многоэтажных зданий из стальных сварных профилей на болто	КАРКАСЫ ОДНОЭТАЖНЫХ И МНОГОЭТАЖНЫХ ПРОИЗВОДСТВЕННЫХ ЗДАНИЙ	т	Монтаж элементов каркасов быстровозводимых многоэтажных зданий из стальных сварных профилей на болтовых соединениях (без применения сварки): связей
09-01-015-01	09-01-015	Монтаж легких металлоконструкций из профильных труб	КАРКАСЫ ИЗ ЛЕГКИХ МЕТАЛЛОКОНСТРУКЦИЙ	т	Монтаж легких металлоконструкций из профильных труб павильонов при укрупнительной сборке элементов на болтовых соединениях
09-03-001-01	09-03-001	Монтаж опорных плит с обработанной поверхностью	ОПОРНЫЕ ПЛИТЫ, КОЛОННЫ, ПОДКРАНОВЫЕ БАЛКИ, ПОДКРАНОВО-ПОДСТР	т	Монтаж опорных плит с обработанной поверхностью массой: до 0,1 т
09-03-001-02	09-03-001	Монтаж опорных плит с обработанной поверхностью	ОПОРНЫЕ ПЛИТЫ, КОЛОННЫ, ПОДКРАНОВЫЕ БАЛКИ, ПОДКРАНОВО-ПОДСТР	т	Монтаж опорных плит с обработанной поверхностью массой: до 0,5 т
09-03-001-03	09-03-001	Монтаж опорных плит с обработанной поверхностью	ОПОРНЫЕ ПЛИТЫ, КОЛОННЫ, ПОДКРАНОВЫЕ БАЛКИ, ПОДКРАНОВО-ПОДСТР	т	Монтаж опорных плит с обработанной поверхностью массой: до 1,0 т
09-03-001-04	09-03-001	Монтаж опорных плит с обработанной поверхностью	ОПОРНЫЕ ПЛИТЫ, КОЛОННЫ, ПОДКРАНОВЫЕ БАЛКИ, ПОДКРАНОВО-ПОДСТР	т	Монтаж опорных плит с обработанной поверхностью массой: более 1,0 т
09-03-002-01	09-03-002	Монтаж колонн одноэтажных и многоэтажных зданий и крановых эстакад	ОПОРНЫЕ ПЛИТЫ, КОЛОННЫ, ПОДКРАНОВЫЕ БАЛКИ, ПОДКРАНОВО-ПОДСТР	т	Монтаж колонн одноэтажных и многоэтажных зданий и крановых эстакад высотой: до 25 м цельного сечения массой до 1,0 т
09-03-002-02	09-03-002	Монтаж колонн одноэтажных и многоэтажных зданий и крановых эстакад	ОПОРНЫЕ ПЛИТЫ, КОЛОННЫ, ПОДКРАНОВЫЕ БАЛКИ, ПОДКРАНОВО-ПОДСТР	т	Монтаж колонн одноэтажных и многоэтажных зданий и крановых эстакад высотой: до 25 м цельного сечения массой свыше 1,0 до 3,0 т
09-03-002-03	09-03-002	Монтаж колонн одноэтажных и многоэтажных зданий и крановых эстакад	ОПОРНЫЕ ПЛИТЫ, КОЛОННЫ, ПОДКРАНОВЫЕ БАЛКИ, ПОДКРАНОВО-ПОДСТР	т	Монтаж колонн одноэтажных и многоэтажных зданий и крановых эстакад высотой: до 25 м цельного сечения массой свыше 3,0 до 5,0 т
09-03-002-04	09-03-002	Монтаж колонн одноэтажных и многоэтажных зданий и крановых эстакад	ОПОРНЫЕ ПЛИТЫ, КОЛОННЫ, ПОДКРАНОВЫЕ БАЛКИ, ПОДКРАНОВО-ПОДСТР	т	Монтаж колонн одноэтажных и многоэтажных зданий и крановых эстакад высотой: до 25 м составного сечения массой до 3,0 т
09-03-002-05	09-03-002	Монтаж колонн одноэтажных и многоэтажных зданий и крановых эстакад	ОПОРНЫЕ ПЛИТЫ, КОЛОННЫ, ПОДКРАНОВЫЕ БАЛКИ, ПОДКРАНОВО-ПОДСТР	т	Монтаж колонн одноэтажных и многоэтажных зданий и крановых эстакад высотой: до 25 м составного сечения массой свыше 3,0 до 5,0 т
09-03-002-06	09-03-002	Монтаж колонн одноэтажных и многоэтажных зданий и крановых эстакад	ОПОРНЫЕ ПЛИТЫ, КОЛОННЫ, ПОДКРАНОВЫЕ БАЛКИ, ПОДКРАНОВО-ПОДСТР	т	Монтаж колонн одноэтажных и многоэтажных зданий и крановых эстакад высотой: до 25 м составного сечения массой свыше 5,0 до 15,0 т
09-03-002-07	09-03-002	Монтаж колонн одноэтажных и многоэтажных зданий и крановых эстакад	ОПОРНЫЕ ПЛИТЫ, КОЛОННЫ, ПОДКРАНОВЫЕ БАЛКИ, ПОДКРАНОВО-ПОДСТР	т	Монтаж колонн одноэтажных и многоэтажных зданий и крановых эстакад высотой: до 25 м составного сечения массой свыше 15,0 т
09-03-002-08	09-03-002	Монтаж колонн одноэтажных и многоэтажных зданий и крановых эстакад	ОПОРНЫЕ ПЛИТЫ, КОЛОННЫ, ПОДКРАНОВЫЕ БАЛКИ, ПОДКРАНОВО-ПОДСТР	т	Монтаж колонн одноэтажных и многоэтажных зданий и крановых эстакад высотой: свыше 25 до 50 м составного сечения массой до 15,0 т
09-03-002-09	09-03-002	Монтаж колонн одноэтажных и многоэтажных зданий и крановых эстакад	ОПОРНЫЕ ПЛИТЫ, КОЛОННЫ, ПОДКРАНОВЫЕ БАЛКИ, ПОДКРАНОВО-ПОДСТР	т	Монтаж колонн одноэтажных и многоэтажных зданий и крановых эстакад высотой: свыше 25 до 50 м составного сечения массой свыше 15,0 т
09-03-002-10	09-03-002	Монтаж колонн одноэтажных и многоэтажных зданий и крановых эстакад	ОПОРНЫЕ ПЛИТЫ, КОЛОННЫ, ПОДКРАНОВЫЕ БАЛКИ, ПОДКРАНОВО-ПОДСТР	т	Монтаж колонн многоэтажных зданий различного назначения при высоте здания: до 25 м
09-03-002-11	09-03-002	Монтаж колонн одноэтажных и многоэтажных зданий и крановых эстакад	ОПОРНЫЕ ПЛИТЫ, КОЛОННЫ, ПОДКРАНОВЫЕ БАЛКИ, ПОДКРАНОВО-ПОДСТР	т	Монтаж колонн многоэтажных зданий различного назначения при высоте здания: свыше 25 до 50 м
09-03-002-12	09-03-002	Монтаж колонн одноэтажных и многоэтажных зданий и крановых эстакад	ОПОРНЫЕ ПЛИТЫ, КОЛОННЫ, ПОДКРАНОВЫЕ БАЛКИ, ПОДКРАНОВО-ПОДСТР	т	Монтаж балок, ригелей перекрытия, покрытия и под установку оборудования многоэтажных зданий при высоте здания: до 25 м
09-03-002-13	09-03-002	Монтаж колонн одноэтажных и многоэтажных зданий и крановых эстакад	ОПОРНЫЕ ПЛИТЫ, КОЛОННЫ, ПОДКРАНОВЫЕ БАЛКИ, ПОДКРАНОВО-ПОДСТР	т	Монтаж балок, ригелей перекрытия, покрытия и под установку оборудования многоэтажных зданий при высоте здания: свыше 25 до 50 м
09-03-003-01	09-03-003	Монтаж подкрановых балок	ОПОРНЫЕ ПЛИТЫ, КОЛОННЫ, ПОДКРАНОВЫЕ БАЛКИ, ПОДКРАНОВО-ПОДСТР	т	Монтаж одиночных подкрановых балок на отметке до 25 м массой: до 1,0 т
09-03-003-02	09-03-003	Монтаж подкрановых балок	ОПОРНЫЕ ПЛИТЫ, КОЛОННЫ, ПОДКРАНОВЫЕ БАЛКИ, ПОДКРАНОВО-ПОДСТР	т	Монтаж одиночных подкрановых балок на отметке до 25 м массой: до 2,0 т
09-03-003-03	09-03-003	Монтаж подкрановых балок	ОПОРНЫЕ ПЛИТЫ, КОЛОННЫ, ПОДКРАНОВЫЕ БАЛКИ, ПОДКРАНОВО-ПОДСТР	т	Монтаж одиночных подкрановых балок на отметке до 25 м массой: более 2,0 т
09-03-003-04	09-03-003	Монтаж подкрановых балок	ОПОРНЫЕ ПЛИТЫ, КОЛОННЫ, ПОДКРАНОВЫЕ БАЛКИ, ПОДКРАНОВО-ПОДСТР	т	Монтаж блоков подкрановых балок полной заводской готовности на отметке до 25 м пролетом до 12 м массой: до 2,0 т
09-03-003-05	09-03-003	Монтаж подкрановых балок	ОПОРНЫЕ ПЛИТЫ, КОЛОННЫ, ПОДКРАНОВЫЕ БАЛКИ, ПОДКРАНОВО-ПОДСТР	т	Монтаж блоков подкрановых балок полной заводской готовности на отметке до 25 м пролетом до 12 м массой: до 3,0 т
09-03-003-06	09-03-003	Монтаж подкрановых балок	ОПОРНЫЕ ПЛИТЫ, КОЛОННЫ, ПОДКРАНОВЫЕ БАЛКИ, ПОДКРАНОВО-ПОДСТР	т	Монтаж блоков подкрановых балок полной заводской готовности на отметке до 25 м пролетом до 12 м массой: более 3,0 т
09-03-003-07	09-03-003	Монтаж подкрановых балок	ОПОРНЫЕ ПЛИТЫ, КОЛОННЫ, ПОДКРАНОВЫЕ БАЛКИ, ПОДКРАНОВО-ПОДСТР	т	Монтаж блоков подкрановых балок, укрупняемых на монтаже, на отметке: до 25 м пролетом до 12 м массой до 2,0 т
09-03-003-08	09-03-003	Монтаж подкрановых балок	ОПОРНЫЕ ПЛИТЫ, КОЛОННЫ, ПОДКРАНОВЫЕ БАЛКИ, ПОДКРАНОВО-ПОДСТР	т	Монтаж блоков подкрановых балок, укрупняемых на монтаже, на отметке: до 25 м пролетом до 12 м массой до 3,0 т
09-03-003-09	09-03-003	Монтаж подкрановых балок	ОПОРНЫЕ ПЛИТЫ, КОЛОННЫ, ПОДКРАНОВЫЕ БАЛКИ, ПОДКРАНОВО-ПОДСТР	т	Монтаж блоков подкрановых балок, укрупняемых на монтаже, на отметке: до 25 м пролетом до 12 м массой более 3,0 т
09-03-003-10	09-03-003	Монтаж подкрановых балок	ОПОРНЫЕ ПЛИТЫ, КОЛОННЫ, ПОДКРАНОВЫЕ БАЛКИ, ПОДКРАНОВО-ПОДСТР	т	Монтаж блоков подкрановых балок, укрупняемых на монтаже, на отметке: до 25 м пролетом до 24 м
09-03-003-11	09-03-003	Монтаж подкрановых балок	ОПОРНЫЕ ПЛИТЫ, КОЛОННЫ, ПОДКРАНОВЫЕ БАЛКИ, ПОДКРАНОВО-ПОДСТР	т	Монтаж блоков подкрановых балок, укрупняемых на монтаже, на отметке: до 25 м пролетом до 30 м
09-03-003-12	09-03-003	Монтаж подкрановых балок	ОПОРНЫЕ ПЛИТЫ, КОЛОННЫ, ПОДКРАНОВЫЕ БАЛКИ, ПОДКРАНОВО-ПОДСТР	т	Монтаж ограждений по подкрановым балкам
09-03-004-01	09-03-004	Монтаж подкраново-подстропильных ферм пролетом более 30 м при поставке россыпью	ОПОРНЫЕ ПЛИТЫ, КОЛОННЫ, ПОДКРАНОВЫЕ БАЛКИ, ПОДКРАНОВО-ПОДСТР	т	Монтаж подкраново-подстропильных ферм пролетом более 30 м при поставке россыпью
09-03-005-01	09-03-005	Монтаж подкрановых путей	ОПОРНЫЕ ПЛИТЫ, КОЛОННЫ, ПОДКРАНОВЫЕ БАЛКИ, ПОДКРАНОВО-ПОДСТР	100 м	Монтаж подкрановых путей: по металлическим подкрановым балкам для рельсов типа Р
09-03-005-02	09-03-005	Монтаж подкрановых путей	ОПОРНЫЕ ПЛИТЫ, КОЛОННЫ, ПОДКРАНОВЫЕ БАЛКИ, ПОДКРАНОВО-ПОДСТР	100 м	Монтаж подкрановых путей: по металлическим подкрановым балкам для рельсов типа КР
09-03-005-03	09-03-005	Монтаж подкрановых путей	ОПОРНЫЕ ПЛИТЫ, КОЛОННЫ, ПОДКРАНОВЫЕ БАЛКИ, ПОДКРАНОВО-ПОДСТР	100 м	Монтаж подкрановых путей: по железобетонным подкрановым балкам
09-03-005-04	09-03-005	Монтаж подкрановых путей	ОПОРНЫЕ ПЛИТЫ, КОЛОННЫ, ПОДКРАНОВЫЕ БАЛКИ, ПОДКРАНОВО-ПОДСТР	100 м	Монтаж подкрановых путей: по деревянным полушпалам в одну нить из рельсов типа Р
09-03-006-01	09-03-006	Монтаж подвесных путей и монорельсов для тельферов на высоте до 25 м	ОПОРНЫЕ ПЛИТЫ, КОЛОННЫ, ПОДКРАНОВЫЕ БАЛКИ, ПОДКРАНОВО-ПОДСТР	100 м	Монтаж подвесных путей и монорельсов для тельферов на высоте до 25 м: прямолинейных по металлическим опорам, номера балок 24 М
09-03-006-02	09-03-006	Монтаж подвесных путей и монорельсов для тельферов на высоте до 25 м	ОПОРНЫЕ ПЛИТЫ, КОЛОННЫ, ПОДКРАНОВЫЕ БАЛКИ, ПОДКРАНОВО-ПОДСТР	100 м	Монтаж подвесных путей и монорельсов для тельферов на высоте до 25 м: прямолинейных по металлическим опорам, номера балок 36 М
09-03-006-03	09-03-006	Монтаж подвесных путей и монорельсов для тельферов на высоте до 25 м	ОПОРНЫЕ ПЛИТЫ, КОЛОННЫ, ПОДКРАНОВЫЕ БАЛКИ, ПОДКРАНОВО-ПОДСТР	100 м	Монтаж подвесных путей и монорельсов для тельферов на высоте до 25 м: прямолинейных по металлическим опорам, номера балок 45 М
09-03-006-04	09-03-006	Монтаж подвесных путей и монорельсов для тельферов на высоте до 25 м	ОПОРНЫЕ ПЛИТЫ, КОЛОННЫ, ПОДКРАНОВЫЕ БАЛКИ, ПОДКРАНОВО-ПОДСТР	100 м	Монтаж подвесных путей и монорельсов для тельферов на высоте до 25 м: прямолинейных по железобетонным опорам, номера балок 24 М
09-03-006-05	09-03-006	Монтаж подвесных путей и монорельсов для тельферов на высоте до 25 м	ОПОРНЫЕ ПЛИТЫ, КОЛОННЫ, ПОДКРАНОВЫЕ БАЛКИ, ПОДКРАНОВО-ПОДСТР	100 м	Монтаж подвесных путей и монорельсов для тельферов на высоте до 25 м: прямолинейных по железобетонным опорам, номера балок 36 М
09-03-006-06	09-03-006	Монтаж подвесных путей и монорельсов для тельферов на высоте до 25 м	ОПОРНЫЕ ПЛИТЫ, КОЛОННЫ, ПОДКРАНОВЫЕ БАЛКИ, ПОДКРАНОВО-ПОДСТР	100 м	Монтаж подвесных путей и монорельсов для тельферов на высоте до 25 м: прямолинейных по железобетонным опорам, номера балок 45 М
09-03-006-07	09-03-006	Монтаж подвесных путей и монорельсов для тельферов на высоте до 25 м	ОПОРНЫЕ ПЛИТЫ, КОЛОННЫ, ПОДКРАНОВЫЕ БАЛКИ, ПОДКРАНОВО-ПОДСТР	100 м	Монтаж подвесных путей и монорельсов для тельферов на высоте до 25 м: криволинейных по металлическим опорам, номера балок 24 М
09-03-006-08	09-03-006	Монтаж подвесных путей и монорельсов для тельферов на высоте до 25 м	ОПОРНЫЕ ПЛИТЫ, КОЛОННЫ, ПОДКРАНОВЫЕ БАЛКИ, ПОДКРАНОВО-ПОДСТР	100 м	Монтаж подвесных путей и монорельсов для тельферов на высоте до 25 м: криволинейных по металлическим опорам, номера балок 36 М
09-03-006-09	09-03-006	Монтаж подвесных путей и монорельсов для тельферов на высоте до 25 м	ОПОРНЫЕ ПЛИТЫ, КОЛОННЫ, ПОДКРАНОВЫЕ БАЛКИ, ПОДКРАНОВО-ПОДСТР	100 м	Монтаж подвесных путей и монорельсов для тельферов на высоте до 25 м: криволинейных по металлическим опорам, номера балок 45 М
09-03-006-10	09-03-006	Монтаж подвесных путей и монорельсов для тельферов на высоте до 25 м	ОПОРНЫЕ ПЛИТЫ, КОЛОННЫ, ПОДКРАНОВЫЕ БАЛКИ, ПОДКРАНОВО-ПОДСТР	100 м	Монтаж подвесных путей и монорельсов для тельферов на высоте до 25 м: криволинейных по железобетонным опорам, номера балок 24 М
09-03-006-11	09-03-006	Монтаж подвесных путей и монорельсов для тельферов на высоте до 25 м	ОПОРНЫЕ ПЛИТЫ, КОЛОННЫ, ПОДКРАНОВЫЕ БАЛКИ, ПОДКРАНОВО-ПОДСТР	100 м	Монтаж подвесных путей и монорельсов для тельферов на высоте до 25 м: криволинейных по железобетонным опорам, номера балок 36 М
09-03-006-12	09-03-006	Монтаж подвесных путей и монорельсов для тельферов на высоте до 25 м	ОПОРНЫЕ ПЛИТЫ, КОЛОННЫ, ПОДКРАНОВЫЕ БАЛКИ, ПОДКРАНОВО-ПОДСТР	100 м	Монтаж подвесных путей и монорельсов для тельферов на высоте до 25 м: криволинейных по железобетонным опорам, номера балок 45 М
09-03-012-01	09-03-012	Монтаж стропильных и подстропильных ферм, опорных стоек	КОНСТРУКТИВНЫЕ ЭЛЕМЕНТЫ ПОКРЫТИЙ ЗДАНИЯ	т	Монтаж стропильных и подстропильных ферм на высоте до 25 м пролетом: до 24 м массой до 3,0 т
09-03-012-02	09-03-012	Монтаж стропильных и подстропильных ферм, опорных стоек	КОНСТРУКТИВНЫЕ ЭЛЕМЕНТЫ ПОКРЫТИЙ ЗДАНИЯ	т	Монтаж стропильных и подстропильных ферм на высоте до 25 м пролетом: до 24 м массой до 5,0 т
09-03-012-03	09-03-012	Монтаж стропильных и подстропильных ферм, опорных стоек	КОНСТРУКТИВНЫЕ ЭЛЕМЕНТЫ ПОКРЫТИЙ ЗДАНИЯ	т	Монтаж стропильных и подстропильных ферм на высоте до 25 м пролетом: до 24 м массой более 5,0 т
09-03-012-04	09-03-012	Монтаж стропильных и подстропильных ферм, опорных стоек	КОНСТРУКТИВНЫЕ ЭЛЕМЕНТЫ ПОКРЫТИЙ ЗДАНИЯ	т	Монтаж стропильных и подстропильных ферм на высоте до 25 м пролетом: до 36 м массой до 5,0 т
09-03-012-05	09-03-012	Монтаж стропильных и подстропильных ферм, опорных стоек	КОНСТРУКТИВНЫЕ ЭЛЕМЕНТЫ ПОКРЫТИЙ ЗДАНИЯ	т	Монтаж стропильных и подстропильных ферм на высоте до 25 м пролетом: до 36 м массой до 8,0 т
09-03-012-06	09-03-012	Монтаж стропильных и подстропильных ферм, опорных стоек	КОНСТРУКТИВНЫЕ ЭЛЕМЕНТЫ ПОКРЫТИЙ ЗДАНИЯ	т	Монтаж стропильных и подстропильных ферм на высоте до 25 м пролетом: до 36 м массой до 10,0 т
09-03-012-07	09-03-012	Монтаж стропильных и подстропильных ферм, опорных стоек	КОНСТРУКТИВНЫЕ ЭЛЕМЕНТЫ ПОКРЫТИЙ ЗДАНИЯ	т	Монтаж стропильных и подстропильных ферм на высоте до 25 м пролетом: до 36 м массой более 10,0 т
09-03-012-08	09-03-012	Монтаж стропильных и подстропильных ферм, опорных стоек	КОНСТРУКТИВНЫЕ ЭЛЕМЕНТЫ ПОКРЫТИЙ ЗДАНИЯ	т	Монтаж стропильных и подстропильных ферм на высоте до 25 м пролетом: до 48 м массой до 8,0 т
09-03-012-09	09-03-012	Монтаж стропильных и подстропильных ферм, опорных стоек	КОНСТРУКТИВНЫЕ ЭЛЕМЕНТЫ ПОКРЫТИЙ ЗДАНИЯ	т	Монтаж стропильных и подстропильных ферм на высоте до 25 м пролетом: до 48 м массой до 10,0 т
09-03-012-10	09-03-012	Монтаж стропильных и подстропильных ферм, опорных стоек	КОНСТРУКТИВНЫЕ ЭЛЕМЕНТЫ ПОКРЫТИЙ ЗДАНИЯ	т	Монтаж стропильных и подстропильных ферм на высоте до 25 м пролетом: до 48 м массой до 15,0 т
09-03-012-11	09-03-012	Монтаж стропильных и подстропильных ферм, опорных стоек	КОНСТРУКТИВНЫЕ ЭЛЕМЕНТЫ ПОКРЫТИЙ ЗДАНИЯ	т	Монтаж стропильных и подстропильных ферм на высоте до 25 м пролетом: до 48 м массой более 15,0 т
09-03-012-12	09-03-012	Монтаж стропильных и подстропильных ферм, опорных стоек	КОНСТРУКТИВНЫЕ ЭЛЕМЕНТЫ ПОКРЫТИЙ ЗДАНИЯ	т	Монтаж опорных стоек для пролетов: до 24 м
09-03-012-13	09-03-012	Монтаж стропильных и подстропильных ферм, опорных стоек	КОНСТРУКТИВНЫЕ ЭЛЕМЕНТЫ ПОКРЫТИЙ ЗДАНИЯ	т	Монтаж опорных стоек для пролетов: до 48 м
09-03-012-14	09-03-012	Монтаж стропильных и подстропильных ферм, опорных стоек	КОНСТРУКТИВНЫЕ ЭЛЕМЕНТЫ ПОКРЫТИЙ ЗДАНИЯ	100 м	Монтаж стропил из спаренного оцинкованного профиля для кровли
09-03-013-01	09-03-013	Монтаж вертикальных связей в виде ферм	КОНСТРУКТИВНЫЕ ЭЛЕМЕНТЫ ПОКРЫТИЙ ЗДАНИЯ	т	Монтаж вертикальных связей в виде ферм для пролетов: до 24 м при высоте здания до 25 м
09-03-013-02	09-03-013	Монтаж вертикальных связей в виде ферм	КОНСТРУКТИВНЫЕ ЭЛЕМЕНТЫ ПОКРЫТИЙ ЗДАНИЯ	т	Монтаж вертикальных связей в виде ферм для пролетов: до 24 м при высоте здания до 50 м
09-03-013-03	09-03-013	Монтаж вертикальных связей в виде ферм	КОНСТРУКТИВНЫЕ ЭЛЕМЕНТЫ ПОКРЫТИЙ ЗДАНИЯ	т	Монтаж вертикальных связей в виде ферм для пролетов: более 24 м при высоте здания до 25 м
09-03-013-04	09-03-013	Монтаж вертикальных связей в виде ферм	КОНСТРУКТИВНЫЕ ЭЛЕМЕНТЫ ПОКРЫТИЙ ЗДАНИЯ	т	Монтаж вертикальных связей в виде ферм для пролетов: более 24 м при высоте здания до 50 м
09-03-014-01	09-03-014	Монтаж связей и распорок из одиночных и парных уголков, гнутосварных профилей	КОНСТРУКТИВНЫЕ ЭЛЕМЕНТЫ ПОКРЫТИЙ ЗДАНИЯ	т	Монтаж связей и распорок из одиночных и парных уголков, гнутосварных профилей для пролетов: до 24 м при высоте здания до 25 м
09-03-014-02	09-03-014	Монтаж связей и распорок из одиночных и парных уголков, гнутосварных профилей	КОНСТРУКТИВНЫЕ ЭЛЕМЕНТЫ ПОКРЫТИЙ ЗДАНИЯ	т	Монтаж связей и распорок из одиночных и парных уголков, гнутосварных профилей для пролетов: до 24 м при высоте здания до 50 м
09-03-014-03	09-03-014	Монтаж связей и распорок из одиночных и парных уголков, гнутосварных профилей	КОНСТРУКТИВНЫЕ ЭЛЕМЕНТЫ ПОКРЫТИЙ ЗДАНИЯ	т	Монтаж связей и распорок из одиночных и парных уголков, гнутосварных профилей для пролетов: более 24 м при высоте здания до 25 м
09-03-014-04	09-03-014	Монтаж связей и распорок из одиночных и парных уголков, гнутосварных профилей	КОНСТРУКТИВНЫЕ ЭЛЕМЕНТЫ ПОКРЫТИЙ ЗДАНИЯ	т	Монтаж связей и распорок из одиночных и парных уголков, гнутосварных профилей для пролетов: более 24 м при высоте здания до 50 м
09-03-015-01	09-03-015	Монтаж прогонов при шаге ферм до 12 м	КОНСТРУКТИВНЫЕ ЭЛЕМЕНТЫ ПОКРЫТИЙ ЗДАНИЯ	т	Монтаж прогонов при шаге ферм до 12 м при высоте здания: до 25 м
09-03-015-02	09-03-015	Монтаж прогонов при шаге ферм до 12 м	КОНСТРУКТИВНЫЕ ЭЛЕМЕНТЫ ПОКРЫТИЙ ЗДАНИЯ	т	Монтаж прогонов при шаге ферм до 12 м при высоте здания: до 50 м
09-04-009-01	09-04-009	Монтаж оконных блоков	ОКОННЫЕ БЛОКИ, ВИТРАЖИ, ВИТРИНЫ, ДВЕРИ, ВОРОТА	т	Монтаж оконных блоков: стальных с нащельниками из стали при высоте здания до 50 м
09-04-009-02	09-04-009	Монтаж оконных блоков	ОКОННЫЕ БЛОКИ, ВИТРАЖИ, ВИТРИНЫ, ДВЕРИ, ВОРОТА	т	Монтаж оконных блоков: стальных с нащельниками из алюминиевых сплавов при высоте здания до 50 м
09-04-009-03	09-04-009	Монтаж оконных блоков	ОКОННЫЕ БЛОКИ, ВИТРАЖИ, ВИТРИНЫ, ДВЕРИ, ВОРОТА	т	Монтаж оконных блоков: алюминиевых с нащельниками из алюминия
09-04-009-04	09-04-009	Монтаж оконных блоков	ОКОННЫЕ БЛОКИ, ВИТРАЖИ, ВИТРИНЫ, ДВЕРИ, ВОРОТА	100 м2	Монтаж оконных блоков: из алюминиевых многокамерных профилей с герметичными стеклопакетами
09-04-010-01	09-04-010	Монтаж витражей, витрин и остекленных панелей фасадов	ОКОННЫЕ БЛОКИ, ВИТРАЖИ, ВИТРИНЫ, ДВЕРИ, ВОРОТА	т	Монтаж витражей, витрин: с двойным или одинарным остеклением для высотных зданий
09-04-010-02	09-04-010	Монтаж витражей, витрин и остекленных панелей фасадов	ОКОННЫЕ БЛОКИ, ВИТРАЖИ, ВИТРИНЫ, ДВЕРИ, ВОРОТА	т	Монтаж витражей, витрин: с одинарным остеклением в одноэтажных зданиях
09-04-010-03	09-04-010	Монтаж витражей, витрин и остекленных панелей фасадов	ОКОННЫЕ БЛОКИ, ВИТРАЖИ, ВИТРИНЫ, ДВЕРИ, ВОРОТА	100 м2	Монтаж навесных панелей фасадов из герметичных стеклопакетов в пластиковой или алюминиевой обвязке
09-04-010-05	09-04-010	Монтаж витражей, витрин и остекленных панелей фасадов	ОКОННЫЕ БЛОКИ, ВИТРАЖИ, ВИТРИНЫ, ДВЕРИ, ВОРОТА	100 м2	Заделка стыков при монтаже алюминиевых витражей
09-04-010-06	09-04-010	Монтаж витражей, витрин и остекленных панелей фасадов	ОКОННЫЕ БЛОКИ, ВИТРАЖИ, ВИТРИНЫ, ДВЕРИ, ВОРОТА	м2	Установка конструкций витражей из нержавеющей стали
09-04-010-07	09-04-010	Монтаж витражей, витрин и остекленных панелей фасадов	ОКОННЫЕ БЛОКИ, ВИТРАЖИ, ВИТРИНЫ, ДВЕРИ, ВОРОТА	100 шт	Установка опорных кронштейнов для крепления витражных блоков из алюминиевых профилей
09-04-010-08	09-04-010	Монтаж витражей, витрин и остекленных панелей фасадов	ОКОННЫЕ БЛОКИ, ВИТРАЖИ, ВИТРИНЫ, ДВЕРИ, ВОРОТА	100 м2	Монтаж каркаса витражных блоков из алюминиевых профилей
09-04-010-09	09-04-010	Монтаж витражей, витрин и остекленных панелей фасадов	ОКОННЫЕ БЛОКИ, ВИТРАЖИ, ВИТРИНЫ, ДВЕРИ, ВОРОТА	100 м2	Заполнение каркаса витражных блоков из алюминиевых профилей стеклом
09-04-011-01	09-04-011	Монтаж каркасов ворот большепролетных зданий, ангаров и др. без механизмов открывания	ОКОННЫЕ БЛОКИ, ВИТРАЖИ, ВИТРИНЫ, ДВЕРИ, ВОРОТА	т	Монтаж каркасов ворот большепролетных зданий, ангаров и др. без механизмов открывания
09-04-012-01	09-04-012	Установка металлических дверных блоков в готовые проемы	ОКОННЫЕ БЛОКИ, ВИТРАЖИ, ВИТРИНЫ, ДВЕРИ, ВОРОТА	м2	Установка металлических дверных блоков в готовые проемы
09-04-012-02	09-04-012	Установка металлических дверных блоков в готовые проемы	ОКОННЫЕ БЛОКИ, ВИТРАЖИ, ВИТРИНЫ, ДВЕРИ, ВОРОТА	шт	Установка дверного доводчика к металлическим дверям
09-04-012-03	09-04-012	Установка металлических дверных блоков в готовые проемы	ОКОННЫЕ БЛОКИ, ВИТРАЖИ, ВИТРИНЫ, ДВЕРИ, ВОРОТА	10 шт	Установка устройства экстренного открывания металлических дверей
09-04-013-01	09-04-013	Установка противопожарных дверей	ОКОННЫЕ БЛОКИ, ВИТРАЖИ, ВИТРИНЫ, ДВЕРИ, ВОРОТА	м2	Установка противопожарных дверей: однопольных глухих
09-04-013-02	09-04-013	Установка противопожарных дверей	ОКОННЫЕ БЛОКИ, ВИТРАЖИ, ВИТРИНЫ, ДВЕРИ, ВОРОТА	м2	Установка противопожарных дверей: двупольных глухих
09-04-013-03	09-04-013	Установка противопожарных дверей	ОКОННЫЕ БЛОКИ, ВИТРАЖИ, ВИТРИНЫ, ДВЕРИ, ВОРОТА	м2	Установка противопожарных дверей: однопольных остекленных
09-04-013-04	09-04-013	Установка противопожарных дверей	ОКОННЫЕ БЛОКИ, ВИТРАЖИ, ВИТРИНЫ, ДВЕРИ, ВОРОТА	м2	Установка противопожарных дверей: двупольных остекленных
09-04-013-05	09-04-013	Установка противопожарных дверей	ОКОННЫЕ БЛОКИ, ВИТРАЖИ, ВИТРИНЫ, ДВЕРИ, ВОРОТА	10 шт	Установка на анкера противопожарных дверей: однопольных
09-04-013-06	09-04-013	Установка противопожарных дверей	ОКОННЫЕ БЛОКИ, ВИТРАЖИ, ВИТРИНЫ, ДВЕРИ, ВОРОТА	10 шт	Установка на анкера противопожарных дверей: двупольных
09-04-014-01	09-04-014	Заделка швов в местах примыкания	ОКОННЫЕ БЛОКИ, ВИТРАЖИ, ВИТРИНЫ, ДВЕРИ, ВОРОТА	100 м	Заделка швов в местах примыкания металлических оконных блоков, перегородок, витражей к стенам и между собой: тиоколовой мастикой
09-04-014-02	09-04-014	Заделка швов в местах примыкания	ОКОННЫЕ БЛОКИ, ВИТРАЖИ, ВИТРИНЫ, ДВЕРИ, ВОРОТА	100 м	Заделка швов в местах примыкания металлических оконных блоков, перегородок, витражей к стенам и между собой: смоляной паклей
09-04-015-01	09-04-015	Установка в жилых и общественных зданиях оконных блоков из алюминиевых профилей	ОКОННЫЕ БЛОКИ, ВИТРАЖИ, ВИТРИНЫ, ДВЕРИ, ВОРОТА	100 м2	Установка в жилых и общественных зданиях оконных блоков из алюминиевых профилей: глухих с площадью проема до 2 м2
09-04-015-02	09-04-015	Установка в жилых и общественных зданиях оконных блоков из алюминиевых профилей	ОКОННЫЕ БЛОКИ, ВИТРАЖИ, ВИТРИНЫ, ДВЕРИ, ВОРОТА	100 м2	Установка в жилых и общественных зданиях оконных блоков из алюминиевых профилей: поворотных (откидных, поворотно-откидных) с площадью проема до 2 м2 одностворчатых
09-04-015-03	09-04-015	Установка в жилых и общественных зданиях оконных блоков из алюминиевых профилей	ОКОННЫЕ БЛОКИ, ВИТРАЖИ, ВИТРИНЫ, ДВЕРИ, ВОРОТА	100 м2	Установка в жилых и общественных зданиях оконных блоков из алюминиевых профилей: поворотных (откидных, поворотно-откидных) с площадью проема до 2 м2 двухстворчатых
09-04-015-04	09-04-015	Установка в жилых и общественных зданиях оконных блоков из алюминиевых профилей	ОКОННЫЕ БЛОКИ, ВИТРАЖИ, ВИТРИНЫ, ДВЕРИ, ВОРОТА	100 м2	Установка в жилых и общественных зданиях оконных блоков из алюминиевых профилей: глухих с площадью проема более 2 м2
09-04-015-05	09-04-015	Установка в жилых и общественных зданиях оконных блоков из алюминиевых профилей	ОКОННЫЕ БЛОКИ, ВИТРАЖИ, ВИТРИНЫ, ДВЕРИ, ВОРОТА	100 м2	Установка в жилых и общественных зданиях оконных блоков из алюминиевых профилей: поворотных (откидных, поворотно-откидных) с площадью проема более 2 м2 одностворчатых
09-04-015-06	09-04-015	Установка в жилых и общественных зданиях оконных блоков из алюминиевых профилей	ОКОННЫЕ БЛОКИ, ВИТРАЖИ, ВИТРИНЫ, ДВЕРИ, ВОРОТА	100 м2	Установка в жилых и общественных зданиях оконных блоков из алюминиевых профилей: поворотных (откидных, поворотно-откидных) с площадью проема более 2 м2 двухстворчатых
09-04-015-07	09-04-015	Установка в жилых и общественных зданиях оконных блоков из алюминиевых профилей	ОКОННЫЕ БЛОКИ, ВИТРАЖИ, ВИТРИНЫ, ДВЕРИ, ВОРОТА	100 м2	Установка в жилых и общественных зданиях оконных блоков из алюминиевых профилей: поворотных (откидных, поворотно-откидных) с площадью проема более 2 м2 трехстворчатых
09-04-016-01	09-04-016	Установка решеток на окна	ОКОННЫЕ БЛОКИ, ВИТРАЖИ, ВИТРИНЫ, ДВЕРИ, ВОРОТА	т	Установка решеток на окна массой: до 25 кг/м2
09-04-016-02	09-04-016	Установка решеток на окна	ОКОННЫЕ БЛОКИ, ВИТРАЖИ, ВИТРИНЫ, ДВЕРИ, ВОРОТА	т	Установка решеток на окна массой: свыше 25 до 50 кг/м2
09-04-017-01	09-04-017	Установка обрамлений проемов шахтных дверей	ОКОННЫЕ БЛОКИ, ВИТРАЖИ, ВИТРИНЫ, ДВЕРИ, ВОРОТА	шт	Установка обрамлений проемов шахтных дверей, при ширине дверного проема: до 800 мм
09-04-017-02	09-04-017	Установка обрамлений проемов шахтных дверей	ОКОННЫЕ БЛОКИ, ВИТРАЖИ, ВИТРИНЫ, ДВЕРИ, ВОРОТА	шт	Установка обрамлений проемов шахтных дверей, при ширине дверного проема: свыше 800 до 1000 мм
09-04-017-03	09-04-017	Установка обрамлений проемов шахтных дверей	ОКОННЫЕ БЛОКИ, ВИТРАЖИ, ВИТРИНЫ, ДВЕРИ, ВОРОТА	шт	Установка обрамлений проемов шахтных дверей, при ширине дверного проема: свыше 1000 до 1200 мм
09-04-017-04	09-04-017	Установка обрамлений проемов шахтных дверей	ОКОННЫЕ БЛОКИ, ВИТРАЖИ, ВИТРИНЫ, ДВЕРИ, ВОРОТА	шт	Установка обрамлений проемов шахтных дверей, при ширине дверного проема: свыше 1200 до 1400 мм
09-04-018-01	09-04-018	Монтаж витражных блоков входных групп из алюминиевых профилей	ОКОННЫЕ БЛОКИ, ВИТРАЖИ, ВИТРИНЫ, ДВЕРИ, ВОРОТА	100 шт	Установка опорных кронштейнов для крепления витражных алюминиевых блоков входных групп
09-04-018-02	09-04-018	Монтаж витражных блоков входных групп из алюминиевых профилей	ОКОННЫЕ БЛОКИ, ВИТРАЖИ, ВИТРИНЫ, ДВЕРИ, ВОРОТА	100 м2	Монтаж каркаса витражных блоков из алюминиевых профилей для входных групп, массой конструкции до 43 кг/м2
09-04-018-03	09-04-018	Монтаж витражных блоков входных групп из алюминиевых профилей	ОКОННЫЕ БЛОКИ, ВИТРАЖИ, ВИТРИНЫ, ДВЕРИ, ВОРОТА	100 м2	Заполнение каркаса витражных блоков из алюминиевых профилей: сэндвич панелями площадью до 0,5 м2
09-04-018-04	09-04-018	Монтаж витражных блоков входных групп из алюминиевых профилей	ОКОННЫЕ БЛОКИ, ВИТРАЖИ, ВИТРИНЫ, ДВЕРИ, ВОРОТА	100 м2	Заполнение каркаса витражных блоков из алюминиевых профилей: сэндвич панелями площадью свыше 0,5 до 1 м2
09-04-018-05	09-04-018	Монтаж витражных блоков входных групп из алюминиевых профилей	ОКОННЫЕ БЛОКИ, ВИТРАЖИ, ВИТРИНЫ, ДВЕРИ, ВОРОТА	100 м2	Заполнение каркаса витражных блоков из алюминиевых профилей: сэндвич панелями площадью свыше 1 до 2 м2
09-04-018-06	09-04-018	Монтаж витражных блоков входных групп из алюминиевых профилей	ОКОННЫЕ БЛОКИ, ВИТРАЖИ, ВИТРИНЫ, ДВЕРИ, ВОРОТА	100 м2	Заполнение каркаса витражных блоков из алюминиевых профилей: стеклопакетами площадью до 1 м2
09-04-018-07	09-04-018	Монтаж витражных блоков входных групп из алюминиевых профилей	ОКОННЫЕ БЛОКИ, ВИТРАЖИ, ВИТРИНЫ, ДВЕРИ, ВОРОТА	100 м2	Заполнение каркаса витражных блоков из алюминиевых профилей: стеклопакетами площадью свыше 1 до 2 м2
09-04-018-08	09-04-018	Монтаж витражных блоков входных групп из алюминиевых профилей	ОКОННЫЕ БЛОКИ, ВИТРАЖИ, ВИТРИНЫ, ДВЕРИ, ВОРОТА	100 м2	Заполнение каркаса витражных блоков из алюминиевых профилей: стеклопакетами площадью свыше 2 до 3 м2
09-04-018-09	09-04-018	Монтаж витражных блоков входных групп из алюминиевых профилей	ОКОННЫЕ БЛОКИ, ВИТРАЖИ, ВИТРИНЫ, ДВЕРИ, ВОРОТА	100 м2	Заполнение каркаса витражных блоков из алюминиевых профилей: вентрешетками
09-04-018-10	09-04-018	Монтаж витражных блоков входных групп из алюминиевых профилей	ОКОННЫЕ БЛОКИ, ВИТРАЖИ, ВИТРИНЫ, ДВЕРИ, ВОРОТА	100 м2	Заполнение каркаса витражных блоков из алюминиевых профилей: дверными блоками
09-04-019-01	09-04-019	Монтаж системы остекления фасадов из габаритных стеклопакетов по стоечно-ригельной присоединительной	ОКОННЫЕ БЛОКИ, ВИТРАЖИ, ВИТРИНЫ, ДВЕРИ, ВОРОТА	стойка	Установка цельностеклянных стоек из многослойного термоупрочненного стекла
09-04-019-02	09-04-019	Монтаж системы остекления фасадов из габаритных стеклопакетов по стоечно-ригельной присоединительной	ОКОННЫЕ БЛОКИ, ВИТРАЖИ, ВИТРИНЫ, ДВЕРИ, ВОРОТА	100 м2	Установка остекления фасада цельностеклянными двухкамерными стеклопакетами площадью свыше 27 до 36 м2
09-05-001-01	09-05-001	Облицовка ворот стальным профилированным листом	ОБЛИЦОВКА ПОВЕРХНОСТИ, СВАРОЧНЫЕ РАБОТЫ, ПОСТАНОВКА БОЛТОВ И	100 м2	Облицовка ворот стальным профилированным листом
09-05-002-01	09-05-002	Электродуговая сварка при монтаже	ОБЛИЦОВКА ПОВЕРХНОСТИ, СВАРОЧНЫЕ РАБОТЫ, ПОСТАНОВКА БОЛТОВ И	10 т	Электродуговая сварка при монтаже одноэтажных производственных зданий: каркасов в целом
09-05-002-02	09-05-002	Электродуговая сварка при монтаже	ОБЛИЦОВКА ПОВЕРХНОСТИ, СВАРОЧНЫЕ РАБОТЫ, ПОСТАНОВКА БОЛТОВ И	10 т	Электродуговая сварка при монтаже одноэтажных производственных зданий: опорных частей каркасов (колонны, подкрановые балки)
09-05-002-03	09-05-002	Электродуговая сварка при монтаже	ОБЛИЦОВКА ПОВЕРХНОСТИ, СВАРОЧНЫЕ РАБОТЫ, ПОСТАНОВКА БОЛТОВ И	10 т	Электродуговая сварка при монтаже одноэтажных производственных зданий: ограждений
09-05-002-04	09-05-002	Электродуговая сварка при монтаже	ОБЛИЦОВКА ПОВЕРХНОСТИ, СВАРОЧНЫЕ РАБОТЫ, ПОСТАНОВКА БОЛТОВ И	10 т	Электродуговая сварка при монтаже одноэтажных производственных зданий: покрытий (фермы, балки)
09-05-003-01	09-05-003	Постановка болтов	ОБЛИЦОВКА ПОВЕРХНОСТИ, СВАРОЧНЫЕ РАБОТЫ, ПОСТАНОВКА БОЛТОВ И	100 шт	Постановка болтов: строительных с гайками и шайбами
09-05-003-02	09-05-003	Постановка болтов	ОБЛИЦОВКА ПОВЕРХНОСТИ, СВАРОЧНЫЕ РАБОТЫ, ПОСТАНОВКА БОЛТОВ И	100 шт	Постановка болтов: высокопрочных
09-05-004-01	09-05-004	Ультразвуковой контроль качества сварных соединений	ОБЛИЦОВКА ПОВЕРХНОСТИ, СВАРОЧНЫЕ РАБОТЫ, ПОСТАНОВКА БОЛТОВ И	м шва	Ультразвуковой контроль качества сварных соединений, положение шва: нижнее и вертикальное толщиной металла до 10 мм
09-05-004-02	09-05-004	Ультразвуковой контроль качества сварных соединений	ОБЛИЦОВКА ПОВЕРХНОСТИ, СВАРОЧНЫЕ РАБОТЫ, ПОСТАНОВКА БОЛТОВ И	м шва	Ультразвуковой контроль качества сварных соединений, положение шва: нижнее и вертикальное толщиной металла до 20 мм
09-05-004-03	09-05-004	Ультразвуковой контроль качества сварных соединений	ОБЛИЦОВКА ПОВЕРХНОСТИ, СВАРОЧНЫЕ РАБОТЫ, ПОСТАНОВКА БОЛТОВ И	м шва	Ультразвуковой контроль качества сварных соединений, положение шва: нижнее и вертикальное толщиной металла до 30 мм
09-05-004-04	09-05-004	Ультразвуковой контроль качества сварных соединений	ОБЛИЦОВКА ПОВЕРХНОСТИ, СВАРОЧНЫЕ РАБОТЫ, ПОСТАНОВКА БОЛТОВ И	м шва	Ультразвуковой контроль качества сварных соединений, положение шва: нижнее и вертикальное толщиной металла до 40 мм
09-05-004-05	09-05-004	Ультразвуковой контроль качества сварных соединений	ОБЛИЦОВКА ПОВЕРХНОСТИ, СВАРОЧНЫЕ РАБОТЫ, ПОСТАНОВКА БОЛТОВ И	м шва	Ультразвуковой контроль качества сварных соединений, положение шва: потолочное толщиной металла до 10 мм
09-05-004-06	09-05-004	Ультразвуковой контроль качества сварных соединений	ОБЛИЦОВКА ПОВЕРХНОСТИ, СВАРОЧНЫЕ РАБОТЫ, ПОСТАНОВКА БОЛТОВ И	м шва	Ультразвуковой контроль качества сварных соединений, положение шва: потолочное толщиной металла до 20 мм
09-05-004-07	09-05-004	Ультразвуковой контроль качества сварных соединений	ОБЛИЦОВКА ПОВЕРХНОСТИ, СВАРОЧНЫЕ РАБОТЫ, ПОСТАНОВКА БОЛТОВ И	м шва	Ультразвуковой контроль качества сварных соединений, положение шва: потолочное толщиной металла до 30 мм
09-05-004-08	09-05-004	Ультразвуковой контроль качества сварных соединений	ОБЛИЦОВКА ПОВЕРХНОСТИ, СВАРОЧНЫЕ РАБОТЫ, ПОСТАНОВКА БОЛТОВ И	м шва	Ультразвуковой контроль качества сварных соединений, положение шва: потолочное толщиной металла до 40 мм
09-05-005-01	09-05-005	Контроль качества сварных соединений	ОБЛИЦОВКА ПОВЕРХНОСТИ, СВАРОЧНЫЕ РАБОТЫ, ПОСТАНОВКА БОЛТОВ И	м шва	Контроль качества сварных соединений: рентгеновскими лучами толщиной металла до 5 мм
09-05-005-02	09-05-005	Контроль качества сварных соединений	ОБЛИЦОВКА ПОВЕРХНОСТИ, СВАРОЧНЫЕ РАБОТЫ, ПОСТАНОВКА БОЛТОВ И	м шва	Контроль качества сварных соединений: рентгеновскими лучами толщиной металла до 10 мм
09-05-005-03	09-05-005	Контроль качества сварных соединений	ОБЛИЦОВКА ПОВЕРХНОСТИ, СВАРОЧНЫЕ РАБОТЫ, ПОСТАНОВКА БОЛТОВ И	м шва	Контроль качества сварных соединений: рентгеновскими лучами толщиной металла до 15 мм
09-05-005-04	09-05-005	Контроль качества сварных соединений	ОБЛИЦОВКА ПОВЕРХНОСТИ, СВАРОЧНЫЕ РАБОТЫ, ПОСТАНОВКА БОЛТОВ И	м шва	Контроль качества сварных соединений: рентгеновскими лучами толщиной металла до 20 мм
09-05-005-05	09-05-005	Контроль качества сварных соединений	ОБЛИЦОВКА ПОВЕРХНОСТИ, СВАРОЧНЫЕ РАБОТЫ, ПОСТАНОВКА БОЛТОВ И	м шва	Контроль качества сварных соединений: рентгеновскими лучами толщиной металла до 30 мм
09-05-005-06	09-05-005	Контроль качества сварных соединений	ОБЛИЦОВКА ПОВЕРХНОСТИ, СВАРОЧНЫЕ РАБОТЫ, ПОСТАНОВКА БОЛТОВ И	м шва	Контроль качества сварных соединений: рентгеновскими лучами толщиной металла до 40 мм
09-05-005-07	09-05-005	Контроль качества сварных соединений	ОБЛИЦОВКА ПОВЕРХНОСТИ, СВАРОЧНЫЕ РАБОТЫ, ПОСТАНОВКА БОЛТОВ И	м шва	Контроль качества сварных соединений: гамма-лучами толщиной металла до 5 мм
09-05-005-08	09-05-005	Контроль качества сварных соединений	ОБЛИЦОВКА ПОВЕРХНОСТИ, СВАРОЧНЫЕ РАБОТЫ, ПОСТАНОВКА БОЛТОВ И	м шва	Контроль качества сварных соединений: гамма-лучами толщиной металла до 10 мм
09-05-005-09	09-05-005	Контроль качества сварных соединений	ОБЛИЦОВКА ПОВЕРХНОСТИ, СВАРОЧНЫЕ РАБОТЫ, ПОСТАНОВКА БОЛТОВ И	м шва	Контроль качества сварных соединений: гамма-лучами толщиной металла до 15 мм
09-05-005-10	09-05-005	Контроль качества сварных соединений	ОБЛИЦОВКА ПОВЕРХНОСТИ, СВАРОЧНЫЕ РАБОТЫ, ПОСТАНОВКА БОЛТОВ И	м шва	Контроль качества сварных соединений: гамма-лучами толщиной металла до 20 мм
09-05-005-11	09-05-005	Контроль качества сварных соединений	ОБЛИЦОВКА ПОВЕРХНОСТИ, СВАРОЧНЫЕ РАБОТЫ, ПОСТАНОВКА БОЛТОВ И	м шва	Контроль качества сварных соединений: гамма-лучами толщиной металла до 30 мм
09-05-005-12	09-05-005	Контроль качества сварных соединений	ОБЛИЦОВКА ПОВЕРХНОСТИ, СВАРОЧНЫЕ РАБОТЫ, ПОСТАНОВКА БОЛТОВ И	м шва	Контроль качества сварных соединений: гамма-лучами толщиной металла до 40 мм
09-05-006-01	09-05-006	Резка стального профилированного настила	ОБЛИЦОВКА ПОВЕРХНОСТИ, СВАРОЧНЫЕ РАБОТЫ, ПОСТАНОВКА БОЛТОВ И	м реза	Резка стального профилированного настила
09-05-007-01	09-05-007	Вырезка отверстий в металлоконструкциях	ОБЛИЦОВКА ПОВЕРХНОСТИ, СВАРОЧНЫЕ РАБОТЫ, ПОСТАНОВКА БОЛТОВ И	100 м	Вырезка отверстий в металлоконструкциях при толщине стали: до 5 мм
09-05-007-02	09-05-007	Вырезка отверстий в металлоконструкциях	ОБЛИЦОВКА ПОВЕРХНОСТИ, СВАРОЧНЫЕ РАБОТЫ, ПОСТАНОВКА БОЛТОВ И	100 м	Вырезка отверстий в металлоконструкциях при толщине стали: от 5 до 10 мм
09-05-007-03	09-05-007	Вырезка отверстий в металлоконструкциях	ОБЛИЦОВКА ПОВЕРХНОСТИ, СВАРОЧНЫЕ РАБОТЫ, ПОСТАНОВКА БОЛТОВ И	100 м	Вырезка отверстий в металлоконструкциях при толщине стали: от 10 до 20 мм
09-05-007-04	09-05-007	Вырезка отверстий в металлоконструкциях	ОБЛИЦОВКА ПОВЕРХНОСТИ, СВАРОЧНЫЕ РАБОТЫ, ПОСТАНОВКА БОЛТОВ И	100 м	Вырезка отверстий в металлоконструкциях при толщине стали: от 20 до 30 мм
09-05-007-05	09-05-007	Вырезка отверстий в металлоконструкциях	ОБЛИЦОВКА ПОВЕРХНОСТИ, СВАРОЧНЫЕ РАБОТЫ, ПОСТАНОВКА БОЛТОВ И	100 м	Вырезка отверстий в металлоконструкциях при толщине стали: от 30 до 40 мм
09-05-007-06	09-05-007	Вырезка отверстий в металлоконструкциях	ОБЛИЦОВКА ПОВЕРХНОСТИ, СВАРОЧНЫЕ РАБОТЫ, ПОСТАНОВКА БОЛТОВ И	100 м	Вырезка отверстий в металлоконструкциях при толщине стали: от 40 до 50 мм
09-05-007-07	09-05-007	Вырезка отверстий в металлоконструкциях	ОБЛИЦОВКА ПОВЕРХНОСТИ, СВАРОЧНЫЕ РАБОТЫ, ПОСТАНОВКА БОЛТОВ И	100 м	Вырезка отверстий в металлоконструкциях при толщине стали: от 50 до 60 мм
09-05-007-08	09-05-007	Вырезка отверстий в металлоконструкциях	ОБЛИЦОВКА ПОВЕРХНОСТИ, СВАРОЧНЫЕ РАБОТЫ, ПОСТАНОВКА БОЛТОВ И	100 м	Вырезка отверстий в металлоконструкциях при толщине стали: более 60 мм
09-05-008-01	09-05-008	Облицовка заправочного островка	ОБЛИЦОВКА ПОВЕРХНОСТИ, СВАРОЧНЫЕ РАБОТЫ, ПОСТАНОВКА БОЛТОВ И	100 м	Облицовка заправочного островка
09-05-009-01	09-05-009	Установка алюминиевых фризов, сливов, нащельников	ОБЛИЦОВКА ПОВЕРХНОСТИ, СВАРОЧНЫЕ РАБОТЫ, ПОСТАНОВКА БОЛТОВ И	100 м	Установка алюминиевых: фризов
09-05-009-02	09-05-009	Установка алюминиевых фризов, сливов, нащельников	ОБЛИЦОВКА ПОВЕРХНОСТИ, СВАРОЧНЫЕ РАБОТЫ, ПОСТАНОВКА БОЛТОВ И	100 м	Установка алюминиевых: сливов
09-05-009-03	09-05-009	Установка алюминиевых фризов, сливов, нащельников	ОБЛИЦОВКА ПОВЕРХНОСТИ, СВАРОЧНЫЕ РАБОТЫ, ПОСТАНОВКА БОЛТОВ И	100 м	Установка алюминиевых: нащельников
09-05-010-01	09-05-010	Подшивка терморазъемов витражей асбестоцементными листами	ОБЛИЦОВКА ПОВЕРХНОСТИ, СВАРОЧНЫЕ РАБОТЫ, ПОСТАНОВКА БОЛТОВ И	100 м2	Подшивка терморазъемов витражей асбестоцементными листами
09-05-011-01	09-05-011	Облицовка ограждений балконов и лоджий стальным профилированным листом	ОБЛИЦОВКА ПОВЕРХНОСТИ, СВАРОЧНЫЕ РАБОТЫ, ПОСТАНОВКА БОЛТОВ И	100 м2	Облицовка ограждений балконов и лоджий стальным профилированным листом
09-05-012-01	09-05-012	Облицовка алюминиевыми панелями с сотовым заполнением	ОБЛИЦОВКА ПОВЕРХНОСТИ, СВАРОЧНЫЕ РАБОТЫ, ПОСТАНОВКА БОЛТОВ И	т	Облицовка алюминиевыми панелями с сотовым заполнением: стен
09-05-012-02	09-05-012	Облицовка алюминиевыми панелями с сотовым заполнением	ОБЛИЦОВКА ПОВЕРХНОСТИ, СВАРОЧНЫЕ РАБОТЫ, ПОСТАНОВКА БОЛТОВ И	100 м2	Облицовка алюминиевыми панелями с сотовым заполнением: потолков
09-05-013-01	09-05-013	Контроль качества сварных соединений резервуаров беспроводным комплексом цифровой радиографии	ОБЛИЦОВКА ПОВЕРХНОСТИ, СВАРОЧНЫЕ РАБОТЫ, ПОСТАНОВКА БОЛТОВ И	м сварного шва	Контроль качества сварных соединений резервуаров беспроводным комплексом цифровой радиографии: толщиной металла до 15 мм
09-05-013-02	09-05-013	Контроль качества сварных соединений резервуаров беспроводным комплексом цифровой радиографии	ОБЛИЦОВКА ПОВЕРХНОСТИ, СВАРОЧНЫЕ РАБОТЫ, ПОСТАНОВКА БОЛТОВ И	м сварного шва	Контроль качества сварных соединений резервуаров беспроводным комплексом цифровой радиографии: толщиной металла свыше 15 до 30 мм
09-08-001-01	09-08-001	Установка металлических столбов для устройства средств физической защиты периметра	СРЕДСТВА ФИЗИЧЕСКОЙ ЗАЩИТЫ ПЕРИМЕТРА	100 шт	Установка металлических столбов высотой до 4 м: с погружением в бетонное основание
09-08-001-02	09-08-001	Установка металлических столбов для устройства средств физической защиты периметра	СРЕДСТВА ФИЗИЧЕСКОЙ ЗАЩИТЫ ПЕРИМЕТРА	100 шт	Установка металлических столбов высотой до 4 м: на винтовых сваях
09-08-001-03	09-08-001	Установка металлических столбов для устройства средств физической защиты периметра	СРЕДСТВА ФИЗИЧЕСКОЙ ЗАЩИТЫ ПЕРИМЕТРА	100 шт	Установка металлических столбов высотой до 4 м: на подготовленный бетонный фундамент
09-08-001-04	09-08-001	Установка металлических столбов для устройства средств физической защиты периметра	СРЕДСТВА ФИЗИЧЕСКОЙ ЗАЩИТЫ ПЕРИМЕТРА	100 шт	Установка металлических столбов высотой более 4 м: с погружением в бетонное основание
09-08-001-05	09-08-001	Установка металлических столбов для устройства средств физической защиты периметра	СРЕДСТВА ФИЗИЧЕСКОЙ ЗАЩИТЫ ПЕРИМЕТРА	100 шт	Установка металлических столбов высотой более 4 м: на винтовых сваях
09-08-001-06	09-08-001	Установка металлических столбов для устройства средств физической защиты периметра	СРЕДСТВА ФИЗИЧЕСКОЙ ЗАЩИТЫ ПЕРИМЕТРА	100 шт	Установка металлических столбов высотой более 4 м: на подготовленный бетонный фундамент
09-08-002-01	09-08-002	Устройство средств физической защиты периметра по металлическим столбам	СРЕДСТВА ФИЗИЧЕСКОЙ ЗАЩИТЫ ПЕРИМЕТРА	100 м	Устройство барьеров безопасности: плоских
09-08-002-02	09-08-002	Устройство средств физической защиты периметра по металлическим столбам	СРЕДСТВА ФИЗИЧЕСКОЙ ЗАЩИТЫ ПЕРИМЕТРА	100 м	Устройство барьеров безопасности: спиральных
09-08-002-03	09-08-002	Устройство средств физической защиты периметра по металлическим столбам	СРЕДСТВА ФИЗИЧЕСКОЙ ЗАЩИТЫ ПЕРИМЕТРА	100 м	Устройство барьеров безопасности: плоских с креплением на кронштейнах
09-08-002-04	09-08-002	Устройство средств физической защиты периметра по металлическим столбам	СРЕДСТВА ФИЗИЧЕСКОЙ ЗАЩИТЫ ПЕРИМЕТРА	100 м	Устройство барьеров безопасности: спиральных с креплением на кронштейнах
09-08-002-05	09-08-002	Устройство средств физической защиты периметра по металлическим столбам	СРЕДСТВА ФИЗИЧЕСКОЙ ЗАЩИТЫ ПЕРИМЕТРА	10 шт	Устройство заграждений из готовых металлических решетчатых панелей: высотой до 2 м
09-08-002-06	09-08-002	Устройство средств физической защиты периметра по металлическим столбам	СРЕДСТВА ФИЗИЧЕСКОЙ ЗАЩИТЫ ПЕРИМЕТРА	10 шт	Устройство заграждений из готовых металлических решетчатых панелей: высотой более 2 м
09-08-002-07	09-08-002	Устройство средств физической защиты периметра по металлическим столбам	СРЕДСТВА ФИЗИЧЕСКОЙ ЗАЩИТЫ ПЕРИМЕТРА	10 шт	Устройство калиток из готовых металлических решетчатых панелей
09-08-002-08	09-08-002	Устройство средств физической защиты периметра по металлическим столбам	СРЕДСТВА ФИЗИЧЕСКОЙ ЗАЩИТЫ ПЕРИМЕТРА	10 шт	Навеска ворот распашных из готовых металлических решетчатых панелей
09-08-003-01	09-08-003	Монтаж автоматического дорожного шлагбаума для контроля проезда	СРЕДСТВА ФИЗИЧЕСКОЙ ЗАЩИТЫ ПЕРИМЕТРА	компл	Монтаж автоматического дорожного шлагбаума для контроля проезда шириной до: 4 м
09-08-003-02	09-08-003	Монтаж автоматического дорожного шлагбаума для контроля проезда	СРЕДСТВА ФИЗИЧЕСКОЙ ЗАЩИТЫ ПЕРИМЕТРА	компл	Монтаж автоматического дорожного шлагбаума для контроля проезда шириной до: 8 м
09-08-003-03	09-08-003	Монтаж автоматического дорожного шлагбаума для контроля проезда	СРЕДСТВА ФИЗИЧЕСКОЙ ЗАЩИТЫ ПЕРИМЕТРА	компл	Монтаж автоматического дорожного шлагбаума для контроля проезда шириной до: 12 м
09-08-004-01	09-08-004	Установка противотаранного барьера	СРЕДСТВА ФИЗИЧЕСКОЙ ЗАЩИТЫ ПЕРИМЕТРА	компл	Установка противотаранного барьера: с ручным приводом
09-08-004-02	09-08-004	Установка противотаранного барьера	СРЕДСТВА ФИЗИЧЕСКОЙ ЗАЩИТЫ ПЕРИМЕТРА	компл	Установка противотаранного барьера: с автоматическим приводом
09-08-004-03	09-08-004	Установка противотаранного барьера	СРЕДСТВА ФИЗИЧЕСКОЙ ЗАЩИТЫ ПЕРИМЕТРА	компл	Установка противотаранного барьера: с полуавтоматическим приводом
09-08-005-01	09-08-005	Установка и настройка средств принудительной остановки автотранспорта	СРЕДСТВА ФИЗИЧЕСКОЙ ЗАЩИТЫ ПЕРИМЕТРА	компл	Установка и настройка средств принудительной остановки автотранспорта с автоматическим управлением, подъемная часть шириной: 2,5 м
09-08-005-02	09-08-005	Установка и настройка средств принудительной остановки автотранспорта	СРЕДСТВА ФИЗИЧЕСКОЙ ЗАЩИТЫ ПЕРИМЕТРА	компл	Установка и настройка средств принудительной остановки автотранспорта с автоматическим управлением, подъемная часть шириной: 3 м
09-08-006-01	09-08-006	Установка бронекабин	СРЕДСТВА ФИЗИЧЕСКОЙ ЗАЩИТЫ ПЕРИМЕТРА	т металлоконструкций	Установка опорных металлоконструкций под бронекабины на готовый фундамент
09-08-006-02	09-08-006	Установка бронекабин	СРЕДСТВА ФИЗИЧЕСКОЙ ЗАЩИТЫ ПЕРИМЕТРА	шт	Установка бронекабин: на готовый фундамент
09-08-006-03	09-08-006	Установка бронекабин	СРЕДСТВА ФИЗИЧЕСКОЙ ЗАЩИТЫ ПЕРИМЕТРА	шт	Установка бронекабин: на опорную металлоконструкцию высотой до 3 м
09-08-006-04	09-08-006	Установка бронекабин	СРЕДСТВА ФИЗИЧЕСКОЙ ЗАЩИТЫ ПЕРИМЕТРА	шт	Установка бронекабин: на опорную металлоконструкцию высотой более 3 м
09-08-007-01	09-08-007	Монтаж роллетных систем	СРЕДСТВА ФИЗИЧЕСКОЙ ЗАЩИТЫ ПЕРИМЕТРА	100 м2	Монтаж роллетных систем: подъемных и секционных ворот
09-08-007-02	09-08-007	Монтаж роллетных систем	СРЕДСТВА ФИЗИЧЕСКОЙ ЗАЩИТЫ ПЕРИМЕТРА	100 м2	Монтаж роллетных систем: противопожарных штор
09-08-008-01	09-08-008	Устройство противоподкопных решеток из готовых металлических решетчатых панелей	СРЕДСТВА ФИЗИЧЕСКОЙ ЗАЩИТЫ ПЕРИМЕТРА	т	Устройство противоподкопных решеток из готовых металлических решетчатых панелей с креплением к металлическим: столбам
09-08-008-02	09-08-008	Устройство противоподкопных решеток из готовых металлических решетчатых панелей	СРЕДСТВА ФИЗИЧЕСКОЙ ЗАЩИТЫ ПЕРИМЕТРА	т	Устройство противоподкопных решеток из готовых металлических решетчатых панелей с креплением к металлическим: сваям
09-08-009-01	09-08-009	Устройство защитных дорожных ограждений для животных	СРЕДСТВА ФИЗИЧЕСКОЙ ЗАЩИТЫ ПЕРИМЕТРА	100 м	Устройство защитных дорожных ограждений для животных без противоподкопа, шаг стоек: 3 м
09-08-009-02	09-08-009	Устройство защитных дорожных ограждений для животных	СРЕДСТВА ФИЗИЧЕСКОЙ ЗАЩИТЫ ПЕРИМЕТРА	100 м	Устройство защитных дорожных ограждений для животных без противоподкопа, шаг стоек: 4 м
09-08-009-03	09-08-009	Устройство защитных дорожных ограждений для животных	СРЕДСТВА ФИЗИЧЕСКОЙ ЗАЩИТЫ ПЕРИМЕТРА	100 м	Устройство защитных дорожных ограждений для животных с противоподкопом, шаг стоек: 3 м
09-08-009-04	09-08-009	Устройство защитных дорожных ограждений для животных	СРЕДСТВА ФИЗИЧЕСКОЙ ЗАЩИТЫ ПЕРИМЕТРА	100 м	Устройство защитных дорожных ограждений для животных с противоподкопом, шаг стоек: 4 м
10-01-001-01	10-01-001	Сборка и установка конструкций кровельных покрытий	КОНСТРУКЦИИ КРОВЕЛЬНЫХ ПОКРЫТИЙ, СТРОПИЛА	шт	Укрупнительная сборка и установка конструкций арок и ферм сегментных с металлической затяжкой пролетом: 18 м
10-01-001-02	10-01-001	Сборка и установка конструкций кровельных покрытий	КОНСТРУКЦИИ КРОВЕЛЬНЫХ ПОКРЫТИЙ, СТРОПИЛА	шт	Укрупнительная сборка и установка конструкций арок и ферм сегментных с металлической затяжкой пролетом: 24 м
10-01-001-03	10-01-001	Сборка и установка конструкций кровельных покрытий	КОНСТРУКЦИИ КРОВЕЛЬНЫХ ПОКРЫТИЙ, СТРОПИЛА	шт	Установка балок пролетом: 9 м объемом до 0,5 м3
10-01-001-04	10-01-001	Сборка и установка конструкций кровельных покрытий	КОНСТРУКЦИИ КРОВЕЛЬНЫХ ПОКРЫТИЙ, СТРОПИЛА	шт	Установка балок пролетом: 9 м объемом более 0,5 м3
10-01-001-05	10-01-001	Сборка и установка конструкций кровельных покрытий	КОНСТРУКЦИИ КРОВЕЛЬНЫХ ПОКРЫТИЙ, СТРОПИЛА	шт	Установка балок пролетом: 12 м
10-01-001-06	10-01-001	Сборка и установка конструкций кровельных покрытий	КОНСТРУКЦИИ КРОВЕЛЬНЫХ ПОКРЫТИЙ, СТРОПИЛА	шт	Установка балок пролетом: 15 м объемом до 2 м3
10-01-001-07	10-01-001	Сборка и установка конструкций кровельных покрытий	КОНСТРУКЦИИ КРОВЕЛЬНЫХ ПОКРЫТИЙ, СТРОПИЛА	шт	Установка балок пролетом: 15 м объемом более 2 м3
10-01-001-08	10-01-001	Сборка и установка конструкций кровельных покрытий	КОНСТРУКЦИИ КРОВЕЛЬНЫХ ПОКРЫТИЙ, СТРОПИЛА	шт	Установка балок пролетом: 18 м одинарных объемом до 5 м3
10-01-001-09	10-01-001	Сборка и установка конструкций кровельных покрытий	КОНСТРУКЦИИ КРОВЕЛЬНЫХ ПОКРЫТИЙ, СТРОПИЛА	шт	Установка балок пролетом: 18 м спаренных объемом до 10 м3
10-01-001-10	10-01-001	Сборка и установка конструкций кровельных покрытий	КОНСТРУКЦИИ КРОВЕЛЬНЫХ ПОКРЫТИЙ, СТРОПИЛА	шт	Укладка панелей и покрытий длиной 6 м площадью до 10 м2
10-01-002-01	10-01-002	Установка стропил	КОНСТРУКЦИИ КРОВЕЛЬНЫХ ПОКРЫТИЙ, СТРОПИЛА	м3	Установка стропил
10-01-003-01	10-01-003	Устройство слуховых окон	КОНСТРУКЦИИ КРОВЕЛЬНЫХ ПОКРЫТИЙ, СТРОПИЛА	шт	Устройство слуховых окон
10-01-007-01	10-01-007	Рубка стен	СТЕНЫ, ПЕРЕГОРОДКИ	100 м2	Рубка стен: из брусьев толщиной 100 мм
10-01-007-02	10-01-007	Рубка стен	СТЕНЫ, ПЕРЕГОРОДКИ	100 м2	Рубка стен: из брусьев толщиной 150 мм
10-01-007-03	10-01-007	Рубка стен	СТЕНЫ, ПЕРЕГОРОДКИ	100 м2	Рубка стен: из брусьев толщиной 180 мм
10-01-007-04	10-01-007	Рубка стен	СТЕНЫ, ПЕРЕГОРОДКИ	100 м2	Рубка стен: из бревен диаметром 20 см
10-01-007-05	10-01-007	Рубка стен	СТЕНЫ, ПЕРЕГОРОДКИ	100 м2	Рубка стен: из бревен диаметром 24 см
10-01-007-06	10-01-007	Рубка стен	СТЕНЫ, ПЕРЕГОРОДКИ	100 м2	Рубка стен: из бревен диаметром 26 см
10-01-007-07	10-01-007	Рубка стен	СТЕНЫ, ПЕРЕГОРОДКИ	100 м2	Рубка стен: из пластин
10-01-008-01	10-01-008	Дополнительные работы по устройству деревянных стен	СТЕНЫ, ПЕРЕГОРОДКИ	100 м2	Обшивка стен рубленых
10-01-008-02	10-01-008	Дополнительные работы по устройству деревянных стен	СТЕНЫ, ПЕРЕГОРОДКИ	100 м2	Острожка: брусьев
10-01-008-03	10-01-008	Дополнительные работы по устройству деревянных стен	СТЕНЫ, ПЕРЕГОРОДКИ	100 м2	Острожка: бревен
10-01-008-04	10-01-008	Дополнительные работы по устройству деревянных стен	СТЕНЫ, ПЕРЕГОРОДКИ	100 м2	Устройство: фронтонов
10-01-008-05	10-01-008	Дополнительные работы по устройству деревянных стен	СТЕНЫ, ПЕРЕГОРОДКИ	100 м2	Устройство: карнизов
10-01-008-06	10-01-008	Дополнительные работы по устройству деревянных стен	СТЕНЫ, ПЕРЕГОРОДКИ	100 м2	Обивка стен кровельной сталью: неоцинкованной по войлоку
10-01-008-07	10-01-008	Дополнительные работы по устройству деревянных стен	СТЕНЫ, ПЕРЕГОРОДКИ	100 м2	Обивка стен кровельной сталью: неоцинкованной по хризотилцементу
10-01-008-08	10-01-008	Дополнительные работы по устройству деревянных стен	СТЕНЫ, ПЕРЕГОРОДКИ	100 м2	Обивка стен кровельной сталью: оцинкованной по войлоку
10-01-008-09	10-01-008	Дополнительные работы по устройству деревянных стен	СТЕНЫ, ПЕРЕГОРОДКИ	100 м2	Обивка стен кровельной сталью: оцинкованной по хризотилцементу
10-01-009-01	10-01-009	Установка сжимов для рубленых стен	СТЕНЫ, ПЕРЕГОРОДКИ	100 м	Установка сжимов для рубленых стен
10-01-010-01	10-01-010	Установка элементов каркаса	СТЕНЫ, ПЕРЕГОРОДКИ	м3	Установка элементов каркаса: из брусьев
10-01-010-02	10-01-010	Установка элементов каркаса	СТЕНЫ, ПЕРЕГОРОДКИ	м3	Установка элементов каркаса: из бревен и пластин
10-01-011-01	10-01-011	Заполнение каркаса плитами фибролитовыми	СТЕНЫ, ПЕРЕГОРОДКИ	100 м2	Устройство стен каркасно-плитных с заполнением каркаса плитами фибролитовыми: в 1 слой
10-01-011-02	10-01-011	Заполнение каркаса плитами фибролитовыми	СТЕНЫ, ПЕРЕГОРОДКИ	100 м2	Устройство стен каркасно-плитных с заполнением каркаса плитами фибролитовыми: в 2 слоя
10-01-012-01	10-01-012	Обшивка каркасных стен	СТЕНЫ, ПЕРЕГОРОДКИ	100 м2	Обшивка каркасных стен: досками обшивки
10-01-012-02	10-01-012	Обшивка каркасных стен	СТЕНЫ, ПЕРЕГОРОДКИ	100 м2	Обшивка каркасных стен: плитами древесноволокнистыми твердыми 5 мм
10-01-012-03	10-01-012	Обшивка каркасных стен	СТЕНЫ, ПЕРЕГОРОДКИ	100 м2	Обшивка каркасных стен: плитами древесностружечными 16 мм
10-01-012-04	10-01-012	Обшивка каркасных стен	СТЕНЫ, ПЕРЕГОРОДКИ	100 м2	Обшивка каркасных стен: досками под штукатурку
10-01-012-05	10-01-012	Обшивка каркасных стен	СТЕНЫ, ПЕРЕГОРОДКИ	100 м2	Обшивка каркасных стен: пергамином
10-01-013-01	10-01-013	Устройство перегородок под штукатурку	СТЕНЫ, ПЕРЕГОРОДКИ	100 м2	Устройство перегородок под штукатурку: щитовых неодранкованных толщиной 48 мм
10-01-013-02	10-01-013	Устройство перегородок под штукатурку	СТЕНЫ, ПЕРЕГОРОДКИ	100 м2	Устройство перегородок под штукатурку: дощатых двухслойных с прокладкой толя
10-01-013-03	10-01-013	Устройство перегородок под штукатурку	СТЕНЫ, ПЕРЕГОРОДКИ	100 м2	Устройство перегородок под штукатурку: дощатых однослойных, забранных в обвязки
10-01-013-04	10-01-013	Устройство перегородок под штукатурку	СТЕНЫ, ПЕРЕГОРОДКИ	100 м2	Устройство перегородок под штукатурку: каркасных обшитых с двух сторон досками с засыпным утеплителем
10-01-013-05	10-01-013	Устройство перегородок под штукатурку	СТЕНЫ, ПЕРЕГОРОДКИ	100 м2	Устройство перегородок под штукатурку: каркасных обшитых с двух сторон досками без утеплителя
10-01-013-06	10-01-013	Устройство перегородок под штукатурку	СТЕНЫ, ПЕРЕГОРОДКИ	100 м2	Устройство перегородок под штукатурку: каркасных из фибролитовых плит толщиной 75 мм однослойных
10-01-013-07	10-01-013	Устройство перегородок под штукатурку	СТЕНЫ, ПЕРЕГОРОДКИ	100 м2	Устройство перегородок под штукатурку: каркасных из фибролитовых плит толщиной 50 мм двухслойных с воздушной прослойкой
10-01-014-01	10-01-014	Устройство чистых перегородок	СТЕНЫ, ПЕРЕГОРОДКИ	100 м2	Устройство чистых перегородок: щитовых (глухих под остекление, с металлической сеткой, филенчатых)
10-01-014-02	10-01-014	Устройство чистых перегородок	СТЕНЫ, ПЕРЕГОРОДКИ	100 м2	Устройство чистых перегородок: дощатых однослойных
10-01-014-03	10-01-014	Устройство чистых перегородок	СТЕНЫ, ПЕРЕГОРОДКИ	100 м2	Устройство чистых перегородок: каркасных с обшивкой фанерой с двух сторон
10-01-014-04	10-01-014	Устройство чистых перегородок	СТЕНЫ, ПЕРЕГОРОДКИ	100 м2	Устройство чистых перегородок: каркасных с обшивкой фанерой с одной стороны
10-01-015-01	10-01-015	Устройство каркасно-филенчатых перегородок в санузлах и барьеров в гардеробных	СТЕНЫ, ПЕРЕГОРОДКИ	100 м2	Устройство перегородок каркасно-филенчатых в санузлах
10-01-015-02	10-01-015	Устройство каркасно-филенчатых перегородок в санузлах и барьеров в гардеробных	СТЕНЫ, ПЕРЕГОРОДКИ	100 м2	Устройство барьеров в гардеробных
10-01-016-01	10-01-016	Устройство перегородок из ПВХ профилей	СТЕНЫ, ПЕРЕГОРОДКИ	100 м2	Устройство перегородок из ПВХ профилей: глухих
10-01-016-02	10-01-016	Устройство перегородок из ПВХ профилей	СТЕНЫ, ПЕРЕГОРОДКИ	100 м2	Устройство перегородок из ПВХ профилей: с дверным блоком
10-01-021-01	10-01-021	Устройство перекрытий с укладкой балок	ПЕРЕКРЫТИЯ	100 м2	Устройство перекрытий с укладкой балок по стенам: каменным с накатом из щитов
10-01-021-02	10-01-021	Устройство перекрытий с укладкой балок	ПЕРЕКРЫТИЯ	100 м2	Устройство перекрытий с укладкой балок по стенам: каменным с накатом из горбыля
10-01-021-03	10-01-021	Устройство перекрытий с укладкой балок	ПЕРЕКРЫТИЯ	100 м2	Устройство перекрытий с укладкой балок по стенам: каменным с накатом из досок
10-01-021-04	10-01-021	Устройство перекрытий с укладкой балок	ПЕРЕКРЫТИЯ	100 м2	Устройство перекрытий с укладкой балок по стенам: каменным с несущей подшивкой из досок
10-01-021-05	10-01-021	Устройство перекрытий с укладкой балок	ПЕРЕКРЫТИЯ	100 м2	Устройство перекрытий с укладкой балок по стенам: рубленым с накатом из щитов
10-01-021-06	10-01-021	Устройство перекрытий с укладкой балок	ПЕРЕКРЫТИЯ	100 м2	Устройство перекрытий с укладкой балок по стенам: рубленым с накатом из горбыля
10-01-021-07	10-01-021	Устройство перекрытий с укладкой балок	ПЕРЕКРЫТИЯ	100 м2	Устройство перекрытий с укладкой балок по стенам: рубленым с накатом из досок
10-01-021-08	10-01-021	Устройство перекрытий с укладкой балок	ПЕРЕКРЫТИЯ	100 м2	Устройство перекрытий с укладкой балок по стенам: рубленым с несущей подшивкой из досок
10-01-021-09	10-01-021	Устройство перекрытий с укладкой балок	ПЕРЕКРЫТИЯ	100 м2	Устройство перекрытий с укладкой балок по стенам: нерубленым с накатом из щитов
10-01-021-10	10-01-021	Устройство перекрытий с укладкой балок	ПЕРЕКРЫТИЯ	100 м2	Устройство перекрытий с укладкой балок по стенам: нерубленым с накатом из горбыля
10-01-021-11	10-01-021	Устройство перекрытий с укладкой балок	ПЕРЕКРЫТИЯ	100 м2	Устройство перекрытий с укладкой балок по стенам: нерубленым с накатом из досок
10-01-021-12	10-01-021	Устройство перекрытий с укладкой балок	ПЕРЕКРЫТИЯ	100 м2	Устройство перекрытий с укладкой балок по стенам: нерубленым с несущей подшивкой из досок
10-01-022-01	10-01-022	Подшивка потолков	ПЕРЕКРЫТИЯ	100 м2	Подшивка потолков: досками обшивки
10-01-022-02	10-01-022	Подшивка потолков	ПЕРЕКРЫТИЯ	100 м2	Подшивка потолков: под штукатурку
10-01-022-03	10-01-022	Подшивка потолков	ПЕРЕКРЫТИЯ	100 м2	Подшивка потолков: плитами древесноволокнистыми твердыми толщиной 5 мм
10-01-022-04	10-01-022	Подшивка потолков	ПЕРЕКРЫТИЯ	100 м2	Подшивка потолков: сталью кровельной неоцинкованной по дереву
10-01-022-05	10-01-022	Подшивка потолков	ПЕРЕКРЫТИЯ	100 м2	Подшивка потолков: сталью кровельной неоцинкованной по хризотилцементу
10-01-022-06	10-01-022	Подшивка потолков	ПЕРЕКРЫТИЯ	100 м2	Подшивка потолков: сталью кровельной оцинкованной по дереву
10-01-022-07	10-01-022	Подшивка потолков	ПЕРЕКРЫТИЯ	100 м2	Подшивка потолков: сталью кровельной оцинкованной по хризотилцементу
10-01-023-01	10-01-023	Укладка ходовых досок, устройство переходного мостика, ходов по чердаку из щитов	ПЕРЕКРЫТИЯ	100 м	Укладка ходовых досок
10-01-023-02	10-01-023	Укладка ходовых досок, устройство переходного мостика, ходов по чердаку из щитов	ПЕРЕКРЫТИЯ	100 шт	Устройство переходного мостика через короба на чердаке из нестроганых досок
10-01-023-03	10-01-023	Укладка ходовых досок, устройство переходного мостика, ходов по чердаку из щитов	ПЕРЕКРЫТИЯ	100 м2	Устройство ходов по чердаку из щитов, изготовленных из нестроганых досок толщиной 40 мм
10-01-027-01	10-01-027	Установка в жилых и общественных зданиях блоков оконных с переплетами	ОКНА	100 м2	Установка в жилых и общественных зданиях блоков оконных с переплетами: спаренными в стенах каменных площадью проема до 2 м2
10-01-027-02	10-01-027	Установка в жилых и общественных зданиях блоков оконных с переплетами	ОКНА	100 м2	Установка в жилых и общественных зданиях блоков оконных с переплетами: спаренными в стенах каменных площадью проема более 2 м2
10-01-027-03	10-01-027	Установка в жилых и общественных зданиях блоков оконных с переплетами	ОКНА	100 м2	Установка в жилых и общественных зданиях блоков оконных с переплетами: раздельными (раздельно-спаренными) в стенах каменных площадью проема до 2 м2
10-01-027-04	10-01-027	Установка в жилых и общественных зданиях блоков оконных с переплетами	ОКНА	100 м2	Установка в жилых и общественных зданиях блоков оконных с переплетами: раздельными (раздельно-спаренными) в стенах каменных площадью проема более 2 м2
10-01-027-05	10-01-027	Установка в жилых и общественных зданиях блоков оконных с переплетами	ОКНА	100 м2	Установка в жилых и общественных зданиях блоков оконных с переплетами: спаренными в стенах деревянных рубленых площадью проема до 2 м2
10-01-027-06	10-01-027	Установка в жилых и общественных зданиях блоков оконных с переплетами	ОКНА	100 м2	Установка в жилых и общественных зданиях блоков оконных с переплетами: спаренными в стенах деревянных рубленых площадью проема более 2 м2
10-01-027-07	10-01-027	Установка в жилых и общественных зданиях блоков оконных с переплетами	ОКНА	100 м2	Установка в жилых и общественных зданиях блоков оконных с переплетами: раздельными (раздельно-спаренными) в стенах деревянных рубленых площадью проема до 2 м2
10-01-027-08	10-01-027	Установка в жилых и общественных зданиях блоков оконных с переплетами	ОКНА	100 м2	Установка в жилых и общественных зданиях блоков оконных с переплетами: раздельными (раздельно-спаренными) в стенах деревянных рубленых площадью проема более 2 м2
10-01-027-09	10-01-027	Установка в жилых и общественных зданиях блоков оконных с переплетами	ОКНА	100 м2	Установка в жилых и общественных зданиях блоков оконных с переплетами: спаренными в стенах деревянных нерубленых площадью проема до 2 м2
10-01-027-10	10-01-027	Установка в жилых и общественных зданиях блоков оконных с переплетами	ОКНА	100 м2	Установка в жилых и общественных зданиях блоков оконных с переплетами: спаренными в стенах деревянных нерубленых площадью проема более 2 м2
10-01-027-11	10-01-027	Установка в жилых и общественных зданиях блоков оконных с переплетами	ОКНА	100 м2	Установка в жилых и общественных зданиях блоков оконных с переплетами: раздельными (раздельно-спаренными) в стенах деревянных нерубленых площадью проема до 2 м2
10-01-027-12	10-01-027	Установка в жилых и общественных зданиях блоков оконных с переплетами	ОКНА	100 м2	Установка в жилых и общественных зданиях блоков оконных с переплетами: раздельными (раздельно-спаренными) в стенах деревянных нерубленых площадью проема более 2 м2
10-01-028-01	10-01-028	Установка в каменных стенах промышленных зданий блоков оконных с одинарными и спаренными переплетами	ОКНА	100 м2	Установка в каменных стенах промышленных зданий блоков оконных с одинарными и спаренными переплетами площадью проема: до 5 м2
10-01-028-02	10-01-028	Установка в каменных стенах промышленных зданий блоков оконных с одинарными и спаренными переплетами	ОКНА	100 м2	Установка в каменных стенах промышленных зданий блоков оконных с одинарными и спаренными переплетами площадью проема: свыше 5 до 10 м2
10-01-028-03	10-01-028	Установка в каменных стенах промышленных зданий блоков оконных с одинарными и спаренными переплетами	ОКНА	100 м2	Установка в каменных стенах промышленных зданий блоков оконных с одинарными и спаренными переплетами площадью проема: свыше 10 м2
10-01-029-01	10-01-029	Установка приборов	ОКНА	100 компл	Установка приборов: фрамужных
10-01-029-02	10-01-029	Установка приборов	ОКНА	100 компл	Установка приборов: оконных
10-01-030-01	10-01-030	Заполнение ленточных оконных проемов в стенах промышленных зданий	ОКНА	100 м2	Заполнение ленточных оконных проемов в стенах промышленных зданий блоками оконными с одинарными и спаренными переплетами, высота проема: 1,215 м
10-01-030-02	10-01-030	Заполнение ленточных оконных проемов в стенах промышленных зданий	ОКНА	100 м2	Заполнение ленточных оконных проемов в стенах промышленных зданий блоками оконными с одинарными и спаренными переплетами, высота проема: 1,815 м
10-01-030-03	10-01-030	Заполнение ленточных оконных проемов в стенах промышленных зданий	ОКНА	100 м2	Заполнение ленточных оконных проемов в стенах промышленных зданий блоками оконными с одинарными и спаренными переплетами, высота проема: 2,415 м
10-01-030-04	10-01-030	Заполнение ленточных оконных проемов в стенах промышленных зданий	ОКНА	100 м2	Заполнение ленточных оконных проемов в стенах промышленных зданий блоками оконными с одинарными и спаренными переплетами, высота проема: 3,615 м
10-01-030-05	10-01-030	Заполнение ленточных оконных проемов в стенах промышленных зданий	ОКНА	100 м2	Заполнение ленточных оконных проемов в стенах промышленных зданий блоками оконными с одинарными и спаренными переплетами, высота проема: 4,215 м
10-01-031-01	10-01-031	Заполнение оконных проемов отдельными элементами в каменных стенах промышленных зданий	ОКНА	100 м2	Заполнение оконных проемов отдельными элементами в каменных стенах промышленных зданий, переплеты одинарные: глухие, площадь проема до 5 м2
10-01-031-02	10-01-031	Заполнение оконных проемов отдельными элементами в каменных стенах промышленных зданий	ОКНА	100 м2	Заполнение оконных проемов отдельными элементами в каменных стенах промышленных зданий, переплеты одинарные: глухие, площадь проема до 10 м2
10-01-031-03	10-01-031	Заполнение оконных проемов отдельными элементами в каменных стенах промышленных зданий	ОКНА	100 м2	Заполнение оконных проемов отдельными элементами в каменных стенах промышленных зданий, переплеты одинарные: открывающиеся, площадь проема до 5 м2
10-01-031-04	10-01-031	Заполнение оконных проемов отдельными элементами в каменных стенах промышленных зданий	ОКНА	100 м2	Заполнение оконных проемов отдельными элементами в каменных стенах промышленных зданий, переплеты одинарные: открывающиеся, площадь проема до 10 м2
10-01-032-01	10-01-032	Заполнение оконных проемов отдельными элементами в деревянных рубленых стенах	ОКНА	100 м2	Заполнение оконных проемов отдельными элементами в деревянных рубленых стенах с конопаткой, переплеты: одинарные, площадь проема до 2 м2
10-01-032-02	10-01-032	Заполнение оконных проемов отдельными элементами в деревянных рубленых стенах	ОКНА	100 м2	Заполнение оконных проемов отдельными элементами в деревянных рубленых стенах с конопаткой, переплеты: одинарные, площадь проема более 2 м2
10-01-032-03	10-01-032	Заполнение оконных проемов отдельными элементами в деревянных рубленых стенах	ОКНА	100 м2	Заполнение оконных проемов отдельными элементами в деревянных рубленых стенах с конопаткой, переплеты: раздельные, площадь проема до 2 м2
10-01-032-04	10-01-032	Заполнение оконных проемов отдельными элементами в деревянных рубленых стенах	ОКНА	100 м2	Заполнение оконных проемов отдельными элементами в деревянных рубленых стенах с конопаткой, переплеты: раздельные, площадь проема более 2 м2
10-01-032-05	10-01-032	Заполнение оконных проемов отдельными элементами в деревянных рубленых стенах	ОКНА	100 м2	Заполнение оконных проемов отдельными элементами в деревянных рубленых стенах с герметизацией пенополиуретановым герметиком, переплеты: одинарные, площадь проема до 2 м2
10-01-032-06	10-01-032	Заполнение оконных проемов отдельными элементами в деревянных рубленых стенах	ОКНА	100 м2	Заполнение оконных проемов отдельными элементами в деревянных рубленых стенах с герметизацией пенополиуретановым герметиком, переплеты: одинарные, площадь проема более 2 м2
10-01-032-07	10-01-032	Заполнение оконных проемов отдельными элементами в деревянных рубленых стенах	ОКНА	100 м2	Заполнение оконных проемов отдельными элементами в деревянных рубленых стенах с герметизацией пенополиуретановым герметиком, переплеты: раздельные, площадь проема до 2 м2
10-01-032-08	10-01-032	Заполнение оконных проемов отдельными элементами в деревянных рубленых стенах	ОКНА	100 м2	Заполнение оконных проемов отдельными элементами в деревянных рубленых стенах с герметизацией пенополиуретановым герметиком, переплеты: раздельные, площадь проема более 2 м2
10-01-033-01	10-01-033	Установка деревянных подоконных досок в каменных стенах	ОКНА	100 м2	Установка деревянных подоконных досок в каменных стенах высотой проема: до 1 м
10-01-033-02	10-01-033	Установка деревянных подоконных досок в каменных стенах	ОКНА	100 м2	Установка деревянных подоконных досок в каменных стенах высотой проема: до 2 м
10-01-033-03	10-01-033	Установка деревянных подоконных досок в каменных стенах	ОКНА	100 м2	Установка деревянных подоконных досок в каменных стенах высотой проема: более 2 м
10-01-034-01	10-01-034	Установка в жилых и общественных зданиях оконных блоков из ПВХ профилей	ОКНА	100 м2	Установка в жилых и общественных зданиях оконных блоков из ПВХ профилей: глухих с площадью проема до 2 м2
10-01-034-02	10-01-034	Установка в жилых и общественных зданиях оконных блоков из ПВХ профилей	ОКНА	100 м2	Установка в жилых и общественных зданиях оконных блоков из ПВХ профилей: глухих с площадью проема более 2 м2
10-01-034-03	10-01-034	Установка в жилых и общественных зданиях оконных блоков из ПВХ профилей	ОКНА	100 м2	Установка в жилых и общественных зданиях оконных блоков из ПВХ профилей: поворотных (откидных, поворотно-откидных) с площадью проема до 2 м2 одностворчатых
10-01-034-04	10-01-034	Установка в жилых и общественных зданиях оконных блоков из ПВХ профилей	ОКНА	100 м2	Установка в жилых и общественных зданиях оконных блоков из ПВХ профилей: поворотных (откидных, поворотно-откидных) с площадью проема более 2 м2 одностворчатых
10-01-034-05	10-01-034	Установка в жилых и общественных зданиях оконных блоков из ПВХ профилей	ОКНА	100 м2	Установка в жилых и общественных зданиях оконных блоков из ПВХ профилей: поворотных (откидных, поворотно-откидных) с площадью проема до 2 м2 двухстворчатых
10-01-034-06	10-01-034	Установка в жилых и общественных зданиях оконных блоков из ПВХ профилей	ОКНА	100 м2	Установка в жилых и общественных зданиях оконных блоков из ПВХ профилей: поворотных (откидных, поворотно-откидных) с площадью проема более 2 м2 двухстворчатых
10-01-034-07	10-01-034	Установка в жилых и общественных зданиях оконных блоков из ПВХ профилей	ОКНА	100 м2	Установка в жилых и общественных зданиях оконных блоков из ПВХ профилей: поворотных (откидных, поворотно-откидных) с площадью проема до 2 м2 трехстворчатых, в том числе при наличии
10-01-034-08	10-01-034	Установка в жилых и общественных зданиях оконных блоков из ПВХ профилей	ОКНА	100 м2	Установка в жилых и общественных зданиях оконных блоков из ПВХ профилей: поворотных (откидных, поворотно-откидных) с площадью проема более 2 м2 трехстворчатых, в том числе при нали
10-01-035-01	10-01-035	Установка подоконных досок из ПВХ	ОКНА	100 м	Установка подоконных досок из ПВХ: в каменных стенах толщиной до 0,51 м
10-01-035-02	10-01-035	Установка подоконных досок из ПВХ	ОКНА	100 м	Установка подоконных досок из ПВХ: в панельных стенах
10-01-035-03	10-01-035	Установка подоконных досок из ПВХ	ОКНА	100 м	Установка подоконных досок из ПВХ: в каменных стенах толщиной свыше 0,51 м
10-01-036-01	10-01-036	Установка уголков ПВХ на клее	ОКНА	100 м	Установка уголков ПВХ на клее
10-01-037-01	10-01-037	Установка противомоскитных сеток	ОКНА	100 шт	Установка противомоскитных сеток
10-01-039-01	10-01-039	Установка блоков	ДВЕРИ, ВОРОТА	100 м2	Установка блоков в наружных и внутренних дверных проемах: в каменных стенах, площадь проема до 3 м2
10-01-039-02	10-01-039	Установка блоков	ДВЕРИ, ВОРОТА	100 м2	Установка блоков в наружных и внутренних дверных проемах: в каменных стенах, площадь проема более 3 м2
10-01-039-03	10-01-039	Установка блоков	ДВЕРИ, ВОРОТА	100 м2	Установка блоков в наружных и внутренних дверных проемах с конопаткой: в перегородках и деревянных нерубленых стенах, площадь проема до 3 м2
10-01-039-04	10-01-039	Установка блоков	ДВЕРИ, ВОРОТА	100 м2	Установка блоков в наружных и внутренних дверных проемах с конопаткой: в перегородках и деревянных нерубленых стенах, площадь проема более 3 м2
10-01-039-05	10-01-039	Установка блоков	ДВЕРИ, ВОРОТА	100 м2	Установка люков в перекрытиях, площадь проема до 2 м2
10-01-039-06	10-01-039	Установка блоков	ДВЕРИ, ВОРОТА	100 м2	Установка блоков в наружных и внутренних дверных проемах с герметизацией пенополиуретановым герметиком: в перегородках и деревянных нерубленых стенах, площадь проема до 3 м2
10-01-039-07	10-01-039	Установка блоков	ДВЕРИ, ВОРОТА	100 м2	Установка блоков в наружных и внутренних дверных проемах с герметизацией пенополиуретановым герметиком: в перегородках и деревянных нерубленых стенах, площадь проема более 3 м2
10-01-040-01	10-01-040	Заполнение наружных и внутренних дверных проемов отдельными элементами в деревянных рубленых стенах	ДВЕРИ, ВОРОТА	100 м2	Заполнение наружных и внутренних дверных проемов отдельными элементами в деревянных рубленых стенах, площадь проема: до 2 м2
10-01-040-02	10-01-040	Заполнение наружных и внутренних дверных проемов отдельными элементами в деревянных рубленых стенах	ДВЕРИ, ВОРОТА	100 м2	Заполнение наружных и внутренних дверных проемов отдельными элементами в деревянных рубленых стенах, площадь проема: свыше 2 до 3 м2
10-01-041-01	10-01-041	Заполнение балконных проемов в каменных стенах жилых и общественных зданий блоками	ДВЕРИ, ВОРОТА	100 м2	Заполнение балконных проемов в каменных стенах жилых и общественных зданий блоками дверными с полотнами: спаренными, площадь проема до 3 м2
10-01-041-02	10-01-041	Заполнение балконных проемов в каменных стенах жилых и общественных зданий блоками	ДВЕРИ, ВОРОТА	100 м2	Заполнение балконных проемов в каменных стенах жилых и общественных зданий блоками дверными с полотнами: спаренными, площадь проема более 3 м2
10-01-041-03	10-01-041	Заполнение балконных проемов в каменных стенах жилых и общественных зданий блоками	ДВЕРИ, ВОРОТА	100 м2	Заполнение балконных проемов в каменных стенах жилых и общественных зданий блоками дверными с полотнами: раздельными (раздельно-спаренными), площадь проема до 3 м2
10-01-041-04	10-01-041	Заполнение балконных проемов в каменных стенах жилых и общественных зданий блоками	ДВЕРИ, ВОРОТА	100 м2	Заполнение балконных проемов в каменных стенах жилых и общественных зданий блоками дверными с полотнами: раздельными (раздельно-спаренными), площадь проема более 3 м2
10-01-042-01	10-01-042	Заполнение балконных проемов в деревянных рубленых стенах блоками	ДВЕРИ, ВОРОТА	100 м2	Заполнение балконных проемов в деревянных рубленых стенах с конопаткой блоками дверными с полотнами: спаренными, площадь проема до 3 м2
10-01-042-02	10-01-042	Заполнение балконных проемов в деревянных рубленых стенах блоками	ДВЕРИ, ВОРОТА	100 м2	Заполнение балконных проемов в деревянных рубленых стенах с конопаткой блоками дверными с полотнами: спаренными, площадь проема более 3 м2
10-01-042-03	10-01-042	Заполнение балконных проемов в деревянных рубленых стенах блоками	ДВЕРИ, ВОРОТА	100 м2	Заполнение балконных проемов в деревянных рубленых стенах с конопаткой блоками дверными с полотнами: раздельными (раздельно-спаренными), площадь проема до 3 м2
10-01-042-04	10-01-042	Заполнение балконных проемов в деревянных рубленых стенах блоками	ДВЕРИ, ВОРОТА	100 м2	Заполнение балконных проемов в деревянных рубленых стенах с конопаткой блоками дверными с полотнами: раздельными (раздельно-спаренными), площадь проема более 3 м2
10-01-042-05	10-01-042	Заполнение балконных проемов в деревянных рубленых стенах блоками	ДВЕРИ, ВОРОТА	100 м2	Заполнение балконных проемов в деревянных рубленых стенах с герметизацией пенополиуретановым герметиком блоками дверными с полотнами: спаренными, площадь проема до 3 м2
10-01-042-06	10-01-042	Заполнение балконных проемов в деревянных рубленых стенах блоками	ДВЕРИ, ВОРОТА	100 м2	Заполнение балконных проемов в деревянных рубленых стенах с герметизацией пенополиуретановым герметиком блоками дверными с полотнами: спаренными, площадь проема более 3 м2
10-01-042-07	10-01-042	Заполнение балконных проемов в деревянных рубленых стенах блоками	ДВЕРИ, ВОРОТА	100 м2	Заполнение балконных проемов в деревянных рубленых стенах с герметизацией пенополиуретановым герметиком блоками дверными с полотнами: раздельными (раздельно-спаренными), площадь пр
10-01-042-08	10-01-042	Заполнение балконных проемов в деревянных рубленых стенах блоками	ДВЕРИ, ВОРОТА	100 м2	Заполнение балконных проемов в деревянных рубленых стенах с герметизацией пенополиуретановым герметиком блоками дверными с полотнами: раздельными (раздельно-спаренными), площадь пр
10-01-043-01	10-01-043	Установка коробок в деревянных стенах	ДВЕРИ, ВОРОТА	100 м2	Установка коробок в деревянных стенах: рубленых в оконных проемах площадью до 2 м2
10-01-043-02	10-01-043	Установка коробок в деревянных стенах	ДВЕРИ, ВОРОТА	100 м2	Установка коробок в деревянных стенах: рубленых в оконных проемах площадью более 2 м2
10-01-043-03	10-01-043	Установка коробок в деревянных стенах	ДВЕРИ, ВОРОТА	100 м2	Установка коробок в деревянных стенах: рубленых в дверных проемах площадью до 3 м2
10-01-043-04	10-01-043	Установка коробок в деревянных стенах	ДВЕРИ, ВОРОТА	100 м2	Установка коробок в деревянных стенах: рубленых в дверных проемах площадью более 3 м2
10-01-043-05	10-01-043	Установка коробок в деревянных стенах	ДВЕРИ, ВОРОТА	100 м2	Установка коробок в деревянных стенах: нерубленых в оконных проемах площадью до 2 м2
10-01-043-06	10-01-043	Установка коробок в деревянных стенах	ДВЕРИ, ВОРОТА	100 м2	Установка коробок в деревянных стенах: нерубленых в оконных проемах площадью более 2 м2
10-01-043-07	10-01-043	Установка коробок в деревянных стенах	ДВЕРИ, ВОРОТА	100 м2	Установка коробок в деревянных стенах: нерубленых в дверных проемах площадью до 3 м2
10-01-043-08	10-01-043	Установка коробок в деревянных стенах	ДВЕРИ, ВОРОТА	100 м2	Установка коробок в деревянных стенах: нерубленых в дверных проемах площадью более 3 м2
10-01-044-01	10-01-044	Обивка дверей	ДВЕРИ, ВОРОТА	100 м2	Обивка дверей неоцинкованной кровельной сталью: по войлоку с двух сторон
10-01-044-02	10-01-044	Обивка дверей	ДВЕРИ, ВОРОТА	100 м2	Обивка дверей неоцинкованной кровельной сталью: по войлоку с одной стороны
10-01-044-03	10-01-044	Обивка дверей	ДВЕРИ, ВОРОТА	100 м2	Обивка дверей неоцинкованной кровельной сталью: по хризотилцементу с двух сторон
10-01-044-04	10-01-044	Обивка дверей	ДВЕРИ, ВОРОТА	100 м2	Обивка дверей неоцинкованной кровельной сталью: по хризотилцементу с одной стороны
10-01-044-05	10-01-044	Обивка дверей	ДВЕРИ, ВОРОТА	100 м2	Обивка дверей неоцинкованной кровельной сталью: по дереву с двух сторон
10-01-044-06	10-01-044	Обивка дверей	ДВЕРИ, ВОРОТА	100 м2	Обивка дверей неоцинкованной кровельной сталью: по дереву с одной стороны
10-01-044-07	10-01-044	Обивка дверей	ДВЕРИ, ВОРОТА	100 м2	Обивка дверей оцинкованной кровельной сталью: по войлоку с двух сторон
10-01-044-08	10-01-044	Обивка дверей	ДВЕРИ, ВОРОТА	100 м2	Обивка дверей оцинкованной кровельной сталью: по войлоку с одной стороны
10-01-044-09	10-01-044	Обивка дверей	ДВЕРИ, ВОРОТА	100 м2	Обивка дверей оцинкованной кровельной сталью: по хризотилцементу с двух сторон
10-01-044-10	10-01-044	Обивка дверей	ДВЕРИ, ВОРОТА	100 м2	Обивка дверей оцинкованной кровельной сталью: по хризотилцементу с одной стороны
10-01-044-11	10-01-044	Обивка дверей	ДВЕРИ, ВОРОТА	100 м2	Обивка дверей оцинкованной кровельной сталью: по дереву с двух сторон
10-01-044-12	10-01-044	Обивка дверей	ДВЕРИ, ВОРОТА	100 м2	Обивка дверей оцинкованной кровельной сталью: по дереву с одной стороны
10-01-045-01	10-01-045	Дополнительная конопатка дверных коробок паклей в наружных стенах	ДВЕРИ, ВОРОТА	100 м2	Дополнительная конопатка дверных коробок паклей в наружных стенах: каменных, площадь проема до 3 м2
10-01-045-02	10-01-045	Дополнительная конопатка дверных коробок паклей в наружных стенах	ДВЕРИ, ВОРОТА	100 м2	Дополнительная конопатка дверных коробок паклей в наружных стенах: каменных, площадь проема более 3 м2
10-01-045-03	10-01-045	Дополнительная конопатка дверных коробок паклей в наружных стенах	ДВЕРИ, ВОРОТА	100 м2	Дополнительная конопатка дверных коробок паклей в наружных стенах: нерубленых, площадь проема до 3 м2
10-01-045-04	10-01-045	Дополнительная конопатка дверных коробок паклей в наружных стенах	ДВЕРИ, ВОРОТА	100 м2	Дополнительная конопатка дверных коробок паклей в наружных стенах: нерубленых, площадь проема более 3 м2
10-01-046-01	10-01-046	Установка ворот	ДВЕРИ, ВОРОТА	100 м2	Установка ворот с коробками стальными, с раздвижными или распахивающимися неутепленными полотнами и калитками
10-01-046-02	10-01-046	Установка ворот	ДВЕРИ, ВОРОТА	100 м2	Установка ворот с коробками деревянными, утепленными полотнами и калитками
10-01-047-01	10-01-047	Установка блоков из ПВХ в наружных и внутренних дверных проемах	ДВЕРИ, ВОРОТА	100 м2	Установка блоков из ПВХ в наружных и внутренних дверных проемах: в каменных стенах площадью проема до 3 м2
10-01-047-02	10-01-047	Установка блоков из ПВХ в наружных и внутренних дверных проемах	ДВЕРИ, ВОРОТА	100 м2	Установка блоков из ПВХ в наружных и внутренних дверных проемах: в каменных стенах площадью проема более 3 м2
10-01-047-03	10-01-047	Установка блоков из ПВХ в наружных и внутренних дверных проемах	ДВЕРИ, ВОРОТА	100 м2	Установка блоков из ПВХ в наружных и внутренних дверных проемах: балконных в каменных стенах
10-01-047-04	10-01-047	Установка блоков из ПВХ в наружных и внутренних дверных проемах	ДВЕРИ, ВОРОТА	100 м2	Установка блоков из ПВХ в наружных и внутренних дверных проемах: в перегородках и деревянных нерубленных стенах площадью проема до 3 м2
10-01-047-05	10-01-047	Установка блоков из ПВХ в наружных и внутренних дверных проемах	ДВЕРИ, ВОРОТА	100 м2	Установка блоков из ПВХ в наружных и внутренних дверных проемах: в перегородках и деревянных нерубленных стенах площадью проема более 3 м2
10-01-048-01	10-01-048	Установка рейки-добора	ДВЕРИ, ВОРОТА	шт	Установка рейки-добора
10-01-049-01	10-01-049	Установка дверных приборов	ДВЕРИ, ВОРОТА	100 шт	Установка: вертикальных задвижек
10-01-049-02	10-01-049	Установка дверных приборов	ДВЕРИ, ВОРОТА	100 шт	Установка: дверного доводчика
10-01-049-03	10-01-049	Установка дверных приборов	ДВЕРИ, ВОРОТА	10 шт	Установка: в готовые гнезда врезных дверных замков с ручками
10-01-095-01	10-01-095	Заполнение наружных и внутренних проемов в монолитных железобетонных стенах	ДВЕРИ, ВОРОТА	100 м2	Заполнение наружных и внутренних проемов в монолитных железобетонных стенах дверными блоками с установкой приборов и наличников с одной стороны при площади проема: до 3 м2
10-01-095-02	10-01-095	Заполнение наружных и внутренних проемов в монолитных железобетонных стенах	ДВЕРИ, ВОРОТА	100 м2	Заполнение наружных и внутренних проемов в монолитных железобетонных стенах дверными блоками с установкой приборов и наличников с одной стороны при площади проема: более 3 м2
10-01-095-03	10-01-095	Заполнение наружных и внутренних проемов в монолитных железобетонных стенах	ДВЕРИ, ВОРОТА	100 м2	При заполнении проемов в монолитных железобетонных стенах фрамужными блоками с установкой наличников с двух сторон добавлять к нормам 10-01-095-01, 10-01-095-02
10-01-052-01	10-01-052	Устройство внутриквартирных лестниц, крылец и козырьков	ЛЕСТНИЦЫ ВНУТРИКВАРТИРНЫЕ, КРЫЛЬЦА, КОЗЫРЬКИ	м2	Устройство: внутриквартирных лестниц с подшивкой досками обшивки
10-01-052-02	10-01-052	Устройство внутриквартирных лестниц, крылец и козырьков	ЛЕСТНИЦЫ ВНУТРИКВАРТИРНЫЕ, КРЫЛЬЦА, КОЗЫРЬКИ	м2	Устройство: внутриквартирных лестниц без подшивки
10-01-052-03	10-01-052	Устройство внутриквартирных лестниц, крылец и козырьков	ЛЕСТНИЦЫ ВНУТРИКВАРТИРНЫЕ, КРЫЛЬЦА, КОЗЫРЬКИ	м2	Устройство: крылец
10-01-052-04	10-01-052	Устройство внутриквартирных лестниц, крылец и козырьков	ЛЕСТНИЦЫ ВНУТРИКВАРТИРНЫЕ, КРЫЛЬЦА, КОЗЫРЬКИ	м2	Устройство: козырьков
10-01-053-01	10-01-053	Установка каркаса из брусьев для навесов и крылец	ЛЕСТНИЦЫ ВНУТРИКВАРТИРНЫЕ, КРЫЛЬЦА, КОЗЫРЬКИ	м3	Установка каркаса из брусьев для навесов и крылец
10-01-057-01	10-01-057	Установка по месту встроенных шкафов и антресольных полок	ВСТРОЕННЫЕ ШКАФЫ, АНТРЕСОЛЬНЫЕ ПОЛКИ, ШТУЧНЫЕ ИЗДЕЛИЯ	100 м2	Установка по месту шкафных и антресольных: стенок
10-01-057-02	10-01-057	Установка по месту встроенных шкафов и антресольных полок	ВСТРОЕННЫЕ ШКАФЫ, АНТРЕСОЛЬНЫЕ ПОЛКИ, ШТУЧНЫЕ ИЗДЕЛИЯ	100 м2	Установка по месту шкафных и антресольных: полок
10-01-057-03	10-01-057	Установка по месту встроенных шкафов и антресольных полок	ВСТРОЕННЫЕ ШКАФЫ, АНТРЕСОЛЬНЫЕ ПОЛКИ, ШТУЧНЫЕ ИЗДЕЛИЯ	100 м2	Изготовление комплекта деталей встроенных шкафов из панелей ДСП
10-01-058-01	10-01-058	Установка шкафных и антресольных дверных блоков	ВСТРОЕННЫЕ ШКАФЫ, АНТРЕСОЛЬНЫЕ ПОЛКИ, ШТУЧНЫЕ ИЗДЕЛИЯ	10 шт	Установка дверных блоков: шкафных
10-01-058-02	10-01-058	Установка шкафных и антресольных дверных блоков	ВСТРОЕННЫЕ ШКАФЫ, АНТРЕСОЛЬНЫЕ ПОЛКИ, ШТУЧНЫЕ ИЗДЕЛИЯ	10 шт	Установка дверных блоков: антресольных
10-01-058-03	10-01-058	Установка шкафных и антресольных дверных блоков	ВСТРОЕННЫЕ ШКАФЫ, АНТРЕСОЛЬНЫЕ ПОЛКИ, ШТУЧНЫЕ ИЗДЕЛИЯ	10 шт	Установка шкафных врезных замков
10-01-059-01	10-01-059	Установка штучных изделий	ВСТРОЕННЫЕ ШКАФЫ, АНТРЕСОЛЬНЫЕ ПОЛКИ, ШТУЧНЫЕ ИЗДЕЛИЯ	100 шт	Установка столов, шкафов под мойки, холодильных шкафов и др.
10-01-060-01	10-01-060	Установка и крепление наличников, раскладок	ВСТРОЕННЫЕ ШКАФЫ, АНТРЕСОЛЬНЫЕ ПОЛКИ, ШТУЧНЫЕ ИЗДЕЛИЯ	100 м	Установка и крепление наличников
10-01-060-02	10-01-060	Установка и крепление наличников, раскладок	ВСТРОЕННЫЕ ШКАФЫ, АНТРЕСОЛЬНЫЕ ПОЛКИ, ШТУЧНЫЕ ИЗДЕЛИЯ	100 м	Установка раскладок из дерева: хвойных пород по кирпичу и бетону (без окраски)
10-01-060-03	10-01-060	Установка и крепление наличников, раскладок	ВСТРОЕННЫЕ ШКАФЫ, АНТРЕСОЛЬНЫЕ ПОЛКИ, ШТУЧНЫЕ ИЗДЕЛИЯ	100 м	Установка раскладок из дерева: хвойных пород по дереву (без окраски)
10-01-060-04	10-01-060	Установка и крепление наличников, раскладок	ВСТРОЕННЫЕ ШКАФЫ, АНТРЕСОЛЬНЫЕ ПОЛКИ, ШТУЧНЫЕ ИЗДЕЛИЯ	100 м	Установка раскладок из дерева: твердолиственных пород по кирпичу и бетону (без отделки)
10-01-060-05	10-01-060	Установка и крепление наличников, раскладок	ВСТРОЕННЫЕ ШКАФЫ, АНТРЕСОЛЬНЫЕ ПОЛКИ, ШТУЧНЫЕ ИЗДЕЛИЯ	100 м	Установка раскладок из дерева: твердолиственных пород по дереву (без отделки)
10-01-060-06	10-01-060	Установка и крепление наличников, раскладок	ВСТРОЕННЫЕ ШКАФЫ, АНТРЕСОЛЬНЫЕ ПОЛКИ, ШТУЧНЫЕ ИЗДЕЛИЯ	100 м	Обделка выступающих углов стен наличниками: из хвойных пород по кирпичу и бетону (без окраски)
10-01-060-07	10-01-060	Установка и крепление наличников, раскладок	ВСТРОЕННЫЕ ШКАФЫ, АНТРЕСОЛЬНЫЕ ПОЛКИ, ШТУЧНЫЕ ИЗДЕЛИЯ	100 м	Обделка выступающих углов стен наличниками: из хвойных пород по дереву (без окраски)
10-01-060-08	10-01-060	Установка и крепление наличников, раскладок	ВСТРОЕННЫЕ ШКАФЫ, АНТРЕСОЛЬНЫЕ ПОЛКИ, ШТУЧНЫЕ ИЗДЕЛИЯ	100 м	Обделка выступающих углов стен наличниками: из твердолиственных пород по кирпичу и бетону (без отделки)
10-01-060-09	10-01-060	Установка и крепление наличников, раскладок	ВСТРОЕННЫЕ ШКАФЫ, АНТРЕСОЛЬНЫЕ ПОЛКИ, ШТУЧНЫЕ ИЗДЕЛИЯ	100 м	Обделка выступающих углов стен наличниками: из твердолиственных пород по дереву (без отделки)
10-01-079-01	10-01-079	Установка стульев на лежнях	ПРОЧИЕ КОНСТРУКЦИИ	м3	Установка стульев на лежнях глубиной заложения: до 1,5 м
10-01-079-02	10-01-079	Установка стульев на лежнях	ПРОЧИЕ КОНСТРУКЦИИ	м3	Установка стульев на лежнях глубиной заложения: более 1,5 м
10-01-080-01	10-01-080	Устройство ростверков	ПРОЧИЕ КОНСТРУКЦИИ	м3	Устройство ростверков из брусьев по деревянным сваям
10-01-081-01	10-01-081	Устройство цоколей с установкой забирки	ПРОЧИЕ КОНСТРУКЦИИ	100 м2	Устройство цоколей с установкой забирки: из горбыля с обшивкой досками и утеплением
10-01-081-02	10-01-081	Устройство цоколей с установкой забирки	ПРОЧИЕ КОНСТРУКЦИИ	100 м2	Устройство цоколей с установкой забирки: из досок
10-01-082-01	10-01-082	Укладка по фермам прогонов	ПРОЧИЕ КОНСТРУКЦИИ	м3	Укладка по фермам прогонов: из досок
10-01-082-02	10-01-082	Укладка по фермам прогонов	ПРОЧИЕ КОНСТРУКЦИИ	м3	Укладка по фермам прогонов: из брусьев
10-01-083-01	10-01-083	Устройство по фермам настила	ПРОЧИЕ КОНСТРУКЦИИ	100 м2	Устройство по фермам настила: из щитов деревянных с плитным утеплителем
10-01-083-02	10-01-083	Устройство по фермам настила	ПРОЧИЕ КОНСТРУКЦИИ	100 м2	Устройство по фермам настила: рабочего толщиной 25 мм разреженного
10-01-083-03	10-01-083	Устройство по фермам настила	ПРОЧИЕ КОНСТРУКЦИИ	100 м2	Устройство по фермам настила: рабочего толщиной 25 мм сплошного
10-01-083-04	10-01-083	Устройство по фермам настила	ПРОЧИЕ КОНСТРУКЦИИ	100 м2	Устройство по фермам настила: рабочего толщиной 40 мм разреженного
10-01-083-05	10-01-083	Устройство по фермам настила	ПРОЧИЕ КОНСТРУКЦИИ	100 м2	Устройство по фермам настила: рабочего толщиной 40 мм сплошного
10-01-083-06	10-01-083	Устройство по фермам настила	ПРОЧИЕ КОНСТРУКЦИИ	100 м2	Устройство по фермам настила: рабочего толщиной 50 мм разреженного
10-01-083-07	10-01-083	Устройство по фермам настила	ПРОЧИЕ КОНСТРУКЦИИ	100 м2	Устройство по фермам настила: рабочего толщиной 50 мм сплошного
10-01-083-08	10-01-083	Устройство по фермам настила	ПРОЧИЕ КОНСТРУКЦИИ	100 м2	Устройство по фермам настила: защитного
10-01-084-01	10-01-084	Установка карнизов из досок	ПРОЧИЕ КОНСТРУКЦИИ	100 м2	Установка карнизов из досок: одноэлементных
10-01-084-02	10-01-084	Установка карнизов из досок	ПРОЧИЕ КОНСТРУКЦИИ	100 м2	Установка карнизов из досок: двухэлементных
10-01-089-01	10-01-089	Антисептирование водными растворами	АНТИСЕПТИРОВАНИЕ КОНСТРУКЦИЙ	100 м2	Антисептирование водными растворами: стен
10-01-089-02	10-01-089	Антисептирование водными растворами	АНТИСЕПТИРОВАНИЕ КОНСТРУКЦИЙ	100 м2	Антисептирование водными растворами: перегородок
10-01-089-03	10-01-089	Антисептирование водными растворами	АНТИСЕПТИРОВАНИЕ КОНСТРУКЦИЙ	100 м2	Антисептирование водными растворами: покрытий по фермам
10-01-090-01	10-01-090	Антисептирование пастами	АНТИСЕПТИРОВАНИЕ КОНСТРУКЦИЙ	100 м2	Антисептирование пастами: стен рубленых
10-01-090-02	10-01-090	Антисептирование пастами	АНТИСЕПТИРОВАНИЕ КОНСТРУКЦИЙ	100 м2	Антисептирование пастами: перекрытий по открытым прогонам
10-01-090-03	10-01-090	Антисептирование пастами	АНТИСЕПТИРОВАНИЕ КОНСТРУКЦИЙ	100 м2	Антисептирование пастами: перекрытий прогонов, балок, накатов
10-01-090-04	10-01-090	Антисептирование пастами	АНТИСЕПТИРОВАНИЕ КОНСТРУКЦИЙ	100 м2	Антисептирование пастами: перегородок с двух сторон
10-01-090-05	10-01-090	Антисептирование пастами	АНТИСЕПТИРОВАНИЕ КОНСТРУКЦИЙ	100 м2	Антисептирование пастами: покрытий прогонов по фермам
10-01-091-01	10-01-091	Обработка деревянных конструкций антисептиком-антипиреном	АНТИСЕПТИРОВАНИЕ КОНСТРУКЦИЙ	100 м2	Обработка деревянных конструкций в 1 слой антисептиком-антипиреном при помощи аппарата аэрозольно-капельного распыления
10-01-092-01	10-01-092	Обработка каменных, бетонных, кирпичных и деревянных поверхностей биопиреном	АНТИСЕПТИРОВАНИЕ КОНСТРУКЦИЙ	100 м2	Обработка каменных, бетонных, кирпичных и деревянных поверхностей биопиреном
10-01-093-01	10-01-093	Обработка каменных, бетонных, кирпичных и деревянных поверхностей антисептиком	АНТИСЕПТИРОВАНИЕ КОНСТРУКЦИЙ	100 м2	Обработка каменных, бетонных, кирпичных и деревянных поверхностей антисептиком
10-01-094-01	10-01-094	Отбеливание древесины двухкомпонентным составом	АНТИСЕПТИРОВАНИЕ КОНСТРУКЦИЙ	100 м2	Отбеливание древесины двухкомпонентным составом
10-05-001-01	10-05-001	Устройство перегородок из гипсокартонных листов (ГКЛ) с одинарным металлическим каркасом и однослойн	ПЕРЕГОРОДКИ, ОБЛИЦОВКИ СТЕН, ПОДВЕСНЫЕ ПОТОЛКИ ИЗ ГИПСОКАРТО	100 м2	Устройство перегородок из гипсокартонных листов (ГКЛ) с одинарным металлическим каркасом и однослойной обшивкой с обеих сторон: глухих
10-05-001-02	10-05-001	Устройство перегородок из гипсокартонных листов (ГКЛ) с одинарным металлическим каркасом и однослойн	ПЕРЕГОРОДКИ, ОБЛИЦОВКИ СТЕН, ПОДВЕСНЫЕ ПОТОЛКИ ИЗ ГИПСОКАРТО	100 м2	Устройство перегородок из гипсокартонных листов (ГКЛ) с одинарным металлическим каркасом и однослойной обшивкой с обеих сторон: с одним дверным проемом
10-05-001-03	10-05-001	Устройство перегородок из гипсокартонных листов (ГКЛ) с одинарным металлическим каркасом и однослойн	ПЕРЕГОРОДКИ, ОБЛИЦОВКИ СТЕН, ПОДВЕСНЫЕ ПОТОЛКИ ИЗ ГИПСОКАРТО	100 м2	Устройство перегородок из гипсокартонных листов (ГКЛ) с одинарным металлическим каркасом и однослойной обшивкой с обеих сторон: с двумя дверными проемами
10-05-001-04	10-05-001	Устройство перегородок из гипсокартонных листов (ГКЛ) с одинарным металлическим каркасом и однослойн	ПЕРЕГОРОДКИ, ОБЛИЦОВКИ СТЕН, ПОДВЕСНЫЕ ПОТОЛКИ ИЗ ГИПСОКАРТО	100 м2	Устройство перегородок из гипсокартонных листов (ГКЛ) с одинарным металлическим каркасом и однослойной обшивкой с обеих сторон: с тремя дверными проемами и деформационным швом
10-05-002-01	10-05-002	Устройство перегородок из гипсокартонных листов (ГКЛ) с одинарным металлическим каркасом и двухслойн	ПЕРЕГОРОДКИ, ОБЛИЦОВКИ СТЕН, ПОДВЕСНЫЕ ПОТОЛКИ ИЗ ГИПСОКАРТО	100 м2	Устройство перегородок из гипсокартонных листов (ГКЛ) с одинарным металлическим каркасом и двухслойной обшивкой с обеих сторон: глухих
10-05-002-02	10-05-002	Устройство перегородок из гипсокартонных листов (ГКЛ) с одинарным металлическим каркасом и двухслойн	ПЕРЕГОРОДКИ, ОБЛИЦОВКИ СТЕН, ПОДВЕСНЫЕ ПОТОЛКИ ИЗ ГИПСОКАРТО	100 м2	Устройство перегородок из гипсокартонных листов (ГКЛ) с одинарным металлическим каркасом и двухслойной обшивкой с обеих сторон: с одним дверным проемом
10-05-002-03	10-05-002	Устройство перегородок из гипсокартонных листов (ГКЛ) с одинарным металлическим каркасом и двухслойн	ПЕРЕГОРОДКИ, ОБЛИЦОВКИ СТЕН, ПОДВЕСНЫЕ ПОТОЛКИ ИЗ ГИПСОКАРТО	100 м2	Устройство перегородок из гипсокартонных листов (ГКЛ) с одинарным металлическим каркасом и двухслойной обшивкой с обеих сторон: с двумя дверными проемами
10-05-002-04	10-05-002	Устройство перегородок из гипсокартонных листов (ГКЛ) с одинарным металлическим каркасом и двухслойн	ПЕРЕГОРОДКИ, ОБЛИЦОВКИ СТЕН, ПОДВЕСНЫЕ ПОТОЛКИ ИЗ ГИПСОКАРТО	100 м2	Устройство перегородок из гипсокартонных листов (ГКЛ) с одинарным металлическим каркасом и двухслойной обшивкой с обеих сторон: с тремя дверными проемами и деформационным швом
10-05-003-01	10-05-003	Устройство перегородок из гипсокартонных листов (ГКЛ) с одинарным металлическим каркасом и трехслойн	ПЕРЕГОРОДКИ, ОБЛИЦОВКИ СТЕН, ПОДВЕСНЫЕ ПОТОЛКИ ИЗ ГИПСОКАРТО	100 м2	Устройство перегородок из гипсокартонных листов (ГКЛ) с одинарным металлическим каркасом и трехслойной обшивкой с обеих сторон: глухих
10-05-003-02	10-05-003	Устройство перегородок из гипсокартонных листов (ГКЛ) с одинарным металлическим каркасом и трехслойн	ПЕРЕГОРОДКИ, ОБЛИЦОВКИ СТЕН, ПОДВЕСНЫЕ ПОТОЛКИ ИЗ ГИПСОКАРТО	100 м2	Устройство перегородок из гипсокартонных листов (ГКЛ) с одинарным металлическим каркасом и трехслойной обшивкой с обеих сторон: с одним дверным проемом
10-05-003-03	10-05-003	Устройство перегородок из гипсокартонных листов (ГКЛ) с одинарным металлическим каркасом и трехслойн	ПЕРЕГОРОДКИ, ОБЛИЦОВКИ СТЕН, ПОДВЕСНЫЕ ПОТОЛКИ ИЗ ГИПСОКАРТО	100 м2	Устройство перегородок из гипсокартонных листов (ГКЛ) с одинарным металлическим каркасом и трехслойной обшивкой с обеих сторон: с двумя дверными проемами
10-05-004-01	10-05-004	Устройство перегородок из гипсокартонных листов (ГКЛ) с двойным металлическим каркасом и двухслойной	ПЕРЕГОРОДКИ, ОБЛИЦОВКИ СТЕН, ПОДВЕСНЫЕ ПОТОЛКИ ИЗ ГИПСОКАРТО	100 м2	Устройство перегородок из гипсокартонных листов (ГКЛ) с двойным металлическим каркасом и двухслойной обшивкой с обеих сторон: глухих
10-05-004-02	10-05-004	Устройство перегородок из гипсокартонных листов (ГКЛ) с двойным металлическим каркасом и двухслойной	ПЕРЕГОРОДКИ, ОБЛИЦОВКИ СТЕН, ПОДВЕСНЫЕ ПОТОЛКИ ИЗ ГИПСОКАРТО	100 м2	Устройство перегородок из гипсокартонных листов (ГКЛ) с двойным металлическим каркасом и двухслойной обшивкой с обеих сторон: с одним дверным проемом
10-05-004-03	10-05-004	Устройство перегородок из гипсокартонных листов (ГКЛ) с двойным металлическим каркасом и двухслойной	ПЕРЕГОРОДКИ, ОБЛИЦОВКИ СТЕН, ПОДВЕСНЫЕ ПОТОЛКИ ИЗ ГИПСОКАРТО	100 м2	Устройство перегородок из гипсокартонных листов (ГКЛ) с двойным металлическим каркасом и двухслойной обшивкой с обеих сторон: с двумя дверными проемами
10-05-004-04	10-05-004	Устройство перегородок из гипсокартонных листов (ГКЛ) с двойным металлическим каркасом и двухслойной	ПЕРЕГОРОДКИ, ОБЛИЦОВКИ СТЕН, ПОДВЕСНЫЕ ПОТОЛКИ ИЗ ГИПСОКАРТО	100 м2	Устройство перегородок из гипсокартонных листов (ГКЛ) с двойным металлическим каркасом и двухслойной обшивкой с обеих сторон: с тремя дверными проемами и деформационным швом
10-05-005-01	10-05-005	Устройство перегородок из гипсокартонных листов (ГКЛ) с двойным металлическим каркасом и двухслойной	ПЕРЕГОРОДКИ, ОБЛИЦОВКИ СТЕН, ПОДВЕСНЫЕ ПОТОЛКИ ИЗ ГИПСОКАРТО	100 м2	Устройство перегородок из гипсокартонных листов (ГКЛ) с двойным металлическим каркасом и двухслойной обшивкой с обеих сторон и один лист в середине перегородки: глухих
10-05-005-02	10-05-005	Устройство перегородок из гипсокартонных листов (ГКЛ) с двойным металлическим каркасом и двухслойной	ПЕРЕГОРОДКИ, ОБЛИЦОВКИ СТЕН, ПОДВЕСНЫЕ ПОТОЛКИ ИЗ ГИПСОКАРТО	100 м2	Устройство перегородок из гипсокартонных листов (ГКЛ) с двойным металлическим каркасом и двухслойной обшивкой с обеих сторон и один лист в середине перегородки: с одним дверным про
10-05-005-03	10-05-005	Устройство перегородок из гипсокартонных листов (ГКЛ) с двойным металлическим каркасом и двухслойной	ПЕРЕГОРОДКИ, ОБЛИЦОВКИ СТЕН, ПОДВЕСНЫЕ ПОТОЛКИ ИЗ ГИПСОКАРТО	100 м2	Устройство перегородок из гипсокартонных листов (ГКЛ) с двойным металлическим каркасом и двухслойной обшивкой с обеих сторон и один лист в середине перегородки: с двумя дверными пр
10-05-005-04	10-05-005	Устройство перегородок из гипсокартонных листов (ГКЛ) с двойным металлическим каркасом и двухслойной	ПЕРЕГОРОДКИ, ОБЛИЦОВКИ СТЕН, ПОДВЕСНЫЕ ПОТОЛКИ ИЗ ГИПСОКАРТО	100 м2	Устройство перегородок из гипсокартонных листов (ГКЛ) с двойным металлическим каркасом и двухслойной обшивкой с обеих сторон и один лист в середине перегородки: с тремя дверными пр
10-05-006-01	10-05-006	Устройство перегородок из гипсокартонных листов (ГКЛ) с двойным металлическим каркасом с пространств	ПЕРЕГОРОДКИ, ОБЛИЦОВКИ СТЕН, ПОДВЕСНЫЕ ПОТОЛКИ ИЗ ГИПСОКАРТО	100 м2	Устройство глухих перегородок из гипсокартонных листов (ГКЛ) с двойным металлическим каркасом с пространством для пропуска коммуникаций и двухслойной обшивкой с обеих сторон
10-05-007-01	10-05-007	Устройство перегородок с одинарным металлическим каркасом и трехслойной обшивкой с листами оцинкован	ПЕРЕГОРОДКИ, ОБЛИЦОВКИ СТЕН, ПОДВЕСНЫЕ ПОТОЛКИ ИЗ ГИПСОКАРТО	100 м2	Устройство перегородок с одинарным металлическим каркасом и трехслойной обшивкой с листами оцинкованной стали толщиной 0,5 мм между гипсокартонными листами с обеих сторон: глухих
10-05-007-02	10-05-007	Устройство перегородок с одинарным металлическим каркасом и трехслойной обшивкой с листами оцинкован	ПЕРЕГОРОДКИ, ОБЛИЦОВКИ СТЕН, ПОДВЕСНЫЕ ПОТОЛКИ ИЗ ГИПСОКАРТО	100 м2	Устройство перегородок с одинарным металлическим каркасом и трехслойной обшивкой с листами оцинкованной стали толщиной 0,5 мм между гипсокартонными листами с обеих сторон: с одним 
10-05-007-03	10-05-007	Устройство перегородок с одинарным металлическим каркасом и трехслойной обшивкой с листами оцинкован	ПЕРЕГОРОДКИ, ОБЛИЦОВКИ СТЕН, ПОДВЕСНЫЕ ПОТОЛКИ ИЗ ГИПСОКАРТО	100 м2	Устройство перегородок с одинарным металлическим каркасом и трехслойной обшивкой с листами оцинкованной стали толщиной 0,5 мм между гипсокартонными листами с обеих сторон: с двумя 
10-05-008-01	10-05-008	Облицовка стен по одинарному металлическому каркасу из потолочного профиля одним или двумя слоями ги	ПЕРЕГОРОДКИ, ОБЛИЦОВКИ СТЕН, ПОДВЕСНЫЕ ПОТОЛКИ ИЗ ГИПСОКАРТО	100 м2	Облицовка стен по одинарному металлическому каркасу из потолочного профиля гипсокартонными листами: одним слоем с оконным проемом
10-05-008-02	10-05-008	Облицовка стен по одинарному металлическому каркасу из потолочного профиля одним или двумя слоями ги	ПЕРЕГОРОДКИ, ОБЛИЦОВКИ СТЕН, ПОДВЕСНЫЕ ПОТОЛКИ ИЗ ГИПСОКАРТО	100 м2	Облицовка стен по одинарному металлическому каркасу из потолочного профиля гипсокартонными листами: двумя слоями с оконным проемом
10-05-008-03	10-05-008	Облицовка стен по одинарному металлическому каркасу из потолочного профиля одним или двумя слоями ги	ПЕРЕГОРОДКИ, ОБЛИЦОВКИ СТЕН, ПОДВЕСНЫЕ ПОТОЛКИ ИЗ ГИПСОКАРТО	100 м2	Облицовка стен по одинарному металлическому каркасу из потолочного профиля гипсокартонными листами: одним слоем с дверным проемом
10-05-008-04	10-05-008	Облицовка стен по одинарному металлическому каркасу из потолочного профиля одним или двумя слоями ги	ПЕРЕГОРОДКИ, ОБЛИЦОВКИ СТЕН, ПОДВЕСНЫЕ ПОТОЛКИ ИЗ ГИПСОКАРТО	100 м2	Облицовка стен по одинарному металлическому каркасу из потолочного профиля гипсокартонными листами: двумя слоями с дверным проемом
10-05-009-01	10-05-009	Облицовка стен по одинарному металлическому каркасу из направляющих и стоечных профилей гипсокартонн	ПЕРЕГОРОДКИ, ОБЛИЦОВКИ СТЕН, ПОДВЕСНЫЕ ПОТОЛКИ ИЗ ГИПСОКАРТО	100 м2	Облицовка стен по одинарному металлическому каркасу из направляющих и стоечных профилей гипсокартонными листами в один слой: с оконным проемом
10-05-009-02	10-05-009	Облицовка стен по одинарному металлическому каркасу из направляющих и стоечных профилей гипсокартонн	ПЕРЕГОРОДКИ, ОБЛИЦОВКИ СТЕН, ПОДВЕСНЫЕ ПОТОЛКИ ИЗ ГИПСОКАРТО	100 м2	Облицовка стен по одинарному металлическому каркасу из направляющих и стоечных профилей гипсокартонными листами в один слой: с дверным проемом
10-05-010-01	10-05-010	Облицовка стен по одинарному металлическому каркасу из направляющих и стоечных профилей гипсокартонн	ПЕРЕГОРОДКИ, ОБЛИЦОВКИ СТЕН, ПОДВЕСНЫЕ ПОТОЛКИ ИЗ ГИПСОКАРТО	100 м2	Облицовка стен по одинарному металлическому каркасу из направляющих и стоечных профилей гипсокартонными листами в два слоя: с оконным проемом
10-05-010-02	10-05-010	Облицовка стен по одинарному металлическому каркасу из направляющих и стоечных профилей гипсокартонн	ПЕРЕГОРОДКИ, ОБЛИЦОВКИ СТЕН, ПОДВЕСНЫЕ ПОТОЛКИ ИЗ ГИПСОКАРТО	100 м2	Облицовка стен по одинарному металлическому каркасу из направляющих и стоечных профилей гипсокартонными листами в два слоя: с дверным проемом
10-05-011-01	10-05-011	Устройство подвесных потолков из гипсокартонных листов (ГКЛ)	ПЕРЕГОРОДКИ, ОБЛИЦОВКИ СТЕН, ПОДВЕСНЫЕ ПОТОЛКИ ИЗ ГИПСОКАРТО	100 м2	Устройство подвесных потолков из гипсокартонных листов (ГКЛ): двухуровневых
10-05-011-02	10-05-011	Устройство подвесных потолков из гипсокартонных листов (ГКЛ)	ПЕРЕГОРОДКИ, ОБЛИЦОВКИ СТЕН, ПОДВЕСНЫЕ ПОТОЛКИ ИЗ ГИПСОКАРТО	100 м2	Устройство подвесных потолков из гипсокартонных листов (ГКЛ): одноуровневых
10-05-012-01	10-05-012	Облицовка стен глухих (без проемов) по металлическому одинарному каркасу гипсокартонными листами	ПЕРЕГОРОДКИ, ОБЛИЦОВКИ СТЕН, ПОДВЕСНЫЕ ПОТОЛКИ ИЗ ГИПСОКАРТО	100 м2	Облицовка стен глухих (без проемов) по металлическому одинарному каркасу гипсокартонными листами
10-05-013-01	10-05-013	Облицовка откосов по готовому металлическому одинарному каркасу гипсокартонными листами	ПЕРЕГОРОДКИ, ОБЛИЦОВКИ СТЕН, ПОДВЕСНЫЕ ПОТОЛКИ ИЗ ГИПСОКАРТО	100 м2	Облицовка откосов по готовому металлическому одинарному каркасу гипсокартонными листами
10-05-014-01	10-05-014	Устройство перегородок и облицовка стен из панелей на основе гипсокартонных листов (ГКЛ) с отделочны	ПЕРЕГОРОДКИ, ОБЛИЦОВКИ СТЕН, ПОДВЕСНЫЕ ПОТОЛКИ ИЗ ГИПСОКАРТО	100 м2	Устройство перегородок из панелей на основе гипсокартонных листов (ГКЛ) с отделочным покрытием с одинарным металлическим каркасом и однослойной обшивкой с обеих сторон
10-05-014-02	10-05-014	Устройство перегородок и облицовка стен из панелей на основе гипсокартонных листов (ГКЛ) с отделочны	ПЕРЕГОРОДКИ, ОБЛИЦОВКИ СТЕН, ПОДВЕСНЫЕ ПОТОЛКИ ИЗ ГИПСОКАРТО	100 м2	Облицовка стен из панелей на основе гипсокартонных листов (ГКЛ) с отделочным покрытием с одинарным металлическим каркасом
10-05-014-03	10-05-014	Устройство перегородок и облицовка стен из панелей на основе гипсокартонных листов (ГКЛ) с отделочны	ПЕРЕГОРОДКИ, ОБЛИЦОВКИ СТЕН, ПОДВЕСНЫЕ ПОТОЛКИ ИЗ ГИПСОКАРТО	100 м	При устройстве проемов: с усилением деревянным брусом добавлять к норме 10-05-014-01
10-05-014-04	10-05-014	Устройство перегородок и облицовка стен из панелей на основе гипсокартонных листов (ГКЛ) с отделочны	ПЕРЕГОРОДКИ, ОБЛИЦОВКИ СТЕН, ПОДВЕСНЫЕ ПОТОЛКИ ИЗ ГИПСОКАРТО	100 м	При устройстве проемов: без усиления добавлять к норме 10-05-014-01
10-06-031-01	10-06-031	Устройство перегородок из гипсоволокнистых листов (ГВЛ) или гипсостружечных плит (ГСП) с одинарным м	ПЕРЕГОРОДКИ, ОБЛИЦОВКИ СТЕН, ПОДВЕСНЫЕ ПОТОЛКИ ИЗ ГИПСОВОЛОК	100 м2	Устройство перегородок из гипсоволокнистых листов (ГВЛ) или гипсостружечных плит (ГСП) с одинарным металлическим каркасом и однослойной обшивкой с обеих сторон: глухих
10-06-031-02	10-06-031	Устройство перегородок из гипсоволокнистых листов (ГВЛ) или гипсостружечных плит (ГСП) с одинарным м	ПЕРЕГОРОДКИ, ОБЛИЦОВКИ СТЕН, ПОДВЕСНЫЕ ПОТОЛКИ ИЗ ГИПСОВОЛОК	100 м2	Устройство перегородок из гипсоволокнистых листов (ГВЛ) или гипсостружечных плит (ГСП) с одинарным металлическим каркасом и однослойной обшивкой с обеих сторон: с одним дверным про
10-06-031-03	10-06-031	Устройство перегородок из гипсоволокнистых листов (ГВЛ) или гипсостружечных плит (ГСП) с одинарным м	ПЕРЕГОРОДКИ, ОБЛИЦОВКИ СТЕН, ПОДВЕСНЫЕ ПОТОЛКИ ИЗ ГИПСОВОЛОК	100 м2	Устройство перегородок из гипсоволокнистых листов (ГВЛ) или гипсостружечных плит (ГСП) с одинарным металлическим каркасом и однослойной обшивкой с обеих сторон: с двумя дверными пр
10-06-031-04	10-06-031	Устройство перегородок из гипсоволокнистых листов (ГВЛ) или гипсостружечных плит (ГСП) с одинарным м	ПЕРЕГОРОДКИ, ОБЛИЦОВКИ СТЕН, ПОДВЕСНЫЕ ПОТОЛКИ ИЗ ГИПСОВОЛОК	100 м2	Устройство перегородок из гипсоволокнистых листов (ГВЛ) или гипсостружечных плит (ГСП) с одинарным металлическим каркасом и однослойной обшивкой с обеих сторон: с тремя дверными пр
10-06-032-01	10-06-032	Устройство перегородок из гипсоволокнистых листов (ГВЛ) или гипсостружечных плит (ГСП) с одинарным м	ПЕРЕГОРОДКИ, ОБЛИЦОВКИ СТЕН, ПОДВЕСНЫЕ ПОТОЛКИ ИЗ ГИПСОВОЛОК	100 м2	Устройство перегородок из гипсоволокнистых листов (ГВЛ) или гипсостружечных плит (ГСП) с одинарным металлическим каркасом и двухслойной обшивкой с обеих сторон: глухих
10-06-032-02	10-06-032	Устройство перегородок из гипсоволокнистых листов (ГВЛ) или гипсостружечных плит (ГСП) с одинарным м	ПЕРЕГОРОДКИ, ОБЛИЦОВКИ СТЕН, ПОДВЕСНЫЕ ПОТОЛКИ ИЗ ГИПСОВОЛОК	100 м2	Устройство перегородок из гипсоволокнистых листов (ГВЛ) или гипсостружечных плит (ГСП) с одинарным металлическим каркасом и двухслойной обшивкой с обеих сторон: с одним дверным про
10-06-032-03	10-06-032	Устройство перегородок из гипсоволокнистых листов (ГВЛ) или гипсостружечных плит (ГСП) с одинарным м	ПЕРЕГОРОДКИ, ОБЛИЦОВКИ СТЕН, ПОДВЕСНЫЕ ПОТОЛКИ ИЗ ГИПСОВОЛОК	100 м2	Устройство перегородок из гипсоволокнистых листов (ГВЛ) или гипсостружечных плит (ГСП) с одинарным металлическим каркасом и двухслойной обшивкой с обеих сторон: с двумя дверными пр
10-06-032-04	10-06-032	Устройство перегородок из гипсоволокнистых листов (ГВЛ) или гипсостружечных плит (ГСП) с одинарным м	ПЕРЕГОРОДКИ, ОБЛИЦОВКИ СТЕН, ПОДВЕСНЫЕ ПОТОЛКИ ИЗ ГИПСОВОЛОК	100 м2	Устройство перегородок из гипсоволокнистых листов (ГВЛ) или гипсостружечных плит (ГСП) с одинарным металлическим каркасом и двухслойной обшивкой с обеих сторон: с тремя дверными пр
10-06-033-01	10-06-033	Устройство перегородок из гипсоволокнистых листов (ГВЛ) или гипсостружечных плит (ГСП) с одинарным м	ПЕРЕГОРОДКИ, ОБЛИЦОВКИ СТЕН, ПОДВЕСНЫЕ ПОТОЛКИ ИЗ ГИПСОВОЛОК	100 м2	Устройство перегородок из гипсоволокнистых листов (ГВЛ) или гипсостружечных плит (ГСП) с одинарным металлическим каркасом и трехслойной обшивкой с обеих сторон: глухих
10-06-033-02	10-06-033	Устройство перегородок из гипсоволокнистых листов (ГВЛ) или гипсостружечных плит (ГСП) с одинарным м	ПЕРЕГОРОДКИ, ОБЛИЦОВКИ СТЕН, ПОДВЕСНЫЕ ПОТОЛКИ ИЗ ГИПСОВОЛОК	100 м2	Устройство перегородок из гипсоволокнистых листов (ГВЛ) или гипсостружечных плит (ГСП) с одинарным металлическим каркасом и трехслойной обшивкой с обеих сторон: с одним дверным про
10-06-033-03	10-06-033	Устройство перегородок из гипсоволокнистых листов (ГВЛ) или гипсостружечных плит (ГСП) с одинарным м	ПЕРЕГОРОДКИ, ОБЛИЦОВКИ СТЕН, ПОДВЕСНЫЕ ПОТОЛКИ ИЗ ГИПСОВОЛОК	100 м2	Устройство перегородок из гипсоволокнистых листов (ГВЛ) или гипсостружечных плит (ГСП) с одинарным металлическим каркасом и трехслойной обшивкой с обеих сторон: с двумя дверными пр
10-06-034-01	10-06-034	Устройство перегородок из гипсоволокнистых листов (ГВЛ) или гипсостружечных плит (ГСП) с двойным мет	ПЕРЕГОРОДКИ, ОБЛИЦОВКИ СТЕН, ПОДВЕСНЫЕ ПОТОЛКИ ИЗ ГИПСОВОЛОК	100 м2	Устройство перегородок из гипсоволокнистых листов (ГВЛ) или гипсостружечных плит (ГСП) с двойным металлическим каркасом и двухслойной обшивкой с обеих сторон: глухих
10-06-034-02	10-06-034	Устройство перегородок из гипсоволокнистых листов (ГВЛ) или гипсостружечных плит (ГСП) с двойным мет	ПЕРЕГОРОДКИ, ОБЛИЦОВКИ СТЕН, ПОДВЕСНЫЕ ПОТОЛКИ ИЗ ГИПСОВОЛОК	100 м2	Устройство перегородок из гипсоволокнистых листов (ГВЛ) или гипсостружечных плит (ГСП) с двойным металлическим каркасом и двухслойной обшивкой с обеих сторон: с одним дверным проем
10-06-034-03	10-06-034	Устройство перегородок из гипсоволокнистых листов (ГВЛ) или гипсостружечных плит (ГСП) с двойным мет	ПЕРЕГОРОДКИ, ОБЛИЦОВКИ СТЕН, ПОДВЕСНЫЕ ПОТОЛКИ ИЗ ГИПСОВОЛОК	100 м2	Устройство перегородок из гипсоволокнистых листов (ГВЛ) или гипсостружечных плит (ГСП) с двойным металлическим каркасом и двухслойной обшивкой с обеих сторон: с двумя дверными прое
10-06-034-04	10-06-034	Устройство перегородок из гипсоволокнистых листов (ГВЛ) или гипсостружечных плит (ГСП) с двойным мет	ПЕРЕГОРОДКИ, ОБЛИЦОВКИ СТЕН, ПОДВЕСНЫЕ ПОТОЛКИ ИЗ ГИПСОВОЛОК	100 м2	Устройство перегородок из гипсоволокнистых листов (ГВЛ) или гипсостружечных плит (ГСП) с двойным металлическим каркасом и двухслойной обшивкой с обеих сторон: с тремя дверными прое
10-06-035-01	10-06-035	Устройство перегородок из гипсоволокнистых листов (ГВЛ) или гипсостружечных плит (ГСП) с двойным мет	ПЕРЕГОРОДКИ, ОБЛИЦОВКИ СТЕН, ПОДВЕСНЫЕ ПОТОЛКИ ИЗ ГИПСОВОЛОК	100 м2	Устройство глухих перегородок из гипсоволокнистых листов (ГВЛ) или гипсостружечных плит (ГСП) с двойным металлическим каркасом с пространством для пропуска коммуникаций и двухслойн
10-06-036-01	10-06-036	Устройство перегородок с одинарным металлическим каркасом и трехслойной обшивкой с листами оцинкован	ПЕРЕГОРОДКИ, ОБЛИЦОВКИ СТЕН, ПОДВЕСНЫЕ ПОТОЛКИ ИЗ ГИПСОВОЛОК	100 м2	Устройство перегородок с одинарным металлическим каркасом и трехслойной обшивкой с листами оцинкованной стали толщиной 0,5 мм между гипсоволокнистыми листами или гипсостружечными п
10-06-036-02	10-06-036	Устройство перегородок с одинарным металлическим каркасом и трехслойной обшивкой с листами оцинкован	ПЕРЕГОРОДКИ, ОБЛИЦОВКИ СТЕН, ПОДВЕСНЫЕ ПОТОЛКИ ИЗ ГИПСОВОЛОК	100 м2	Устройство перегородок с одинарным металлическим каркасом и трехслойной обшивкой с листами оцинкованной стали толщиной 0,5 мм между гипсоволокнистыми листами или гипсостружечными п
10-06-036-03	10-06-036	Устройство перегородок с одинарным металлическим каркасом и трехслойной обшивкой с листами оцинкован	ПЕРЕГОРОДКИ, ОБЛИЦОВКИ СТЕН, ПОДВЕСНЫЕ ПОТОЛКИ ИЗ ГИПСОВОЛОК	100 м2	Устройство перегородок с одинарным металлическим каркасом и трехслойной обшивкой с листами оцинкованной стали толщиной 0,5 мм между гипсоволокнистыми листами или гипсостружечными п
10-06-037-01	10-06-037	Облицовка стен по одинарному металлическому каркасу из потолочного профиля одним или двумя слоями ги	ПЕРЕГОРОДКИ, ОБЛИЦОВКИ СТЕН, ПОДВЕСНЫЕ ПОТОЛКИ ИЗ ГИПСОВОЛОК	100 м2	Облицовка стен по одинарному металлическому каркасу из потолочного профиля гипсоволокнистыми листами или гипсостружечными плитами: одним слоем с оконным проемом
10-06-037-02	10-06-037	Облицовка стен по одинарному металлическому каркасу из потолочного профиля одним или двумя слоями ги	ПЕРЕГОРОДКИ, ОБЛИЦОВКИ СТЕН, ПОДВЕСНЫЕ ПОТОЛКИ ИЗ ГИПСОВОЛОК	100 м2	Облицовка стен по одинарному металлическому каркасу из потолочного профиля гипсоволокнистыми листами или гипсостружечными плитами: двумя слоями с оконным проемом
10-06-037-03	10-06-037	Облицовка стен по одинарному металлическому каркасу из потолочного профиля одним или двумя слоями ги	ПЕРЕГОРОДКИ, ОБЛИЦОВКИ СТЕН, ПОДВЕСНЫЕ ПОТОЛКИ ИЗ ГИПСОВОЛОК	100 м2	Облицовка стен по одинарному металлическому каркасу из потолочного профиля гипсоволокнистыми листами или гипсостружечными плитами: одним слоем с дверным проемом
10-06-037-04	10-06-037	Облицовка стен по одинарному металлическому каркасу из потолочного профиля одним или двумя слоями ги	ПЕРЕГОРОДКИ, ОБЛИЦОВКИ СТЕН, ПОДВЕСНЫЕ ПОТОЛКИ ИЗ ГИПСОВОЛОК	100 м2	Облицовка стен по одинарному металлическому каркасу из потолочного профиля гипсоволокнистыми листами или гипсостружечными плитами: двумя слоями с дверным проемом
10-06-038-01	10-06-038	Облицовка стен по одинарному металлическому каркасу из направляющих и стоечных профилей гипсоволокни	ПЕРЕГОРОДКИ, ОБЛИЦОВКИ СТЕН, ПОДВЕСНЫЕ ПОТОЛКИ ИЗ ГИПСОВОЛОК	100 м2	Облицовка стен по одинарному металлическому каркасу из направляющих и стоечных профилей гипсоволокнистыми листами или гипсостружечными плитами в один слой: с оконным проемом
10-06-038-02	10-06-038	Облицовка стен по одинарному металлическому каркасу из направляющих и стоечных профилей гипсоволокни	ПЕРЕГОРОДКИ, ОБЛИЦОВКИ СТЕН, ПОДВЕСНЫЕ ПОТОЛКИ ИЗ ГИПСОВОЛОК	100 м2	Облицовка стен по одинарному металлическому каркасу из направляющих и стоечных профилей гипсоволокнистыми листами или гипсостружечными плитами в один слой: с дверным проемом
10-06-039-01	10-06-039	Облицовка стен по одинарному металлическому каркасу из направляющих и стоечных профилей гипсоволокни	ПЕРЕГОРОДКИ, ОБЛИЦОВКИ СТЕН, ПОДВЕСНЫЕ ПОТОЛКИ ИЗ ГИПСОВОЛОК	100 м2	Облицовка стен по одинарному металлическому каркасу из направляющих и стоечных профилей гипсоволокнистыми листами или гипсостружечными плитами в два слоя: с оконным проемом
10-06-039-02	10-06-039	Облицовка стен по одинарному металлическому каркасу из направляющих и стоечных профилей гипсоволокни	ПЕРЕГОРОДКИ, ОБЛИЦОВКИ СТЕН, ПОДВЕСНЫЕ ПОТОЛКИ ИЗ ГИПСОВОЛОК	100 м2	Облицовка стен по одинарному металлическому каркасу из направляющих и стоечных профилей гипсоволокнистыми листами или гипсостружечными плитами в два слоя: с дверным проемом
10-06-040-01	10-06-040	Устройство подвесных потолков из гипсоволокнистых листов (ГВЛ) или гипсостружечных плит (ГСП)	ПЕРЕГОРОДКИ, ОБЛИЦОВКИ СТЕН, ПОДВЕСНЫЕ ПОТОЛКИ ИЗ ГИПСОВОЛОК	100 м2	Устройство подвесных потолков из гипсоволокнистых листов (ГВЛ) или гипсостружечных плит (ГСП): двухуровневых
10-06-040-02	10-06-040	Устройство подвесных потолков из гипсоволокнистых листов (ГВЛ) или гипсостружечных плит (ГСП)	ПЕРЕГОРОДКИ, ОБЛИЦОВКИ СТЕН, ПОДВЕСНЫЕ ПОТОЛКИ ИЗ ГИПСОВОЛОК	100 м2	Устройство подвесных потолков из гипсоволокнистых листов (ГВЛ) или гипсостружечных плит (ГСП): одноуровневых