norm_code	table_code	table_name	division	unit	norm_name
11-01-001-01	11-01-001	Уплотнение грунта	ПОЛЫ	100 м2	Уплотнение грунта: гравием
11-01-001-02	11-01-001	Уплотнение грунта	ПОЛЫ	100 м2	Уплотнение грунта: щебнем
11-01-002-01	11-01-002	Устройство подстилающих слоев	ПОЛЫ	м3	Устройство подстилающих слоев: песчаных
11-01-002-02	11-01-002	Устройство подстилающих слоев	ПОЛЫ	м3	Устройство подстилающих слоев: шлаковых
11-01-002-03	11-01-002	Устройство подстилающих слоев	ПОЛЫ	м3	Устройство подстилающих слоев: гравийных
11-01-002-04	11-01-002	Устройство подстилающих слоев	ПОЛЫ	м3	Устройство подстилающих слоев: щебеночных
11-01-002-05	11-01-002	Устройство подстилающих слоев	ПОЛЫ	м3	Устройство подстилающих слоев: глинобитных без добавок
11-01-002-06	11-01-002	Устройство подстилающих слоев	ПОЛЫ	м3	Устройство подстилающих слоев: глинобитных с маслянистыми добавками
11-01-002-07	11-01-002	Устройство подстилающих слоев	ПОЛЫ	м3	Устройство подстилающих слоев: глинобитных с добавкой щебня
11-01-002-08	11-01-002	Устройство подстилающих слоев	ПОЛЫ	м3	Устройство подстилающих слоев: глинобетонных
11-01-002-09	11-01-002	Устройство подстилающих слоев	ПОЛЫ	м3	Устройство подстилающих слоев: бетонных
11-01-003-01	11-01-003	Устройство уплотняемых самоходными катками подстилающих слоев	ПОЛЫ	м3	Устройство уплотняемых самоходными катками подстилающих слоев: шлаковых
11-01-003-02	11-01-003	Устройство уплотняемых самоходными катками подстилающих слоев	ПОЛЫ	м3	Устройство уплотняемых самоходными катками подстилающих слоев: гравийных
11-01-003-03	11-01-003	Устройство уплотняемых самоходными катками подстилающих слоев	ПОЛЫ	м3	Устройство уплотняемых самоходными катками подстилающих слоев: щебеночных
11-01-004-01	11-01-004	Устройство гидроизоляции	ПОЛЫ	100 м2	Устройство гидроизоляции оклеечной рулонными материалами: на мастике битумной с минеральными кислотоупорными наполнителями и армирующей добавкой, первый слой
11-01-004-02	11-01-004	Устройство гидроизоляции	ПОЛЫ	100 м2	Устройство гидроизоляции оклеечной рулонными материалами: на мастике битумной с минеральными кислотоупорными наполнителями и армирующей добавкой, последующий слой
11-01-004-03	11-01-004	Устройство гидроизоляции	ПОЛЫ	100 м2	Устройство гидроизоляции оклеечной рулонными материалами: на резино-битумной мастике, первый слой
11-01-004-04	11-01-004	Устройство гидроизоляции	ПОЛЫ	100 м2	Устройство гидроизоляции оклеечной рулонными материалами: на резино-битумной мастике, последующий слой
11-01-004-05	11-01-004	Устройство гидроизоляции	ПОЛЫ	100 м2	Устройство гидроизоляции обмазочной: в один слой толщиной 2 мм
11-01-004-06	11-01-004	Устройство гидроизоляции	ПОЛЫ	100 м2	Устройство гидроизоляции обмазочной: на каждый последующий слой толщиной 1 мм добавлять к норме 11-01-004-05
11-01-004-07	11-01-004	Устройство гидроизоляции	ПОЛЫ	100 м2	Устройство гидроизоляции обмазочной: холодной асфальтовой мастикой в один слой толщиной 2 мм
11-01-004-08	11-01-004	Устройство гидроизоляции	ПОЛЫ	100 м2	Устройство гидроизоляции обмазочной: на каждый последующий слой толщиной 1 мм добавлять к норме 11-01-004-07
11-01-004-09	11-01-004	Устройство гидроизоляции	ПОЛЫ	100 м2	Устройство гидроизоляции обмазочной: в один слой праймером
11-01-004-10	11-01-004	Устройство гидроизоляции	ПОЛЫ	100 м2	Гидроизоляция полов полимерной мастикой с устройством армирующего слоя из стеклоткани: в 3 слоя
11-01-004-11	11-01-004	Устройство гидроизоляции	ПОЛЫ	100 м2	Гидроизоляция полов полимерной мастикой с устройством армирующего слоя из стеклоткани: на каждый последующий слой добавлять или исключать к норме 11-01-004-10
11-01-004-12	11-01-004	Устройство гидроизоляции	ПОЛЫ	100 м2	Устройство гидроизоляции из полиэтиленовой пленки на акриловой мастике
11-01-005-01	11-01-005	Устройство гидроизоляции из полиэтиленовой пленки на бутилкаучуковом клее с защитой рубероидом	ПОЛЫ	100 м2	Устройство гидроизоляции из полиэтиленовой пленки на бутилкаучуковом клее с защитой рубероидом: первый слой
11-01-005-02	11-01-005	Устройство гидроизоляции из полиэтиленовой пленки на бутилкаучуковом клее с защитой рубероидом	ПОЛЫ	100 м2	Устройство гидроизоляции из полиэтиленовой пленки на бутилкаучуковом клее с защитой рубероидом: последующий слой
11-01-006-01	11-01-006	Устройство гидроизоляции полимерцементным составом толщиной слоя 30 мм	ПОЛЫ	100 м2	Устройство гидроизоляции полимерцементным составом толщиной слоя 30 мм: на ГКЖ-10
11-01-006-02	11-01-006	Устройство гидроизоляции полимерцементным составом толщиной слоя 30 мм	ПОЛЫ	100 м2	Устройство гидроизоляции полимерцементным составом толщиной слоя 30 мм: на латексе СКС-65-ГП
11-01-007-01	11-01-007	Затирка поверхности гидроизоляции песком	ПОЛЫ	100 м2	Затирка поверхности гидроизоляции песком
11-01-008-01	11-01-008	Устройство тепло- и звукоизоляции засыпной	ПОЛЫ	м3	Устройство тепло- и звукоизоляции засыпной: песчаной
11-01-008-02	11-01-008	Устройство тепло- и звукоизоляции засыпной	ПОЛЫ	м3	Устройство тепло- и звукоизоляции засыпной: шлаковой
11-01-008-03	11-01-008	Устройство тепло- и звукоизоляции засыпной	ПОЛЫ	м3	Устройство тепло- и звукоизоляции засыпной: керамзитовой
11-01-009-01	11-01-009	Устройство тепло- и звукоизоляции сплошной	ПОЛЫ	100 м2	Устройство тепло- и звукоизоляции сплошной из плит: или матов минераловатных или стекловолокнистых
11-01-009-02	11-01-009	Устройство тепло- и звукоизоляции сплошной	ПОЛЫ	100 м2	Устройство тепло- и звукоизоляции сплошной из плит: древесноволокнистых
11-01-009-03	11-01-009	Устройство тепло- и звукоизоляции сплошной	ПОЛЫ	100 м2	Устройство прокладочной тепло- и звукоизоляции из рулонных вспененных материалов с проклейкой стыков самоклеящейся лентой
11-01-009-04	11-01-009	Устройство тепло- и звукоизоляции сплошной	ПОЛЫ	100 м2	Устройство тепло- и звукоизоляции сплошной из плит древесноволокнистых: на битумной мастике, первый слой
11-01-009-05	11-01-009	Устройство тепло- и звукоизоляции сплошной	ПОЛЫ	100 м2	Устройство тепло- и звукоизоляции сплошной из плит древесноволокнистых: на битумной мастике, добавлять на каждый последующий слой к норме 11-01-009-04
11-01-009-06	11-01-009	Устройство тепло- и звукоизоляции сплошной	ПОЛЫ	100 м2	Устройство тепло- и звукоизоляции сплошной из плит древесноволокнистых: на акриловой мастике, первый слой
11-01-009-07	11-01-009	Устройство тепло- и звукоизоляции сплошной	ПОЛЫ	100 м2	Устройство тепло- и звукоизоляции сплошной из плит древесноволокнистых: на акриловой мастике, добавлять на каждый последующий слой к норме 11-01-009-06
11-01-009-08	11-01-009	Устройство тепло- и звукоизоляции сплошной	ПОЛЫ	100 м2	Устройство тепло- и звукоизоляции сплошной из плит: теплоизоляционных из экструзионного пенополистирола
11-01-010-01	11-01-010	Устройство ленточной тепло- и звукоизоляции под лаги из древесноволокнистых плит	ПОЛЫ	100 м2	Устройство ленточной тепло- и звукоизоляции под лаги из древесноволокнистых плит
11-01-011-01	11-01-011	Устройство стяжек	ПОЛЫ	100 м2	Устройство стяжек: цементных толщиной 20 мм
11-01-011-02	11-01-011	Устройство стяжек	ПОЛЫ	100 м2	Устройство стяжек: на каждые 5 мм изменения толщины стяжки добавлять или исключать к норме 11-01-011-01
11-01-011-03	11-01-011	Устройство стяжек	ПОЛЫ	100 м2	Устройство стяжек: бетонных толщиной 20 мм
11-01-011-04	11-01-011	Устройство стяжек	ПОЛЫ	100 м2	Устройство стяжек: на каждые 5 мм изменения толщины стяжки добавлять или исключать к норме 11-01-011-03
11-01-011-05	11-01-011	Устройство стяжек	ПОЛЫ	100 м2	Устройство стяжек: легкобетонных толщиной 20 мм
11-01-011-06	11-01-011	Устройство стяжек	ПОЛЫ	100 м2	Устройство стяжек: на каждые 5 мм изменения толщины стяжки добавлять или исключать к норме 11-01-011-05
11-01-011-07	11-01-011	Устройство стяжек	ПОЛЫ	100 м2	Устройство стяжек: из плит древесноволокнистых
11-01-011-08	11-01-011	Устройство стяжек	ПОЛЫ	100 м2	Устройство стяжек: из быстротвердеющей смеси на цементной основе, толщиной 5 мм
11-01-011-09	11-01-011	Устройство стяжек	ПОЛЫ	100 м2	Устройство стяжек: из самовыравнивающейся смеси на цементной основе, толщиной 3 мм
11-01-011-10	11-01-011	Устройство стяжек	ПОЛЫ	100 м2	Устройство стяжек: на каждый последующий слой толщиной 1 мм добавлять к норме 11-01-011-08
11-01-011-11	11-01-011	Устройство стяжек	ПОЛЫ	100 м2	Устройство стяжек: на каждый последующий слой толщиной 1 мм добавлять к норме 11-01-011-09
11-01-011-12	11-01-011	Устройство стяжек	ПОЛЫ	100 м2	Устройство стяжек: цементно-песчаных из полусухого раствора толщиной 50 мм
11-01-011-13	11-01-011	Устройство стяжек	ПОЛЫ	100 м2	Устройство стяжек: на каждые 5 мм изменения толщины стяжки добавлять или исключать к норме 11-01-011-12
11-01-011-14	11-01-011	Устройство стяжек	ПОЛЫ	100 м2	Для учета агрессии грунта к бетону добавлять к норме: 11-01-011-01
11-01-011-15	11-01-011	Устройство стяжек	ПОЛЫ	100 м2	Для учета агрессии грунта к бетону добавлять к норме: 11-01-011-03
11-01-011-16	11-01-011	Устройство стяжек	ПОЛЫ	100 м2	Для учета агрессии грунта к бетону добавлять к норме: 11-01-011-05
11-01-011-17	11-01-011	Устройство стяжек	ПОЛЫ	100 м2	Устройство стяжек по бетонному основанию из самовыравнивающегося однокомпонентного состава: в два слоя
11-01-011-18	11-01-011	Устройство стяжек	ПОЛЫ	100 м2	Устройство стяжек по бетонному основанию из самовыравнивающегося однокомпонентного состава: на каждый последующий слой добавлять к норме 11-01-011-17
11-01-012-01	11-01-012	Укладка лаг и устройство настилов	ПОЛЫ	100 м2	Укладка лаг: по кирпичным столбикам
11-01-012-02	11-01-012	Укладка лаг и устройство настилов	ПОЛЫ	100 м2	Укладка лаг: по кирпичным подкладкам
11-01-012-03	11-01-012	Укладка лаг и устройство настилов	ПОЛЫ	100 м2	Укладка лаг: по плитам перекрытий
11-01-012-04	11-01-012	Укладка лаг и устройство настилов	ПОЛЫ	100 м2	Устройство по готовому основанию из нестроганых досок с антисептированием настила: прямого
11-01-012-05	11-01-012	Укладка лаг и устройство настилов	ПОЛЫ	100 м2	Устройство по готовому основанию из нестроганых досок с антисептированием настила: диагонального
11-01-013-01	11-01-013	Устройство покрытий земляных и щебеночных	ПОЛЫ	100 м2	Устройство покрытий: земляных без добавок песка
11-01-013-02	11-01-013	Устройство покрытий земляных и щебеночных	ПОЛЫ	100 м2	Устройство покрытий: земляных, улучшенных добавками песка (20%)
11-01-013-03	11-01-013	Устройство покрытий земляных и щебеночных	ПОЛЫ	100 м2	Устройство покрытий: щебеночных с пропиткой битумом
11-01-014-01	11-01-014	Устройство полов бетонных, выполняемых методом вакуумирования	ПОЛЫ	100 м2	Устройство полов бетонных толщиной: 100 мм
11-01-014-02	11-01-014	Устройство полов бетонных, выполняемых методом вакуумирования	ПОЛЫ	100 м2	Устройство полов бетонных толщиной: 150 мм
11-01-014-03	11-01-014	Устройство полов бетонных, выполняемых методом вакуумирования	ПОЛЫ	100 м2	Устройство полов бетонных толщиной: 200 мм
11-01-014-04	11-01-014	Устройство полов бетонных, выполняемых методом вакуумирования	ПОЛЫ	100 м2	Устройство полов бетонных толщиной: 250 мм
11-01-014-05	11-01-014	Устройство полов бетонных, выполняемых методом вакуумирования	ПОЛЫ	100 м2	Устройство полов бетонных методом вакуумирования на гранитном щебне толщиной 100 мм
11-01-015-01	11-01-015	Устройство покрытий бетонных, цементобетонных и металлоцементных	ПОЛЫ	100 м2	Устройство покрытий: бетонных толщиной 30 мм
11-01-015-02	11-01-015	Устройство покрытий бетонных, цементобетонных и металлоцементных	ПОЛЫ	100 м2	Устройство покрытий: на каждые 5 мм изменения толщины покрытия добавлять или исключать к норме 11-01-015-01
11-01-015-03	11-01-015	Устройство покрытий бетонных, цементобетонных и металлоцементных	ПОЛЫ	100 м2	Устройство покрытий: цементных толщиной 20 мм
11-01-015-04	11-01-015	Устройство покрытий бетонных, цементобетонных и металлоцементных	ПОЛЫ	100 м2	Устройство покрытий: на каждые 5 мм изменения толщины покрытия добавлять или исключать к норме 11-01-015-03
11-01-015-05	11-01-015	Устройство покрытий бетонных, цементобетонных и металлоцементных	ПОЛЫ	100 м2	Устройство покрытий: металлоцементных толщиной 15 мм
11-01-015-06	11-01-015	Устройство покрытий бетонных, цементобетонных и металлоцементных	ПОЛЫ	100 м2	Устройство покрытий: на каждые 5 мм изменения толщины покрытия добавлять или исключать к норме 11-01-015-05
11-01-015-07	11-01-015	Устройство покрытий бетонных, цементобетонных и металлоцементных	ПОЛЫ	100 м2	Шлифовка бетонных или металлоцементных покрытий
11-01-015-08	11-01-015	Устройство покрытий бетонных, цементобетонных и металлоцементных	ПОЛЫ	100 м2	Железнение цементных покрытий
11-01-016-01	11-01-016	Устройство покрытий из бетона кислотоупорного и жароупорного	ПОЛЫ	100 м2	Устройство покрытий из бетона: кислотоупорного толщиной 40 мм
11-01-016-02	11-01-016	Устройство покрытий из бетона кислотоупорного и жароупорного	ПОЛЫ	100 м2	Устройство покрытий из бетона: жароупорного толщиной 90 мм
11-01-016-03	11-01-016	Устройство покрытий из бетона кислотоупорного и жароупорного	ПОЛЫ	100 м2	На каждые 10 мм изменения толщины покрытия добавлять или исключать к норме: 11-01-016-01
11-01-016-04	11-01-016	Устройство покрытий из бетона кислотоупорного и жароупорного	ПОЛЫ	100 м2	На каждые 10 мм изменения толщины покрытия добавлять или исключать к норме: 11-01-016-02
11-01-017-01	11-01-017	Устройство покрытий мозаичных ("Брекчия" и терраццо)	ПОЛЫ	100 м2	Устройство покрытий мозаичных: из боя мраморных плит (типа "Брекчия")
11-01-017-02	11-01-017	Устройство покрытий мозаичных ("Брекчия" и терраццо)	ПОЛЫ	100 м2	Устройство покрытий мозаичных: терраццо толщиной 20 мм без рисунка
11-01-017-03	11-01-017	Устройство покрытий мозаичных ("Брекчия" и терраццо)	ПОЛЫ	100 м2	Устройство покрытий мозаичных: терраццо толщиной 20 мм с рисунком
11-01-017-04	11-01-017	Устройство покрытий мозаичных ("Брекчия" и терраццо)	ПОЛЫ	100 м2	Устройство покрытий мозаичных: на каждые 5 мм изменения толщины добавлять сверх 20 мм к нормам 11-01-017-02, 11-01-017-003
11-01-018-01	11-01-018	Установка жилок	ПОЛЫ	100 м	Установка жилок: стеклянных в мозаичные покрытия
11-01-018-02	11-01-018	Установка жилок	ПОЛЫ	100 м	Установка жилок: латунных в мозаичные покрытия
11-01-018-03	11-01-018	Установка жилок	ПОЛЫ	100 м	Установка жилок: алюминиевых в мозаичные покрытия
11-01-018-04	11-01-018	Установка жилок	ПОЛЫ	100 м	Установка жилок: дубовых в паркетные покрытия
11-01-019-01	11-01-019	Устройство покрытий асфальтобетонных	ПОЛЫ	100 м2	Устройство покрытий асфальтобетонных: литых толщиной 25 мм
11-01-019-02	11-01-019	Устройство покрытий асфальтобетонных	ПОЛЫ	100 м2	Устройство покрытий асфальтобетонных: на каждые 5 мм изменения толщины добавлять или исключать к норме 11-01-019-01
11-01-019-03	11-01-019	Устройство покрытий асфальтобетонных	ПОЛЫ	100 м2	Устройство покрытий асфальтобетонных: жестких толщиной 25 мм
11-01-019-04	11-01-019	Устройство покрытий асфальтобетонных	ПОЛЫ	100 м2	Устройство покрытий асфальтобетонных: на каждые 5 мм изменения толщины добавлять или исключать к норме 11-01-019-03
11-01-020-01	11-01-020	Устройство покрытий ксилолитовых и поливинилацетатных	ПОЛЫ	100 м2	Устройство покрытий ксилолитовых: толщиной 15 мм
11-01-020-02	11-01-020	Устройство покрытий ксилолитовых и поливинилацетатных	ПОЛЫ	100 м2	Устройство покрытий ксилолитовых: на каждые 5 мм изменения толщины добавлять или исключать к норме 11-01-020-01
11-01-020-03	11-01-020	Устройство покрытий ксилолитовых и поливинилацетатных	ПОЛЫ	100 м2	Устройство покрытий поливинилацетатных: толщиной 3 мм
11-01-020-04	11-01-020	Устройство покрытий ксилолитовых и поливинилацетатных	ПОЛЫ	100 м2	Устройство покрытий поливинилацетатных: на каждый 1 мм изменения толщины добавлять или исключать к норме 11-01-020-03
11-01-021-01	11-01-021	Устройство покрытий полимерцементных	ПОЛЫ	100 м2	Устройство покрытий полимерцементных: однослойных наливных толщиной 4 мм
11-01-021-02	11-01-021	Устройство покрытий полимерцементных	ПОЛЫ	100 м2	Устройство покрытий полимерцементных: однослойных пластичных толщиной 8 мм
11-01-021-03	11-01-021	Устройство покрытий полимерцементных	ПОЛЫ	100 м2	Устройство покрытий полимерцементных: двухслойных наливных толщиной 12 мм
11-01-022-01	11-01-022	Устройство покрытий поливинилацетатно-цементобетонных толщиной 20 мм	ПОЛЫ	100 м2	Устройство покрытий поливинилацетатно-цементобетонных толщиной 20 мм
11-01-023-01	11-01-023	Устройство покрытий бесшовных толщиной 5 мм	ПОЛЫ	100 м2	Устройство покрытий бесшовных толщиной 5 мм: эпоксидно-полиэфирных
11-01-023-02	11-01-023	Устройство покрытий бесшовных толщиной 5 мм	ПОЛЫ	100 м2	Устройство покрытий бесшовных толщиной 5 мм: эпоксидно-полиамидных
11-01-023-03	11-01-023	Устройство покрытий бесшовных толщиной 5 мм	ПОЛЫ	100 м2	Устройство покрытий бесшовных толщиной 5 мм: эпоксидно-карбамидных
11-01-023-05	11-01-023	Устройство покрытий бесшовных толщиной 5 мм	ПОЛЫ	100 м2	Устройство покрытий бесшовных толщиной 5 мм: эпоксидно-каучуковых
11-01-024-01	11-01-024	Устройство покрытий толщиной 10 мм из полимерраствора на основе смолы ФАЭД-8	ПОЛЫ	100 м2	Устройство покрытий толщиной 10 мм из полимерраствора на основе смолы ФАЭД-8
11-01-025-01	11-01-025	Устройство покрытий из брусчатки и камня булыжного	ПОЛЫ	100 м2	Устройство покрытий: из брусчатки по готовому подстилающему слою с заполнением швов песком
11-01-025-02	11-01-025	Устройство покрытий из брусчатки и камня булыжного	ПОЛЫ	100 м2	Устройство покрытий: из брусчатки на цементном растворе с заполнением швов
11-01-025-03	11-01-025	Устройство покрытий из брусчатки и камня булыжного	ПОЛЫ	100 м2	Устройство покрытий: из камня булыжного по готовому подстилающему слою
11-01-027-01	11-01-027	Устройство покрытий на цементном растворе из плиток	ПОЛЫ	100 м2	Устройство покрытий на цементном растворе из плиток: бетонных, цементных или мозаичных
11-01-027-02	11-01-027	Устройство покрытий на цементном растворе из плиток	ПОЛЫ	100 м2	Устройство покрытий на цементном растворе из плиток: керамических для полов многоцветных
11-01-027-03	11-01-027	Устройство покрытий на цементном растворе из плиток	ПОЛЫ	100 м2	Устройство покрытий на цементном растворе из плиток: керамических для полов одноцветных с красителем
11-01-027-04	11-01-027	Устройство покрытий на цементном растворе из плиток	ПОЛЫ	100 м2	Устройство покрытий на цементном растворе из плиток: ковровых керамических толщиной 4-6 мм
11-01-027-05	11-01-027	Устройство покрытий на цементном растворе из плиток	ПОЛЫ	100 м2	Устройство покрытий на растворе из сухой смеси с приготовлением раствора в построечных условиях из плиток: рельефных глазурованных керамических для полов многоцветных
11-01-027-06	11-01-027	Устройство покрытий на цементном растворе из плиток	ПОЛЫ	100 м2	Устройство покрытий на растворе из сухой смеси с приготовлением раствора в построечных условиях из плиток: гладких неглазурованных керамических для полов одноцветных
11-01-028-01	11-01-028	Устройство покрытий на битумной мастике из плиток	ПОЛЫ	100 м2	Устройство покрытий на битумной мастике из плиток: асфальтобетонных
11-01-028-02	11-01-028	Устройство покрытий на битумной мастике из плиток	ПОЛЫ	100 м2	Устройство покрытий на битумной мастике из плиток: керамических многоцветных для полов
11-01-028-03	11-01-028	Устройство покрытий на битумной мастике из плиток	ПОЛЫ	100 м2	Устройство покрытий на битумной мастике из плиток: керамических одноцветных с красителем для полов
11-01-029-01	11-01-029	Устройство покрытий из чугунных плит	ПОЛЫ	100 м2	Устройство покрытий из чугунных плит на прослойке: из песка
11-01-029-02	11-01-029	Устройство покрытий из чугунных плит	ПОЛЫ	100 м2	Устройство покрытий из чугунных плит на прослойке: из бетона
11-01-030-01	11-01-030	Устройство покрытий из стальных штампованных перфорированных плит на прослойке из бетона	ПОЛЫ	100 м2	Устройство покрытий из стальных штампованных перфорированных плит на прослойке из бетона
11-01-031-01	11-01-031	Устройство покрытий из плит мраморных и гранитных	ПОЛЫ	100 м2	Устройство покрытий из мраморных плит при количестве плит на 1 м2: до 2 шт.
11-01-031-02	11-01-031	Устройство покрытий из плит мраморных и гранитных	ПОЛЫ	100 м2	Устройство покрытий из мраморных плит при количестве плит на 1 м2: свыше 2 до 3 шт.
11-01-031-03	11-01-031	Устройство покрытий из плит мраморных и гранитных	ПОЛЫ	100 м2	Устройство покрытий из мраморных плит при количестве плит на 1 м2: свыше 3 до 4 шт.
11-01-031-04	11-01-031	Устройство покрытий из плит мраморных и гранитных	ПОЛЫ	100 м2	Устройство покрытий из мраморных плит при количестве плит на 1 м2: свыше 4 до 10 шт.
11-01-031-05	11-01-031	Устройство покрытий из плит мраморных и гранитных	ПОЛЫ	100 м2	Устройство покрытий из мраморных плит при количестве плит на 1 м2: свыше 10 до 20 шт.
11-01-031-06	11-01-031	Устройство покрытий из плит мраморных и гранитных	ПОЛЫ	100 м2	Устройство покрытий из мраморных плит при количестве плит на 1 м2: свыше 20 до 30 шт.
11-01-031-07	11-01-031	Устройство покрытий из плит мраморных и гранитных	ПОЛЫ	100 м2	Устройство покрытий из гранитных плит при количестве плит на 1 м2: до 3 шт.
11-01-031-08	11-01-031	Устройство покрытий из плит мраморных и гранитных	ПОЛЫ	100 м2	Устройство покрытий из гранитных плит при количестве плит на 1 м2: свыше 3 до 4 шт.
11-01-031-09	11-01-031	Устройство покрытий из плит мраморных и гранитных	ПОЛЫ	100 м2	Устройство покрытий из гранитных плит при количестве плит на 1 м2: свыше 4 до 10 шт.
11-01-032-01	11-01-032	Устройство покрытий из торцовой шашки на прослойке из мастики и песка	ПОЛЫ	100 м2	Устройство покрытий из торцовой шашки на прослойке: из мастики
11-01-032-02	11-01-032	Устройство покрытий из торцовой шашки на прослойке из мастики и песка	ПОЛЫ	100 м2	Устройство покрытий из торцовой шашки на прослойке: из песка
11-01-033-01	11-01-033	Устройство покрытий дощатых и из брусков	ПОЛЫ	100 м2	Устройство покрытий: дощатых толщиной 28 мм
11-01-033-02	11-01-033	Устройство покрытий дощатых и из брусков	ПОЛЫ	100 м2	Устройство покрытий: дощатых толщиной 36 мм
11-01-034-01	11-01-034	Устройство покрытий из паркетных досок, паркета мозаичного, паркета штучного без жилок	ПОЛЫ	100 м2	Устройство покрытий: из досок паркетных
11-01-034-02	11-01-034	Устройство покрытий из паркетных досок, паркета мозаичного, паркета штучного без жилок	ПОЛЫ	100 м2	Устройство покрытий: из паркета мозаичного
11-01-034-03	11-01-034	Устройство покрытий из паркетных досок, паркета мозаичного, паркета штучного без жилок	ПОЛЫ	100 м2	Устройство покрытий: из паркета штучного без жилок
11-01-034-04	11-01-034	Устройство покрытий из паркетных досок, паркета мозаичного, паркета штучного без жилок	ПОЛЫ	100 м2	Устройство покрытий: из досок ламинированных замковым способом
11-01-035-01	11-01-035	Устройство покрытий из щитов паркетных, деревянных реечных и из плит древесноволокнистых и древеснос	ПОЛЫ	100 м2	Устройство покрытий: из щитов паркетных
11-01-035-02	11-01-035	Устройство покрытий из щитов паркетных, деревянных реечных и из плит древесноволокнистых и древеснос	ПОЛЫ	100 м2	Устройство покрытий: из щитов деревянных реечных
11-01-035-03	11-01-035	Устройство покрытий из щитов паркетных, деревянных реечных и из плит древесноволокнистых и древеснос	ПОЛЫ	100 м2	Устройство покрытий: из плит древесноволокнистых
11-01-035-04	11-01-035	Устройство покрытий из щитов паркетных, деревянных реечных и из плит древесноволокнистых и древеснос	ПОЛЫ	100 м2	Устройство покрытий: из плит древесностружечных
11-01-036-01	11-01-036	Устройство покрытий из линолеума	ПОЛЫ	100 м2	Устройство покрытий: из линолеума на клее
11-01-036-02	11-01-036	Устройство покрытий из линолеума	ПОЛЫ	100 м2	Устройство покрытий: из линолеума на клее со свариванием полотнищ в стыках
11-01-036-03	11-01-036	Устройство покрытий из линолеума	ПОЛЫ	100 м2	Устройство покрытий: из линолеума насухо из готовых ковров на комнату
11-01-036-04	11-01-036	Устройство покрытий из линолеума	ПОЛЫ	100 м2	Устройство покрытий: из линолеума насухо со свариванием полотнищ в стыках
11-01-036-05	11-01-036	Устройство покрытий из линолеума	ПОЛЫ	100 м2	Устройство покрытий: из линолеума с заведением на стены на высоту 150 мм на клее со свариванием полотнищ в стыках
11-01-037-01	11-01-037	Устройство покрытий из релина и ковровых покрытий	ПОЛЫ	100 м2	Устройство покрытий: из релина на клее "Бустилат"
11-01-037-02	11-01-037	Устройство покрытий из релина и ковровых покрытий	ПОЛЫ	100 м2	Устройство покрытий: из релина на клее КН-2
11-01-037-03	11-01-037	Устройство покрытий из релина и ковровых покрытий	ПОЛЫ	100 м2	Устройство покрытий: из ковров насухо с проклеиванием на стыках клеем "Бустилат"
11-01-037-04	11-01-037	Устройство покрытий из релина и ковровых покрытий	ПОЛЫ	100 м2	Устройство покрытий: из ковров насухо с проклеиванием на стыках клеем КН-2
11-01-037-05	11-01-037	Устройство покрытий из релина и ковровых покрытий	ПОЛЫ	100 м2	Устройство покрытий: из готовых ковров насухо на комнату
11-01-037-06	11-01-037	Устройство покрытий из релина и ковровых покрытий	ПОЛЫ	100 м2	Устройство покрытий: из готовых ковров на комнату на клее
11-01-037-07	11-01-037	Устройство покрытий из релина и ковровых покрытий	ПОЛЫ	100 м2	Устройство покрытий: из ковров с подложкой на клее
11-01-037-08	11-01-037	Устройство покрытий из релина и ковровых покрытий	ПОЛЫ	100 м2	Устройство подложки под ковровые покрытия насухо
11-01-038-01	11-01-038	Устройство покрытий из плиток поливинилхлоридных	ПОЛЫ	100 м2	Устройство покрытий из плиток поливинилхлоридных: на мастике резинобитумной
11-01-038-02	11-01-038	Устройство покрытий из плиток поливинилхлоридных	ПОЛЫ	100 м2	Устройство покрытий из плиток поливинилхлоридных: на клее КН-2
11-01-038-03	11-01-038	Устройство покрытий из плиток поливинилхлоридных	ПОЛЫ	100 м2	Устройство покрытий из плиток поливинилхлоридных: на мастике КН-3
11-01-038-04	11-01-038	Устройство покрытий из плиток поливинилхлоридных	ПОЛЫ	100 шт	Устройство покрытий из плиток поливинилхлоридных: тактильных размером 300х300 мм на клее
11-01-038-05	11-01-038	Устройство покрытий из плиток поливинилхлоридных	ПОЛЫ	100 шт	Устройство покрытий из плиток поливинилхлоридных: тактильных размером 500х500 мм на клее
11-01-039-01	11-01-039	Устройство плинтусов	ПОЛЫ	100 м	Устройство плинтусов: деревянных
11-01-039-02	11-01-039	Устройство плинтусов	ПОЛЫ	100 м	Устройство плинтусов: цементных
11-01-039-03	11-01-039	Устройство плинтусов	ПОЛЫ	100 м	Устройство плинтусов: из терраццевого раствора
11-01-039-04	11-01-039	Устройство плинтусов	ПОЛЫ	100 м	Устройство плинтусов: из плиток керамических
11-01-039-05	11-01-039	Устройство плинтусов	ПОЛЫ	100 м	Устройство плинтусов: деревянных с креплением к стенам шурупами
11-01-039-06	11-01-039	Устройство плинтусов	ПОЛЫ	100 м	Устройство плинтусов: из плиток керамогранитных
11-01-040-01	11-01-040	Устройство плинтусов поливинилхлоридных	ПОЛЫ	100 м	Устройство плинтусов поливинилхлоридных: на клее КН-2
11-01-040-02	11-01-040	Устройство плинтусов поливинилхлоридных	ПОЛЫ	100 м	Устройство плинтусов поливинилхлоридных: на мастике кумароно-каучуковой КН-3
11-01-040-03	11-01-040	Устройство плинтусов поливинилхлоридных	ПОЛЫ	100 м	Устройство плинтусов поливинилхлоридных: на винтах самонарезающих
11-01-041-01	11-01-041	Установка плинтусов из мраморных плит	ПОЛЫ	м2	Установка плинтусов из мраморных плит
11-01-043-01	11-01-043	Укладка лаг и подкладок под обогреваемые полы над холодными (проветриваемыми) подпольями зданий, соо	ПОЛЫ	100 м2	Укладка под обогреваемые полы: лаг по деревянным подкладкам
11-01-043-02	11-01-043	Укладка лаг и подкладок под обогреваемые полы над холодными (проветриваемыми) подпольями зданий, соо	ПОЛЫ	100 м2	Укладка под обогреваемые полы: подкладок из кирпича по прокладкам из минераловатных плит или матов
11-01-044-01	11-01-044	Нарезка швов в бетоне	ПОЛЫ	100 м	Нарезка швов в бетоне: при устройстве полов методом вакуумирования
11-01-044-02	11-01-044	Нарезка швов в бетоне	ПОЛЫ	100 м	Нарезка швов в бетоне: с заполнением швов герметиком при устройстве полимерных наливных полов
11-01-045-01	11-01-045	Устройство покрытий наливных	ПОЛЫ	100 м2	Устройство покрытий наливных составом на эпоксидной смоле толщиной 3 мм и грунтовкой толщиной 0,5 мм
11-01-045-02	11-01-045	Устройство покрытий наливных	ПОЛЫ	100 м2	Устройство покрытий наливных составом на эпоксидной смоле толщиной 2 мм, наполненным кварцевым песком
11-01-045-03	11-01-045	Устройство покрытий наливных	ПОЛЫ	100 м2	На каждые 0,5 мм изменения толщины основного слоя добавлять или исключать к норме 11-01-045-02
11-01-045-04	11-01-045	Устройство покрытий наливных	ПОЛЫ	100 м2	Устройство покрытий противоскользящих антистатических наливных составом на эпоксидной смоле
11-01-047-01	11-01-047	Устройство покрытий из плит керамогранитных	ПОЛЫ	100 м2	Устройство покрытий из плит керамогранитных размером: 40х40 см
11-01-047-02	11-01-047	Устройство покрытий из плит керамогранитных	ПОЛЫ	100 м2	Устройство покрытий из плит керамогранитных размером: 60х60 см
11-01-048-01	11-01-048	Устройство сборных оснований полов из малоформатных гипсоволокнистых листов (ГВЛ) и элементов пола	ПОЛЫ	100 м2	Устройство сборных оснований из элементов полов: на пенополистирольных плитах толщиной слоя до 50 мм
11-01-048-02	11-01-048	Устройство сборных оснований полов из малоформатных гипсоволокнистых листов (ГВЛ) и элементов пола	ПОЛЫ	100 м2	Устройство сборных оснований из элементов полов: на сухой засыпке толщиной слоя 50 мм
11-01-048-03	11-01-048	Устройство сборных оснований полов из малоформатных гипсоволокнистых листов (ГВЛ) и элементов пола	ПОЛЫ	100 м2	Устройство сборных оснований из малоформатных ГВЛ: на пенополистирольных плитах толщиной слоя до 50 мм
11-01-048-04	11-01-048	Устройство сборных оснований полов из малоформатных гипсоволокнистых листов (ГВЛ) и элементов пола	ПОЛЫ	100 м2	Устройство сборных оснований из малоформатных ГВЛ: на сухой засыпке толщиной слоя 50 мм
11-01-049-01	11-01-049	Укладка металлического накладного профиля (порога)	ПОЛЫ	100 м	Укладка металлического накладного профиля (порога)
11-01-050-01	11-01-050	Устройство пароизоляции из полиэтиленовой пленки в один слой насухо	ПОЛЫ	100 м2	Устройство пароизоляции из полиэтиленовой пленки в один слой насухо
11-01-051-01	11-01-051	Устройство систем электрического отопления полов ("теплый пол") по готовому основанию	ПОЛЫ	100 м2	Устройство систем электрического отопления полов ("теплый пол") на основе: нагревательного кабеля по готовому основанию
11-01-051-02	11-01-051	Устройство систем электрического отопления полов ("теплый пол") по готовому основанию	ПОЛЫ	100 м2	Устройство систем электрического отопления полов ("теплый пол") на основе: нагревательного мата по готовому основанию
11-01-051-03	11-01-051	Устройство систем электрического отопления полов ("теплый пол") по готовому основанию	ПОЛЫ	100 м2	Устройство систем электрического отопления полов ("теплый пол") на основе: термопленки по готовому основанию
11-01-051-04	11-01-051	Устройство систем электрического отопления полов ("теплый пол") по готовому основанию	ПОЛЫ	100 м2	Устройство теплоизоляционного слоя из рулонных материалов с отражающим эффектом для систем электрического обогрева полов
11-01-052-01	11-01-052	Устройство полимерных наливных полов из полиуретана	ПОЛЫ	100 м2	Устройство полимерных наливных полов из полиуретана: с толщиной покрытия 2 мм
11-01-052-02	11-01-052	Устройство полимерных наливных полов из полиуретана	ПОЛЫ	100 м2	Устройство полимерных наливных полов из полиуретана: усиленных стеклотканью с толщиной покрытия 3 мм
11-01-052-03	11-01-052	Устройство полимерных наливных полов из полиуретана	ПОЛЫ	100 м2	Устройство полимерных наливных полов из полиуретана: кварценаполненных с толщиной покрытия 4 мм
11-01-052-04	11-01-052	Устройство полимерных наливных полов из полиуретана	ПОЛЫ	100 м2	Устройство полимерных наливных полов из полиуретана: на каждые 0,5 мм изменения толщины покрытия добавлять или исключать к норме 11-01-052-03
11-01-052-05	11-01-052	Устройство полимерных наливных полов из полиуретана	ПОЛЫ	100 м2	Устройство полимерных наливных полов из полиуретана: антискользящих из полиуретановых эмалей
11-01-053-01	11-01-053	Устройство оснований полов из фанеры	ПОЛЫ	100 м2	Устройство оснований полов из фанеры в один слой площадью: до 20 м2
11-01-053-02	11-01-053	Устройство оснований полов из фанеры	ПОЛЫ	100 м2	Устройство оснований полов из фанеры в один слой площадью: свыше 20 м2
11-01-053-03	11-01-053	Устройство оснований полов из фанеры	ПОЛЫ	100 м2	Устройство оснований полов из фанеры в два слоя площадью: до 20 м2
11-01-053-04	11-01-053	Устройство оснований полов из фанеры	ПОЛЫ	100 м2	Устройство оснований полов из фанеры в два слоя площадью: свыше 20 м2
11-01-054-01	11-01-054	Монтаж сборно-разборных систем фальшполов из ДСП панелей	ПОЛЫ	100 м2	Монтаж сборно-разборных систем фальшполов из ДСП панелей: размером 600х600 мм
11-01-054-02	11-01-054	Монтаж сборно-разборных систем фальшполов из ДСП панелей	ПОЛЫ	100 м2	Монтаж сборно-разборных систем фальшполов из ДСП панелей: размером 600х600 мм, с устройством стрингеров
11-01-055-01	11-01-055	Устройство упрочненных (топпинговых) покрытий бетонных полов	ПОЛЫ	100 м2	Устройство упрочненных (топпинговых) покрытий бетонных полов
11-01-057-01	11-01-057	Устройство гетерогенного и гомогенного покрытия на клее со свариванием полотнищ в стыках	ПОЛЫ	100 м2	Устройство гетерогенного и гомогенного покрытия на клее со свариванием полотнищ в стыках
11-01-058-01	11-01-058	Устройство покрытий лестничной клетки на цементном растворе из плиток	ПОЛЫ	100 м	Устройство калошницы лестничных маршей и площадок высотой 10 см из керамической плитки
11-01-058-02	11-01-058	Устройство покрытий лестничной клетки на цементном растворе из плиток	ПОЛЫ	100 м2	Устройство покрытий на цементном растворе в два цвета из керамической плитки: лестничных площадок
11-01-058-03	11-01-058	Устройство покрытий лестничной клетки на цементном растворе из плиток	ПОЛЫ	100 м2	Устройство покрытий на цементном растворе в два цвета из керамической плитки: лестничных маршей
11-01-058-04	11-01-058	Устройство покрытий лестничной клетки на цементном растворе из плиток	ПОЛЫ	100 м	Устройство калошницы лестничных маршей и площадок высотой 15 см из керамической плитки
11-01-059-01	11-01-059	Укладка антистатической медной ленты	ПОЛЫ	100 м	Укладка антистатической медной ленты
11-01-060-01	11-01-060	Армирование стяжек	ПОЛЫ	100 м2	Армирование стяжек сетками сварными
11-01-061-01	11-01-061	Монтаж сборно-разборных систем фальшполов в чистых помещениях	ПОЛЫ	100 шт	Монтаж укосин при устройстве сборно-разборных систем фальшполов в чистых помещениях
12-01-001-01	12-01-001	Устройство кровель скатных	КРОВЛИ	100 м2	Устройство кровель скатных из трех слоев кровельных рулонных материалов: на битумной мастике
12-01-001-02	12-01-001	Устройство кровель скатных	КРОВЛИ	100 м2	Устройство кровель скатных из трех слоев кровельных рулонных материалов: на битумной мастике с защитным слоем из гравия на битумной мастике
12-01-001-03	12-01-001	Устройство кровель скатных	КРОВЛИ	100 м2	Устройство кровель скатных из наплавляемых материалов: в три слоя с защитным слоем из гравия на битумной мастике
12-01-001-04	12-01-001	Устройство кровель скатных	КРОВЛИ	100 м2	Устройство кровель скатных из наплавляемых материалов: в три слоя
12-01-001-05	12-01-001	Устройство кровель скатных	КРОВЛИ	100 м2	Устройство кровель скатных из наплавляемых материалов: в два слоя
12-01-001-06	12-01-001	Устройство кровель скатных	КРОВЛИ	100 м2	Устройство кровель скатных из наплавляемых материалов: в один слой
12-01-001-07	12-01-001	Устройство кровель скатных	КРОВЛИ	100 м2	Защита ковра скатных кровель гравием на битумной мастике
12-01-002-01	12-01-002	Устройство кровель плоских	КРОВЛИ	100 м2	Устройство кровель плоских четырехслойных из рулонных кровельных материалов на битумной мастике: с защитным слоем из гравия на битумной антисептированной мастике
12-01-002-02	12-01-002	Устройство кровель плоских	КРОВЛИ	100 м2	Устройство кровель плоских четырехслойных из рулонных кровельных материалов на битумной мастике: антисептированной с защитным слоем из гравия на битумной антисептированной мастике
12-01-002-03	12-01-002	Устройство кровель плоских	КРОВЛИ	100 м2	Устройство кровель плоских четырехслойных из рулонных кровельных материалов на битумной мастике с последующим нанесением антисептированной битумной мастики толщиной 2 мм с защитным
12-01-002-04	12-01-002	Устройство кровель плоских	КРОВЛИ	100 м2	Устройство кровель плоских четырехслойных из рулонных кровельных материалов на битумной мастике с последующим нанесением антисептированной битумной мастики толщиной 2 мм с защитным
12-01-002-05	12-01-002	Устройство кровель плоских	КРОВЛИ	100 м2	Устройство кровель плоских четырехслойных из рулонных кровельных материалов на битумной мастике с последующим нанесением антисептированной битумной мастики толщиной 2 мм с защитным
12-01-002-06	12-01-002	Устройство кровель плоских	КРОВЛИ	100 м2	Устройство кровель плоских четырехслойных из рулонных кровельных материалов на битумной мастике с последующим нанесением антисептированной битумной мастики толщиной 2 мм с защитным
12-01-002-07	12-01-002	Устройство кровель плоских	КРОВЛИ	100 м2	Устройство кровель плоских трехслойных из рулонных кровельных материалов на битумно-полимерной мастике
12-01-002-08	12-01-002	Устройство кровель плоских	КРОВЛИ	100 м2	Устройство кровель плоских из наплавляемых материалов: в три слоя
12-01-002-09	12-01-002	Устройство кровель плоских	КРОВЛИ	100 м2	Устройство кровель плоских из наплавляемых материалов: в два слоя
12-01-002-10	12-01-002	Устройство кровель плоских	КРОВЛИ	100 м2	Устройство кровель плоских из наплавляемых материалов: в один слой
12-01-002-11	12-01-002	Устройство кровель плоских	КРОВЛИ	100 м2	Защита ковра плоских кровель гравием на битумной мастике
12-01-002-12	12-01-002	Устройство кровель плоских	КРОВЛИ	100 м2	Устройство кровель плоских из рулонных кровельных гидроизоляционных самоклеящихся материалов с антиадгезионной пленкой: с прогревом
12-01-002-13	12-01-002	Устройство кровель плоских	КРОВЛИ	100 м2	Устройство кровель плоских из рулонных кровельных гидроизоляционных самоклеящихся материалов с антиадгезионной пленкой: без прогрева
12-01-002-14	12-01-002	Устройство кровель плоских	КРОВЛИ	100 м2	Устройство кровель плоских из рулонных полимерных кровельных материалов на мастике с подготовкой поверхности: в один слой
12-01-002-15	12-01-002	Устройство кровель плоских	КРОВЛИ	100 м2	Устройство кровель плоских из рулонных полимерных кровельных материалов на мастике с подготовкой поверхности: в два слоя
12-01-002-16	12-01-002	Устройство кровель плоских	КРОВЛИ	100 м2	Устройство кровель плоских с применением полимерной мастики на основе бутилкаучука: огрунтовка подготовленных оснований под водоизоляционный кровельный ковер
12-01-002-17	12-01-002	Устройство кровель плоских	КРОВЛИ	100 м2	Устройство кровель плоских с применением полимерной мастики на основе бутилкаучука: нанесение полимерной мастики на основе бутилкаучука на огрунтованную поверхность в один слой
12-01-002-18	12-01-002	Устройство кровель плоских	КРОВЛИ	100 м2	Устройство кровель плоских из рулонных кровельных гидроизоляционных битумно-полимерных СБС-модифицированных материалов в один слой: методом механического крепления
12-01-002-19	12-01-002	Устройство кровель плоских	КРОВЛИ	100 м2	Устройство кровель плоских из рулонных кровельных гидроизоляционных битумно-полимерных СБС-модифицированных материалов в один слой: методом полосовой наклейки (термической активаци
12-01-002-20	12-01-002	Устройство кровель плоских	КРОВЛИ	100 м2	Устройство кровель плоских из рулонных кровельных гидроизоляционных битумно-полимерных СБС-модифицированных материалов в один слой: методом свободной укладки
12-01-002-21	12-01-002	Устройство кровель плоских	КРОВЛИ	100 м2	Устройство плоских кровель из ЭПДМ мембраны: с наклейкой на мастику
12-01-002-22	12-01-002	Устройство кровель плоских	КРОВЛИ	100 м2	Устройство плоских кровель из ЭПДМ мембраны: самоклеящейся
12-01-002-23	12-01-002	Устройство кровель плоских	КРОВЛИ	100 м2	Устройство кровель плоских из рулонных кровельных гидроизоляционных материалов на полимерной мастике с подготовкой поверхности
12-01-002-24	12-01-002	Устройство кровель плоских	КРОВЛИ	100 м2	Устройство защитного антикоррозийного полимерного наливного покрытия
12-01-003-01	12-01-003	Устройство трехслойных мастичных кровель, армированных двумя слоями стеклосетки	КРОВЛИ	100 м2	Устройство трехслойных мастичных кровель, армированных двумя слоями стеклосетки,: из битумной мастики
12-01-003-02	12-01-003	Устройство трехслойных мастичных кровель, армированных двумя слоями стеклосетки	КРОВЛИ	100 м2	Устройство трехслойных мастичных кровель, армированных двумя слоями стеклосетки,: из битумно-резиновой мастики
12-01-004-01	12-01-004	Устройство примыканий рулонных и мастичных кровель к стенам и парапетам	КРОВЛИ	100 м	Устройство примыканий рулонных и мастичных кровель к стенам и парапетам высотой: до 600 мм без фартуков
12-01-004-02	12-01-004	Устройство примыканий рулонных и мастичных кровель к стенам и парапетам	КРОВЛИ	100 м	Устройство примыканий рулонных и мастичных кровель к стенам и парапетам высотой: более 600 мм с одним фартуком
12-01-004-03	12-01-004	Устройство примыканий рулонных и мастичных кровель к стенам и парапетам	КРОВЛИ	100 м	Устройство примыканий рулонных и мастичных кровель к стенам и парапетам высотой: более 600 мм с двумя фартуками
12-01-004-04	12-01-004	Устройство примыканий рулонных и мастичных кровель к стенам и парапетам	КРОВЛИ	100 м	Устройство примыканий кровель из наплавляемых материалов к стенам и парапетам высотой: до 600 мм без фартуков
12-01-004-05	12-01-004	Устройство примыканий рулонных и мастичных кровель к стенам и парапетам	КРОВЛИ	100 м	Устройство примыканий кровель из наплавляемых материалов к стенам и парапетам высотой: более 600 мм с одним фартуком
12-01-004-06	12-01-004	Устройство примыканий рулонных и мастичных кровель к стенам и парапетам	КРОВЛИ	100 м	Устройство примыканий кровель из наплавляемых материалов к стенам и парапетам высотой: более 600 мм с двумя фартуками
12-01-004-07	12-01-004	Устройство примыканий рулонных и мастичных кровель к стенам и парапетам	КРОВЛИ	100 м	Устройство мест выхода коммуникаций и примыканий с применением рулонного кровельного гидроизоляционного самоклеящегося материала с антиадгезионной пленкой: с прогревом
12-01-004-08	12-01-004	Устройство примыканий рулонных и мастичных кровель к стенам и парапетам	КРОВЛИ	100 м	Устройство мест выхода коммуникаций и примыканий с применением рулонного кровельного гидроизоляционного самоклеящегося материала с антиадгезионной пленкой: без прогрева
12-01-004-09	12-01-004	Устройство примыканий рулонных и мастичных кровель к стенам и парапетам	КРОВЛИ	100 м	Установка прижимной планки
12-01-004-10	12-01-004	Устройство примыканий рулонных и мастичных кровель к стенам и парапетам	КРОВЛИ	100 м	Устройство примыканий высотой до 450 мм из: ЭПДМ мембраны с наклейкой на мастику
12-01-004-11	12-01-004	Устройство примыканий рулонных и мастичных кровель к стенам и парапетам	КРОВЛИ	100 м	Устройство примыканий высотой до 450 мм из: самоклеящейся ЭПДМ мембраны
12-01-005-01	12-01-005	Защита ендов	КРОВЛИ	100 м	Защита ендов: дополнительным двухслойным ковром из рулонных материалов на битумной мастике
12-01-005-02	12-01-005	Защита ендов	КРОВЛИ	100 м	Защита ендов: слоем гравия
12-01-005-03	12-01-005	Защита ендов	КРОВЛИ	100 м	Защита ендов: дополнительным двухслойным ковром из рулонных наплавляемых материалов
12-01-005-04	12-01-005	Защита ендов	КРОВЛИ	100 м	Защита ендов: дополнительным одним слоем рулонных наплавляемых материалов
12-01-006-01	12-01-006	Устройство деформационных швов	КРОВЛИ	100 м	Устройство деформационных швов с наклейкой дополнительных слоев рулонного кровельного материала на битумной мастике
12-01-006-02	12-01-006	Устройство деформационных швов	КРОВЛИ	100 м	Устройство деформационных швов с наплавлением дополнительных слоев рулонного кровельного материала
12-01-007-01	12-01-007	Устройство кровель различных типов	КРОВЛИ	100 м2	Устройство кровель из волнистых хризотилцементных листов: с симметричными кромками по деревянной обрешетке с ее устройством
12-01-007-02	12-01-007	Устройство кровель различных типов	КРОВЛИ	100 м2	Устройство кровель из волнистых хризотилцементных листов: с асимметричными кромками по деревянной обрешетке с ее устройством
12-01-007-03	12-01-007	Устройство кровель различных типов	КРОВЛИ	100 м2	Устройство кровель из волнистых хризотилцементных листов: по готовым прогонам
12-01-007-04	12-01-007	Устройство кровель различных типов	КРОВЛИ	100 м2	На герметизацию соединений между хризотилцементными листами добавлять к нормам 12-01-007-01, 12-01-007-02, 12-01-007-03
12-01-007-05	12-01-007	Устройство кровель различных типов	КРОВЛИ	100 м2	Устройство кровель из черепицы: пазовой штампованной или прессованной (керамической и цементно-песчаной (бетонной))
12-01-007-06	12-01-007	Устройство кровель различных типов	КРОВЛИ	100 м2	Устройство кровель из черепицы: полимернаполненной (полимерпесчаной)
12-01-007-07	12-01-007	Устройство кровель различных типов	КРОВЛИ	100 м2	Устройство кровель из черепицы: полосной битумной на скатной кровле по сплошной обшивке без ее устройства
12-01-007-08	12-01-007	Устройство кровель различных типов	КРОВЛИ	100 м2	Устройство кровель из оцинкованной стали: без настенных желобов
12-01-007-09	12-01-007	Устройство кровель различных типов	КРОВЛИ	100 м2	Устройство кровель из оцинкованной стали: с настенными желобами
12-01-007-10	12-01-007	Устройство кровель различных типов	КРОВЛИ	100 м2	Комплекс работ по устройству кровель из наплавляемых рулонных материалов для зданий шириной от 12 до 24 метров: в два слоя
12-01-007-11	12-01-007	Устройство кровель различных типов	КРОВЛИ	100 м2	Комплекс работ по устройству кровель из наплавляемых рулонных материалов для зданий шириной от 12 до 24 метров: в один слой
12-01-007-12	12-01-007	Устройство кровель различных типов	КРОВЛИ	100 м2	Устройство кровель из листов волнистых битумных с устройством деревянной обрешетки при уклоне кровли: до 10 градусов
12-01-007-13	12-01-007	Устройство кровель различных типов	КРОВЛИ	100 м2	Устройство кровель из листов волнистых битумных с устройством деревянной обрешетки при уклоне кровли: свыше 10 градусов
12-01-008-01	12-01-008	Устройство обделок на фасадах (наружные подоконники, пояски, балконы и др.)	КРОВЛИ	100 м2	Устройство обделок на фасадах (наружные подоконники, пояски, балконы и др.): включая водосточные трубы, с изготовлением элементов труб
12-01-008-02	12-01-008	Устройство обделок на фасадах (наружные подоконники, пояски, балконы и др.)	КРОВЛИ	100 м2	Устройство обделок на фасадах (наружные подоконники, пояски, балконы и др.): без водосточных труб
12-01-009-01	12-01-009	Устройство желобов	КРОВЛИ	100 м	Устройство желобов: настенных
12-01-009-02	12-01-009	Устройство желобов	КРОВЛИ	100 м	Устройство желобов: подвесных
12-01-010-01	12-01-010	Устройство мелких покрытий (брандмауэры, парапеты, свесы и т.п.) из листовой оцинкованной стали	КРОВЛИ	100 м2	Устройство мелких покрытий (брандмауэры, парапеты, свесы и т.п.) из листовой оцинкованной стали
12-01-011-01	12-01-011	Устройство колпаков над шахтами	КРОВЛИ	шт	Устройство колпаков над шахтами в два канала
12-01-011-02	12-01-011	Устройство колпаков над шахтами	КРОВЛИ	шт	На каждые последующие два канала сверх двух добавлять к норме 12-01-011-01
12-01-012-01	12-01-012	Ограждение кровель перилами	КРОВЛИ	100 м	Ограждение кровель перилами
12-01-013-01	12-01-013	Утепление покрытий плитами	КРОВЛИ	100 м2	Утепление покрытий плитами: из пенопласта полистирольного на битумной мастике в один слой
12-01-013-02	12-01-013	Утепление покрытий плитами	КРОВЛИ	100 м2	Утепление покрытий плитами: на каждый последующий слой добавлять к норме 12-01-013-01
12-01-013-03	12-01-013	Утепление покрытий плитами	КРОВЛИ	100 м2	Утепление покрытий плитами: из минеральной ваты или перлита на битумной мастике в один слой
12-01-013-04	12-01-013	Утепление покрытий плитами	КРОВЛИ	100 м2	Утепление покрытий плитами: на каждый последующий слой добавлять к норме 12-01-013-03
12-01-013-05	12-01-013	Утепление покрытий плитами	КРОВЛИ	100 м2	Утепление покрытий плитами: из легких (ячеистых) бетонов или фибролита насухо
12-01-013-06	12-01-013	Утепление покрытий плитами	КРОВЛИ	100 м2	Утепление покрытий плитами: из пеностекла на битумной мастике в один слой
12-01-013-07	12-01-013	Утепление покрытий плитами	КРОВЛИ	100 м2	Утепление покрытий плитами: из минеральной ваты насухо
12-01-014-01	12-01-014	Утепление покрытий	КРОВЛИ	м3	Утепление покрытий: легким (ячеистым) бетоном
12-01-014-02	12-01-014	Утепление покрытий	КРОВЛИ	м3	Утепление покрытий: керамзитом
12-01-014-03	12-01-014	Утепление покрытий	КРОВЛИ	м3	Утепление покрытий: шунгизитом
12-01-014-04	12-01-014	Утепление покрытий	КРОВЛИ	м3	Утепление покрытий: перлитом
12-01-014-05	12-01-014	Утепление покрытий	КРОВЛИ	м3	Утепление покрытий: вермикулитом
12-01-014-06	12-01-014	Утепление покрытий	КРОВЛИ	м3	Утепление покрытий пеностекольным щебнем с коэффициентом относительного уплотнения: 1,1, вручную
12-01-014-07	12-01-014	Утепление покрытий	КРОВЛИ	м3	Утепление покрытий пеностекольным щебнем с коэффициентом относительного уплотнения: 1,2, виброплитой
12-01-014-08	12-01-014	Утепление покрытий	КРОВЛИ	м3	Утепление покрытий пеностекольным щебнем с коэффициентом относительного уплотнения: 1,3, виброплитой
12-01-014-09	12-01-014	Утепление покрытий	КРОВЛИ	м3	Утепление покрытий и перекрытий изделиями из волокнистых и зернистых материалов насухо с использованием разрыхлительно-выдувных установок
12-01-015-01	12-01-015	Устройство пароизоляции	КРОВЛИ	100 м2	Устройство пароизоляции: оклеечной в один слой
12-01-015-02	12-01-015	Устройство пароизоляции	КРОВЛИ	100 м2	Устройство пароизоляции: на каждый последующий слой добавлять к норме 12-01-015-01
12-01-015-03	12-01-015	Устройство пароизоляции	КРОВЛИ	100 м2	Устройство пароизоляции: прокладочной в один слой
12-01-015-04	12-01-015	Устройство пароизоляции	КРОВЛИ	100 м2	Устройство пароизоляции: обмазочной в один слой
12-01-015-05	12-01-015	Устройство пароизоляции	КРОВЛИ	100 м2	Устройство пароизоляции: на каждый последующий слой добавлять к норме 12-01-015-04
12-01-016-01	12-01-016	Огрунтовка оснований из бетона или раствора под водоизоляционный кровельный ковер	КРОВЛИ	100 м2	Огрунтовка оснований из бетона или раствора под водоизоляционный кровельный ковер: битумной грунтовкой с ее приготовлением
12-01-016-02	12-01-016	Огрунтовка оснований из бетона или раствора под водоизоляционный кровельный ковер	КРОВЛИ	100 м2	Огрунтовка оснований из бетона или раствора под водоизоляционный кровельный ковер: готовой эмульсией битумной
12-01-017-01	12-01-017	Устройство выравнивающих стяжек	КРОВЛИ	100 м2	Устройство выравнивающих стяжек: цементно-песчаных толщиной 15 мм
12-01-017-02	12-01-017	Устройство выравнивающих стяжек	КРОВЛИ	100 м2	Устройство выравнивающих стяжек: на каждый 1 мм изменения толщины добавлять или исключать к норме 12-01-017-01
12-01-017-03	12-01-017	Устройство выравнивающих стяжек	КРОВЛИ	100 м2	Устройство выравнивающих стяжек: асфальтобетонных толщиной 15 мм
12-01-017-04	12-01-017	Устройство выравнивающих стяжек	КРОВЛИ	100 м2	Устройство выравнивающих стяжек: на каждый 1 мм изменения толщины добавлять или исключать к норме 12-01-017-03
12-01-017-05	12-01-017	Устройство выравнивающих стяжек	КРОВЛИ	100 м2	Устройство выравнивающих стяжек: сборных из плоских хризотилцементных листов
12-01-018-01	12-01-018	Изоляция стаканов зенитных фонарей с обделкой примыканий кровель к ним	КРОВЛИ	100 м	Изоляция по периметру стаканов зенитных фонарей: из органического стекла в зданиях с покрытием из железобетонных плит
12-01-018-02	12-01-018	Изоляция стаканов зенитных фонарей с обделкой примыканий кровель к ним	КРОВЛИ	100 м	Изоляция по периметру стаканов зенитных фонарей: из стеклопакетов или листового стекла в зданиях с покрытием из железобетонных плит
12-01-018-03	12-01-018	Изоляция стаканов зенитных фонарей с обделкой примыканий кровель к ним	КРОВЛИ	100 м	Изоляция по периметру стаканов зенитных фонарей: из органического стекла в зданиях с покрытием из профилированного настила
12-01-018-04	12-01-018	Изоляция стаканов зенитных фонарей с обделкой примыканий кровель к ним	КРОВЛИ	100 м	Изоляция по периметру стаканов зенитных фонарей: из стеклопакетов или листового стекла в зданиях с покрытием из профилированного настила
12-01-019-01	12-01-019	Приготовление кровельных битумных мастик	КРОВЛИ	т	Приготовление кровельных битумных мастик
12-01-020-01	12-01-020	Устройство кровель различных типов из металлочерепицы	КРОВЛИ	100 м2	Устройство кровель различных типов из металлочерепицы
12-01-021-01	12-01-021	Устройство однослойной кровли из полимерного рулонного материала с установкой прижимных пластин	КРОВЛИ	100 м2	Устройство однослойной кровли из полимерного рулонного материала с установкой прижимных пластин
12-01-022-01	12-01-022	Устройство металлической обрешетки из оцинкованного профиля	КРОВЛИ	100 м	Устройство обрешетки из оцинкованного профиля для покрытия кровли
12-01-023-01	12-01-023	Устройство кровли из металлочерепицы по готовым прогонам	КРОВЛИ	100 м2	Устройство кровли из металлочерепицы по готовым прогонам: простая кровля
12-01-023-02	12-01-023	Устройство кровли из металлочерепицы по готовым прогонам	КРОВЛИ	100 м2	Устройство кровли из металлочерепицы по готовым прогонам: средней сложности
12-01-023-03	12-01-023	Устройство кровли из металлочерепицы по готовым прогонам	КРОВЛИ	100 м2	Устройство кровли из металлочерепицы по готовым прогонам: сложная кровля
12-01-024-01	12-01-024	Устройство кровли с применением мастики с 2-х слойным покрытием	КРОВЛИ	м2	Устройство кровли с применением мастики с 2-х слойным покрытием
12-01-025-01	12-01-025	Устройство примыканий из 2х слоёв битумно-полимерной мастики с армирующими прокладками из стеклоткан	КРОВЛИ	м2	Устройство примыканий из 2х слоёв битумно-полимерной мастики с армирующими прокладками из стеклоткани и покрытием светозащитным составом
12-01-026-01	12-01-026	Устройство кровель из рулонной стали по обрешетке из обрезной доски	КРОВЛИ	100 м2	Устройство кровель из рулонной стали по обрешетке из обрезной доски при: простой кровле
12-01-026-02	12-01-026	Устройство кровель из рулонной стали по обрешетке из обрезной доски	КРОВЛИ	100 м2	Устройство кровель из рулонной стали по обрешетке из обрезной доски при: кровле средней сложности
12-01-026-03	12-01-026	Устройство кровель из рулонной стали по обрешетке из обрезной доски	КРОВЛИ	100 м2	Устройство кровель из рулонной стали по обрешетке из обрезной доски при: сложной кровле
12-01-027-01	12-01-027	Устройство кровель из рулонной стали по основанию из цементно-стружечных плит по металлической обреш	КРОВЛИ	100 м2	Устройство кровель из рулонной стали по основанию из цементно-стружечных плит по металлической обрешетке при: простой кровле
12-01-027-02	12-01-027	Устройство кровель из рулонной стали по основанию из цементно-стружечных плит по металлической обреш	КРОВЛИ	100 м2	Устройство кровель из рулонной стали по основанию из цементно-стружечных плит по металлической обрешетке при: кровле средней сложности
12-01-027-03	12-01-027	Устройство кровель из рулонной стали по основанию из цементно-стружечных плит по металлической обреш	КРОВЛИ	100 м2	Устройство кровель из рулонной стали по основанию из цементно-стружечных плит по металлической обрешетке при: сложной кровле
12-01-028-01	12-01-028	Устройство плоских однослойных кровель из ПВХ мембран по готовому основанию со сваркой стыков	КРОВЛИ	100 м2	Устройство плоских однослойных кровель из ПВХ мембран (со сваркой полотен) с укладкой разделительного слоя по утеплителю, несущее основание из: металлического листа
12-01-028-02	12-01-028	Устройство плоских однослойных кровель из ПВХ мембран по готовому основанию со сваркой стыков	КРОВЛИ	100 м2	Устройство плоских однослойных кровель из ПВХ мембран (со сваркой полотен) с укладкой разделительного слоя по утеплителю, несущее основание из: бетона
12-01-028-03	12-01-028	Устройство плоских однослойных кровель из ПВХ мембран по готовому основанию со сваркой стыков	КРОВЛИ	100 м2	Устройство плоских кровель из ПВХ мембран методом свободной укладки
12-01-029-01	12-01-029	Устройство примыканий из ПВХ мембран к стенам и парапетам	КРОВЛИ	100 м	Устройство примыканий из ПВХ мембран к стенам и парапетам: высотой до 450 мм с одним фартуком
12-01-029-02	12-01-029	Устройство примыканий из ПВХ мембран к стенам и парапетам	КРОВЛИ	100 м	Устройство примыканий из ПВХ мембран к стенам и парапетам: высотой до 600 мм без фартука
12-01-029-03	12-01-029	Устройство примыканий из ПВХ мембран к стенам и парапетам	КРОВЛИ	100 м	Устройство примыканий из ПВХ мембран к стенам и парапетам: при изменении высоты на 100 мм добавлять или исключать к норме 12-01-029-02
12-01-030-01	12-01-030	Устройство примыканий из ПВХ мембран к трубам по готовому основанию	КРОВЛИ	10 м2	Устройство примыканий из ПВХ мембран к трубам по готовому основанию
12-01-031-01	12-01-031	Устройство покрытия из ПВХ мембран к парапетной стойке со сваркой стыков внахлест по готовому основа	КРОВЛИ	10 м2	Устройство покрытия из ПВХ мембран к парапетной стойке со сваркой стыков внахлест по готовому основанию
12-01-032-01	12-01-032	Монтаж снегозадержателя, устройство системы снеготаяния и антиобледенения кровли	КРОВЛИ	100 м	Монтаж снегозадержателя: уголкового
12-01-032-02	12-01-032	Монтаж снегозадержателя, устройство системы снеготаяния и антиобледенения кровли	КРОВЛИ	100 м	Монтаж снегозадержателя: решетчатого и трубчатого
12-01-032-03	12-01-032	Монтаж снегозадержателя, устройство системы снеготаяния и антиобледенения кровли	КРОВЛИ	100 м	Устройство системы снеготаяния и антиобледенения кровли и водосточных желобов с применением электронагревательной ленты шириной: до 100 мм
12-01-032-04	12-01-032	Монтаж снегозадержателя, устройство системы снеготаяния и антиобледенения кровли	КРОВЛИ	100 м	Устройство системы снеготаяния и антиобледенения кровли и водосточных желобов с применением электронагревательной ленты шириной: свыше 100 мм
12-01-032-05	12-01-032	Монтаж снегозадержателя, устройство системы снеготаяния и антиобледенения кровли	КРОВЛИ	100 м	Устройство системы снеготаяния и антиобледенения водосточных труб с применением электронагревательной ленты
12-01-033-01	12-01-033	Монтаж кровли из профилированного листа для объектов непроизводственного назначения	КРОВЛИ	100 м2	Монтаж кровли из профилированного листа для объектов непроизводственного назначения: простой
12-01-033-02	12-01-033	Монтаж кровли из профилированного листа для объектов непроизводственного назначения	КРОВЛИ	100 м2	Монтаж кровли из профилированного листа для объектов непроизводственного назначения: средней сложности
12-01-033-03	12-01-033	Монтаж кровли из профилированного листа для объектов непроизводственного назначения	КРОВЛИ	100 м2	Монтаж кровли из профилированного листа для объектов непроизводственного назначения: сложной
12-01-034-01	12-01-034	Устройство обрешетки	КРОВЛИ	100 м2	Устройство обрешетки: сплошной из досок
12-01-034-02	12-01-034	Устройство обрешетки	КРОВЛИ	100 м2	Устройство обрешетки с прозорами из брусков
12-01-035-01	12-01-035	Устройство металлической водосточной системы	КРОВЛИ	шт	Устройство металлической водосточной системы: колен
12-01-035-02	12-01-035	Устройство металлической водосточной системы	КРОВЛИ	шт	Устройство металлической водосточной системы: воронок
12-01-035-03	12-01-035	Устройство металлической водосточной системы	КРОВЛИ	м	Устройство металлической водосточной системы: прямых звеньев труб
12-01-036-01	12-01-036	Установка водосточной системы из ПВХ	КРОВЛИ	100 м	Установка водосточной системы из ПВХ: желобов
12-01-036-02	12-01-036	Установка водосточной системы из ПВХ	КРОВЛИ	100 м	Установка водосточной системы из ПВХ: труб
12-01-037-01	12-01-037	Устройство гидроизоляции	КРОВЛИ	100 м2	Устройство гидроизоляции с подготовкой поверхности в 2 слоя из рулонных полимерных материалов: на битумной мастике
12-01-037-02	12-01-037	Устройство гидроизоляции	КРОВЛИ	100 м2	Устройство гидроизоляции с подготовкой поверхности в 2 слоя из рулонных полимерных материалов: вертикальной на битумной мастике с устройством защитного слоя из асбестоцементных лис
12-01-037-03	12-01-037	Устройство гидроизоляции	КРОВЛИ	100 м2	Устройство гидроизоляции с подготовкой поверхности в 2 слоя из рулонных полимерных материалов: горизонтальной с наплавляемым материалом в нижнем слое
12-01-037-04	12-01-037	Устройство гидроизоляции	КРОВЛИ	100 м2	Устройство подкровельной пленочной гидроизоляции
12-01-037-05	12-01-037	Устройство гидроизоляции	КРОВЛИ	100 м2	Устройство гидроизоляции плоских кровель из профилированных мембран
12-01-037-06	12-01-037	Устройство гидроизоляции	КРОВЛИ	100 м	На каждые 100 м примыканий к стенам и парапетам добавлять к норме 12-01-037-05
12-01-038-01	12-01-038	Устройство элементов на скатной кровле из цементно-песчаной черепицы	КРОВЛИ	100 м	Устройство на скатной кровле с покрытием из цементно-песчаной черепицы: разжелобков (ендов)
12-01-038-02	12-01-038	Устройство элементов на скатной кровле из цементно-песчаной черепицы	КРОВЛИ	100 м2	Устройство на скатной кровле с покрытием из цементно-песчаной черепицы: скатов
12-01-038-03	12-01-038	Устройство элементов на скатной кровле из цементно-песчаной черепицы	КРОВЛИ	100 м	Устройство на скатной кровле с покрытием из цементно-песчаной черепицы: ребра
12-01-038-04	12-01-038	Устройство элементов на скатной кровле из цементно-песчаной черепицы	КРОВЛИ	100 м	Устройство на скатной кровле с покрытием из цементно-песчаной черепицы: конька
12-01-038-05	12-01-038	Устройство элементов на скатной кровле из цементно-песчаной черепицы	КРОВЛИ	100 м	Устройство с покрытием из цементно-песчаной черепицы: карнизного свеса кровли
12-01-038-06	12-01-038	Устройство элементов на скатной кровле из цементно-песчаной черепицы	КРОВЛИ	100 м	Устройство с покрытием из цементно-песчаной черепицы: фронтонного свеса кровли
12-01-038-07	12-01-038	Устройство элементов на скатной кровле из цементно-песчаной черепицы	КРОВЛИ	100 м	Устройство примыканий к трубе и стенам на кровле с покрытием из цементно-песчаной черепицы
12-01-038-08	12-01-038	Устройство элементов на скатной кровле из цементно-песчаной черепицы	КРОВЛИ	100 м2	Устройство пароизоляции из пленки для кровли из цементно-песчаной черепицы
12-01-039-01	12-01-039	Устройство кровли из цементно-песчаной черепицы по обрешетке из стального оцинкованного профиля	КРОВЛИ	100 м2	Устройство кровли из цементно-песчаной черепицы по обрешетке из стального оцинкованного профиля
12-01-040-01	12-01-040	Устройство гидроизоляции плоских кровель из полимерных составов методом безвоздушного нанесения	КРОВЛИ	100 м2	Устройство гидроизоляции плоских кровель из полимерных составов методом безвоздушного нанесения: в один слой
12-01-040-02	12-01-040	Устройство гидроизоляции плоских кровель из полимерных составов методом безвоздушного нанесения	КРОВЛИ	100 м2	Устройство гидроизоляции плоских кровель из полимерных составов методом безвоздушного нанесения: на каждый последующий слой добавлять к норме 12-01-040-01
12-01-040-03	12-01-040	Устройство гидроизоляции плоских кровель из полимерных составов методом безвоздушного нанесения	КРОВЛИ	100 м2	Устройство гидроизоляции плоских кровель из полимерных составов методом безвоздушного нанесения: в один слой в местах примыканий и на стенах, парапетах, трубах, шахтах и т.п.
12-01-040-04	12-01-040	Устройство гидроизоляции плоских кровель из полимерных составов методом безвоздушного нанесения	КРОВЛИ	100 м2	Устройство гидроизоляции плоских кровель из полимерных составов методом безвоздушного нанесения: на каждый последующий слой добавлять к норме 12-01-040-03
12-01-041-01	12-01-041	Устройство механического крепления фиксаторами при покрытии кровли рулонным материалом	КРОВЛИ	100 шт	Устройство механического крепления фиксаторами при покрытии кровли рулонным материалом
12-01-042-01	12-01-042	Кровля из битумно-полимерной мастики	КРОВЛИ	100 м2	Подготовка поверхности с нанесением грунтовки из мастики битумно- полимерной кровельной гидроизоляционной, холодной
12-01-042-02	12-01-042	Кровля из битумно-полимерной мастики	КРОВЛИ	100 м2	Нанесение первого и каждого последующего слоев толщиной по 0,2 мм мастики битумно-полимерной кровельной гидроизоляционной, холодной
12-01-042-03	12-01-042	Кровля из битумно-полимерной мастики	КРОВЛИ	100 м2	Устройство мест примыканий из минераловатной плиты полосами толщиной 50 мм на мастике битумно-полимерной кровельной гидроизоляционной, холодной
12-01-042-04	12-01-042	Кровля из битумно-полимерной мастики	КРОВЛИ	100 м2	Наклейка стеклоткани на мастике битумно-полимерной кровельной гидроизоляционной, холодной вручную
12-01-042-05	12-01-042	Кровля из битумно-полимерной мастики	КРОВЛИ	100 м2	Нанесение одного слоя гидроизоляционной битумно-наиритовой композиции толщиной 1 мм
12-01-042-06	12-01-042	Кровля из битумно-полимерной мастики	КРОВЛИ	100 м2	Нанесение двух слоев защитно-декоративной мастики битумно-полимерной кровельной гидроизоляционной, холодной с алюминиевой пудрой
12-01-044-01	12-01-044	Покрытие кровли и примыканий мастикой битумно-бутилкаучуковой	КРОВЛИ	100 м2	Покрытие кровли и примыканий мастикой битумно-бутилкаучуковой холодной: вручную
12-01-044-02	12-01-044	Покрытие кровли и примыканий мастикой битумно-бутилкаучуковой	КРОВЛИ	100 м2	Покрытие кровли и примыканий мастикой битумно-бутилкаучуковой холодной: механизированным способом
12-01-045-01	12-01-045	Устройство козырьков на металлических кронштейнах с покрытием кровельной сталью	КРОВЛИ	100 м2	Устройство козырьков на металлических кронштейнах с покрытием кровельной сталью
13-03-001-01	13-03-001	Огрунтовка бетонных и оштукатуренных поверхностей	ПОКРЫТИЕ ЛАКОКРАСОЧНЫМИ МАТЕРИАЛАМИ	100 м2	Огрунтовка бетонных и оштукатуренных поверхностей: битумной грунтовкой, первый слой
13-03-001-02	13-03-001	Огрунтовка бетонных и оштукатуренных поверхностей	ПОКРЫТИЕ ЛАКОКРАСОЧНЫМИ МАТЕРИАЛАМИ	100 м2	Огрунтовка бетонных и оштукатуренных поверхностей: битумной грунтовкой, последующий слой
13-03-001-03	13-03-001	Огрунтовка бетонных и оштукатуренных поверхностей	ПОКРЫТИЕ ЛАКОКРАСОЧНЫМИ МАТЕРИАЛАМИ	100 м2	Огрунтовка бетонных и оштукатуренных поверхностей: лаком БТ-577, первый слой
13-03-001-04	13-03-001	Огрунтовка бетонных и оштукатуренных поверхностей	ПОКРЫТИЕ ЛАКОКРАСОЧНЫМИ МАТЕРИАЛАМИ	100 м2	Огрунтовка бетонных и оштукатуренных поверхностей: лаком БТ-577, последующий слой
13-03-001-05	13-03-001	Огрунтовка бетонных и оштукатуренных поверхностей	ПОКРЫТИЕ ЛАКОКРАСОЧНЫМИ МАТЕРИАЛАМИ	100 м2	Огрунтовка бетонных и оштукатуренных поверхностей: лаком ХС-76, первый слой
13-03-001-06	13-03-001	Огрунтовка бетонных и оштукатуренных поверхностей	ПОКРЫТИЕ ЛАКОКРАСОЧНЫМИ МАТЕРИАЛАМИ	100 м2	Огрунтовка бетонных и оштукатуренных поверхностей: лаком ХС-76, последующий слой
13-03-001-07	13-03-001	Огрунтовка бетонных и оштукатуренных поверхностей	ПОКРЫТИЕ ЛАКОКРАСОЧНЫМИ МАТЕРИАЛАМИ	100 м2	Огрунтовка бетонных и оштукатуренных поверхностей: лаком ХВ-784, первый слой
13-03-001-08	13-03-001	Огрунтовка бетонных и оштукатуренных поверхностей	ПОКРЫТИЕ ЛАКОКРАСОЧНЫМИ МАТЕРИАЛАМИ	100 м2	Огрунтовка бетонных и оштукатуренных поверхностей: лаком ХВ-784, последующий слой
13-03-001-09	13-03-001	Огрунтовка бетонных и оштукатуренных поверхностей	ПОКРЫТИЕ ЛАКОКРАСОЧНЫМИ МАТЕРИАЛАМИ	100 м2	Огрунтовка бетонных и оштукатуренных поверхностей: лаком ХВ-784 с наполнителем, первый слой
13-03-001-10	13-03-001	Огрунтовка бетонных и оштукатуренных поверхностей	ПОКРЫТИЕ ЛАКОКРАСОЧНЫМИ МАТЕРИАЛАМИ	100 м2	Огрунтовка бетонных и оштукатуренных поверхностей: лаком ХВ-784 с наполнителем, последующий слой
13-03-001-11	13-03-001	Огрунтовка бетонных и оштукатуренных поверхностей	ПОКРЫТИЕ ЛАКОКРАСОЧНЫМИ МАТЕРИАЛАМИ	100 м2	Огрунтовка бетонных и оштукатуренных поверхностей: грунт-шпатлевкой ЭП-0010, первый слой
13-03-001-12	13-03-001	Огрунтовка бетонных и оштукатуренных поверхностей	ПОКРЫТИЕ ЛАКОКРАСОЧНЫМИ МАТЕРИАЛАМИ	100 м2	Огрунтовка бетонных и оштукатуренных поверхностей: грунт-шпатлевкой ЭП-0010, последующий слой
13-03-001-13	13-03-001	Огрунтовка бетонных и оштукатуренных поверхностей	ПОКРЫТИЕ ЛАКОКРАСОЧНЫМИ МАТЕРИАЛАМИ	100 м2	Огрунтовка бетонных и оштукатуренных поверхностей: компаундом ЭД-20, первый слой
13-03-001-14	13-03-001	Огрунтовка бетонных и оштукатуренных поверхностей	ПОКРЫТИЕ ЛАКОКРАСОЧНЫМИ МАТЕРИАЛАМИ	100 м2	Огрунтовка бетонных и оштукатуренных поверхностей: компаундом ЭД-20, последующий слой
13-03-001-15	13-03-001	Огрунтовка бетонных и оштукатуренных поверхностей	ПОКРЫТИЕ ЛАКОКРАСОЧНЫМИ МАТЕРИАЛАМИ	100 м2	Огрунтовка бетонных и оштукатуренных поверхностей: органосиликатной композицией ОС-12-01, первый слой
13-03-001-16	13-03-001	Огрунтовка бетонных и оштукатуренных поверхностей	ПОКРЫТИЕ ЛАКОКРАСОЧНЫМИ МАТЕРИАЛАМИ	100 м2	Огрунтовка бетонных и оштукатуренных поверхностей: органосиликатной композицией ОС-12-01, последующий слой
13-03-001-17	13-03-001	Огрунтовка бетонных и оштукатуренных поверхностей	ПОКРЫТИЕ ЛАКОКРАСОЧНЫМИ МАТЕРИАЛАМИ	100 м2	Огрунтовка бетонных и оштукатуренных поверхностей: органосиликатной композицией ОС-12-03, первый слой
13-03-001-18	13-03-001	Огрунтовка бетонных и оштукатуренных поверхностей	ПОКРЫТИЕ ЛАКОКРАСОЧНЫМИ МАТЕРИАЛАМИ	100 м2	Огрунтовка бетонных и оштукатуренных поверхностей: органосиликатной композицией ОС-12-03, последующий слой
13-03-001-19	13-03-001	Огрунтовка бетонных и оштукатуренных поверхностей	ПОКРЫТИЕ ЛАКОКРАСОЧНЫМИ МАТЕРИАЛАМИ	100 м2	Огрунтовка бетонных и оштукатуренных поверхностей: органосиликатной композицией ОС-51-03, первый слой
13-03-001-20	13-03-001	Огрунтовка бетонных и оштукатуренных поверхностей	ПОКРЫТИЕ ЛАКОКРАСОЧНЫМИ МАТЕРИАЛАМИ	100 м2	Огрунтовка бетонных и оштукатуренных поверхностей: органосиликатной композицией ОС-51-03, последующий слой
13-03-002-01	13-03-002	Огрунтовка металлических поверхностей	ПОКРЫТИЕ ЛАКОКРАСОЧНЫМИ МАТЕРИАЛАМИ	100 м2	Огрунтовка металлических поверхностей за один раз: грунтовкой ХС-068
13-03-002-02	13-03-002	Огрунтовка металлических поверхностей	ПОКРЫТИЕ ЛАКОКРАСОЧНЫМИ МАТЕРИАЛАМИ	100 м2	Огрунтовка металлических поверхностей за один раз: грунтовкой ФЛ-03К
13-03-002-03	13-03-002	Огрунтовка металлических поверхностей	ПОКРЫТИЕ ЛАКОКРАСОЧНЫМИ МАТЕРИАЛАМИ	100 м2	Огрунтовка металлических поверхностей за один раз: грунтовкой ХС-059
13-03-002-04	13-03-002	Огрунтовка металлических поверхностей	ПОКРЫТИЕ ЛАКОКРАСОЧНЫМИ МАТЕРИАЛАМИ	100 м2	Огрунтовка металлических поверхностей за один раз: грунтовкой ГФ-021
13-03-002-05	13-03-002	Огрунтовка металлических поверхностей	ПОКРЫТИЕ ЛАКОКРАСОЧНЫМИ МАТЕРИАЛАМИ	100 м2	Огрунтовка металлических поверхностей за один раз: грунтовкой ГФ-0119
13-03-002-06	13-03-002	Огрунтовка металлических поверхностей	ПОКРЫТИЕ ЛАКОКРАСОЧНЫМИ МАТЕРИАЛАМИ	100 м2	Огрунтовка металлических поверхностей за один раз: грунтовкой ГФ-0163
13-03-002-07	13-03-002	Огрунтовка металлических поверхностей	ПОКРЫТИЕ ЛАКОКРАСОЧНЫМИ МАТЕРИАЛАМИ	100 м2	Огрунтовка металлических поверхностей за один раз: грунтовкой ВЛ-02
13-03-002-08	13-03-002	Огрунтовка металлических поверхностей	ПОКРЫТИЕ ЛАКОКРАСОЧНЫМИ МАТЕРИАЛАМИ	100 м2	Огрунтовка металлических поверхностей за один раз: грунтовкой ВЛ-023
13-03-002-09	13-03-002	Огрунтовка металлических поверхностей	ПОКРЫТИЕ ЛАКОКРАСОЧНЫМИ МАТЕРИАЛАМИ	100 м2	Огрунтовка металлических поверхностей за один раз: грунтовкой АК-070
13-03-002-10	13-03-002	Огрунтовка металлических поверхностей	ПОКРЫТИЕ ЛАКОКРАСОЧНЫМИ МАТЕРИАЛАМИ	100 м2	Огрунтовка металлических поверхностей за один раз: грунтовкой ЭП-057
13-03-002-11	13-03-002	Огрунтовка металлических поверхностей	ПОКРЫТИЕ ЛАКОКРАСОЧНЫМИ МАТЕРИАЛАМИ	100 м2	Огрунтовка металлических поверхностей за один раз: грунт-шпатлевкой ЭП-0010
13-03-002-12	13-03-002	Огрунтовка металлических поверхностей	ПОКРЫТИЕ ЛАКОКРАСОЧНЫМИ МАТЕРИАЛАМИ	100 м2	Огрунтовка металлических поверхностей за один раз: грунтовкой ЭП-0259
13-03-002-13	13-03-002	Огрунтовка металлических поверхностей	ПОКРЫТИЕ ЛАКОКРАСОЧНЫМИ МАТЕРИАЛАМИ	100 м2	Огрунтовка металлических поверхностей за один раз: грунтовкой ЭП-0199
13-03-002-14	13-03-002	Огрунтовка металлических поверхностей	ПОКРЫТИЕ ЛАКОКРАСОЧНЫМИ МАТЕРИАЛАМИ	100 м2	Огрунтовка металлических поверхностей за один раз: грунтовкой ЭД-20
13-03-002-15	13-03-002	Огрунтовка металлических поверхностей	ПОКРЫТИЕ ЛАКОКРАСОЧНЫМИ МАТЕРИАЛАМИ	100 м2	Огрунтовка металлических поверхностей за один раз: лаком БТ-577
13-03-002-16	13-03-002	Огрунтовка металлических поверхностей	ПОКРЫТИЕ ЛАКОКРАСОЧНЫМИ МАТЕРИАЛАМИ	100 м2	Огрунтовка металлических поверхностей за один раз: грунтовкой на основе эпоксидной смолы
13-03-002-17	13-03-002	Огрунтовка металлических поверхностей	ПОКРЫТИЕ ЛАКОКРАСОЧНЫМИ МАТЕРИАЛАМИ	100 м2	Огрунтовка металлических поверхностей за один раз: грунтовкой цинконаполненной
13-03-003-01	13-03-003	Окраска огрунтованных бетонных и оштукатуренных поверхностей	ПОКРЫТИЕ ЛАКОКРАСОЧНЫМИ МАТЕРИАЛАМИ	100 м2	Окраска огрунтованных бетонных и оштукатуренных поверхностей: лаком ХВ-784
13-03-003-02	13-03-003	Окраска огрунтованных бетонных и оштукатуренных поверхностей	ПОКРЫТИЕ ЛАКОКРАСОЧНЫМИ МАТЕРИАЛАМИ	100 м2	Окраска огрунтованных бетонных и оштукатуренных поверхностей: лаком БТ-577
13-03-003-03	13-03-003	Окраска огрунтованных бетонных и оштукатуренных поверхностей	ПОКРЫТИЕ ЛАКОКРАСОЧНЫМИ МАТЕРИАЛАМИ	100 м2	Окраска огрунтованных бетонных и оштукатуренных поверхностей: краской БТ-177 серебристой
13-03-003-04	13-03-003	Окраска огрунтованных бетонных и оштукатуренных поверхностей	ПОКРЫТИЕ ЛАКОКРАСОЧНЫМИ МАТЕРИАЛАМИ	100 м2	Окраска огрунтованных бетонных и оштукатуренных поверхностей: эмалью ХС-759
13-03-003-05	13-03-003	Окраска огрунтованных бетонных и оштукатуренных поверхностей	ПОКРЫТИЕ ЛАКОКРАСОЧНЫМИ МАТЕРИАЛАМИ	100 м2	Окраска огрунтованных бетонных и оштукатуренных поверхностей: эмалью ХВ-785
13-03-003-06	13-03-003	Окраска огрунтованных бетонных и оштукатуренных поверхностей	ПОКРЫТИЕ ЛАКОКРАСОЧНЫМИ МАТЕРИАЛАМИ	100 м2	Окраска огрунтованных бетонных и оштукатуренных поверхностей: эмалью ХВ-124
13-03-003-07	13-03-003	Окраска огрунтованных бетонных и оштукатуренных поверхностей	ПОКРЫТИЕ ЛАКОКРАСОЧНЫМИ МАТЕРИАЛАМИ	100 м2	Окраска огрунтованных бетонных и оштукатуренных поверхностей: эмалью ХВ-125
13-03-003-08	13-03-003	Окраска огрунтованных бетонных и оштукатуренных поверхностей	ПОКРЫТИЕ ЛАКОКРАСОЧНЫМИ МАТЕРИАЛАМИ	100 м2	Окраска огрунтованных бетонных и оштукатуренных поверхностей: эмалью ЭП-773
13-03-003-09	13-03-003	Окраска огрунтованных бетонных и оштукатуренных поверхностей	ПОКРЫТИЕ ЛАКОКРАСОЧНЫМИ МАТЕРИАЛАМИ	100 м2	Окраска огрунтованных бетонных и оштукатуренных поверхностей: эмалью ЭП-1236
13-03-003-10	13-03-003	Окраска огрунтованных бетонных и оштукатуренных поверхностей	ПОКРЫТИЕ ЛАКОКРАСОЧНЫМИ МАТЕРИАЛАМИ	100 м2	Окраска огрунтованных бетонных и оштукатуренных поверхностей: эмалью ЭП-1294
13-03-003-11	13-03-003	Окраска огрунтованных бетонных и оштукатуренных поверхностей	ПОКРЫТИЕ ЛАКОКРАСОЧНЫМИ МАТЕРИАЛАМИ	100 м2	Окраска огрунтованных бетонных и оштукатуренных поверхностей: грунт-шпатлевкой ЭП-0010
13-03-003-12	13-03-003	Окраска огрунтованных бетонных и оштукатуренных поверхностей	ПОКРЫТИЕ ЛАКОКРАСОЧНЫМИ МАТЕРИАЛАМИ	100 м2	Окраска огрунтованных бетонных и оштукатуренных поверхностей: органосиликатной композицией ОС-51-03
13-03-003-13	13-03-003	Окраска огрунтованных бетонных и оштукатуренных поверхностей	ПОКРЫТИЕ ЛАКОКРАСОЧНЫМИ МАТЕРИАЛАМИ	100 м2	Окраска огрунтованных бетонных и оштукатуренных поверхностей: органосиликатной композицией ОС-12-03
13-03-003-14	13-03-003	Окраска огрунтованных бетонных и оштукатуренных поверхностей	ПОКРЫТИЕ ЛАКОКРАСОЧНЫМИ МАТЕРИАЛАМИ	100 м2	Окраска огрунтованных бетонных и оштукатуренных поверхностей: лаком ХП-734
13-03-003-15	13-03-003	Окраска огрунтованных бетонных и оштукатуренных поверхностей	ПОКРЫТИЕ ЛАКОКРАСОЧНЫМИ МАТЕРИАЛАМИ	100 м2	Окраска огрунтованных бетонных и оштукатуренных поверхностей: эмалью двухкомпонентной битумно-полимерной с содержанием хлорсульфированного полиэтилена
13-03-003-16	13-03-003	Окраска огрунтованных бетонных и оштукатуренных поверхностей	ПОКРЫТИЕ ЛАКОКРАСОЧНЫМИ МАТЕРИАЛАМИ	100 м2	Окраска огрунтованных бетонных и оштукатуренных поверхностей: эмалью ХП-7120
13-03-003-17	13-03-003	Окраска огрунтованных бетонных и оштукатуренных поверхностей	ПОКРЫТИЕ ЛАКОКРАСОЧНЫМИ МАТЕРИАЛАМИ	100 м2	Окраска огрунтованных бетонных и оштукатуренных поверхностей: эмалью ФЛ-412
13-03-003-18	13-03-003	Окраска огрунтованных бетонных и оштукатуренных поверхностей	ПОКРЫТИЕ ЛАКОКРАСОЧНЫМИ МАТЕРИАЛАМИ	100 м2	Окраска огрунтованных бетонных и оштукатуренных поверхностей эмалью: эпоксидной, не содержащей растворитель
13-03-003-19	13-03-003	Окраска огрунтованных бетонных и оштукатуренных поверхностей	ПОКРЫТИЕ ЛАКОКРАСОЧНЫМИ МАТЕРИАЛАМИ	100 м2	Окраска огрунтованных бетонных и оштукатуренных поверхностей: эмалью ХС-436
13-03-003-20	13-03-003	Окраска огрунтованных бетонных и оштукатуренных поверхностей	ПОКРЫТИЕ ЛАКОКРАСОЧНЫМИ МАТЕРИАЛАМИ	100 м2	Окраска огрунтованных бетонных и оштукатуренных поверхностей: эмалью ХВ-7141
13-03-003-21	13-03-003	Окраска огрунтованных бетонных и оштукатуренных поверхностей	ПОКРЫТИЕ ЛАКОКРАСОЧНЫМИ МАТЕРИАЛАМИ	100 м2	Окраска огрунтованных бетонных и оштукатуренных поверхностей: эмалью ПФ-133
13-03-004-01	13-03-004	Окраска металлических огрунтованных поверхностей	ПОКРЫТИЕ ЛАКОКРАСОЧНЫМИ МАТЕРИАЛАМИ	100 м2	Окраска металлических огрунтованных поверхностей: эмалью ХС-436
13-03-004-02	13-03-004	Окраска металлических огрунтованных поверхностей	ПОКРЫТИЕ ЛАКОКРАСОЧНЫМИ МАТЕРИАЛАМИ	100 м2	Окраска металлических огрунтованных поверхностей: эмалью ХС-759
13-03-004-03	13-03-004	Окраска металлических огрунтованных поверхностей	ПОКРЫТИЕ ЛАКОКРАСОЧНЫМИ МАТЕРИАЛАМИ	100 м2	Окраска металлических огрунтованных поверхностей: эмалью ХВ-7141
13-03-004-04	13-03-004	Окраска металлических огрунтованных поверхностей	ПОКРЫТИЕ ЛАКОКРАСОЧНЫМИ МАТЕРИАЛАМИ	100 м2	Окраска металлических огрунтованных поверхностей: эмалью ХВ-1120
13-03-004-05	13-03-004	Окраска металлических огрунтованных поверхностей	ПОКРЫТИЕ ЛАКОКРАСОЧНЫМИ МАТЕРИАЛАМИ	100 м2	Окраска металлических огрунтованных поверхностей: эмалью ХВ-785
13-03-004-06	13-03-004	Окраска металлических огрунтованных поверхностей	ПОКРЫТИЕ ЛАКОКРАСОЧНЫМИ МАТЕРИАЛАМИ	100 м2	Окраска металлических огрунтованных поверхностей: эмалью ХВ-124
13-03-004-07	13-03-004	Окраска металлических огрунтованных поверхностей	ПОКРЫТИЕ ЛАКОКРАСОЧНЫМИ МАТЕРИАЛАМИ	100 м2	Окраска металлических огрунтованных поверхностей: эмалью ХВ-125
13-03-004-08	13-03-004	Окраска металлических огрунтованных поверхностей	ПОКРЫТИЕ ЛАКОКРАСОЧНЫМИ МАТЕРИАЛАМИ	100 м2	Окраска металлических огрунтованных поверхностей: лаком ХВ-784
13-03-004-09	13-03-004	Окраска металлических огрунтованных поверхностей	ПОКРЫТИЕ ЛАКОКРАСОЧНЫМИ МАТЕРИАЛАМИ	100 м2	Окраска металлических огрунтованных поверхностей: эмалью ЭП-773
13-03-004-10	13-03-004	Окраска металлических огрунтованных поверхностей	ПОКРЫТИЕ ЛАКОКРАСОЧНЫМИ МАТЕРИАЛАМИ	100 м2	Окраска металлических огрунтованных поверхностей: эмалью ЭП-1236
13-03-004-11	13-03-004	Окраска металлических огрунтованных поверхностей	ПОКРЫТИЕ ЛАКОКРАСОЧНЫМИ МАТЕРИАЛАМИ	100 м2	Окраска металлических огрунтованных поверхностей: эмалью ЭП-1294
13-03-004-12	13-03-004	Окраска металлических огрунтованных поверхностей	ПОКРЫТИЕ ЛАКОКРАСОЧНЫМИ МАТЕРИАЛАМИ	100 м2	Окраска металлических огрунтованных поверхностей: грунт-шпатлевкой ЭП-0010
13-03-004-13	13-03-004	Окраска металлических огрунтованных поверхностей	ПОКРЫТИЕ ЛАКОКРАСОЧНЫМИ МАТЕРИАЛАМИ	100 м2	Окраска металлических огрунтованных поверхностей: эмалью ЭП-5116
13-03-004-14	13-03-004	Окраска металлических огрунтованных поверхностей	ПОКРЫТИЕ ЛАКОКРАСОЧНЫМИ МАТЕРИАЛАМИ	100 м2	Окраска металлических огрунтованных поверхностей: эмалью ЭП-140
13-03-004-15	13-03-004	Окраска металлических огрунтованных поверхностей	ПОКРЫТИЕ ЛАКОКРАСОЧНЫМИ МАТЕРИАЛАМИ	100 м2	Окраска металлических огрунтованных поверхностей: органосиликатной композицией ОС-51-03
13-03-004-16	13-03-004	Окраска металлических огрунтованных поверхностей	ПОКРЫТИЕ ЛАКОКРАСОЧНЫМИ МАТЕРИАЛАМИ	100 м2	Окраска металлических огрунтованных поверхностей: органосиликатной композицией ОС-12-01
13-03-004-17	13-03-004	Окраска металлических огрунтованных поверхностей	ПОКРЫТИЕ ЛАКОКРАСОЧНЫМИ МАТЕРИАЛАМИ	100 м2	Окраска металлических огрунтованных поверхностей: органосиликатной композицией ОС-12-03
13-03-004-18	13-03-004	Окраска металлических огрунтованных поверхностей	ПОКРЫТИЕ ЛАКОКРАСОЧНЫМИ МАТЕРИАЛАМИ	100 м2	Окраска металлических огрунтованных поверхностей: эмалью ВЛ-515
13-03-004-19	13-03-004	Окраска металлических огрунтованных поверхностей	ПОКРЫТИЕ ЛАКОКРАСОЧНЫМИ МАТЕРИАЛАМИ	100 м2	Окраска металлических огрунтованных поверхностей: эмалью ХП-7120
13-03-004-20	13-03-004	Окраска металлических огрунтованных поверхностей	ПОКРЫТИЕ ЛАКОКРАСОЧНЫМИ МАТЕРИАЛАМИ	100 м2	Окраска металлических огрунтованных поверхностей: эмалью двухкомпонентной битумно-полимерной с содержанием хлорсульфированного полиэтилена
13-03-004-21	13-03-004	Окраска металлических огрунтованных поверхностей	ПОКРЫТИЕ ЛАКОКРАСОЧНЫМИ МАТЕРИАЛАМИ	100 м2	Окраска металлических огрунтованных поверхностей: эмалью КО-811
13-03-004-22	13-03-004	Окраска металлических огрунтованных поверхностей	ПОКРЫТИЕ ЛАКОКРАСОЧНЫМИ МАТЕРИАЛАМИ	100 м2	Окраска металлических огрунтованных поверхностей: эмалью КО-88
13-03-004-23	13-03-004	Окраска металлических огрунтованных поверхностей	ПОКРЫТИЕ ЛАКОКРАСОЧНЫМИ МАТЕРИАЛАМИ	100 м2	Окраска металлических огрунтованных поверхностей: краской БТ-177 серебристой
13-03-004-24	13-03-004	Окраска металлических огрунтованных поверхностей	ПОКРЫТИЕ ЛАКОКРАСОЧНЫМИ МАТЕРИАЛАМИ	100 м2	Окраска металлических огрунтованных поверхностей: пастой огнезащитной ВПМ-2
13-03-004-25	13-03-004	Окраска металлических огрунтованных поверхностей	ПОКРЫТИЕ ЛАКОКРАСОЧНЫМИ МАТЕРИАЛАМИ	100 м2	Окраска металлических огрунтованных поверхностей: эмалью ФЛ-412
13-03-004-26	13-03-004	Окраска металлических огрунтованных поверхностей	ПОКРЫТИЕ ЛАКОКРАСОЧНЫМИ МАТЕРИАЛАМИ	100 м2	Окраска металлических огрунтованных поверхностей: эмалью ПФ-115
13-03-004-27	13-03-004	Окраска металлических огрунтованных поверхностей	ПОКРЫТИЕ ЛАКОКРАСОЧНЫМИ МАТЕРИАЛАМИ	100 м2	Окраска металлических огрунтованных поверхностей: краской ЦХСК-1467
13-03-004-28	13-03-004	Окраска металлических огрунтованных поверхностей	ПОКРЫТИЕ ЛАКОКРАСОЧНЫМИ МАТЕРИАЛАМИ	100 м2	Окраска металлических огрунтованных поверхностей: грунт-краской цинконаполненной однокомпонентной полиуретановой
13-03-005-01	13-03-005	Шпатлевка поверхностей	ПОКРЫТИЕ ЛАКОКРАСОЧНЫМИ МАТЕРИАЛАМИ	100 м2	Шпатлевка поверхностей: силикатной шпатлевкой, толщина слоя 3 мм
13-03-005-02	13-03-005	Шпатлевка поверхностей	ПОКРЫТИЕ ЛАКОКРАСОЧНЫМИ МАТЕРИАЛАМИ	100 м2	Шпатлевка поверхностей: на каждый последующий слой толщиной 1 мм добавлять к норме 13-03-005-01
13-03-005-03	13-03-005	Шпатлевка поверхностей	ПОКРЫТИЕ ЛАКОКРАСОЧНЫМИ МАТЕРИАЛАМИ	100 м2	Шпатлевка поверхностей: силикатной шпатлевкой толщиной слоя 30 мм по арматурной сетке
13-03-005-04	13-03-005	Шпатлевка поверхностей	ПОКРЫТИЕ ЛАКОКРАСОЧНЫМИ МАТЕРИАЛАМИ	100 м2	Шпатлевка поверхностей: составом на основе смолы ЭД-20 (ЭД-16) толщиной слоя 1 мм
13-03-005-05	13-03-005	Шпатлевка поверхностей	ПОКРЫТИЕ ЛАКОКРАСОЧНЫМИ МАТЕРИАЛАМИ	100 м2	Шпатлевка поверхностей: эпоксидной шпатлевкой ЭП-0010 толщиной слоя 2 мм
13-03-005-06	13-03-005	Шпатлевка поверхностей	ПОКРЫТИЕ ЛАКОКРАСОЧНЫМИ МАТЕРИАЛАМИ	100 м2	Шпатлевка поверхностей: химическистойкой теплопроводной водонепроницаемой замазкой
13-03-006-01	13-03-006	Гидроизоляция поверхности бетонных и железобетонных конструкций защитными эластичными покрытиями на 	ПОКРЫТИЕ ЛАКОКРАСОЧНЫМИ МАТЕРИАЛАМИ	100 м2	Гидроизоляция поверхности бетонных и железобетонных конструкций в два слоя защитными эластичными покрытиями на цементной основе: вертикальной
13-03-006-02	13-03-006	Гидроизоляция поверхности бетонных и железобетонных конструкций защитными эластичными покрытиями на 	ПОКРЫТИЕ ЛАКОКРАСОЧНЫМИ МАТЕРИАЛАМИ	100 м2	Гидроизоляция поверхности бетонных и железобетонных конструкций в два слоя защитными эластичными покрытиями на цементной основе: горизонтальной
13-03-007-01	13-03-007	Антикоррозийное покрытие арматуры однокомпонентным цементным составом	ПОКРЫТИЕ ЛАКОКРАСОЧНЫМИ МАТЕРИАЛАМИ	100 м2	Антикоррозийное покрытие арматуры однокомпонентным цементным составом
13-03-008-01	13-03-008	Гидроизоляция поверхности бетонных и железобетонных конструкций защитными эластичными покрытиями на 	ПОКРЫТИЕ ЛАКОКРАСОЧНЫМИ МАТЕРИАЛАМИ	100 м2	Гидроизоляция поверхности бетонных и железобетонных конструкций защитными эластичными покрытиями на цементной основе методом безвоздушного нанесения: вертикальной
13-03-008-02	13-03-008	Гидроизоляция поверхности бетонных и железобетонных конструкций защитными эластичными покрытиями на 	ПОКРЫТИЕ ЛАКОКРАСОЧНЫМИ МАТЕРИАЛАМИ	100 м2	Гидроизоляция поверхности бетонных и железобетонных конструкций защитными эластичными покрытиями на цементной основе методом безвоздушного нанесения: горизонтальной
13-06-001-01	13-06-001	Очистка металлическим песком внутренней поверхности оборудования и труб	ПОДГОТОВИТЕЛЬНЫЕ РАБОТЫ	м2	Очистка металлическим песком внутренней поверхности оборудования и труб: диаметром более 500 мм
13-06-001-02	13-06-001	Очистка металлическим песком внутренней поверхности оборудования и труб	ПОДГОТОВИТЕЛЬНЫЕ РАБОТЫ	м2	Очистка металлическим песком внутренней поверхности оборудования и труб: диаметром менее 500 мм и мелких изделий
13-06-001-03	13-06-001	Очистка металлическим песком внутренней поверхности оборудования и труб	ПОДГОТОВИТЕЛЬНЫЕ РАБОТЫ	м2	Очистка металлическим песком внутренней поверхности оборудования и труб: диаметром более 500 мм со снятием окалины площадью до 50% очищаемой поверхности
13-06-001-04	13-06-001	Очистка металлическим песком внутренней поверхности оборудования и труб	ПОДГОТОВИТЕЛЬНЫЕ РАБОТЫ	м2	Очистка металлическим песком внутренней поверхности оборудования и труб: диаметром более 500 мм со снятием окалины площадью более 50% очищаемой поверхности
13-06-002-01	13-06-002	Очистка кварцевым песком	ПОДГОТОВИТЕЛЬНЫЕ РАБОТЫ	м2	Очистка кварцевым песком: сплошных наружных поверхностей
13-06-002-02	13-06-002	Очистка кварцевым песком	ПОДГОТОВИТЕЛЬНЫЕ РАБОТЫ	м2	Очистка кварцевым песком: решетчатых поверхностей
13-06-003-01	13-06-003	Очистка поверхности щетками	ПОДГОТОВИТЕЛЬНЫЕ РАБОТЫ	м2	Очистка поверхности щетками
13-06-004-01	13-06-004	Обеспыливание поверхности	ПОДГОТОВИТЕЛЬНЫЕ РАБОТЫ	м2	Обеспыливание поверхности
13-06-005-01	13-06-005	Гидроструйная очистка поверхностей	ПОДГОТОВИТЕЛЬНЫЕ РАБОТЫ	м2	Гидроструйная очистка бетонных поверхностей
13-06-005-02	13-06-005	Гидроструйная очистка поверхностей	ПОДГОТОВИТЕЛЬНЫЕ РАБОТЫ	м2	Гидроструйная очистка в колодцах поверхностей: бетонных
13-06-005-03	13-06-005	Гидроструйная очистка поверхностей	ПОДГОТОВИТЕЛЬНЫЕ РАБОТЫ	м2	Гидроструйная очистка в колодцах поверхностей: кирпичных
13-06-006-01	13-06-006	Придание шероховатости для обеспечения адгезии ранее огрунтованным или окрашенным поверхностям	ПОДГОТОВИТЕЛЬНЫЕ РАБОТЫ	100 м2	Придание шероховатости для обеспечения адгезии ранее огрунтованным или окрашенным поверхностям металлических конструкций: сплошных
13-06-006-02	13-06-006	Придание шероховатости для обеспечения адгезии ранее огрунтованным или окрашенным поверхностям	ПОДГОТОВИТЕЛЬНЫЕ РАБОТЫ	100 м2	Придание шероховатости для обеспечения адгезии ранее огрунтованным или окрашенным поверхностям металлических конструкций: решетчатых
13-06-007-01	13-06-007	Очистка купрошлаком наружных поверхностей трубопроводов из стали	ПОДГОТОВИТЕЛЬНЫЕ РАБОТЫ	100 м2	Очистка купрошлаком наружных поверхностей трубопроводов из стали диаметром: свыше 500 мм до степени очистки 3
13-06-007-02	13-06-007	Очистка купрошлаком наружных поверхностей трубопроводов из стали	ПОДГОТОВИТЕЛЬНЫЕ РАБОТЫ	100 м2	Очистка купрошлаком наружных поверхностей трубопроводов из стали диаметром: свыше 500 мм до степени очистки 2
13-06-007-03	13-06-007	Очистка купрошлаком наружных поверхностей трубопроводов из стали	ПОДГОТОВИТЕЛЬНЫЕ РАБОТЫ	100 м2	Очистка купрошлаком наружных поверхностей трубопроводов из стали диаметром: свыше 500 мм до степени очистки 1
13-06-007-04	13-06-007	Очистка купрошлаком наружных поверхностей трубопроводов из стали	ПОДГОТОВИТЕЛЬНЫЕ РАБОТЫ	100 м2	Очистка купрошлаком наружных поверхностей трубопроводов из стали диаметром: до 500 мм до степени очистки 3
13-06-007-05	13-06-007	Очистка купрошлаком наружных поверхностей трубопроводов из стали	ПОДГОТОВИТЕЛЬНЫЕ РАБОТЫ	100 м2	Очистка купрошлаком наружных поверхностей трубопроводов из стали диаметром: до 500 мм до степени очистки 2
13-06-007-06	13-06-007	Очистка купрошлаком наружных поверхностей трубопроводов из стали	ПОДГОТОВИТЕЛЬНЫЕ РАБОТЫ	100 м2	Очистка купрошлаком наружных поверхностей трубопроводов из стали диаметром: до 500 мм до степени очистки 1
13-06-008-01	13-06-008	Очистка поверхности купрошлаком	ПОДГОТОВИТЕЛЬНЫЕ РАБОТЫ	м2	Очистка поверхности купрошлаком: решетчатые конструкции
13-06-009-02	13-06-009	Очистка поверхности металлоконструкций средствами малой механизации	ПОДГОТОВИТЕЛЬНЫЕ РАБОТЫ	100 м2	Очистка поверхности металлоконструкций средствами малой механизации: на монтажной площадке
13-09-001-01	13-09-001	Металлизация при производстве работ на строительно-монтажной площадке и в мастерских алюминиевой про	МЕТАЛЛИЗАЦИОННЫЕ ПОКРЫТИЯ	м2	Металлизация при производстве работ на строительно-монтажной площадке алюминиевой проволокой диаметром до 1,8 мм: плоских наружных поверхностей
13-09-001-02	13-09-001	Металлизация при производстве работ на строительно-монтажной площадке и в мастерских алюминиевой про	МЕТАЛЛИЗАЦИОННЫЕ ПОКРЫТИЯ	м2	Металлизация при производстве работ на строительно-монтажной площадке алюминиевой проволокой диаметром до 1,8 мм: криволинейных наружных поверхностей
13-09-001-03	13-09-001	Металлизация при производстве работ на строительно-монтажной площадке и в мастерских алюминиевой про	МЕТАЛЛИЗАЦИОННЫЕ ПОКРЫТИЯ	м2	Металлизация при производстве работ на строительно-монтажной площадке алюминиевой проволокой диаметром до 1,8 мм: металлоконструкций решетчатых
13-09-001-04	13-09-001	Металлизация при производстве работ на строительно-монтажной площадке и в мастерских алюминиевой про	МЕТАЛЛИЗАЦИОННЫЕ ПОКРЫТИЯ	м2	Металлизация при производстве работ на строительно-монтажной площадке алюминиевой проволокой диаметром до 1,8 мм: внутренних поверхностей емкостей
13-09-001-05	13-09-001	Металлизация при производстве работ на строительно-монтажной площадке и в мастерских алюминиевой про	МЕТАЛЛИЗАЦИОННЫЕ ПОКРЫТИЯ	м2	Металлизация при производстве работ на строительно-монтажной площадке алюминиевой проволокой диаметром до 1,8 мм: наружных сварных монтажных швов
13-09-001-06	13-09-001	Металлизация при производстве работ на строительно-монтажной площадке и в мастерских алюминиевой про	МЕТАЛЛИЗАЦИОННЫЕ ПОКРЫТИЯ	м2	Металлизация при производстве работ на строительно-монтажной площадке алюминиевой проволокой диаметром до 1,8 мм: внутренних сварных монтажных швов
13-09-001-07	13-09-001	Металлизация при производстве работ на строительно-монтажной площадке и в мастерских алюминиевой про	МЕТАЛЛИЗАЦИОННЫЕ ПОКРЫТИЯ	м2	Металлизация при производстве работ на строительно-монтажной площадке алюминиевой проволокой диаметром до 1,8 мм: мелких деталей
13-09-001-08	13-09-001	Металлизация при производстве работ на строительно-монтажной площадке и в мастерских алюминиевой про	МЕТАЛЛИЗАЦИОННЫЕ ПОКРЫТИЯ	м2	Металлизация при производстве работ на строительно-монтажной площадке алюминиевой проволокой диаметром до 1,8 мм: трубопроводов (поворотное положение) диаметром до 100 мм
13-09-001-09	13-09-001	Металлизация при производстве работ на строительно-монтажной площадке и в мастерских алюминиевой про	МЕТАЛЛИЗАЦИОННЫЕ ПОКРЫТИЯ	м2	Металлизация при производстве работ на строительно-монтажной площадке алюминиевой проволокой диаметром до 1,8 мм: трубопроводов (поворотное положение) диаметром свыше 100 до 500 мм
13-09-001-10	13-09-001	Металлизация при производстве работ на строительно-монтажной площадке и в мастерских алюминиевой про	МЕТАЛЛИЗАЦИОННЫЕ ПОКРЫТИЯ	м2	Металлизация при производстве работ на строительно-монтажной площадке алюминиевой проволокой диаметром до 1,8 мм: трубопроводов (поворотное положение) диаметром свыше 500 мм
13-09-001-11	13-09-001	Металлизация при производстве работ на строительно-монтажной площадке и в мастерских алюминиевой про	МЕТАЛЛИЗАЦИОННЫЕ ПОКРЫТИЯ	м2	Металлизация при производстве работ на строительно-монтажной площадке алюминиевой проволокой диаметром до 1,8 мм: стыков сварных трубопроводов диаметром до 100 мм
13-09-001-12	13-09-001	Металлизация при производстве работ на строительно-монтажной площадке и в мастерских алюминиевой про	МЕТАЛЛИЗАЦИОННЫЕ ПОКРЫТИЯ	м2	Металлизация при производстве работ на строительно-монтажной площадке алюминиевой проволокой диаметром до 1,8 мм: стыков сварных трубопроводов диаметром свыше 100 до 500 мм
13-09-001-13	13-09-001	Металлизация при производстве работ на строительно-монтажной площадке и в мастерских алюминиевой про	МЕТАЛЛИЗАЦИОННЫЕ ПОКРЫТИЯ	м2	Металлизация при производстве работ на строительно-монтажной площадке алюминиевой проволокой диаметром до 1,8 мм: стыков сварных трубопроводов диаметром свыше 500 мм
13-09-001-14	13-09-001	Металлизация при производстве работ на строительно-монтажной площадке и в мастерских алюминиевой про	МЕТАЛЛИЗАЦИОННЫЕ ПОКРЫТИЯ	м2	Металлизация плоских поверхностей при производстве работ в мастерской алюминиевой проволокой диаметром до 1,8 мм
13-09-001-15	13-09-001	Металлизация при производстве работ на строительно-монтажной площадке и в мастерских алюминиевой про	МЕТАЛЛИЗАЦИОННЫЕ ПОКРЫТИЯ	м2	Металлизация мелких деталей при производстве работ в мастерской алюминиевой проволокой диаметром до 1,8 мм
13-09-002-01	13-09-002	Нанесение антикоррозионного защитного покрытия методом электродугового напыления алюминиевой проволо	МЕТАЛЛИЗАЦИОННЫЕ ПОКРЫТИЯ	100 м2	Нанесение антикоррозионного защитного покрытия методом электродугового напыления алюминиевой проволокой при толщине слоя 100 мкм на внутреннюю поверхность емкостей
13-09-002-02	13-09-002	Нанесение антикоррозионного защитного покрытия методом электродугового напыления алюминиевой проволо	МЕТАЛЛИЗАЦИОННЫЕ ПОКРЫТИЯ	100 м2	Добавлять или исключать на каждые 50 мкм изменения толщины слоя к норме 13-09-002-01
13-11-001-01	13-11-001	Антикоррозионная защита технологических трубопроводов модифицированными эпоксидно-алкидными составам	АНТИКОРРОЗИОННАЯ ЗАЩИТА МЕТАЛЛОКОНСТРУКЦИЙ И ТЕХНОЛОГИЧЕСКИХ	м2	Антикоррозионная защита технологических трубопроводов: двухкомпонентным абразиво-устойчивым эпоксидным покрытием изолированных трубопроводов с температурой рабочей среды до 120° С
13-11-001-02	13-11-001	Антикоррозионная защита технологических трубопроводов модифицированными эпоксидно-алкидными составам	АНТИКОРРОЗИОННАЯ ЗАЩИТА МЕТАЛЛОКОНСТРУКЦИЙ И ТЕХНОЛОГИЧЕСКИХ	м2	Антикоррозионная защита технологических трубопроводов: двухкомпонентным феноловым эпоксидным покрытием изолированных трубопроводов с температурой рабочей среды до 200° С
13-11-001-03	13-11-001	Антикоррозионная защита технологических трубопроводов модифицированными эпоксидно-алкидными составам	АНТИКОРРОЗИОННАЯ ЗАЩИТА МЕТАЛЛОКОНСТРУКЦИЙ И ТЕХНОЛОГИЧЕСКИХ	м2	Антикоррозионная защита технологических трубопроводов: высокомолекулярным однокомпонентным покрытием на основе инертной мультиполимерной матрицы изолированных трубопроводов с темпе
13-11-001-04	13-11-001	Антикоррозионная защита технологических трубопроводов модифицированными эпоксидно-алкидными составам	АНТИКОРРОЗИОННАЯ ЗАЩИТА МЕТАЛЛОКОНСТРУКЦИЙ И ТЕХНОЛОГИЧЕСКИХ	м2	Антикоррозионная защита технологических трубопроводов: двухкомпонентным алифатическим полиуретановым покрытием неизолированных трубопроводов
13-11-005-01	13-11-005	Антикоррозионная защита металлических конструкций и технологических трубопроводов нитроцеллюлозными 	АНТИКОРРОЗИОННАЯ ЗАЩИТА МЕТАЛЛОКОНСТРУКЦИЙ И ТЕХНОЛОГИЧЕСКИХ	м2	Антикоррозионная защита металлических конструкций и технологических трубопроводов нитроцеллюлозными лакокрасочными материалами
13-11-006-01	13-11-006	Антикоррозионная защита металлических конструкций зданий и сооружений производственного и общественн	АНТИКОРРОЗИОННАЯ ЗАЩИТА МЕТАЛЛОКОНСТРУКЦИЙ И ТЕХНОЛОГИЧЕСКИХ	100 м2	Антикоррозионная защита металлических конструкций зданий и сооружений производственного и общественного назначения: эпоксидными составами на высоте более 3 м с перестановкой подмос
13-11-006-02	13-11-006	Антикоррозионная защита металлических конструкций зданий и сооружений производственного и общественн	АНТИКОРРОЗИОННАЯ ЗАЩИТА МЕТАЛЛОКОНСТРУКЦИЙ И ТЕХНОЛОГИЧЕСКИХ	100 м2	Антикоррозионная защита металлических конструкций зданий и сооружений производственного и общественного назначения: эпоксидными составами на высоте до 3 м
13-11-006-03	13-11-006	Антикоррозионная защита металлических конструкций зданий и сооружений производственного и общественн	АНТИКОРРОЗИОННАЯ ЗАЩИТА МЕТАЛЛОКОНСТРУКЦИЙ И ТЕХНОЛОГИЧЕСКИХ	100 м2	Антикоррозионная защита металлических конструкций зданий и сооружений производственного и общественного назначения: полиуретановыми составами на высоте более 3 м с перестановкой по
13-11-006-04	13-11-006	Антикоррозионная защита металлических конструкций зданий и сооружений производственного и общественн	АНТИКОРРОЗИОННАЯ ЗАЩИТА МЕТАЛЛОКОНСТРУКЦИЙ И ТЕХНОЛОГИЧЕСКИХ	100 м2	Антикоррозионная защита металлических конструкций зданий и сооружений производственного и общественного назначения: полиуретановыми составами на высоте до 3 м
13-11-007-01	13-11-007	Антикоррозионная защита металлоконструкций и трубопроводов мастиками на основе синтетических смол	АНТИКОРРОЗИОННАЯ ЗАЩИТА МЕТАЛЛОКОНСТРУКЦИЙ И ТЕХНОЛОГИЧЕСКИХ	100 м2	Огрунтовка металлических поверхностей по подготовленной поверхности мастикой на основе синтетических смол, вручную
13-11-007-02	13-11-007	Антикоррозионная защита металлоконструкций и трубопроводов мастиками на основе синтетических смол	АНТИКОРРОЗИОННАЯ ЗАЩИТА МЕТАЛЛОКОНСТРУКЦИЙ И ТЕХНОЛОГИЧЕСКИХ	100 м2	Окраска металлических огрунтованных поверхностей мастикой на основе синтетических смол, вручную
13-11-008-01	13-11-008	Антикоррозионная защита металлических конструкций объектов нефтегазовой отрасли	АНТИКОРРОЗИОННАЯ ЗАЩИТА МЕТАЛЛОКОНСТРУКЦИЙ И ТЕХНОЛОГИЧЕСКИХ	100 м2	Антикоррозионная защита металлических конструкций объектов нефтегазовой отрасли: грунтовкой цинкноаполненной полиуретановой толщиной слоя 80 мкм
13-11-008-02	13-11-008	Антикоррозионная защита металлических конструкций объектов нефтегазовой отрасли	АНТИКОРРОЗИОННАЯ ЗАЩИТА МЕТАЛЛОКОНСТРУКЦИЙ И ТЕХНОЛОГИЧЕСКИХ	100 м2	Антикоррозионная защита металлических конструкций объектов нефтегазовой отрасли: на каждые 10 мкм изменения толщины слоя добавлять или исключать к норме 13-11-008-01
13-11-011-01	13-11-011	Антикоррозионная защита металлических конструкций межцеховых коммуникаций	АНТИКОРРОЗИОННАЯ ЗАЩИТА МЕТАЛЛОКОНСТРУКЦИЙ И ТЕХНОЛОГИЧЕСКИХ	10 м2	Антикоррозионная защита металлических конструкций межцеховых коммуникаций: в окрасочно-сушильной камере
13-11-011-02	13-11-011	Антикоррозионная защита металлических конструкций межцеховых коммуникаций	АНТИКОРРОЗИОННАЯ ЗАЩИТА МЕТАЛЛОКОНСТРУКЦИЙ И ТЕХНОЛОГИЧЕСКИХ	10 м2	Антикоррозионная защита металлических конструкций межцеховых коммуникаций: на месте монтажа
13-11-021-01	13-11-021	Подготовка поверхностей резервуара под антикоррозионное покрытие	АНТИКОРРОЗИОННАЯ ЗАЩИТА МЕТАЛЛОКОНСТРУКЦИЙ И ТЕХНОЛОГИЧЕСКИХ	100 м2	Подготовка поверхности резервуара под антикоррозионное покрытие: внутренней
13-11-021-02	13-11-021	Подготовка поверхностей резервуара под антикоррозионное покрытие	АНТИКОРРОЗИОННАЯ ЗАЩИТА МЕТАЛЛОКОНСТРУКЦИЙ И ТЕХНОЛОГИЧЕСКИХ	100 м2	Подготовка поверхности резервуара под антикоррозионное покрытие: наружной
13-11-022-01	13-11-022	Нанесение антикоррозионного покрытия на поверхности резервуара	АНТИКОРРОЗИОННАЯ ЗАЩИТА МЕТАЛЛОКОНСТРУКЦИЙ И ТЕХНОЛОГИЧЕСКИХ	100 м2	Нанесение на внутреннюю поверхность резервуара антикоррозионного покрытия: нормальный тип
13-11-022-02	13-11-022	Нанесение антикоррозионного покрытия на поверхности резервуара	АНТИКОРРОЗИОННАЯ ЗАЩИТА МЕТАЛЛОКОНСТРУКЦИЙ И ТЕХНОЛОГИЧЕСКИХ	100 м2	Нанесение на внутреннюю поверхность резервуара антикоррозионного покрытия: усиленный тип
13-11-022-03	13-11-022	Нанесение антикоррозионного покрытия на поверхности резервуара	АНТИКОРРОЗИОННАЯ ЗАЩИТА МЕТАЛЛОКОНСТРУКЦИЙ И ТЕХНОЛОГИЧЕСКИХ	100 м2	Нанесение на наружную поверхность резервуара антикоррозионного покрытия: тип С-3, С-4
13-11-022-04	13-11-022	Нанесение антикоррозионного покрытия на поверхности резервуара	АНТИКОРРОЗИОННАЯ ЗАЩИТА МЕТАЛЛОКОНСТРУКЦИЙ И ТЕХНОЛОГИЧЕСКИХ	100 м2	Нанесение на наружную поверхность резервуара антикоррозионного покрытия: тип С-5
13-11-023-01	13-11-023	Нанесение битумной мастики на сваи из стальных труб	АНТИКОРРОЗИОННАЯ ЗАЩИТА МЕТАЛЛОКОНСТРУКЦИЙ И ТЕХНОЛОГИЧЕСКИХ	100 м2	Нанесение горячей битумной мастики толщиной 1 мм на сваи из стальных труб
13-11-023-02	13-11-023	Нанесение битумной мастики на сваи из стальных труб	АНТИКОРРОЗИОННАЯ ЗАЩИТА МЕТАЛЛОКОНСТРУКЦИЙ И ТЕХНОЛОГИЧЕСКИХ	100 м2	На каждый последующий слой толщиной 1 мм добавлять к норме 13-11-023-01
13-11-023-03	13-11-023	Нанесение битумной мастики на сваи из стальных труб	АНТИКОРРОЗИОННАЯ ЗАЩИТА МЕТАЛЛОКОНСТРУКЦИЙ И ТЕХНОЛОГИЧЕСКИХ	100 м2	Нанесение холодной битумной мастики толщиной 1 мм на сваи из стальных труб
13-11-023-04	13-11-023	Нанесение битумной мастики на сваи из стальных труб	АНТИКОРРОЗИОННАЯ ЗАЩИТА МЕТАЛЛОКОНСТРУКЦИЙ И ТЕХНОЛОГИЧЕСКИХ	100 м2	На каждый последующий слой толщиной 1 мм добавлять к норме 13-11-023-03
26-01-001-01	26-01-001	Изоляция трубопроводов конструкциями теплоизоляционными комплектными на основе цилиндров минераловат	ИЗОЛЯЦИЯ ГОРЯЧИХ ПОВЕРХНОСТЕЙ	м3	Изоляция трубопроводов конструкциями теплоизоляционными комплектными на основе цилиндров минераловатных на синтетическом связующем
26-01-002-01	26-01-002	Изоляция трубопроводов цилиндрами, полуцилиндрами и сегментами из пенопласта	ИЗОЛЯЦИЯ ГОРЯЧИХ ПОВЕРХНОСТЕЙ	м3	Изоляция трубопроводов цилиндрами, полуцилиндрами и сегментами из пенопласта, номинальный диаметр трубопровода: до 350 мм
26-01-002-02	26-01-002	Изоляция трубопроводов цилиндрами, полуцилиндрами и сегментами из пенопласта	ИЗОЛЯЦИЯ ГОРЯЧИХ ПОВЕРХНОСТЕЙ	м3	Изоляция трубопроводов цилиндрами, полуцилиндрами и сегментами из пенопласта, номинальный диаметр трубопровода: свыше 350 до 800 мм
26-01-003-01	26-01-003	Изоляция трубопроводов цилиндрами и полуцилиндрами из минеральной ваты на синтетическом связующем	ИЗОЛЯЦИЯ ГОРЯЧИХ ПОВЕРХНОСТЕЙ	м3	Изоляция трубопроводов цилиндрами и полуцилиндрами из минеральной ваты на синтетическом связующем
26-01-004-01	26-01-004	Изоляция трубопроводов изделиями (сегментами) минераловатными на битумном связующем	ИЗОЛЯЦИЯ ГОРЯЧИХ ПОВЕРХНОСТЕЙ	м3	Изоляция трубопроводов изделиями (сегментами) минераловатными на битумном связующем
26-01-005-01	26-01-005	Изоляция поверхностей штучными теплоизоляционными изделиями: перлитоцементными, перлитовыми, вермику	ИЗОЛЯЦИЯ ГОРЯЧИХ ПОВЕРХНОСТЕЙ	м3	Изоляция трубопроводов штучными теплоизоляционными изделиями (перлитоцементными, перлитовыми, вермикулитовыми, известково-кремнеземистыми): сегментами
26-01-005-02	26-01-005	Изоляция поверхностей штучными теплоизоляционными изделиями: перлитоцементными, перлитовыми, вермику	ИЗОЛЯЦИЯ ГОРЯЧИХ ПОВЕРХНОСТЕЙ	м3	Изоляция трубопроводов штучными теплоизоляционными изделиями (перлитоцементными, перлитовыми, вермикулитовыми, известково-кремнеземистыми): полуцилиндрами
26-01-005-03	26-01-005	Изоляция поверхностей штучными теплоизоляционными изделиями: перлитоцементными, перлитовыми, вермику	ИЗОЛЯЦИЯ ГОРЯЧИХ ПОВЕРХНОСТЕЙ	м3	Изоляция трубопроводов штучными теплоизоляционными изделиями (перлитоцементными, перлитовыми, вермикулитовыми, известково-кремнеземистыми): сегментами из плит
26-01-005-04	26-01-005	Изоляция поверхностей штучными теплоизоляционными изделиями: перлитоцементными, перлитовыми, вермику	ИЗОЛЯЦИЯ ГОРЯЧИХ ПОВЕРХНОСТЕЙ	м3	Изоляция плоских и криволинейных поверхностей плитами
26-01-006-01	26-01-006	Изоляция трубопроводов холстами стекловолокнистыми, полотном холстопрошивным стекловолокнистым марки	ИЗОЛЯЦИЯ ГОРЯЧИХ ПОВЕРХНОСТЕЙ	м3	Изоляция трубопроводов холстами стекловолокнистыми, полотном холстопрошивным стекловолокнистым марки ПХС-Т, полотном иглопробивным стеклянным марки ИПС-Т
26-01-007-01	26-01-007	Изоляция трубопроводов шнурами	ИЗОЛЯЦИЯ ГОРЯЧИХ ПОВЕРХНОСТЕЙ	м3	Изоляция трубопроводов шнурами: хризотилцементными
26-01-007-02	26-01-007	Изоляция трубопроводов шнурами	ИЗОЛЯЦИЯ ГОРЯЧИХ ПОВЕРХНОСТЕЙ	м3	Изоляция трубопроводов шнурами: хризотилцементными пуховыми
26-01-008-01	26-01-008	Изоляция трубопроводов матами и холстами из супертонкого волокна (стеклянного и базальтового), матам	ИЗОЛЯЦИЯ ГОРЯЧИХ ПОВЕРХНОСТЕЙ	м3	Изоляция трубопроводов матами и холстами из супертонкого волокна (стеклянного и базальтового), матами звукопоглощающими
26-01-009-01	26-01-009	Изоляция трубопроводов матами минераловатными, плитами минераловатными, плитами из стеклянного штапе	ИЗОЛЯЦИЯ ГОРЯЧИХ ПОВЕРХНОСТЕЙ	м3	Изоляция трубопроводов: матами минераловатными, плитами минераловатными на синтетическом связующем
26-01-009-02	26-01-009	Изоляция трубопроводов матами минераловатными, плитами минераловатными, плитами из стеклянного штапе	ИЗОЛЯЦИЯ ГОРЯЧИХ ПОВЕРХНОСТЕЙ	м3	Изоляция трубопроводов: плитами из стеклянного штапельного волокна
26-01-010-01	26-01-010	Изоляция трубопроводов матами минераловатными прошивными безобкладочными и в обкладках, изделиями ми	ИЗОЛЯЦИЯ ГОРЯЧИХ ПОВЕРХНОСТЕЙ	м3	Изоляция трубопроводов: матами минераловатными прошивными безобкладочными и в обкладках, изделиями минераловатными с гофрированной структурой
26-01-010-02	26-01-010	Изоляция трубопроводов матами минераловатными прошивными безобкладочными и в обкладках, изделиями ми	ИЗОЛЯЦИЯ ГОРЯЧИХ ПОВЕРХНОСТЕЙ	м3	Изоляция трубопроводов: матами из стеклянного штапельного волокна
26-01-011-01	26-01-011	Изоляция плоских, криволинейных и фасонных поверхностей изделиями минераловатными и стекловатными	ИЗОЛЯЦИЯ ГОРЯЧИХ ПОВЕРХНОСТЕЙ	м3	Изоляция плоских и криволинейных поверхностей матами минераловатными прошивными безобкладочными и в обкладках, плитами минераловатными на синтетическом связующем, плитами из стекля
26-01-011-02	26-01-011	Изоляция плоских, криволинейных и фасонных поверхностей изделиями минераловатными и стекловатными	ИЗОЛЯЦИЯ ГОРЯЧИХ ПОВЕРХНОСТЕЙ	м3	Изоляция фасонных поверхностей матами минераловатными прошивными безобкладочными и в обкладках, плитами минераловатными на синтетическом связующем, плитами из стеклянного штапельно
26-01-012-01	26-01-012	Изоляция арматуры и фланцевых соединений съемными полуфутлярами из матов минераловатных прошивных и 	ИЗОЛЯЦИЯ ГОРЯЧИХ ПОВЕРХНОСТЕЙ	10 шт	Изоляция арматуры и фланцевых соединений съемными полуфутлярами из матов минераловатных прошивных и листов алюминиевых сплавов, номинальный диаметр трубопроводов: до 200 мм
26-01-012-02	26-01-012	Изоляция арматуры и фланцевых соединений съемными полуфутлярами из матов минераловатных прошивных и 	ИЗОЛЯЦИЯ ГОРЯЧИХ ПОВЕРХНОСТЕЙ	10 шт	Изоляция арматуры и фланцевых соединений съемными полуфутлярами из матов минераловатных прошивных и листов алюминиевых сплавов, номинальный диаметр трубопроводов: свыше 200 до 800 
26-01-013-01	26-01-013	Изоляция арматуры и фланцевых соединений съемными полуфутлярами из матов минераловатных прошивных и 	ИЗОЛЯЦИЯ ГОРЯЧИХ ПОВЕРХНОСТЕЙ	10 шт	Изоляция арматуры и фланцевых соединений съемными полуфутлярами из матов минераловатных прошивных и листов оцинкованной стали, номинальный диаметр трубопроводов: до 200 мм
26-01-013-02	26-01-013	Изоляция арматуры и фланцевых соединений съемными полуфутлярами из матов минераловатных прошивных и 	ИЗОЛЯЦИЯ ГОРЯЧИХ ПОВЕРХНОСТЕЙ	10 шт	Изоляция арматуры и фланцевых соединений съемными полуфутлярами из матов минераловатных прошивных и листов оцинкованной стали, номинальный диаметр трубопроводов: свыше 200 до 800 м
26-01-014-01	26-01-014	Изоляция арматуры и фланцевых соединений съемными полуфутлярами из матрацев минераловатных и листов 	ИЗОЛЯЦИЯ ГОРЯЧИХ ПОВЕРХНОСТЕЙ	10 шт	Изоляция арматуры и фланцевых соединений: съемными полуфутлярами из матрацев минераловатных и листов алюминиевых сплавов
26-01-014-02	26-01-014	Изоляция арматуры и фланцевых соединений съемными полуфутлярами из матрацев минераловатных и листов 	ИЗОЛЯЦИЯ ГОРЯЧИХ ПОВЕРХНОСТЕЙ	10 шт	Изоляция арматуры и фланцевых соединений: съемными полуфутлярами из матрацев минераловатных и листов оцинкованной стали
26-01-015-02	26-01-015	Изоляция трубопроводов изготавливаемыми в процессе изоляции конструкциями полносборными с покрытием 	ИЗОЛЯЦИЯ ГОРЯЧИХ ПОВЕРХНОСТЕЙ	м3	Изоляция трубопроводов изготавливаемыми в процессе изоляции конструкциями полносборными с покрытием из листов алюминиевых сплавов на основе: матов минераловатных прошивных и плит м
26-01-015-03	26-01-015	Изоляция трубопроводов изготавливаемыми в процессе изоляции конструкциями полносборными с покрытием 	ИЗОЛЯЦИЯ ГОРЯЧИХ ПОВЕРХНОСТЕЙ	м3	Изоляция трубопроводов изготавливаемыми в процессе изоляции конструкциями полносборными с покрытием из листов алюминиевых сплавов на основе: матов из стеклянного штапельного волокн
26-01-016-02	26-01-016	Изоляция трубопроводов изготавливаемыми в процессе изоляции конструкциями полносборными с покрытием 	ИЗОЛЯЦИЯ ГОРЯЧИХ ПОВЕРХНОСТЕЙ	м3	Изоляция трубопроводов изготавливаемыми в процессе изоляции конструкциями полносборными с покрытием сталью оцинкованной на основе: матов минераловатных прошивных и плит минераловат
26-01-016-03	26-01-016	Изоляция трубопроводов изготавливаемыми в процессе изоляции конструкциями полносборными с покрытием 	ИЗОЛЯЦИЯ ГОРЯЧИХ ПОВЕРХНОСТЕЙ	м3	Изоляция трубопроводов изготавливаемыми в процессе изоляции конструкциями полносборными с покрытием сталью оцинкованной на основе: матов из стеклянного штапельного волокна
26-01-017-01	26-01-017	Изоляция изделиями из вспененного каучука, вспененного полиэтилена трубопроводов	ИЗОЛЯЦИЯ ГОРЯЧИХ ПОВЕРХНОСТЕЙ	10 м	Изоляция изделиями из вспененного каучука, вспененного полиэтилена трубопроводов наружным диметром: до 160 мм трубками
26-01-017-02	26-01-017	Изоляция изделиями из вспененного каучука, вспененного полиэтилена трубопроводов	ИЗОЛЯЦИЯ ГОРЯЧИХ ПОВЕРХНОСТЕЙ	10 м	Изоляция изделиями из вспененного каучука, вспененного полиэтилена трубопроводов наружным диметром: 180 мм пластинами (плитами)
26-01-017-03	26-01-017	Изоляция изделиями из вспененного каучука, вспененного полиэтилена трубопроводов	ИЗОЛЯЦИЯ ГОРЯЧИХ ПОВЕРХНОСТЕЙ	100 м	Изоляция энергосберегающей теплоизоляционной системой на основе вспененного каучука с односторонним кашированием прямых участков трубопроводов диаметром: 102 до 219 мм
26-01-017-04	26-01-017	Изоляция изделиями из вспененного каучука, вспененного полиэтилена трубопроводов	ИЗОЛЯЦИЯ ГОРЯЧИХ ПОВЕРХНОСТЕЙ	100 м	Изоляция энергосберегающей теплоизоляционной системой на основе вспененного каучука с односторонним кашированием прямых участков трубопроводов диаметром: свыше 219 до 426 мм
26-01-017-05	26-01-017	Изоляция изделиями из вспененного каучука, вспененного полиэтилена трубопроводов	ИЗОЛЯЦИЯ ГОРЯЧИХ ПОВЕРХНОСТЕЙ	100 м	Изоляция энергосберегающей теплоизоляционной системой на основе вспененного каучука с односторонним кашированием прямых участков трубопроводов диаметром: свыше 426 до 720 мм
26-01-017-06	26-01-017	Изоляция изделиями из вспененного каучука, вспененного полиэтилена трубопроводов	ИЗОЛЯЦИЯ ГОРЯЧИХ ПОВЕРХНОСТЕЙ	100 м	Изоляция энергосберегающей теплоизоляционной системой на основе вспененного каучука с односторонним кашированием прямых участков трубопроводов диаметром: свыше 720 до 1220 мм
26-01-017-07	26-01-017	Изоляция изделиями из вспененного каучука, вспененного полиэтилена трубопроводов	ИЗОЛЯЦИЯ ГОРЯЧИХ ПОВЕРХНОСТЕЙ	100 м	Изоляция энергосберегающей теплоизоляционной системой на основе вспененного каучука без каширования прямых участков трубопроводов диаметром: 102 до 219 мм
26-01-017-08	26-01-017	Изоляция изделиями из вспененного каучука, вспененного полиэтилена трубопроводов	ИЗОЛЯЦИЯ ГОРЯЧИХ ПОВЕРХНОСТЕЙ	100 м	Изоляция энергосберегающей теплоизоляционной системой на основе вспененного каучука без каширования прямых участков трубопроводов диаметром: свыше 219 до 426 мм
26-01-017-09	26-01-017	Изоляция изделиями из вспененного каучука, вспененного полиэтилена трубопроводов	ИЗОЛЯЦИЯ ГОРЯЧИХ ПОВЕРХНОСТЕЙ	100 м	Изоляция энергосберегающей теплоизоляционной системой на основе вспененного каучука без каширования прямых участков трубопроводов диаметром: свыше 426 до 720 мм
26-01-017-10	26-01-017	Изоляция изделиями из вспененного каучука, вспененного полиэтилена трубопроводов	ИЗОЛЯЦИЯ ГОРЯЧИХ ПОВЕРХНОСТЕЙ	100 м	Изоляция энергосберегающей теплоизоляционной системой на основе вспененного каучука без каширования прямых участков трубопроводов диаметром: свыше 720 до 1220 мм
26-01-017-11	26-01-017	Изоляция изделиями из вспененного каучука, вспененного полиэтилена трубопроводов	ИЗОЛЯЦИЯ ГОРЯЧИХ ПОВЕРХНОСТЕЙ	10 шт	Изоляция энергосберегающей теплоизоляционной системой на основе вспененного каучука с односторонним кашированием трубных отводов и примыкающих участков диаметром: 102 до 219 мм
26-01-017-12	26-01-017	Изоляция изделиями из вспененного каучука, вспененного полиэтилена трубопроводов	ИЗОЛЯЦИЯ ГОРЯЧИХ ПОВЕРХНОСТЕЙ	10 шт	Изоляция энергосберегающей теплоизоляционной системой на основе вспененного каучука с односторонним кашированием трубных отводов и примыкающих участков диаметром: свыше 219 до 426 
26-01-017-13	26-01-017	Изоляция изделиями из вспененного каучука, вспененного полиэтилена трубопроводов	ИЗОЛЯЦИЯ ГОРЯЧИХ ПОВЕРХНОСТЕЙ	10 шт	Изоляция энергосберегающей теплоизоляционной системой на основе вспененного каучука с односторонним кашированием трубных отводов и примыкающих участков диаметром: свыше 426 до 720 
26-01-017-14	26-01-017	Изоляция изделиями из вспененного каучука, вспененного полиэтилена трубопроводов	ИЗОЛЯЦИЯ ГОРЯЧИХ ПОВЕРХНОСТЕЙ	10 шт	Изоляция энергосберегающей теплоизоляционной системой на основе вспененного каучука с односторонним кашированием трубных отводов и примыкающих участков диаметром: свыше 720 до 1220
26-01-017-15	26-01-017	Изоляция изделиями из вспененного каучука, вспененного полиэтилена трубопроводов	ИЗОЛЯЦИЯ ГОРЯЧИХ ПОВЕРХНОСТЕЙ	10 шт	Изоляция энергосберегающей теплоизоляционной системой на основе вспененного каучука без каширования трубных отводов и примыкающих участков диаметром: 102 до 219 мм
26-01-017-16	26-01-017	Изоляция изделиями из вспененного каучука, вспененного полиэтилена трубопроводов	ИЗОЛЯЦИЯ ГОРЯЧИХ ПОВЕРХНОСТЕЙ	10 шт	Изоляция энергосберегающей теплоизоляционной системой на основе вспененного каучука без каширования трубных отводов и примыкающих участков диаметром: свыше 219 до 426 мм
26-01-017-17	26-01-017	Изоляция изделиями из вспененного каучука, вспененного полиэтилена трубопроводов	ИЗОЛЯЦИЯ ГОРЯЧИХ ПОВЕРХНОСТЕЙ	10 шт	Изоляция энергосберегающей теплоизоляционной системой на основе вспененного каучука без каширования трубных отводов и примыкающих участков диаметром: свыше 426 до 720 мм
26-01-017-18	26-01-017	Изоляция изделиями из вспененного каучука, вспененного полиэтилена трубопроводов	ИЗОЛЯЦИЯ ГОРЯЧИХ ПОВЕРХНОСТЕЙ	10 шт	Изоляция энергосберегающей теплоизоляционной системой на основе вспененного каучука без каширования трубных отводов и примыкающих участков диаметром: свыше 720 до 1220 мм
26-01-018-01	26-01-018	Изоляция плоских и криволинейных поверхностей пластинами (плитами) из вспененного каучука, вспененно	ИЗОЛЯЦИЯ ГОРЯЧИХ ПОВЕРХНОСТЕЙ	10 м2	Изоляция плоских и криволинейных поверхностей пластинами (плитами) из вспененного каучука, вспененного полиэтилена
26-01-019-01	26-01-019	Изоляция арматуры и фланцевых соединений пластинами (плитами) из вспененного каучука, вспененного по	ИЗОЛЯЦИЯ ГОРЯЧИХ ПОВЕРХНОСТЕЙ	10 шт	Изоляция арматуры и фланцевых соединений пластинами (плитами) из вспененного каучука, вспененного полиэтилена
26-01-020-01	26-01-020	Изоляция трубопроводов пенополиуретаном методом заливки под защитное металлическое покрытие из листо	ИЗОЛЯЦИЯ ГОРЯЧИХ ПОВЕРХНОСТЕЙ	м3	Изоляция трубопроводов пенополиуретаном методом заливки под защитное металлическое покрытие из листов алюминиевых сплавов или стали оцинкованной листовой
26-01-021-01	26-01-021	Изоляция плоских и криволинейных поверхностей из пенополиуретана методом напыления	ИЗОЛЯЦИЯ ГОРЯЧИХ ПОВЕРХНОСТЕЙ	м3	Изоляция плоских и криволинейных поверхностей из пенополиуретана методом напыления
26-01-022-01	26-01-022	Изоляция поверхностей штучными изделиями из пенополиуретана	ИЗОЛЯЦИЯ ГОРЯЧИХ ПОВЕРХНОСТЕЙ	м3	Изоляция поверхностей трубопроводов штучными изделиями из пенополиуретана (полуцилиндрами и сегментами)
26-01-022-02	26-01-022	Изоляция поверхностей штучными изделиями из пенополиуретана	ИЗОЛЯЦИЯ ГОРЯЧИХ ПОВЕРХНОСТЕЙ	м3	Изоляция плоских и криволинейных поверхностей штучными изделиями из пенополиуретана (плитами)
26-01-023-01	26-01-023	Установка металлических опорных колец и разгружающих устройств	ИЗОЛЯЦИЯ ГОРЯЧИХ ПОВЕРХНОСТЕЙ	м3	Установка металлических опорных колец и разгружающих устройств, номинальным диаметром трубопровода: до 200 мм
26-01-023-02	26-01-023	Установка металлических опорных колец и разгружающих устройств	ИЗОЛЯЦИЯ ГОРЯЧИХ ПОВЕРХНОСТЕЙ	м3	Установка металлических опорных колец и разгружающих устройств, номинальным диаметром трубопровода: свыше 200 до 800 мм
26-01-025-01	26-01-025	Изоляция стальных трубопроводов жидким теплоизоляционным покрытием	ИЗОЛЯЦИЯ ГОРЯЧИХ ПОВЕРХНОСТЕЙ	100 м	Изоляция стальных трубопроводов жидким теплоизоляционным покрытием толщиной 1 мм, номинальный диаметр трубы: 25 мм
26-01-025-02	26-01-025	Изоляция стальных трубопроводов жидким теплоизоляционным покрытием	ИЗОЛЯЦИЯ ГОРЯЧИХ ПОВЕРХНОСТЕЙ	100 м	Изоляция стальных трубопроводов жидким теплоизоляционным покрытием толщиной 1 мм, номинальный диаметр трубы: 32 мм
26-01-025-03	26-01-025	Изоляция стальных трубопроводов жидким теплоизоляционным покрытием	ИЗОЛЯЦИЯ ГОРЯЧИХ ПОВЕРХНОСТЕЙ	100 м	Изоляция стальных трубопроводов жидким теплоизоляционным покрытием толщиной 1 мм, номинальный диаметр трубы: 40 мм
26-01-025-04	26-01-025	Изоляция стальных трубопроводов жидким теплоизоляционным покрытием	ИЗОЛЯЦИЯ ГОРЯЧИХ ПОВЕРХНОСТЕЙ	100 м	Изоляция стальных трубопроводов жидким теплоизоляционным покрытием толщиной 1 мм, номинальный диаметр трубы: 50 мм
26-01-025-05	26-01-025	Изоляция стальных трубопроводов жидким теплоизоляционным покрытием	ИЗОЛЯЦИЯ ГОРЯЧИХ ПОВЕРХНОСТЕЙ	100 м	Изоляция стальных трубопроводов жидким теплоизоляционным покрытием толщиной 1 мм, номинальный диаметр трубы: 75 мм
26-01-025-06	26-01-025	Изоляция стальных трубопроводов жидким теплоизоляционным покрытием	ИЗОЛЯЦИЯ ГОРЯЧИХ ПОВЕРХНОСТЕЙ	100 м	Изоляция стальных трубопроводов жидким теплоизоляционным покрытием толщиной 1 мм, номинальный диаметр трубы: 100 мм
26-01-025-07	26-01-025	Изоляция стальных трубопроводов жидким теплоизоляционным покрытием	ИЗОЛЯЦИЯ ГОРЯЧИХ ПОВЕРХНОСТЕЙ	100 м	Изоляция стальных трубопроводов жидким теплоизоляционным покрытием толщиной 1 мм, номинальный диаметр трубы: 125 мм
26-01-025-08	26-01-025	Изоляция стальных трубопроводов жидким теплоизоляционным покрытием	ИЗОЛЯЦИЯ ГОРЯЧИХ ПОВЕРХНОСТЕЙ	100 м	Изоляция стальных трубопроводов жидким теплоизоляционным покрытием толщиной 1 мм, номинальный диаметр трубы: 150 мм
26-01-025-09	26-01-025	Изоляция стальных трубопроводов жидким теплоизоляционным покрытием	ИЗОЛЯЦИЯ ГОРЯЧИХ ПОВЕРХНОСТЕЙ	100 м	На каждые 0,5 мм изменения толщины покрытия добавлять к норме 26-01-025-08
26-01-035-01	26-01-035	Изоляция стен изделиями из минераловатных плит на основе стекловолокна с креплением дюбелями при раб	ИЗОЛЯЦИЯ ХОЛОДНЫХ ПОВЕРХНОСТЕЙ СТРОИТЕЛЬНЫХ КОНСТРУКЦИЙ, ХОЛ	100 м2	Изоляция стен изделиями из минераловатных плит на основе стекловолокна с креплением дюбелями при работе с люльки: в один слой толщиной 100 мм
26-01-035-02	26-01-035	Изоляция стен изделиями из минераловатных плит на основе стекловолокна с креплением дюбелями при раб	ИЗОЛЯЦИЯ ХОЛОДНЫХ ПОВЕРХНОСТЕЙ СТРОИТЕЛЬНЫХ КОНСТРУКЦИЙ, ХОЛ	100 м2	Изоляция стен изделиями из минераловатных плит на основе стекловолокна с креплением дюбелями при работе с люльки: в два слоя общей толщиной 150 мм
26-01-036-01	26-01-036	Изоляция холодных поверхностей изделиями из волокнистых и зернистых материалов с креплением на клее 	ИЗОЛЯЦИЯ ХОЛОДНЫХ ПОВЕРХНОСТЕЙ СТРОИТЕЛЬНЫХ КОНСТРУКЦИЙ, ХОЛ	100 м2	Изоляция изделиями из волокнистых и зернистых материалов с креплением на клее и дюбелями холодных поверхностей: наружных стен
26-01-036-02	26-01-036	Изоляция холодных поверхностей изделиями из волокнистых и зернистых материалов с креплением на клее 	ИЗОЛЯЦИЯ ХОЛОДНЫХ ПОВЕРХНОСТЕЙ СТРОИТЕЛЬНЫХ КОНСТРУКЦИЙ, ХОЛ	100 м2	Изоляция изделиями из волокнистых и зернистых материалов с креплением на клее и дюбелями холодных поверхностей: внутренних стен и перегородок
26-01-037-01	26-01-037	Изоляция холодных поверхностей изделиями из волокнистых и зернистых материалов на битуме	ИЗОЛЯЦИЯ ХОЛОДНЫХ ПОВЕРХНОСТЕЙ СТРОИТЕЛЬНЫХ КОНСТРУКЦИЙ, ХОЛ	м3	Изоляция изделиями из волокнистых и зернистых материалов на битуме холодных поверхностей: стен и колонн прямоугольных
26-01-037-02	26-01-037	Изоляция холодных поверхностей изделиями из волокнистых и зернистых материалов на битуме	ИЗОЛЯЦИЯ ХОЛОДНЫХ ПОВЕРХНОСТЕЙ СТРОИТЕЛЬНЫХ КОНСТРУКЦИЙ, ХОЛ	м3	Изоляция изделиями из волокнистых и зернистых материалов на битуме холодных поверхностей: покрытий и перекрытий сверху
26-01-037-03	26-01-037	Изоляция холодных поверхностей изделиями из волокнистых и зернистых материалов на битуме	ИЗОЛЯЦИЯ ХОЛОДНЫХ ПОВЕРХНОСТЕЙ СТРОИТЕЛЬНЫХ КОНСТРУКЦИЙ, ХОЛ	м3	Изоляция изделиями из волокнистых и зернистых материалов на битуме холодных поверхностей: покрытий и перекрытий снизу
26-01-037-04	26-01-037	Изоляция холодных поверхностей изделиями из волокнистых и зернистых материалов на битуме	ИЗОЛЯЦИЯ ХОЛОДНЫХ ПОВЕРХНОСТЕЙ СТРОИТЕЛЬНЫХ КОНСТРУКЦИЙ, ХОЛ	м3	Изоляция изделиями из волокнистых и зернистых материалов на битуме холодных поверхностей: перегородок
26-01-038-01	26-01-038	Устройство противопожарных поясов из ячеистых материалов на растворе	ИЗОЛЯЦИЯ ХОЛОДНЫХ ПОВЕРХНОСТЕЙ СТРОИТЕЛЬНЫХ КОНСТРУКЦИЙ, ХОЛ	м3	Устройство противопожарных поясов из ячеистых материалов на растворе
26-01-039-01	26-01-039	Изоляция покрытий и перекрытий изделиями из волокнистых и зернистых материалов насухо	ИЗОЛЯЦИЯ ХОЛОДНЫХ ПОВЕРХНОСТЕЙ СТРОИТЕЛЬНЫХ КОНСТРУКЦИЙ, ХОЛ	м3	Изоляция покрытий и перекрытий изделиями из волокнистых и зернистых материалов насухо
26-01-040-01	26-01-040	Устройство противопожарных поясов из волокнистых и зернистых материалов на растворе	ИЗОЛЯЦИЯ ХОЛОДНЫХ ПОВЕРХНОСТЕЙ СТРОИТЕЛЬНЫХ КОНСТРУКЦИЙ, ХОЛ	м3	Устройство противопожарных поясов из волокнистых и зернистых материалов на растворе
26-01-041-01	26-01-041	Изоляция холодных поверхностей изделиями из пенопласта	ИЗОЛЯЦИЯ ХОЛОДНЫХ ПОВЕРХНОСТЕЙ СТРОИТЕЛЬНЫХ КОНСТРУКЦИЙ, ХОЛ	м3	Изоляция изделиями из пенопласта на битуме холодных поверхностей: стен и колонн прямоугольных
26-01-041-02	26-01-041	Изоляция холодных поверхностей изделиями из пенопласта	ИЗОЛЯЦИЯ ХОЛОДНЫХ ПОВЕРХНОСТЕЙ СТРОИТЕЛЬНЫХ КОНСТРУКЦИЙ, ХОЛ	м3	Изоляция изделиями из пенопласта на битуме холодных поверхностей: покрытий и перекрытий сверху
26-01-041-03	26-01-041	Изоляция холодных поверхностей изделиями из пенопласта	ИЗОЛЯЦИЯ ХОЛОДНЫХ ПОВЕРХНОСТЕЙ СТРОИТЕЛЬНЫХ КОНСТРУКЦИЙ, ХОЛ	м3	Изоляция изделиями из пенопласта на битуме холодных поверхностей: покрытий и перекрытий снизу
26-01-041-04	26-01-041	Изоляция холодных поверхностей изделиями из пенопласта	ИЗОЛЯЦИЯ ХОЛОДНЫХ ПОВЕРХНОСТЕЙ СТРОИТЕЛЬНЫХ КОНСТРУКЦИЙ, ХОЛ	м3	Изоляция изделиями из пенопласта на битуме холодных поверхностей: перегородок
26-01-041-05	26-01-041	Изоляция холодных поверхностей изделиями из пенопласта	ИЗОЛЯЦИЯ ХОЛОДНЫХ ПОВЕРХНОСТЕЙ СТРОИТЕЛЬНЫХ КОНСТРУКЦИЙ, ХОЛ	м3	Изоляция изделиями из пенопласта насухо холодных поверхностей покрытий и перекрытий
26-01-042-01	26-01-042	Установка дверей с тепловой изоляцией	ИЗОЛЯЦИЯ ХОЛОДНЫХ ПОВЕРХНОСТЕЙ СТРОИТЕЛЬНЫХ КОНСТРУКЦИЙ, ХОЛ	100 м2	Установка дверей с тепловой изоляцией: в кирпичных перегородках
26-01-042-02	26-01-042	Установка дверей с тепловой изоляцией	ИЗОЛЯЦИЯ ХОЛОДНЫХ ПОВЕРХНОСТЕЙ СТРОИТЕЛЬНЫХ КОНСТРУКЦИЙ, ХОЛ	100 м2	Установка дверей с тепловой изоляцией: в кирпичных стенах
26-01-043-01	26-01-043	Изоляция деревянных наружных ограждающих конструкций жидким теплоизоляционным покрытием с лесов	ИЗОЛЯЦИЯ ХОЛОДНЫХ ПОВЕРХНОСТЕЙ СТРОИТЕЛЬНЫХ КОНСТРУКЦИЙ, ХОЛ	100 м2	Изоляция деревянных наружных ограждающих конструкций краскопультами жидким теплоизоляционным покрытием толщиной 1 мм с лесов
26-01-043-02	26-01-043	Изоляция деревянных наружных ограждающих конструкций жидким теплоизоляционным покрытием с лесов	ИЗОЛЯЦИЯ ХОЛОДНЫХ ПОВЕРХНОСТЕЙ СТРОИТЕЛЬНЫХ КОНСТРУКЦИЙ, ХОЛ	100 м2	На каждые 0,5 мм изменения толщины покрытия добавлять к норме 26-01-043-01
26-01-044-01	26-01-044	Изоляция деревянных наружных ограждающих конструкций жидким теплоизоляционным покрытием с люлек	ИЗОЛЯЦИЯ ХОЛОДНЫХ ПОВЕРХНОСТЕЙ СТРОИТЕЛЬНЫХ КОНСТРУКЦИЙ, ХОЛ	100 м2	Изоляция деревянных наружных ограждающих конструкций краскопультами жидким теплоизоляционным покрытием толщиной 1 мм с люлек
26-01-044-02	26-01-044	Изоляция деревянных наружных ограждающих конструкций жидким теплоизоляционным покрытием с люлек	ИЗОЛЯЦИЯ ХОЛОДНЫХ ПОВЕРХНОСТЕЙ СТРОИТЕЛЬНЫХ КОНСТРУКЦИЙ, ХОЛ	100 м2	На каждые 0,5 мм изменения толщины покрытия добавлять к норме 26-01-044-01
26-01-045-01	26-01-045	Изоляция кирпичных и бетонных наружных ограждающих конструкций жидким теплоизоляционным покрытием с 	ИЗОЛЯЦИЯ ХОЛОДНЫХ ПОВЕРХНОСТЕЙ СТРОИТЕЛЬНЫХ КОНСТРУКЦИЙ, ХОЛ	100 м2	Изоляция кирпичных и бетонных наружных ограждающих конструкций краскопультами жидким теплоизоляционным покрытием толщиной 1 мм с лесов
26-01-045-02	26-01-045	Изоляция кирпичных и бетонных наружных ограждающих конструкций жидким теплоизоляционным покрытием с 	ИЗОЛЯЦИЯ ХОЛОДНЫХ ПОВЕРХНОСТЕЙ СТРОИТЕЛЬНЫХ КОНСТРУКЦИЙ, ХОЛ	100 м2	На каждые 0,5 мм изменения толщины покрытия добавлять к норме 26-01-045-01
26-01-046-01	26-01-046	Изоляция кирпичных и бетонных наружных ограждающих конструкций жидким теплоизоляционным покрытием с 	ИЗОЛЯЦИЯ ХОЛОДНЫХ ПОВЕРХНОСТЕЙ СТРОИТЕЛЬНЫХ КОНСТРУКЦИЙ, ХОЛ	100 м2	Изоляция кирпичных и бетонных наружных ограждающих конструкций краскопультами жидким теплоизоляционным покрытием толщиной 1 мм с люлек
26-01-046-02	26-01-046	Изоляция кирпичных и бетонных наружных ограждающих конструкций жидким теплоизоляционным покрытием с 	ИЗОЛЯЦИЯ ХОЛОДНЫХ ПОВЕРХНОСТЕЙ СТРОИТЕЛЬНЫХ КОНСТРУКЦИЙ, ХОЛ	100 м2	На каждые 0,5 мм изменения толщины покрытия добавлять к норме 26-01-046-01
26-01-047-01	26-01-047	Изоляция по деревянным полам жидким теплоизоляционным покрытием	ИЗОЛЯЦИЯ ХОЛОДНЫХ ПОВЕРХНОСТЕЙ СТРОИТЕЛЬНЫХ КОНСТРУКЦИЙ, ХОЛ	100 м2	Изоляция по деревянным полам краскопультами жидким теплоизоляционным покрытием толщиной 1 мм
26-01-047-02	26-01-047	Изоляция по деревянным полам жидким теплоизоляционным покрытием	ИЗОЛЯЦИЯ ХОЛОДНЫХ ПОВЕРХНОСТЕЙ СТРОИТЕЛЬНЫХ КОНСТРУКЦИЙ, ХОЛ	100 м2	На каждые 0,5 мм изменения толщины покрытия добавлять к норме 26-01-047-01
26-01-080-01	26-01-080	Изоляция покрытий и перекрытий снизу плитами из минеральной ваты с креплением на клее и дюбелями	ИЗОЛЯЦИЯ ХОЛОДНЫХ ПОВЕРХНОСТЕЙ СТРОИТЕЛЬНЫХ КОНСТРУКЦИЙ, ХОЛ	100 м2	Изоляция покрытий и перекрытий снизу плитами из минеральной ваты с креплением на клее и дюбелями
26-01-048-01	26-01-048	Устройство каркаса изоляции	КАРКАСЫ И ОТДЕЛКА ИЗОЛЯЦИИ	100 м2	Устройство на трубопроводах каркаса изоляции: из проволоки
26-01-048-02	26-01-048	Устройство каркаса изоляции	КАРКАСЫ И ОТДЕЛКА ИЗОЛЯЦИИ	100 м2	Устройство на трубопроводах каркаса изоляции: из сетки
26-01-048-03	26-01-048	Устройство каркаса изоляции	КАРКАСЫ И ОТДЕЛКА ИЗОЛЯЦИИ	100 м2	Устройство на плоских и криволинейных поверхностях каркаса изоляции: из проволоки
26-01-048-04	26-01-048	Устройство каркаса изоляции	КАРКАСЫ И ОТДЕЛКА ИЗОЛЯЦИИ	100 м2	Устройство на плоских и криволинейных поверхностях каркаса изоляции: из сетки
26-01-049-01	26-01-049	Покрытие поверхности изоляции трубопроводов листами алюминиевых сплавов, сталью оцинкованной, металл	КАРКАСЫ И ОТДЕЛКА ИЗОЛЯЦИИ	100 м2	Покрытие поверхности изоляции трубопроводов: листами алюминиевых сплавов
26-01-049-02	26-01-049	Покрытие поверхности изоляции трубопроводов листами алюминиевых сплавов, сталью оцинкованной, металл	КАРКАСЫ И ОТДЕЛКА ИЗОЛЯЦИИ	100 м2	Покрытие поверхности изоляции трубопроводов: сталью оцинкованной
26-01-049-03	26-01-049	Покрытие поверхности изоляции трубопроводов листами алюминиевых сплавов, сталью оцинкованной, металл	КАРКАСЫ И ОТДЕЛКА ИЗОЛЯЦИИ	100 м2	Покрытие поверхности изоляции трубопроводов: металлопластом
26-01-050-01	26-01-050	Покрытие поверхности изоляции трубопроводов фольгой алюминиевой дублированной	КАРКАСЫ И ОТДЕЛКА ИЗОЛЯЦИИ	100 м2	Покрытие поверхности изоляции трубопроводов фольгой алюминиевой дублированной
26-01-051-01	26-01-051	Покрытие поверхности изоляции трубопроводов стеклоцементом текстолитовым, стеклопластиком (кроме сте	КАРКАСЫ И ОТДЕЛКА ИЗОЛЯЦИИ	100 м2	Покрытие поверхности изоляции трубопровода стеклоцементом текстолитовым, стеклопластиком (кроме стеклопластика РСТ)
26-01-052-01	26-01-052	Покрытие поверхности изоляции трубопроводов стеклопластиками РСТ, тканями стеклянными, пленками ПХВ,	КАРКАСЫ И ОТДЕЛКА ИЗОЛЯЦИИ	100 м2	Покрытие поверхности изоляции трубопроводов: стеклопластиками РСТ, тканями стеклянными
26-01-052-02	26-01-052	Покрытие поверхности изоляции трубопроводов стеклопластиками РСТ, тканями стеклянными, пленками ПХВ,	КАРКАСЫ И ОТДЕЛКА ИЗОЛЯЦИИ	100 м2	Покрытие поверхности изоляции трубопроводов: пленками ПВХ, армопластами
26-01-053-01	26-01-053	Покрытие изоляции плоских (криволинейных) и фасонных поверхностей листовым металлом с заготовкой пок	КАРКАСЫ И ОТДЕЛКА ИЗОЛЯЦИИ	100 м2	Покрытие изоляции плоских (криволинейных) поверхностей листовым металлом с заготовкой покрытия
26-01-053-02	26-01-053	Покрытие изоляции плоских (криволинейных) и фасонных поверхностей листовым металлом с заготовкой пок	КАРКАСЫ И ОТДЕЛКА ИЗОЛЯЦИИ	100 м2	Покрытие изоляции фасонных поверхностей листовым металлом с заготовкой покрытия
26-01-054-01	26-01-054	Покрытие поверхности изоляции рулонными материалами	КАРКАСЫ И ОТДЕЛКА ИЗОЛЯЦИИ	100 м2	Обертывание поверхности изоляции рулонными материалами насухо с проклейкой швов
26-01-054-02	26-01-054	Покрытие поверхности изоляции рулонными материалами	КАРКАСЫ И ОТДЕЛКА ИЗОЛЯЦИИ	100 м2	Оклеивание поверхности изоляции: рулонными материалами на битумной мастике
26-01-054-03	26-01-054	Покрытие поверхности изоляции рулонными материалами	КАРКАСЫ И ОТДЕЛКА ИЗОЛЯЦИИ	100 м2	Оклеивание поверхности изоляции: тканями стеклянными, хлопчатобумажными на клее ПВА
26-01-055-01	26-01-055	Установка пароизоляционного слоя из пленки полиэтиленовой	КАРКАСЫ И ОТДЕЛКА ИЗОЛЯЦИИ	100 м2	Установка пароизоляционного слоя из: пленки полиэтиленовой
26-01-055-02	26-01-055	Установка пароизоляционного слоя из пленки полиэтиленовой	КАРКАСЫ И ОТДЕЛКА ИЗОЛЯЦИИ	100 м2	Установка пароизоляционного слоя из: пленки полиэтиленовой (без стекловолокнистых материалов)
26-01-056-01	26-01-056	Оштукатуривание поверхности изоляции трубопроводов хризотилцементным раствором	КАРКАСЫ И ОТДЕЛКА ИЗОЛЯЦИИ	100 м2	Оштукатуривание поверхности изоляции трубопроводов хризотилцементным раствором
26-01-056-02	26-01-056	Оштукатуривание поверхности изоляции трубопроводов хризотилцементным раствором	КАРКАСЫ И ОТДЕЛКА ИЗОЛЯЦИИ	100 м2	Оштукатуривание плоских поверхностей изоляции трубопроводов хризотилцементным раствором
26-01-056-03	26-01-056	Оштукатуривание поверхности изоляции трубопроводов хризотилцементным раствором	КАРКАСЫ И ОТДЕЛКА ИЗОЛЯЦИИ	100 м2	Оштукатуривание поверхности изоляции трубопроводов хризотилцементным раствором: на каждые 5 мм изменения толщины штукатурного слоя добавлять к норме 26-01-056-01
26-01-056-04	26-01-056	Оштукатуривание поверхности изоляции трубопроводов хризотилцементным раствором	КАРКАСЫ И ОТДЕЛКА ИЗОЛЯЦИИ	100 м2	Оштукатуривание плоских поверхностей изоляции хризотилцементным раствором: на каждые 5 мм изменения толщины штукатурного слоя добавлять к норме 26-01-056-02
26-01-057-01	26-01-057	Устройство гидроизоляции подземных и инженерных сооружений	КАРКАСЫ И ОТДЕЛКА ИЗОЛЯЦИИ	100 м2	Устройство гидроизоляции подземных и инженерных сооружений: горизонтальных поверхностей
26-01-057-02	26-01-057	Устройство гидроизоляции подземных и инженерных сооружений	КАРКАСЫ И ОТДЕЛКА ИЗОЛЯЦИИ	100 м2	Устройство гидроизоляции подземных и инженерных сооружений: вертикальных поверхностей, высотой до 3 м
26-01-057-03	26-01-057	Устройство гидроизоляции подземных и инженерных сооружений	КАРКАСЫ И ОТДЕЛКА ИЗОЛЯЦИИ	100 м2	Устройство гидроизоляции подземных и инженерных сооружений: вертикальных поверхностей, высотой более 3 м
26-01-057-04	26-01-057	Устройство гидроизоляции подземных и инженерных сооружений	КАРКАСЫ И ОТДЕЛКА ИЗОЛЯЦИИ	100 м2	Устройство гидроизоляции подземных и инженерных сооружений: горизонтальных поверхностей пластикатом поливинилхлоридным гидроизоляционным
26-01-058-01	26-01-058	Устройство деформационного шва при гидроизоляции подземных и инженерных сооружений	КАРКАСЫ И ОТДЕЛКА ИЗОЛЯЦИИ	100 м	Устройство деформационного шва при гидроизоляции подземных и инженерных сооружений
26-01-059-01	26-01-059	Устройство примыканий при гидроизоляции подземных и инженерных сооружений	КАРКАСЫ И ОТДЕЛКА ИЗОЛЯЦИИ	100 м	Устройство примыканий при гидроизоляции подземных и инженерных сооружений
26-01-060-01	26-01-060	Изоляция по железобетонным полам жидким теплоизоляционным покрытием	КАРКАСЫ И ОТДЕЛКА ИЗОЛЯЦИИ	100 м2	Изоляция по железобетонным полам краскопультами жидким теплоизоляционным покрытием толщиной 1 мм
26-01-060-02	26-01-060	Изоляция по железобетонным полам жидким теплоизоляционным покрытием	КАРКАСЫ И ОТДЕЛКА ИЗОЛЯЦИИ	100 м2	На каждые 0,5 мм изменения толщины покрытия добавлять к норме 26-01-060-01
26-01-061-01	26-01-061	Изоляция по деревянным потолкам жидким теплоизоляционным покрытием	КАРКАСЫ И ОТДЕЛКА ИЗОЛЯЦИИ	100 м2	Изоляция по деревянным потолкам краскопультами жидким теплоизоляционным покрытием толщиной 1 мм
26-01-061-02	26-01-061	Изоляция по деревянным потолкам жидким теплоизоляционным покрытием	КАРКАСЫ И ОТДЕЛКА ИЗОЛЯЦИИ	100 м2	На каждые 0,5 мм изменения толщины покрытия добавлять к норме 26-01-061-01
26-01-062-01	26-01-062	Изоляция по железобетонным потолкам жидким теплоизоляционным покрытием	КАРКАСЫ И ОТДЕЛКА ИЗОЛЯЦИИ	100 м2	Изоляция по железобетонным потолкам краскопультами жидким теплоизоляционным покрытием толщиной 1 мм
26-01-062-02	26-01-062	Изоляция по железобетонным потолкам жидким теплоизоляционным покрытием	КАРКАСЫ И ОТДЕЛКА ИЗОЛЯЦИИ	100 м2	На каждые 0,5 мм изменения толщины покрытия добавлять к норме 26-01-062-01
26-01-063-01	26-01-063	Изоляция внутренних стен по дереву жидким теплоизоляционным покрытием	КАРКАСЫ И ОТДЕЛКА ИЗОЛЯЦИИ	100 м2	Изоляция внутренних стен по дереву краскопультами жидким теплоизоляционным покрытием толщиной 1 мм
26-01-063-02	26-01-063	Изоляция внутренних стен по дереву жидким теплоизоляционным покрытием	КАРКАСЫ И ОТДЕЛКА ИЗОЛЯЦИИ	100 м2	На каждые 0,5 мм изменения толщины покрытия добавлять к норме 26-01-063-01
26-01-064-01	26-01-064	Изоляция внутренних стен по штукатурке жидким теплоизоляционным покрытием толщиной 1 мм	КАРКАСЫ И ОТДЕЛКА ИЗОЛЯЦИИ	100 м2	Изоляция внутренних стен по штукатурке краскопультами жидким теплоизоляционным покрытием толщиной 1 мм
26-01-064-02	26-01-064	Изоляция внутренних стен по штукатурке жидким теплоизоляционным покрытием толщиной 1 мм	КАРКАСЫ И ОТДЕЛКА ИЗОЛЯЦИИ	100 м2	На каждые 0,5 мм изменения толщины покрытия добавлять к норме 26-01-064-01
26-01-065-01	26-01-065	Изоляция арматуры и фланцевых соединений стальных трубопроводов жидким теплоизоляционным покрытием	КАРКАСЫ И ОТДЕЛКА ИЗОЛЯЦИИ	100 шт	Изоляция арматуры и фланцевых соединений стальных трубопроводов жидким теплоизоляционным покрытием толщиной 1 мм, арматура для трубопроводов номинальным диаметром: 25 мм
26-01-065-02	26-01-065	Изоляция арматуры и фланцевых соединений стальных трубопроводов жидким теплоизоляционным покрытием	КАРКАСЫ И ОТДЕЛКА ИЗОЛЯЦИИ	100 шт	Изоляция арматуры и фланцевых соединений стальных трубопроводов жидким теплоизоляционным покрытием толщиной 1 мм, арматура для трубопроводов номинальным диаметром: 32 мм
26-01-065-03	26-01-065	Изоляция арматуры и фланцевых соединений стальных трубопроводов жидким теплоизоляционным покрытием	КАРКАСЫ И ОТДЕЛКА ИЗОЛЯЦИИ	100 шт	Изоляция арматуры и фланцевых соединений стальных трубопроводов жидким теплоизоляционным покрытием толщиной 1 мм, арматура для трубопроводов номинальным диаметром: 50 мм
26-01-065-04	26-01-065	Изоляция арматуры и фланцевых соединений стальных трубопроводов жидким теплоизоляционным покрытием	КАРКАСЫ И ОТДЕЛКА ИЗОЛЯЦИИ	100 шт	Изоляция арматуры и фланцевых соединений стальных трубопроводов жидким теплоизоляционным покрытием толщиной 1 мм, арматура для трубопроводов номинальным диаметром: 80 мм
26-01-065-05	26-01-065	Изоляция арматуры и фланцевых соединений стальных трубопроводов жидким теплоизоляционным покрытием	КАРКАСЫ И ОТДЕЛКА ИЗОЛЯЦИИ	100 шт	Изоляция арматуры и фланцевых соединений стальных трубопроводов жидким теплоизоляционным покрытием толщиной 1 мм, арматура для трубопроводов номинальным диаметром: 100 мм
26-01-065-06	26-01-065	Изоляция арматуры и фланцевых соединений стальных трубопроводов жидким теплоизоляционным покрытием	КАРКАСЫ И ОТДЕЛКА ИЗОЛЯЦИИ	100 шт	Изоляция арматуры и фланцевых соединений стальных трубопроводов жидким теплоизоляционным покрытием толщиной 1 мм, арматура для трубопроводов номинальным диаметром: 150 мм
26-01-065-07	26-01-065	Изоляция арматуры и фланцевых соединений стальных трубопроводов жидким теплоизоляционным покрытием	КАРКАСЫ И ОТДЕЛКА ИЗОЛЯЦИИ	100 шт	Изоляция арматуры и фланцевых соединений стальных трубопроводов жидким теплоизоляционным покрытием толщиной 1 мм, арматура для трубопроводов номинальным диаметром: 200 мм
26-01-065-08	26-01-065	Изоляция арматуры и фланцевых соединений стальных трубопроводов жидким теплоизоляционным покрытием	КАРКАСЫ И ОТДЕЛКА ИЗОЛЯЦИИ	100 шт	Изоляция арматуры и фланцевых соединений стальных трубопроводов жидким теплоизоляционным покрытием толщиной 1 мм, арматура для трубопроводов номинальным диаметром: 250 мм
26-01-065-09	26-01-065	Изоляция арматуры и фланцевых соединений стальных трубопроводов жидким теплоизоляционным покрытием	КАРКАСЫ И ОТДЕЛКА ИЗОЛЯЦИИ	100 шт	Изоляция арматуры и фланцевых соединений стальных трубопроводов жидким теплоизоляционным покрытием толщиной 1 мм, арматура для трубопроводов номинальным диаметром: 300 мм
26-01-065-10	26-01-065	Изоляция арматуры и фланцевых соединений стальных трубопроводов жидким теплоизоляционным покрытием	КАРКАСЫ И ОТДЕЛКА ИЗОЛЯЦИИ	100 шт	Изоляция арматуры и фланцевых соединений стальных трубопроводов жидким теплоизоляционным покрытием толщиной 1 мм, арматура для трубопроводов номинальным диаметром: 350 мм
26-01-065-11	26-01-065	Изоляция арматуры и фланцевых соединений стальных трубопроводов жидким теплоизоляционным покрытием	КАРКАСЫ И ОТДЕЛКА ИЗОЛЯЦИИ	100 шт	Изоляция арматуры и фланцевых соединений стальных трубопроводов жидким теплоизоляционным покрытием толщиной 1 мм, арматура для трубопроводов номинальным диаметром: 400 мм
26-01-065-12	26-01-065	Изоляция арматуры и фланцевых соединений стальных трубопроводов жидким теплоизоляционным покрытием	КАРКАСЫ И ОТДЕЛКА ИЗОЛЯЦИИ	100 шт	Изоляция арматуры и фланцевых соединений стальных трубопроводов жидким теплоизоляционным покрытием толщиной 1 мм, арматура для трубопроводов номинальным диаметром: 450 мм
26-01-065-13	26-01-065	Изоляция арматуры и фланцевых соединений стальных трубопроводов жидким теплоизоляционным покрытием	КАРКАСЫ И ОТДЕЛКА ИЗОЛЯЦИИ	100 шт	Изоляция арматуры и фланцевых соединений стальных трубопроводов жидким теплоизоляционным покрытием толщиной 1 мм, арматура для трубопроводов номинальным диаметром: 500 мм
26-01-065-14	26-01-065	Изоляция арматуры и фланцевых соединений стальных трубопроводов жидким теплоизоляционным покрытием	КАРКАСЫ И ОТДЕЛКА ИЗОЛЯЦИИ	100 шт	Изоляция арматуры и фланцевых соединений стальных трубопроводов жидким теплоизоляционным покрытием толщиной 1 мм, арматура для трубопроводов номинальным диаметром: 600 мм
26-01-065-15	26-01-065	Изоляция арматуры и фланцевых соединений стальных трубопроводов жидким теплоизоляционным покрытием	КАРКАСЫ И ОТДЕЛКА ИЗОЛЯЦИИ	100 шт	Изоляция арматуры и фланцевых соединений стальных трубопроводов жидким теплоизоляционным покрытием толщиной 1 мм, арматура для трубопроводов номинальным диаметром: 800 мм
26-01-065-16	26-01-065	Изоляция арматуры и фланцевых соединений стальных трубопроводов жидким теплоизоляционным покрытием	КАРКАСЫ И ОТДЕЛКА ИЗОЛЯЦИИ	100 шт	На каждые 0,5 мм изменения толщины покрытия добавлять к норме: 26-01-065-01
26-01-065-17	26-01-065	Изоляция арматуры и фланцевых соединений стальных трубопроводов жидким теплоизоляционным покрытием	КАРКАСЫ И ОТДЕЛКА ИЗОЛЯЦИИ	100 шт	На каждые 0,5 мм изменения толщины покрытия добавлять к норме: 26-01-065-02
26-01-065-18	26-01-065	Изоляция арматуры и фланцевых соединений стальных трубопроводов жидким теплоизоляционным покрытием	КАРКАСЫ И ОТДЕЛКА ИЗОЛЯЦИИ	100 шт	На каждые 0,5 мм изменения толщины покрытия добавлять к норме: 26-01-065-03
26-01-065-19	26-01-065	Изоляция арматуры и фланцевых соединений стальных трубопроводов жидким теплоизоляционным покрытием	КАРКАСЫ И ОТДЕЛКА ИЗОЛЯЦИИ	100 шт	На каждые 0,5 мм изменения толщины покрытия добавлять к норме: 26-01-065-04
26-01-065-20	26-01-065	Изоляция арматуры и фланцевых соединений стальных трубопроводов жидким теплоизоляционным покрытием	КАРКАСЫ И ОТДЕЛКА ИЗОЛЯЦИИ	100 шт	На каждые 0,5 мм изменения толщины покрытия добавлять к норме: 26-01-065-05
26-01-065-21	26-01-065	Изоляция арматуры и фланцевых соединений стальных трубопроводов жидким теплоизоляционным покрытием	КАРКАСЫ И ОТДЕЛКА ИЗОЛЯЦИИ	100 шт	На каждые 0,5 мм изменения толщины покрытия добавлять к норме: 26-01-065-06
26-01-065-22	26-01-065	Изоляция арматуры и фланцевых соединений стальных трубопроводов жидким теплоизоляционным покрытием	КАРКАСЫ И ОТДЕЛКА ИЗОЛЯЦИИ	100 шт	На каждые 0,5 мм изменения толщины покрытия добавлять к норме: 26-01-065-07
26-01-065-23	26-01-065	Изоляция арматуры и фланцевых соединений стальных трубопроводов жидким теплоизоляционным покрытием	КАРКАСЫ И ОТДЕЛКА ИЗОЛЯЦИИ	100 шт	На каждые 0,5 мм изменения толщины покрытия добавлять к норме: 26-01-065-08
26-01-065-24	26-01-065	Изоляция арматуры и фланцевых соединений стальных трубопроводов жидким теплоизоляционным покрытием	КАРКАСЫ И ОТДЕЛКА ИЗОЛЯЦИИ	100 шт	На каждые 0,5 мм изменения толщины покрытия добавлять к норме: 26-01-065-09
26-01-065-25	26-01-065	Изоляция арматуры и фланцевых соединений стальных трубопроводов жидким теплоизоляционным покрытием	КАРКАСЫ И ОТДЕЛКА ИЗОЛЯЦИИ	100 шт	На каждые 0,5 мм изменения толщины покрытия добавлять к норме: 26-01-065-10
26-01-065-26	26-01-065	Изоляция арматуры и фланцевых соединений стальных трубопроводов жидким теплоизоляционным покрытием	КАРКАСЫ И ОТДЕЛКА ИЗОЛЯЦИИ	100 шт	На каждые 0,5 мм изменения толщины покрытия добавлять к норме: 26-01-065-11
26-01-065-27	26-01-065	Изоляция арматуры и фланцевых соединений стальных трубопроводов жидким теплоизоляционным покрытием	КАРКАСЫ И ОТДЕЛКА ИЗОЛЯЦИИ	100 шт	На каждые 0,5 мм изменения толщины покрытия добавлять к норме: 26-01-065-12
26-01-065-28	26-01-065	Изоляция арматуры и фланцевых соединений стальных трубопроводов жидким теплоизоляционным покрытием	КАРКАСЫ И ОТДЕЛКА ИЗОЛЯЦИИ	100 шт	На каждые 0,5 мм изменения толщины покрытия добавлять к норме: 26-01-065-13
26-01-065-29	26-01-065	Изоляция арматуры и фланцевых соединений стальных трубопроводов жидким теплоизоляционным покрытием	КАРКАСЫ И ОТДЕЛКА ИЗОЛЯЦИИ	100 шт	На каждые 0,5 мм изменения толщины покрытия добавлять к норме: 26-01-065-14
26-01-065-30	26-01-065	Изоляция арматуры и фланцевых соединений стальных трубопроводов жидким теплоизоляционным покрытием	КАРКАСЫ И ОТДЕЛКА ИЗОЛЯЦИИ	100 шт	На каждые 0,5 мм изменения толщины покрытия добавлять к норме: 26-01-065-15
26-01-066-01	26-01-066	Устройство ветро-гидрозащиты вентилируемого фасада	КАРКАСЫ И ОТДЕЛКА ИЗОЛЯЦИИ	1000 м2	Устройство ветро-гидрозащиты вентилируемого фасада, с лесов
26-01-067-01	26-01-067	Теплоизоляция чердачных перекрытий с использованием экструзионного пенополистирола	КАРКАСЫ И ОТДЕЛКА ИЗОЛЯЦИИ	100 м2	Теплоизоляция чердачных перекрытий с использованием экструзионного пенополистирола, облицованного цементно-стружечной плитой
26-01-067-02	26-01-067	Теплоизоляция чердачных перекрытий с использованием экструзионного пенополистирола	КАРКАСЫ И ОТДЕЛКА ИЗОЛЯЦИИ	100 м	Оклейка мест примыкания плит из пенополистирола к вертикальным поверхностям герметизирующей лентой
26-01-068-01	26-01-068	Защита боковой изоляции стен хризотилцементными листами	КАРКАСЫ И ОТДЕЛКА ИЗОЛЯЦИИ	100 м2	Защита боковой изоляции стен хризотилцементными листами
26-01-069-01	26-01-069	Окраска изолированных поверхностей	КАРКАСЫ И ОТДЕЛКА ИЗОЛЯЦИИ	100 м2	Окраска изолированных поверхностей: лаком
26-01-070-01	26-01-070	Устройство внешнего пароизоляционного слоя надземного трубопровода из термоусаживающейся пленки	КАРКАСЫ И ОТДЕЛКА ИЗОЛЯЦИИ	100 м трубопровода	Устройство внешнего пароизоляционного слоя надземного трубопровода из термоусаживающейся пленки, диаметром: 57 мм
26-01-070-02	26-01-070	Устройство внешнего пароизоляционного слоя надземного трубопровода из термоусаживающейся пленки	КАРКАСЫ И ОТДЕЛКА ИЗОЛЯЦИИ	100 м трубопровода	Устройство внешнего пароизоляционного слоя надземного трубопровода из термоусаживающейся пленки, диаметром: 76 мм
26-01-070-03	26-01-070	Устройство внешнего пароизоляционного слоя надземного трубопровода из термоусаживающейся пленки	КАРКАСЫ И ОТДЕЛКА ИЗОЛЯЦИИ	100 м трубопровода	Устройство внешнего пароизоляционного слоя надземного трубопровода из термоусаживающейся пленки, диаметром: 89 мм
26-01-070-04	26-01-070	Устройство внешнего пароизоляционного слоя надземного трубопровода из термоусаживающейся пленки	КАРКАСЫ И ОТДЕЛКА ИЗОЛЯЦИИ	100 м трубопровода	Устройство внешнего пароизоляционного слоя надземного трубопровода из термоусаживающейся пленки, диаметром: 108 мм
26-01-070-05	26-01-070	Устройство внешнего пароизоляционного слоя надземного трубопровода из термоусаживающейся пленки	КАРКАСЫ И ОТДЕЛКА ИЗОЛЯЦИИ	100 м трубопровода	Устройство внешнего пароизоляционного слоя надземного трубопровода из термоусаживающейся пленки, диаметром: 133 мм
26-01-070-06	26-01-070	Устройство внешнего пароизоляционного слоя надземного трубопровода из термоусаживающейся пленки	КАРКАСЫ И ОТДЕЛКА ИЗОЛЯЦИИ	100 м трубопровода	Устройство внешнего пароизоляционного слоя надземного трубопровода из термоусаживающейся пленки, диаметром: 159 мм
26-01-070-07	26-01-070	Устройство внешнего пароизоляционного слоя надземного трубопровода из термоусаживающейся пленки	КАРКАСЫ И ОТДЕЛКА ИЗОЛЯЦИИ	100 м трубопровода	Устройство внешнего пароизоляционного слоя надземного трубопровода из термоусаживающейся пленки, диаметром: 219 мм
26-01-070-08	26-01-070	Устройство внешнего пароизоляционного слоя надземного трубопровода из термоусаживающейся пленки	КАРКАСЫ И ОТДЕЛКА ИЗОЛЯЦИИ	100 м трубопровода	Устройство внешнего пароизоляционного слоя надземного трубопровода из термоусаживающейся пленки, диаметром: 273 мм
26-01-070-09	26-01-070	Устройство внешнего пароизоляционного слоя надземного трубопровода из термоусаживающейся пленки	КАРКАСЫ И ОТДЕЛКА ИЗОЛЯЦИИ	100 м трубопровода	Устройство внешнего пароизоляционного слоя надземного трубопровода из термоусаживающейся пленки, диаметром: 325 мм
26-01-070-10	26-01-070	Устройство внешнего пароизоляционного слоя надземного трубопровода из термоусаживающейся пленки	КАРКАСЫ И ОТДЕЛКА ИЗОЛЯЦИИ	100 м трубопровода	Устройство внешнего пароизоляционного слоя надземного трубопровода из термоусаживающейся пленки, диаметром: 426 мм
26-02-001-01	26-02-001	Огнезащитное покрытие металлоконструкций краской с подготовкой поверхности	ОГНЕЗАЩИТА МЕТАЛЛОКОНСТРУКЦИЙ	100 м2	Огнезащитное покрытие металлоконструкций краской с подготовкой поверхности с пределом огнестойкости: 0,5 часа
26-02-001-02	26-02-001	Огнезащитное покрытие металлоконструкций краской с подготовкой поверхности	ОГНЕЗАЩИТА МЕТАЛЛОКОНСТРУКЦИЙ	100 м2	Огнезащитное покрытие металлоконструкций краской с подготовкой поверхности с пределом огнестойкости: 0,75 часа
26-02-001-03	26-02-001	Огнезащитное покрытие металлоконструкций краской с подготовкой поверхности	ОГНЕЗАЩИТА МЕТАЛЛОКОНСТРУКЦИЙ	100 м2	Огнезащитное покрытие металлоконструкций краской с подготовкой поверхности с пределом огнестойкости: 1 час
26-02-002-01	26-02-002	Огнезащитное покрытие металлоконструкций пастовыми составами толщиной покрытия от 5 мм	ОГНЕЗАЩИТА МЕТАЛЛОКОНСТРУКЦИЙ	100 м2	Огнезащитное покрытие металлоконструкций пастовыми составами толщиной покрытия от 5 мм с пределом огнестойкости: 0,5 часа
26-02-002-02	26-02-002	Огнезащитное покрытие металлоконструкций пастовыми составами толщиной покрытия от 5 мм	ОГНЕЗАЩИТА МЕТАЛЛОКОНСТРУКЦИЙ	100 м2	Огнезащитное покрытие металлоконструкций пастовыми составами толщиной покрытия от 5 мм с пределом огнестойкости: 0,75 часа
26-02-002-03	26-02-002	Огнезащитное покрытие металлоконструкций пастовыми составами толщиной покрытия от 5 мм	ОГНЕЗАЩИТА МЕТАЛЛОКОНСТРУКЦИЙ	100 м2	Огнезащитное покрытие металлоконструкций пастовыми составами толщиной покрытия от 5 мм с пределом огнестойкости: 1,0 часа
26-02-003-01	26-02-003	Огнезащитное покрытие металлоконструкций составом на основе минераловатных волокон методом сухого то	ОГНЕЗАЩИТА МЕТАЛЛОКОНСТРУКЦИЙ	100 м2	Огнезащитное покрытие металлоконструкций составом на основе минераловатных волокон методом сухого торкретирования с пределом огнестойкости: 0,75 часа
26-02-003-02	26-02-003	Огнезащитное покрытие металлоконструкций составом на основе минераловатных волокон методом сухого то	ОГНЕЗАЩИТА МЕТАЛЛОКОНСТРУКЦИЙ	100 м2	Огнезащитное покрытие металлоконструкций составом на основе минераловатных волокон методом сухого торкретирования с пределом огнестойкости: 1 час
26-02-003-03	26-02-003	Огнезащитное покрытие металлоконструкций составом на основе минераловатных волокон методом сухого то	ОГНЕЗАЩИТА МЕТАЛЛОКОНСТРУКЦИЙ	100 м2	Огнезащитное покрытие металлоконструкций составом на основе минераловатных волокон методом сухого торкретирования с пределом огнестойкости: 1,5 часа
26-02-003-04	26-02-003	Огнезащитное покрытие металлоконструкций составом на основе минераловатных волокон методом сухого то	ОГНЕЗАЩИТА МЕТАЛЛОКОНСТРУКЦИЙ	100 м2	Огнезащитное покрытие металлоконструкций составом на основе минераловатных волокон методом сухого торкретирования с пределом огнестойкости: 2 часа
26-02-003-05	26-02-003	Огнезащитное покрытие металлоконструкций составом на основе минераловатных волокон методом сухого то	ОГНЕЗАЩИТА МЕТАЛЛОКОНСТРУКЦИЙ	100 м2	Огнезащитное покрытие металлоконструкций составом на основе минераловатных волокон методом сухого торкретирования с пределом огнестойкости: 2,5 часа
26-02-005-01	26-02-005	Огнезащитное покрытие воздуховодов составом на основе минеральных волокон методом торкретирования	ОГНЕЗАЩИТА МЕТАЛЛОКОНСТРУКЦИЙ	100 м2	Огнезащитное покрытие воздуховодов составом на основе минеральных волокон методом торкретирования с пределом огнестойкости: 1,0 час
26-02-005-02	26-02-005	Огнезащитное покрытие воздуховодов составом на основе минеральных волокон методом торкретирования	ОГНЕЗАЩИТА МЕТАЛЛОКОНСТРУКЦИЙ	100 м2	Огнезащитное покрытие воздуховодов составом на основе минеральных волокон методом торкретирования с пределом огнестойкости: 1,5 часа
26-02-005-03	26-02-005	Огнезащитное покрытие воздуховодов составом на основе минеральных волокон методом торкретирования	ОГНЕЗАЩИТА МЕТАЛЛОКОНСТРУКЦИЙ	100 м2	Огнезащитное покрытие воздуховодов составом на основе минеральных волокон методом торкретирования с пределом огнестойкости: 2,0 часа
26-02-005-04	26-02-005	Огнезащитное покрытие воздуховодов составом на основе минеральных волокон методом торкретирования	ОГНЕЗАЩИТА МЕТАЛЛОКОНСТРУКЦИЙ	100 м2	Огнезащитное покрытие воздуховодов составом на основе минеральных волокон методом торкретирования с пределом огнестойкости: 2,5 часа
26-02-005-05	26-02-005	Огнезащитное покрытие воздуховодов составом на основе минеральных волокон методом торкретирования	ОГНЕЗАЩИТА МЕТАЛЛОКОНСТРУКЦИЙ	100 м2	Огнезащитное покрытие воздуховодов составом на основе минеральных волокон методом торкретирования с пределом огнестойкости: 3,0 часа
26-02-006-01	26-02-006	Огнезащитное покрытие металлоконструкций комплексной огнезащитой на основе плит теплоизоляционных	ОГНЕЗАЩИТА МЕТАЛЛОКОНСТРУКЦИЙ	100 м2	Огнезащитное покрытие металлоконструкций комплексной огнезащитой на основе плит теплоизоляционных с пределом огнестойкости: 2,0 часа
26-02-006-02	26-02-006	Огнезащитное покрытие металлоконструкций комплексной огнезащитой на основе плит теплоизоляционных	ОГНЕЗАЩИТА МЕТАЛЛОКОНСТРУКЦИЙ	100 м2	Огнезащитное покрытие металлоконструкций комплексной огнезащитой на основе плит теплоизоляционных с пределом огнестойкости: 2,5 часа
26-02-007-01	26-02-007	Огнезащитное покрытие воздуховодов комплексной огнезащитой на основе плит теплоизоляционных	ОГНЕЗАЩИТА МЕТАЛЛОКОНСТРУКЦИЙ	100 м2	Огнезащитное покрытие воздуховодов комплексной огнезащитой на основе плит теплоизоляционных с пределом огнестойкости: 2,0 часа
26-02-007-02	26-02-007	Огнезащитное покрытие воздуховодов комплексной огнезащитой на основе плит теплоизоляционных	ОГНЕЗАЩИТА МЕТАЛЛОКОНСТРУКЦИЙ	100 м2	Огнезащитное покрытие воздуховодов комплексной огнезащитой на основе плит теплоизоляционных с пределом огнестойкости: 2,5 часа
26-02-008-01	26-02-008	Огнезащитное покрытие воздуховодов пастовым составом	ОГНЕЗАЩИТА МЕТАЛЛОКОНСТРУКЦИЙ	100 м2	Огнезащитное покрытие воздуховодов пастовым составом с пределом огнестойкости: 0,5 часа, толщиной покрытия 4 мм
26-02-008-02	26-02-008	Огнезащитное покрытие воздуховодов пастовым составом	ОГНЕЗАЩИТА МЕТАЛЛОКОНСТРУКЦИЙ	100 м2	Огнезащитное покрытие воздуховодов пастовым составом с пределом огнестойкости: 0,75 часа, толщиной покрытия 5 мм
26-02-008-03	26-02-008	Огнезащитное покрытие воздуховодов пастовым составом	ОГНЕЗАЩИТА МЕТАЛЛОКОНСТРУКЦИЙ	100 м2	Огнезащитное покрытие воздуховодов пастовым составом с пределом огнестойкости: 1,0 час, толщиной покрытия 6 мм
26-02-008-04	26-02-008	Огнезащитное покрытие воздуховодов пастовым составом	ОГНЕЗАЩИТА МЕТАЛЛОКОНСТРУКЦИЙ	100 м2	Огнезащитное покрытие воздуховодов пастовым составом с пределом огнестойкости: 1,5 часа, толщиной покрытия 8 мм
26-02-009-01	26-02-009	Огнезащитное покрытие металлоконструкций пастовыми составами толщиной покрытия до 5 мм	ОГНЕЗАЩИТА МЕТАЛЛОКОНСТРУКЦИЙ	100 м2	Огнезащитное покрытие металлоконструкций пастовыми составами толщиной покрытия до 5 мм
26-02-010-01	26-02-010	Подготовка поверхности металлических конструкций к нанесению огнезащитного покрытия	ОГНЕЗАЩИТА МЕТАЛЛОКОНСТРУКЦИЙ	100 м2	Очистка поверхности металлических конструкций от лакокрасочных покрытий с применением смывки (протравочного состава)
26-02-010-02	26-02-010	Подготовка поверхности металлических конструкций к нанесению огнезащитного покрытия	ОГНЕЗАЩИТА МЕТАЛЛОКОНСТРУКЦИЙ	м2	Очистка и огрунтовка поверхности металлических конструкций перед нанесением огнезащитного покрытия
26-02-011-01	26-02-011	Огнезащитное покрытие металлоконструкций краской по подготовленной поверхности	ОГНЕЗАЩИТА МЕТАЛЛОКОНСТРУКЦИЙ	100 м2	Огнезащитное покрытие металлоконструкций краской по подготовленной поверхности,: толщина покрытия 1 мм
26-02-011-02	26-02-011	Огнезащитное покрытие металлоконструкций краской по подготовленной поверхности	ОГНЕЗАЩИТА МЕТАЛЛОКОНСТРУКЦИЙ	100 м2	Огнезащитное покрытие металлоконструкций краской по подготовленной поверхности,: при изменении толщины покрытия на 0,3 мм
26-02-012-01	26-02-012	Огнезащитное покрытие металлических колонн эстакад межцеховых коммуникаций кирпичом	ОГНЕЗАЩИТА МЕТАЛЛОКОНСТРУКЦИЙ	10 м2	Огнезащитное покрытие металлических колонн эстакад межцеховых коммуникаций кирпичом, сечение колонны: 300х300 мм
26-02-012-02	26-02-012	Огнезащитное покрытие металлических колонн эстакад межцеховых коммуникаций кирпичом	ОГНЕЗАЩИТА МЕТАЛЛОКОНСТРУКЦИЙ	10 м2	Огнезащитное покрытие металлических колонн эстакад межцеховых коммуникаций кирпичом, сечение колонны: 350х350 мм
26-02-012-03	26-02-012	Огнезащитное покрытие металлических колонн эстакад межцеховых коммуникаций кирпичом	ОГНЕЗАЩИТА МЕТАЛЛОКОНСТРУКЦИЙ	10 м2	Огнезащитное покрытие металлических колонн эстакад межцеховых коммуникаций кирпичом, сечение колонны: 600х600 мм
26-02-050-01	26-02-050	Огнезащитное покрытие металлоконструкций штукатурным составом	ОГНЕЗАЩИТА МЕТАЛЛОКОНСТРУКЦИЙ	100 м2	Огнезащитное покрытие металлоконструкций штукатурным составом толщиной покрытия 5 мм
26-02-050-02	26-02-050	Огнезащитное покрытие металлоконструкций штукатурным составом	ОГНЕЗАЩИТА МЕТАЛЛОКОНСТРУКЦИЙ	100 м2	При изменении толщины покрытия на 1 мм добавлять или исключать к норме 26-02-050-01
26-02-051-01	26-02-051	Огнезащитное покрытие металлоконструкций на основе рулонного базальтового материала	ОГНЕЗАЩИТА МЕТАЛЛОКОНСТРУКЦИЙ	100 м2	Огнезащитное покрытие металлоконструкций с приведенной толщиной металла не менее 3,4 мм на основе рулонного базальтового материала с пределом огнестойкости: 0,75 часа
26-02-051-02	26-02-051	Огнезащитное покрытие металлоконструкций на основе рулонного базальтового материала	ОГНЕЗАЩИТА МЕТАЛЛОКОНСТРУКЦИЙ	100 м2	Огнезащитное покрытие металлоконструкций с приведенной толщиной металла не менее 3,4 мм на основе рулонного базальтового материала с пределом огнестойкости: 1 час
26-02-051-03	26-02-051	Огнезащитное покрытие металлоконструкций на основе рулонного базальтового материала	ОГНЕЗАЩИТА МЕТАЛЛОКОНСТРУКЦИЙ	100 м2	Огнезащитное покрытие металлоконструкций с приведенной толщиной металла не менее 3,4 мм на основе рулонного базальтового материала с пределом огнестойкости: 1,5 часа
26-02-051-04	26-02-051	Огнезащитное покрытие металлоконструкций на основе рулонного базальтового материала	ОГНЕЗАЩИТА МЕТАЛЛОКОНСТРУКЦИЙ	100 м2	Огнезащитное покрытие металлоконструкций с приведенной толщиной металла не менее 3,4 мм на основе рулонного базальтового материала с пределом огнестойкости: 2,5 часа
26-02-051-05	26-02-051	Огнезащитное покрытие металлоконструкций на основе рулонного базальтового материала	ОГНЕЗАЩИТА МЕТАЛЛОКОНСТРУКЦИЙ	100 м2	Огнезащитное покрытие металлоконструкций с приведенной толщиной металла не менее 2,4 мм на основе рулонного базальтового материала с пределом огнестойкости: 0,75 часа
26-02-051-06	26-02-051	Огнезащитное покрытие металлоконструкций на основе рулонного базальтового материала	ОГНЕЗАЩИТА МЕТАЛЛОКОНСТРУКЦИЙ	100 м2	Огнезащитное покрытие металлоконструкций с приведенной толщиной металла не менее 2,4 мм на основе рулонного базальтового материала с пределом огнестойкости: 1,5 часа
26-02-052-01	26-02-052	Огнезащитное покрытие воздуховодов на основе рулонного базальтового материала	ОГНЕЗАЩИТА МЕТАЛЛОКОНСТРУКЦИЙ	100 м2	Огнезащитное покрытие воздуховодов на основе рулонного базальтового материала с пределом огнестойкости: 0,5 часа
26-02-052-02	26-02-052	Огнезащитное покрытие воздуховодов на основе рулонного базальтового материала	ОГНЕЗАЩИТА МЕТАЛЛОКОНСТРУКЦИЙ	100 м2	Огнезащитное покрытие воздуховодов на основе рулонного базальтового материала с пределом огнестойкости: 1 час
26-02-052-03	26-02-052	Огнезащитное покрытие воздуховодов на основе рулонного базальтового материала	ОГНЕЗАЩИТА МЕТАЛЛОКОНСТРУКЦИЙ	100 м2	Огнезащитное покрытие воздуховодов на основе рулонного базальтового материала с пределом огнестойкости: 1,5 часа
26-02-052-04	26-02-052	Огнезащитное покрытие воздуховодов на основе рулонного базальтового материала	ОГНЕЗАЩИТА МЕТАЛЛОКОНСТРУКЦИЙ	100 м2	Огнезащитное покрытие воздуховодов на основе рулонного базальтового материала с пределом огнестойкости: 2,5 часа
26-02-013-01	26-02-013	Огнезащитное покрытие деревянных конструкций пастовыми составами	ОГНЕЗАЩИТА ДЕРЕВЯННЫХ КОНСТРУКЦИЙ	100 м2	Огнезащитное покрытие деревянных конструкций пастовыми составами
26-02-014-01	26-02-014	Огнезащитное покрытие деревянных конструкций составами из сухих смесей	ОГНЕЗАЩИТА ДЕРЕВЯННЫХ КОНСТРУКЦИЙ	100 м2	Огнезащитное покрытие деревянных конструкций составами из сухих смесей для обеспечения первой группы огнезащитной эффективности по НПБ 251
26-02-015-01	26-02-015	Огнезащитное покрытие деревянных конструкций краской	ОГНЕЗАЩИТА ДЕРЕВЯННЫХ КОНСТРУКЦИЙ	100 м2	Огнезащитное покрытие деревянных конструкций краской: стен
26-02-015-02	26-02-015	Огнезащитное покрытие деревянных конструкций краской	ОГНЕЗАЩИТА ДЕРЕВЯННЫХ КОНСТРУКЦИЙ	100 м2	Огнезащитное покрытие деревянных конструкций краской: потолков
26-02-016-01	26-02-016	Огнезащитное покрытие деревянных конструкций огнезащитным лаком с учетом повышенных требований к отд	ОГНЕЗАЩИТА ДЕРЕВЯННЫХ КОНСТРУКЦИЙ	100 м2	Огнезащитное покрытие деревянных конструкций огнезащитным лаком с учетом повышенных требований к отделке
26-02-018-01	26-02-018	Огнебиозащитное покрытие деревянных поверхностей готовыми составами	ОГНЕЗАЩИТА ДЕРЕВЯННЫХ КОНСТРУКЦИЙ	100 м2	Огнебиозащитное покрытие деревянных поверхностей готовыми составами для обеспечения: первой группы огнезащитной эффективности по НПБ 251
26-02-018-02	26-02-018	Огнебиозащитное покрытие деревянных поверхностей готовыми составами	ОГНЕЗАЩИТА ДЕРЕВЯННЫХ КОНСТРУКЦИЙ	100 м2	Огнебиозащитное покрытие деревянных поверхностей готовыми составами для обеспечения: второй группы огнезащитной эффективности по НПБ 251
26-02-018-03	26-02-018	Огнебиозащитное покрытие деревянных поверхностей готовыми составами	ОГНЕЗАЩИТА ДЕРЕВЯННЫХ КОНСТРУКЦИЙ	100 м2	Огнебиозащитное покрытие деревянных поверхностей готовыми составами для обеспечения: показателей пожарной опасности древесины Г1, РП1, В1, Д2, Т2, по НПБ 244 и для получения трудно
26-02-019-01	26-02-019	Огнезащитное покрытие деревянных поверхностей	ОГНЕЗАЩИТА ДЕРЕВЯННЫХ КОНСТРУКЦИЙ	100 м2	Огнезащитное покрытие деревянных поверхностей составом для обеспечения: первой группы огнезащитной эффективности по НПБ 251
26-02-019-02	26-02-019	Огнезащитное покрытие деревянных поверхностей	ОГНЕЗАЩИТА ДЕРЕВЯННЫХ КОНСТРУКЦИЙ	100 м2	Огнезащитное покрытие деревянных поверхностей составом для обеспечения: второй группы огнезащитной эффективности по НПБ 251
26-02-020-01	26-02-020	Огнезащитное покрытие деревянных конструкций лаком	ОГНЕЗАЩИТА ДЕРЕВЯННЫХ КОНСТРУКЦИЙ	100 м2	Огнезащитное покрытие деревянных конструкций лаком валиком в 2 слоя: для обеспечения 1 группы огнезащитной эффективности по НПБ 251 при обработке древесины и для обеспечения показа
26-02-020-02	26-02-020	Огнезащитное покрытие деревянных конструкций лаком	ОГНЕЗАЩИТА ДЕРЕВЯННЫХ КОНСТРУКЦИЙ	100 м2	Огнезащитное покрытие деревянных конструкций лаком валиком в 2 слоя: для обеспечения показателей пожарной опасности Г1, В1, РП1, Д2, Т2, панелей декоративных ДСП (шлифованных)
26-02-021-01	26-02-021	Огнезащита деревянных конструкций	ОГНЕЗАЩИТА ДЕРЕВЯННЫХ КОНСТРУКЦИЙ	10 м3	Огнезащита деревянных конструкций: ферм, арок, балок, стропил, мауэрлатов
26-02-021-02	26-02-021	Огнезащита деревянных конструкций	ОГНЕЗАЩИТА ДЕРЕВЯННЫХ КОНСТРУКЦИЙ	10 м3	Огнезащита деревянных конструкций: каркасов, эстакад
26-02-021-03	26-02-021	Огнезащита деревянных конструкций	ОГНЕЗАЩИТА ДЕРЕВЯННЫХ КОНСТРУКЦИЙ	1000 м2	Огнезащита обрешетки под кровлю, покрытия и настилы по фермам
26-02-022-01	26-02-022	Огнезащитное покрытие толщиной слоя 1 мм кабелей, проводов и лотков	ОГНЕЗАЩИТА КАБЕЛЕЙ И КАБЕЛЬНЫХ ПРОХОДОК	100 м2	Огнезащитное покрытие толщиной слоя 1 мм кабелей и проводов
26-02-022-02	26-02-022	Огнезащитное покрытие толщиной слоя 1 мм кабелей, проводов и лотков	ОГНЕЗАЩИТА КАБЕЛЕЙ И КАБЕЛЬНЫХ ПРОХОДОК	100 м2	Огнезащитное покрытие кабелей и лотков вручную толщиной слоя 1 мм абляционным кабельным покрытием с подтвержденной огнезащитной эффективностью и стойкостью к дезактивации
26-02-023-01	26-02-023	Огнезащитное уплотнение пустот кабельных проходок пастовым составом	ОГНЕЗАЩИТА КАБЕЛЕЙ И КАБЕЛЬНЫХ ПРОХОДОК	м3	Огнезащитное уплотнение пустот кабельных проходок пастовым составом
26-02-024-01	26-02-024	Устройство огнепреградительных поясов и уплотнение кабельных заделок подушками противопожарными упло	ОГНЕЗАЩИТА КАБЕЛЕЙ И КАБЕЛЬНЫХ ПРОХОДОК	м3	Устройство огнепреградительных поясов и уплотнение кабельных заделок подушками противопожарными уплотнительными
26-02-025-01	26-02-025	Огнезащитное покрытие толщиной слоя 0,8 мм кабелей и проводов	ОГНЕЗАЩИТА КАБЕЛЕЙ И КАБЕЛЬНЫХ ПРОХОДОК	100 м2	Огнезащитное покрытие толщиной слоя 0,8 мм кабелей и проводов диаметром: до 50 мм
26-02-025-02	26-02-025	Огнезащитное покрытие толщиной слоя 0,8 мм кабелей и проводов	ОГНЕЗАЩИТА КАБЕЛЕЙ И КАБЕЛЬНЫХ ПРОХОДОК	100 м2	Огнезащитное покрытие толщиной слоя 0,8 мм кабелей и проводов диаметром: более 50 мм
26-02-026-01	26-02-026	Заделка кабельных проходок	ОГНЕЗАЩИТА КАБЕЛЕЙ И КАБЕЛЬНЫХ ПРОХОДОК	м3	Заделка кабельных проходок двухкомпонентным силиконовым герметиком высокой плотности, предел огнестойкости до 180 минут
26-02-026-02	26-02-026	Заделка кабельных проходок	ОГНЕЗАЩИТА КАБЕЛЕЙ И КАБЕЛЬНЫХ ПРОХОДОК	м3	Заделка модульных кабельных проходок противопожарными терморасширяющимися блоками, предел огнестойкости до 180 минут
26-02-026-03	26-02-026	Заделка кабельных проходок	ОГНЕЗАЩИТА КАБЕЛЕЙ И КАБЕЛЬНЫХ ПРОХОДОК	м3	Дезактивируемая заделка модульных кабельных проходок двухкомпонентной терморасширяющейся противопожарной пеной, муллитокремнеземистым рулонным материалом и огнезащитным абляционным
26-02-026-04	26-02-026	Заделка кабельных проходок	ОГНЕЗАЩИТА КАБЕЛЕЙ И КАБЕЛЬНЫХ ПРОХОДОК	м3	Заделка кабельных проходок минеральной ватой, противопожарным эластичным покрытием и противопожарным акриловым герметиком, предел огнестойкости до 180 минут
26-02-026-05	26-02-026	Заделка кабельных проходок	ОГНЕЗАЩИТА КАБЕЛЕЙ И КАБЕЛЬНЫХ ПРОХОДОК	м2	Устройство системы «Стоп-огонь» кабельных и трубных проходок
26-02-026-06	26-02-026	Заделка кабельных проходок	ОГНЕЗАЩИТА КАБЕЛЕЙ И КАБЕЛЬНЫХ ПРОХОДОК	100 шт	На каждый дополнительный кабель добавлять или исключать к норме 26-02-026-05
26-02-026-07	26-02-026	Заделка кабельных проходок	ОГНЕЗАЩИТА КАБЕЛЕЙ И КАБЕЛЬНЫХ ПРОХОДОК	100 шт	На каждую дополнительную трубку-заполнитель добавлять или исключать к норме 26-02-026-05
26-02-026-08	26-02-026	Заделка кабельных проходок	ОГНЕЗАЩИТА КАБЕЛЕЙ И КАБЕЛЬНЫХ ПРОХОДОК	м3	Заделка кабельных проходок противопожарным раствором на цементном связующем, предел огнестойкости до 180 минут: в стене
26-02-026-09	26-02-026	Заделка кабельных проходок	ОГНЕЗАЩИТА КАБЕЛЕЙ И КАБЕЛЬНЫХ ПРОХОДОК	м3	Заделка кабельных проходок противопожарным раствором на цементном связующем, предел огнестойкости до 180 минут: в перекрытии
26-02-026-10	26-02-026	Заделка кабельных проходок	ОГНЕЗАЩИТА КАБЕЛЕЙ И КАБЕЛЬНЫХ ПРОХОДОК	м3	Заделка кабельных проходок огнестойкими плитами, предел огнестойкости до 180 минут: в стене
26-02-026-11	26-02-026	Заделка кабельных проходок	ОГНЕЗАЩИТА КАБЕЛЕЙ И КАБЕЛЬНЫХ ПРОХОДОК	м3	Заделка кабельных проходок огнестойкими плитами, предел огнестойкости до 180 минут: в перекрытии
26-02-027-01	26-02-027	Устройство огнезащиты кабельных линий	ОГНЕЗАЩИТА КАБЕЛЕЙ И КАБЕЛЬНЫХ ПРОХОДОК	100 м2	Устройство огнезащиты кабельных линий с применением минеральной ваты и огнезащитного абляционного покрытия
26-02-027-02	26-02-027	Устройство огнезащиты кабельных линий	ОГНЕЗАЩИТА КАБЕЛЕЙ И КАБЕЛЬНЫХ ПРОХОДОК	100 м2	Устройство огнезащиты кабельных линий с применением муллитокремнеземистого рулонного материала, высокоэластичной водонепроницаемой тканевой оболочки и противопожарного силиконового
26-02-028-01	26-02-028	Огнезащитное покрытие кабелей и проводов	ОГНЕЗАЩИТА КАБЕЛЕЙ И КАБЕЛЬНЫХ ПРОХОДОК	100 м2	Огнезащитное покрытие кабелей и проводов: терморасширяющимися составами
26-02-028-02	26-02-028	Огнезащитное покрытие кабелей и проводов	ОГНЕЗАЩИТА КАБЕЛЕЙ И КАБЕЛЬНЫХ ПРОХОДОК	100 м2	Огнезащитное покрытие кабелей и проводов: проложенных в коллекторах, вспучивающейся мастикой
26-02-029-01	26-02-029	Огнезащитное покрытие бетонных и железобетонных поверхностей составом на основе минерального вяжущег	ОГНЕЗАЩИТА ПРОЧИХ КОНСТРУКЦИЙ	100 м2	Огнезащитное покрытие бетонных и железобетонных поверхностей составом на основе минерального вяжущего методом торкретирования толщиной покрытия 10 мм
26-02-029-02	26-02-029	Огнезащитное покрытие бетонных и железобетонных поверхностей составом на основе минерального вяжущег	ОГНЕЗАЩИТА ПРОЧИХ КОНСТРУКЦИЙ	100 м2	При изменении толщины покрытия на 5 мм добавлять к норме 26-02-029-01
26-02-029-03	26-02-029	Огнезащитное покрытие бетонных и железобетонных поверхностей составом на основе минерального вяжущег	ОГНЕЗАЩИТА ПРОЧИХ КОНСТРУКЦИЙ	100 м2	Огнезащитное покрытие бетонных и железобетонных поверхностей составом на основе минерального вяжущего методом оштукатуривания толщиной покрытия 10 мм
26-02-029-04	26-02-029	Огнезащитное покрытие бетонных и железобетонных поверхностей составом на основе минерального вяжущег	ОГНЕЗАЩИТА ПРОЧИХ КОНСТРУКЦИЙ	100 м2	При изменении толщины огнезащитного покрытия на 5 мм добавлять к норме 26-02-029-03
26-02-029-05	26-02-029	Огнезащитное покрытие бетонных и железобетонных поверхностей составом на основе минерального вяжущег	ОГНЕЗАЩИТА ПРОЧИХ КОНСТРУКЦИЙ	100 м2	Армирование поверхностей бетонных и железобетонных конструкций при толщине огнезащитного покрытия свыше 10 мм
26-02-030-01	26-02-030	Огнезащитное уплотнение пустот конструкций междуэтажных перекрытий, перегородок пастовым составом	ОГНЕЗАЩИТА ПРОЧИХ КОНСТРУКЦИЙ	м3	Огнезащитное уплотнение пустот конструкций междуэтажных перекрытий, перегородок пастовым составом
26-02-031-01	26-02-031	Огнезащитное покрытие газоотводящих стволов выхлопных труб и газоходов из стеклопластика	ОГНЕЗАЩИТА ПРОЧИХ КОНСТРУКЦИЙ	100 м2	Огнезащитное покрытие газоотводящих стволов выхлопных труб и газоходов из стеклопластика
26-02-032-01	26-02-032	Устройство огнезащиты стеклянных поверхностей пленкой огнезащитной	ОГНЕЗАЩИТА ПРОЧИХ КОНСТРУКЦИЙ	м2	Устройство огнезащиты стеклянных поверхностей пленкой огнезащитной
26-02-033-01	26-02-033	Огнезащитное покрытие тканых и текстильных изделий	ОГНЕЗАЩИТА ПРОЧИХ КОНСТРУКЦИЙ	100 м2	Огнезащитное покрытие тканых и текстильных изделий
26-02-034-01	26-02-034	Огнезащитная пропитка текстильных материалов хлопчатобумажных, льняных и шелковых тканей с содержани	ОГНЕЗАЩИТА ПРОЧИХ КОНСТРУКЦИЙ	100 м2	Огнезащитная пропитка текстильных материалов хлопчатобумажных, льняных и шелковых тканей с содержанием синтетики до 10%
26-02-035-01	26-02-035	Огнезащитная пропитка смесовых тканей, содержащих волокна из хлопка, льна, вискозы и полиэстера (сод	ОГНЕЗАЩИТА ПРОЧИХ КОНСТРУКЦИЙ	100 м2	Огнезащитная пропитка смесовых тканей, содержащих волокна из хлопка, льна, вискозы и полиэстера (содержание синтетики до 70%)
26-02-036-01	26-02-036	Огнезащитная пропитка шерстяных и полушерстяных тканей с содержанием синтетики до 60%	ОГНЕЗАЩИТА ПРОЧИХ КОНСТРУКЦИЙ	100 м2	Огнезащитная пропитка шерстяных и полушерстяных тканей с содержанием синтетики до 60%
26-02-037-01	26-02-037	Огнезащитная пропитка ковровых покрытий	ОГНЕЗАЩИТА ПРОЧИХ КОНСТРУКЦИЙ	100 м2	Огнезащитная пропитка ковровых покрытий
26-02-038-01	26-02-038	Заделка проходок стальных труб	ОГНЕЗАЩИТА ПРОЧИХ КОНСТРУКЦИЙ	м3	Заделка проходок стальных труб диаметром свыше 32 до 108 мм минеральной ватой и противопожарным силиконовым герметиком, предел огнестойкости до 240 минут
26-02-038-02	26-02-038	Заделка проходок стальных труб	ОГНЕЗАЩИТА ПРОЧИХ КОНСТРУКЦИЙ	100 м	Заделка высокоподвижных проходок стальных труб противопожарным силиконовым герметиком и водонепроницаемой тканевой оболочкой, предел огнестойкости до 150 минут
26-02-039-01	26-02-039	Огнезащитная заделка деформационных швов	ОГНЕЗАЩИТА ПРОЧИХ КОНСТРУКЦИЙ	м3	Заделка деформационных швов минеральным матом и противопожарным силиконовым герметиком, предел огнестойкости до 180 минут
26-02-040-01	26-02-040	Заделка проходок воздуховодов	ОГНЕЗАЩИТА ПРОЧИХ КОНСТРУКЦИЙ	м2	Заделка проходок воздуховодов минеральной ватой, противопожарным эластичным покрытием и противопожарным силиконовым герметиком, предел огнестойкости до 180 минут
26-02-041-01	26-02-041	Заделка проходок инженерных коммуникаций	ОГНЕЗАЩИТА ПРОЧИХ КОНСТРУКЦИЙ	м3	Заделка кабельных, трубных проходок и проходок воздуховодов противопожарной терморасширяющейся двухкомпонентной пеной, предел огнестойкости до 120 минут
26-02-041-02	26-02-041	Заделка проходок инженерных коммуникаций	ОГНЕЗАЩИТА ПРОЧИХ КОНСТРУКЦИЙ	100 шт	Устройство герметичных кабельных проходок и герметичных трубных проходок с применением модульных систем уплотнения, предел огнестойкости до 120 минут